Starting final training on device=cuda, amp=True, physical_batch_size=32, accumulation_steps=1, effective_batch_size=32
Augmentation policy: sample-adaptive, from outputs/main1/augmentation_run/selected_policy.json
Classes: {'fetal_abdomen': 0, 'fetal_brain': 1, 'fetal_femur': 2, 'fetal_thorax': 3, 'maternal_cervix': 4, 'other': 5}
Regularization: weight_decay=7.0e-04 classifier_dropout=0.30 label_smoothing=0.10 drop_path=0.20
train epoch 1/200 batch 35/178 (20%) running_loss=1.7817
train epoch 1/200 batch 70/178 (39%) running_loss=1.7797
train epoch 1/200 batch 105/178 (59%) running_loss=1.7692
train epoch 1/200 batch 140/178 (79%) running_loss=1.7335
train epoch 1/200 batch 175/178 (98%) running_loss=1.7137
train epoch 1/200 batch 178/178 (100%) running_loss=1.7106
epoch 1/200 done: train_loss=1.7106 val_loss=1.4747 val_accuracy=0.4210 val_macro_f1=0.0988 val_macro_auc=0.7145 (checkpoint_metric=macro_auc) [new best]
train epoch 2/200 batch 35/178 (20%) running_loss=1.5899
train epoch 2/200 batch 70/178 (39%) running_loss=1.5612
train epoch 2/200 batch 105/178 (59%) running_loss=1.5551
train epoch 2/200 batch 140/178 (79%) running_loss=1.5404
train epoch 2/200 batch 175/178 (98%) running_loss=1.5149
train epoch 2/200 batch 178/178 (100%) running_loss=1.5132
epoch 2/200 done: train_loss=1.5132 val_loss=1.6944 val_accuracy=0.2315 val_macro_f1=0.1024 val_macro_auc=0.6708 (checkpoint_metric=macro_auc)
train epoch 3/200 batch 35/178 (20%) running_loss=1.4286
train epoch 3/200 batch 70/178 (39%) running_loss=1.4147
train epoch 3/200 batch 105/178 (59%) running_loss=1.3890
train epoch 3/200 batch 140/178 (79%) running_loss=1.3710
train epoch 3/200 batch 175/178 (98%) running_loss=1.3509
train epoch 3/200 batch 178/178 (100%) running_loss=1.3511
epoch 3/200 done: train_loss=1.3511 val_loss=1.4564 val_accuracy=0.4045 val_macro_f1=0.2508 val_macro_auc=0.7505 (checkpoint_metric=macro_auc)
train epoch 4/200 batch 35/178 (20%) running_loss=1.2338
train epoch 4/200 batch 70/178 (39%) running_loss=1.2448
train epoch 4/200 batch 105/178 (59%) running_loss=1.2354
train epoch 4/200 batch 140/178 (79%) running_loss=1.2315
train epoch 4/200 batch 175/178 (98%) running_loss=1.2248
train epoch 4/200 batch 178/178 (100%) running_loss=1.2250
epoch 4/200 done: train_loss=1.2250 val_loss=1.2885 val_accuracy=0.4876 val_macro_f1=0.3703 val_macro_auc=0.8246 (checkpoint_metric=macro_auc) [new best]
train epoch 5/200 batch 35/178 (20%) running_loss=1.1870
train epoch 5/200 batch 70/178 (39%) running_loss=1.1689
train epoch 5/200 batch 105/178 (59%) running_loss=1.1692
train epoch 5/200 batch 140/178 (79%) running_loss=1.1636
train epoch 5/200 batch 175/178 (98%) running_loss=1.1484
train epoch 5/200 batch 178/178 (100%) running_loss=1.1485
epoch 5/200 done: train_loss=1.1485 val_loss=1.4197 val_accuracy=0.4059 val_macro_f1=0.2562 val_macro_auc=0.8046 (checkpoint_metric=macro_auc) [new best]
train epoch 6/200 batch 35/178 (20%) running_loss=1.0843
train epoch 6/200 batch 70/178 (39%) running_loss=1.0890
train epoch 6/200 batch 105/178 (59%) running_loss=1.0963
train epoch 6/200 batch 140/178 (79%) running_loss=1.0935
train epoch 6/200 batch 175/178 (98%) running_loss=1.0987
train epoch 6/200 batch 178/178 (100%) running_loss=1.0979
epoch 6/200 done: train_loss=1.0979 val_loss=1.6185 val_accuracy=0.3365 val_macro_f1=0.1830 val_macro_auc=0.7498 (checkpoint_metric=macro_auc)
train epoch 7/200 batch 35/178 (20%) running_loss=1.0775
train epoch 7/200 batch 70/178 (39%) running_loss=1.0546
train epoch 7/200 batch 105/178 (59%) running_loss=1.0696
train epoch 7/200 batch 140/178 (79%) running_loss=1.0704
train epoch 7/200 batch 175/178 (98%) running_loss=1.0677
train epoch 7/200 batch 178/178 (100%) running_loss=1.0683
epoch 7/200 done: train_loss=1.0683 val_loss=0.8765 val_accuracy=0.6614 val_macro_f1=0.4983 val_macro_auc=0.9028 (checkpoint_metric=macro_auc) [new best]
train epoch 8/200 batch 35/178 (20%) running_loss=1.0470
train epoch 8/200 batch 70/178 (39%) running_loss=1.0498
train epoch 8/200 batch 105/178 (59%) running_loss=1.0508
train epoch 8/200 batch 140/178 (79%) running_loss=1.0433
train epoch 8/200 batch 175/178 (98%) running_loss=1.0341
train epoch 8/200 batch 178/178 (100%) running_loss=1.0332
epoch 8/200 done: train_loss=1.0332 val_loss=1.0050 val_accuracy=0.6195 val_macro_f1=0.4622 val_macro_auc=0.8951 (checkpoint_metric=macro_auc) [new best]
train epoch 9/200 batch 35/178 (20%) running_loss=0.9992
train epoch 9/200 batch 70/178 (39%) running_loss=1.0063
train epoch 9/200 batch 105/178 (59%) running_loss=1.0012
train epoch 9/200 batch 140/178 (79%) running_loss=1.0140
train epoch 9/200 batch 175/178 (98%) running_loss=1.0134
train epoch 9/200 batch 178/178 (100%) running_loss=1.0154
epoch 9/200 done: train_loss=1.0154 val_loss=0.9704 val_accuracy=0.6298 val_macro_f1=0.4939 val_macro_auc=0.8919 (checkpoint_metric=macro_auc) [new best]
train epoch 10/200 batch 35/178 (20%) running_loss=0.9903
train epoch 10/200 batch 70/178 (39%) running_loss=0.9998
train epoch 10/200 batch 105/178 (59%) running_loss=0.9938
train epoch 10/200 batch 140/178 (79%) running_loss=0.9867
train epoch 10/200 batch 175/178 (98%) running_loss=0.9863
train epoch 10/200 batch 178/178 (100%) running_loss=0.9854
epoch 10/200 done: train_loss=0.9854 val_loss=1.0396 val_accuracy=0.5989 val_macro_f1=0.4308 val_macro_auc=0.8678 (checkpoint_metric=macro_auc)
train epoch 11/200 batch 35/178 (20%) running_loss=0.9880
train epoch 11/200 batch 70/178 (39%) running_loss=0.9763
train epoch 11/200 batch 105/178 (59%) running_loss=0.9719
train epoch 11/200 batch 140/178 (79%) running_loss=0.9634
train epoch 11/200 batch 175/178 (98%) running_loss=0.9613
train epoch 11/200 batch 178/178 (100%) running_loss=0.9643
epoch 11/200 done: train_loss=0.9643 val_loss=0.7803 val_accuracy=0.7157 val_macro_f1=0.5736 val_macro_auc=0.9272 (checkpoint_metric=macro_auc)
train epoch 12/200 batch 35/178 (20%) running_loss=0.9643
train epoch 12/200 batch 70/178 (39%) running_loss=0.9515
train epoch 12/200 batch 105/178 (59%) running_loss=0.9354
train epoch 12/200 batch 140/178 (79%) running_loss=0.9428
train epoch 12/200 batch 175/178 (98%) running_loss=0.9447
train epoch 12/200 batch 178/178 (100%) running_loss=0.9463
epoch 12/200 done: train_loss=0.9463 val_loss=1.3517 val_accuracy=0.4842 val_macro_f1=0.3036 val_macro_auc=0.8212 (checkpoint_metric=macro_auc)
train epoch 13/200 batch 35/178 (20%) running_loss=0.9454
train epoch 13/200 batch 70/178 (39%) running_loss=0.9293
train epoch 13/200 batch 105/178 (59%) running_loss=0.9359
train epoch 13/200 batch 140/178 (79%) running_loss=0.9369
train epoch 13/200 batch 175/178 (98%) running_loss=0.9379
train epoch 13/200 batch 178/178 (100%) running_loss=0.9388
epoch 13/200 done: train_loss=0.9388 val_loss=1.1162 val_accuracy=0.5810 val_macro_f1=0.4601 val_macro_auc=0.8731 (checkpoint_metric=macro_auc)
train epoch 14/200 batch 35/178 (20%) running_loss=0.9220
train epoch 14/200 batch 70/178 (39%) running_loss=0.9370
train epoch 14/200 batch 105/178 (59%) running_loss=0.9248
train epoch 14/200 batch 140/178 (79%) running_loss=0.9249
train epoch 14/200 batch 175/178 (98%) running_loss=0.9252
train epoch 14/200 batch 178/178 (100%) running_loss=0.9256
epoch 14/200 done: train_loss=0.9256 val_loss=0.6683 val_accuracy=0.7644 val_macro_f1=0.6343 val_macro_auc=0.9495 (checkpoint_metric=macro_auc)
train epoch 15/200 batch 35/178 (20%) running_loss=0.8862
train epoch 15/200 batch 70/178 (39%) running_loss=0.8653
train epoch 15/200 batch 105/178 (59%) running_loss=0.8868
train epoch 15/200 batch 140/178 (79%) running_loss=0.8914
train epoch 15/200 batch 175/178 (98%) running_loss=0.8961
train epoch 15/200 batch 178/178 (100%) running_loss=0.8965
epoch 15/200 done: train_loss=0.8965 val_loss=0.6512 val_accuracy=0.7569 val_macro_f1=0.6176 val_macro_auc=0.9466 (checkpoint_metric=macro_auc) [new best]
train epoch 16/200 batch 35/178 (20%) running_loss=0.8924
train epoch 16/200 batch 70/178 (39%) running_loss=0.8852
train epoch 16/200 batch 105/178 (59%) running_loss=0.8842
train epoch 16/200 batch 140/178 (79%) running_loss=0.8844
train epoch 16/200 batch 175/178 (98%) running_loss=0.8860
train epoch 16/200 batch 178/178 (100%) running_loss=0.8851
epoch 16/200 done: train_loss=0.8851 val_loss=0.7412 val_accuracy=0.7479 val_macro_f1=0.6406 val_macro_auc=0.9453 (checkpoint_metric=macro_auc) [new best]
train epoch 17/200 batch 35/178 (20%) running_loss=0.9087
train epoch 17/200 batch 70/178 (39%) running_loss=0.9165
train epoch 17/200 batch 105/178 (59%) running_loss=0.8966
train epoch 17/200 batch 140/178 (79%) running_loss=0.8868
train epoch 17/200 batch 175/178 (98%) running_loss=0.8795
train epoch 17/200 batch 178/178 (100%) running_loss=0.8802
epoch 17/200 done: train_loss=0.8802 val_loss=0.8253 val_accuracy=0.7095 val_macro_f1=0.5547 val_macro_auc=0.9194 (checkpoint_metric=macro_auc)
train epoch 18/200 batch 35/178 (20%) running_loss=0.8871
train epoch 18/200 batch 70/178 (39%) running_loss=0.8904
train epoch 18/200 batch 105/178 (59%) running_loss=0.8734
train epoch 18/200 batch 140/178 (79%) running_loss=0.8752
train epoch 18/200 batch 175/178 (98%) running_loss=0.8839
train epoch 18/200 batch 178/178 (100%) running_loss=0.8854
epoch 18/200 done: train_loss=0.8854 val_loss=0.5381 val_accuracy=0.8242 val_macro_f1=0.7350 val_macro_auc=0.9676 (checkpoint_metric=macro_auc)
train epoch 19/200 batch 35/178 (20%) running_loss=0.8594
train epoch 19/200 batch 70/178 (39%) running_loss=0.8687
train epoch 19/200 batch 105/178 (59%) running_loss=0.8646
train epoch 19/200 batch 140/178 (79%) running_loss=0.8636
train epoch 19/200 batch 175/178 (98%) running_loss=0.8643
train epoch 19/200 batch 178/178 (100%) running_loss=0.8653
epoch 19/200 done: train_loss=0.8653 val_loss=0.6635 val_accuracy=0.7624 val_macro_f1=0.6134 val_macro_auc=0.9452 (checkpoint_metric=macro_auc)
train epoch 20/200 batch 35/178 (20%) running_loss=0.8986
train epoch 20/200 batch 70/178 (39%) running_loss=0.8923
train epoch 20/200 batch 105/178 (59%) running_loss=0.8693
train epoch 20/200 batch 140/178 (79%) running_loss=0.8625
train epoch 20/200 batch 175/178 (98%) running_loss=0.8576
train epoch 20/200 batch 178/178 (100%) running_loss=0.8560
epoch 20/200 done: train_loss=0.8560 val_loss=0.7046 val_accuracy=0.7404 val_macro_f1=0.5560 val_macro_auc=0.9425 (checkpoint_metric=macro_auc) [new best]
train epoch 21/200 batch 35/178 (20%) running_loss=0.8718
train epoch 21/200 batch 70/178 (39%) running_loss=0.8538
train epoch 21/200 batch 105/178 (59%) running_loss=0.8483
train epoch 21/200 batch 140/178 (79%) running_loss=0.8481
train epoch 21/200 batch 175/178 (98%) running_loss=0.8434
train epoch 21/200 batch 178/178 (100%) running_loss=0.8429
epoch 21/200 done: train_loss=0.8429 val_loss=0.5415 val_accuracy=0.8228 val_macro_f1=0.7561 val_macro_auc=0.9636 (checkpoint_metric=macro_auc)
train epoch 22/200 batch 35/178 (20%) running_loss=0.8759
train epoch 22/200 batch 70/178 (39%) running_loss=0.8584
train epoch 22/200 batch 105/178 (59%) running_loss=0.8474
train epoch 22/200 batch 140/178 (79%) running_loss=0.8440
train epoch 22/200 batch 175/178 (98%) running_loss=0.8374
train epoch 22/200 batch 178/178 (100%) running_loss=0.8366
epoch 22/200 done: train_loss=0.8366 val_loss=0.7697 val_accuracy=0.7232 val_macro_f1=0.6017 val_macro_auc=0.9428 (checkpoint_metric=macro_auc)
train epoch 23/200 batch 35/178 (20%) running_loss=0.8202
train epoch 23/200 batch 70/178 (39%) running_loss=0.8326
train epoch 23/200 batch 105/178 (59%) running_loss=0.8244
train epoch 23/200 batch 140/178 (79%) running_loss=0.8286
train epoch 23/200 batch 175/178 (98%) running_loss=0.8242
train epoch 23/200 batch 178/178 (100%) running_loss=0.8244
epoch 23/200 done: train_loss=0.8244 val_loss=0.6369 val_accuracy=0.7795 val_macro_f1=0.7247 val_macro_auc=0.9599 (checkpoint_metric=macro_auc) [new best]
train epoch 24/200 batch 35/178 (20%) running_loss=0.8335
train epoch 24/200 batch 70/178 (39%) running_loss=0.8211
train epoch 24/200 batch 105/178 (59%) running_loss=0.8242
train epoch 24/200 batch 140/178 (79%) running_loss=0.8315
train epoch 24/200 batch 175/178 (98%) running_loss=0.8311
train epoch 24/200 batch 178/178 (100%) running_loss=0.8300
epoch 24/200 done: train_loss=0.8300 val_loss=0.6027 val_accuracy=0.7912 val_macro_f1=0.7224 val_macro_auc=0.9660 (checkpoint_metric=macro_auc) [new best]
train epoch 25/200 batch 35/178 (20%) running_loss=0.8353
train epoch 25/200 batch 70/178 (39%) running_loss=0.8255
train epoch 25/200 batch 105/178 (59%) running_loss=0.8300
train epoch 25/200 batch 140/178 (79%) running_loss=0.8213
train epoch 25/200 batch 175/178 (98%) running_loss=0.8185
train epoch 25/200 batch 178/178 (100%) running_loss=0.8184
epoch 25/200 done: train_loss=0.8184 val_loss=0.4961 val_accuracy=0.8352 val_macro_f1=0.7623 val_macro_auc=0.9716 (checkpoint_metric=macro_auc) [new best]
train epoch 26/200 batch 35/178 (20%) running_loss=0.8072
train epoch 26/200 batch 70/178 (39%) running_loss=0.8045
train epoch 26/200 batch 105/178 (59%) running_loss=0.8070
train epoch 26/200 batch 140/178 (79%) running_loss=0.8072
train epoch 26/200 batch 175/178 (98%) running_loss=0.8037
train epoch 26/200 batch 178/178 (100%) running_loss=0.8034
epoch 26/200 done: train_loss=0.8034 val_loss=0.4914 val_accuracy=0.8269 val_macro_f1=0.7371 val_macro_auc=0.9741 (checkpoint_metric=macro_auc) [new best]
train epoch 27/200 batch 35/178 (20%) running_loss=0.7976
train epoch 27/200 batch 70/178 (39%) running_loss=0.8038
train epoch 27/200 batch 105/178 (59%) running_loss=0.8039
train epoch 27/200 batch 140/178 (79%) running_loss=0.8046
train epoch 27/200 batch 175/178 (98%) running_loss=0.8037
train epoch 27/200 batch 178/178 (100%) running_loss=0.8037
epoch 27/200 done: train_loss=0.8037 val_loss=0.6314 val_accuracy=0.7775 val_macro_f1=0.7127 val_macro_auc=0.9668 (checkpoint_metric=macro_auc) [new best]
train epoch 28/200 batch 35/178 (20%) running_loss=0.7760
train epoch 28/200 batch 70/178 (39%) running_loss=0.7783
train epoch 28/200 batch 105/178 (59%) running_loss=0.7802
train epoch 28/200 batch 140/178 (79%) running_loss=0.7814
train epoch 28/200 batch 175/178 (98%) running_loss=0.7833
train epoch 28/200 batch 178/178 (100%) running_loss=0.7830
epoch 28/200 done: train_loss=0.7830 val_loss=0.5755 val_accuracy=0.8098 val_macro_f1=0.7162 val_macro_auc=0.9734 (checkpoint_metric=macro_auc) [new best]
train epoch 29/200 batch 35/178 (20%) running_loss=0.7531
train epoch 29/200 batch 70/178 (39%) running_loss=0.7638
train epoch 29/200 batch 105/178 (59%) running_loss=0.7635
train epoch 29/200 batch 140/178 (79%) running_loss=0.7656
train epoch 29/200 batch 175/178 (98%) running_loss=0.7773
train epoch 29/200 batch 178/178 (100%) running_loss=0.7785
epoch 29/200 done: train_loss=0.7785 val_loss=0.6086 val_accuracy=0.8084 val_macro_f1=0.7173 val_macro_auc=0.9673 (checkpoint_metric=macro_auc)
train epoch 30/200 batch 35/178 (20%) running_loss=0.8099
train epoch 30/200 batch 70/178 (39%) running_loss=0.7967
train epoch 30/200 batch 105/178 (59%) running_loss=0.7940
train epoch 30/200 batch 140/178 (79%) running_loss=0.7922
train epoch 30/200 batch 175/178 (98%) running_loss=0.7864
train epoch 30/200 batch 178/178 (100%) running_loss=0.7860
epoch 30/200 done: train_loss=0.7860 val_loss=0.4376 val_accuracy=0.8709 val_macro_f1=0.8299 val_macro_auc=0.9818 (checkpoint_metric=macro_auc) [new best]
train epoch 31/200 batch 35/178 (20%) running_loss=0.7705
train epoch 31/200 batch 70/178 (39%) running_loss=0.7708
train epoch 31/200 batch 105/178 (59%) running_loss=0.7659
train epoch 31/200 batch 140/178 (79%) running_loss=0.7668
train epoch 31/200 batch 175/178 (98%) running_loss=0.7700
train epoch 31/200 batch 178/178 (100%) running_loss=0.7691
epoch 31/200 done: train_loss=0.7691 val_loss=0.5088 val_accuracy=0.8290 val_macro_f1=0.7830 val_macro_auc=0.9757 (checkpoint_metric=macro_auc) [new best]
train epoch 32/200 batch 35/178 (20%) running_loss=0.7448
train epoch 32/200 batch 70/178 (39%) running_loss=0.7496
train epoch 32/200 batch 105/178 (59%) running_loss=0.7542
train epoch 32/200 batch 140/178 (79%) running_loss=0.7479
train epoch 32/200 batch 175/178 (98%) running_loss=0.7420
train epoch 32/200 batch 178/178 (100%) running_loss=0.7411
epoch 32/200 done: train_loss=0.7411 val_loss=0.6062 val_accuracy=0.8118 val_macro_f1=0.7668 val_macro_auc=0.9683 (checkpoint_metric=macro_auc) [new best]
train epoch 33/200 batch 35/178 (20%) running_loss=0.7532
train epoch 33/200 batch 70/178 (39%) running_loss=0.7565
train epoch 33/200 batch 105/178 (59%) running_loss=0.7533
train epoch 33/200 batch 140/178 (79%) running_loss=0.7476
train epoch 33/200 batch 175/178 (98%) running_loss=0.7469
train epoch 33/200 batch 178/178 (100%) running_loss=0.7473
epoch 33/200 done: train_loss=0.7473 val_loss=0.4614 val_accuracy=0.8640 val_macro_f1=0.8382 val_macro_auc=0.9821 (checkpoint_metric=macro_auc) [new best]
train epoch 34/200 batch 35/178 (20%) running_loss=0.7588
train epoch 34/200 batch 70/178 (39%) running_loss=0.7339
train epoch 34/200 batch 105/178 (59%) running_loss=0.7318
train epoch 34/200 batch 140/178 (79%) running_loss=0.7340
train epoch 34/200 batch 175/178 (98%) running_loss=0.7324
train epoch 34/200 batch 178/178 (100%) running_loss=0.7333
epoch 34/200 done: train_loss=0.7333 val_loss=0.5079 val_accuracy=0.8551 val_macro_f1=0.8200 val_macro_auc=0.9798 (checkpoint_metric=macro_auc) [new best]
train epoch 35/200 batch 35/178 (20%) running_loss=0.7015
train epoch 35/200 batch 70/178 (39%) running_loss=0.7252
train epoch 35/200 batch 105/178 (59%) running_loss=0.7374
train epoch 35/200 batch 140/178 (79%) running_loss=0.7347
train epoch 35/200 batch 175/178 (98%) running_loss=0.7307
train epoch 35/200 batch 178/178 (100%) running_loss=0.7307
epoch 35/200 done: train_loss=0.7307 val_loss=0.4616 val_accuracy=0.8448 val_macro_f1=0.7835 val_macro_auc=0.9758 (checkpoint_metric=macro_auc) [new best]
train epoch 36/200 batch 35/178 (20%) running_loss=0.6865
train epoch 36/200 batch 70/178 (39%) running_loss=0.7101
train epoch 36/200 batch 105/178 (59%) running_loss=0.7189
train epoch 36/200 batch 140/178 (79%) running_loss=0.7293
train epoch 36/200 batch 175/178 (98%) running_loss=0.7251
train epoch 36/200 batch 178/178 (100%) running_loss=0.7249
epoch 36/200 done: train_loss=0.7249 val_loss=0.5281 val_accuracy=0.8413 val_macro_f1=0.8127 val_macro_auc=0.9771 (checkpoint_metric=macro_auc)
train epoch 37/200 batch 35/178 (20%) running_loss=0.7485
train epoch 37/200 batch 70/178 (39%) running_loss=0.7358
train epoch 37/200 batch 105/178 (59%) running_loss=0.7375
train epoch 37/200 batch 140/178 (79%) running_loss=0.7302
train epoch 37/200 batch 175/178 (98%) running_loss=0.7389
train epoch 37/200 batch 178/178 (100%) running_loss=0.7381
epoch 37/200 done: train_loss=0.7381 val_loss=0.4121 val_accuracy=0.8688 val_macro_f1=0.8382 val_macro_auc=0.9807 (checkpoint_metric=macro_auc)
train epoch 38/200 batch 35/178 (20%) running_loss=0.7296
train epoch 38/200 batch 70/178 (39%) running_loss=0.7285
train epoch 38/200 batch 105/178 (59%) running_loss=0.7268
train epoch 38/200 batch 140/178 (79%) running_loss=0.7265
train epoch 38/200 batch 175/178 (98%) running_loss=0.7227
train epoch 38/200 batch 178/178 (100%) running_loss=0.7228
epoch 38/200 done: train_loss=0.7228 val_loss=0.5052 val_accuracy=0.8359 val_macro_f1=0.7972 val_macro_auc=0.9822 (checkpoint_metric=macro_auc) [new best]
train epoch 39/200 batch 35/178 (20%) running_loss=0.6942
train epoch 39/200 batch 70/178 (39%) running_loss=0.7026
train epoch 39/200 batch 105/178 (59%) running_loss=0.7089
train epoch 39/200 batch 140/178 (79%) running_loss=0.7141
train epoch 39/200 batch 175/178 (98%) running_loss=0.7172
train epoch 39/200 batch 178/178 (100%) running_loss=0.7148
epoch 39/200 done: train_loss=0.7148 val_loss=0.3920 val_accuracy=0.8832 val_macro_f1=0.8490 val_macro_auc=0.9858 (checkpoint_metric=macro_auc) [new best]
train epoch 40/200 batch 35/178 (20%) running_loss=0.6805
train epoch 40/200 batch 70/178 (39%) running_loss=0.7075
train epoch 40/200 batch 105/178 (59%) running_loss=0.6962
train epoch 40/200 batch 140/178 (79%) running_loss=0.6981
train epoch 40/200 batch 175/178 (98%) running_loss=0.7051
train epoch 40/200 batch 178/178 (100%) running_loss=0.7071
epoch 40/200 done: train_loss=0.7071 val_loss=0.3741 val_accuracy=0.9011 val_macro_f1=0.8649 val_macro_auc=0.9862 (checkpoint_metric=macro_auc) [new best]
train epoch 41/200 batch 35/178 (20%) running_loss=0.7395
train epoch 41/200 batch 70/178 (39%) running_loss=0.7291
train epoch 41/200 batch 105/178 (59%) running_loss=0.7158
train epoch 41/200 batch 140/178 (79%) running_loss=0.7094
train epoch 41/200 batch 175/178 (98%) running_loss=0.7074
train epoch 41/200 batch 178/178 (100%) running_loss=0.7076
epoch 41/200 done: train_loss=0.7076 val_loss=0.3284 val_accuracy=0.9073 val_macro_f1=0.8967 val_macro_auc=0.9887 (checkpoint_metric=macro_auc) [new best]
train epoch 42/200 batch 35/178 (20%) running_loss=0.7139
train epoch 42/200 batch 70/178 (39%) running_loss=0.6967
train epoch 42/200 batch 105/178 (59%) running_loss=0.6969
train epoch 42/200 batch 140/178 (79%) running_loss=0.6995
train epoch 42/200 batch 175/178 (98%) running_loss=0.6967
train epoch 42/200 batch 178/178 (100%) running_loss=0.6974
epoch 42/200 done: train_loss=0.6974 val_loss=0.3520 val_accuracy=0.9073 val_macro_f1=0.8946 val_macro_auc=0.9872 (checkpoint_metric=macro_auc) [new best]
train epoch 43/200 batch 35/178 (20%) running_loss=0.7055
train epoch 43/200 batch 70/178 (39%) running_loss=0.7068
train epoch 43/200 batch 105/178 (59%) running_loss=0.7100
train epoch 43/200 batch 140/178 (79%) running_loss=0.7084
train epoch 43/200 batch 175/178 (98%) running_loss=0.7055
train epoch 43/200 batch 178/178 (100%) running_loss=0.7075
epoch 43/200 done: train_loss=0.7075 val_loss=0.3760 val_accuracy=0.9018 val_macro_f1=0.8804 val_macro_auc=0.9845 (checkpoint_metric=macro_auc)
train epoch 44/200 batch 35/178 (20%) running_loss=0.7013
train epoch 44/200 batch 70/178 (39%) running_loss=0.7052
train epoch 44/200 batch 105/178 (59%) running_loss=0.6993
train epoch 44/200 batch 140/178 (79%) running_loss=0.6935
train epoch 44/200 batch 175/178 (98%) running_loss=0.6906
train epoch 44/200 batch 178/178 (100%) running_loss=0.6901
epoch 44/200 done: train_loss=0.6901 val_loss=0.4207 val_accuracy=0.8832 val_macro_f1=0.8659 val_macro_auc=0.9843 (checkpoint_metric=macro_auc)
train epoch 45/200 batch 35/178 (20%) running_loss=0.6952
train epoch 45/200 batch 70/178 (39%) running_loss=0.6971
train epoch 45/200 batch 105/178 (59%) running_loss=0.6974
train epoch 45/200 batch 140/178 (79%) running_loss=0.6910
train epoch 45/200 batch 175/178 (98%) running_loss=0.6938
train epoch 45/200 batch 178/178 (100%) running_loss=0.6935
epoch 45/200 done: train_loss=0.6935 val_loss=0.4208 val_accuracy=0.8654 val_macro_f1=0.7975 val_macro_auc=0.9774 (checkpoint_metric=macro_auc)
train epoch 46/200 batch 35/178 (20%) running_loss=0.6795
train epoch 46/200 batch 70/178 (39%) running_loss=0.6860
train epoch 46/200 batch 105/178 (59%) running_loss=0.6894
train epoch 46/200 batch 140/178 (79%) running_loss=0.6948
train epoch 46/200 batch 175/178 (98%) running_loss=0.6863
train epoch 46/200 batch 178/178 (100%) running_loss=0.6865
epoch 46/200 done: train_loss=0.6865 val_loss=0.4484 val_accuracy=0.8750 val_macro_f1=0.8342 val_macro_auc=0.9855 (checkpoint_metric=macro_auc)
train epoch 47/200 batch 35/178 (20%) running_loss=0.7064
train epoch 47/200 batch 70/178 (39%) running_loss=0.6961
train epoch 47/200 batch 105/178 (59%) running_loss=0.6979
train epoch 47/200 batch 140/178 (79%) running_loss=0.6956
train epoch 47/200 batch 175/178 (98%) running_loss=0.6918
train epoch 47/200 batch 178/178 (100%) running_loss=0.6909
epoch 47/200 done: train_loss=0.6909 val_loss=0.4205 val_accuracy=0.8819 val_macro_f1=0.8483 val_macro_auc=0.9853 (checkpoint_metric=macro_auc)
train epoch 48/200 batch 35/178 (20%) running_loss=0.6568
train epoch 48/200 batch 70/178 (39%) running_loss=0.6682
train epoch 48/200 batch 105/178 (59%) running_loss=0.6757
train epoch 48/200 batch 140/178 (79%) running_loss=0.6756
train epoch 48/200 batch 175/178 (98%) running_loss=0.6734
train epoch 48/200 batch 178/178 (100%) running_loss=0.6751
epoch 48/200 done: train_loss=0.6751 val_loss=0.4985 val_accuracy=0.8544 val_macro_f1=0.8185 val_macro_auc=0.9789 (checkpoint_metric=macro_auc)
train epoch 49/200 batch 35/178 (20%) running_loss=0.6877
train epoch 49/200 batch 70/178 (39%) running_loss=0.6930
train epoch 49/200 batch 105/178 (59%) running_loss=0.6902
train epoch 49/200 batch 140/178 (79%) running_loss=0.6887
train epoch 49/200 batch 175/178 (98%) running_loss=0.6793
train epoch 49/200 batch 178/178 (100%) running_loss=0.6788
epoch 49/200 done: train_loss=0.6788 val_loss=0.4540 val_accuracy=0.8729 val_macro_f1=0.8613 val_macro_auc=0.9830 (checkpoint_metric=macro_auc)
train epoch 50/200 batch 35/178 (20%) running_loss=0.6693
train epoch 50/200 batch 70/178 (39%) running_loss=0.6745
train epoch 50/200 batch 105/178 (59%) running_loss=0.6736
train epoch 50/200 batch 140/178 (79%) running_loss=0.6788
train epoch 50/200 batch 175/178 (98%) running_loss=0.6769
train epoch 50/200 batch 178/178 (100%) running_loss=0.6775
epoch 50/200 done: train_loss=0.6775 val_loss=0.3684 val_accuracy=0.9038 val_macro_f1=0.8818 val_macro_auc=0.9861 (checkpoint_metric=macro_auc)
train epoch 51/200 batch 35/178 (20%) running_loss=0.6767
train epoch 51/200 batch 70/178 (39%) running_loss=0.6880
train epoch 51/200 batch 105/178 (59%) running_loss=0.6857
train epoch 51/200 batch 140/178 (79%) running_loss=0.6819
train epoch 51/200 batch 175/178 (98%) running_loss=0.6820
train epoch 51/200 batch 178/178 (100%) running_loss=0.6812
epoch 51/200 done: train_loss=0.6812 val_loss=0.3357 val_accuracy=0.9052 val_macro_f1=0.8879 val_macro_auc=0.9883 (checkpoint_metric=macro_auc)
train epoch 52/200 batch 35/178 (20%) running_loss=0.6648
train epoch 52/200 batch 70/178 (39%) running_loss=0.6612
train epoch 52/200 batch 105/178 (59%) running_loss=0.6567
train epoch 52/200 batch 140/178 (79%) running_loss=0.6664
train epoch 52/200 batch 175/178 (98%) running_loss=0.6705
train epoch 52/200 batch 178/178 (100%) running_loss=0.6703
epoch 52/200 done: train_loss=0.6703 val_loss=0.3291 val_accuracy=0.9141 val_macro_f1=0.8947 val_macro_auc=0.9879 (checkpoint_metric=macro_auc) [new best]
train epoch 53/200 batch 35/178 (20%) running_loss=0.6645
train epoch 53/200 batch 70/178 (39%) running_loss=0.6592
train epoch 53/200 batch 105/178 (59%) running_loss=0.6629
train epoch 53/200 batch 140/178 (79%) running_loss=0.6678
train epoch 53/200 batch 175/178 (98%) running_loss=0.6675
train epoch 53/200 batch 178/178 (100%) running_loss=0.6668
epoch 53/200 done: train_loss=0.6668 val_loss=0.3534 val_accuracy=0.9121 val_macro_f1=0.8915 val_macro_auc=0.9876 (checkpoint_metric=macro_auc) [new best]
train epoch 54/200 batch 35/178 (20%) running_loss=0.6606
train epoch 54/200 batch 70/178 (39%) running_loss=0.6677
train epoch 54/200 batch 105/178 (59%) running_loss=0.6603
train epoch 54/200 batch 140/178 (79%) running_loss=0.6578
train epoch 54/200 batch 175/178 (98%) running_loss=0.6507
train epoch 54/200 batch 178/178 (100%) running_loss=0.6505
epoch 54/200 done: train_loss=0.6505 val_loss=0.3577 val_accuracy=0.9045 val_macro_f1=0.8860 val_macro_auc=0.9875 (checkpoint_metric=macro_auc)
train epoch 55/200 batch 35/178 (20%) running_loss=0.6478
train epoch 55/200 batch 70/178 (39%) running_loss=0.6395
train epoch 55/200 batch 105/178 (59%) running_loss=0.6506
train epoch 55/200 batch 140/178 (79%) running_loss=0.6585
train epoch 55/200 batch 175/178 (98%) running_loss=0.6586
train epoch 55/200 batch 178/178 (100%) running_loss=0.6584
epoch 55/200 done: train_loss=0.6584 val_loss=0.3592 val_accuracy=0.8970 val_macro_f1=0.8695 val_macro_auc=0.9880 (checkpoint_metric=macro_auc)
train epoch 56/200 batch 35/178 (20%) running_loss=0.6642
train epoch 56/200 batch 70/178 (39%) running_loss=0.6551
train epoch 56/200 batch 105/178 (59%) running_loss=0.6556
train epoch 56/200 batch 140/178 (79%) running_loss=0.6555
train epoch 56/200 batch 175/178 (98%) running_loss=0.6604
train epoch 56/200 batch 178/178 (100%) running_loss=0.6607
epoch 56/200 done: train_loss=0.6607 val_loss=0.3245 val_accuracy=0.9169 val_macro_f1=0.9062 val_macro_auc=0.9896 (checkpoint_metric=macro_auc) [new best]
train epoch 57/200 batch 35/178 (20%) running_loss=0.6684
train epoch 57/200 batch 70/178 (39%) running_loss=0.6609
train epoch 57/200 batch 105/178 (59%) running_loss=0.6541
train epoch 57/200 batch 140/178 (79%) running_loss=0.6546
train epoch 57/200 batch 175/178 (98%) running_loss=0.6576
train epoch 57/200 batch 178/178 (100%) running_loss=0.6585
epoch 57/200 done: train_loss=0.6585 val_loss=0.3525 val_accuracy=0.9128 val_macro_f1=0.9040 val_macro_auc=0.9883 (checkpoint_metric=macro_auc) [new best]
train epoch 58/200 batch 35/178 (20%) running_loss=0.6490
train epoch 58/200 batch 70/178 (39%) running_loss=0.6481
train epoch 58/200 batch 105/178 (59%) running_loss=0.6503
train epoch 58/200 batch 140/178 (79%) running_loss=0.6502
train epoch 58/200 batch 175/178 (98%) running_loss=0.6517
train epoch 58/200 batch 178/178 (100%) running_loss=0.6510
epoch 58/200 done: train_loss=0.6510 val_loss=0.3463 val_accuracy=0.9121 val_macro_f1=0.9043 val_macro_auc=0.9904 (checkpoint_metric=macro_auc) [new best]
train epoch 59/200 batch 35/178 (20%) running_loss=0.6683
train epoch 59/200 batch 70/178 (39%) running_loss=0.6534
train epoch 59/200 batch 105/178 (59%) running_loss=0.6447
train epoch 59/200 batch 140/178 (79%) running_loss=0.6440
train epoch 59/200 batch 175/178 (98%) running_loss=0.6445
train epoch 59/200 batch 178/178 (100%) running_loss=0.6436
epoch 59/200 done: train_loss=0.6436 val_loss=0.4067 val_accuracy=0.8839 val_macro_f1=0.8803 val_macro_auc=0.9880 (checkpoint_metric=macro_auc)
train epoch 60/200 batch 35/178 (20%) running_loss=0.6388
train epoch 60/200 batch 70/178 (39%) running_loss=0.6433
train epoch 60/200 batch 105/178 (59%) running_loss=0.6370
train epoch 60/200 batch 140/178 (79%) running_loss=0.6384
train epoch 60/200 batch 175/178 (98%) running_loss=0.6406
train epoch 60/200 batch 178/178 (100%) running_loss=0.6399
epoch 60/200 done: train_loss=0.6399 val_loss=0.3902 val_accuracy=0.8970 val_macro_f1=0.8535 val_macro_auc=0.9864 (checkpoint_metric=macro_auc)
train epoch 61/200 batch 35/178 (20%) running_loss=0.6470
train epoch 61/200 batch 70/178 (39%) running_loss=0.6491
train epoch 61/200 batch 105/178 (59%) running_loss=0.6509
train epoch 61/200 batch 140/178 (79%) running_loss=0.6500
train epoch 61/200 batch 175/178 (98%) running_loss=0.6536
train epoch 61/200 batch 178/178 (100%) running_loss=0.6542
epoch 61/200 done: train_loss=0.6542 val_loss=0.3852 val_accuracy=0.8977 val_macro_f1=0.8900 val_macro_auc=0.9883 (checkpoint_metric=macro_auc)
train epoch 62/200 batch 35/178 (20%) running_loss=0.6654
train epoch 62/200 batch 70/178 (39%) running_loss=0.6417
train epoch 62/200 batch 105/178 (59%) running_loss=0.6576
train epoch 62/200 batch 140/178 (79%) running_loss=0.6576
train epoch 62/200 batch 175/178 (98%) running_loss=0.6529
train epoch 62/200 batch 178/178 (100%) running_loss=0.6533
epoch 62/200 done: train_loss=0.6533 val_loss=0.3588 val_accuracy=0.8997 val_macro_f1=0.8703 val_macro_auc=0.9885 (checkpoint_metric=macro_auc)
train epoch 63/200 batch 35/178 (20%) running_loss=0.6483
train epoch 63/200 batch 70/178 (39%) running_loss=0.6412
train epoch 63/200 batch 105/178 (59%) running_loss=0.6448
train epoch 63/200 batch 140/178 (79%) running_loss=0.6461
train epoch 63/200 batch 175/178 (98%) running_loss=0.6449
train epoch 63/200 batch 178/178 (100%) running_loss=0.6458
epoch 63/200 done: train_loss=0.6458 val_loss=0.3749 val_accuracy=0.8956 val_macro_f1=0.8743 val_macro_auc=0.9903 (checkpoint_metric=macro_auc)
train epoch 64/200 batch 35/178 (20%) running_loss=0.6348
train epoch 64/200 batch 70/178 (39%) running_loss=0.6363
train epoch 64/200 batch 105/178 (59%) running_loss=0.6404
train epoch 64/200 batch 140/178 (79%) running_loss=0.6423
train epoch 64/200 batch 175/178 (98%) running_loss=0.6438
train epoch 64/200 batch 178/178 (100%) running_loss=0.6437
epoch 64/200 done: train_loss=0.6437 val_loss=0.3217 val_accuracy=0.9217 val_macro_f1=0.9022 val_macro_auc=0.9895 (checkpoint_metric=macro_auc) [new best]
train epoch 65/200 batch 35/178 (20%) running_loss=0.6243
train epoch 65/200 batch 70/178 (39%) running_loss=0.6352
train epoch 65/200 batch 105/178 (59%) running_loss=0.6391
train epoch 65/200 batch 140/178 (79%) running_loss=0.6408
train epoch 65/200 batch 175/178 (98%) running_loss=0.6425
train epoch 65/200 batch 178/178 (100%) running_loss=0.6434
epoch 65/200 done: train_loss=0.6434 val_loss=0.3413 val_accuracy=0.9334 val_macro_f1=0.9247 val_macro_auc=0.9904 (checkpoint_metric=macro_auc) [new best]
train epoch 66/200 batch 35/178 (20%) running_loss=0.6457
train epoch 66/200 batch 70/178 (39%) running_loss=0.6410
train epoch 66/200 batch 105/178 (59%) running_loss=0.6342
train epoch 66/200 batch 140/178 (79%) running_loss=0.6371
train epoch 66/200 batch 175/178 (98%) running_loss=0.6408
train epoch 66/200 batch 178/178 (100%) running_loss=0.6403
epoch 66/200 done: train_loss=0.6403 val_loss=0.2956 val_accuracy=0.9279 val_macro_f1=0.9091 val_macro_auc=0.9881 (checkpoint_metric=macro_auc)
train epoch 67/200 batch 35/178 (20%) running_loss=0.6052
train epoch 67/200 batch 70/178 (39%) running_loss=0.6208
train epoch 67/200 batch 105/178 (59%) running_loss=0.6369
train epoch 67/200 batch 140/178 (79%) running_loss=0.6340
train epoch 67/200 batch 175/178 (98%) running_loss=0.6339
train epoch 67/200 batch 178/178 (100%) running_loss=0.6344
epoch 67/200 done: train_loss=0.6344 val_loss=0.3089 val_accuracy=0.9258 val_macro_f1=0.9134 val_macro_auc=0.9908 (checkpoint_metric=macro_auc)
train epoch 68/200 batch 35/178 (20%) running_loss=0.6126
train epoch 68/200 batch 70/178 (39%) running_loss=0.6172
train epoch 68/200 batch 105/178 (59%) running_loss=0.6292
train epoch 68/200 batch 140/178 (79%) running_loss=0.6254
train epoch 68/200 batch 175/178 (98%) running_loss=0.6321
train epoch 68/200 batch 178/178 (100%) running_loss=0.6316
epoch 68/200 done: train_loss=0.6316 val_loss=0.3612 val_accuracy=0.8942 val_macro_f1=0.8632 val_macro_auc=0.9865 (checkpoint_metric=macro_auc)
train epoch 69/200 batch 35/178 (20%) running_loss=0.6412
train epoch 69/200 batch 70/178 (39%) running_loss=0.6272
train epoch 69/200 batch 105/178 (59%) running_loss=0.6304
train epoch 69/200 batch 140/178 (79%) running_loss=0.6338
train epoch 69/200 batch 175/178 (98%) running_loss=0.6333
train epoch 69/200 batch 178/178 (100%) running_loss=0.6324
epoch 69/200 done: train_loss=0.6324 val_loss=0.3228 val_accuracy=0.9245 val_macro_f1=0.9184 val_macro_auc=0.9928 (checkpoint_metric=macro_auc)
train epoch 70/200 batch 35/178 (20%) running_loss=0.6524
train epoch 70/200 batch 70/178 (39%) running_loss=0.6411
train epoch 70/200 batch 105/178 (59%) running_loss=0.6431
train epoch 70/200 batch 140/178 (79%) running_loss=0.6355
train epoch 70/200 batch 175/178 (98%) running_loss=0.6357
train epoch 70/200 batch 178/178 (100%) running_loss=0.6359
epoch 70/200 done: train_loss=0.6359 val_loss=0.3650 val_accuracy=0.8990 val_macro_f1=0.8733 val_macro_auc=0.9892 (checkpoint_metric=macro_auc)
train epoch 71/200 batch 35/178 (20%) running_loss=0.6119
train epoch 71/200 batch 70/178 (39%) running_loss=0.6114
train epoch 71/200 batch 105/178 (59%) running_loss=0.6156
train epoch 71/200 batch 140/178 (79%) running_loss=0.6193
train epoch 71/200 batch 175/178 (98%) running_loss=0.6227
train epoch 71/200 batch 178/178 (100%) running_loss=0.6214
epoch 71/200 done: train_loss=0.6214 val_loss=0.3198 val_accuracy=0.9341 val_macro_f1=0.9239 val_macro_auc=0.9905 (checkpoint_metric=macro_auc) [new best]
train epoch 72/200 batch 35/178 (20%) running_loss=0.6297
train epoch 72/200 batch 70/178 (39%) running_loss=0.6345
train epoch 72/200 batch 105/178 (59%) running_loss=0.6308
train epoch 72/200 batch 140/178 (79%) running_loss=0.6304
train epoch 72/200 batch 175/178 (98%) running_loss=0.6280
train epoch 72/200 batch 178/178 (100%) running_loss=0.6280
epoch 72/200 done: train_loss=0.6280 val_loss=0.2915 val_accuracy=0.9396 val_macro_f1=0.9256 val_macro_auc=0.9927 (checkpoint_metric=macro_auc)
train epoch 73/200 batch 35/178 (20%) running_loss=0.6030
train epoch 73/200 batch 70/178 (39%) running_loss=0.6137
train epoch 73/200 batch 105/178 (59%) running_loss=0.6248
train epoch 73/200 batch 140/178 (79%) running_loss=0.6272
train epoch 73/200 batch 175/178 (98%) running_loss=0.6272
train epoch 73/200 batch 178/178 (100%) running_loss=0.6282
epoch 73/200 done: train_loss=0.6282 val_loss=0.3267 val_accuracy=0.9128 val_macro_f1=0.8866 val_macro_auc=0.9896 (checkpoint_metric=macro_auc) [new best]
train epoch 74/200 batch 35/178 (20%) running_loss=0.6028
train epoch 74/200 batch 70/178 (39%) running_loss=0.6183
train epoch 74/200 batch 105/178 (59%) running_loss=0.6200
train epoch 74/200 batch 140/178 (79%) running_loss=0.6200
train epoch 74/200 batch 175/178 (98%) running_loss=0.6256
train epoch 74/200 batch 178/178 (100%) running_loss=0.6266
epoch 74/200 done: train_loss=0.6266 val_loss=0.2973 val_accuracy=0.9334 val_macro_f1=0.9192 val_macro_auc=0.9918 (checkpoint_metric=macro_auc) [new best]
train epoch 75/200 batch 35/178 (20%) running_loss=0.6436
train epoch 75/200 batch 70/178 (39%) running_loss=0.6387
train epoch 75/200 batch 105/178 (59%) running_loss=0.6309
train epoch 75/200 batch 140/178 (79%) running_loss=0.6205
train epoch 75/200 batch 175/178 (98%) running_loss=0.6262
train epoch 75/200 batch 178/178 (100%) running_loss=0.6270
epoch 75/200 done: train_loss=0.6270 val_loss=0.3048 val_accuracy=0.9299 val_macro_f1=0.9157 val_macro_auc=0.9914 (checkpoint_metric=macro_auc)
train epoch 76/200 batch 35/178 (20%) running_loss=0.6072
train epoch 76/200 batch 70/178 (39%) running_loss=0.6225
train epoch 76/200 batch 105/178 (59%) running_loss=0.6341
train epoch 76/200 batch 140/178 (79%) running_loss=0.6307
train epoch 76/200 batch 175/178 (98%) running_loss=0.6273
train epoch 76/200 batch 178/178 (100%) running_loss=0.6263
epoch 76/200 done: train_loss=0.6263 val_loss=0.3817 val_accuracy=0.8977 val_macro_f1=0.8759 val_macro_auc=0.9894 (checkpoint_metric=macro_auc)
train epoch 77/200 batch 35/178 (20%) running_loss=0.6117
train epoch 77/200 batch 70/178 (39%) running_loss=0.6186
train epoch 77/200 batch 105/178 (59%) running_loss=0.6218
train epoch 77/200 batch 140/178 (79%) running_loss=0.6204
train epoch 77/200 batch 175/178 (98%) running_loss=0.6264
train epoch 77/200 batch 178/178 (100%) running_loss=0.6268
epoch 77/200 done: train_loss=0.6268 val_loss=0.3366 val_accuracy=0.9135 val_macro_f1=0.9026 val_macro_auc=0.9907 (checkpoint_metric=macro_auc)
train epoch 78/200 batch 35/178 (20%) running_loss=0.6128
train epoch 78/200 batch 70/178 (39%) running_loss=0.6173
train epoch 78/200 batch 105/178 (59%) running_loss=0.6147
train epoch 78/200 batch 140/178 (79%) running_loss=0.6176
train epoch 78/200 batch 175/178 (98%) running_loss=0.6216
train epoch 78/200 batch 178/178 (100%) running_loss=0.6227
epoch 78/200 done: train_loss=0.6227 val_loss=0.3476 val_accuracy=0.9045 val_macro_f1=0.8917 val_macro_auc=0.9896 (checkpoint_metric=macro_auc)
train epoch 79/200 batch 35/178 (20%) running_loss=0.6175
train epoch 79/200 batch 70/178 (39%) running_loss=0.6252
train epoch 79/200 batch 105/178 (59%) running_loss=0.6301
train epoch 79/200 batch 140/178 (79%) running_loss=0.6268
train epoch 79/200 batch 175/178 (98%) running_loss=0.6190
train epoch 79/200 batch 178/178 (100%) running_loss=0.6197
epoch 79/200 done: train_loss=0.6197 val_loss=0.3143 val_accuracy=0.9231 val_macro_f1=0.9157 val_macro_auc=0.9904 (checkpoint_metric=macro_auc)
train epoch 80/200 batch 35/178 (20%) running_loss=0.6054
train epoch 80/200 batch 70/178 (39%) running_loss=0.6066
train epoch 80/200 batch 105/178 (59%) running_loss=0.6157
train epoch 80/200 batch 140/178 (79%) running_loss=0.6167
train epoch 80/200 batch 175/178 (98%) running_loss=0.6206
train epoch 80/200 batch 178/178 (100%) running_loss=0.6215
epoch 80/200 done: train_loss=0.6215 val_loss=0.3417 val_accuracy=0.9087 val_macro_f1=0.8986 val_macro_auc=0.9909 (checkpoint_metric=macro_auc)
train epoch 81/200 batch 35/178 (20%) running_loss=0.6159
train epoch 81/200 batch 70/178 (39%) running_loss=0.6118
train epoch 81/200 batch 105/178 (59%) running_loss=0.6123
train epoch 81/200 batch 140/178 (79%) running_loss=0.6172
train epoch 81/200 batch 175/178 (98%) running_loss=0.6171
train epoch 81/200 batch 178/178 (100%) running_loss=0.6161
epoch 81/200 done: train_loss=0.6161 val_loss=0.3035 val_accuracy=0.9190 val_macro_f1=0.9038 val_macro_auc=0.9903 (checkpoint_metric=macro_auc)
train epoch 82/200 batch 35/178 (20%) running_loss=0.6119
train epoch 82/200 batch 70/178 (39%) running_loss=0.6118
train epoch 82/200 batch 105/178 (59%) running_loss=0.6153
train epoch 82/200 batch 140/178 (79%) running_loss=0.6240
train epoch 82/200 batch 175/178 (98%) running_loss=0.6161
train epoch 82/200 batch 178/178 (100%) running_loss=0.6155
epoch 82/200 done: train_loss=0.6155 val_loss=0.2836 val_accuracy=0.9251 val_macro_f1=0.9144 val_macro_auc=0.9907 (checkpoint_metric=macro_auc)
train epoch 83/200 batch 35/178 (20%) running_loss=0.6090
train epoch 83/200 batch 70/178 (39%) running_loss=0.5989
train epoch 83/200 batch 105/178 (59%) running_loss=0.6109
train epoch 83/200 batch 140/178 (79%) running_loss=0.6113
train epoch 83/200 batch 175/178 (98%) running_loss=0.6082
train epoch 83/200 batch 178/178 (100%) running_loss=0.6093
epoch 83/200 done: train_loss=0.6093 val_loss=0.2982 val_accuracy=0.9334 val_macro_f1=0.9234 val_macro_auc=0.9910 (checkpoint_metric=macro_auc)
train epoch 84/200 batch 35/178 (20%) running_loss=0.6063
train epoch 84/200 batch 70/178 (39%) running_loss=0.6025
train epoch 84/200 batch 105/178 (59%) running_loss=0.6109
train epoch 84/200 batch 140/178 (79%) running_loss=0.6124
train epoch 84/200 batch 175/178 (98%) running_loss=0.6118
train epoch 84/200 batch 178/178 (100%) running_loss=0.6127
epoch 84/200 done: train_loss=0.6127 val_loss=0.3579 val_accuracy=0.9038 val_macro_f1=0.8890 val_macro_auc=0.9887 (checkpoint_metric=macro_auc)
train epoch 85/200 batch 35/178 (20%) running_loss=0.6238
train epoch 85/200 batch 70/178 (39%) running_loss=0.6210
train epoch 85/200 batch 105/178 (59%) running_loss=0.6138
train epoch 85/200 batch 140/178 (79%) running_loss=0.6117
train epoch 85/200 batch 175/178 (98%) running_loss=0.6162
train epoch 85/200 batch 178/178 (100%) running_loss=0.6176
epoch 85/200 done: train_loss=0.6176 val_loss=0.2814 val_accuracy=0.9361 val_macro_f1=0.9256 val_macro_auc=0.9925 (checkpoint_metric=macro_auc)
train epoch 86/200 batch 35/178 (20%) running_loss=0.6155
train epoch 86/200 batch 70/178 (39%) running_loss=0.6162
train epoch 86/200 batch 105/178 (59%) running_loss=0.6161
train epoch 86/200 batch 140/178 (79%) running_loss=0.6127
train epoch 86/200 batch 175/178 (98%) running_loss=0.6092
train epoch 86/200 batch 178/178 (100%) running_loss=0.6084
epoch 86/200 done: train_loss=0.6084 val_loss=0.2798 val_accuracy=0.9251 val_macro_f1=0.9116 val_macro_auc=0.9931 (checkpoint_metric=macro_auc) [new best]
train epoch 87/200 batch 35/178 (20%) running_loss=0.6158
train epoch 87/200 batch 70/178 (39%) running_loss=0.6137
train epoch 87/200 batch 105/178 (59%) running_loss=0.6142
train epoch 87/200 batch 140/178 (79%) running_loss=0.6115
train epoch 87/200 batch 175/178 (98%) running_loss=0.6067
train epoch 87/200 batch 178/178 (100%) running_loss=0.6064
epoch 87/200 done: train_loss=0.6064 val_loss=0.2828 val_accuracy=0.9361 val_macro_f1=0.9247 val_macro_auc=0.9916 (checkpoint_metric=macro_auc) [new best]
train epoch 88/200 batch 35/178 (20%) running_loss=0.5970
train epoch 88/200 batch 70/178 (39%) running_loss=0.6065
train epoch 88/200 batch 105/178 (59%) running_loss=0.6056
train epoch 88/200 batch 140/178 (79%) running_loss=0.6026
train epoch 88/200 batch 175/178 (98%) running_loss=0.6047
train epoch 88/200 batch 178/178 (100%) running_loss=0.6050
epoch 88/200 done: train_loss=0.6050 val_loss=0.3398 val_accuracy=0.9004 val_macro_f1=0.8796 val_macro_auc=0.9872 (checkpoint_metric=macro_auc)
train epoch 89/200 batch 35/178 (20%) running_loss=0.6091
train epoch 89/200 batch 70/178 (39%) running_loss=0.6189
train epoch 89/200 batch 105/178 (59%) running_loss=0.6148
train epoch 89/200 batch 140/178 (79%) running_loss=0.6117
train epoch 89/200 batch 175/178 (98%) running_loss=0.6088
train epoch 89/200 batch 178/178 (100%) running_loss=0.6090
epoch 89/200 done: train_loss=0.6090 val_loss=0.2972 val_accuracy=0.9190 val_macro_f1=0.9088 val_macro_auc=0.9910 (checkpoint_metric=macro_auc)
train epoch 90/200 batch 35/178 (20%) running_loss=0.5688
train epoch 90/200 batch 70/178 (39%) running_loss=0.5837
train epoch 90/200 batch 105/178 (59%) running_loss=0.5900
train epoch 90/200 batch 140/178 (79%) running_loss=0.5893
train epoch 90/200 batch 175/178 (98%) running_loss=0.5952
train epoch 90/200 batch 178/178 (100%) running_loss=0.5949
epoch 90/200 done: train_loss=0.5949 val_loss=0.2763 val_accuracy=0.9416 val_macro_f1=0.9337 val_macro_auc=0.9915 (checkpoint_metric=macro_auc)
train epoch 91/200 batch 35/178 (20%) running_loss=0.5919
train epoch 91/200 batch 70/178 (39%) running_loss=0.5961
train epoch 91/200 batch 105/178 (59%) running_loss=0.5957
train epoch 91/200 batch 140/178 (79%) running_loss=0.5945
train epoch 91/200 batch 175/178 (98%) running_loss=0.5985
train epoch 91/200 batch 178/178 (100%) running_loss=0.5991
epoch 91/200 done: train_loss=0.5991 val_loss=0.2734 val_accuracy=0.9299 val_macro_f1=0.9219 val_macro_auc=0.9921 (checkpoint_metric=macro_auc)
train epoch 92/200 batch 35/178 (20%) running_loss=0.6134
train epoch 92/200 batch 70/178 (39%) running_loss=0.6008
train epoch 92/200 batch 105/178 (59%) running_loss=0.6000
train epoch 92/200 batch 140/178 (79%) running_loss=0.6080
train epoch 92/200 batch 175/178 (98%) running_loss=0.6037
train epoch 92/200 batch 178/178 (100%) running_loss=0.6041
epoch 92/200 done: train_loss=0.6041 val_loss=0.3016 val_accuracy=0.9183 val_macro_f1=0.8989 val_macro_auc=0.9911 (checkpoint_metric=macro_auc)
train epoch 93/200 batch 35/178 (20%) running_loss=0.5878
train epoch 93/200 batch 70/178 (39%) running_loss=0.6002
train epoch 93/200 batch 105/178 (59%) running_loss=0.5996
train epoch 93/200 batch 140/178 (79%) running_loss=0.5995
train epoch 93/200 batch 175/178 (98%) running_loss=0.6005
train epoch 93/200 batch 178/178 (100%) running_loss=0.5996
epoch 93/200 done: train_loss=0.5996 val_loss=0.2955 val_accuracy=0.9279 val_macro_f1=0.9083 val_macro_auc=0.9914 (checkpoint_metric=macro_auc)
train epoch 94/200 batch 35/178 (20%) running_loss=0.5888
train epoch 94/200 batch 70/178 (39%) running_loss=0.5960
train epoch 94/200 batch 105/178 (59%) running_loss=0.5893
train epoch 94/200 batch 140/178 (79%) running_loss=0.6028
train epoch 94/200 batch 175/178 (98%) running_loss=0.6026
train epoch 94/200 batch 178/178 (100%) running_loss=0.6024
epoch 94/200 done: train_loss=0.6024 val_loss=0.2729 val_accuracy=0.9313 val_macro_f1=0.9208 val_macro_auc=0.9920 (checkpoint_metric=macro_auc)
train epoch 95/200 batch 35/178 (20%) running_loss=0.6027
train epoch 95/200 batch 70/178 (39%) running_loss=0.5994
train epoch 95/200 batch 105/178 (59%) running_loss=0.6061
train epoch 95/200 batch 140/178 (79%) running_loss=0.6003
train epoch 95/200 batch 175/178 (98%) running_loss=0.6018
train epoch 95/200 batch 178/178 (100%) running_loss=0.6018
epoch 95/200 done: train_loss=0.6018 val_loss=0.2802 val_accuracy=0.9272 val_macro_f1=0.9153 val_macro_auc=0.9917 (checkpoint_metric=macro_auc)
train epoch 96/200 batch 35/178 (20%) running_loss=0.5833
train epoch 96/200 batch 70/178 (39%) running_loss=0.5981
train epoch 96/200 batch 105/178 (59%) running_loss=0.6043
train epoch 96/200 batch 140/178 (79%) running_loss=0.6002
train epoch 96/200 batch 175/178 (98%) running_loss=0.5933
train epoch 96/200 batch 178/178 (100%) running_loss=0.5938
epoch 96/200 done: train_loss=0.5938 val_loss=0.3134 val_accuracy=0.9224 val_macro_f1=0.9095 val_macro_auc=0.9895 (checkpoint_metric=macro_auc)
train epoch 97/200 batch 35/178 (20%) running_loss=0.5807
train epoch 97/200 batch 70/178 (39%) running_loss=0.5929
train epoch 97/200 batch 105/178 (59%) running_loss=0.6001
train epoch 97/200 batch 140/178 (79%) running_loss=0.6057
train epoch 97/200 batch 175/178 (98%) running_loss=0.6045
train epoch 97/200 batch 178/178 (100%) running_loss=0.6058
epoch 97/200 done: train_loss=0.6058 val_loss=0.2657 val_accuracy=0.9361 val_macro_f1=0.9265 val_macro_auc=0.9917 (checkpoint_metric=macro_auc)
train epoch 98/200 batch 35/178 (20%) running_loss=0.5909
train epoch 98/200 batch 70/178 (39%) running_loss=0.5939
train epoch 98/200 batch 105/178 (59%) running_loss=0.5918
train epoch 98/200 batch 140/178 (79%) running_loss=0.5849
train epoch 98/200 batch 175/178 (98%) running_loss=0.5874
train epoch 98/200 batch 178/178 (100%) running_loss=0.5878
epoch 98/200 done: train_loss=0.5878 val_loss=0.2969 val_accuracy=0.9306 val_macro_f1=0.9177 val_macro_auc=0.9911 (checkpoint_metric=macro_auc)
train epoch 99/200 batch 35/178 (20%) running_loss=0.5816
train epoch 99/200 batch 70/178 (39%) running_loss=0.5956
train epoch 99/200 batch 105/178 (59%) running_loss=0.5925
train epoch 99/200 batch 140/178 (79%) running_loss=0.5906
train epoch 99/200 batch 175/178 (98%) running_loss=0.5896
train epoch 99/200 batch 178/178 (100%) running_loss=0.5904
epoch 99/200 done: train_loss=0.5904 val_loss=0.2929 val_accuracy=0.9286 val_macro_f1=0.9120 val_macro_auc=0.9918 (checkpoint_metric=macro_auc)
train epoch 100/200 batch 35/178 (20%) running_loss=0.5718
train epoch 100/200 batch 70/178 (39%) running_loss=0.5766
train epoch 100/200 batch 105/178 (59%) running_loss=0.5826
train epoch 100/200 batch 140/178 (79%) running_loss=0.5852
train epoch 100/200 batch 175/178 (98%) running_loss=0.5895
train epoch 100/200 batch 178/178 (100%) running_loss=0.5898
epoch 100/200 done: train_loss=0.5898 val_loss=0.2961 val_accuracy=0.9286 val_macro_f1=0.9189 val_macro_auc=0.9914 (checkpoint_metric=macro_auc)
train epoch 101/200 batch 35/178 (20%) running_loss=0.6098
train epoch 101/200 batch 70/178 (39%) running_loss=0.6011
train epoch 101/200 batch 105/178 (59%) running_loss=0.5939
train epoch 101/200 batch 140/178 (79%) running_loss=0.5910
train epoch 101/200 batch 175/178 (98%) running_loss=0.5891
train epoch 101/200 batch 178/178 (100%) running_loss=0.5892
epoch 101/200 done: train_loss=0.5892 val_loss=0.2733 val_accuracy=0.9348 val_macro_f1=0.9241 val_macro_auc=0.9926 (checkpoint_metric=macro_auc)
train epoch 102/200 batch 35/178 (20%) running_loss=0.5983
train epoch 102/200 batch 70/178 (39%) running_loss=0.5967
train epoch 102/200 batch 105/178 (59%) running_loss=0.5875
train epoch 102/200 batch 140/178 (79%) running_loss=0.5853
train epoch 102/200 batch 175/178 (98%) running_loss=0.5853
train epoch 102/200 batch 178/178 (100%) running_loss=0.5854
epoch 102/200 done: train_loss=0.5854 val_loss=0.3061 val_accuracy=0.9320 val_macro_f1=0.9205 val_macro_auc=0.9914 (checkpoint_metric=macro_auc)
train epoch 103/200 batch 35/178 (20%) running_loss=0.5615
train epoch 103/200 batch 70/178 (39%) running_loss=0.5708
train epoch 103/200 batch 105/178 (59%) running_loss=0.5802
train epoch 103/200 batch 140/178 (79%) running_loss=0.5884
train epoch 103/200 batch 175/178 (98%) running_loss=0.5900
train epoch 103/200 batch 178/178 (100%) running_loss=0.5892
epoch 103/200 done: train_loss=0.5892 val_loss=0.2862 val_accuracy=0.9313 val_macro_f1=0.9184 val_macro_auc=0.9912 (checkpoint_metric=macro_auc)
train epoch 104/200 batch 35/178 (20%) running_loss=0.5720
train epoch 104/200 batch 70/178 (39%) running_loss=0.5851
train epoch 104/200 batch 105/178 (59%) running_loss=0.5901
train epoch 104/200 batch 140/178 (79%) running_loss=0.5913
train epoch 104/200 batch 175/178 (98%) running_loss=0.5929
train epoch 104/200 batch 178/178 (100%) running_loss=0.5920
epoch 104/200 done: train_loss=0.5920 val_loss=0.2757 val_accuracy=0.9368 val_macro_f1=0.9237 val_macro_auc=0.9933 (checkpoint_metric=macro_auc)
train epoch 105/200 batch 35/178 (20%) running_loss=0.5842
train epoch 105/200 batch 70/178 (39%) running_loss=0.5827
train epoch 105/200 batch 105/178 (59%) running_loss=0.5822
train epoch 105/200 batch 140/178 (79%) running_loss=0.5765
train epoch 105/200 batch 175/178 (98%) running_loss=0.5801
train epoch 105/200 batch 178/178 (100%) running_loss=0.5804
epoch 105/200 done: train_loss=0.5804 val_loss=0.2953 val_accuracy=0.9210 val_macro_f1=0.9002 val_macro_auc=0.9924 (checkpoint_metric=macro_auc)
train epoch 106/200 batch 35/178 (20%) running_loss=0.5759
train epoch 106/200 batch 70/178 (39%) running_loss=0.5755
train epoch 106/200 batch 105/178 (59%) running_loss=0.5729
train epoch 106/200 batch 140/178 (79%) running_loss=0.5759
train epoch 106/200 batch 175/178 (98%) running_loss=0.5766
train epoch 106/200 batch 178/178 (100%) running_loss=0.5768
epoch 106/200 done: train_loss=0.5768 val_loss=0.2993 val_accuracy=0.9272 val_macro_f1=0.9213 val_macro_auc=0.9920 (checkpoint_metric=macro_auc) [new best]
train epoch 107/200 batch 35/178 (20%) running_loss=0.5710
train epoch 107/200 batch 70/178 (39%) running_loss=0.5848
train epoch 107/200 batch 105/178 (59%) running_loss=0.5735
train epoch 107/200 batch 140/178 (79%) running_loss=0.5765
train epoch 107/200 batch 175/178 (98%) running_loss=0.5799
train epoch 107/200 batch 178/178 (100%) running_loss=0.5798
epoch 107/200 done: train_loss=0.5798 val_loss=0.2573 val_accuracy=0.9389 val_macro_f1=0.9289 val_macro_auc=0.9909 (checkpoint_metric=macro_auc)
train epoch 108/200 batch 35/178 (20%) running_loss=0.5673
train epoch 108/200 batch 70/178 (39%) running_loss=0.5759
train epoch 108/200 batch 105/178 (59%) running_loss=0.5801
train epoch 108/200 batch 140/178 (79%) running_loss=0.5835
train epoch 108/200 batch 175/178 (98%) running_loss=0.5804
train epoch 108/200 batch 178/178 (100%) running_loss=0.5803
epoch 108/200 done: train_loss=0.5803 val_loss=0.2505 val_accuracy=0.9402 val_macro_f1=0.9315 val_macro_auc=0.9932 (checkpoint_metric=macro_auc)
train epoch 109/200 batch 35/178 (20%) running_loss=0.5934
train epoch 109/200 batch 70/178 (39%) running_loss=0.5793
train epoch 109/200 batch 105/178 (59%) running_loss=0.5786
train epoch 109/200 batch 140/178 (79%) running_loss=0.5781
train epoch 109/200 batch 175/178 (98%) running_loss=0.5791
train epoch 109/200 batch 178/178 (100%) running_loss=0.5790
epoch 109/200 done: train_loss=0.5790 val_loss=0.2995 val_accuracy=0.9217 val_macro_f1=0.9072 val_macro_auc=0.9915 (checkpoint_metric=macro_auc)
train epoch 110/200 batch 35/178 (20%) running_loss=0.5813
train epoch 110/200 batch 70/178 (39%) running_loss=0.5775
train epoch 110/200 batch 105/178 (59%) running_loss=0.5804
train epoch 110/200 batch 140/178 (79%) running_loss=0.5821
train epoch 110/200 batch 175/178 (98%) running_loss=0.5808
train epoch 110/200 batch 178/178 (100%) running_loss=0.5801
epoch 110/200 done: train_loss=0.5801 val_loss=0.2574 val_accuracy=0.9437 val_macro_f1=0.9380 val_macro_auc=0.9924 (checkpoint_metric=macro_auc)
train epoch 111/200 batch 35/178 (20%) running_loss=0.5472
train epoch 111/200 batch 70/178 (39%) running_loss=0.5671
train epoch 111/200 batch 105/178 (59%) running_loss=0.5671
train epoch 111/200 batch 140/178 (79%) running_loss=0.5701
train epoch 111/200 batch 175/178 (98%) running_loss=0.5697
train epoch 111/200 batch 178/178 (100%) running_loss=0.5696
epoch 111/200 done: train_loss=0.5696 val_loss=0.2834 val_accuracy=0.9348 val_macro_f1=0.9270 val_macro_auc=0.9905 (checkpoint_metric=macro_auc)
train epoch 112/200 batch 35/178 (20%) running_loss=0.5814
train epoch 112/200 batch 70/178 (39%) running_loss=0.5661
train epoch 112/200 batch 105/178 (59%) running_loss=0.5650
train epoch 112/200 batch 140/178 (79%) running_loss=0.5678
train epoch 112/200 batch 175/178 (98%) running_loss=0.5721
train epoch 112/200 batch 178/178 (100%) running_loss=0.5730
epoch 112/200 done: train_loss=0.5730 val_loss=0.2734 val_accuracy=0.9279 val_macro_f1=0.9162 val_macro_auc=0.9907 (checkpoint_metric=macro_auc)
train epoch 113/200 batch 35/178 (20%) running_loss=0.5840
train epoch 113/200 batch 70/178 (39%) running_loss=0.5718
train epoch 113/200 batch 105/178 (59%) running_loss=0.5662
train epoch 113/200 batch 140/178 (79%) running_loss=0.5732
train epoch 113/200 batch 175/178 (98%) running_loss=0.5748
train epoch 113/200 batch 178/178 (100%) running_loss=0.5742
epoch 113/200 done: train_loss=0.5742 val_loss=0.3317 val_accuracy=0.9080 val_macro_f1=0.8941 val_macro_auc=0.9900 (checkpoint_metric=macro_auc)
train epoch 114/200 batch 35/178 (20%) running_loss=0.5650
train epoch 114/200 batch 70/178 (39%) running_loss=0.5712
train epoch 114/200 batch 105/178 (59%) running_loss=0.5715
train epoch 114/200 batch 140/178 (79%) running_loss=0.5716
train epoch 114/200 batch 175/178 (98%) running_loss=0.5728
train epoch 114/200 batch 178/178 (100%) running_loss=0.5738
epoch 114/200 done: train_loss=0.5738 val_loss=0.2963 val_accuracy=0.9306 val_macro_f1=0.9173 val_macro_auc=0.9900 (checkpoint_metric=macro_auc)
train epoch 115/200 batch 35/178 (20%) running_loss=0.5595
train epoch 115/200 batch 70/178 (39%) running_loss=0.5726
train epoch 115/200 batch 105/178 (59%) running_loss=0.5762
train epoch 115/200 batch 140/178 (79%) running_loss=0.5746
train epoch 115/200 batch 175/178 (98%) running_loss=0.5728
train epoch 115/200 batch 178/178 (100%) running_loss=0.5718
epoch 115/200 done: train_loss=0.5718 val_loss=0.2860 val_accuracy=0.9299 val_macro_f1=0.9107 val_macro_auc=0.9918 (checkpoint_metric=macro_auc)
train epoch 116/200 batch 35/178 (20%) running_loss=0.5555
train epoch 116/200 batch 70/178 (39%) running_loss=0.5630
train epoch 116/200 batch 105/178 (59%) running_loss=0.5661
train epoch 116/200 batch 140/178 (79%) running_loss=0.5648
train epoch 116/200 batch 175/178 (98%) running_loss=0.5662
train epoch 116/200 batch 178/178 (100%) running_loss=0.5664
epoch 116/200 done: train_loss=0.5664 val_loss=0.2868 val_accuracy=0.9258 val_macro_f1=0.9135 val_macro_auc=0.9923 (checkpoint_metric=macro_auc)
train epoch 117/200 batch 35/178 (20%) running_loss=0.5452
train epoch 117/200 batch 70/178 (39%) running_loss=0.5525
train epoch 117/200 batch 105/178 (59%) running_loss=0.5543
train epoch 117/200 batch 140/178 (79%) running_loss=0.5567
train epoch 117/200 batch 175/178 (98%) running_loss=0.5597
train epoch 117/200 batch 178/178 (100%) running_loss=0.5609
epoch 117/200 done: train_loss=0.5609 val_loss=0.2674 val_accuracy=0.9299 val_macro_f1=0.9183 val_macro_auc=0.9931 (checkpoint_metric=macro_auc)
train epoch 118/200 batch 35/178 (20%) running_loss=0.5704
train epoch 118/200 batch 70/178 (39%) running_loss=0.5606
train epoch 118/200 batch 105/178 (59%) running_loss=0.5602
train epoch 118/200 batch 140/178 (79%) running_loss=0.5583
train epoch 118/200 batch 175/178 (98%) running_loss=0.5560
train epoch 118/200 batch 178/178 (100%) running_loss=0.5571
epoch 118/200 done: train_loss=0.5571 val_loss=0.3573 val_accuracy=0.9059 val_macro_f1=0.8823 val_macro_auc=0.9898 (checkpoint_metric=macro_auc)
train epoch 119/200 batch 35/178 (20%) running_loss=0.5623
train epoch 119/200 batch 70/178 (39%) running_loss=0.5645
train epoch 119/200 batch 105/178 (59%) running_loss=0.5672
train epoch 119/200 batch 140/178 (79%) running_loss=0.5604
train epoch 119/200 batch 175/178 (98%) running_loss=0.5594
train epoch 119/200 batch 178/178 (100%) running_loss=0.5599
epoch 119/200 done: train_loss=0.5599 val_loss=0.2833 val_accuracy=0.9313 val_macro_f1=0.9177 val_macro_auc=0.9915 (checkpoint_metric=macro_auc)
train epoch 120/200 batch 35/178 (20%) running_loss=0.5500
train epoch 120/200 batch 70/178 (39%) running_loss=0.5534
train epoch 120/200 batch 105/178 (59%) running_loss=0.5571
train epoch 120/200 batch 140/178 (79%) running_loss=0.5593
train epoch 120/200 batch 175/178 (98%) running_loss=0.5584
train epoch 120/200 batch 178/178 (100%) running_loss=0.5579
epoch 120/200 done: train_loss=0.5579 val_loss=0.2937 val_accuracy=0.9313 val_macro_f1=0.9238 val_macro_auc=0.9917 (checkpoint_metric=macro_auc)
train epoch 121/200 batch 35/178 (20%) running_loss=0.5711
train epoch 121/200 batch 70/178 (39%) running_loss=0.5732
train epoch 121/200 batch 105/178 (59%) running_loss=0.5658
train epoch 121/200 batch 140/178 (79%) running_loss=0.5639
train epoch 121/200 batch 175/178 (98%) running_loss=0.5620
train epoch 121/200 batch 178/178 (100%) running_loss=0.5626
epoch 121/200 done: train_loss=0.5626 val_loss=0.3047 val_accuracy=0.9210 val_macro_f1=0.9063 val_macro_auc=0.9866 (checkpoint_metric=macro_auc)
train epoch 122/200 batch 35/178 (20%) running_loss=0.5712
train epoch 122/200 batch 70/178 (39%) running_loss=0.5768
train epoch 122/200 batch 105/178 (59%) running_loss=0.5671
train epoch 122/200 batch 140/178 (79%) running_loss=0.5658
train epoch 122/200 batch 175/178 (98%) running_loss=0.5638
train epoch 122/200 batch 178/178 (100%) running_loss=0.5635
epoch 122/200 done: train_loss=0.5635 val_loss=0.2640 val_accuracy=0.9341 val_macro_f1=0.9266 val_macro_auc=0.9930 (checkpoint_metric=macro_auc)
train epoch 123/200 batch 35/178 (20%) running_loss=0.5594
train epoch 123/200 batch 70/178 (39%) running_loss=0.5535
train epoch 123/200 batch 105/178 (59%) running_loss=0.5571
train epoch 123/200 batch 140/178 (79%) running_loss=0.5579
train epoch 123/200 batch 175/178 (98%) running_loss=0.5583
train epoch 123/200 batch 178/178 (100%) running_loss=0.5588
epoch 123/200 done: train_loss=0.5588 val_loss=0.2862 val_accuracy=0.9258 val_macro_f1=0.9065 val_macro_auc=0.9911 (checkpoint_metric=macro_auc)
train epoch 124/200 batch 35/178 (20%) running_loss=0.5624
train epoch 124/200 batch 70/178 (39%) running_loss=0.5555
train epoch 124/200 batch 105/178 (59%) running_loss=0.5572
train epoch 124/200 batch 140/178 (79%) running_loss=0.5591
train epoch 124/200 batch 175/178 (98%) running_loss=0.5562
train epoch 124/200 batch 178/178 (100%) running_loss=0.5566
epoch 124/200 done: train_loss=0.5566 val_loss=0.2731 val_accuracy=0.9348 val_macro_f1=0.9231 val_macro_auc=0.9922 (checkpoint_metric=macro_auc)
train epoch 125/200 batch 35/178 (20%) running_loss=0.5597
train epoch 125/200 batch 70/178 (39%) running_loss=0.5494
train epoch 125/200 batch 105/178 (59%) running_loss=0.5498
train epoch 125/200 batch 140/178 (79%) running_loss=0.5521
train epoch 125/200 batch 175/178 (98%) running_loss=0.5475
train epoch 125/200 batch 178/178 (100%) running_loss=0.5475
epoch 125/200 done: train_loss=0.5475 val_loss=0.2953 val_accuracy=0.9272 val_macro_f1=0.9084 val_macro_auc=0.9923 (checkpoint_metric=macro_auc)
train epoch 126/200 batch 35/178 (20%) running_loss=0.5498
train epoch 126/200 batch 70/178 (39%) running_loss=0.5492
train epoch 126/200 batch 105/178 (59%) running_loss=0.5479
train epoch 126/200 batch 140/178 (79%) running_loss=0.5503
train epoch 126/200 batch 175/178 (98%) running_loss=0.5503
train epoch 126/200 batch 178/178 (100%) running_loss=0.5496
epoch 126/200 done: train_loss=0.5496 val_loss=0.3400 val_accuracy=0.9073 val_macro_f1=0.8817 val_macro_auc=0.9899 (checkpoint_metric=macro_auc)
train epoch 127/200 batch 35/178 (20%) running_loss=0.5507
train epoch 127/200 batch 70/178 (39%) running_loss=0.5426
train epoch 127/200 batch 105/178 (59%) running_loss=0.5403
train epoch 127/200 batch 140/178 (79%) running_loss=0.5419
train epoch 127/200 batch 175/178 (98%) running_loss=0.5448
train epoch 127/200 batch 178/178 (100%) running_loss=0.5450
epoch 127/200 done: train_loss=0.5450 val_loss=0.2934 val_accuracy=0.9327 val_macro_f1=0.9179 val_macro_auc=0.9915 (checkpoint_metric=macro_auc)
train epoch 128/200 batch 35/178 (20%) running_loss=0.5292
train epoch 128/200 batch 70/178 (39%) running_loss=0.5397
train epoch 128/200 batch 105/178 (59%) running_loss=0.5483
train epoch 128/200 batch 140/178 (79%) running_loss=0.5454
train epoch 128/200 batch 175/178 (98%) running_loss=0.5440
train epoch 128/200 batch 178/178 (100%) running_loss=0.5436
epoch 128/200 done: train_loss=0.5436 val_loss=0.2784 val_accuracy=0.9341 val_macro_f1=0.9247 val_macro_auc=0.9932 (checkpoint_metric=macro_auc)
train epoch 129/200 batch 35/178 (20%) running_loss=0.5438
train epoch 129/200 batch 70/178 (39%) running_loss=0.5419
train epoch 129/200 batch 105/178 (59%) running_loss=0.5389
train epoch 129/200 batch 140/178 (79%) running_loss=0.5380
train epoch 129/200 batch 175/178 (98%) running_loss=0.5441
train epoch 129/200 batch 178/178 (100%) running_loss=0.5440
epoch 129/200 done: train_loss=0.5440 val_loss=0.2875 val_accuracy=0.9299 val_macro_f1=0.9122 val_macro_auc=0.9908 (checkpoint_metric=macro_auc)
train epoch 130/200 batch 35/178 (20%) running_loss=0.5680
train epoch 130/200 batch 70/178 (39%) running_loss=0.5479
train epoch 130/200 batch 105/178 (59%) running_loss=0.5464
train epoch 130/200 batch 140/178 (79%) running_loss=0.5500
train epoch 130/200 batch 175/178 (98%) running_loss=0.5531
train epoch 130/200 batch 178/178 (100%) running_loss=0.5531
epoch 130/200 done: train_loss=0.5531 val_loss=0.2589 val_accuracy=0.9402 val_macro_f1=0.9307 val_macro_auc=0.9935 (checkpoint_metric=macro_auc)
train epoch 131/200 batch 35/178 (20%) running_loss=0.5423
train epoch 131/200 batch 70/178 (39%) running_loss=0.5510
train epoch 131/200 batch 105/178 (59%) running_loss=0.5494
train epoch 131/200 batch 140/178 (79%) running_loss=0.5461
train epoch 131/200 batch 175/178 (98%) running_loss=0.5450
train epoch 131/200 batch 178/178 (100%) running_loss=0.5447
epoch 131/200 done: train_loss=0.5447 val_loss=0.2818 val_accuracy=0.9389 val_macro_f1=0.9290 val_macro_auc=0.9931 (checkpoint_metric=macro_auc)
train epoch 132/200 batch 35/178 (20%) running_loss=0.5269
train epoch 132/200 batch 70/178 (39%) running_loss=0.5325
train epoch 132/200 batch 105/178 (59%) running_loss=0.5301
train epoch 132/200 batch 140/178 (79%) running_loss=0.5358
train epoch 132/200 batch 175/178 (98%) running_loss=0.5372
train epoch 132/200 batch 178/178 (100%) running_loss=0.5375
epoch 132/200 done: train_loss=0.5375 val_loss=0.2867 val_accuracy=0.9361 val_macro_f1=0.9242 val_macro_auc=0.9920 (checkpoint_metric=macro_auc) [new best]
train epoch 133/200 batch 35/178 (20%) running_loss=0.5387
train epoch 133/200 batch 70/178 (39%) running_loss=0.5369
train epoch 133/200 batch 105/178 (59%) running_loss=0.5334
train epoch 133/200 batch 140/178 (79%) running_loss=0.5383
train epoch 133/200 batch 175/178 (98%) running_loss=0.5358
train epoch 133/200 batch 178/178 (100%) running_loss=0.5359
epoch 133/200 done: train_loss=0.5359 val_loss=0.2690 val_accuracy=0.9382 val_macro_f1=0.9263 val_macro_auc=0.9924 (checkpoint_metric=macro_auc)
train epoch 134/200 batch 35/178 (20%) running_loss=0.5416
train epoch 134/200 batch 70/178 (39%) running_loss=0.5338
train epoch 134/200 batch 105/178 (59%) running_loss=0.5454
train epoch 134/200 batch 140/178 (79%) running_loss=0.5431
train epoch 134/200 batch 175/178 (98%) running_loss=0.5449
train epoch 134/200 batch 178/178 (100%) running_loss=0.5446
epoch 134/200 done: train_loss=0.5446 val_loss=0.2546 val_accuracy=0.9423 val_macro_f1=0.9381 val_macro_auc=0.9928 (checkpoint_metric=macro_auc)
train epoch 135/200 batch 35/178 (20%) running_loss=0.5308
train epoch 135/200 batch 70/178 (39%) running_loss=0.5342
train epoch 135/200 batch 105/178 (59%) running_loss=0.5364
train epoch 135/200 batch 140/178 (79%) running_loss=0.5364
train epoch 135/200 batch 175/178 (98%) running_loss=0.5401
train epoch 135/200 batch 178/178 (100%) running_loss=0.5395
epoch 135/200 done: train_loss=0.5395 val_loss=0.2647 val_accuracy=0.9327 val_macro_f1=0.9205 val_macro_auc=0.9926 (checkpoint_metric=macro_auc)
train epoch 136/200 batch 35/178 (20%) running_loss=0.5457
train epoch 136/200 batch 70/178 (39%) running_loss=0.5432
train epoch 136/200 batch 105/178 (59%) running_loss=0.5389
train epoch 136/200 batch 140/178 (79%) running_loss=0.5375
train epoch 136/200 batch 175/178 (98%) running_loss=0.5404
train epoch 136/200 batch 178/178 (100%) running_loss=0.5403
epoch 136/200 done: train_loss=0.5403 val_loss=0.2562 val_accuracy=0.9402 val_macro_f1=0.9362 val_macro_auc=0.9928 (checkpoint_metric=macro_auc)
train epoch 137/200 batch 35/178 (20%) running_loss=0.5227
train epoch 137/200 batch 70/178 (39%) running_loss=0.5295
train epoch 137/200 batch 105/178 (59%) running_loss=0.5331
train epoch 137/200 batch 140/178 (79%) running_loss=0.5323
train epoch 137/200 batch 175/178 (98%) running_loss=0.5304
train epoch 137/200 batch 178/178 (100%) running_loss=0.5303
epoch 137/200 done: train_loss=0.5303 val_loss=0.2944 val_accuracy=0.9258 val_macro_f1=0.9094 val_macro_auc=0.9917 (checkpoint_metric=macro_auc)
train epoch 138/200 batch 35/178 (20%) running_loss=0.5189
train epoch 138/200 batch 70/178 (39%) running_loss=0.5323
train epoch 138/200 batch 105/178 (59%) running_loss=0.5310
train epoch 138/200 batch 140/178 (79%) running_loss=0.5326
train epoch 138/200 batch 175/178 (98%) running_loss=0.5303
train epoch 138/200 batch 178/178 (100%) running_loss=0.5308
epoch 138/200 done: train_loss=0.5308 val_loss=0.2605 val_accuracy=0.9389 val_macro_f1=0.9291 val_macro_auc=0.9927 (checkpoint_metric=macro_auc)
train epoch 139/200 batch 35/178 (20%) running_loss=0.5192
train epoch 139/200 batch 70/178 (39%) running_loss=0.5188
train epoch 139/200 batch 105/178 (59%) running_loss=0.5306
train epoch 139/200 batch 140/178 (79%) running_loss=0.5289
train epoch 139/200 batch 175/178 (98%) running_loss=0.5304
train epoch 139/200 batch 178/178 (100%) running_loss=0.5306
epoch 139/200 done: train_loss=0.5306 val_loss=0.2759 val_accuracy=0.9402 val_macro_f1=0.9308 val_macro_auc=0.9921 (checkpoint_metric=macro_auc)
train epoch 140/200 batch 35/178 (20%) running_loss=0.5607
train epoch 140/200 batch 70/178 (39%) running_loss=0.5481
train epoch 140/200 batch 105/178 (59%) running_loss=0.5367
train epoch 140/200 batch 140/178 (79%) running_loss=0.5308
train epoch 140/200 batch 175/178 (98%) running_loss=0.5308
train epoch 140/200 batch 178/178 (100%) running_loss=0.5321
epoch 140/200 done: train_loss=0.5321 val_loss=0.2793 val_accuracy=0.9402 val_macro_f1=0.9292 val_macro_auc=0.9930 (checkpoint_metric=macro_auc)
train epoch 141/200 batch 35/178 (20%) running_loss=0.5307
train epoch 141/200 batch 70/178 (39%) running_loss=0.5340
train epoch 141/200 batch 105/178 (59%) running_loss=0.5290
train epoch 141/200 batch 140/178 (79%) running_loss=0.5254
train epoch 141/200 batch 175/178 (98%) running_loss=0.5214
train epoch 141/200 batch 178/178 (100%) running_loss=0.5216
epoch 141/200 done: train_loss=0.5216 val_loss=0.2930 val_accuracy=0.9265 val_macro_f1=0.9092 val_macro_auc=0.9927 (checkpoint_metric=macro_auc)
train epoch 142/200 batch 35/178 (20%) running_loss=0.5140
train epoch 142/200 batch 70/178 (39%) running_loss=0.5250
train epoch 142/200 batch 105/178 (59%) running_loss=0.5267
train epoch 142/200 batch 140/178 (79%) running_loss=0.5273
train epoch 142/200 batch 175/178 (98%) running_loss=0.5258
train epoch 142/200 batch 178/178 (100%) running_loss=0.5258
epoch 142/200 done: train_loss=0.5258 val_loss=0.2673 val_accuracy=0.9416 val_macro_f1=0.9336 val_macro_auc=0.9923 (checkpoint_metric=macro_auc)
train epoch 143/200 batch 35/178 (20%) running_loss=0.5302
train epoch 143/200 batch 70/178 (39%) running_loss=0.5281
train epoch 143/200 batch 105/178 (59%) running_loss=0.5247
train epoch 143/200 batch 140/178 (79%) running_loss=0.5256
train epoch 143/200 batch 175/178 (98%) running_loss=0.5239
train epoch 143/200 batch 178/178 (100%) running_loss=0.5238
epoch 143/200 done: train_loss=0.5238 val_loss=0.2553 val_accuracy=0.9416 val_macro_f1=0.9329 val_macro_auc=0.9920 (checkpoint_metric=macro_auc)
train epoch 144/200 batch 35/178 (20%) running_loss=0.5313
train epoch 144/200 batch 70/178 (39%) running_loss=0.5305
train epoch 144/200 batch 105/178 (59%) running_loss=0.5246
train epoch 144/200 batch 140/178 (79%) running_loss=0.5201
train epoch 144/200 batch 175/178 (98%) running_loss=0.5200
train epoch 144/200 batch 178/178 (100%) running_loss=0.5202
epoch 144/200 done: train_loss=0.5202 val_loss=0.2606 val_accuracy=0.9409 val_macro_f1=0.9322 val_macro_auc=0.9919 (checkpoint_metric=macro_auc)
train epoch 145/200 batch 35/178 (20%) running_loss=0.5285
train epoch 145/200 batch 70/178 (39%) running_loss=0.5353
train epoch 145/200 batch 105/178 (59%) running_loss=0.5330
train epoch 145/200 batch 140/178 (79%) running_loss=0.5275
train epoch 145/200 batch 175/178 (98%) running_loss=0.5235
train epoch 145/200 batch 178/178 (100%) running_loss=0.5232
epoch 145/200 done: train_loss=0.5232 val_loss=0.2777 val_accuracy=0.9341 val_macro_f1=0.9186 val_macro_auc=0.9899 (checkpoint_metric=macro_auc)
train epoch 146/200 batch 35/178 (20%) running_loss=0.5150
train epoch 146/200 batch 70/178 (39%) running_loss=0.5120
train epoch 146/200 batch 105/178 (59%) running_loss=0.5144
train epoch 146/200 batch 140/178 (79%) running_loss=0.5189
train epoch 146/200 batch 175/178 (98%) running_loss=0.5206
train epoch 146/200 batch 178/178 (100%) running_loss=0.5208
epoch 146/200 done: train_loss=0.5208 val_loss=0.2582 val_accuracy=0.9423 val_macro_f1=0.9335 val_macro_auc=0.9920 (checkpoint_metric=macro_auc)
train epoch 147/200 batch 35/178 (20%) running_loss=0.5317
train epoch 147/200 batch 70/178 (39%) running_loss=0.5317
train epoch 147/200 batch 105/178 (59%) running_loss=0.5271
train epoch 147/200 batch 140/178 (79%) running_loss=0.5243
train epoch 147/200 batch 175/178 (98%) running_loss=0.5225
train epoch 147/200 batch 178/178 (100%) running_loss=0.5223
epoch 147/200 done: train_loss=0.5223 val_loss=0.2669 val_accuracy=0.9409 val_macro_f1=0.9306 val_macro_auc=0.9913 (checkpoint_metric=macro_auc)
train epoch 148/200 batch 35/178 (20%) running_loss=0.5234
train epoch 148/200 batch 70/178 (39%) running_loss=0.5206
train epoch 148/200 batch 105/178 (59%) running_loss=0.5176
train epoch 148/200 batch 140/178 (79%) running_loss=0.5156
train epoch 148/200 batch 175/178 (98%) running_loss=0.5177
train epoch 148/200 batch 178/178 (100%) running_loss=0.5178
epoch 148/200 done: train_loss=0.5178 val_loss=0.2560 val_accuracy=0.9389 val_macro_f1=0.9265 val_macro_auc=0.9927 (checkpoint_metric=macro_auc)
train epoch 149/200 batch 35/178 (20%) running_loss=0.5094
train epoch 149/200 batch 70/178 (39%) running_loss=0.5126
train epoch 149/200 batch 105/178 (59%) running_loss=0.5147
train epoch 149/200 batch 140/178 (79%) running_loss=0.5154
train epoch 149/200 batch 175/178 (98%) running_loss=0.5127
train epoch 149/200 batch 178/178 (100%) running_loss=0.5129
epoch 149/200 done: train_loss=0.5129 val_loss=0.2447 val_accuracy=0.9464 val_macro_f1=0.9429 val_macro_auc=0.9925 (checkpoint_metric=macro_auc)
train epoch 150/200 batch 35/178 (20%) running_loss=0.5191
train epoch 150/200 batch 70/178 (39%) running_loss=0.5221
train epoch 150/200 batch 105/178 (59%) running_loss=0.5236
train epoch 150/200 batch 140/178 (79%) running_loss=0.5245
train epoch 150/200 batch 175/178 (98%) running_loss=0.5227
train epoch 150/200 batch 178/178 (100%) running_loss=0.5225
epoch 150/200 done: train_loss=0.5225 val_loss=0.2521 val_accuracy=0.9396 val_macro_f1=0.9307 val_macro_auc=0.9939 (checkpoint_metric=macro_auc) [new best]
train epoch 151/200 batch 35/178 (20%) running_loss=0.5042
train epoch 151/200 batch 70/178 (39%) running_loss=0.5032
train epoch 151/200 batch 105/178 (59%) running_loss=0.5068
train epoch 151/200 batch 140/178 (79%) running_loss=0.5054
train epoch 151/200 batch 175/178 (98%) running_loss=0.5077
train epoch 151/200 batch 178/178 (100%) running_loss=0.5076
epoch 151/200 done: train_loss=0.5076 val_loss=0.2618 val_accuracy=0.9416 val_macro_f1=0.9321 val_macro_auc=0.9927 (checkpoint_metric=macro_auc)
train epoch 152/200 batch 35/178 (20%) running_loss=0.5066
train epoch 152/200 batch 70/178 (39%) running_loss=0.5118
train epoch 152/200 batch 105/178 (59%) running_loss=0.5112
train epoch 152/200 batch 140/178 (79%) running_loss=0.5133
train epoch 152/200 batch 175/178 (98%) running_loss=0.5153
train epoch 152/200 batch 178/178 (100%) running_loss=0.5151
epoch 152/200 done: train_loss=0.5151 val_loss=0.2572 val_accuracy=0.9423 val_macro_f1=0.9385 val_macro_auc=0.9942 (checkpoint_metric=macro_auc) [new best]
train epoch 153/200 batch 35/178 (20%) running_loss=0.5010
train epoch 153/200 batch 70/178 (39%) running_loss=0.5044
train epoch 153/200 batch 105/178 (59%) running_loss=0.5073
train epoch 153/200 batch 140/178 (79%) running_loss=0.5100
train epoch 153/200 batch 175/178 (98%) running_loss=0.5108
train epoch 153/200 batch 178/178 (100%) running_loss=0.5106
epoch 153/200 done: train_loss=0.5106 val_loss=0.2579 val_accuracy=0.9368 val_macro_f1=0.9268 val_macro_auc=0.9929 (checkpoint_metric=macro_auc)
train epoch 154/200 batch 35/178 (20%) running_loss=0.5027
train epoch 154/200 batch 70/178 (39%) running_loss=0.5044
train epoch 154/200 batch 105/178 (59%) running_loss=0.5014
train epoch 154/200 batch 140/178 (79%) running_loss=0.5012
train epoch 154/200 batch 175/178 (98%) running_loss=0.5028
train epoch 154/200 batch 178/178 (100%) running_loss=0.5028
epoch 154/200 done: train_loss=0.5028 val_loss=0.2715 val_accuracy=0.9361 val_macro_f1=0.9219 val_macro_auc=0.9927 (checkpoint_metric=macro_auc)
train epoch 155/200 batch 35/178 (20%) running_loss=0.5160
train epoch 155/200 batch 70/178 (39%) running_loss=0.5189
train epoch 155/200 batch 105/178 (59%) running_loss=0.5119
train epoch 155/200 batch 140/178 (79%) running_loss=0.5099
train epoch 155/200 batch 175/178 (98%) running_loss=0.5116
train epoch 155/200 batch 178/178 (100%) running_loss=0.5110
epoch 155/200 done: train_loss=0.5110 val_loss=0.2739 val_accuracy=0.9375 val_macro_f1=0.9266 val_macro_auc=0.9928 (checkpoint_metric=macro_auc)
train epoch 156/200 batch 35/178 (20%) running_loss=0.5050
train epoch 156/200 batch 70/178 (39%) running_loss=0.5041
train epoch 156/200 batch 105/178 (59%) running_loss=0.5056
train epoch 156/200 batch 140/178 (79%) running_loss=0.5080
train epoch 156/200 batch 175/178 (98%) running_loss=0.5061
train epoch 156/200 batch 178/178 (100%) running_loss=0.5065
epoch 156/200 done: train_loss=0.5065 val_loss=0.2555 val_accuracy=0.9396 val_macro_f1=0.9287 val_macro_auc=0.9942 (checkpoint_metric=macro_auc)
train epoch 157/200 batch 35/178 (20%) running_loss=0.5070
train epoch 157/200 batch 70/178 (39%) running_loss=0.5078
train epoch 157/200 batch 105/178 (59%) running_loss=0.5063
train epoch 157/200 batch 140/178 (79%) running_loss=0.5110
train epoch 157/200 batch 175/178 (98%) running_loss=0.5125
train epoch 157/200 batch 178/178 (100%) running_loss=0.5123
epoch 157/200 done: train_loss=0.5123 val_loss=0.2567 val_accuracy=0.9409 val_macro_f1=0.9295 val_macro_auc=0.9938 (checkpoint_metric=macro_auc)
train epoch 158/200 batch 35/178 (20%) running_loss=0.5112
train epoch 158/200 batch 70/178 (39%) running_loss=0.5036
train epoch 158/200 batch 105/178 (59%) running_loss=0.5077
train epoch 158/200 batch 140/178 (79%) running_loss=0.5079
train epoch 158/200 batch 175/178 (98%) running_loss=0.5070
train epoch 158/200 batch 178/178 (100%) running_loss=0.5067
epoch 158/200 done: train_loss=0.5067 val_loss=0.2572 val_accuracy=0.9464 val_macro_f1=0.9389 val_macro_auc=0.9920 (checkpoint_metric=macro_auc)
train epoch 159/200 batch 35/178 (20%) running_loss=0.4996
train epoch 159/200 batch 70/178 (39%) running_loss=0.5006
train epoch 159/200 batch 105/178 (59%) running_loss=0.4981
train epoch 159/200 batch 140/178 (79%) running_loss=0.5039
train epoch 159/200 batch 175/178 (98%) running_loss=0.5041
train epoch 159/200 batch 178/178 (100%) running_loss=0.5038
epoch 159/200 done: train_loss=0.5038 val_loss=0.2442 val_accuracy=0.9430 val_macro_f1=0.9301 val_macro_auc=0.9942 (checkpoint_metric=macro_auc)
train epoch 160/200 batch 35/178 (20%) running_loss=0.4899
train epoch 160/200 batch 70/178 (39%) running_loss=0.4880
train epoch 160/200 batch 105/178 (59%) running_loss=0.4882
train epoch 160/200 batch 140/178 (79%) running_loss=0.4902
train epoch 160/200 batch 175/178 (98%) running_loss=0.4925
train epoch 160/200 batch 178/178 (100%) running_loss=0.4932
epoch 160/200 done: train_loss=0.4932 val_loss=0.2582 val_accuracy=0.9444 val_macro_f1=0.9346 val_macro_auc=0.9928 (checkpoint_metric=macro_auc)
train epoch 161/200 batch 35/178 (20%) running_loss=0.5010
train epoch 161/200 batch 70/178 (39%) running_loss=0.4990
train epoch 161/200 batch 105/178 (59%) running_loss=0.5002
train epoch 161/200 batch 140/178 (79%) running_loss=0.5018
train epoch 161/200 batch 175/178 (98%) running_loss=0.5025
train epoch 161/200 batch 178/178 (100%) running_loss=0.5031
epoch 161/200 done: train_loss=0.5031 val_loss=0.2419 val_accuracy=0.9471 val_macro_f1=0.9388 val_macro_auc=0.9934 (checkpoint_metric=macro_auc)
train epoch 162/200 batch 35/178 (20%) running_loss=0.4961
train epoch 162/200 batch 70/178 (39%) running_loss=0.4936
train epoch 162/200 batch 105/178 (59%) running_loss=0.4969
train epoch 162/200 batch 140/178 (79%) running_loss=0.4979
train epoch 162/200 batch 175/178 (98%) running_loss=0.5016
train epoch 162/200 batch 178/178 (100%) running_loss=0.5013
epoch 162/200 done: train_loss=0.5013 val_loss=0.2617 val_accuracy=0.9416 val_macro_f1=0.9309 val_macro_auc=0.9936 (checkpoint_metric=macro_auc)
train epoch 163/200 batch 35/178 (20%) running_loss=0.4833
train epoch 163/200 batch 70/178 (39%) running_loss=0.4888
train epoch 163/200 batch 105/178 (59%) running_loss=0.4930
train epoch 163/200 batch 140/178 (79%) running_loss=0.4958
train epoch 163/200 batch 175/178 (98%) running_loss=0.4978
train epoch 163/200 batch 178/178 (100%) running_loss=0.4972
epoch 163/200 done: train_loss=0.4972 val_loss=0.2614 val_accuracy=0.9361 val_macro_f1=0.9238 val_macro_auc=0.9924 (checkpoint_metric=macro_auc)
train epoch 164/200 batch 35/178 (20%) running_loss=0.5086
train epoch 164/200 batch 70/178 (39%) running_loss=0.5017
train epoch 164/200 batch 105/178 (59%) running_loss=0.4989
train epoch 164/200 batch 140/178 (79%) running_loss=0.4963
train epoch 164/200 batch 175/178 (98%) running_loss=0.4957
train epoch 164/200 batch 178/178 (100%) running_loss=0.4953
epoch 164/200 done: train_loss=0.4953 val_loss=0.2572 val_accuracy=0.9423 val_macro_f1=0.9308 val_macro_auc=0.9927 (checkpoint_metric=macro_auc)
train epoch 165/200 batch 35/178 (20%) running_loss=0.4921
train epoch 165/200 batch 70/178 (39%) running_loss=0.4931
train epoch 165/200 batch 105/178 (59%) running_loss=0.4957
train epoch 165/200 batch 140/178 (79%) running_loss=0.4994
train epoch 165/200 batch 175/178 (98%) running_loss=0.4989
train epoch 165/200 batch 178/178 (100%) running_loss=0.4991
epoch 165/200 done: train_loss=0.4991 val_loss=0.2577 val_accuracy=0.9451 val_macro_f1=0.9364 val_macro_auc=0.9938 (checkpoint_metric=macro_auc)
train epoch 166/200 batch 35/178 (20%) running_loss=0.4984
train epoch 166/200 batch 70/178 (39%) running_loss=0.5004
train epoch 166/200 batch 105/178 (59%) running_loss=0.4997
train epoch 166/200 batch 140/178 (79%) running_loss=0.4981
train epoch 166/200 batch 175/178 (98%) running_loss=0.5001
train epoch 166/200 batch 178/178 (100%) running_loss=0.5001
epoch 166/200 done: train_loss=0.5001 val_loss=0.2686 val_accuracy=0.9368 val_macro_f1=0.9241 val_macro_auc=0.9919 (checkpoint_metric=macro_auc)
train epoch 167/200 batch 35/178 (20%) running_loss=0.4865
train epoch 167/200 batch 70/178 (39%) running_loss=0.4924
train epoch 167/200 batch 105/178 (59%) running_loss=0.4920
train epoch 167/200 batch 140/178 (79%) running_loss=0.4941
train epoch 167/200 batch 175/178 (98%) running_loss=0.4949
train epoch 167/200 batch 178/178 (100%) running_loss=0.4952
epoch 167/200 done: train_loss=0.4952 val_loss=0.2750 val_accuracy=0.9368 val_macro_f1=0.9222 val_macro_auc=0.9923 (checkpoint_metric=macro_auc)
train epoch 168/200 batch 35/178 (20%) running_loss=0.4906
train epoch 168/200 batch 70/178 (39%) running_loss=0.4933
train epoch 168/200 batch 105/178 (59%) running_loss=0.4920
train epoch 168/200 batch 140/178 (79%) running_loss=0.4919
train epoch 168/200 batch 175/178 (98%) running_loss=0.4919
train epoch 168/200 batch 178/178 (100%) running_loss=0.4924
epoch 168/200 done: train_loss=0.4924 val_loss=0.2567 val_accuracy=0.9423 val_macro_f1=0.9317 val_macro_auc=0.9932 (checkpoint_metric=macro_auc)
train epoch 169/200 batch 35/178 (20%) running_loss=0.4996
train epoch 169/200 batch 70/178 (39%) running_loss=0.4988
train epoch 169/200 batch 105/178 (59%) running_loss=0.4947
train epoch 169/200 batch 140/178 (79%) running_loss=0.4975
train epoch 169/200 batch 175/178 (98%) running_loss=0.4960
train epoch 169/200 batch 178/178 (100%) running_loss=0.4968
epoch 169/200 done: train_loss=0.4968 val_loss=0.2550 val_accuracy=0.9444 val_macro_f1=0.9361 val_macro_auc=0.9932 (checkpoint_metric=macro_auc)
train epoch 170/200 batch 35/178 (20%) running_loss=0.4912
train epoch 170/200 batch 70/178 (39%) running_loss=0.4907
train epoch 170/200 batch 105/178 (59%) running_loss=0.4939
train epoch 170/200 batch 140/178 (79%) running_loss=0.4894
train epoch 170/200 batch 175/178 (98%) running_loss=0.4932
train epoch 170/200 batch 178/178 (100%) running_loss=0.4930
epoch 170/200 done: train_loss=0.4930 val_loss=0.2698 val_accuracy=0.9382 val_macro_f1=0.9261 val_macro_auc=0.9920 (checkpoint_metric=macro_auc)
train epoch 171/200 batch 35/178 (20%) running_loss=0.4997
train epoch 171/200 batch 70/178 (39%) running_loss=0.4977
train epoch 171/200 batch 105/178 (59%) running_loss=0.4886
train epoch 171/200 batch 140/178 (79%) running_loss=0.4862
train epoch 171/200 batch 175/178 (98%) running_loss=0.4884
train epoch 171/200 batch 178/178 (100%) running_loss=0.4887
epoch 171/200 done: train_loss=0.4887 val_loss=0.2534 val_accuracy=0.9423 val_macro_f1=0.9324 val_macro_auc=0.9934 (checkpoint_metric=macro_auc)
train epoch 172/200 batch 35/178 (20%) running_loss=0.5007
train epoch 172/200 batch 70/178 (39%) running_loss=0.4991
train epoch 172/200 batch 105/178 (59%) running_loss=0.4986
train epoch 172/200 batch 140/178 (79%) running_loss=0.4931
train epoch 172/200 batch 175/178 (98%) running_loss=0.4926
train epoch 172/200 batch 178/178 (100%) running_loss=0.4926
epoch 172/200 done: train_loss=0.4926 val_loss=0.2410 val_accuracy=0.9526 val_macro_f1=0.9476 val_macro_auc=0.9929 (checkpoint_metric=macro_auc)
train epoch 173/200 batch 35/178 (20%) running_loss=0.4893
train epoch 173/200 batch 70/178 (39%) running_loss=0.4874
train epoch 173/200 batch 105/178 (59%) running_loss=0.4864
train epoch 173/200 batch 140/178 (79%) running_loss=0.4857
train epoch 173/200 batch 175/178 (98%) running_loss=0.4857
train epoch 173/200 batch 178/178 (100%) running_loss=0.4857
epoch 173/200 done: train_loss=0.4857 val_loss=0.2560 val_accuracy=0.9396 val_macro_f1=0.9267 val_macro_auc=0.9935 (checkpoint_metric=macro_auc)
train epoch 174/200 batch 35/178 (20%) running_loss=0.4927
train epoch 174/200 batch 70/178 (39%) running_loss=0.4910
train epoch 174/200 batch 105/178 (59%) running_loss=0.4863
train epoch 174/200 batch 140/178 (79%) running_loss=0.4886
train epoch 174/200 batch 175/178 (98%) running_loss=0.4879
train epoch 174/200 batch 178/178 (100%) running_loss=0.4880
epoch 174/200 done: train_loss=0.4880 val_loss=0.2581 val_accuracy=0.9437 val_macro_f1=0.9314 val_macro_auc=0.9933 (checkpoint_metric=macro_auc)
train epoch 175/200 batch 35/178 (20%) running_loss=0.4867
train epoch 175/200 batch 70/178 (39%) running_loss=0.4968
train epoch 175/200 batch 105/178 (59%) running_loss=0.4940
train epoch 175/200 batch 140/178 (79%) running_loss=0.4916
train epoch 175/200 batch 175/178 (98%) running_loss=0.4903
train epoch 175/200 batch 178/178 (100%) running_loss=0.4902
epoch 175/200 done: train_loss=0.4902 val_loss=0.2491 val_accuracy=0.9457 val_macro_f1=0.9367 val_macro_auc=0.9931 (checkpoint_metric=macro_auc)
train epoch 176/200 batch 35/178 (20%) running_loss=0.4957
train epoch 176/200 batch 70/178 (39%) running_loss=0.4890
train epoch 176/200 batch 105/178 (59%) running_loss=0.4884
train epoch 176/200 batch 140/178 (79%) running_loss=0.4886
train epoch 176/200 batch 175/178 (98%) running_loss=0.4893
train epoch 176/200 batch 178/178 (100%) running_loss=0.4893
epoch 176/200 done: train_loss=0.4893 val_loss=0.2564 val_accuracy=0.9416 val_macro_f1=0.9293 val_macro_auc=0.9929 (checkpoint_metric=macro_auc)
train epoch 177/200 batch 35/178 (20%) running_loss=0.4824
train epoch 177/200 batch 70/178 (39%) running_loss=0.4814
train epoch 177/200 batch 105/178 (59%) running_loss=0.4831
train epoch 177/200 batch 140/178 (79%) running_loss=0.4849
train epoch 177/200 batch 175/178 (98%) running_loss=0.4842
train epoch 177/200 batch 178/178 (100%) running_loss=0.4844
epoch 177/200 done: train_loss=0.4844 val_loss=0.2569 val_accuracy=0.9409 val_macro_f1=0.9277 val_macro_auc=0.9927 (checkpoint_metric=macro_auc)
train epoch 178/200 batch 35/178 (20%) running_loss=0.4894
train epoch 178/200 batch 70/178 (39%) running_loss=0.4872
train epoch 178/200 batch 105/178 (59%) running_loss=0.4884
train epoch 178/200 batch 140/178 (79%) running_loss=0.4897
train epoch 178/200 batch 175/178 (98%) running_loss=0.4888
train epoch 178/200 batch 178/178 (100%) running_loss=0.4890
epoch 178/200 done: train_loss=0.4890 val_loss=0.2628 val_accuracy=0.9423 val_macro_f1=0.9287 val_macro_auc=0.9934 (checkpoint_metric=macro_auc)
train epoch 179/200 batch 35/178 (20%) running_loss=0.4766
train epoch 179/200 batch 70/178 (39%) running_loss=0.4803
train epoch 179/200 batch 105/178 (59%) running_loss=0.4852
train epoch 179/200 batch 140/178 (79%) running_loss=0.4849
train epoch 179/200 batch 175/178 (98%) running_loss=0.4869
train epoch 179/200 batch 178/178 (100%) running_loss=0.4867
epoch 179/200 done: train_loss=0.4867 val_loss=0.2511 val_accuracy=0.9437 val_macro_f1=0.9317 val_macro_auc=0.9933 (checkpoint_metric=macro_auc)
train epoch 180/200 batch 35/178 (20%) running_loss=0.4766
train epoch 180/200 batch 70/178 (39%) running_loss=0.4922
train epoch 180/200 batch 105/178 (59%) running_loss=0.4906
train epoch 180/200 batch 140/178 (79%) running_loss=0.4916
train epoch 180/200 batch 175/178 (98%) running_loss=0.4904
train epoch 180/200 batch 178/178 (100%) running_loss=0.4899
epoch 180/200 done: train_loss=0.4899 val_loss=0.2551 val_accuracy=0.9451 val_macro_f1=0.9361 val_macro_auc=0.9931 (checkpoint_metric=macro_auc)
train epoch 181/200 batch 35/178 (20%) running_loss=0.4817
train epoch 181/200 batch 70/178 (39%) running_loss=0.4831
train epoch 181/200 batch 105/178 (59%) running_loss=0.4809
train epoch 181/200 batch 140/178 (79%) running_loss=0.4845
train epoch 181/200 batch 175/178 (98%) running_loss=0.4888
train epoch 181/200 batch 178/178 (100%) running_loss=0.4883
epoch 181/200 done: train_loss=0.4883 val_loss=0.2560 val_accuracy=0.9430 val_macro_f1=0.9316 val_macro_auc=0.9927 (checkpoint_metric=macro_auc)
train epoch 182/200 batch 35/178 (20%) running_loss=0.4900
train epoch 182/200 batch 70/178 (39%) running_loss=0.4841
train epoch 182/200 batch 105/178 (59%) running_loss=0.4872
train epoch 182/200 batch 140/178 (79%) running_loss=0.4874
train epoch 182/200 batch 175/178 (98%) running_loss=0.4873
train epoch 182/200 batch 178/178 (100%) running_loss=0.4873
epoch 182/200 done: train_loss=0.4873 val_loss=0.2570 val_accuracy=0.9416 val_macro_f1=0.9286 val_macro_auc=0.9928 (checkpoint_metric=macro_auc)
train epoch 183/200 batch 35/178 (20%) running_loss=0.4797
train epoch 183/200 batch 70/178 (39%) running_loss=0.4859
train epoch 183/200 batch 105/178 (59%) running_loss=0.4870
train epoch 183/200 batch 140/178 (79%) running_loss=0.4878
train epoch 183/200 batch 175/178 (98%) running_loss=0.4871
train epoch 183/200 batch 178/178 (100%) running_loss=0.4872
epoch 183/200 done: train_loss=0.4872 val_loss=0.2546 val_accuracy=0.9437 val_macro_f1=0.9320 val_macro_auc=0.9929 (checkpoint_metric=macro_auc)
train epoch 184/200 batch 35/178 (20%) running_loss=0.4984
train epoch 184/200 batch 70/178 (39%) running_loss=0.4917
train epoch 184/200 batch 105/178 (59%) running_loss=0.4863
train epoch 184/200 batch 140/178 (79%) running_loss=0.4876
train epoch 184/200 batch 175/178 (98%) running_loss=0.4854
train epoch 184/200 batch 178/178 (100%) running_loss=0.4852
epoch 184/200 done: train_loss=0.4852 val_loss=0.2537 val_accuracy=0.9457 val_macro_f1=0.9348 val_macro_auc=0.9926 (checkpoint_metric=macro_auc)
train epoch 185/200 batch 35/178 (20%) running_loss=0.4840
train epoch 185/200 batch 70/178 (39%) running_loss=0.4827
train epoch 185/200 batch 105/178 (59%) running_loss=0.4851
train epoch 185/200 batch 140/178 (79%) running_loss=0.4875
train epoch 185/200 batch 175/178 (98%) running_loss=0.4877
train epoch 185/200 batch 178/178 (100%) running_loss=0.4880
epoch 185/200 done: train_loss=0.4880 val_loss=0.2516 val_accuracy=0.9451 val_macro_f1=0.9346 val_macro_auc=0.9928 (checkpoint_metric=macro_auc)
train epoch 186/200 batch 35/178 (20%) running_loss=0.4815
train epoch 186/200 batch 70/178 (39%) running_loss=0.4836
train epoch 186/200 batch 105/178 (59%) running_loss=0.4830
train epoch 186/200 batch 140/178 (79%) running_loss=0.4825
train epoch 186/200 batch 175/178 (98%) running_loss=0.4835
train epoch 186/200 batch 178/178 (100%) running_loss=0.4833
epoch 186/200 done: train_loss=0.4833 val_loss=0.2547 val_accuracy=0.9457 val_macro_f1=0.9347 val_macro_auc=0.9930 (checkpoint_metric=macro_auc)
train epoch 187/200 batch 35/178 (20%) running_loss=0.4909
train epoch 187/200 batch 70/178 (39%) running_loss=0.4811
train epoch 187/200 batch 105/178 (59%) running_loss=0.4837
train epoch 187/200 batch 140/178 (79%) running_loss=0.4846
train epoch 187/200 batch 175/178 (98%) running_loss=0.4854
train epoch 187/200 batch 178/178 (100%) running_loss=0.4851
epoch 187/200 done: train_loss=0.4851 val_loss=0.2462 val_accuracy=0.9464 val_macro_f1=0.9359 val_macro_auc=0.9929 (checkpoint_metric=macro_auc)
train epoch 188/200 batch 35/178 (20%) running_loss=0.4888
train epoch 188/200 batch 70/178 (39%) running_loss=0.4821
train epoch 188/200 batch 105/178 (59%) running_loss=0.4863
train epoch 188/200 batch 140/178 (79%) running_loss=0.4850
train epoch 188/200 batch 175/178 (98%) running_loss=0.4870
train epoch 188/200 batch 178/178 (100%) running_loss=0.4873
epoch 188/200 done: train_loss=0.4873 val_loss=0.2581 val_accuracy=0.9444 val_macro_f1=0.9333 val_macro_auc=0.9932 (checkpoint_metric=macro_auc)
train epoch 189/200 batch 35/178 (20%) running_loss=0.4794
train epoch 189/200 batch 70/178 (39%) running_loss=0.4761
train epoch 189/200 batch 105/178 (59%) running_loss=0.4770
train epoch 189/200 batch 140/178 (79%) running_loss=0.4799
train epoch 189/200 batch 175/178 (98%) running_loss=0.4806
train epoch 189/200 batch 178/178 (100%) running_loss=0.4807
epoch 189/200 done: train_loss=0.4807 val_loss=0.2530 val_accuracy=0.9430 val_macro_f1=0.9308 val_macro_auc=0.9925 (checkpoint_metric=macro_auc)
train epoch 190/200 batch 35/178 (20%) running_loss=0.4746
train epoch 190/200 batch 70/178 (39%) running_loss=0.4761
train epoch 190/200 batch 105/178 (59%) running_loss=0.4794
train epoch 190/200 batch 140/178 (79%) running_loss=0.4794
train epoch 190/200 batch 175/178 (98%) running_loss=0.4793
train epoch 190/200 batch 178/178 (100%) running_loss=0.4793
epoch 190/200 done: train_loss=0.4793 val_loss=0.2624 val_accuracy=0.9423 val_macro_f1=0.9306 val_macro_auc=0.9931 (checkpoint_metric=macro_auc)
train epoch 191/200 batch 35/178 (20%) running_loss=0.4873
train epoch 191/200 batch 70/178 (39%) running_loss=0.4882
train epoch 191/200 batch 105/178 (59%) running_loss=0.4891
train epoch 191/200 batch 140/178 (79%) running_loss=0.4917
train epoch 191/200 batch 175/178 (98%) running_loss=0.4901
train epoch 191/200 batch 178/178 (100%) running_loss=0.4903
epoch 191/200 done: train_loss=0.4903 val_loss=0.2595 val_accuracy=0.9464 val_macro_f1=0.9355 val_macro_auc=0.9927 (checkpoint_metric=macro_auc)
train epoch 192/200 batch 35/178 (20%) running_loss=0.4806
train epoch 192/200 batch 70/178 (39%) running_loss=0.4862
train epoch 192/200 batch 105/178 (59%) running_loss=0.4885
train epoch 192/200 batch 140/178 (79%) running_loss=0.4839
train epoch 192/200 batch 175/178 (98%) running_loss=0.4845
train epoch 192/200 batch 178/178 (100%) running_loss=0.4846
epoch 192/200 done: train_loss=0.4846 val_loss=0.2512 val_accuracy=0.9451 val_macro_f1=0.9335 val_macro_auc=0.9928 (checkpoint_metric=macro_auc)
train epoch 193/200 batch 35/178 (20%) running_loss=0.4785
train epoch 193/200 batch 70/178 (39%) running_loss=0.4843
train epoch 193/200 batch 105/178 (59%) running_loss=0.4836
train epoch 193/200 batch 140/178 (79%) running_loss=0.4822
train epoch 193/200 batch 175/178 (98%) running_loss=0.4807
train epoch 193/200 batch 178/178 (100%) running_loss=0.4803
epoch 193/200 done: train_loss=0.4803 val_loss=0.2543 val_accuracy=0.9437 val_macro_f1=0.9322 val_macro_auc=0.9930 (checkpoint_metric=macro_auc)
train epoch 194/200 batch 35/178 (20%) running_loss=0.4832
train epoch 194/200 batch 70/178 (39%) running_loss=0.4834
train epoch 194/200 batch 105/178 (59%) running_loss=0.4870
train epoch 194/200 batch 140/178 (79%) running_loss=0.4871
train epoch 194/200 batch 175/178 (98%) running_loss=0.4859
train epoch 194/200 batch 178/178 (100%) running_loss=0.4855
epoch 194/200 done: train_loss=0.4855 val_loss=0.2582 val_accuracy=0.9416 val_macro_f1=0.9284 val_macro_auc=0.9928 (checkpoint_metric=macro_auc)
train epoch 195/200 batch 35/178 (20%) running_loss=0.4857
train epoch 195/200 batch 70/178 (39%) running_loss=0.4819
train epoch 195/200 batch 105/178 (59%) running_loss=0.4793
train epoch 195/200 batch 140/178 (79%) running_loss=0.4797
train epoch 195/200 batch 175/178 (98%) running_loss=0.4813
train epoch 195/200 batch 178/178 (100%) running_loss=0.4811
epoch 195/200 done: train_loss=0.4811 val_loss=0.2513 val_accuracy=0.9444 val_macro_f1=0.9324 val_macro_auc=0.9927 (checkpoint_metric=macro_auc)
train epoch 196/200 batch 35/178 (20%) running_loss=0.4818
train epoch 196/200 batch 70/178 (39%) running_loss=0.4872
train epoch 196/200 batch 105/178 (59%) running_loss=0.4841
train epoch 196/200 batch 140/178 (79%) running_loss=0.4846
train epoch 196/200 batch 175/178 (98%) running_loss=0.4851
train epoch 196/200 batch 178/178 (100%) running_loss=0.4849
epoch 196/200 done: train_loss=0.4849 val_loss=0.2554 val_accuracy=0.9444 val_macro_f1=0.9331 val_macro_auc=0.9928 (checkpoint_metric=macro_auc)
train epoch 197/200 batch 35/178 (20%) running_loss=0.4808
train epoch 197/200 batch 70/178 (39%) running_loss=0.4781
train epoch 197/200 batch 105/178 (59%) running_loss=0.4824
train epoch 197/200 batch 140/178 (79%) running_loss=0.4812
train epoch 197/200 batch 175/178 (98%) running_loss=0.4805
train epoch 197/200 batch 178/178 (100%) running_loss=0.4800
epoch 197/200 done: train_loss=0.4800 val_loss=0.2574 val_accuracy=0.9444 val_macro_f1=0.9331 val_macro_auc=0.9929 (checkpoint_metric=macro_auc)
train epoch 198/200 batch 35/178 (20%) running_loss=0.4793
train epoch 198/200 batch 70/178 (39%) running_loss=0.4788
train epoch 198/200 batch 105/178 (59%) running_loss=0.4800
train epoch 198/200 batch 140/178 (79%) running_loss=0.4796
train epoch 198/200 batch 175/178 (98%) running_loss=0.4815
train epoch 198/200 batch 178/178 (100%) running_loss=0.4827
epoch 198/200 done: train_loss=0.4827 val_loss=0.2560 val_accuracy=0.9437 val_macro_f1=0.9314 val_macro_auc=0.9927 (checkpoint_metric=macro_auc)
train epoch 199/200 batch 35/178 (20%) running_loss=0.4833
train epoch 199/200 batch 70/178 (39%) running_loss=0.4832
train epoch 199/200 batch 105/178 (59%) running_loss=0.4820
train epoch 199/200 batch 140/178 (79%) running_loss=0.4806
train epoch 199/200 batch 175/178 (98%) running_loss=0.4837
train epoch 199/200 batch 178/178 (100%) running_loss=0.4837
epoch 199/200 done: train_loss=0.4837 val_loss=0.2565 val_accuracy=0.9430 val_macro_f1=0.9309 val_macro_auc=0.9928 (checkpoint_metric=macro_auc)
train epoch 200/200 batch 35/178 (20%) running_loss=0.4816
train epoch 200/200 batch 70/178 (39%) running_loss=0.4849
train epoch 200/200 batch 105/178 (59%) running_loss=0.4862
train epoch 200/200 batch 140/178 (79%) running_loss=0.4844
train epoch 200/200 batch 175/178 (98%) running_loss=0.4865
train epoch 200/200 batch 178/178 (100%) running_loss=0.4867
epoch 200/200 done: train_loss=0.4867 val_loss=0.2568 val_accuracy=0.9444 val_macro_f1=0.9324 val_macro_auc=0.9927 (checkpoint_metric=macro_auc)
Training finished. Best epoch=152, smoothed macro_auc=0.9936 (window=3)
Test set evaluated once: accuracy=0.9300 macro_f1=0.9215 macro_auc=0.9912
Best epoch: 152
Test accuracy: 0.9300
Test macro F1: 0.9215
Test macro AUC: 0.9912
