Starting final training on device=cuda, amp=True, physical_batch_size=32, accumulation_steps=1, effective_batch_size=32
Augmentation policy: sample-adaptive, from outputs/main1/augmentation_run/selected_policy.json
Classes: {'fetal_abdomen': 0, 'fetal_brain': 1, 'fetal_femur': 2, 'fetal_thorax': 3, 'maternal_cervix': 4, 'other': 5}
Regularization: weight_decay=7.0e-04 classifier_dropout=0.30 label_smoothing=0.10 drop_path=0.20
train epoch 1/200 batch 53/267 (20%) running_loss=1.7796
train epoch 1/200 batch 106/267 (40%) running_loss=1.7562
train epoch 1/200 batch 159/267 (60%) running_loss=1.7236
train epoch 1/200 batch 212/267 (79%) running_loss=1.6855
train epoch 1/200 batch 265/267 (99%) running_loss=1.6449
train epoch 1/200 batch 267/267 (100%) running_loss=1.6447
epoch 1/200 done: train_loss=1.6447 val_loss=1.2474 val_accuracy=0.5179 val_macro_f1=0.2967 val_macro_auc=0.8155 (checkpoint_metric=macro_auc) [new best]
train epoch 2/200 batch 53/267 (20%) running_loss=1.4401
train epoch 2/200 batch 106/267 (40%) running_loss=1.4326
train epoch 2/200 batch 159/267 (60%) running_loss=1.4134
train epoch 2/200 batch 212/267 (79%) running_loss=1.3989
train epoch 2/200 batch 265/267 (99%) running_loss=1.3850
train epoch 2/200 batch 267/267 (100%) running_loss=1.3844
epoch 2/200 done: train_loss=1.3844 val_loss=1.8118 val_accuracy=0.2638 val_macro_f1=0.1641 val_macro_auc=0.6849 (checkpoint_metric=macro_auc)
train epoch 3/200 batch 53/267 (20%) running_loss=1.3268
train epoch 3/200 batch 106/267 (40%) running_loss=1.2957
train epoch 3/200 batch 159/267 (60%) running_loss=1.2829
train epoch 3/200 batch 212/267 (79%) running_loss=1.2756
train epoch 3/200 batch 265/267 (99%) running_loss=1.2624
train epoch 3/200 batch 267/267 (100%) running_loss=1.2616
epoch 3/200 done: train_loss=1.2616 val_loss=1.0093 val_accuracy=0.6372 val_macro_f1=0.4547 val_macro_auc=0.8936 (checkpoint_metric=macro_auc)
train epoch 4/200 batch 53/267 (20%) running_loss=1.2188
train epoch 4/200 batch 106/267 (40%) running_loss=1.2158
train epoch 4/200 batch 159/267 (60%) running_loss=1.2157
train epoch 4/200 batch 212/267 (79%) running_loss=1.2048
train epoch 4/200 batch 265/267 (99%) running_loss=1.1942
train epoch 4/200 batch 267/267 (100%) running_loss=1.1938
epoch 4/200 done: train_loss=1.1938 val_loss=1.9754 val_accuracy=0.2429 val_macro_f1=0.1453 val_macro_auc=0.7082 (checkpoint_metric=macro_auc)
train epoch 5/200 batch 53/267 (20%) running_loss=1.1352
train epoch 5/200 batch 106/267 (40%) running_loss=1.1419
train epoch 5/200 batch 159/267 (60%) running_loss=1.1398
train epoch 5/200 batch 212/267 (79%) running_loss=1.1335
train epoch 5/200 batch 265/267 (99%) running_loss=1.1326
train epoch 5/200 batch 267/267 (100%) running_loss=1.1326
epoch 5/200 done: train_loss=1.1326 val_loss=1.6510 val_accuracy=0.3414 val_macro_f1=0.2220 val_macro_auc=0.7417 (checkpoint_metric=macro_auc)
train epoch 6/200 batch 53/267 (20%) running_loss=1.1122
train epoch 6/200 batch 106/267 (40%) running_loss=1.1124
train epoch 6/200 batch 159/267 (60%) running_loss=1.1046
train epoch 6/200 batch 212/267 (79%) running_loss=1.0985
train epoch 6/200 batch 265/267 (99%) running_loss=1.0934
train epoch 6/200 batch 267/267 (100%) running_loss=1.0928
epoch 6/200 done: train_loss=1.0928 val_loss=1.1054 val_accuracy=0.5720 val_macro_f1=0.3781 val_macro_auc=0.8660 (checkpoint_metric=macro_auc)
train epoch 7/200 batch 53/267 (20%) running_loss=1.0645
train epoch 7/200 batch 106/267 (40%) running_loss=1.0767
train epoch 7/200 batch 159/267 (60%) running_loss=1.0644
train epoch 7/200 batch 212/267 (79%) running_loss=1.0654
train epoch 7/200 batch 265/267 (99%) running_loss=1.0581
train epoch 7/200 batch 267/267 (100%) running_loss=1.0583
epoch 7/200 done: train_loss=1.0583 val_loss=1.0158 val_accuracy=0.6314 val_macro_f1=0.4769 val_macro_auc=0.8957 (checkpoint_metric=macro_auc) [new best]
train epoch 8/200 batch 53/267 (20%) running_loss=1.0278
train epoch 8/200 batch 106/267 (40%) running_loss=1.0372
train epoch 8/200 batch 159/267 (60%) running_loss=1.0325
train epoch 8/200 batch 212/267 (79%) running_loss=1.0304
train epoch 8/200 batch 265/267 (99%) running_loss=1.0300
train epoch 8/200 batch 267/267 (100%) running_loss=1.0297
epoch 8/200 done: train_loss=1.0297 val_loss=1.0923 val_accuracy=0.5853 val_macro_f1=0.4080 val_macro_auc=0.8732 (checkpoint_metric=macro_auc) [new best]
train epoch 9/200 batch 53/267 (20%) running_loss=1.0339
train epoch 9/200 batch 106/267 (40%) running_loss=1.0106
train epoch 9/200 batch 159/267 (60%) running_loss=1.0030
train epoch 9/200 batch 212/267 (79%) running_loss=1.0013
train epoch 9/200 batch 265/267 (99%) running_loss=1.0021
train epoch 9/200 batch 267/267 (100%) running_loss=1.0017
epoch 9/200 done: train_loss=1.0017 val_loss=1.0871 val_accuracy=0.5682 val_macro_f1=0.4286 val_macro_auc=0.8961 (checkpoint_metric=macro_auc) [new best]
train epoch 10/200 batch 53/267 (20%) running_loss=0.9841
train epoch 10/200 batch 106/267 (40%) running_loss=0.9830
train epoch 10/200 batch 159/267 (60%) running_loss=0.9756
train epoch 10/200 batch 212/267 (79%) running_loss=0.9653
train epoch 10/200 batch 265/267 (99%) running_loss=0.9588
train epoch 10/200 batch 267/267 (100%) running_loss=0.9589
epoch 10/200 done: train_loss=0.9589 val_loss=0.9791 val_accuracy=0.6522 val_macro_f1=0.4739 val_macro_auc=0.9047 (checkpoint_metric=macro_auc) [new best]
train epoch 11/200 batch 53/267 (20%) running_loss=0.9612
train epoch 11/200 batch 106/267 (40%) running_loss=0.9628
train epoch 11/200 batch 159/267 (60%) running_loss=0.9643
train epoch 11/200 batch 212/267 (79%) running_loss=0.9606
train epoch 11/200 batch 265/267 (99%) running_loss=0.9569
train epoch 11/200 batch 267/267 (100%) running_loss=0.9568
epoch 11/200 done: train_loss=0.9568 val_loss=1.1120 val_accuracy=0.5736 val_macro_f1=0.4072 val_macro_auc=0.8728 (checkpoint_metric=macro_auc)
train epoch 12/200 batch 53/267 (20%) running_loss=0.9504
train epoch 12/200 batch 106/267 (40%) running_loss=0.9444
train epoch 12/200 batch 159/267 (60%) running_loss=0.9382
train epoch 12/200 batch 212/267 (79%) running_loss=0.9372
train epoch 12/200 batch 265/267 (99%) running_loss=0.9346
train epoch 12/200 batch 267/267 (100%) running_loss=0.9344
epoch 12/200 done: train_loss=0.9344 val_loss=0.9451 val_accuracy=0.6463 val_macro_f1=0.5442 val_macro_auc=0.9211 (checkpoint_metric=macro_auc) [new best]
train epoch 13/200 batch 53/267 (20%) running_loss=0.9206
train epoch 13/200 batch 106/267 (40%) running_loss=0.9185
train epoch 13/200 batch 159/267 (60%) running_loss=0.9153
train epoch 13/200 batch 212/267 (79%) running_loss=0.9152
train epoch 13/200 batch 265/267 (99%) running_loss=0.9139
train epoch 13/200 batch 267/267 (100%) running_loss=0.9141
epoch 13/200 done: train_loss=0.9141 val_loss=0.8080 val_accuracy=0.7303 val_macro_f1=0.6015 val_macro_auc=0.9395 (checkpoint_metric=macro_auc) [new best]
train epoch 14/200 batch 53/267 (20%) running_loss=0.9242
train epoch 14/200 batch 106/267 (40%) running_loss=0.9165
train epoch 14/200 batch 159/267 (60%) running_loss=0.9121
train epoch 14/200 batch 212/267 (79%) running_loss=0.9158
train epoch 14/200 batch 265/267 (99%) running_loss=0.9100
train epoch 14/200 batch 267/267 (100%) running_loss=0.9106
epoch 14/200 done: train_loss=0.9106 val_loss=0.7285 val_accuracy=0.7261 val_macro_f1=0.5584 val_macro_auc=0.9505 (checkpoint_metric=macro_auc) [new best]
train epoch 15/200 batch 53/267 (20%) running_loss=0.9067
train epoch 15/200 batch 106/267 (40%) running_loss=0.8999
train epoch 15/200 batch 159/267 (60%) running_loss=0.8899
train epoch 15/200 batch 212/267 (79%) running_loss=0.8950
train epoch 15/200 batch 265/267 (99%) running_loss=0.8942
train epoch 15/200 batch 267/267 (100%) running_loss=0.8942
epoch 15/200 done: train_loss=0.8942 val_loss=0.6196 val_accuracy=0.7865 val_macro_f1=0.6861 val_macro_auc=0.9605 (checkpoint_metric=macro_auc) [new best]
train epoch 16/200 batch 53/267 (20%) running_loss=0.8705
train epoch 16/200 batch 106/267 (40%) running_loss=0.8750
train epoch 16/200 batch 159/267 (60%) running_loss=0.8771
train epoch 16/200 batch 212/267 (79%) running_loss=0.8794
train epoch 16/200 batch 265/267 (99%) running_loss=0.8767
train epoch 16/200 batch 267/267 (100%) running_loss=0.8768
epoch 16/200 done: train_loss=0.8768 val_loss=0.6312 val_accuracy=0.7796 val_macro_f1=0.6588 val_macro_auc=0.9617 (checkpoint_metric=macro_auc) [new best]
train epoch 17/200 batch 53/267 (20%) running_loss=0.8812
train epoch 17/200 batch 106/267 (40%) running_loss=0.8842
train epoch 17/200 batch 159/267 (60%) running_loss=0.8818
train epoch 17/200 batch 212/267 (79%) running_loss=0.8827
train epoch 17/200 batch 265/267 (99%) running_loss=0.8867
train epoch 17/200 batch 267/267 (100%) running_loss=0.8865
epoch 17/200 done: train_loss=0.8865 val_loss=0.7838 val_accuracy=0.7464 val_macro_f1=0.6709 val_macro_auc=0.9516 (checkpoint_metric=macro_auc) [new best]
train epoch 18/200 batch 53/267 (20%) running_loss=0.9074
train epoch 18/200 batch 106/267 (40%) running_loss=0.8843
train epoch 18/200 batch 159/267 (60%) running_loss=0.8797
train epoch 18/200 batch 212/267 (79%) running_loss=0.8685
train epoch 18/200 batch 265/267 (99%) running_loss=0.8699
train epoch 18/200 batch 267/267 (100%) running_loss=0.8698
epoch 18/200 done: train_loss=0.8698 val_loss=0.7512 val_accuracy=0.7271 val_macro_f1=0.5701 val_macro_auc=0.9547 (checkpoint_metric=macro_auc)
train epoch 19/200 batch 53/267 (20%) running_loss=0.8696
train epoch 19/200 batch 106/267 (40%) running_loss=0.8612
train epoch 19/200 batch 159/267 (60%) running_loss=0.8529
train epoch 19/200 batch 212/267 (79%) running_loss=0.8623
train epoch 19/200 batch 265/267 (99%) running_loss=0.8623
train epoch 19/200 batch 267/267 (100%) running_loss=0.8624
epoch 19/200 done: train_loss=0.8624 val_loss=0.5733 val_accuracy=0.8406 val_macro_f1=0.8028 val_macro_auc=0.9742 (checkpoint_metric=macro_auc) [new best]
train epoch 20/200 batch 53/267 (20%) running_loss=0.8421
train epoch 20/200 batch 106/267 (40%) running_loss=0.8428
train epoch 20/200 batch 159/267 (60%) running_loss=0.8377
train epoch 20/200 batch 212/267 (79%) running_loss=0.8443
train epoch 20/200 batch 265/267 (99%) running_loss=0.8445
train epoch 20/200 batch 267/267 (100%) running_loss=0.8452
epoch 20/200 done: train_loss=0.8452 val_loss=0.6443 val_accuracy=0.7822 val_macro_f1=0.6520 val_macro_auc=0.9652 (checkpoint_metric=macro_auc) [new best]
train epoch 21/200 batch 53/267 (20%) running_loss=0.8611
train epoch 21/200 batch 106/267 (40%) running_loss=0.8539
train epoch 21/200 batch 159/267 (60%) running_loss=0.8500
train epoch 21/200 batch 212/267 (79%) running_loss=0.8448
train epoch 21/200 batch 265/267 (99%) running_loss=0.8370
train epoch 21/200 batch 267/267 (100%) running_loss=0.8381
epoch 21/200 done: train_loss=0.8381 val_loss=0.5382 val_accuracy=0.8101 val_macro_f1=0.7365 val_macro_auc=0.9758 (checkpoint_metric=macro_auc) [new best]
train epoch 22/200 batch 53/267 (20%) running_loss=0.8346
train epoch 22/200 batch 106/267 (40%) running_loss=0.8392
train epoch 22/200 batch 159/267 (60%) running_loss=0.8407
train epoch 22/200 batch 212/267 (79%) running_loss=0.8339
train epoch 22/200 batch 265/267 (99%) running_loss=0.8335
train epoch 22/200 batch 267/267 (100%) running_loss=0.8333
epoch 22/200 done: train_loss=0.8333 val_loss=0.6591 val_accuracy=0.8047 val_macro_f1=0.7643 val_macro_auc=0.9701 (checkpoint_metric=macro_auc)
train epoch 23/200 batch 53/267 (20%) running_loss=0.8358
train epoch 23/200 batch 106/267 (40%) running_loss=0.8236
train epoch 23/200 batch 159/267 (60%) running_loss=0.8154
train epoch 23/200 batch 212/267 (79%) running_loss=0.8130
train epoch 23/200 batch 265/267 (99%) running_loss=0.8183
train epoch 23/200 batch 267/267 (100%) running_loss=0.8183
epoch 23/200 done: train_loss=0.8183 val_loss=0.4715 val_accuracy=0.8438 val_macro_f1=0.7513 val_macro_auc=0.9813 (checkpoint_metric=macro_auc) [new best]
train epoch 24/200 batch 53/267 (20%) running_loss=0.8370
train epoch 24/200 batch 106/267 (40%) running_loss=0.8213
train epoch 24/200 batch 159/267 (60%) running_loss=0.8155
train epoch 24/200 batch 212/267 (79%) running_loss=0.8173
train epoch 24/200 batch 265/267 (99%) running_loss=0.8155
train epoch 24/200 batch 267/267 (100%) running_loss=0.8163
epoch 24/200 done: train_loss=0.8163 val_loss=0.4680 val_accuracy=0.8700 val_macro_f1=0.8295 val_macro_auc=0.9826 (checkpoint_metric=macro_auc) [new best]
train epoch 25/200 batch 53/267 (20%) running_loss=0.8339
train epoch 25/200 batch 106/267 (40%) running_loss=0.8358
train epoch 25/200 batch 159/267 (60%) running_loss=0.8259
train epoch 25/200 batch 212/267 (79%) running_loss=0.8197
train epoch 25/200 batch 265/267 (99%) running_loss=0.8112
train epoch 25/200 batch 267/267 (100%) running_loss=0.8116
epoch 25/200 done: train_loss=0.8116 val_loss=0.5648 val_accuracy=0.8079 val_macro_f1=0.7090 val_macro_auc=0.9743 (checkpoint_metric=macro_auc) [new best]
train epoch 26/200 batch 53/267 (20%) running_loss=0.8167
train epoch 26/200 batch 106/267 (40%) running_loss=0.8101
train epoch 26/200 batch 159/267 (60%) running_loss=0.8055
train epoch 26/200 batch 212/267 (79%) running_loss=0.8031
train epoch 26/200 batch 265/267 (99%) running_loss=0.8075
train epoch 26/200 batch 267/267 (100%) running_loss=0.8074
epoch 26/200 done: train_loss=0.8074 val_loss=0.4365 val_accuracy=0.8780 val_macro_f1=0.8254 val_macro_auc=0.9857 (checkpoint_metric=macro_auc) [new best]
train epoch 27/200 batch 53/267 (20%) running_loss=0.8075
train epoch 27/200 batch 106/267 (40%) running_loss=0.8048
train epoch 27/200 batch 159/267 (60%) running_loss=0.8014
train epoch 27/200 batch 212/267 (79%) running_loss=0.8000
train epoch 27/200 batch 265/267 (99%) running_loss=0.7886
train epoch 27/200 batch 267/267 (100%) running_loss=0.7887
epoch 27/200 done: train_loss=0.7887 val_loss=0.3917 val_accuracy=0.8775 val_macro_f1=0.8486 val_macro_auc=0.9867 (checkpoint_metric=macro_auc) [new best]
train epoch 28/200 batch 53/267 (20%) running_loss=0.7875
train epoch 28/200 batch 106/267 (40%) running_loss=0.7939
train epoch 28/200 batch 159/267 (60%) running_loss=0.7876
train epoch 28/200 batch 212/267 (79%) running_loss=0.7831
train epoch 28/200 batch 265/267 (99%) running_loss=0.7895
train epoch 28/200 batch 267/267 (100%) running_loss=0.7891
epoch 28/200 done: train_loss=0.7891 val_loss=0.4722 val_accuracy=0.8641 val_macro_f1=0.8039 val_macro_auc=0.9848 (checkpoint_metric=macro_auc) [new best]
train epoch 29/200 batch 53/267 (20%) running_loss=0.7913
train epoch 29/200 batch 106/267 (40%) running_loss=0.7809
train epoch 29/200 batch 159/267 (60%) running_loss=0.7870
train epoch 29/200 batch 212/267 (79%) running_loss=0.7802
train epoch 29/200 batch 265/267 (99%) running_loss=0.7787
train epoch 29/200 batch 267/267 (100%) running_loss=0.7780
epoch 29/200 done: train_loss=0.7780 val_loss=0.4796 val_accuracy=0.8368 val_macro_f1=0.7634 val_macro_auc=0.9806 (checkpoint_metric=macro_auc)
train epoch 30/200 batch 53/267 (20%) running_loss=0.7906
train epoch 30/200 batch 106/267 (40%) running_loss=0.7853
train epoch 30/200 batch 159/267 (60%) running_loss=0.7886
train epoch 30/200 batch 212/267 (79%) running_loss=0.7858
train epoch 30/200 batch 265/267 (99%) running_loss=0.7858
train epoch 30/200 batch 267/267 (100%) running_loss=0.7857
epoch 30/200 done: train_loss=0.7857 val_loss=0.4388 val_accuracy=0.8866 val_macro_f1=0.8537 val_macro_auc=0.9866 (checkpoint_metric=macro_auc)
train epoch 31/200 batch 53/267 (20%) running_loss=0.7965
train epoch 31/200 batch 106/267 (40%) running_loss=0.7790
train epoch 31/200 batch 159/267 (60%) running_loss=0.7680
train epoch 31/200 batch 212/267 (79%) running_loss=0.7653
train epoch 31/200 batch 265/267 (99%) running_loss=0.7663
train epoch 31/200 batch 267/267 (100%) running_loss=0.7659
epoch 31/200 done: train_loss=0.7659 val_loss=0.3964 val_accuracy=0.8775 val_macro_f1=0.8518 val_macro_auc=0.9864 (checkpoint_metric=macro_auc)
train epoch 32/200 batch 53/267 (20%) running_loss=0.7562
train epoch 32/200 batch 106/267 (40%) running_loss=0.7705
train epoch 32/200 batch 159/267 (60%) running_loss=0.7733
train epoch 32/200 batch 212/267 (79%) running_loss=0.7784
train epoch 32/200 batch 265/267 (99%) running_loss=0.7717
train epoch 32/200 batch 267/267 (100%) running_loss=0.7723
epoch 32/200 done: train_loss=0.7723 val_loss=0.4649 val_accuracy=0.8753 val_macro_f1=0.8455 val_macro_auc=0.9821 (checkpoint_metric=macro_auc)
train epoch 33/200 batch 53/267 (20%) running_loss=0.7570
train epoch 33/200 batch 106/267 (40%) running_loss=0.7510
train epoch 33/200 batch 159/267 (60%) running_loss=0.7443
train epoch 33/200 batch 212/267 (79%) running_loss=0.7559
train epoch 33/200 batch 265/267 (99%) running_loss=0.7575
train epoch 33/200 batch 267/267 (100%) running_loss=0.7569
epoch 33/200 done: train_loss=0.7569 val_loss=0.4690 val_accuracy=0.8480 val_macro_f1=0.7920 val_macro_auc=0.9826 (checkpoint_metric=macro_auc)
train epoch 34/200 batch 53/267 (20%) running_loss=0.7469
train epoch 34/200 batch 106/267 (40%) running_loss=0.7444
train epoch 34/200 batch 159/267 (60%) running_loss=0.7450
train epoch 34/200 batch 212/267 (79%) running_loss=0.7477
train epoch 34/200 batch 265/267 (99%) running_loss=0.7443
train epoch 34/200 batch 267/267 (100%) running_loss=0.7447
epoch 34/200 done: train_loss=0.7447 val_loss=0.4436 val_accuracy=0.8780 val_macro_f1=0.8617 val_macro_auc=0.9848 (checkpoint_metric=macro_auc)
train epoch 35/200 batch 53/267 (20%) running_loss=0.7590
train epoch 35/200 batch 106/267 (40%) running_loss=0.7605
train epoch 35/200 batch 159/267 (60%) running_loss=0.7608
train epoch 35/200 batch 212/267 (79%) running_loss=0.7543
train epoch 35/200 batch 265/267 (99%) running_loss=0.7477
train epoch 35/200 batch 267/267 (100%) running_loss=0.7479
epoch 35/200 done: train_loss=0.7479 val_loss=0.3231 val_accuracy=0.9042 val_macro_f1=0.8834 val_macro_auc=0.9899 (checkpoint_metric=macro_auc) [new best]
train epoch 36/200 batch 53/267 (20%) running_loss=0.7346
train epoch 36/200 batch 106/267 (40%) running_loss=0.7396
train epoch 36/200 batch 159/267 (60%) running_loss=0.7480
train epoch 36/200 batch 212/267 (79%) running_loss=0.7534
train epoch 36/200 batch 265/267 (99%) running_loss=0.7496
train epoch 36/200 batch 267/267 (100%) running_loss=0.7500
epoch 36/200 done: train_loss=0.7500 val_loss=0.4376 val_accuracy=0.8400 val_macro_f1=0.7661 val_macro_auc=0.9883 (checkpoint_metric=macro_auc) [new best]
train epoch 37/200 batch 53/267 (20%) running_loss=0.7284
train epoch 37/200 batch 106/267 (40%) running_loss=0.7181
train epoch 37/200 batch 159/267 (60%) running_loss=0.7238
train epoch 37/200 batch 212/267 (79%) running_loss=0.7342
train epoch 37/200 batch 265/267 (99%) running_loss=0.7325
train epoch 37/200 batch 267/267 (100%) running_loss=0.7334
epoch 37/200 done: train_loss=0.7334 val_loss=0.4103 val_accuracy=0.8769 val_macro_f1=0.8480 val_macro_auc=0.9865 (checkpoint_metric=macro_auc) [new best]
train epoch 38/200 batch 53/267 (20%) running_loss=0.7672
train epoch 38/200 batch 106/267 (40%) running_loss=0.7522
train epoch 38/200 batch 159/267 (60%) running_loss=0.7459
train epoch 38/200 batch 212/267 (79%) running_loss=0.7451
train epoch 38/200 batch 265/267 (99%) running_loss=0.7428
train epoch 38/200 batch 267/267 (100%) running_loss=0.7430
epoch 38/200 done: train_loss=0.7430 val_loss=0.3794 val_accuracy=0.8951 val_macro_f1=0.8650 val_macro_auc=0.9884 (checkpoint_metric=macro_auc)
train epoch 39/200 batch 53/267 (20%) running_loss=0.7248
train epoch 39/200 batch 106/267 (40%) running_loss=0.7314
train epoch 39/200 batch 159/267 (60%) running_loss=0.7308
train epoch 39/200 batch 212/267 (79%) running_loss=0.7300
train epoch 39/200 batch 265/267 (99%) running_loss=0.7279
train epoch 39/200 batch 267/267 (100%) running_loss=0.7279
epoch 39/200 done: train_loss=0.7279 val_loss=0.3830 val_accuracy=0.8828 val_macro_f1=0.8220 val_macro_auc=0.9882 (checkpoint_metric=macro_auc)
train epoch 40/200 batch 53/267 (20%) running_loss=0.7449
train epoch 40/200 batch 106/267 (40%) running_loss=0.7409
train epoch 40/200 batch 159/267 (60%) running_loss=0.7424
train epoch 40/200 batch 212/267 (79%) running_loss=0.7371
train epoch 40/200 batch 265/267 (99%) running_loss=0.7296
train epoch 40/200 batch 267/267 (100%) running_loss=0.7302
epoch 40/200 done: train_loss=0.7302 val_loss=0.3406 val_accuracy=0.9069 val_macro_f1=0.8864 val_macro_auc=0.9892 (checkpoint_metric=macro_auc) [new best]
train epoch 41/200 batch 53/267 (20%) running_loss=0.7195
train epoch 41/200 batch 106/267 (40%) running_loss=0.7238
train epoch 41/200 batch 159/267 (60%) running_loss=0.7251
train epoch 41/200 batch 212/267 (79%) running_loss=0.7237
train epoch 41/200 batch 265/267 (99%) running_loss=0.7203
train epoch 41/200 batch 267/267 (100%) running_loss=0.7202
epoch 41/200 done: train_loss=0.7202 val_loss=0.3812 val_accuracy=0.8941 val_macro_f1=0.8646 val_macro_auc=0.9887 (checkpoint_metric=macro_auc) [new best]
train epoch 42/200 batch 53/267 (20%) running_loss=0.7367
train epoch 42/200 batch 106/267 (40%) running_loss=0.7294
train epoch 42/200 batch 159/267 (60%) running_loss=0.7232
train epoch 42/200 batch 212/267 (79%) running_loss=0.7158
train epoch 42/200 batch 265/267 (99%) running_loss=0.7148
train epoch 42/200 batch 267/267 (100%) running_loss=0.7146
epoch 42/200 done: train_loss=0.7146 val_loss=0.3742 val_accuracy=0.8999 val_macro_f1=0.8740 val_macro_auc=0.9882 (checkpoint_metric=macro_auc)
train epoch 43/200 batch 53/267 (20%) running_loss=0.7188
train epoch 43/200 batch 106/267 (40%) running_loss=0.7105
train epoch 43/200 batch 159/267 (60%) running_loss=0.7181
train epoch 43/200 batch 212/267 (79%) running_loss=0.7139
train epoch 43/200 batch 265/267 (99%) running_loss=0.7160
train epoch 43/200 batch 267/267 (100%) running_loss=0.7160
epoch 43/200 done: train_loss=0.7160 val_loss=0.3631 val_accuracy=0.8903 val_macro_f1=0.8599 val_macro_auc=0.9893 (checkpoint_metric=macro_auc) [new best]
train epoch 44/200 batch 53/267 (20%) running_loss=0.7001
train epoch 44/200 batch 106/267 (40%) running_loss=0.7017
train epoch 44/200 batch 159/267 (60%) running_loss=0.7013
train epoch 44/200 batch 212/267 (79%) running_loss=0.7021
train epoch 44/200 batch 265/267 (99%) running_loss=0.7023
train epoch 44/200 batch 267/267 (100%) running_loss=0.7019
epoch 44/200 done: train_loss=0.7019 val_loss=0.3136 val_accuracy=0.9272 val_macro_f1=0.9147 val_macro_auc=0.9909 (checkpoint_metric=macro_auc) [new best]
train epoch 45/200 batch 53/267 (20%) running_loss=0.7093
train epoch 45/200 batch 106/267 (40%) running_loss=0.7087
train epoch 45/200 batch 159/267 (60%) running_loss=0.7083
train epoch 45/200 batch 212/267 (79%) running_loss=0.7125
train epoch 45/200 batch 265/267 (99%) running_loss=0.7132
train epoch 45/200 batch 267/267 (100%) running_loss=0.7135
epoch 45/200 done: train_loss=0.7135 val_loss=0.3440 val_accuracy=0.8989 val_macro_f1=0.8709 val_macro_auc=0.9897 (checkpoint_metric=macro_auc) [new best]
train epoch 46/200 batch 53/267 (20%) running_loss=0.7150
train epoch 46/200 batch 106/267 (40%) running_loss=0.7017
train epoch 46/200 batch 159/267 (60%) running_loss=0.7037
train epoch 46/200 batch 212/267 (79%) running_loss=0.7056
train epoch 46/200 batch 265/267 (99%) running_loss=0.7027
train epoch 46/200 batch 267/267 (100%) running_loss=0.7023
epoch 46/200 done: train_loss=0.7023 val_loss=0.3694 val_accuracy=0.9026 val_macro_f1=0.8788 val_macro_auc=0.9902 (checkpoint_metric=macro_auc) [new best]
train epoch 47/200 batch 53/267 (20%) running_loss=0.6825
train epoch 47/200 batch 106/267 (40%) running_loss=0.6876
train epoch 47/200 batch 159/267 (60%) running_loss=0.6914
train epoch 47/200 batch 212/267 (79%) running_loss=0.7025
train epoch 47/200 batch 265/267 (99%) running_loss=0.7033
train epoch 47/200 batch 267/267 (100%) running_loss=0.7034
epoch 47/200 done: train_loss=0.7034 val_loss=0.3985 val_accuracy=0.8839 val_macro_f1=0.8439 val_macro_auc=0.9880 (checkpoint_metric=macro_auc)
train epoch 48/200 batch 53/267 (20%) running_loss=0.6965
train epoch 48/200 batch 106/267 (40%) running_loss=0.7024
train epoch 48/200 batch 159/267 (60%) running_loss=0.7120
train epoch 48/200 batch 212/267 (79%) running_loss=0.7093
train epoch 48/200 batch 265/267 (99%) running_loss=0.7073
train epoch 48/200 batch 267/267 (100%) running_loss=0.7070
epoch 48/200 done: train_loss=0.7070 val_loss=0.3420 val_accuracy=0.9112 val_macro_f1=0.8913 val_macro_auc=0.9894 (checkpoint_metric=macro_auc)
train epoch 49/200 batch 53/267 (20%) running_loss=0.7165
train epoch 49/200 batch 106/267 (40%) running_loss=0.7152
train epoch 49/200 batch 159/267 (60%) running_loss=0.7138
train epoch 49/200 batch 212/267 (79%) running_loss=0.7109
train epoch 49/200 batch 265/267 (99%) running_loss=0.7046
train epoch 49/200 batch 267/267 (100%) running_loss=0.7048
epoch 49/200 done: train_loss=0.7048 val_loss=0.3217 val_accuracy=0.9192 val_macro_f1=0.9029 val_macro_auc=0.9907 (checkpoint_metric=macro_auc)
train epoch 50/200 batch 53/267 (20%) running_loss=0.6767
train epoch 50/200 batch 106/267 (40%) running_loss=0.6894
train epoch 50/200 batch 159/267 (60%) running_loss=0.6867
train epoch 50/200 batch 212/267 (79%) running_loss=0.6916
train epoch 50/200 batch 265/267 (99%) running_loss=0.6925
train epoch 50/200 batch 267/267 (100%) running_loss=0.6929
epoch 50/200 done: train_loss=0.6929 val_loss=0.3410 val_accuracy=0.9096 val_macro_f1=0.8877 val_macro_auc=0.9903 (checkpoint_metric=macro_auc)
train epoch 51/200 batch 53/267 (20%) running_loss=0.7115
train epoch 51/200 batch 106/267 (40%) running_loss=0.7179
train epoch 51/200 batch 159/267 (60%) running_loss=0.7058
train epoch 51/200 batch 212/267 (79%) running_loss=0.6997
train epoch 51/200 batch 265/267 (99%) running_loss=0.7010
train epoch 51/200 batch 267/267 (100%) running_loss=0.7013
epoch 51/200 done: train_loss=0.7013 val_loss=0.3170 val_accuracy=0.9171 val_macro_f1=0.9009 val_macro_auc=0.9905 (checkpoint_metric=macro_auc) [new best]
train epoch 52/200 batch 53/267 (20%) running_loss=0.7106
train epoch 52/200 batch 106/267 (40%) running_loss=0.6971
train epoch 52/200 batch 159/267 (60%) running_loss=0.6950
train epoch 52/200 batch 212/267 (79%) running_loss=0.6955
train epoch 52/200 batch 265/267 (99%) running_loss=0.6959
train epoch 52/200 batch 267/267 (100%) running_loss=0.6960
epoch 52/200 done: train_loss=0.6960 val_loss=0.3398 val_accuracy=0.9139 val_macro_f1=0.8997 val_macro_auc=0.9912 (checkpoint_metric=macro_auc) [new best]
train epoch 53/200 batch 53/267 (20%) running_loss=0.6893
train epoch 53/200 batch 106/267 (40%) running_loss=0.6882
train epoch 53/200 batch 159/267 (60%) running_loss=0.6911
train epoch 53/200 batch 212/267 (79%) running_loss=0.6914
train epoch 53/200 batch 265/267 (99%) running_loss=0.6868
train epoch 53/200 batch 267/267 (100%) running_loss=0.6875
epoch 53/200 done: train_loss=0.6875 val_loss=0.3042 val_accuracy=0.9197 val_macro_f1=0.9047 val_macro_auc=0.9921 (checkpoint_metric=macro_auc) [new best]
train epoch 54/200 batch 53/267 (20%) running_loss=0.6976
train epoch 54/200 batch 106/267 (40%) running_loss=0.6916
train epoch 54/200 batch 159/267 (60%) running_loss=0.6906
train epoch 54/200 batch 212/267 (79%) running_loss=0.6899
train epoch 54/200 batch 265/267 (99%) running_loss=0.6874
train epoch 54/200 batch 267/267 (100%) running_loss=0.6873
epoch 54/200 done: train_loss=0.6873 val_loss=0.3395 val_accuracy=0.9176 val_macro_f1=0.9014 val_macro_auc=0.9906 (checkpoint_metric=macro_auc) [new best]
train epoch 55/200 batch 53/267 (20%) running_loss=0.6959
train epoch 55/200 batch 106/267 (40%) running_loss=0.6855
train epoch 55/200 batch 159/267 (60%) running_loss=0.6874
train epoch 55/200 batch 212/267 (79%) running_loss=0.6875
train epoch 55/200 batch 265/267 (99%) running_loss=0.6866
train epoch 55/200 batch 267/267 (100%) running_loss=0.6868
epoch 55/200 done: train_loss=0.6868 val_loss=0.2995 val_accuracy=0.9224 val_macro_f1=0.9035 val_macro_auc=0.9925 (checkpoint_metric=macro_auc) [new best]
train epoch 56/200 batch 53/267 (20%) running_loss=0.6692
train epoch 56/200 batch 106/267 (40%) running_loss=0.6581
train epoch 56/200 batch 159/267 (60%) running_loss=0.6668
train epoch 56/200 batch 212/267 (79%) running_loss=0.6767
train epoch 56/200 batch 265/267 (99%) running_loss=0.6786
train epoch 56/200 batch 267/267 (100%) running_loss=0.6780
epoch 56/200 done: train_loss=0.6780 val_loss=0.3298 val_accuracy=0.8999 val_macro_f1=0.8661 val_macro_auc=0.9911 (checkpoint_metric=macro_auc)
train epoch 57/200 batch 53/267 (20%) running_loss=0.6572
train epoch 57/200 batch 106/267 (40%) running_loss=0.6595
train epoch 57/200 batch 159/267 (60%) running_loss=0.6713
train epoch 57/200 batch 212/267 (79%) running_loss=0.6785
train epoch 57/200 batch 265/267 (99%) running_loss=0.6789
train epoch 57/200 batch 267/267 (100%) running_loss=0.6789
epoch 57/200 done: train_loss=0.6789 val_loss=0.3186 val_accuracy=0.9187 val_macro_f1=0.9025 val_macro_auc=0.9914 (checkpoint_metric=macro_auc)
train epoch 58/200 batch 53/267 (20%) running_loss=0.6951
train epoch 58/200 batch 106/267 (40%) running_loss=0.6909
train epoch 58/200 batch 159/267 (60%) running_loss=0.6824
train epoch 58/200 batch 212/267 (79%) running_loss=0.6747
train epoch 58/200 batch 265/267 (99%) running_loss=0.6745
train epoch 58/200 batch 267/267 (100%) running_loss=0.6747
epoch 58/200 done: train_loss=0.6747 val_loss=0.3438 val_accuracy=0.9096 val_macro_f1=0.8867 val_macro_auc=0.9894 (checkpoint_metric=macro_auc)
train epoch 59/200 batch 53/267 (20%) running_loss=0.6696
train epoch 59/200 batch 106/267 (40%) running_loss=0.6623
train epoch 59/200 batch 159/267 (60%) running_loss=0.6686
train epoch 59/200 batch 212/267 (79%) running_loss=0.6667
train epoch 59/200 batch 265/267 (99%) running_loss=0.6761
train epoch 59/200 batch 267/267 (100%) running_loss=0.6757
epoch 59/200 done: train_loss=0.6757 val_loss=0.3096 val_accuracy=0.9224 val_macro_f1=0.9037 val_macro_auc=0.9922 (checkpoint_metric=macro_auc)
train epoch 60/200 batch 53/267 (20%) running_loss=0.6756
train epoch 60/200 batch 106/267 (40%) running_loss=0.6708
train epoch 60/200 batch 159/267 (60%) running_loss=0.6708
train epoch 60/200 batch 212/267 (79%) running_loss=0.6679
train epoch 60/200 batch 265/267 (99%) running_loss=0.6715
train epoch 60/200 batch 267/267 (100%) running_loss=0.6716
epoch 60/200 done: train_loss=0.6716 val_loss=0.3323 val_accuracy=0.9213 val_macro_f1=0.9060 val_macro_auc=0.9932 (checkpoint_metric=macro_auc)
train epoch 61/200 batch 53/267 (20%) running_loss=0.6691
train epoch 61/200 batch 106/267 (40%) running_loss=0.6735
train epoch 61/200 batch 159/267 (60%) running_loss=0.6760
train epoch 61/200 batch 212/267 (79%) running_loss=0.6724
train epoch 61/200 batch 265/267 (99%) running_loss=0.6703
train epoch 61/200 batch 267/267 (100%) running_loss=0.6704
epoch 61/200 done: train_loss=0.6704 val_loss=0.3819 val_accuracy=0.8925 val_macro_f1=0.8652 val_macro_auc=0.9882 (checkpoint_metric=macro_auc)
train epoch 62/200 batch 53/267 (20%) running_loss=0.6551
train epoch 62/200 batch 106/267 (40%) running_loss=0.6638
train epoch 62/200 batch 159/267 (60%) running_loss=0.6722
train epoch 62/200 batch 212/267 (79%) running_loss=0.6789
train epoch 62/200 batch 265/267 (99%) running_loss=0.6819
train epoch 62/200 batch 267/267 (100%) running_loss=0.6826
epoch 62/200 done: train_loss=0.6826 val_loss=0.3793 val_accuracy=0.8983 val_macro_f1=0.8828 val_macro_auc=0.9896 (checkpoint_metric=macro_auc)
train epoch 63/200 batch 53/267 (20%) running_loss=0.6723
train epoch 63/200 batch 106/267 (40%) running_loss=0.6681
train epoch 63/200 batch 159/267 (60%) running_loss=0.6660
train epoch 63/200 batch 212/267 (79%) running_loss=0.6714
train epoch 63/200 batch 265/267 (99%) running_loss=0.6714
train epoch 63/200 batch 267/267 (100%) running_loss=0.6711
epoch 63/200 done: train_loss=0.6711 val_loss=0.3070 val_accuracy=0.9176 val_macro_f1=0.9031 val_macro_auc=0.9922 (checkpoint_metric=macro_auc)
train epoch 64/200 batch 53/267 (20%) running_loss=0.6828
train epoch 64/200 batch 106/267 (40%) running_loss=0.6758
train epoch 64/200 batch 159/267 (60%) running_loss=0.6744
train epoch 64/200 batch 212/267 (79%) running_loss=0.6689
train epoch 64/200 batch 265/267 (99%) running_loss=0.6674
train epoch 64/200 batch 267/267 (100%) running_loss=0.6678
epoch 64/200 done: train_loss=0.6678 val_loss=0.3679 val_accuracy=0.9016 val_macro_f1=0.8871 val_macro_auc=0.9903 (checkpoint_metric=macro_auc)
train epoch 65/200 batch 53/267 (20%) running_loss=0.6887
train epoch 65/200 batch 106/267 (40%) running_loss=0.6754
train epoch 65/200 batch 159/267 (60%) running_loss=0.6756
train epoch 65/200 batch 212/267 (79%) running_loss=0.6745
train epoch 65/200 batch 265/267 (99%) running_loss=0.6702
train epoch 65/200 batch 267/267 (100%) running_loss=0.6705
epoch 65/200 done: train_loss=0.6705 val_loss=0.3141 val_accuracy=0.9133 val_macro_f1=0.8904 val_macro_auc=0.9919 (checkpoint_metric=macro_auc)
train epoch 66/200 batch 53/267 (20%) running_loss=0.6613
train epoch 66/200 batch 106/267 (40%) running_loss=0.6650
train epoch 66/200 batch 159/267 (60%) running_loss=0.6610
train epoch 66/200 batch 212/267 (79%) running_loss=0.6653
train epoch 66/200 batch 265/267 (99%) running_loss=0.6640
train epoch 66/200 batch 267/267 (100%) running_loss=0.6643
epoch 66/200 done: train_loss=0.6643 val_loss=0.3104 val_accuracy=0.9149 val_macro_f1=0.8778 val_macro_auc=0.9913 (checkpoint_metric=macro_auc)
train epoch 67/200 batch 53/267 (20%) running_loss=0.6342
train epoch 67/200 batch 106/267 (40%) running_loss=0.6471
train epoch 67/200 batch 159/267 (60%) running_loss=0.6548
train epoch 67/200 batch 212/267 (79%) running_loss=0.6589
train epoch 67/200 batch 265/267 (99%) running_loss=0.6574
train epoch 67/200 batch 267/267 (100%) running_loss=0.6571
epoch 67/200 done: train_loss=0.6571 val_loss=0.3344 val_accuracy=0.9133 val_macro_f1=0.8957 val_macro_auc=0.9906 (checkpoint_metric=macro_auc)
train epoch 68/200 batch 53/267 (20%) running_loss=0.6620
train epoch 68/200 batch 106/267 (40%) running_loss=0.6511
train epoch 68/200 batch 159/267 (60%) running_loss=0.6566
train epoch 68/200 batch 212/267 (79%) running_loss=0.6556
train epoch 68/200 batch 265/267 (99%) running_loss=0.6555
train epoch 68/200 batch 267/267 (100%) running_loss=0.6556
epoch 68/200 done: train_loss=0.6556 val_loss=0.4138 val_accuracy=0.8689 val_macro_f1=0.8523 val_macro_auc=0.9887 (checkpoint_metric=macro_auc)
train epoch 69/200 batch 53/267 (20%) running_loss=0.6768
train epoch 69/200 batch 106/267 (40%) running_loss=0.6630
train epoch 69/200 batch 159/267 (60%) running_loss=0.6596
train epoch 69/200 batch 212/267 (79%) running_loss=0.6616
train epoch 69/200 batch 265/267 (99%) running_loss=0.6587
train epoch 69/200 batch 267/267 (100%) running_loss=0.6593
epoch 69/200 done: train_loss=0.6593 val_loss=0.3078 val_accuracy=0.9240 val_macro_f1=0.9059 val_macro_auc=0.9914 (checkpoint_metric=macro_auc)
train epoch 70/200 batch 53/267 (20%) running_loss=0.6644
train epoch 70/200 batch 106/267 (40%) running_loss=0.6713
train epoch 70/200 batch 159/267 (60%) running_loss=0.6626
train epoch 70/200 batch 212/267 (79%) running_loss=0.6602
train epoch 70/200 batch 265/267 (99%) running_loss=0.6583
train epoch 70/200 batch 267/267 (100%) running_loss=0.6584
epoch 70/200 done: train_loss=0.6584 val_loss=0.3104 val_accuracy=0.9181 val_macro_f1=0.8953 val_macro_auc=0.9888 (checkpoint_metric=macro_auc)
train epoch 71/200 batch 53/267 (20%) running_loss=0.6518
train epoch 71/200 batch 106/267 (40%) running_loss=0.6573
train epoch 71/200 batch 159/267 (60%) running_loss=0.6544
train epoch 71/200 batch 212/267 (79%) running_loss=0.6567
train epoch 71/200 batch 265/267 (99%) running_loss=0.6587
train epoch 71/200 batch 267/267 (100%) running_loss=0.6585
epoch 71/200 done: train_loss=0.6585 val_loss=0.3054 val_accuracy=0.9224 val_macro_f1=0.9049 val_macro_auc=0.9898 (checkpoint_metric=macro_auc)
train epoch 72/200 batch 53/267 (20%) running_loss=0.6298
train epoch 72/200 batch 106/267 (40%) running_loss=0.6459
train epoch 72/200 batch 159/267 (60%) running_loss=0.6520
train epoch 72/200 batch 212/267 (79%) running_loss=0.6515
train epoch 72/200 batch 265/267 (99%) running_loss=0.6534
train epoch 72/200 batch 267/267 (100%) running_loss=0.6543
epoch 72/200 done: train_loss=0.6543 val_loss=0.3094 val_accuracy=0.9246 val_macro_f1=0.9065 val_macro_auc=0.9930 (checkpoint_metric=macro_auc)
train epoch 73/200 batch 53/267 (20%) running_loss=0.6518
train epoch 73/200 batch 106/267 (40%) running_loss=0.6517
train epoch 73/200 batch 159/267 (60%) running_loss=0.6535
train epoch 73/200 batch 212/267 (79%) running_loss=0.6618
train epoch 73/200 batch 265/267 (99%) running_loss=0.6545
train epoch 73/200 batch 267/267 (100%) running_loss=0.6543
epoch 73/200 done: train_loss=0.6543 val_loss=0.2880 val_accuracy=0.9235 val_macro_f1=0.9064 val_macro_auc=0.9926 (checkpoint_metric=macro_auc) [new best]
train epoch 74/200 batch 53/267 (20%) running_loss=0.6701
train epoch 74/200 batch 106/267 (40%) running_loss=0.6467
train epoch 74/200 batch 159/267 (60%) running_loss=0.6499
train epoch 74/200 batch 212/267 (79%) running_loss=0.6470
train epoch 74/200 batch 265/267 (99%) running_loss=0.6481
train epoch 74/200 batch 267/267 (100%) running_loss=0.6481
epoch 74/200 done: train_loss=0.6481 val_loss=0.2767 val_accuracy=0.9272 val_macro_f1=0.9134 val_macro_auc=0.9939 (checkpoint_metric=macro_auc) [new best]
train epoch 75/200 batch 53/267 (20%) running_loss=0.6713
train epoch 75/200 batch 106/267 (40%) running_loss=0.6558
train epoch 75/200 batch 159/267 (60%) running_loss=0.6468
train epoch 75/200 batch 212/267 (79%) running_loss=0.6470
train epoch 75/200 batch 265/267 (99%) running_loss=0.6516
train epoch 75/200 batch 267/267 (100%) running_loss=0.6515
epoch 75/200 done: train_loss=0.6515 val_loss=0.2793 val_accuracy=0.9267 val_macro_f1=0.9108 val_macro_auc=0.9919 (checkpoint_metric=macro_auc)
train epoch 76/200 batch 53/267 (20%) running_loss=0.6626
train epoch 76/200 batch 106/267 (40%) running_loss=0.6513
train epoch 76/200 batch 159/267 (60%) running_loss=0.6499
train epoch 76/200 batch 212/267 (79%) running_loss=0.6500
train epoch 76/200 batch 265/267 (99%) running_loss=0.6567
train epoch 76/200 batch 267/267 (100%) running_loss=0.6566
epoch 76/200 done: train_loss=0.6566 val_loss=0.3733 val_accuracy=0.9048 val_macro_f1=0.8800 val_macro_auc=0.9904 (checkpoint_metric=macro_auc)
train epoch 77/200 batch 53/267 (20%) running_loss=0.6441
train epoch 77/200 batch 106/267 (40%) running_loss=0.6400
train epoch 77/200 batch 159/267 (60%) running_loss=0.6459
train epoch 77/200 batch 212/267 (79%) running_loss=0.6427
train epoch 77/200 batch 265/267 (99%) running_loss=0.6435
train epoch 77/200 batch 267/267 (100%) running_loss=0.6432
epoch 77/200 done: train_loss=0.6432 val_loss=0.3023 val_accuracy=0.9224 val_macro_f1=0.9063 val_macro_auc=0.9922 (checkpoint_metric=macro_auc)
train epoch 78/200 batch 53/267 (20%) running_loss=0.6460
train epoch 78/200 batch 106/267 (40%) running_loss=0.6377
train epoch 78/200 batch 159/267 (60%) running_loss=0.6379
train epoch 78/200 batch 212/267 (79%) running_loss=0.6435
train epoch 78/200 batch 265/267 (99%) running_loss=0.6422
train epoch 78/200 batch 267/267 (100%) running_loss=0.6426
epoch 78/200 done: train_loss=0.6426 val_loss=0.2737 val_accuracy=0.9283 val_macro_f1=0.9168 val_macro_auc=0.9918 (checkpoint_metric=macro_auc)
train epoch 79/200 batch 53/267 (20%) running_loss=0.6330
train epoch 79/200 batch 106/267 (40%) running_loss=0.6324
train epoch 79/200 batch 159/267 (60%) running_loss=0.6303
train epoch 79/200 batch 212/267 (79%) running_loss=0.6355
train epoch 79/200 batch 265/267 (99%) running_loss=0.6366
train epoch 79/200 batch 267/267 (100%) running_loss=0.6369
epoch 79/200 done: train_loss=0.6369 val_loss=0.3140 val_accuracy=0.9283 val_macro_f1=0.9151 val_macro_auc=0.9906 (checkpoint_metric=macro_auc)
train epoch 80/200 batch 53/267 (20%) running_loss=0.6551
train epoch 80/200 batch 106/267 (40%) running_loss=0.6506
train epoch 80/200 batch 159/267 (60%) running_loss=0.6528
train epoch 80/200 batch 212/267 (79%) running_loss=0.6493
train epoch 80/200 batch 265/267 (99%) running_loss=0.6483
train epoch 80/200 batch 267/267 (100%) running_loss=0.6481
epoch 80/200 done: train_loss=0.6481 val_loss=0.2801 val_accuracy=0.9315 val_macro_f1=0.9193 val_macro_auc=0.9932 (checkpoint_metric=macro_auc)
train epoch 81/200 batch 53/267 (20%) running_loss=0.6334
train epoch 81/200 batch 106/267 (40%) running_loss=0.6402
train epoch 81/200 batch 159/267 (60%) running_loss=0.6430
train epoch 81/200 batch 212/267 (79%) running_loss=0.6384
train epoch 81/200 batch 265/267 (99%) running_loss=0.6397
train epoch 81/200 batch 267/267 (100%) running_loss=0.6396
epoch 81/200 done: train_loss=0.6396 val_loss=0.2910 val_accuracy=0.9310 val_macro_f1=0.9158 val_macro_auc=0.9938 (checkpoint_metric=macro_auc)
train epoch 82/200 batch 53/267 (20%) running_loss=0.6341
train epoch 82/200 batch 106/267 (40%) running_loss=0.6352
train epoch 82/200 batch 159/267 (60%) running_loss=0.6451
train epoch 82/200 batch 212/267 (79%) running_loss=0.6417
train epoch 82/200 batch 265/267 (99%) running_loss=0.6435
train epoch 82/200 batch 267/267 (100%) running_loss=0.6441
epoch 82/200 done: train_loss=0.6441 val_loss=0.3099 val_accuracy=0.9310 val_macro_f1=0.9192 val_macro_auc=0.9934 (checkpoint_metric=macro_auc) [new best]
train epoch 83/200 batch 53/267 (20%) running_loss=0.6401
train epoch 83/200 batch 106/267 (40%) running_loss=0.6489
train epoch 83/200 batch 159/267 (60%) running_loss=0.6436
train epoch 83/200 batch 212/267 (79%) running_loss=0.6425
train epoch 83/200 batch 265/267 (99%) running_loss=0.6383
train epoch 83/200 batch 267/267 (100%) running_loss=0.6378
epoch 83/200 done: train_loss=0.6378 val_loss=0.3010 val_accuracy=0.9181 val_macro_f1=0.9075 val_macro_auc=0.9902 (checkpoint_metric=macro_auc)
train epoch 84/200 batch 53/267 (20%) running_loss=0.6242
train epoch 84/200 batch 106/267 (40%) running_loss=0.6411
train epoch 84/200 batch 159/267 (60%) running_loss=0.6292
train epoch 84/200 batch 212/267 (79%) running_loss=0.6318
train epoch 84/200 batch 265/267 (99%) running_loss=0.6307
train epoch 84/200 batch 267/267 (100%) running_loss=0.6309
epoch 84/200 done: train_loss=0.6309 val_loss=0.2902 val_accuracy=0.9304 val_macro_f1=0.9182 val_macro_auc=0.9923 (checkpoint_metric=macro_auc)
train epoch 85/200 batch 53/267 (20%) running_loss=0.6315
train epoch 85/200 batch 106/267 (40%) running_loss=0.6231
train epoch 85/200 batch 159/267 (60%) running_loss=0.6256
train epoch 85/200 batch 212/267 (79%) running_loss=0.6274
train epoch 85/200 batch 265/267 (99%) running_loss=0.6295
train epoch 85/200 batch 267/267 (100%) running_loss=0.6291
epoch 85/200 done: train_loss=0.6291 val_loss=0.3015 val_accuracy=0.9251 val_macro_f1=0.9059 val_macro_auc=0.9931 (checkpoint_metric=macro_auc)
train epoch 86/200 batch 53/267 (20%) running_loss=0.6363
train epoch 86/200 batch 106/267 (40%) running_loss=0.6359
train epoch 86/200 batch 159/267 (60%) running_loss=0.6378
train epoch 86/200 batch 212/267 (79%) running_loss=0.6355
train epoch 86/200 batch 265/267 (99%) running_loss=0.6347
train epoch 86/200 batch 267/267 (100%) running_loss=0.6345
epoch 86/200 done: train_loss=0.6345 val_loss=0.3081 val_accuracy=0.9139 val_macro_f1=0.8997 val_macro_auc=0.9936 (checkpoint_metric=macro_auc)
train epoch 87/200 batch 53/267 (20%) running_loss=0.6181
train epoch 87/200 batch 106/267 (40%) running_loss=0.6100
train epoch 87/200 batch 159/267 (60%) running_loss=0.6167
train epoch 87/200 batch 212/267 (79%) running_loss=0.6295
train epoch 87/200 batch 265/267 (99%) running_loss=0.6287
train epoch 87/200 batch 267/267 (100%) running_loss=0.6286
epoch 87/200 done: train_loss=0.6286 val_loss=0.2762 val_accuracy=0.9390 val_macro_f1=0.9285 val_macro_auc=0.9937 (checkpoint_metric=macro_auc) [new best]
train epoch 88/200 batch 53/267 (20%) running_loss=0.6041
train epoch 88/200 batch 106/267 (40%) running_loss=0.6092
train epoch 88/200 batch 159/267 (60%) running_loss=0.6157
train epoch 88/200 batch 212/267 (79%) running_loss=0.6200
train epoch 88/200 batch 265/267 (99%) running_loss=0.6267
train epoch 88/200 batch 267/267 (100%) running_loss=0.6270
epoch 88/200 done: train_loss=0.6270 val_loss=0.2772 val_accuracy=0.9331 val_macro_f1=0.9220 val_macro_auc=0.9931 (checkpoint_metric=macro_auc)
train epoch 89/200 batch 53/267 (20%) running_loss=0.6237
train epoch 89/200 batch 106/267 (40%) running_loss=0.6297
train epoch 89/200 batch 159/267 (60%) running_loss=0.6260
train epoch 89/200 batch 212/267 (79%) running_loss=0.6347
train epoch 89/200 batch 265/267 (99%) running_loss=0.6359
train epoch 89/200 batch 267/267 (100%) running_loss=0.6359
epoch 89/200 done: train_loss=0.6359 val_loss=0.2899 val_accuracy=0.9283 val_macro_f1=0.9161 val_macro_auc=0.9899 (checkpoint_metric=macro_auc)
train epoch 90/200 batch 53/267 (20%) running_loss=0.6363
train epoch 90/200 batch 106/267 (40%) running_loss=0.6283
train epoch 90/200 batch 159/267 (60%) running_loss=0.6290
train epoch 90/200 batch 212/267 (79%) running_loss=0.6299
train epoch 90/200 batch 265/267 (99%) running_loss=0.6277
train epoch 90/200 batch 267/267 (100%) running_loss=0.6279
epoch 90/200 done: train_loss=0.6279 val_loss=0.2684 val_accuracy=0.9304 val_macro_f1=0.9153 val_macro_auc=0.9942 (checkpoint_metric=macro_auc)
train epoch 91/200 batch 53/267 (20%) running_loss=0.6372
train epoch 91/200 batch 106/267 (40%) running_loss=0.6296
train epoch 91/200 batch 159/267 (60%) running_loss=0.6249
train epoch 91/200 batch 212/267 (79%) running_loss=0.6190
train epoch 91/200 batch 265/267 (99%) running_loss=0.6221
train epoch 91/200 batch 267/267 (100%) running_loss=0.6220
epoch 91/200 done: train_loss=0.6220 val_loss=0.2653 val_accuracy=0.9369 val_macro_f1=0.9250 val_macro_auc=0.9926 (checkpoint_metric=macro_auc)
train epoch 92/200 batch 53/267 (20%) running_loss=0.6295
train epoch 92/200 batch 106/267 (40%) running_loss=0.6244
train epoch 92/200 batch 159/267 (60%) running_loss=0.6169
train epoch 92/200 batch 212/267 (79%) running_loss=0.6185
train epoch 92/200 batch 265/267 (99%) running_loss=0.6220
train epoch 92/200 batch 267/267 (100%) running_loss=0.6217
epoch 92/200 done: train_loss=0.6217 val_loss=0.2612 val_accuracy=0.9385 val_macro_f1=0.9242 val_macro_auc=0.9928 (checkpoint_metric=macro_auc)
train epoch 93/200 batch 53/267 (20%) running_loss=0.5971
train epoch 93/200 batch 106/267 (40%) running_loss=0.6034
train epoch 93/200 batch 159/267 (60%) running_loss=0.6091
train epoch 93/200 batch 212/267 (79%) running_loss=0.6139
train epoch 93/200 batch 265/267 (99%) running_loss=0.6176
train epoch 93/200 batch 267/267 (100%) running_loss=0.6171
epoch 93/200 done: train_loss=0.6171 val_loss=0.2639 val_accuracy=0.9379 val_macro_f1=0.9267 val_macro_auc=0.9933 (checkpoint_metric=macro_auc)
train epoch 94/200 batch 53/267 (20%) running_loss=0.6329
train epoch 94/200 batch 106/267 (40%) running_loss=0.6320
train epoch 94/200 batch 159/267 (60%) running_loss=0.6254
train epoch 94/200 batch 212/267 (79%) running_loss=0.6278
train epoch 94/200 batch 265/267 (99%) running_loss=0.6239
train epoch 94/200 batch 267/267 (100%) running_loss=0.6238
epoch 94/200 done: train_loss=0.6238 val_loss=0.2685 val_accuracy=0.9379 val_macro_f1=0.9273 val_macro_auc=0.9920 (checkpoint_metric=macro_auc)
train epoch 95/200 batch 53/267 (20%) running_loss=0.6185
train epoch 95/200 batch 106/267 (40%) running_loss=0.6123
train epoch 95/200 batch 159/267 (60%) running_loss=0.6182
train epoch 95/200 batch 212/267 (79%) running_loss=0.6158
train epoch 95/200 batch 265/267 (99%) running_loss=0.6112
train epoch 95/200 batch 267/267 (100%) running_loss=0.6108
epoch 95/200 done: train_loss=0.6108 val_loss=0.3137 val_accuracy=0.9187 val_macro_f1=0.8954 val_macro_auc=0.9918 (checkpoint_metric=macro_auc)
train epoch 96/200 batch 53/267 (20%) running_loss=0.5990
train epoch 96/200 batch 106/267 (40%) running_loss=0.6027
train epoch 96/200 batch 159/267 (60%) running_loss=0.6076
train epoch 96/200 batch 212/267 (79%) running_loss=0.6094
train epoch 96/200 batch 265/267 (99%) running_loss=0.6146
train epoch 96/200 batch 267/267 (100%) running_loss=0.6144
epoch 96/200 done: train_loss=0.6144 val_loss=0.2652 val_accuracy=0.9326 val_macro_f1=0.9153 val_macro_auc=0.9929 (checkpoint_metric=macro_auc)
train epoch 97/200 batch 53/267 (20%) running_loss=0.5936
train epoch 97/200 batch 106/267 (40%) running_loss=0.6043
train epoch 97/200 batch 159/267 (60%) running_loss=0.6047
train epoch 97/200 batch 212/267 (79%) running_loss=0.6072
train epoch 97/200 batch 265/267 (99%) running_loss=0.6083
train epoch 97/200 batch 267/267 (100%) running_loss=0.6091
epoch 97/200 done: train_loss=0.6091 val_loss=0.2826 val_accuracy=0.9379 val_macro_f1=0.9261 val_macro_auc=0.9923 (checkpoint_metric=macro_auc)
train epoch 98/200 batch 53/267 (20%) running_loss=0.6101
train epoch 98/200 batch 106/267 (40%) running_loss=0.6172
train epoch 98/200 batch 159/267 (60%) running_loss=0.6152
train epoch 98/200 batch 212/267 (79%) running_loss=0.6138
train epoch 98/200 batch 265/267 (99%) running_loss=0.6114
train epoch 98/200 batch 267/267 (100%) running_loss=0.6116
epoch 98/200 done: train_loss=0.6116 val_loss=0.2557 val_accuracy=0.9363 val_macro_f1=0.9250 val_macro_auc=0.9937 (checkpoint_metric=macro_auc)
train epoch 99/200 batch 53/267 (20%) running_loss=0.6058
train epoch 99/200 batch 106/267 (40%) running_loss=0.6100
train epoch 99/200 batch 159/267 (60%) running_loss=0.6070
train epoch 99/200 batch 212/267 (79%) running_loss=0.6100
train epoch 99/200 batch 265/267 (99%) running_loss=0.6119
train epoch 99/200 batch 267/267 (100%) running_loss=0.6115
epoch 99/200 done: train_loss=0.6115 val_loss=0.2538 val_accuracy=0.9411 val_macro_f1=0.9297 val_macro_auc=0.9947 (checkpoint_metric=macro_auc) [new best]
train epoch 100/200 batch 53/267 (20%) running_loss=0.6028
train epoch 100/200 batch 106/267 (40%) running_loss=0.5996
train epoch 100/200 batch 159/267 (60%) running_loss=0.6046
train epoch 100/200 batch 212/267 (79%) running_loss=0.6073
train epoch 100/200 batch 265/267 (99%) running_loss=0.6120
train epoch 100/200 batch 267/267 (100%) running_loss=0.6122
epoch 100/200 done: train_loss=0.6122 val_loss=0.2917 val_accuracy=0.9320 val_macro_f1=0.9143 val_macro_auc=0.9931 (checkpoint_metric=macro_auc) [new best]
train epoch 101/200 batch 53/267 (20%) running_loss=0.6030
train epoch 101/200 batch 106/267 (40%) running_loss=0.5986
train epoch 101/200 batch 159/267 (60%) running_loss=0.6053
train epoch 101/200 batch 212/267 (79%) running_loss=0.6039
train epoch 101/200 batch 265/267 (99%) running_loss=0.6067
train epoch 101/200 batch 267/267 (100%) running_loss=0.6069
epoch 101/200 done: train_loss=0.6069 val_loss=0.2471 val_accuracy=0.9406 val_macro_f1=0.9316 val_macro_auc=0.9946 (checkpoint_metric=macro_auc) [new best]
train epoch 102/200 batch 53/267 (20%) running_loss=0.6081
train epoch 102/200 batch 106/267 (40%) running_loss=0.6113
train epoch 102/200 batch 159/267 (60%) running_loss=0.6080
train epoch 102/200 batch 212/267 (79%) running_loss=0.6097
train epoch 102/200 batch 265/267 (99%) running_loss=0.6053
train epoch 102/200 batch 267/267 (100%) running_loss=0.6050
epoch 102/200 done: train_loss=0.6050 val_loss=0.2315 val_accuracy=0.9444 val_macro_f1=0.9312 val_macro_auc=0.9952 (checkpoint_metric=macro_auc) [new best]
train epoch 103/200 batch 53/267 (20%) running_loss=0.5973
train epoch 103/200 batch 106/267 (40%) running_loss=0.5975
train epoch 103/200 batch 159/267 (60%) running_loss=0.5964
train epoch 103/200 batch 212/267 (79%) running_loss=0.5957
train epoch 103/200 batch 265/267 (99%) running_loss=0.6026
train epoch 103/200 batch 267/267 (100%) running_loss=0.6028
epoch 103/200 done: train_loss=0.6028 val_loss=0.2710 val_accuracy=0.9379 val_macro_f1=0.9256 val_macro_auc=0.9936 (checkpoint_metric=macro_auc) [new best]
train epoch 104/200 batch 53/267 (20%) running_loss=0.6118
train epoch 104/200 batch 106/267 (40%) running_loss=0.5998
train epoch 104/200 batch 159/267 (60%) running_loss=0.5948
train epoch 104/200 batch 212/267 (79%) running_loss=0.5980
train epoch 104/200 batch 265/267 (99%) running_loss=0.6048
train epoch 104/200 batch 267/267 (100%) running_loss=0.6047
epoch 104/200 done: train_loss=0.6047 val_loss=0.2481 val_accuracy=0.9411 val_macro_f1=0.9282 val_macro_auc=0.9938 (checkpoint_metric=macro_auc)
train epoch 105/200 batch 53/267 (20%) running_loss=0.6104
train epoch 105/200 batch 106/267 (40%) running_loss=0.6041
train epoch 105/200 batch 159/267 (60%) running_loss=0.5998
train epoch 105/200 batch 212/267 (79%) running_loss=0.6036
train epoch 105/200 batch 265/267 (99%) running_loss=0.6016
train epoch 105/200 batch 267/267 (100%) running_loss=0.6024
epoch 105/200 done: train_loss=0.6024 val_loss=0.2505 val_accuracy=0.9444 val_macro_f1=0.9336 val_macro_auc=0.9955 (checkpoint_metric=macro_auc)
train epoch 106/200 batch 53/267 (20%) running_loss=0.6040
train epoch 106/200 batch 106/267 (40%) running_loss=0.6089
train epoch 106/200 batch 159/267 (60%) running_loss=0.6038
train epoch 106/200 batch 212/267 (79%) running_loss=0.6041
train epoch 106/200 batch 265/267 (99%) running_loss=0.6029
train epoch 106/200 batch 267/267 (100%) running_loss=0.6035
epoch 106/200 done: train_loss=0.6035 val_loss=0.2940 val_accuracy=0.9358 val_macro_f1=0.9185 val_macro_auc=0.9930 (checkpoint_metric=macro_auc)
train epoch 107/200 batch 53/267 (20%) running_loss=0.5946
train epoch 107/200 batch 106/267 (40%) running_loss=0.5995
train epoch 107/200 batch 159/267 (60%) running_loss=0.6013
train epoch 107/200 batch 212/267 (79%) running_loss=0.6038
train epoch 107/200 batch 265/267 (99%) running_loss=0.6012
train epoch 107/200 batch 267/267 (100%) running_loss=0.6011
epoch 107/200 done: train_loss=0.6011 val_loss=0.2537 val_accuracy=0.9449 val_macro_f1=0.9338 val_macro_auc=0.9942 (checkpoint_metric=macro_auc)
train epoch 108/200 batch 53/267 (20%) running_loss=0.5878
train epoch 108/200 batch 106/267 (40%) running_loss=0.5846
train epoch 108/200 batch 159/267 (60%) running_loss=0.5915
train epoch 108/200 batch 212/267 (79%) running_loss=0.5963
train epoch 108/200 batch 265/267 (99%) running_loss=0.5982
train epoch 108/200 batch 267/267 (100%) running_loss=0.5985
epoch 108/200 done: train_loss=0.5985 val_loss=0.2602 val_accuracy=0.9374 val_macro_f1=0.9224 val_macro_auc=0.9926 (checkpoint_metric=macro_auc)
train epoch 109/200 batch 53/267 (20%) running_loss=0.5848
train epoch 109/200 batch 106/267 (40%) running_loss=0.5988
train epoch 109/200 batch 159/267 (60%) running_loss=0.5986
train epoch 109/200 batch 212/267 (79%) running_loss=0.5974
train epoch 109/200 batch 265/267 (99%) running_loss=0.5949
train epoch 109/200 batch 267/267 (100%) running_loss=0.5945
epoch 109/200 done: train_loss=0.5945 val_loss=0.2584 val_accuracy=0.9342 val_macro_f1=0.9209 val_macro_auc=0.9927 (checkpoint_metric=macro_auc)
train epoch 110/200 batch 53/267 (20%) running_loss=0.6037
train epoch 110/200 batch 106/267 (40%) running_loss=0.5919
train epoch 110/200 batch 159/267 (60%) running_loss=0.5954
train epoch 110/200 batch 212/267 (79%) running_loss=0.5907
train epoch 110/200 batch 265/267 (99%) running_loss=0.5969
train epoch 110/200 batch 267/267 (100%) running_loss=0.5971
epoch 110/200 done: train_loss=0.5971 val_loss=0.2467 val_accuracy=0.9417 val_macro_f1=0.9312 val_macro_auc=0.9950 (checkpoint_metric=macro_auc)
train epoch 111/200 batch 53/267 (20%) running_loss=0.6019
train epoch 111/200 batch 106/267 (40%) running_loss=0.5996
train epoch 111/200 batch 159/267 (60%) running_loss=0.6014
train epoch 111/200 batch 212/267 (79%) running_loss=0.6006
train epoch 111/200 batch 265/267 (99%) running_loss=0.5972
train epoch 111/200 batch 267/267 (100%) running_loss=0.5968
epoch 111/200 done: train_loss=0.5968 val_loss=0.2765 val_accuracy=0.9417 val_macro_f1=0.9283 val_macro_auc=0.9936 (checkpoint_metric=macro_auc)
train epoch 112/200 batch 53/267 (20%) running_loss=0.5866
train epoch 112/200 batch 106/267 (40%) running_loss=0.5846
train epoch 112/200 batch 159/267 (60%) running_loss=0.5885
train epoch 112/200 batch 212/267 (79%) running_loss=0.5874
train epoch 112/200 batch 265/267 (99%) running_loss=0.5906
train epoch 112/200 batch 267/267 (100%) running_loss=0.5906
epoch 112/200 done: train_loss=0.5906 val_loss=0.3169 val_accuracy=0.9149 val_macro_f1=0.9027 val_macro_auc=0.9925 (checkpoint_metric=macro_auc)
train epoch 113/200 batch 53/267 (20%) running_loss=0.6064
train epoch 113/200 batch 106/267 (40%) running_loss=0.5935
train epoch 113/200 batch 159/267 (60%) running_loss=0.5897
train epoch 113/200 batch 212/267 (79%) running_loss=0.5874
train epoch 113/200 batch 265/267 (99%) running_loss=0.5936
train epoch 113/200 batch 267/267 (100%) running_loss=0.5936
epoch 113/200 done: train_loss=0.5936 val_loss=0.2508 val_accuracy=0.9385 val_macro_f1=0.9240 val_macro_auc=0.9947 (checkpoint_metric=macro_auc)
train epoch 114/200 batch 53/267 (20%) running_loss=0.5734
train epoch 114/200 batch 106/267 (40%) running_loss=0.5764
train epoch 114/200 batch 159/267 (60%) running_loss=0.5828
train epoch 114/200 batch 212/267 (79%) running_loss=0.5914
train epoch 114/200 batch 265/267 (99%) running_loss=0.5950
train epoch 114/200 batch 267/267 (100%) running_loss=0.5954
epoch 114/200 done: train_loss=0.5954 val_loss=0.2598 val_accuracy=0.9347 val_macro_f1=0.9209 val_macro_auc=0.9937 (checkpoint_metric=macro_auc)
train epoch 115/200 batch 53/267 (20%) running_loss=0.5670
train epoch 115/200 batch 106/267 (40%) running_loss=0.5684
train epoch 115/200 batch 159/267 (60%) running_loss=0.5741
train epoch 115/200 batch 212/267 (79%) running_loss=0.5765
train epoch 115/200 batch 265/267 (99%) running_loss=0.5810
train epoch 115/200 batch 267/267 (100%) running_loss=0.5813
epoch 115/200 done: train_loss=0.5813 val_loss=0.2663 val_accuracy=0.9315 val_macro_f1=0.9127 val_macro_auc=0.9938 (checkpoint_metric=macro_auc)
train epoch 116/200 batch 53/267 (20%) running_loss=0.5867
train epoch 116/200 batch 106/267 (40%) running_loss=0.5895
train epoch 116/200 batch 159/267 (60%) running_loss=0.5859
train epoch 116/200 batch 212/267 (79%) running_loss=0.5845
train epoch 116/200 batch 265/267 (99%) running_loss=0.5839
train epoch 116/200 batch 267/267 (100%) running_loss=0.5839
epoch 116/200 done: train_loss=0.5839 val_loss=0.2273 val_accuracy=0.9449 val_macro_f1=0.9336 val_macro_auc=0.9953 (checkpoint_metric=macro_auc)
train epoch 117/200 batch 53/267 (20%) running_loss=0.5782
train epoch 117/200 batch 106/267 (40%) running_loss=0.5807
train epoch 117/200 batch 159/267 (60%) running_loss=0.5829
train epoch 117/200 batch 212/267 (79%) running_loss=0.5838
train epoch 117/200 batch 265/267 (99%) running_loss=0.5830
train epoch 117/200 batch 267/267 (100%) running_loss=0.5840
epoch 117/200 done: train_loss=0.5840 val_loss=0.2636 val_accuracy=0.9401 val_macro_f1=0.9284 val_macro_auc=0.9931 (checkpoint_metric=macro_auc)
train epoch 118/200 batch 53/267 (20%) running_loss=0.5801
train epoch 118/200 batch 106/267 (40%) running_loss=0.5815
train epoch 118/200 batch 159/267 (60%) running_loss=0.5825
train epoch 118/200 batch 212/267 (79%) running_loss=0.5791
train epoch 118/200 batch 265/267 (99%) running_loss=0.5820
train epoch 118/200 batch 267/267 (100%) running_loss=0.5818
epoch 118/200 done: train_loss=0.5818 val_loss=0.2613 val_accuracy=0.9395 val_macro_f1=0.9294 val_macro_auc=0.9946 (checkpoint_metric=macro_auc)
train epoch 119/200 batch 53/267 (20%) running_loss=0.6009
train epoch 119/200 batch 106/267 (40%) running_loss=0.5842
train epoch 119/200 batch 159/267 (60%) running_loss=0.5791
train epoch 119/200 batch 212/267 (79%) running_loss=0.5779
train epoch 119/200 batch 265/267 (99%) running_loss=0.5788
train epoch 119/200 batch 267/267 (100%) running_loss=0.5791
epoch 119/200 done: train_loss=0.5791 val_loss=0.2561 val_accuracy=0.9374 val_macro_f1=0.9201 val_macro_auc=0.9941 (checkpoint_metric=macro_auc)
train epoch 120/200 batch 53/267 (20%) running_loss=0.5703
train epoch 120/200 batch 106/267 (40%) running_loss=0.5697
train epoch 120/200 batch 159/267 (60%) running_loss=0.5796
train epoch 120/200 batch 212/267 (79%) running_loss=0.5827
train epoch 120/200 batch 265/267 (99%) running_loss=0.5847
train epoch 120/200 batch 267/267 (100%) running_loss=0.5845
epoch 120/200 done: train_loss=0.5845 val_loss=0.2473 val_accuracy=0.9433 val_macro_f1=0.9341 val_macro_auc=0.9942 (checkpoint_metric=macro_auc)
train epoch 121/200 batch 53/267 (20%) running_loss=0.5654
train epoch 121/200 batch 106/267 (40%) running_loss=0.5757
train epoch 121/200 batch 159/267 (60%) running_loss=0.5795
train epoch 121/200 batch 212/267 (79%) running_loss=0.5805
train epoch 121/200 batch 265/267 (99%) running_loss=0.5805
train epoch 121/200 batch 267/267 (100%) running_loss=0.5804
epoch 121/200 done: train_loss=0.5804 val_loss=0.2441 val_accuracy=0.9417 val_macro_f1=0.9304 val_macro_auc=0.9949 (checkpoint_metric=macro_auc)
train epoch 122/200 batch 53/267 (20%) running_loss=0.5672
train epoch 122/200 batch 106/267 (40%) running_loss=0.5802
train epoch 122/200 batch 159/267 (60%) running_loss=0.5728
train epoch 122/200 batch 212/267 (79%) running_loss=0.5778
train epoch 122/200 batch 265/267 (99%) running_loss=0.5768
train epoch 122/200 batch 267/267 (100%) running_loss=0.5767
epoch 122/200 done: train_loss=0.5767 val_loss=0.3089 val_accuracy=0.9176 val_macro_f1=0.9027 val_macro_auc=0.9928 (checkpoint_metric=macro_auc)
train epoch 123/200 batch 53/267 (20%) running_loss=0.5710
train epoch 123/200 batch 106/267 (40%) running_loss=0.5752
train epoch 123/200 batch 159/267 (60%) running_loss=0.5761
train epoch 123/200 batch 212/267 (79%) running_loss=0.5788
train epoch 123/200 batch 265/267 (99%) running_loss=0.5820
train epoch 123/200 batch 267/267 (100%) running_loss=0.5822
epoch 123/200 done: train_loss=0.5822 val_loss=0.2600 val_accuracy=0.9417 val_macro_f1=0.9288 val_macro_auc=0.9945 (checkpoint_metric=macro_auc)
train epoch 124/200 batch 53/267 (20%) running_loss=0.5787
train epoch 124/200 batch 106/267 (40%) running_loss=0.5728
train epoch 124/200 batch 159/267 (60%) running_loss=0.5705
train epoch 124/200 batch 212/267 (79%) running_loss=0.5716
train epoch 124/200 batch 265/267 (99%) running_loss=0.5728
train epoch 124/200 batch 267/267 (100%) running_loss=0.5733
epoch 124/200 done: train_loss=0.5733 val_loss=0.2685 val_accuracy=0.9422 val_macro_f1=0.9315 val_macro_auc=0.9936 (checkpoint_metric=macro_auc)
train epoch 125/200 batch 53/267 (20%) running_loss=0.5811
train epoch 125/200 batch 106/267 (40%) running_loss=0.5783
train epoch 125/200 batch 159/267 (60%) running_loss=0.5786
train epoch 125/200 batch 212/267 (79%) running_loss=0.5770
train epoch 125/200 batch 265/267 (99%) running_loss=0.5751
train epoch 125/200 batch 267/267 (100%) running_loss=0.5748
epoch 125/200 done: train_loss=0.5748 val_loss=0.2466 val_accuracy=0.9449 val_macro_f1=0.9333 val_macro_auc=0.9947 (checkpoint_metric=macro_auc)
train epoch 126/200 batch 53/267 (20%) running_loss=0.5632
train epoch 126/200 batch 106/267 (40%) running_loss=0.5760
train epoch 126/200 batch 159/267 (60%) running_loss=0.5776
train epoch 126/200 batch 212/267 (79%) running_loss=0.5805
train epoch 126/200 batch 265/267 (99%) running_loss=0.5796
train epoch 126/200 batch 267/267 (100%) running_loss=0.5799
epoch 126/200 done: train_loss=0.5799 val_loss=0.2287 val_accuracy=0.9476 val_macro_f1=0.9355 val_macro_auc=0.9943 (checkpoint_metric=macro_auc)
train epoch 127/200 batch 53/267 (20%) running_loss=0.5869
train epoch 127/200 batch 106/267 (40%) running_loss=0.5679
train epoch 127/200 batch 159/267 (60%) running_loss=0.5689
train epoch 127/200 batch 212/267 (79%) running_loss=0.5710
train epoch 127/200 batch 265/267 (99%) running_loss=0.5705
train epoch 127/200 batch 267/267 (100%) running_loss=0.5701
epoch 127/200 done: train_loss=0.5701 val_loss=0.2433 val_accuracy=0.9385 val_macro_f1=0.9265 val_macro_auc=0.9946 (checkpoint_metric=macro_auc) [new best]
train epoch 128/200 batch 53/267 (20%) running_loss=0.5553
train epoch 128/200 batch 106/267 (40%) running_loss=0.5618
train epoch 128/200 batch 159/267 (60%) running_loss=0.5657
train epoch 128/200 batch 212/267 (79%) running_loss=0.5667
train epoch 128/200 batch 265/267 (99%) running_loss=0.5663
train epoch 128/200 batch 267/267 (100%) running_loss=0.5670
epoch 128/200 done: train_loss=0.5670 val_loss=0.2335 val_accuracy=0.9428 val_macro_f1=0.9310 val_macro_auc=0.9941 (checkpoint_metric=macro_auc)
train epoch 129/200 batch 53/267 (20%) running_loss=0.5619
train epoch 129/200 batch 106/267 (40%) running_loss=0.5703
train epoch 129/200 batch 159/267 (60%) running_loss=0.5618
train epoch 129/200 batch 212/267 (79%) running_loss=0.5597
train epoch 129/200 batch 265/267 (99%) running_loss=0.5643
train epoch 129/200 batch 267/267 (100%) running_loss=0.5647
epoch 129/200 done: train_loss=0.5647 val_loss=0.2505 val_accuracy=0.9363 val_macro_f1=0.9254 val_macro_auc=0.9943 (checkpoint_metric=macro_auc)
train epoch 130/200 batch 53/267 (20%) running_loss=0.5678
train epoch 130/200 batch 106/267 (40%) running_loss=0.5683
train epoch 130/200 batch 159/267 (60%) running_loss=0.5619
train epoch 130/200 batch 212/267 (79%) running_loss=0.5603
train epoch 130/200 batch 265/267 (99%) running_loss=0.5627
train epoch 130/200 batch 267/267 (100%) running_loss=0.5626
epoch 130/200 done: train_loss=0.5626 val_loss=0.2422 val_accuracy=0.9454 val_macro_f1=0.9348 val_macro_auc=0.9950 (checkpoint_metric=macro_auc)
train epoch 131/200 batch 53/267 (20%) running_loss=0.5515
train epoch 131/200 batch 106/267 (40%) running_loss=0.5601
train epoch 131/200 batch 159/267 (60%) running_loss=0.5593
train epoch 131/200 batch 212/267 (79%) running_loss=0.5622
train epoch 131/200 batch 265/267 (99%) running_loss=0.5625
train epoch 131/200 batch 267/267 (100%) running_loss=0.5623
epoch 131/200 done: train_loss=0.5623 val_loss=0.2492 val_accuracy=0.9401 val_macro_f1=0.9264 val_macro_auc=0.9933 (checkpoint_metric=macro_auc)
train epoch 132/200 batch 53/267 (20%) running_loss=0.5533
train epoch 132/200 batch 106/267 (40%) running_loss=0.5507
train epoch 132/200 batch 159/267 (60%) running_loss=0.5552
train epoch 132/200 batch 212/267 (79%) running_loss=0.5516
train epoch 132/200 batch 265/267 (99%) running_loss=0.5558
train epoch 132/200 batch 267/267 (100%) running_loss=0.5563
epoch 132/200 done: train_loss=0.5563 val_loss=0.2929 val_accuracy=0.9331 val_macro_f1=0.9148 val_macro_auc=0.9919 (checkpoint_metric=macro_auc)
train epoch 133/200 batch 53/267 (20%) running_loss=0.5702
train epoch 133/200 batch 106/267 (40%) running_loss=0.5669
train epoch 133/200 batch 159/267 (60%) running_loss=0.5611
train epoch 133/200 batch 212/267 (79%) running_loss=0.5645
train epoch 133/200 batch 265/267 (99%) running_loss=0.5650
train epoch 133/200 batch 267/267 (100%) running_loss=0.5646
epoch 133/200 done: train_loss=0.5646 val_loss=0.2478 val_accuracy=0.9449 val_macro_f1=0.9335 val_macro_auc=0.9948 (checkpoint_metric=macro_auc)
train epoch 134/200 batch 53/267 (20%) running_loss=0.5797
train epoch 134/200 batch 106/267 (40%) running_loss=0.5679
train epoch 134/200 batch 159/267 (60%) running_loss=0.5688
train epoch 134/200 batch 212/267 (79%) running_loss=0.5685
train epoch 134/200 batch 265/267 (99%) running_loss=0.5645
train epoch 134/200 batch 267/267 (100%) running_loss=0.5640
epoch 134/200 done: train_loss=0.5640 val_loss=0.2368 val_accuracy=0.9422 val_macro_f1=0.9290 val_macro_auc=0.9948 (checkpoint_metric=macro_auc)
train epoch 135/200 batch 53/267 (20%) running_loss=0.5478
train epoch 135/200 batch 106/267 (40%) running_loss=0.5519
train epoch 135/200 batch 159/267 (60%) running_loss=0.5520
train epoch 135/200 batch 212/267 (79%) running_loss=0.5575
train epoch 135/200 batch 265/267 (99%) running_loss=0.5554
train epoch 135/200 batch 267/267 (100%) running_loss=0.5556
epoch 135/200 done: train_loss=0.5556 val_loss=0.2506 val_accuracy=0.9401 val_macro_f1=0.9298 val_macro_auc=0.9936 (checkpoint_metric=macro_auc)
train epoch 136/200 batch 53/267 (20%) running_loss=0.5593
train epoch 136/200 batch 106/267 (40%) running_loss=0.5569
train epoch 136/200 batch 159/267 (60%) running_loss=0.5498
train epoch 136/200 batch 212/267 (79%) running_loss=0.5545
train epoch 136/200 batch 265/267 (99%) running_loss=0.5570
train epoch 136/200 batch 267/267 (100%) running_loss=0.5568
epoch 136/200 done: train_loss=0.5568 val_loss=0.2260 val_accuracy=0.9481 val_macro_f1=0.9385 val_macro_auc=0.9946 (checkpoint_metric=macro_auc)
train epoch 137/200 batch 53/267 (20%) running_loss=0.5447
train epoch 137/200 batch 106/267 (40%) running_loss=0.5562
train epoch 137/200 batch 159/267 (60%) running_loss=0.5610
train epoch 137/200 batch 212/267 (79%) running_loss=0.5594
train epoch 137/200 batch 265/267 (99%) running_loss=0.5582
train epoch 137/200 batch 267/267 (100%) running_loss=0.5581
epoch 137/200 done: train_loss=0.5581 val_loss=0.2573 val_accuracy=0.9433 val_macro_f1=0.9323 val_macro_auc=0.9942 (checkpoint_metric=macro_auc)
train epoch 138/200 batch 53/267 (20%) running_loss=0.5489
train epoch 138/200 batch 106/267 (40%) running_loss=0.5510
train epoch 138/200 batch 159/267 (60%) running_loss=0.5539
train epoch 138/200 batch 212/267 (79%) running_loss=0.5515
train epoch 138/200 batch 265/267 (99%) running_loss=0.5502
train epoch 138/200 batch 267/267 (100%) running_loss=0.5509
epoch 138/200 done: train_loss=0.5509 val_loss=0.2467 val_accuracy=0.9444 val_macro_f1=0.9337 val_macro_auc=0.9937 (checkpoint_metric=macro_auc)
train epoch 139/200 batch 53/267 (20%) running_loss=0.5424
train epoch 139/200 batch 106/267 (40%) running_loss=0.5486
train epoch 139/200 batch 159/267 (60%) running_loss=0.5538
train epoch 139/200 batch 212/267 (79%) running_loss=0.5559
train epoch 139/200 batch 265/267 (99%) running_loss=0.5556
train epoch 139/200 batch 267/267 (100%) running_loss=0.5558
epoch 139/200 done: train_loss=0.5558 val_loss=0.2424 val_accuracy=0.9465 val_macro_f1=0.9371 val_macro_auc=0.9942 (checkpoint_metric=macro_auc)
train epoch 140/200 batch 53/267 (20%) running_loss=0.5416
train epoch 140/200 batch 106/267 (40%) running_loss=0.5441
train epoch 140/200 batch 159/267 (60%) running_loss=0.5450
train epoch 140/200 batch 212/267 (79%) running_loss=0.5476
train epoch 140/200 batch 265/267 (99%) running_loss=0.5489
train epoch 140/200 batch 267/267 (100%) running_loss=0.5492
epoch 140/200 done: train_loss=0.5492 val_loss=0.2665 val_accuracy=0.9363 val_macro_f1=0.9234 val_macro_auc=0.9930 (checkpoint_metric=macro_auc)
train epoch 141/200 batch 53/267 (20%) running_loss=0.5535
train epoch 141/200 batch 106/267 (40%) running_loss=0.5550
train epoch 141/200 batch 159/267 (60%) running_loss=0.5607
train epoch 141/200 batch 212/267 (79%) running_loss=0.5607
train epoch 141/200 batch 265/267 (99%) running_loss=0.5562
train epoch 141/200 batch 267/267 (100%) running_loss=0.5568
epoch 141/200 done: train_loss=0.5568 val_loss=0.2731 val_accuracy=0.9320 val_macro_f1=0.9155 val_macro_auc=0.9928 (checkpoint_metric=macro_auc)
train epoch 142/200 batch 53/267 (20%) running_loss=0.5517
train epoch 142/200 batch 106/267 (40%) running_loss=0.5454
train epoch 142/200 batch 159/267 (60%) running_loss=0.5426
train epoch 142/200 batch 212/267 (79%) running_loss=0.5428
train epoch 142/200 batch 265/267 (99%) running_loss=0.5448
train epoch 142/200 batch 267/267 (100%) running_loss=0.5446
epoch 142/200 done: train_loss=0.5446 val_loss=0.2449 val_accuracy=0.9460 val_macro_f1=0.9363 val_macro_auc=0.9940 (checkpoint_metric=macro_auc)
train epoch 143/200 batch 53/267 (20%) running_loss=0.5501
train epoch 143/200 batch 106/267 (40%) running_loss=0.5395
train epoch 143/200 batch 159/267 (60%) running_loss=0.5434
train epoch 143/200 batch 212/267 (79%) running_loss=0.5456
train epoch 143/200 batch 265/267 (99%) running_loss=0.5444
train epoch 143/200 batch 267/267 (100%) running_loss=0.5444
epoch 143/200 done: train_loss=0.5444 val_loss=0.2571 val_accuracy=0.9401 val_macro_f1=0.9242 val_macro_auc=0.9930 (checkpoint_metric=macro_auc)
train epoch 144/200 batch 53/267 (20%) running_loss=0.5469
train epoch 144/200 batch 106/267 (40%) running_loss=0.5452
train epoch 144/200 batch 159/267 (60%) running_loss=0.5451
train epoch 144/200 batch 212/267 (79%) running_loss=0.5454
train epoch 144/200 batch 265/267 (99%) running_loss=0.5447
train epoch 144/200 batch 267/267 (100%) running_loss=0.5447
epoch 144/200 done: train_loss=0.5447 val_loss=0.2335 val_accuracy=0.9524 val_macro_f1=0.9438 val_macro_auc=0.9946 (checkpoint_metric=macro_auc)
train epoch 145/200 batch 53/267 (20%) running_loss=0.5465
train epoch 145/200 batch 106/267 (40%) running_loss=0.5383
train epoch 145/200 batch 159/267 (60%) running_loss=0.5445
train epoch 145/200 batch 212/267 (79%) running_loss=0.5452
train epoch 145/200 batch 265/267 (99%) running_loss=0.5454
train epoch 145/200 batch 267/267 (100%) running_loss=0.5456
epoch 145/200 done: train_loss=0.5456 val_loss=0.2363 val_accuracy=0.9476 val_macro_f1=0.9386 val_macro_auc=0.9941 (checkpoint_metric=macro_auc)
train epoch 146/200 batch 53/267 (20%) running_loss=0.5587
train epoch 146/200 batch 106/267 (40%) running_loss=0.5513
train epoch 146/200 batch 159/267 (60%) running_loss=0.5425
train epoch 146/200 batch 212/267 (79%) running_loss=0.5441
train epoch 146/200 batch 265/267 (99%) running_loss=0.5469
train epoch 146/200 batch 267/267 (100%) running_loss=0.5468
epoch 146/200 done: train_loss=0.5468 val_loss=0.2698 val_accuracy=0.9454 val_macro_f1=0.9340 val_macro_auc=0.9933 (checkpoint_metric=macro_auc)
train epoch 147/200 batch 53/267 (20%) running_loss=0.5296
train epoch 147/200 batch 106/267 (40%) running_loss=0.5372
train epoch 147/200 batch 159/267 (60%) running_loss=0.5363
train epoch 147/200 batch 212/267 (79%) running_loss=0.5388
train epoch 147/200 batch 265/267 (99%) running_loss=0.5399
train epoch 147/200 batch 267/267 (100%) running_loss=0.5399
epoch 147/200 done: train_loss=0.5399 val_loss=0.2568 val_accuracy=0.9395 val_macro_f1=0.9265 val_macro_auc=0.9938 (checkpoint_metric=macro_auc)
train epoch 148/200 batch 53/267 (20%) running_loss=0.5227
train epoch 148/200 batch 106/267 (40%) running_loss=0.5274
train epoch 148/200 batch 159/267 (60%) running_loss=0.5305
train epoch 148/200 batch 212/267 (79%) running_loss=0.5303
train epoch 148/200 batch 265/267 (99%) running_loss=0.5367
train epoch 148/200 batch 267/267 (100%) running_loss=0.5364
epoch 148/200 done: train_loss=0.5364 val_loss=0.2408 val_accuracy=0.9454 val_macro_f1=0.9317 val_macro_auc=0.9943 (checkpoint_metric=macro_auc)
train epoch 149/200 batch 53/267 (20%) running_loss=0.5435
train epoch 149/200 batch 106/267 (40%) running_loss=0.5409
train epoch 149/200 batch 159/267 (60%) running_loss=0.5387
train epoch 149/200 batch 212/267 (79%) running_loss=0.5399
train epoch 149/200 batch 265/267 (99%) running_loss=0.5362
train epoch 149/200 batch 267/267 (100%) running_loss=0.5361
epoch 149/200 done: train_loss=0.5361 val_loss=0.2656 val_accuracy=0.9379 val_macro_f1=0.9248 val_macro_auc=0.9933 (checkpoint_metric=macro_auc)
train epoch 150/200 batch 53/267 (20%) running_loss=0.5394
train epoch 150/200 batch 106/267 (40%) running_loss=0.5351
train epoch 150/200 batch 159/267 (60%) running_loss=0.5381
train epoch 150/200 batch 212/267 (79%) running_loss=0.5355
train epoch 150/200 batch 265/267 (99%) running_loss=0.5366
train epoch 150/200 batch 267/267 (100%) running_loss=0.5371
epoch 150/200 done: train_loss=0.5371 val_loss=0.2670 val_accuracy=0.9444 val_macro_f1=0.9308 val_macro_auc=0.9926 (checkpoint_metric=macro_auc)
train epoch 151/200 batch 53/267 (20%) running_loss=0.5300
train epoch 151/200 batch 106/267 (40%) running_loss=0.5272
train epoch 151/200 batch 159/267 (60%) running_loss=0.5295
train epoch 151/200 batch 212/267 (79%) running_loss=0.5321
train epoch 151/200 batch 265/267 (99%) running_loss=0.5318
train epoch 151/200 batch 267/267 (100%) running_loss=0.5319
epoch 151/200 done: train_loss=0.5319 val_loss=0.2500 val_accuracy=0.9428 val_macro_f1=0.9316 val_macro_auc=0.9933 (checkpoint_metric=macro_auc)
train epoch 152/200 batch 53/267 (20%) running_loss=0.5256
train epoch 152/200 batch 106/267 (40%) running_loss=0.5249
train epoch 152/200 batch 159/267 (60%) running_loss=0.5277
train epoch 152/200 batch 212/267 (79%) running_loss=0.5306
train epoch 152/200 batch 265/267 (99%) running_loss=0.5314
train epoch 152/200 batch 267/267 (100%) running_loss=0.5316
epoch 152/200 done: train_loss=0.5316 val_loss=0.2444 val_accuracy=0.9486 val_macro_f1=0.9365 val_macro_auc=0.9934 (checkpoint_metric=macro_auc)
train epoch 153/200 batch 53/267 (20%) running_loss=0.5191
train epoch 153/200 batch 106/267 (40%) running_loss=0.5228
train epoch 153/200 batch 159/267 (60%) running_loss=0.5241
train epoch 153/200 batch 212/267 (79%) running_loss=0.5272
train epoch 153/200 batch 265/267 (99%) running_loss=0.5309
train epoch 153/200 batch 267/267 (100%) running_loss=0.5310
epoch 153/200 done: train_loss=0.5310 val_loss=0.2458 val_accuracy=0.9454 val_macro_f1=0.9356 val_macro_auc=0.9944 (checkpoint_metric=macro_auc)
train epoch 154/200 batch 53/267 (20%) running_loss=0.5258
train epoch 154/200 batch 106/267 (40%) running_loss=0.5239
train epoch 154/200 batch 159/267 (60%) running_loss=0.5220
train epoch 154/200 batch 212/267 (79%) running_loss=0.5227
train epoch 154/200 batch 265/267 (99%) running_loss=0.5246
train epoch 154/200 batch 267/267 (100%) running_loss=0.5250
epoch 154/200 done: train_loss=0.5250 val_loss=0.2388 val_accuracy=0.9481 val_macro_f1=0.9372 val_macro_auc=0.9942 (checkpoint_metric=macro_auc)
train epoch 155/200 batch 53/267 (20%) running_loss=0.5229
train epoch 155/200 batch 106/267 (40%) running_loss=0.5225
train epoch 155/200 batch 159/267 (60%) running_loss=0.5210
train epoch 155/200 batch 212/267 (79%) running_loss=0.5231
train epoch 155/200 batch 265/267 (99%) running_loss=0.5247
train epoch 155/200 batch 267/267 (100%) running_loss=0.5248
epoch 155/200 done: train_loss=0.5248 val_loss=0.2501 val_accuracy=0.9433 val_macro_f1=0.9318 val_macro_auc=0.9942 (checkpoint_metric=macro_auc)
train epoch 156/200 batch 53/267 (20%) running_loss=0.5177
train epoch 156/200 batch 106/267 (40%) running_loss=0.5216
train epoch 156/200 batch 159/267 (60%) running_loss=0.5227
train epoch 156/200 batch 212/267 (79%) running_loss=0.5216
train epoch 156/200 batch 265/267 (99%) running_loss=0.5235
train epoch 156/200 batch 267/267 (100%) running_loss=0.5234
epoch 156/200 done: train_loss=0.5234 val_loss=0.2415 val_accuracy=0.9470 val_macro_f1=0.9349 val_macro_auc=0.9946 (checkpoint_metric=macro_auc)
train epoch 157/200 batch 53/267 (20%) running_loss=0.5351
train epoch 157/200 batch 106/267 (40%) running_loss=0.5280
train epoch 157/200 batch 159/267 (60%) running_loss=0.5243
train epoch 157/200 batch 212/267 (79%) running_loss=0.5259
train epoch 157/200 batch 265/267 (99%) running_loss=0.5266
train epoch 157/200 batch 267/267 (100%) running_loss=0.5267
epoch 157/200 done: train_loss=0.5267 val_loss=0.2422 val_accuracy=0.9470 val_macro_f1=0.9351 val_macro_auc=0.9942 (checkpoint_metric=macro_auc)
train epoch 158/200 batch 53/267 (20%) running_loss=0.5148
train epoch 158/200 batch 106/267 (40%) running_loss=0.5183
train epoch 158/200 batch 159/267 (60%) running_loss=0.5187
train epoch 158/200 batch 212/267 (79%) running_loss=0.5178
train epoch 158/200 batch 265/267 (99%) running_loss=0.5210
train epoch 158/200 batch 267/267 (100%) running_loss=0.5211
epoch 158/200 done: train_loss=0.5211 val_loss=0.2348 val_accuracy=0.9481 val_macro_f1=0.9364 val_macro_auc=0.9945 (checkpoint_metric=macro_auc)
train epoch 159/200 batch 53/267 (20%) running_loss=0.5132
train epoch 159/200 batch 106/267 (40%) running_loss=0.5204
train epoch 159/200 batch 159/267 (60%) running_loss=0.5171
train epoch 159/200 batch 212/267 (79%) running_loss=0.5169
train epoch 159/200 batch 265/267 (99%) running_loss=0.5204
train epoch 159/200 batch 267/267 (100%) running_loss=0.5204
epoch 159/200 done: train_loss=0.5204 val_loss=0.2447 val_accuracy=0.9449 val_macro_f1=0.9354 val_macro_auc=0.9943 (checkpoint_metric=macro_auc)
train epoch 160/200 batch 53/267 (20%) running_loss=0.5217
train epoch 160/200 batch 106/267 (40%) running_loss=0.5288
train epoch 160/200 batch 159/267 (60%) running_loss=0.5289
train epoch 160/200 batch 212/267 (79%) running_loss=0.5271
train epoch 160/200 batch 265/267 (99%) running_loss=0.5262
train epoch 160/200 batch 267/267 (100%) running_loss=0.5262
epoch 160/200 done: train_loss=0.5262 val_loss=0.2423 val_accuracy=0.9481 val_macro_f1=0.9376 val_macro_auc=0.9941 (checkpoint_metric=macro_auc)
train epoch 161/200 batch 53/267 (20%) running_loss=0.5116
train epoch 161/200 batch 106/267 (40%) running_loss=0.5145
train epoch 161/200 batch 159/267 (60%) running_loss=0.5131
train epoch 161/200 batch 212/267 (79%) running_loss=0.5133
train epoch 161/200 batch 265/267 (99%) running_loss=0.5154
train epoch 161/200 batch 267/267 (100%) running_loss=0.5153
epoch 161/200 done: train_loss=0.5153 val_loss=0.2552 val_accuracy=0.9428 val_macro_f1=0.9293 val_macro_auc=0.9945 (checkpoint_metric=macro_auc)
train epoch 162/200 batch 53/267 (20%) running_loss=0.5152
train epoch 162/200 batch 106/267 (40%) running_loss=0.5205
train epoch 162/200 batch 159/267 (60%) running_loss=0.5176
train epoch 162/200 batch 212/267 (79%) running_loss=0.5178
train epoch 162/200 batch 265/267 (99%) running_loss=0.5172
train epoch 162/200 batch 267/267 (100%) running_loss=0.5172
epoch 162/200 done: train_loss=0.5172 val_loss=0.2551 val_accuracy=0.9454 val_macro_f1=0.9335 val_macro_auc=0.9932 (checkpoint_metric=macro_auc)
train epoch 163/200 batch 53/267 (20%) running_loss=0.5263
train epoch 163/200 batch 106/267 (40%) running_loss=0.5229
train epoch 163/200 batch 159/267 (60%) running_loss=0.5192
train epoch 163/200 batch 212/267 (79%) running_loss=0.5195
train epoch 163/200 batch 265/267 (99%) running_loss=0.5159
train epoch 163/200 batch 267/267 (100%) running_loss=0.5158
epoch 163/200 done: train_loss=0.5158 val_loss=0.2441 val_accuracy=0.9492 val_macro_f1=0.9395 val_macro_auc=0.9937 (checkpoint_metric=macro_auc)
train epoch 164/200 batch 53/267 (20%) running_loss=0.5142
train epoch 164/200 batch 106/267 (40%) running_loss=0.5118
train epoch 164/200 batch 159/267 (60%) running_loss=0.5068
train epoch 164/200 batch 212/267 (79%) running_loss=0.5098
train epoch 164/200 batch 265/267 (99%) running_loss=0.5085
train epoch 164/200 batch 267/267 (100%) running_loss=0.5084
epoch 164/200 done: train_loss=0.5084 val_loss=0.2302 val_accuracy=0.9524 val_macro_f1=0.9437 val_macro_auc=0.9941 (checkpoint_metric=macro_auc)
train epoch 165/200 batch 53/267 (20%) running_loss=0.5175
train epoch 165/200 batch 106/267 (40%) running_loss=0.5137
train epoch 165/200 batch 159/267 (60%) running_loss=0.5117
train epoch 165/200 batch 212/267 (79%) running_loss=0.5136
train epoch 165/200 batch 265/267 (99%) running_loss=0.5132
train epoch 165/200 batch 267/267 (100%) running_loss=0.5135
epoch 165/200 done: train_loss=0.5135 val_loss=0.2464 val_accuracy=0.9497 val_macro_f1=0.9385 val_macro_auc=0.9945 (checkpoint_metric=macro_auc)
train epoch 166/200 batch 53/267 (20%) running_loss=0.5117
train epoch 166/200 batch 106/267 (40%) running_loss=0.5097
train epoch 166/200 batch 159/267 (60%) running_loss=0.5149
train epoch 166/200 batch 212/267 (79%) running_loss=0.5133
train epoch 166/200 batch 265/267 (99%) running_loss=0.5122
train epoch 166/200 batch 267/267 (100%) running_loss=0.5125
epoch 166/200 done: train_loss=0.5125 val_loss=0.2367 val_accuracy=0.9470 val_macro_f1=0.9357 val_macro_auc=0.9941 (checkpoint_metric=macro_auc)
train epoch 167/200 batch 53/267 (20%) running_loss=0.5000
train epoch 167/200 batch 106/267 (40%) running_loss=0.5011
train epoch 167/200 batch 159/267 (60%) running_loss=0.5074
train epoch 167/200 batch 212/267 (79%) running_loss=0.5099
train epoch 167/200 batch 265/267 (99%) running_loss=0.5106
train epoch 167/200 batch 267/267 (100%) running_loss=0.5103
epoch 167/200 done: train_loss=0.5103 val_loss=0.2452 val_accuracy=0.9465 val_macro_f1=0.9350 val_macro_auc=0.9946 (checkpoint_metric=macro_auc)
train epoch 168/200 batch 53/267 (20%) running_loss=0.4983
train epoch 168/200 batch 106/267 (40%) running_loss=0.5063
train epoch 168/200 batch 159/267 (60%) running_loss=0.5082
train epoch 168/200 batch 212/267 (79%) running_loss=0.5106
train epoch 168/200 batch 265/267 (99%) running_loss=0.5104
train epoch 168/200 batch 267/267 (100%) running_loss=0.5103
epoch 168/200 done: train_loss=0.5103 val_loss=0.2500 val_accuracy=0.9486 val_macro_f1=0.9376 val_macro_auc=0.9933 (checkpoint_metric=macro_auc)
train epoch 169/200 batch 53/267 (20%) running_loss=0.5144
train epoch 169/200 batch 106/267 (40%) running_loss=0.5089
train epoch 169/200 batch 159/267 (60%) running_loss=0.5081
train epoch 169/200 batch 212/267 (79%) running_loss=0.5057
train epoch 169/200 batch 265/267 (99%) running_loss=0.5113
train epoch 169/200 batch 267/267 (100%) running_loss=0.5116
epoch 169/200 done: train_loss=0.5116 val_loss=0.2387 val_accuracy=0.9497 val_macro_f1=0.9398 val_macro_auc=0.9948 (checkpoint_metric=macro_auc)
train epoch 170/200 batch 53/267 (20%) running_loss=0.5127
train epoch 170/200 batch 106/267 (40%) running_loss=0.5051
train epoch 170/200 batch 159/267 (60%) running_loss=0.5057
train epoch 170/200 batch 212/267 (79%) running_loss=0.5063
train epoch 170/200 batch 265/267 (99%) running_loss=0.5068
train epoch 170/200 batch 267/267 (100%) running_loss=0.5067
epoch 170/200 done: train_loss=0.5067 val_loss=0.2517 val_accuracy=0.9449 val_macro_f1=0.9317 val_macro_auc=0.9943 (checkpoint_metric=macro_auc)
train epoch 171/200 batch 53/267 (20%) running_loss=0.4946
train epoch 171/200 batch 106/267 (40%) running_loss=0.5015
train epoch 171/200 batch 159/267 (60%) running_loss=0.5023
train epoch 171/200 batch 212/267 (79%) running_loss=0.5035
train epoch 171/200 batch 265/267 (99%) running_loss=0.5041
train epoch 171/200 batch 267/267 (100%) running_loss=0.5039
epoch 171/200 done: train_loss=0.5039 val_loss=0.2429 val_accuracy=0.9470 val_macro_f1=0.9363 val_macro_auc=0.9938 (checkpoint_metric=macro_auc)
train epoch 172/200 batch 53/267 (20%) running_loss=0.5040
train epoch 172/200 batch 106/267 (40%) running_loss=0.5093
train epoch 172/200 batch 159/267 (60%) running_loss=0.5080
train epoch 172/200 batch 212/267 (79%) running_loss=0.5075
train epoch 172/200 batch 265/267 (99%) running_loss=0.5077
train epoch 172/200 batch 267/267 (100%) running_loss=0.5077
epoch 172/200 done: train_loss=0.5077 val_loss=0.2319 val_accuracy=0.9529 val_macro_f1=0.9412 val_macro_auc=0.9947 (checkpoint_metric=macro_auc)
train epoch 173/200 batch 53/267 (20%) running_loss=0.5016
train epoch 173/200 batch 106/267 (40%) running_loss=0.5010
train epoch 173/200 batch 159/267 (60%) running_loss=0.5036
train epoch 173/200 batch 212/267 (79%) running_loss=0.5031
train epoch 173/200 batch 265/267 (99%) running_loss=0.5041
train epoch 173/200 batch 267/267 (100%) running_loss=0.5041
epoch 173/200 done: train_loss=0.5041 val_loss=0.2443 val_accuracy=0.9465 val_macro_f1=0.9346 val_macro_auc=0.9936 (checkpoint_metric=macro_auc)
train epoch 174/200 batch 53/267 (20%) running_loss=0.5057
train epoch 174/200 batch 106/267 (40%) running_loss=0.5071
train epoch 174/200 batch 159/267 (60%) running_loss=0.5054
train epoch 174/200 batch 212/267 (79%) running_loss=0.5064
train epoch 174/200 batch 265/267 (99%) running_loss=0.5046
train epoch 174/200 batch 267/267 (100%) running_loss=0.5047
epoch 174/200 done: train_loss=0.5047 val_loss=0.2393 val_accuracy=0.9476 val_macro_f1=0.9351 val_macro_auc=0.9948 (checkpoint_metric=macro_auc)
train epoch 175/200 batch 53/267 (20%) running_loss=0.5027
train epoch 175/200 batch 106/267 (40%) running_loss=0.5018
train epoch 175/200 batch 159/267 (60%) running_loss=0.5021
train epoch 175/200 batch 212/267 (79%) running_loss=0.5006
train epoch 175/200 batch 265/267 (99%) running_loss=0.5004
train epoch 175/200 batch 267/267 (100%) running_loss=0.5004
epoch 175/200 done: train_loss=0.5004 val_loss=0.2439 val_accuracy=0.9497 val_macro_f1=0.9391 val_macro_auc=0.9949 (checkpoint_metric=macro_auc)
train epoch 176/200 batch 53/267 (20%) running_loss=0.5037
train epoch 176/200 batch 106/267 (40%) running_loss=0.4976
train epoch 176/200 batch 159/267 (60%) running_loss=0.4946
train epoch 176/200 batch 212/267 (79%) running_loss=0.4976
train epoch 176/200 batch 265/267 (99%) running_loss=0.4970
train epoch 176/200 batch 267/267 (100%) running_loss=0.4969
epoch 176/200 done: train_loss=0.4969 val_loss=0.2377 val_accuracy=0.9524 val_macro_f1=0.9430 val_macro_auc=0.9945 (checkpoint_metric=macro_auc) [new best]
train epoch 177/200 batch 53/267 (20%) running_loss=0.5030
train epoch 177/200 batch 106/267 (40%) running_loss=0.4988
train epoch 177/200 batch 159/267 (60%) running_loss=0.4992
train epoch 177/200 batch 212/267 (79%) running_loss=0.5008
train epoch 177/200 batch 265/267 (99%) running_loss=0.5009
train epoch 177/200 batch 267/267 (100%) running_loss=0.5007
epoch 177/200 done: train_loss=0.5007 val_loss=0.2392 val_accuracy=0.9497 val_macro_f1=0.9400 val_macro_auc=0.9948 (checkpoint_metric=macro_auc) [new best]
train epoch 178/200 batch 53/267 (20%) running_loss=0.4907
train epoch 178/200 batch 106/267 (40%) running_loss=0.4959
train epoch 178/200 batch 159/267 (60%) running_loss=0.4983
train epoch 178/200 batch 212/267 (79%) running_loss=0.4987
train epoch 178/200 batch 265/267 (99%) running_loss=0.4991
train epoch 178/200 batch 267/267 (100%) running_loss=0.4990
epoch 178/200 done: train_loss=0.4990 val_loss=0.2417 val_accuracy=0.9481 val_macro_f1=0.9363 val_macro_auc=0.9947 (checkpoint_metric=macro_auc)
train epoch 179/200 batch 53/267 (20%) running_loss=0.4948
train epoch 179/200 batch 106/267 (40%) running_loss=0.4967
train epoch 179/200 batch 159/267 (60%) running_loss=0.4945
train epoch 179/200 batch 212/267 (79%) running_loss=0.4957
train epoch 179/200 batch 265/267 (99%) running_loss=0.4944
train epoch 179/200 batch 267/267 (100%) running_loss=0.4944
epoch 179/200 done: train_loss=0.4944 val_loss=0.2379 val_accuracy=0.9502 val_macro_f1=0.9393 val_macro_auc=0.9948 (checkpoint_metric=macro_auc) [new best]
train epoch 180/200 batch 53/267 (20%) running_loss=0.4896
train epoch 180/200 batch 106/267 (40%) running_loss=0.4984
train epoch 180/200 batch 159/267 (60%) running_loss=0.4994
train epoch 180/200 batch 212/267 (79%) running_loss=0.4978
train epoch 180/200 batch 265/267 (99%) running_loss=0.4980
train epoch 180/200 batch 267/267 (100%) running_loss=0.4983
epoch 180/200 done: train_loss=0.4983 val_loss=0.2362 val_accuracy=0.9502 val_macro_f1=0.9381 val_macro_auc=0.9944 (checkpoint_metric=macro_auc)
train epoch 181/200 batch 53/267 (20%) running_loss=0.4952
train epoch 181/200 batch 106/267 (40%) running_loss=0.5003
train epoch 181/200 batch 159/267 (60%) running_loss=0.4929
train epoch 181/200 batch 212/267 (79%) running_loss=0.4936
train epoch 181/200 batch 265/267 (99%) running_loss=0.4920
train epoch 181/200 batch 267/267 (100%) running_loss=0.4925
epoch 181/200 done: train_loss=0.4925 val_loss=0.2326 val_accuracy=0.9545 val_macro_f1=0.9435 val_macro_auc=0.9944 (checkpoint_metric=macro_auc)
train epoch 182/200 batch 53/267 (20%) running_loss=0.4876
train epoch 182/200 batch 106/267 (40%) running_loss=0.4914
train epoch 182/200 batch 159/267 (60%) running_loss=0.4944
train epoch 182/200 batch 212/267 (79%) running_loss=0.4933
train epoch 182/200 batch 265/267 (99%) running_loss=0.4926
train epoch 182/200 batch 267/267 (100%) running_loss=0.4924
epoch 182/200 done: train_loss=0.4924 val_loss=0.2341 val_accuracy=0.9540 val_macro_f1=0.9428 val_macro_auc=0.9949 (checkpoint_metric=macro_auc)
train epoch 183/200 batch 53/267 (20%) running_loss=0.4915
train epoch 183/200 batch 106/267 (40%) running_loss=0.4947
train epoch 183/200 batch 159/267 (60%) running_loss=0.4924
train epoch 183/200 batch 212/267 (79%) running_loss=0.4928
train epoch 183/200 batch 265/267 (99%) running_loss=0.4933
train epoch 183/200 batch 267/267 (100%) running_loss=0.4932
epoch 183/200 done: train_loss=0.4932 val_loss=0.2365 val_accuracy=0.9529 val_macro_f1=0.9423 val_macro_auc=0.9943 (checkpoint_metric=macro_auc)
train epoch 184/200 batch 53/267 (20%) running_loss=0.4922
train epoch 184/200 batch 106/267 (40%) running_loss=0.4907
train epoch 184/200 batch 159/267 (60%) running_loss=0.4915
train epoch 184/200 batch 212/267 (79%) running_loss=0.4901
train epoch 184/200 batch 265/267 (99%) running_loss=0.4909
train epoch 184/200 batch 267/267 (100%) running_loss=0.4908
epoch 184/200 done: train_loss=0.4908 val_loss=0.2361 val_accuracy=0.9497 val_macro_f1=0.9377 val_macro_auc=0.9944 (checkpoint_metric=macro_auc)
train epoch 185/200 batch 53/267 (20%) running_loss=0.4996
train epoch 185/200 batch 106/267 (40%) running_loss=0.4930
train epoch 185/200 batch 159/267 (60%) running_loss=0.4912
train epoch 185/200 batch 212/267 (79%) running_loss=0.4897
train epoch 185/200 batch 265/267 (99%) running_loss=0.4912
train epoch 185/200 batch 267/267 (100%) running_loss=0.4910
epoch 185/200 done: train_loss=0.4910 val_loss=0.2334 val_accuracy=0.9529 val_macro_f1=0.9426 val_macro_auc=0.9949 (checkpoint_metric=macro_auc)
train epoch 186/200 batch 53/267 (20%) running_loss=0.5030
train epoch 186/200 batch 106/267 (40%) running_loss=0.4998
train epoch 186/200 batch 159/267 (60%) running_loss=0.4961
train epoch 186/200 batch 212/267 (79%) running_loss=0.4943
train epoch 186/200 batch 265/267 (99%) running_loss=0.4951
train epoch 186/200 batch 267/267 (100%) running_loss=0.4951
epoch 186/200 done: train_loss=0.4951 val_loss=0.2386 val_accuracy=0.9518 val_macro_f1=0.9408 val_macro_auc=0.9943 (checkpoint_metric=macro_auc)
train epoch 187/200 batch 53/267 (20%) running_loss=0.4968
train epoch 187/200 batch 106/267 (40%) running_loss=0.4937
train epoch 187/200 batch 159/267 (60%) running_loss=0.4940
train epoch 187/200 batch 212/267 (79%) running_loss=0.4943
train epoch 187/200 batch 265/267 (99%) running_loss=0.4942
train epoch 187/200 batch 267/267 (100%) running_loss=0.4945
epoch 187/200 done: train_loss=0.4945 val_loss=0.2456 val_accuracy=0.9476 val_macro_f1=0.9351 val_macro_auc=0.9940 (checkpoint_metric=macro_auc)
train epoch 188/200 batch 53/267 (20%) running_loss=0.5032
train epoch 188/200 batch 106/267 (40%) running_loss=0.4972
train epoch 188/200 batch 159/267 (60%) running_loss=0.4954
train epoch 188/200 batch 212/267 (79%) running_loss=0.4954
train epoch 188/200 batch 265/267 (99%) running_loss=0.4959
train epoch 188/200 batch 267/267 (100%) running_loss=0.4958
epoch 188/200 done: train_loss=0.4958 val_loss=0.2393 val_accuracy=0.9529 val_macro_f1=0.9420 val_macro_auc=0.9945 (checkpoint_metric=macro_auc)
train epoch 189/200 batch 53/267 (20%) running_loss=0.4911
train epoch 189/200 batch 106/267 (40%) running_loss=0.4912
train epoch 189/200 batch 159/267 (60%) running_loss=0.4913
train epoch 189/200 batch 212/267 (79%) running_loss=0.4920
train epoch 189/200 batch 265/267 (99%) running_loss=0.4917
train epoch 189/200 batch 267/267 (100%) running_loss=0.4916
epoch 189/200 done: train_loss=0.4916 val_loss=0.2430 val_accuracy=0.9481 val_macro_f1=0.9362 val_macro_auc=0.9942 (checkpoint_metric=macro_auc)
train epoch 190/200 batch 53/267 (20%) running_loss=0.4823
train epoch 190/200 batch 106/267 (40%) running_loss=0.4867
train epoch 190/200 batch 159/267 (60%) running_loss=0.4869
train epoch 190/200 batch 212/267 (79%) running_loss=0.4877
train epoch 190/200 batch 265/267 (99%) running_loss=0.4883
train epoch 190/200 batch 267/267 (100%) running_loss=0.4882
epoch 190/200 done: train_loss=0.4882 val_loss=0.2397 val_accuracy=0.9513 val_macro_f1=0.9390 val_macro_auc=0.9946 (checkpoint_metric=macro_auc)
train epoch 191/200 batch 53/267 (20%) running_loss=0.4893
train epoch 191/200 batch 106/267 (40%) running_loss=0.4919
train epoch 191/200 batch 159/267 (60%) running_loss=0.4881
train epoch 191/200 batch 212/267 (79%) running_loss=0.4910
train epoch 191/200 batch 265/267 (99%) running_loss=0.4903
train epoch 191/200 batch 267/267 (100%) running_loss=0.4903
epoch 191/200 done: train_loss=0.4903 val_loss=0.2417 val_accuracy=0.9508 val_macro_f1=0.9397 val_macro_auc=0.9945 (checkpoint_metric=macro_auc)
train epoch 192/200 batch 53/267 (20%) running_loss=0.4921
train epoch 192/200 batch 106/267 (40%) running_loss=0.4939
train epoch 192/200 batch 159/267 (60%) running_loss=0.4878
train epoch 192/200 batch 212/267 (79%) running_loss=0.4900
train epoch 192/200 batch 265/267 (99%) running_loss=0.4921
train epoch 192/200 batch 267/267 (100%) running_loss=0.4921
epoch 192/200 done: train_loss=0.4921 val_loss=0.2392 val_accuracy=0.9492 val_macro_f1=0.9376 val_macro_auc=0.9944 (checkpoint_metric=macro_auc)
train epoch 193/200 batch 53/267 (20%) running_loss=0.4920
train epoch 193/200 batch 106/267 (40%) running_loss=0.4845
train epoch 193/200 batch 159/267 (60%) running_loss=0.4871
train epoch 193/200 batch 212/267 (79%) running_loss=0.4886
train epoch 193/200 batch 265/267 (99%) running_loss=0.4910
train epoch 193/200 batch 267/267 (100%) running_loss=0.4909
epoch 193/200 done: train_loss=0.4909 val_loss=0.2432 val_accuracy=0.9529 val_macro_f1=0.9417 val_macro_auc=0.9944 (checkpoint_metric=macro_auc)
train epoch 194/200 batch 53/267 (20%) running_loss=0.4894
train epoch 194/200 batch 106/267 (40%) running_loss=0.4881
train epoch 194/200 batch 159/267 (60%) running_loss=0.4878
train epoch 194/200 batch 212/267 (79%) running_loss=0.4864
train epoch 194/200 batch 265/267 (99%) running_loss=0.4876
train epoch 194/200 batch 267/267 (100%) running_loss=0.4875
epoch 194/200 done: train_loss=0.4875 val_loss=0.2439 val_accuracy=0.9497 val_macro_f1=0.9389 val_macro_auc=0.9942 (checkpoint_metric=macro_auc)
train epoch 195/200 batch 53/267 (20%) running_loss=0.4891
train epoch 195/200 batch 106/267 (40%) running_loss=0.4900
train epoch 195/200 batch 159/267 (60%) running_loss=0.4891
train epoch 195/200 batch 212/267 (79%) running_loss=0.4880
train epoch 195/200 batch 265/267 (99%) running_loss=0.4866
train epoch 195/200 batch 267/267 (100%) running_loss=0.4868
epoch 195/200 done: train_loss=0.4868 val_loss=0.2399 val_accuracy=0.9492 val_macro_f1=0.9383 val_macro_auc=0.9945 (checkpoint_metric=macro_auc)
train epoch 196/200 batch 53/267 (20%) running_loss=0.4801
train epoch 196/200 batch 106/267 (40%) running_loss=0.4885
train epoch 196/200 batch 159/267 (60%) running_loss=0.4881
train epoch 196/200 batch 212/267 (79%) running_loss=0.4879
train epoch 196/200 batch 265/267 (99%) running_loss=0.4899
train epoch 196/200 batch 267/267 (100%) running_loss=0.4899
epoch 196/200 done: train_loss=0.4899 val_loss=0.2379 val_accuracy=0.9524 val_macro_f1=0.9420 val_macro_auc=0.9944 (checkpoint_metric=macro_auc)
train epoch 197/200 batch 53/267 (20%) running_loss=0.4850
train epoch 197/200 batch 106/267 (40%) running_loss=0.4917
train epoch 197/200 batch 159/267 (60%) running_loss=0.4954
train epoch 197/200 batch 212/267 (79%) running_loss=0.4945
train epoch 197/200 batch 265/267 (99%) running_loss=0.4934
train epoch 197/200 batch 267/267 (100%) running_loss=0.4932
epoch 197/200 done: train_loss=0.4932 val_loss=0.2367 val_accuracy=0.9513 val_macro_f1=0.9409 val_macro_auc=0.9944 (checkpoint_metric=macro_auc)
train epoch 198/200 batch 53/267 (20%) running_loss=0.4918
train epoch 198/200 batch 106/267 (40%) running_loss=0.4953
train epoch 198/200 batch 159/267 (60%) running_loss=0.4924
train epoch 198/200 batch 212/267 (79%) running_loss=0.4891
train epoch 198/200 batch 265/267 (99%) running_loss=0.4907
train epoch 198/200 batch 267/267 (100%) running_loss=0.4905
epoch 198/200 done: train_loss=0.4905 val_loss=0.2425 val_accuracy=0.9497 val_macro_f1=0.9380 val_macro_auc=0.9945 (checkpoint_metric=macro_auc)
train epoch 199/200 batch 53/267 (20%) running_loss=0.4899
train epoch 199/200 batch 106/267 (40%) running_loss=0.4895
train epoch 199/200 batch 159/267 (60%) running_loss=0.4922
train epoch 199/200 batch 212/267 (79%) running_loss=0.4943
train epoch 199/200 batch 265/267 (99%) running_loss=0.4939
train epoch 199/200 batch 267/267 (100%) running_loss=0.4939
epoch 199/200 done: train_loss=0.4939 val_loss=0.2459 val_accuracy=0.9497 val_macro_f1=0.9374 val_macro_auc=0.9944 (checkpoint_metric=macro_auc)
train epoch 200/200 batch 53/267 (20%) running_loss=0.4930
train epoch 200/200 batch 106/267 (40%) running_loss=0.4900
train epoch 200/200 batch 159/267 (60%) running_loss=0.4910
train epoch 200/200 batch 212/267 (79%) running_loss=0.4896
train epoch 200/200 batch 265/267 (99%) running_loss=0.4902
train epoch 200/200 batch 267/267 (100%) running_loss=0.4900
epoch 200/200 done: train_loss=0.4900 val_loss=0.2391 val_accuracy=0.9492 val_macro_f1=0.9376 val_macro_auc=0.9942 (checkpoint_metric=macro_auc)
Training finished. Best epoch=179, smoothed macro_auc=0.9948 (window=3)
Test set evaluated once: accuracy=0.9548 macro_f1=0.9432 macro_auc=0.9962
Best epoch: 179
Test accuracy: 0.9548
Test macro F1: 0.9432
Test macro AUC: 0.9962
