
======================================================================
STAGE 1/3: NSGA-II architecture search
======================================================================
Starting NSGA-II search on device=cuda
Dataset ready: 3 classes, 2102 train / 488 val samples; split=group-aware over 233 groups
Fixed 4 proxy batches (16 samples) selected for ZiCO
==========================================================
n_gen  |  n_eval  | n_nds  |      eps      |   indicator  
==========================================================
     1 |       20 |      9 |             - |             -
     2 |       40 |     17 |  0.0074408906 |         nadir
     3 |       60 |     20 |  0.2625681922 |         ideal
     4 |       80 |     20 |  0.0033168213 |         nadir
     5 |      100 |     20 |  0.0788597764 |         ideal
     6 |      120 |     20 |  0.0210979687 |             f
     7 |      140 |     20 |  0.1264342886 |         ideal
     8 |      160 |     20 |  0.0160052670 |             f
     9 |      180 |     20 |  0.0808336512 |         ideal
    10 |      200 |     20 |  0.0103225607 |         ideal
Search finished: 200 evaluations logged, 200 valid, 197 unique candidates cached
Pareto front: 71 architectures
Selected architecture 152e370991d4 (topsis_score=0.6308)
Saved 3D Pareto front plot to outputs/main1/search_run/pareto_front_3d.png
Saved 2D Pareto front plot to outputs/main1/search_run/pareto_front_2d.png
Selected architecture: 152e370991d481ac653c3ae1a59fb6d2481334d7b4d0208a77be525f5214e496

======================================================================
STAGE 2/3: augmentation policy search
======================================================================
Starting augmentation policy search on device=cuda
Reused split from outputs/main1/search_run/split_indices.json: 2102 train / 488 val samples
Captured shared initial weights for policy trials
Trial 1/25: starting (10 trial epochs)
trial epoch 1/10 batch 13/66 (20%) running_loss=1.1858
trial epoch 1/10 batch 26/66 (39%) running_loss=1.1891
trial epoch 1/10 batch 39/66 (59%) running_loss=1.1638
trial epoch 1/10 batch 52/66 (79%) running_loss=1.1474
trial epoch 1/10 batch 65/66 (98%) running_loss=1.1403
trial epoch 1/10 batch 66/66 (100%) running_loss=1.1383
trial epoch 1/10 done: train_loss=1.1383 val_macro_auc=0.5237
trial epoch 2/10 batch 13/66 (20%) running_loss=1.0910
trial epoch 2/10 batch 26/66 (39%) running_loss=1.1069
trial epoch 2/10 batch 39/66 (59%) running_loss=1.1028
trial epoch 2/10 batch 52/66 (79%) running_loss=1.0895
trial epoch 2/10 batch 65/66 (98%) running_loss=1.0838
trial epoch 2/10 batch 66/66 (100%) running_loss=1.0830
trial epoch 2/10 done: train_loss=1.0830 val_macro_auc=0.7540
trial epoch 3/10 batch 13/66 (20%) running_loss=0.9960
trial epoch 3/10 batch 26/66 (39%) running_loss=0.9951
trial epoch 3/10 batch 39/66 (59%) running_loss=0.9896
trial epoch 3/10 batch 52/66 (79%) running_loss=1.0024
trial epoch 3/10 batch 65/66 (98%) running_loss=1.0003
trial epoch 3/10 batch 66/66 (100%) running_loss=1.0027
trial epoch 3/10 done: train_loss=1.0027 val_macro_auc=0.7630
trial epoch 4/10 batch 13/66 (20%) running_loss=0.9419
trial epoch 4/10 batch 26/66 (39%) running_loss=0.9497
trial epoch 4/10 batch 39/66 (59%) running_loss=0.9565
trial epoch 4/10 batch 52/66 (79%) running_loss=0.9416
trial epoch 4/10 batch 65/66 (98%) running_loss=0.9365
trial epoch 4/10 batch 66/66 (100%) running_loss=0.9366
trial epoch 4/10 done: train_loss=0.9366 val_macro_auc=0.7674
trial epoch 5/10 batch 13/66 (20%) running_loss=0.8958
trial epoch 5/10 batch 26/66 (39%) running_loss=0.8774
trial epoch 5/10 batch 39/66 (59%) running_loss=0.8583
trial epoch 5/10 batch 52/66 (79%) running_loss=0.8759
trial epoch 5/10 batch 65/66 (98%) running_loss=0.8763
trial epoch 5/10 batch 66/66 (100%) running_loss=0.8766
trial epoch 5/10 done: train_loss=0.8766 val_macro_auc=0.7841
trial epoch 6/10 batch 13/66 (20%) running_loss=0.8648
trial epoch 6/10 batch 26/66 (39%) running_loss=0.8251
trial epoch 6/10 batch 39/66 (59%) running_loss=0.8181
trial epoch 6/10 batch 52/66 (79%) running_loss=0.8211
trial epoch 6/10 batch 65/66 (98%) running_loss=0.8272
trial epoch 6/10 batch 66/66 (100%) running_loss=0.8259
trial epoch 6/10 done: train_loss=0.8259 val_macro_auc=0.7940
trial epoch 7/10 batch 13/66 (20%) running_loss=0.7675
trial epoch 7/10 batch 26/66 (39%) running_loss=0.7621
trial epoch 7/10 batch 39/66 (59%) running_loss=0.7878
trial epoch 7/10 batch 52/66 (79%) running_loss=0.7929
trial epoch 7/10 batch 65/66 (98%) running_loss=0.7950
trial epoch 7/10 batch 66/66 (100%) running_loss=0.7932
trial epoch 7/10 done: train_loss=0.7932 val_macro_auc=0.8045
trial epoch 8/10 batch 13/66 (20%) running_loss=0.7766
trial epoch 8/10 batch 26/66 (39%) running_loss=0.7626
trial epoch 8/10 batch 39/66 (59%) running_loss=0.7538
trial epoch 8/10 batch 52/66 (79%) running_loss=0.7505
trial epoch 8/10 batch 65/66 (98%) running_loss=0.7545
trial epoch 8/10 batch 66/66 (100%) running_loss=0.7539
trial epoch 8/10 done: train_loss=0.7539 val_macro_auc=0.8116
trial epoch 9/10 batch 13/66 (20%) running_loss=0.7588
trial epoch 9/10 batch 26/66 (39%) running_loss=0.7492
trial epoch 9/10 batch 39/66 (59%) running_loss=0.7438
trial epoch 9/10 batch 52/66 (79%) running_loss=0.7457
trial epoch 9/10 batch 65/66 (98%) running_loss=0.7458
trial epoch 9/10 batch 66/66 (100%) running_loss=0.7451
trial epoch 9/10 done: train_loss=0.7451 val_macro_auc=0.8073
trial epoch 10/10 batch 13/66 (20%) running_loss=0.7057
trial epoch 10/10 batch 26/66 (39%) running_loss=0.7195
trial epoch 10/10 batch 39/66 (59%) running_loss=0.7263
trial epoch 10/10 batch 52/66 (79%) running_loss=0.7284
trial epoch 10/10 batch 65/66 (98%) running_loss=0.7253
trial epoch 10/10 batch 66/66 (100%) running_loss=0.7246
trial epoch 10/10 done: train_loss=0.7246 val_macro_auc=0.8045
Trial 1/25: finished val_macro_auc=0.8078 (best so far: 0.8078)
Trial 2/25: starting (10 trial epochs)
trial epoch 1/10 batch 13/66 (20%) running_loss=1.1909
trial epoch 1/10 batch 26/66 (39%) running_loss=1.1934
trial epoch 1/10 batch 39/66 (59%) running_loss=1.1881
trial epoch 1/10 batch 52/66 (79%) running_loss=1.1670
trial epoch 1/10 batch 65/66 (98%) running_loss=1.1556
trial epoch 1/10 batch 66/66 (100%) running_loss=1.1547
trial epoch 1/10 done: train_loss=1.1547 val_macro_auc=0.5987
trial epoch 2/10 batch 13/66 (20%) running_loss=1.0986
trial epoch 2/10 batch 26/66 (39%) running_loss=1.0981
trial epoch 2/10 batch 39/66 (59%) running_loss=1.0812
trial epoch 2/10 batch 52/66 (79%) running_loss=1.0648
trial epoch 2/10 batch 65/66 (98%) running_loss=1.0496
trial epoch 2/10 batch 66/66 (100%) running_loss=1.0487
trial epoch 2/10 done: train_loss=1.0487 val_macro_auc=0.7025
trial epoch 3/10 batch 13/66 (20%) running_loss=1.0130
trial epoch 3/10 batch 26/66 (39%) running_loss=1.0143
trial epoch 3/10 batch 39/66 (59%) running_loss=1.0124
trial epoch 3/10 batch 52/66 (79%) running_loss=1.0054
trial epoch 3/10 batch 65/66 (98%) running_loss=0.9899
trial epoch 3/10 batch 66/66 (100%) running_loss=0.9894
trial epoch 3/10 done: train_loss=0.9894 val_macro_auc=0.7382
trial epoch 4/10 batch 13/66 (20%) running_loss=0.9622
trial epoch 4/10 batch 26/66 (39%) running_loss=0.9477
trial epoch 4/10 batch 39/66 (59%) running_loss=0.9339
trial epoch 4/10 batch 52/66 (79%) running_loss=0.9283
trial epoch 4/10 batch 65/66 (98%) running_loss=0.9189
trial epoch 4/10 batch 66/66 (100%) running_loss=0.9171
trial epoch 4/10 done: train_loss=0.9171 val_macro_auc=0.7633
trial epoch 5/10 batch 13/66 (20%) running_loss=0.9038
trial epoch 5/10 batch 26/66 (39%) running_loss=0.8969
trial epoch 5/10 batch 39/66 (59%) running_loss=0.8812
trial epoch 5/10 batch 52/66 (79%) running_loss=0.8708
trial epoch 5/10 batch 65/66 (98%) running_loss=0.8721
trial epoch 5/10 batch 66/66 (100%) running_loss=0.8719
trial epoch 5/10 done: train_loss=0.8719 val_macro_auc=0.8190
trial epoch 6/10 batch 13/66 (20%) running_loss=0.8067
trial epoch 6/10 batch 26/66 (39%) running_loss=0.8184
trial epoch 6/10 batch 39/66 (59%) running_loss=0.8144
trial epoch 6/10 batch 52/66 (79%) running_loss=0.8018
trial epoch 6/10 batch 65/66 (98%) running_loss=0.7995
trial epoch 6/10 batch 66/66 (100%) running_loss=0.8018
trial epoch 6/10 done: train_loss=0.8018 val_macro_auc=0.7938
trial epoch 7/10 batch 13/66 (20%) running_loss=0.7877
trial epoch 7/10 batch 26/66 (39%) running_loss=0.8142
trial epoch 7/10 batch 39/66 (59%) running_loss=0.8048
trial epoch 7/10 batch 52/66 (79%) running_loss=0.7935
trial epoch 7/10 batch 65/66 (98%) running_loss=0.7785
trial epoch 7/10 batch 66/66 (100%) running_loss=0.7781
trial epoch 7/10 done: train_loss=0.7781 val_macro_auc=0.8157
trial epoch 8/10 batch 13/66 (20%) running_loss=0.7468
trial epoch 8/10 batch 26/66 (39%) running_loss=0.7680
trial epoch 8/10 batch 39/66 (59%) running_loss=0.7528
trial epoch 8/10 batch 52/66 (79%) running_loss=0.7644
trial epoch 8/10 batch 65/66 (98%) running_loss=0.7527
trial epoch 8/10 batch 66/66 (100%) running_loss=0.7519
trial epoch 8/10 done: train_loss=0.7519 val_macro_auc=0.8054
trial epoch 9/10 batch 13/66 (20%) running_loss=0.6964
trial epoch 9/10 batch 26/66 (39%) running_loss=0.7137
trial epoch 9/10 batch 39/66 (59%) running_loss=0.7023
trial epoch 9/10 batch 52/66 (79%) running_loss=0.6964
trial epoch 9/10 batch 65/66 (98%) running_loss=0.7013
trial epoch 9/10 batch 66/66 (100%) running_loss=0.7012
trial epoch 9/10 done: train_loss=0.7012 val_macro_auc=0.8164
trial epoch 10/10 batch 13/66 (20%) running_loss=0.7161
trial epoch 10/10 batch 26/66 (39%) running_loss=0.7096
trial epoch 10/10 batch 39/66 (59%) running_loss=0.7165
trial epoch 10/10 batch 52/66 (79%) running_loss=0.7076
trial epoch 10/10 batch 65/66 (98%) running_loss=0.7058
trial epoch 10/10 batch 66/66 (100%) running_loss=0.7053
trial epoch 10/10 done: train_loss=0.7053 val_macro_auc=0.8224
Trial 2/25: finished val_macro_auc=0.8147 (best so far: 0.8147)
Trial 3/25: starting (10 trial epochs)
trial epoch 1/10 batch 13/66 (20%) running_loss=1.1416
trial epoch 1/10 batch 26/66 (39%) running_loss=1.1668
trial epoch 1/10 batch 39/66 (59%) running_loss=1.1515
trial epoch 1/10 batch 52/66 (79%) running_loss=1.1525
trial epoch 1/10 batch 65/66 (98%) running_loss=1.1495
trial epoch 1/10 batch 66/66 (100%) running_loss=1.1479
trial epoch 1/10 done: train_loss=1.1479 val_macro_auc=0.6108
trial epoch 2/10 batch 13/66 (20%) running_loss=1.1156
trial epoch 2/10 batch 26/66 (39%) running_loss=1.1111
trial epoch 2/10 batch 39/66 (59%) running_loss=1.0949
trial epoch 2/10 batch 52/66 (79%) running_loss=1.0839
trial epoch 2/10 batch 65/66 (98%) running_loss=1.0772
trial epoch 2/10 batch 66/66 (100%) running_loss=1.0779
trial epoch 2/10 done: train_loss=1.0779 val_macro_auc=0.7579
trial epoch 3/10 batch 13/66 (20%) running_loss=1.0283
trial epoch 3/10 batch 26/66 (39%) running_loss=1.0178
trial epoch 3/10 batch 39/66 (59%) running_loss=1.0141
trial epoch 3/10 batch 52/66 (79%) running_loss=0.9990
trial epoch 3/10 batch 65/66 (98%) running_loss=0.9891
trial epoch 3/10 batch 66/66 (100%) running_loss=0.9886
trial epoch 3/10 done: train_loss=0.9886 val_macro_auc=0.7828
trial epoch 4/10 batch 13/66 (20%) running_loss=0.9472
trial epoch 4/10 batch 26/66 (39%) running_loss=0.9305
trial epoch 4/10 batch 39/66 (59%) running_loss=0.9138
trial epoch 4/10 batch 52/66 (79%) running_loss=0.9028
trial epoch 4/10 batch 65/66 (98%) running_loss=0.8973
trial epoch 4/10 batch 66/66 (100%) running_loss=0.8970
trial epoch 4/10 done: train_loss=0.8970 val_macro_auc=0.7704
trial epoch 5/10 batch 13/66 (20%) running_loss=0.8863
trial epoch 5/10 batch 26/66 (39%) running_loss=0.8474
trial epoch 5/10 batch 39/66 (59%) running_loss=0.8514
trial epoch 5/10 batch 52/66 (79%) running_loss=0.8475
trial epoch 5/10 batch 65/66 (98%) running_loss=0.8382
trial epoch 5/10 batch 66/66 (100%) running_loss=0.8377
trial epoch 5/10 done: train_loss=0.8377 val_macro_auc=0.8192
trial epoch 6/10 batch 13/66 (20%) running_loss=0.8010
trial epoch 6/10 batch 26/66 (39%) running_loss=0.8037
trial epoch 6/10 batch 39/66 (59%) running_loss=0.7944
trial epoch 6/10 batch 52/66 (79%) running_loss=0.8003
trial epoch 6/10 batch 65/66 (98%) running_loss=0.7936
trial epoch 6/10 batch 66/66 (100%) running_loss=0.7938
trial epoch 6/10 done: train_loss=0.7938 val_macro_auc=0.8036
trial epoch 7/10 batch 13/66 (20%) running_loss=0.7947
trial epoch 7/10 batch 26/66 (39%) running_loss=0.7806
trial epoch 7/10 batch 39/66 (59%) running_loss=0.7734
trial epoch 7/10 batch 52/66 (79%) running_loss=0.7749
trial epoch 7/10 batch 65/66 (98%) running_loss=0.7669
trial epoch 7/10 batch 66/66 (100%) running_loss=0.7659
trial epoch 7/10 done: train_loss=0.7659 val_macro_auc=0.8113
trial epoch 8/10 batch 13/66 (20%) running_loss=0.7426
trial epoch 8/10 batch 26/66 (39%) running_loss=0.7345
trial epoch 8/10 batch 39/66 (59%) running_loss=0.7292
trial epoch 8/10 batch 52/66 (79%) running_loss=0.7308
trial epoch 8/10 batch 65/66 (98%) running_loss=0.7224
trial epoch 8/10 batch 66/66 (100%) running_loss=0.7203
trial epoch 8/10 done: train_loss=0.7203 val_macro_auc=0.8079
trial epoch 9/10 batch 13/66 (20%) running_loss=0.7009
trial epoch 9/10 batch 26/66 (39%) running_loss=0.7291
trial epoch 9/10 batch 39/66 (59%) running_loss=0.7349
trial epoch 9/10 batch 52/66 (79%) running_loss=0.7130
trial epoch 9/10 batch 65/66 (98%) running_loss=0.7107
trial epoch 9/10 batch 66/66 (100%) running_loss=0.7114
trial epoch 9/10 done: train_loss=0.7114 val_macro_auc=0.8110
trial epoch 10/10 batch 13/66 (20%) running_loss=0.6356
trial epoch 10/10 batch 26/66 (39%) running_loss=0.6675
trial epoch 10/10 batch 39/66 (59%) running_loss=0.6842
trial epoch 10/10 batch 52/66 (79%) running_loss=0.6901
trial epoch 10/10 batch 65/66 (98%) running_loss=0.6869
trial epoch 10/10 batch 66/66 (100%) running_loss=0.6866
trial epoch 10/10 done: train_loss=0.6866 val_macro_auc=0.8122
Trial 3/25: finished val_macro_auc=0.8104 (best so far: 0.8147)
Trial 4/25: starting (10 trial epochs)
trial epoch 1/10 batch 13/66 (20%) running_loss=1.1606
trial epoch 1/10 batch 26/66 (39%) running_loss=1.2222
trial epoch 1/10 batch 39/66 (59%) running_loss=1.1992
trial epoch 1/10 batch 52/66 (79%) running_loss=1.1843
trial epoch 1/10 batch 65/66 (98%) running_loss=1.1749
trial epoch 1/10 batch 66/66 (100%) running_loss=1.1759
trial epoch 1/10 done: train_loss=1.1759 val_macro_auc=0.6853
trial epoch 2/10 batch 13/66 (20%) running_loss=1.1110
trial epoch 2/10 batch 26/66 (39%) running_loss=1.0937
trial epoch 2/10 batch 39/66 (59%) running_loss=1.0814
trial epoch 2/10 batch 52/66 (79%) running_loss=1.0697
trial epoch 2/10 batch 65/66 (98%) running_loss=1.0697
trial epoch 2/10 batch 66/66 (100%) running_loss=1.0689
trial epoch 2/10 done: train_loss=1.0689 val_macro_auc=0.7311
trial epoch 3/10 batch 13/66 (20%) running_loss=1.0436
trial epoch 3/10 batch 26/66 (39%) running_loss=1.0294
trial epoch 3/10 batch 39/66 (59%) running_loss=1.0216
trial epoch 3/10 batch 52/66 (79%) running_loss=1.0170
trial epoch 3/10 batch 65/66 (98%) running_loss=1.0131
trial epoch 3/10 batch 66/66 (100%) running_loss=1.0126
trial epoch 3/10 done: train_loss=1.0126 val_macro_auc=0.7732
trial epoch 4/10 batch 13/66 (20%) running_loss=0.9212
trial epoch 4/10 batch 26/66 (39%) running_loss=0.9386
trial epoch 4/10 batch 39/66 (59%) running_loss=0.9554
trial epoch 4/10 batch 52/66 (79%) running_loss=0.9427
trial epoch 4/10 batch 65/66 (98%) running_loss=0.9343
trial epoch 4/10 batch 66/66 (100%) running_loss=0.9339
trial epoch 4/10 done: train_loss=0.9339 val_macro_auc=0.7932
trial epoch 5/10 batch 13/66 (20%) running_loss=0.9114
trial epoch 5/10 batch 26/66 (39%) running_loss=0.8755
trial epoch 5/10 batch 39/66 (59%) running_loss=0.8698
trial epoch 5/10 batch 52/66 (79%) running_loss=0.8725
trial epoch 5/10 batch 65/66 (98%) running_loss=0.8665
trial epoch 5/10 batch 66/66 (100%) running_loss=0.8658
trial epoch 5/10 done: train_loss=0.8658 val_macro_auc=0.7783
trial epoch 6/10 batch 13/66 (20%) running_loss=0.8036
trial epoch 6/10 batch 26/66 (39%) running_loss=0.8403
trial epoch 6/10 batch 39/66 (59%) running_loss=0.8232
trial epoch 6/10 batch 52/66 (79%) running_loss=0.8287
trial epoch 6/10 batch 65/66 (98%) running_loss=0.8273
trial epoch 6/10 batch 66/66 (100%) running_loss=0.8264
trial epoch 6/10 done: train_loss=0.8264 val_macro_auc=0.7953
trial epoch 7/10 batch 13/66 (20%) running_loss=0.7841
trial epoch 7/10 batch 26/66 (39%) running_loss=0.7927
trial epoch 7/10 batch 39/66 (59%) running_loss=0.7950
trial epoch 7/10 batch 52/66 (79%) running_loss=0.8028
trial epoch 7/10 batch 65/66 (98%) running_loss=0.8047
trial epoch 7/10 batch 66/66 (100%) running_loss=0.8048
trial epoch 7/10 done: train_loss=0.8048 val_macro_auc=0.8167
trial epoch 8/10 batch 13/66 (20%) running_loss=0.7895
trial epoch 8/10 batch 26/66 (39%) running_loss=0.7709
trial epoch 8/10 batch 39/66 (59%) running_loss=0.7501
trial epoch 8/10 batch 52/66 (79%) running_loss=0.7568
trial epoch 8/10 batch 65/66 (98%) running_loss=0.7507
trial epoch 8/10 batch 66/66 (100%) running_loss=0.7490
trial epoch 8/10 done: train_loss=0.7490 val_macro_auc=0.8266
trial epoch 9/10 batch 13/66 (20%) running_loss=0.7438
trial epoch 9/10 batch 26/66 (39%) running_loss=0.7277
trial epoch 9/10 batch 39/66 (59%) running_loss=0.7087
trial epoch 9/10 batch 52/66 (79%) running_loss=0.7094
trial epoch 9/10 batch 65/66 (98%) running_loss=0.7099
trial epoch 9/10 batch 66/66 (100%) running_loss=0.7111
trial epoch 9/10 done: train_loss=0.7111 val_macro_auc=0.8187
trial epoch 10/10 batch 13/66 (20%) running_loss=0.6964
trial epoch 10/10 batch 26/66 (39%) running_loss=0.7035
trial epoch 10/10 batch 39/66 (59%) running_loss=0.7115
trial epoch 10/10 batch 52/66 (79%) running_loss=0.7236
trial epoch 10/10 batch 65/66 (98%) running_loss=0.7047
trial epoch 10/10 batch 66/66 (100%) running_loss=0.7033
trial epoch 10/10 done: train_loss=0.7033 val_macro_auc=0.8181
Trial 4/25: finished val_macro_auc=0.8212 (best so far: 0.8212)
Trial 5/25: starting (10 trial epochs)
trial epoch 1/10 batch 13/66 (20%) running_loss=1.2402
trial epoch 1/10 batch 26/66 (39%) running_loss=1.2609
trial epoch 1/10 batch 39/66 (59%) running_loss=1.2276
trial epoch 1/10 batch 52/66 (79%) running_loss=1.2037
trial epoch 1/10 batch 65/66 (98%) running_loss=1.1922
trial epoch 1/10 batch 66/66 (100%) running_loss=1.1924
trial epoch 1/10 done: train_loss=1.1924 val_macro_auc=0.5478
trial epoch 2/10 batch 13/66 (20%) running_loss=1.0657
trial epoch 2/10 batch 26/66 (39%) running_loss=1.0935
trial epoch 2/10 batch 39/66 (59%) running_loss=1.0835
trial epoch 2/10 batch 52/66 (79%) running_loss=1.0780
trial epoch 2/10 batch 65/66 (98%) running_loss=1.0885
trial epoch 2/10 batch 66/66 (100%) running_loss=1.0882
trial epoch 2/10 done: train_loss=1.0882 val_macro_auc=0.7426
trial epoch 3/10 batch 13/66 (20%) running_loss=1.0748
trial epoch 3/10 batch 26/66 (39%) running_loss=1.0827
trial epoch 3/10 batch 39/66 (59%) running_loss=1.0707
trial epoch 3/10 batch 52/66 (79%) running_loss=1.0507
trial epoch 3/10 batch 65/66 (98%) running_loss=1.0422
trial epoch 3/10 batch 66/66 (100%) running_loss=1.0421
trial epoch 3/10 done: train_loss=1.0421 val_macro_auc=0.7714
trial epoch 4/10 batch 13/66 (20%) running_loss=1.0039
trial epoch 4/10 batch 26/66 (39%) running_loss=0.9717
trial epoch 4/10 batch 39/66 (59%) running_loss=0.9721
trial epoch 4/10 batch 52/66 (79%) running_loss=0.9524
trial epoch 4/10 batch 65/66 (98%) running_loss=0.9496
trial epoch 4/10 batch 66/66 (100%) running_loss=0.9490
trial epoch 4/10 done: train_loss=0.9490 val_macro_auc=0.7852
trial epoch 5/10 batch 13/66 (20%) running_loss=0.8992
trial epoch 5/10 batch 26/66 (39%) running_loss=0.8981
trial epoch 5/10 batch 39/66 (59%) running_loss=0.9006
trial epoch 5/10 batch 52/66 (79%) running_loss=0.9076
trial epoch 5/10 batch 65/66 (98%) running_loss=0.8991
trial epoch 5/10 batch 66/66 (100%) running_loss=0.8991
trial epoch 5/10 done: train_loss=0.8991 val_macro_auc=0.8209
trial epoch 6/10 batch 13/66 (20%) running_loss=0.8358
trial epoch 6/10 batch 26/66 (39%) running_loss=0.8258
trial epoch 6/10 batch 39/66 (59%) running_loss=0.8518
trial epoch 6/10 batch 52/66 (79%) running_loss=0.8496
trial epoch 6/10 batch 65/66 (98%) running_loss=0.8426
trial epoch 6/10 batch 66/66 (100%) running_loss=0.8431
trial epoch 6/10 done: train_loss=0.8431 val_macro_auc=0.7892
trial epoch 7/10 batch 13/66 (20%) running_loss=0.8178
trial epoch 7/10 batch 26/66 (39%) running_loss=0.8117
trial epoch 7/10 batch 39/66 (59%) running_loss=0.8197
trial epoch 7/10 batch 52/66 (79%) running_loss=0.8073
trial epoch 7/10 batch 65/66 (98%) running_loss=0.8099
trial epoch 7/10 batch 66/66 (100%) running_loss=0.8084
trial epoch 7/10 done: train_loss=0.8084 val_macro_auc=0.8312
trial epoch 8/10 batch 13/66 (20%) running_loss=0.7580
trial epoch 8/10 batch 26/66 (39%) running_loss=0.7432
trial epoch 8/10 batch 39/66 (59%) running_loss=0.7392
trial epoch 8/10 batch 52/66 (79%) running_loss=0.7480
trial epoch 8/10 batch 65/66 (98%) running_loss=0.7505
trial epoch 8/10 batch 66/66 (100%) running_loss=0.7493
trial epoch 8/10 done: train_loss=0.7493 val_macro_auc=0.8319
trial epoch 9/10 batch 13/66 (20%) running_loss=0.7176
trial epoch 9/10 batch 26/66 (39%) running_loss=0.7313
trial epoch 9/10 batch 39/66 (59%) running_loss=0.7468
trial epoch 9/10 batch 52/66 (79%) running_loss=0.7347
trial epoch 9/10 batch 65/66 (98%) running_loss=0.7348
trial epoch 9/10 batch 66/66 (100%) running_loss=0.7355
trial epoch 9/10 done: train_loss=0.7355 val_macro_auc=0.8154
trial epoch 10/10 batch 13/66 (20%) running_loss=0.6754
trial epoch 10/10 batch 26/66 (39%) running_loss=0.7132
trial epoch 10/10 batch 39/66 (59%) running_loss=0.7109
trial epoch 10/10 batch 52/66 (79%) running_loss=0.7127
trial epoch 10/10 batch 65/66 (98%) running_loss=0.7151
trial epoch 10/10 batch 66/66 (100%) running_loss=0.7169
trial epoch 10/10 done: train_loss=0.7169 val_macro_auc=0.8037
Trial 5/25: finished val_macro_auc=0.8170 (best so far: 0.8212)
=================================================
n_gen  |  n_eval  |     f_avg     |     f_min    
=================================================
     1 |        5 | -8.142045E-01 | -8.211543E-01
Trial 6/25: starting (10 trial epochs)
trial epoch 1/10 batch 13/66 (20%) running_loss=1.1346
trial epoch 1/10 batch 26/66 (39%) running_loss=1.1594
trial epoch 1/10 batch 39/66 (59%) running_loss=1.1719
trial epoch 1/10 batch 52/66 (79%) running_loss=1.1683
trial epoch 1/10 batch 65/66 (98%) running_loss=1.1546
trial epoch 1/10 batch 66/66 (100%) running_loss=1.1543
trial epoch 1/10 done: train_loss=1.1543 val_macro_auc=0.5848
trial epoch 2/10 batch 13/66 (20%) running_loss=1.1250
trial epoch 2/10 batch 26/66 (39%) running_loss=1.1136
trial epoch 2/10 batch 39/66 (59%) running_loss=1.1032
trial epoch 2/10 batch 52/66 (79%) running_loss=1.0882
trial epoch 2/10 batch 65/66 (98%) running_loss=1.0832
trial epoch 2/10 batch 66/66 (100%) running_loss=1.0834
trial epoch 2/10 done: train_loss=1.0834 val_macro_auc=0.7539
trial epoch 3/10 batch 13/66 (20%) running_loss=1.0858
trial epoch 3/10 batch 26/66 (39%) running_loss=1.0551
trial epoch 3/10 batch 39/66 (59%) running_loss=1.0472
trial epoch 3/10 batch 52/66 (79%) running_loss=1.0288
trial epoch 3/10 batch 65/66 (98%) running_loss=1.0198
trial epoch 3/10 batch 66/66 (100%) running_loss=1.0185
trial epoch 3/10 done: train_loss=1.0185 val_macro_auc=0.7727
trial epoch 4/10 batch 13/66 (20%) running_loss=0.9696
trial epoch 4/10 batch 26/66 (39%) running_loss=0.9553
trial epoch 4/10 batch 39/66 (59%) running_loss=0.9502
trial epoch 4/10 batch 52/66 (79%) running_loss=0.9436
trial epoch 4/10 batch 65/66 (98%) running_loss=0.9384
trial epoch 4/10 batch 66/66 (100%) running_loss=0.9382
trial epoch 4/10 done: train_loss=0.9382 val_macro_auc=0.7664
trial epoch 5/10 batch 13/66 (20%) running_loss=0.9271
trial epoch 5/10 batch 26/66 (39%) running_loss=0.9249
trial epoch 5/10 batch 39/66 (59%) running_loss=0.9043
trial epoch 5/10 batch 52/66 (79%) running_loss=0.9121
trial epoch 5/10 batch 65/66 (98%) running_loss=0.9019
trial epoch 5/10 batch 66/66 (100%) running_loss=0.9011
trial epoch 5/10 done: train_loss=0.9011 val_macro_auc=0.7942
trial epoch 6/10 batch 13/66 (20%) running_loss=0.8817
trial epoch 6/10 batch 26/66 (39%) running_loss=0.8703
trial epoch 6/10 batch 39/66 (59%) running_loss=0.8629
trial epoch 6/10 batch 52/66 (79%) running_loss=0.8533
trial epoch 6/10 batch 65/66 (98%) running_loss=0.8379
trial epoch 6/10 batch 66/66 (100%) running_loss=0.8422
trial epoch 6/10 done: train_loss=0.8422 val_macro_auc=0.6613
trial epoch 7/10 batch 13/66 (20%) running_loss=0.8779
trial epoch 7/10 batch 26/66 (39%) running_loss=0.8399
trial epoch 7/10 batch 39/66 (59%) running_loss=0.8254
trial epoch 7/10 batch 52/66 (79%) running_loss=0.8121
trial epoch 7/10 batch 65/66 (98%) running_loss=0.8038
trial epoch 7/10 batch 66/66 (100%) running_loss=0.8040
trial epoch 7/10 done: train_loss=0.8040 val_macro_auc=0.8128
trial epoch 8/10 batch 13/66 (20%) running_loss=0.8002
trial epoch 8/10 batch 26/66 (39%) running_loss=0.7997
trial epoch 8/10 batch 39/66 (59%) running_loss=0.7724
trial epoch 8/10 batch 52/66 (79%) running_loss=0.7715
trial epoch 8/10 batch 65/66 (98%) running_loss=0.7657
trial epoch 8/10 batch 66/66 (100%) running_loss=0.7651
trial epoch 8/10 done: train_loss=0.7651 val_macro_auc=0.8226
trial epoch 9/10 batch 13/66 (20%) running_loss=0.7563
trial epoch 9/10 batch 26/66 (39%) running_loss=0.7511
trial epoch 9/10 batch 39/66 (59%) running_loss=0.7532
trial epoch 9/10 batch 52/66 (79%) running_loss=0.7495
trial epoch 9/10 batch 65/66 (98%) running_loss=0.7486
trial epoch 9/10 batch 66/66 (100%) running_loss=0.7485
trial epoch 9/10 done: train_loss=0.7485 val_macro_auc=0.8344
trial epoch 10/10 batch 13/66 (20%) running_loss=0.8238
trial epoch 10/10 batch 26/66 (39%) running_loss=0.7637
trial epoch 10/10 batch 39/66 (59%) running_loss=0.7374
trial epoch 10/10 batch 52/66 (79%) running_loss=0.7320
trial epoch 10/10 batch 65/66 (98%) running_loss=0.7419
trial epoch 10/10 batch 66/66 (100%) running_loss=0.7433
trial epoch 10/10 done: train_loss=0.7433 val_macro_auc=0.8396
Trial 6/25: finished val_macro_auc=0.8322 (best so far: 0.8322)
Trial 7/25: starting (10 trial epochs)
trial epoch 1/10 batch 13/66 (20%) running_loss=1.2641
trial epoch 1/10 batch 26/66 (39%) running_loss=1.2294
trial epoch 1/10 batch 39/66 (59%) running_loss=1.2112
trial epoch 1/10 batch 52/66 (79%) running_loss=1.1879
trial epoch 1/10 batch 65/66 (98%) running_loss=1.1878
trial epoch 1/10 batch 66/66 (100%) running_loss=1.1861
trial epoch 1/10 done: train_loss=1.1861 val_macro_auc=0.7140
trial epoch 2/10 batch 13/66 (20%) running_loss=1.1296
trial epoch 2/10 batch 26/66 (39%) running_loss=1.1153
trial epoch 2/10 batch 39/66 (59%) running_loss=1.1120
trial epoch 2/10 batch 52/66 (79%) running_loss=1.1048
trial epoch 2/10 batch 65/66 (98%) running_loss=1.1017
trial epoch 2/10 batch 66/66 (100%) running_loss=1.1001
trial epoch 2/10 done: train_loss=1.1001 val_macro_auc=0.7472
trial epoch 3/10 batch 13/66 (20%) running_loss=1.0639
trial epoch 3/10 batch 26/66 (39%) running_loss=1.0497
trial epoch 3/10 batch 39/66 (59%) running_loss=1.0410
trial epoch 3/10 batch 52/66 (79%) running_loss=1.0315
trial epoch 3/10 batch 65/66 (98%) running_loss=1.0261
trial epoch 3/10 batch 66/66 (100%) running_loss=1.0267
trial epoch 3/10 done: train_loss=1.0267 val_macro_auc=0.7659
trial epoch 4/10 batch 13/66 (20%) running_loss=0.9787
trial epoch 4/10 batch 26/66 (39%) running_loss=0.9551
trial epoch 4/10 batch 39/66 (59%) running_loss=0.9526
trial epoch 4/10 batch 52/66 (79%) running_loss=0.9483
trial epoch 4/10 batch 65/66 (98%) running_loss=0.9455
trial epoch 4/10 batch 66/66 (100%) running_loss=0.9443
trial epoch 4/10 done: train_loss=0.9443 val_macro_auc=0.7729
trial epoch 5/10 batch 13/66 (20%) running_loss=0.9321
trial epoch 5/10 batch 26/66 (39%) running_loss=0.8895
trial epoch 5/10 batch 39/66 (59%) running_loss=0.8845
trial epoch 5/10 batch 52/66 (79%) running_loss=0.8923
trial epoch 5/10 batch 65/66 (98%) running_loss=0.8907
trial epoch 5/10 batch 66/66 (100%) running_loss=0.8895
trial epoch 5/10 done: train_loss=0.8895 val_macro_auc=0.7852
trial epoch 6/10 batch 13/66 (20%) running_loss=0.8409
trial epoch 6/10 batch 26/66 (39%) running_loss=0.8404
trial epoch 6/10 batch 39/66 (59%) running_loss=0.8421
trial epoch 6/10 batch 52/66 (79%) running_loss=0.8350
trial epoch 6/10 batch 65/66 (98%) running_loss=0.8314
trial epoch 6/10 batch 66/66 (100%) running_loss=0.8295
trial epoch 6/10 done: train_loss=0.8295 val_macro_auc=0.8047
trial epoch 7/10 batch 13/66 (20%) running_loss=0.7818
trial epoch 7/10 batch 26/66 (39%) running_loss=0.7710
trial epoch 7/10 batch 39/66 (59%) running_loss=0.7871
trial epoch 7/10 batch 52/66 (79%) running_loss=0.8033
trial epoch 7/10 batch 65/66 (98%) running_loss=0.8002
trial epoch 7/10 batch 66/66 (100%) running_loss=0.7992
trial epoch 7/10 done: train_loss=0.7992 val_macro_auc=0.8075
trial epoch 8/10 batch 13/66 (20%) running_loss=0.7861
trial epoch 8/10 batch 26/66 (39%) running_loss=0.7580
trial epoch 8/10 batch 39/66 (59%) running_loss=0.7715
trial epoch 8/10 batch 52/66 (79%) running_loss=0.7790
trial epoch 8/10 batch 65/66 (98%) running_loss=0.7710
trial epoch 8/10 batch 66/66 (100%) running_loss=0.7711
trial epoch 8/10 done: train_loss=0.7711 val_macro_auc=0.8120
trial epoch 9/10 batch 13/66 (20%) running_loss=0.8335
trial epoch 9/10 batch 26/66 (39%) running_loss=0.7885
trial epoch 9/10 batch 39/66 (59%) running_loss=0.7804
trial epoch 9/10 batch 52/66 (79%) running_loss=0.7711
trial epoch 9/10 batch 65/66 (98%) running_loss=0.7553
trial epoch 9/10 batch 66/66 (100%) running_loss=0.7543
trial epoch 9/10 done: train_loss=0.7543 val_macro_auc=0.7939
trial epoch 10/10 batch 13/66 (20%) running_loss=0.6865
trial epoch 10/10 batch 26/66 (39%) running_loss=0.7198
trial epoch 10/10 batch 39/66 (59%) running_loss=0.7150
trial epoch 10/10 batch 52/66 (79%) running_loss=0.7302
trial epoch 10/10 batch 65/66 (98%) running_loss=0.7251
trial epoch 10/10 batch 66/66 (100%) running_loss=0.7242
trial epoch 10/10 done: train_loss=0.7242 val_macro_auc=0.7976
Trial 7/25: finished val_macro_auc=0.8012 (best so far: 0.8322)
Trial 8/25: starting (10 trial epochs)
trial epoch 1/10 batch 13/66 (20%) running_loss=1.2678
trial epoch 1/10 batch 26/66 (39%) running_loss=1.2698
trial epoch 1/10 batch 39/66 (59%) running_loss=1.2276
trial epoch 1/10 batch 52/66 (79%) running_loss=1.2002
trial epoch 1/10 batch 65/66 (98%) running_loss=1.1857
trial epoch 1/10 batch 66/66 (100%) running_loss=1.1846
trial epoch 1/10 done: train_loss=1.1846 val_macro_auc=0.5280
trial epoch 2/10 batch 13/66 (20%) running_loss=1.1244
trial epoch 2/10 batch 26/66 (39%) running_loss=1.1182
trial epoch 2/10 batch 39/66 (59%) running_loss=1.1195
trial epoch 2/10 batch 52/66 (79%) running_loss=1.1090
trial epoch 2/10 batch 65/66 (98%) running_loss=1.1023
trial epoch 2/10 batch 66/66 (100%) running_loss=1.1043
trial epoch 2/10 done: train_loss=1.1043 val_macro_auc=0.6339
trial epoch 3/10 batch 13/66 (20%) running_loss=1.1020
trial epoch 3/10 batch 26/66 (39%) running_loss=1.0679
trial epoch 3/10 batch 39/66 (59%) running_loss=1.0438
trial epoch 3/10 batch 52/66 (79%) running_loss=1.0329
trial epoch 3/10 batch 65/66 (98%) running_loss=1.0180
trial epoch 3/10 batch 66/66 (100%) running_loss=1.0182
trial epoch 3/10 done: train_loss=1.0182 val_macro_auc=0.7375
trial epoch 4/10 batch 13/66 (20%) running_loss=0.9470
trial epoch 4/10 batch 26/66 (39%) running_loss=0.9492
trial epoch 4/10 batch 39/66 (59%) running_loss=0.9560
trial epoch 4/10 batch 52/66 (79%) running_loss=0.9434
trial epoch 4/10 batch 65/66 (98%) running_loss=0.9348
trial epoch 4/10 batch 66/66 (100%) running_loss=0.9354
trial epoch 4/10 done: train_loss=0.9354 val_macro_auc=0.7567
trial epoch 5/10 batch 13/66 (20%) running_loss=0.9033
trial epoch 5/10 batch 26/66 (39%) running_loss=0.8675
trial epoch 5/10 batch 39/66 (59%) running_loss=0.8883
trial epoch 5/10 batch 52/66 (79%) running_loss=0.8835
trial epoch 5/10 batch 65/66 (98%) running_loss=0.8887
trial epoch 5/10 batch 66/66 (100%) running_loss=0.8873
trial epoch 5/10 done: train_loss=0.8873 val_macro_auc=0.7736
trial epoch 6/10 batch 13/66 (20%) running_loss=0.8688
trial epoch 6/10 batch 26/66 (39%) running_loss=0.8612
trial epoch 6/10 batch 39/66 (59%) running_loss=0.8486
trial epoch 6/10 batch 52/66 (79%) running_loss=0.8425
trial epoch 6/10 batch 65/66 (98%) running_loss=0.8399
trial epoch 6/10 batch 66/66 (100%) running_loss=0.8386
trial epoch 6/10 done: train_loss=0.8386 val_macro_auc=0.7841
trial epoch 7/10 batch 13/66 (20%) running_loss=0.7857
trial epoch 7/10 batch 26/66 (39%) running_loss=0.8080
trial epoch 7/10 batch 39/66 (59%) running_loss=0.8244
trial epoch 7/10 batch 52/66 (79%) running_loss=0.8125
trial epoch 7/10 batch 65/66 (98%) running_loss=0.8078
trial epoch 7/10 batch 66/66 (100%) running_loss=0.8081
trial epoch 7/10 done: train_loss=0.8081 val_macro_auc=0.7755
trial epoch 8/10 batch 13/66 (20%) running_loss=0.8517
trial epoch 8/10 batch 26/66 (39%) running_loss=0.8217
trial epoch 8/10 batch 39/66 (59%) running_loss=0.7995
trial epoch 8/10 batch 52/66 (79%) running_loss=0.7970
trial epoch 8/10 batch 65/66 (98%) running_loss=0.7829
trial epoch 8/10 batch 66/66 (100%) running_loss=0.7802
trial epoch 8/10 done: train_loss=0.7802 val_macro_auc=0.7943
trial epoch 9/10 batch 13/66 (20%) running_loss=0.7880
trial epoch 9/10 batch 26/66 (39%) running_loss=0.7612
trial epoch 9/10 batch 39/66 (59%) running_loss=0.7549
trial epoch 9/10 batch 52/66 (79%) running_loss=0.7563
trial epoch 9/10 batch 65/66 (98%) running_loss=0.7584
trial epoch 9/10 batch 66/66 (100%) running_loss=0.7595
trial epoch 9/10 done: train_loss=0.7595 val_macro_auc=0.8054
trial epoch 10/10 batch 13/66 (20%) running_loss=0.7337
trial epoch 10/10 batch 26/66 (39%) running_loss=0.7435
trial epoch 10/10 batch 39/66 (59%) running_loss=0.7513
trial epoch 10/10 batch 52/66 (79%) running_loss=0.7462
trial epoch 10/10 batch 65/66 (98%) running_loss=0.7500
trial epoch 10/10 batch 66/66 (100%) running_loss=0.7537
trial epoch 10/10 done: train_loss=0.7537 val_macro_auc=0.8036
Trial 8/25: finished val_macro_auc=0.8011 (best so far: 0.8322)
Trial 9/25: starting (10 trial epochs)
trial epoch 1/10 batch 13/66 (20%) running_loss=1.1665
trial epoch 1/10 batch 26/66 (39%) running_loss=1.1558
trial epoch 1/10 batch 39/66 (59%) running_loss=1.1506
trial epoch 1/10 batch 52/66 (79%) running_loss=1.1377
trial epoch 1/10 batch 65/66 (98%) running_loss=1.1300
trial epoch 1/10 batch 66/66 (100%) running_loss=1.1279
trial epoch 1/10 done: train_loss=1.1279 val_macro_auc=0.7289
trial epoch 2/10 batch 13/66 (20%) running_loss=1.0716
trial epoch 2/10 batch 26/66 (39%) running_loss=1.0174
trial epoch 2/10 batch 39/66 (59%) running_loss=1.0187
trial epoch 2/10 batch 52/66 (79%) running_loss=1.0138
trial epoch 2/10 batch 65/66 (98%) running_loss=1.0124
trial epoch 2/10 batch 66/66 (100%) running_loss=1.0121
trial epoch 2/10 done: train_loss=1.0121 val_macro_auc=0.7789
trial epoch 3/10 batch 13/66 (20%) running_loss=0.9920
trial epoch 3/10 batch 26/66 (39%) running_loss=1.0037
trial epoch 3/10 batch 39/66 (59%) running_loss=0.9902
trial epoch 3/10 batch 52/66 (79%) running_loss=0.9620
trial epoch 3/10 batch 65/66 (98%) running_loss=0.9517
trial epoch 3/10 batch 66/66 (100%) running_loss=0.9493
trial epoch 3/10 done: train_loss=0.9493 val_macro_auc=0.7636
trial epoch 4/10 batch 13/66 (20%) running_loss=0.9251
trial epoch 4/10 batch 26/66 (39%) running_loss=0.8886
trial epoch 4/10 batch 39/66 (59%) running_loss=0.8866
trial epoch 4/10 batch 52/66 (79%) running_loss=0.8749
trial epoch 4/10 batch 65/66 (98%) running_loss=0.8666
trial epoch 4/10 batch 66/66 (100%) running_loss=0.8664
trial epoch 4/10 done: train_loss=0.8664 val_macro_auc=0.8073
trial epoch 5/10 batch 13/66 (20%) running_loss=0.8513
trial epoch 5/10 batch 26/66 (39%) running_loss=0.8544
trial epoch 5/10 batch 39/66 (59%) running_loss=0.8248
trial epoch 5/10 batch 52/66 (79%) running_loss=0.8342
trial epoch 5/10 batch 65/66 (98%) running_loss=0.8219
trial epoch 5/10 batch 66/66 (100%) running_loss=0.8198
trial epoch 5/10 done: train_loss=0.8198 val_macro_auc=0.8154
trial epoch 6/10 batch 13/66 (20%) running_loss=0.7341
trial epoch 6/10 batch 26/66 (39%) running_loss=0.7441
trial epoch 6/10 batch 39/66 (59%) running_loss=0.7526
trial epoch 6/10 batch 52/66 (79%) running_loss=0.7519
trial epoch 6/10 batch 65/66 (98%) running_loss=0.7590
trial epoch 6/10 batch 66/66 (100%) running_loss=0.7598
trial epoch 6/10 done: train_loss=0.7598 val_macro_auc=0.8337
trial epoch 7/10 batch 13/66 (20%) running_loss=0.7482
trial epoch 7/10 batch 26/66 (39%) running_loss=0.7272
trial epoch 7/10 batch 39/66 (59%) running_loss=0.7409
trial epoch 7/10 batch 52/66 (79%) running_loss=0.7324
trial epoch 7/10 batch 65/66 (98%) running_loss=0.7351
trial epoch 7/10 batch 66/66 (100%) running_loss=0.7327
trial epoch 7/10 done: train_loss=0.7327 val_macro_auc=0.8121
trial epoch 8/10 batch 13/66 (20%) running_loss=0.7366
trial epoch 8/10 batch 26/66 (39%) running_loss=0.7441
trial epoch 8/10 batch 39/66 (59%) running_loss=0.7242
trial epoch 8/10 batch 52/66 (79%) running_loss=0.7238
trial epoch 8/10 batch 65/66 (98%) running_loss=0.7187
trial epoch 8/10 batch 66/66 (100%) running_loss=0.7177
trial epoch 8/10 done: train_loss=0.7177 val_macro_auc=0.8439
trial epoch 9/10 batch 13/66 (20%) running_loss=0.7478
trial epoch 9/10 batch 26/66 (39%) running_loss=0.7470
trial epoch 9/10 batch 39/66 (59%) running_loss=0.7214
trial epoch 9/10 batch 52/66 (79%) running_loss=0.7049
trial epoch 9/10 batch 65/66 (98%) running_loss=0.7010
trial epoch 9/10 batch 66/66 (100%) running_loss=0.7027
trial epoch 9/10 done: train_loss=0.7027 val_macro_auc=0.8384
trial epoch 10/10 batch 13/66 (20%) running_loss=0.6819
trial epoch 10/10 batch 26/66 (39%) running_loss=0.6805
trial epoch 10/10 batch 39/66 (59%) running_loss=0.6972
trial epoch 10/10 batch 52/66 (79%) running_loss=0.6902
trial epoch 10/10 batch 65/66 (98%) running_loss=0.6974
trial epoch 10/10 batch 66/66 (100%) running_loss=0.7024
trial epoch 10/10 done: train_loss=0.7024 val_macro_auc=0.8364
Trial 9/25: finished val_macro_auc=0.8396 (best so far: 0.8396)
Trial 10/25: starting (10 trial epochs)
trial epoch 1/10 batch 13/66 (20%) running_loss=1.1384
trial epoch 1/10 batch 26/66 (39%) running_loss=1.1485
trial epoch 1/10 batch 39/66 (59%) running_loss=1.1256
trial epoch 1/10 batch 52/66 (79%) running_loss=1.1273
trial epoch 1/10 batch 65/66 (98%) running_loss=1.1141
trial epoch 1/10 batch 66/66 (100%) running_loss=1.1131
trial epoch 1/10 done: train_loss=1.1131 val_macro_auc=0.7038
trial epoch 2/10 batch 13/66 (20%) running_loss=1.0878
trial epoch 2/10 batch 26/66 (39%) running_loss=1.1047
trial epoch 2/10 batch 39/66 (59%) running_loss=1.0997
trial epoch 2/10 batch 52/66 (79%) running_loss=1.0953
trial epoch 2/10 batch 65/66 (98%) running_loss=1.0871
trial epoch 2/10 batch 66/66 (100%) running_loss=1.0881
trial epoch 2/10 done: train_loss=1.0881 val_macro_auc=0.7312
trial epoch 3/10 batch 13/66 (20%) running_loss=1.0079
trial epoch 3/10 batch 26/66 (39%) running_loss=1.0022
trial epoch 3/10 batch 39/66 (59%) running_loss=1.0015
trial epoch 3/10 batch 52/66 (79%) running_loss=0.9996
trial epoch 3/10 batch 65/66 (98%) running_loss=0.9860
trial epoch 3/10 batch 66/66 (100%) running_loss=0.9889
trial epoch 3/10 done: train_loss=0.9889 val_macro_auc=0.7252
trial epoch 4/10 batch 13/66 (20%) running_loss=0.9436
trial epoch 4/10 batch 26/66 (39%) running_loss=0.9628
trial epoch 4/10 batch 39/66 (59%) running_loss=0.9716
trial epoch 4/10 batch 52/66 (79%) running_loss=0.9537
trial epoch 4/10 batch 65/66 (98%) running_loss=0.9530
trial epoch 4/10 batch 66/66 (100%) running_loss=0.9549
trial epoch 4/10 done: train_loss=0.9549 val_macro_auc=0.7350
trial epoch 5/10 batch 13/66 (20%) running_loss=0.9177
trial epoch 5/10 batch 26/66 (39%) running_loss=0.9216
trial epoch 5/10 batch 39/66 (59%) running_loss=0.9194
trial epoch 5/10 batch 52/66 (79%) running_loss=0.9260
trial epoch 5/10 batch 65/66 (98%) running_loss=0.9206
trial epoch 5/10 batch 66/66 (100%) running_loss=0.9200
trial epoch 5/10 done: train_loss=0.9200 val_macro_auc=0.7702
trial epoch 6/10 batch 13/66 (20%) running_loss=0.8870
trial epoch 6/10 batch 26/66 (39%) running_loss=0.8693
trial epoch 6/10 batch 39/66 (59%) running_loss=0.8714
trial epoch 6/10 batch 52/66 (79%) running_loss=0.8764
trial epoch 6/10 batch 65/66 (98%) running_loss=0.8847
trial epoch 6/10 batch 66/66 (100%) running_loss=0.8844
trial epoch 6/10 done: train_loss=0.8844 val_macro_auc=0.7805
trial epoch 7/10 batch 13/66 (20%) running_loss=0.8782
trial epoch 7/10 batch 26/66 (39%) running_loss=0.8794
trial epoch 7/10 batch 39/66 (59%) running_loss=0.8705
trial epoch 7/10 batch 52/66 (79%) running_loss=0.8527
trial epoch 7/10 batch 65/66 (98%) running_loss=0.8481
trial epoch 7/10 batch 66/66 (100%) running_loss=0.8479
trial epoch 7/10 done: train_loss=0.8479 val_macro_auc=0.8005
trial epoch 8/10 batch 13/66 (20%) running_loss=0.7986
trial epoch 8/10 batch 26/66 (39%) running_loss=0.8091
trial epoch 8/10 batch 39/66 (59%) running_loss=0.8236
trial epoch 8/10 batch 52/66 (79%) running_loss=0.8385
trial epoch 8/10 batch 65/66 (98%) running_loss=0.8388
trial epoch 8/10 batch 66/66 (100%) running_loss=0.8363
trial epoch 8/10 done: train_loss=0.8363 val_macro_auc=0.7827
trial epoch 9/10 batch 13/66 (20%) running_loss=0.8467
trial epoch 9/10 batch 26/66 (39%) running_loss=0.8241
trial epoch 9/10 batch 39/66 (59%) running_loss=0.8221
trial epoch 9/10 batch 52/66 (79%) running_loss=0.8296
trial epoch 9/10 batch 65/66 (98%) running_loss=0.8152
trial epoch 9/10 batch 66/66 (100%) running_loss=0.8134
trial epoch 9/10 done: train_loss=0.8134 val_macro_auc=0.7485
trial epoch 10/10 batch 13/66 (20%) running_loss=0.7643
trial epoch 10/10 batch 26/66 (39%) running_loss=0.7815
trial epoch 10/10 batch 39/66 (59%) running_loss=0.7887
trial epoch 10/10 batch 52/66 (79%) running_loss=0.7893
trial epoch 10/10 batch 65/66 (98%) running_loss=0.7988
trial epoch 10/10 batch 66/66 (100%) running_loss=0.7956
trial epoch 10/10 done: train_loss=0.7956 val_macro_auc=0.7518
Trial 10/25: finished val_macro_auc=0.7610 (best so far: 0.8396)
     2 |       10 | -8.249247E-01 | -8.395677E-01
Trial 11/25: starting (10 trial epochs)
trial epoch 1/10 batch 13/66 (20%) running_loss=1.1576
trial epoch 1/10 batch 26/66 (39%) running_loss=1.1494
trial epoch 1/10 batch 39/66 (59%) running_loss=1.1446
trial epoch 1/10 batch 52/66 (79%) running_loss=1.1580
trial epoch 1/10 batch 65/66 (98%) running_loss=1.1523
trial epoch 1/10 batch 66/66 (100%) running_loss=1.1522
trial epoch 1/10 done: train_loss=1.1522 val_macro_auc=0.3973
trial epoch 2/10 batch 13/66 (20%) running_loss=1.1282
trial epoch 2/10 batch 26/66 (39%) running_loss=1.1123
trial epoch 2/10 batch 39/66 (59%) running_loss=1.1065
trial epoch 2/10 batch 52/66 (79%) running_loss=1.0886
trial epoch 2/10 batch 65/66 (98%) running_loss=1.0859
trial epoch 2/10 batch 66/66 (100%) running_loss=1.0853
trial epoch 2/10 done: train_loss=1.0853 val_macro_auc=0.7737
trial epoch 3/10 batch 13/66 (20%) running_loss=1.0448
trial epoch 3/10 batch 26/66 (39%) running_loss=1.0447
trial epoch 3/10 batch 39/66 (59%) running_loss=1.0422
trial epoch 3/10 batch 52/66 (79%) running_loss=1.0421
trial epoch 3/10 batch 65/66 (98%) running_loss=1.0403
trial epoch 3/10 batch 66/66 (100%) running_loss=1.0408
trial epoch 3/10 done: train_loss=1.0408 val_macro_auc=0.7782
trial epoch 4/10 batch 13/66 (20%) running_loss=0.9774
trial epoch 4/10 batch 26/66 (39%) running_loss=0.9576
trial epoch 4/10 batch 39/66 (59%) running_loss=0.9702
trial epoch 4/10 batch 52/66 (79%) running_loss=0.9721
trial epoch 4/10 batch 65/66 (98%) running_loss=0.9662
trial epoch 4/10 batch 66/66 (100%) running_loss=0.9675
trial epoch 4/10 done: train_loss=0.9675 val_macro_auc=0.7727
trial epoch 5/10 batch 13/66 (20%) running_loss=0.9262
trial epoch 5/10 batch 26/66 (39%) running_loss=0.9432
trial epoch 5/10 batch 39/66 (59%) running_loss=0.9470
trial epoch 5/10 batch 52/66 (79%) running_loss=0.9273
trial epoch 5/10 batch 65/66 (98%) running_loss=0.9176
trial epoch 5/10 batch 66/66 (100%) running_loss=0.9172
trial epoch 5/10 done: train_loss=0.9172 val_macro_auc=0.7913
trial epoch 6/10 batch 13/66 (20%) running_loss=0.8293
trial epoch 6/10 batch 26/66 (39%) running_loss=0.8505
trial epoch 6/10 batch 39/66 (59%) running_loss=0.8721
trial epoch 6/10 batch 52/66 (79%) running_loss=0.8784
trial epoch 6/10 batch 65/66 (98%) running_loss=0.8790
trial epoch 6/10 batch 66/66 (100%) running_loss=0.8783
trial epoch 6/10 done: train_loss=0.8783 val_macro_auc=0.7809
trial epoch 7/10 batch 13/66 (20%) running_loss=0.8697
trial epoch 7/10 batch 26/66 (39%) running_loss=0.8644
trial epoch 7/10 batch 39/66 (59%) running_loss=0.8472
trial epoch 7/10 batch 52/66 (79%) running_loss=0.8377
trial epoch 7/10 batch 65/66 (98%) running_loss=0.8454
trial epoch 7/10 batch 66/66 (100%) running_loss=0.8453
trial epoch 7/10 done: train_loss=0.8453 val_macro_auc=0.8077
trial epoch 8/10 batch 13/66 (20%) running_loss=0.8573
trial epoch 8/10 batch 26/66 (39%) running_loss=0.8118
trial epoch 8/10 batch 39/66 (59%) running_loss=0.8202
trial epoch 8/10 batch 52/66 (79%) running_loss=0.8174
trial epoch 8/10 batch 65/66 (98%) running_loss=0.8081
trial epoch 8/10 batch 66/66 (100%) running_loss=0.8062
trial epoch 8/10 done: train_loss=0.8062 val_macro_auc=0.7880
trial epoch 9/10 batch 13/66 (20%) running_loss=0.7631
trial epoch 9/10 batch 26/66 (39%) running_loss=0.8082
trial epoch 9/10 batch 39/66 (59%) running_loss=0.7837
trial epoch 9/10 batch 52/66 (79%) running_loss=0.7837
trial epoch 9/10 batch 65/66 (98%) running_loss=0.7772
trial epoch 9/10 batch 66/66 (100%) running_loss=0.7765
trial epoch 9/10 done: train_loss=0.7765 val_macro_auc=0.8074
trial epoch 10/10 batch 13/66 (20%) running_loss=0.7397
trial epoch 10/10 batch 26/66 (39%) running_loss=0.7758
trial epoch 10/10 batch 39/66 (59%) running_loss=0.7596
trial epoch 10/10 batch 52/66 (79%) running_loss=0.7588
trial epoch 10/10 batch 65/66 (98%) running_loss=0.7480
trial epoch 10/10 batch 66/66 (100%) running_loss=0.7498
trial epoch 10/10 done: train_loss=0.7498 val_macro_auc=0.7976
Trial 11/25: finished val_macro_auc=0.7977 (best so far: 0.8396)
Trial 12/25: starting (10 trial epochs)
trial epoch 1/10 batch 13/66 (20%) running_loss=1.1116
trial epoch 1/10 batch 26/66 (39%) running_loss=1.1473
trial epoch 1/10 batch 39/66 (59%) running_loss=1.1375
trial epoch 1/10 batch 52/66 (79%) running_loss=1.1314
trial epoch 1/10 batch 65/66 (98%) running_loss=1.1311
trial epoch 1/10 batch 66/66 (100%) running_loss=1.1307
trial epoch 1/10 done: train_loss=1.1307 val_macro_auc=0.5276
trial epoch 2/10 batch 13/66 (20%) running_loss=1.0477
trial epoch 2/10 batch 26/66 (39%) running_loss=1.0416
trial epoch 2/10 batch 39/66 (59%) running_loss=1.0341
trial epoch 2/10 batch 52/66 (79%) running_loss=1.0449
trial epoch 2/10 batch 65/66 (98%) running_loss=1.0506
trial epoch 2/10 batch 66/66 (100%) running_loss=1.0506
trial epoch 2/10 done: train_loss=1.0506 val_macro_auc=0.7617
trial epoch 3/10 batch 13/66 (20%) running_loss=1.0901
trial epoch 3/10 batch 26/66 (39%) running_loss=1.0619
trial epoch 3/10 batch 39/66 (59%) running_loss=1.0538
trial epoch 3/10 batch 52/66 (79%) running_loss=1.0309
trial epoch 3/10 batch 65/66 (98%) running_loss=0.9985
trial epoch 3/10 batch 66/66 (100%) running_loss=0.9998
trial epoch 3/10 done: train_loss=0.9998 val_macro_auc=0.7696
trial epoch 4/10 batch 13/66 (20%) running_loss=0.9514
trial epoch 4/10 batch 26/66 (39%) running_loss=0.9389
trial epoch 4/10 batch 39/66 (59%) running_loss=0.9338
trial epoch 4/10 batch 52/66 (79%) running_loss=0.9294
trial epoch 4/10 batch 65/66 (98%) running_loss=0.9215
trial epoch 4/10 batch 66/66 (100%) running_loss=0.9209
trial epoch 4/10 done: train_loss=0.9209 val_macro_auc=0.7949
trial epoch 5/10 batch 13/66 (20%) running_loss=0.8744
trial epoch 5/10 batch 26/66 (39%) running_loss=0.8529
trial epoch 5/10 batch 39/66 (59%) running_loss=0.8559
trial epoch 5/10 batch 52/66 (79%) running_loss=0.8514
trial epoch 5/10 batch 65/66 (98%) running_loss=0.8604
trial epoch 5/10 batch 66/66 (100%) running_loss=0.8612
trial epoch 5/10 done: train_loss=0.8612 val_macro_auc=0.8123
trial epoch 6/10 batch 13/66 (20%) running_loss=0.8239
trial epoch 6/10 batch 26/66 (39%) running_loss=0.7974
trial epoch 6/10 batch 39/66 (59%) running_loss=0.7970
trial epoch 6/10 batch 52/66 (79%) running_loss=0.7993
trial epoch 6/10 batch 65/66 (98%) running_loss=0.8027
trial epoch 6/10 batch 66/66 (100%) running_loss=0.7995
trial epoch 6/10 done: train_loss=0.7995 val_macro_auc=0.8139
trial epoch 7/10 batch 13/66 (20%) running_loss=0.7935
trial epoch 7/10 batch 26/66 (39%) running_loss=0.7983
trial epoch 7/10 batch 39/66 (59%) running_loss=0.7891
trial epoch 7/10 batch 52/66 (79%) running_loss=0.7846
trial epoch 7/10 batch 65/66 (98%) running_loss=0.7801
trial epoch 7/10 batch 66/66 (100%) running_loss=0.7804
trial epoch 7/10 done: train_loss=0.7804 val_macro_auc=0.8055
trial epoch 8/10 batch 13/66 (20%) running_loss=0.7624
trial epoch 8/10 batch 26/66 (39%) running_loss=0.7433
trial epoch 8/10 batch 39/66 (59%) running_loss=0.7359
trial epoch 8/10 batch 52/66 (79%) running_loss=0.7330
trial epoch 8/10 batch 65/66 (98%) running_loss=0.7361
trial epoch 8/10 batch 66/66 (100%) running_loss=0.7352
trial epoch 8/10 done: train_loss=0.7352 val_macro_auc=0.8216
trial epoch 9/10 batch 13/66 (20%) running_loss=0.6996
trial epoch 9/10 batch 26/66 (39%) running_loss=0.7352
trial epoch 9/10 batch 39/66 (59%) running_loss=0.7285
trial epoch 9/10 batch 52/66 (79%) running_loss=0.7235
trial epoch 9/10 batch 65/66 (98%) running_loss=0.7167
trial epoch 9/10 batch 66/66 (100%) running_loss=0.7156
trial epoch 9/10 done: train_loss=0.7156 val_macro_auc=0.8150
trial epoch 10/10 batch 13/66 (20%) running_loss=0.6949
trial epoch 10/10 batch 26/66 (39%) running_loss=0.7058
trial epoch 10/10 batch 39/66 (59%) running_loss=0.7166
trial epoch 10/10 batch 52/66 (79%) running_loss=0.7110
trial epoch 10/10 batch 65/66 (98%) running_loss=0.7072
trial epoch 10/10 batch 66/66 (100%) running_loss=0.7074
trial epoch 10/10 done: train_loss=0.7074 val_macro_auc=0.8135
Trial 12/25: finished val_macro_auc=0.8167 (best so far: 0.8396)
Trial 13/25: starting (10 trial epochs)
trial epoch 1/10 batch 13/66 (20%) running_loss=1.1118
trial epoch 1/10 batch 26/66 (39%) running_loss=1.1557
trial epoch 1/10 batch 39/66 (59%) running_loss=1.1579
trial epoch 1/10 batch 52/66 (79%) running_loss=1.1624
trial epoch 1/10 batch 65/66 (98%) running_loss=1.1632
trial epoch 1/10 batch 66/66 (100%) running_loss=1.1618
trial epoch 1/10 done: train_loss=1.1618 val_macro_auc=0.5540
trial epoch 2/10 batch 13/66 (20%) running_loss=1.1039
trial epoch 2/10 batch 26/66 (39%) running_loss=1.0901
trial epoch 2/10 batch 39/66 (59%) running_loss=1.0856
trial epoch 2/10 batch 52/66 (79%) running_loss=1.0796
trial epoch 2/10 batch 65/66 (98%) running_loss=1.0809
trial epoch 2/10 batch 66/66 (100%) running_loss=1.0804
trial epoch 2/10 done: train_loss=1.0804 val_macro_auc=0.5578
trial epoch 3/10 batch 13/66 (20%) running_loss=1.0506
trial epoch 3/10 batch 26/66 (39%) running_loss=1.0539
trial epoch 3/10 batch 39/66 (59%) running_loss=1.0580
trial epoch 3/10 batch 52/66 (79%) running_loss=1.0634
trial epoch 3/10 batch 65/66 (98%) running_loss=1.0633
trial epoch 3/10 batch 66/66 (100%) running_loss=1.0631
trial epoch 3/10 done: train_loss=1.0631 val_macro_auc=0.6882
trial epoch 4/10 batch 13/66 (20%) running_loss=1.0405
trial epoch 4/10 batch 26/66 (39%) running_loss=1.0540
trial epoch 4/10 batch 39/66 (59%) running_loss=1.0474
trial epoch 4/10 batch 52/66 (79%) running_loss=1.0386
trial epoch 4/10 batch 65/66 (98%) running_loss=1.0293
trial epoch 4/10 batch 66/66 (100%) running_loss=1.0307
trial epoch 4/10 done: train_loss=1.0307 val_macro_auc=0.7433
trial epoch 5/10 batch 13/66 (20%) running_loss=1.0012
trial epoch 5/10 batch 26/66 (39%) running_loss=0.9838
trial epoch 5/10 batch 39/66 (59%) running_loss=0.9680
trial epoch 5/10 batch 52/66 (79%) running_loss=0.9594
trial epoch 5/10 batch 65/66 (98%) running_loss=0.9509
trial epoch 5/10 batch 66/66 (100%) running_loss=0.9509
trial epoch 5/10 done: train_loss=0.9509 val_macro_auc=0.7769
trial epoch 6/10 batch 13/66 (20%) running_loss=0.9227
trial epoch 6/10 batch 26/66 (39%) running_loss=0.8893
trial epoch 6/10 batch 39/66 (59%) running_loss=0.9006
trial epoch 6/10 batch 52/66 (79%) running_loss=0.8897
trial epoch 6/10 batch 65/66 (98%) running_loss=0.8805
trial epoch 6/10 batch 66/66 (100%) running_loss=0.8797
trial epoch 6/10 done: train_loss=0.8797 val_macro_auc=0.7941
trial epoch 7/10 batch 13/66 (20%) running_loss=0.8490
trial epoch 7/10 batch 26/66 (39%) running_loss=0.8530
trial epoch 7/10 batch 39/66 (59%) running_loss=0.8472
trial epoch 7/10 batch 52/66 (79%) running_loss=0.8392
trial epoch 7/10 batch 65/66 (98%) running_loss=0.8307
trial epoch 7/10 batch 66/66 (100%) running_loss=0.8304
trial epoch 7/10 done: train_loss=0.8304 val_macro_auc=0.7765
trial epoch 8/10 batch 13/66 (20%) running_loss=0.8183
trial epoch 8/10 batch 26/66 (39%) running_loss=0.7923
trial epoch 8/10 batch 39/66 (59%) running_loss=0.7900
trial epoch 8/10 batch 52/66 (79%) running_loss=0.7944
trial epoch 8/10 batch 65/66 (98%) running_loss=0.7896
trial epoch 8/10 batch 66/66 (100%) running_loss=0.7883
trial epoch 8/10 done: train_loss=0.7883 val_macro_auc=0.7782
trial epoch 9/10 batch 13/66 (20%) running_loss=0.7382
trial epoch 9/10 batch 26/66 (39%) running_loss=0.7627
trial epoch 9/10 batch 39/66 (59%) running_loss=0.7774
trial epoch 9/10 batch 52/66 (79%) running_loss=0.7771
trial epoch 9/10 batch 65/66 (98%) running_loss=0.7741
trial epoch 9/10 batch 66/66 (100%) running_loss=0.7742
trial epoch 9/10 done: train_loss=0.7742 val_macro_auc=0.7853
trial epoch 10/10 batch 13/66 (20%) running_loss=0.7644
trial epoch 10/10 batch 26/66 (39%) running_loss=0.7744
trial epoch 10/10 batch 39/66 (59%) running_loss=0.7638
trial epoch 10/10 batch 52/66 (79%) running_loss=0.7562
trial epoch 10/10 batch 65/66 (98%) running_loss=0.7590
trial epoch 10/10 batch 66/66 (100%) running_loss=0.7584
trial epoch 10/10 done: train_loss=0.7584 val_macro_auc=0.7906
Trial 13/25: finished val_macro_auc=0.7847 (best so far: 0.8396)
Trial 14/25: starting (10 trial epochs)
trial epoch 1/10 batch 13/66 (20%) running_loss=1.2178
trial epoch 1/10 batch 26/66 (39%) running_loss=1.2105
trial epoch 1/10 batch 39/66 (59%) running_loss=1.2079
trial epoch 1/10 batch 52/66 (79%) running_loss=1.1940
trial epoch 1/10 batch 65/66 (98%) running_loss=1.1876
trial epoch 1/10 batch 66/66 (100%) running_loss=1.1869
trial epoch 1/10 done: train_loss=1.1869 val_macro_auc=0.5861
trial epoch 2/10 batch 13/66 (20%) running_loss=1.0906
trial epoch 2/10 batch 26/66 (39%) running_loss=1.0817
trial epoch 2/10 batch 39/66 (59%) running_loss=1.0628
trial epoch 2/10 batch 52/66 (79%) running_loss=1.0497
trial epoch 2/10 batch 65/66 (98%) running_loss=1.0473
trial epoch 2/10 batch 66/66 (100%) running_loss=1.0456
trial epoch 2/10 done: train_loss=1.0456 val_macro_auc=0.7244
trial epoch 3/10 batch 13/66 (20%) running_loss=1.0954
trial epoch 3/10 batch 26/66 (39%) running_loss=1.0627
trial epoch 3/10 batch 39/66 (59%) running_loss=1.0436
trial epoch 3/10 batch 52/66 (79%) running_loss=1.0165
trial epoch 3/10 batch 65/66 (98%) running_loss=1.0063
trial epoch 3/10 batch 66/66 (100%) running_loss=1.0064
trial epoch 3/10 done: train_loss=1.0064 val_macro_auc=0.7567
trial epoch 4/10 batch 13/66 (20%) running_loss=0.9649
trial epoch 4/10 batch 26/66 (39%) running_loss=0.9586
trial epoch 4/10 batch 39/66 (59%) running_loss=0.9388
trial epoch 4/10 batch 52/66 (79%) running_loss=0.9459
trial epoch 4/10 batch 65/66 (98%) running_loss=0.9389
trial epoch 4/10 batch 66/66 (100%) running_loss=0.9379
trial epoch 4/10 done: train_loss=0.9379 val_macro_auc=0.7765
trial epoch 5/10 batch 13/66 (20%) running_loss=0.9051
trial epoch 5/10 batch 26/66 (39%) running_loss=0.9072
trial epoch 5/10 batch 39/66 (59%) running_loss=0.8993
trial epoch 5/10 batch 52/66 (79%) running_loss=0.9022
trial epoch 5/10 batch 65/66 (98%) running_loss=0.9063
trial epoch 5/10 batch 66/66 (100%) running_loss=0.9065
trial epoch 5/10 done: train_loss=0.9065 val_macro_auc=0.8012
trial epoch 6/10 batch 13/66 (20%) running_loss=0.8787
trial epoch 6/10 batch 26/66 (39%) running_loss=0.8635
trial epoch 6/10 batch 39/66 (59%) running_loss=0.8666
trial epoch 6/10 batch 52/66 (79%) running_loss=0.8407
trial epoch 6/10 batch 65/66 (98%) running_loss=0.8444
trial epoch 6/10 batch 66/66 (100%) running_loss=0.8452
trial epoch 6/10 done: train_loss=0.8452 val_macro_auc=0.8100
trial epoch 7/10 batch 13/66 (20%) running_loss=0.7975
trial epoch 7/10 batch 26/66 (39%) running_loss=0.7936
trial epoch 7/10 batch 39/66 (59%) running_loss=0.7939
trial epoch 7/10 batch 52/66 (79%) running_loss=0.7965
trial epoch 7/10 batch 65/66 (98%) running_loss=0.8048
trial epoch 7/10 batch 66/66 (100%) running_loss=0.8074
trial epoch 7/10 done: train_loss=0.8074 val_macro_auc=0.8188
trial epoch 8/10 batch 13/66 (20%) running_loss=0.7516
trial epoch 8/10 batch 26/66 (39%) running_loss=0.7640
trial epoch 8/10 batch 39/66 (59%) running_loss=0.7662
trial epoch 8/10 batch 52/66 (79%) running_loss=0.7544
trial epoch 8/10 batch 65/66 (98%) running_loss=0.7596
trial epoch 8/10 batch 66/66 (100%) running_loss=0.7580
trial epoch 8/10 done: train_loss=0.7580 val_macro_auc=0.8225
trial epoch 9/10 batch 13/66 (20%) running_loss=0.6960
trial epoch 9/10 batch 26/66 (39%) running_loss=0.7239
trial epoch 9/10 batch 39/66 (59%) running_loss=0.7193
trial epoch 9/10 batch 52/66 (79%) running_loss=0.7235
trial epoch 9/10 batch 65/66 (98%) running_loss=0.7293
trial epoch 9/10 batch 66/66 (100%) running_loss=0.7293
trial epoch 9/10 done: train_loss=0.7293 val_macro_auc=0.8437
trial epoch 10/10 batch 13/66 (20%) running_loss=0.7116
trial epoch 10/10 batch 26/66 (39%) running_loss=0.7300
trial epoch 10/10 batch 39/66 (59%) running_loss=0.7408
trial epoch 10/10 batch 52/66 (79%) running_loss=0.7439
trial epoch 10/10 batch 65/66 (98%) running_loss=0.7381
trial epoch 10/10 batch 66/66 (100%) running_loss=0.7399
trial epoch 10/10 done: train_loss=0.7399 val_macro_auc=0.8404
Trial 14/25: finished val_macro_auc=0.8355 (best so far: 0.8396)
Trial 15/25: starting (10 trial epochs)
trial epoch 1/10 batch 13/66 (20%) running_loss=1.2055
trial epoch 1/10 batch 26/66 (39%) running_loss=1.1899
trial epoch 1/10 batch 39/66 (59%) running_loss=1.1776
trial epoch 1/10 batch 52/66 (79%) running_loss=1.1567
trial epoch 1/10 batch 65/66 (98%) running_loss=1.1414
trial epoch 1/10 batch 66/66 (100%) running_loss=1.1407
trial epoch 1/10 done: train_loss=1.1407 val_macro_auc=0.7682
trial epoch 2/10 batch 13/66 (20%) running_loss=1.0577
trial epoch 2/10 batch 26/66 (39%) running_loss=1.0841
trial epoch 2/10 batch 39/66 (59%) running_loss=1.0593
trial epoch 2/10 batch 52/66 (79%) running_loss=1.0474
trial epoch 2/10 batch 65/66 (98%) running_loss=1.0343
trial epoch 2/10 batch 66/66 (100%) running_loss=1.0347
trial epoch 2/10 done: train_loss=1.0347 val_macro_auc=0.7560
trial epoch 3/10 batch 13/66 (20%) running_loss=0.9702
trial epoch 3/10 batch 26/66 (39%) running_loss=0.9554
trial epoch 3/10 batch 39/66 (59%) running_loss=0.9644
trial epoch 3/10 batch 52/66 (79%) running_loss=0.9552
trial epoch 3/10 batch 65/66 (98%) running_loss=0.9403
trial epoch 3/10 batch 66/66 (100%) running_loss=0.9389
trial epoch 3/10 done: train_loss=0.9389 val_macro_auc=0.7375
trial epoch 4/10 batch 13/66 (20%) running_loss=0.9112
trial epoch 4/10 batch 26/66 (39%) running_loss=0.8712
trial epoch 4/10 batch 39/66 (59%) running_loss=0.8772
trial epoch 4/10 batch 52/66 (79%) running_loss=0.8746
trial epoch 4/10 batch 65/66 (98%) running_loss=0.8718
trial epoch 4/10 batch 66/66 (100%) running_loss=0.8726
trial epoch 4/10 done: train_loss=0.8726 val_macro_auc=0.7713
trial epoch 5/10 batch 13/66 (20%) running_loss=0.8541
trial epoch 5/10 batch 26/66 (39%) running_loss=0.8554
trial epoch 5/10 batch 39/66 (59%) running_loss=0.8480
trial epoch 5/10 batch 52/66 (79%) running_loss=0.8419
trial epoch 5/10 batch 65/66 (98%) running_loss=0.8356
trial epoch 5/10 batch 66/66 (100%) running_loss=0.8353
trial epoch 5/10 done: train_loss=0.8353 val_macro_auc=0.8057
trial epoch 6/10 batch 13/66 (20%) running_loss=0.8179
trial epoch 6/10 batch 26/66 (39%) running_loss=0.8138
trial epoch 6/10 batch 39/66 (59%) running_loss=0.7838
trial epoch 6/10 batch 52/66 (79%) running_loss=0.7957
trial epoch 6/10 batch 65/66 (98%) running_loss=0.7985
trial epoch 6/10 batch 66/66 (100%) running_loss=0.8015
trial epoch 6/10 done: train_loss=0.8015 val_macro_auc=0.7888
trial epoch 7/10 batch 13/66 (20%) running_loss=0.8112
trial epoch 7/10 batch 26/66 (39%) running_loss=0.8083
trial epoch 7/10 batch 39/66 (59%) running_loss=0.7926
trial epoch 7/10 batch 52/66 (79%) running_loss=0.7848
trial epoch 7/10 batch 65/66 (98%) running_loss=0.7871
trial epoch 7/10 batch 66/66 (100%) running_loss=0.7864
trial epoch 7/10 done: train_loss=0.7864 val_macro_auc=0.8098
trial epoch 8/10 batch 13/66 (20%) running_loss=0.8331
trial epoch 8/10 batch 26/66 (39%) running_loss=0.7861
trial epoch 8/10 batch 39/66 (59%) running_loss=0.7540
trial epoch 8/10 batch 52/66 (79%) running_loss=0.7399
trial epoch 8/10 batch 65/66 (98%) running_loss=0.7464
trial epoch 8/10 batch 66/66 (100%) running_loss=0.7443
trial epoch 8/10 done: train_loss=0.7443 val_macro_auc=0.8040
trial epoch 9/10 batch 13/66 (20%) running_loss=0.7723
trial epoch 9/10 batch 26/66 (39%) running_loss=0.7577
trial epoch 9/10 batch 39/66 (59%) running_loss=0.7365
trial epoch 9/10 batch 52/66 (79%) running_loss=0.7356
trial epoch 9/10 batch 65/66 (98%) running_loss=0.7205
trial epoch 9/10 batch 66/66 (100%) running_loss=0.7205
trial epoch 9/10 done: train_loss=0.7205 val_macro_auc=0.8032
trial epoch 10/10 batch 13/66 (20%) running_loss=0.7515
trial epoch 10/10 batch 26/66 (39%) running_loss=0.7351
trial epoch 10/10 batch 39/66 (59%) running_loss=0.7271
trial epoch 10/10 batch 52/66 (79%) running_loss=0.7284
trial epoch 10/10 batch 65/66 (98%) running_loss=0.7210
trial epoch 10/10 batch 66/66 (100%) running_loss=0.7197
trial epoch 10/10 done: train_loss=0.7197 val_macro_auc=0.8094
Trial 15/25: finished val_macro_auc=0.8056 (best so far: 0.8396)
     3 |       15 | -8.290858E-01 | -8.395677E-01
Trial 16/25: starting (10 trial epochs)
trial epoch 1/10 batch 13/66 (20%) running_loss=1.1533
trial epoch 1/10 batch 26/66 (39%) running_loss=1.1604
trial epoch 1/10 batch 39/66 (59%) running_loss=1.1610
trial epoch 1/10 batch 52/66 (79%) running_loss=1.1468
trial epoch 1/10 batch 65/66 (98%) running_loss=1.1315
trial epoch 1/10 batch 66/66 (100%) running_loss=1.1358
trial epoch 1/10 done: train_loss=1.1358 val_macro_auc=0.6091
trial epoch 2/10 batch 13/66 (20%) running_loss=1.1294
trial epoch 2/10 batch 26/66 (39%) running_loss=1.0988
trial epoch 2/10 batch 39/66 (59%) running_loss=1.0882
trial epoch 2/10 batch 52/66 (79%) running_loss=1.0699
trial epoch 2/10 batch 65/66 (98%) running_loss=1.0544
trial epoch 2/10 batch 66/66 (100%) running_loss=1.0549
trial epoch 2/10 done: train_loss=1.0549 val_macro_auc=0.7514
trial epoch 3/10 batch 13/66 (20%) running_loss=1.0557
trial epoch 3/10 batch 26/66 (39%) running_loss=1.0208
trial epoch 3/10 batch 39/66 (59%) running_loss=1.0046
trial epoch 3/10 batch 52/66 (79%) running_loss=0.9950
trial epoch 3/10 batch 65/66 (98%) running_loss=0.9852
trial epoch 3/10 batch 66/66 (100%) running_loss=0.9858
trial epoch 3/10 done: train_loss=0.9858 val_macro_auc=0.7718
trial epoch 4/10 batch 13/66 (20%) running_loss=0.9699
trial epoch 4/10 batch 26/66 (39%) running_loss=0.9323
trial epoch 4/10 batch 39/66 (59%) running_loss=0.9190
trial epoch 4/10 batch 52/66 (79%) running_loss=0.9136
trial epoch 4/10 batch 65/66 (98%) running_loss=0.9218
trial epoch 4/10 batch 66/66 (100%) running_loss=0.9208
trial epoch 4/10 done: train_loss=0.9208 val_macro_auc=0.7951
trial epoch 5/10 batch 13/66 (20%) running_loss=0.8791
trial epoch 5/10 batch 26/66 (39%) running_loss=0.8712
trial epoch 5/10 batch 39/66 (59%) running_loss=0.8741
trial epoch 5/10 batch 52/66 (79%) running_loss=0.8740
trial epoch 5/10 batch 65/66 (98%) running_loss=0.8801
trial epoch 5/10 batch 66/66 (100%) running_loss=0.8799
trial epoch 5/10 done: train_loss=0.8799 val_macro_auc=0.8054
trial epoch 6/10 batch 13/66 (20%) running_loss=0.8248
trial epoch 6/10 batch 26/66 (39%) running_loss=0.8226
trial epoch 6/10 batch 39/66 (59%) running_loss=0.8321
trial epoch 6/10 batch 52/66 (79%) running_loss=0.8364
trial epoch 6/10 batch 65/66 (98%) running_loss=0.8351
trial epoch 6/10 batch 66/66 (100%) running_loss=0.8340
trial epoch 6/10 done: train_loss=0.8340 val_macro_auc=0.8182
trial epoch 7/10 batch 13/66 (20%) running_loss=0.8201
trial epoch 7/10 batch 26/66 (39%) running_loss=0.8035
trial epoch 7/10 batch 39/66 (59%) running_loss=0.7948
trial epoch 7/10 batch 52/66 (79%) running_loss=0.7961
trial epoch 7/10 batch 65/66 (98%) running_loss=0.7838
trial epoch 7/10 batch 66/66 (100%) running_loss=0.7861
trial epoch 7/10 done: train_loss=0.7861 val_macro_auc=0.8244
trial epoch 8/10 batch 13/66 (20%) running_loss=0.7362
trial epoch 8/10 batch 26/66 (39%) running_loss=0.7373
trial epoch 8/10 batch 39/66 (59%) running_loss=0.7416
trial epoch 8/10 batch 52/66 (79%) running_loss=0.7493
trial epoch 8/10 batch 65/66 (98%) running_loss=0.7531
trial epoch 8/10 batch 66/66 (100%) running_loss=0.7514
trial epoch 8/10 done: train_loss=0.7514 val_macro_auc=0.8369
trial epoch 9/10 batch 13/66 (20%) running_loss=0.7314
trial epoch 9/10 batch 26/66 (39%) running_loss=0.7274
trial epoch 9/10 batch 39/66 (59%) running_loss=0.7434
trial epoch 9/10 batch 52/66 (79%) running_loss=0.7467
trial epoch 9/10 batch 65/66 (98%) running_loss=0.7366
trial epoch 9/10 batch 66/66 (100%) running_loss=0.7388
trial epoch 9/10 done: train_loss=0.7388 val_macro_auc=0.8304
trial epoch 10/10 batch 13/66 (20%) running_loss=0.6702
trial epoch 10/10 batch 26/66 (39%) running_loss=0.7139
trial epoch 10/10 batch 39/66 (59%) running_loss=0.7099
trial epoch 10/10 batch 52/66 (79%) running_loss=0.7101
trial epoch 10/10 batch 65/66 (98%) running_loss=0.7120
trial epoch 10/10 batch 66/66 (100%) running_loss=0.7119
trial epoch 10/10 done: train_loss=0.7119 val_macro_auc=0.8373
Trial 16/25: finished val_macro_auc=0.8348 (best so far: 0.8396)
Trial 17/25: starting (10 trial epochs)
trial epoch 1/10 batch 13/66 (20%) running_loss=1.1591
trial epoch 1/10 batch 26/66 (39%) running_loss=1.2036
trial epoch 1/10 batch 39/66 (59%) running_loss=1.2084
trial epoch 1/10 batch 52/66 (79%) running_loss=1.2016
trial epoch 1/10 batch 65/66 (98%) running_loss=1.1855
trial epoch 1/10 batch 66/66 (100%) running_loss=1.1874
trial epoch 1/10 done: train_loss=1.1874 val_macro_auc=0.5613
trial epoch 2/10 batch 13/66 (20%) running_loss=1.1899
trial epoch 2/10 batch 26/66 (39%) running_loss=1.1352
trial epoch 2/10 batch 39/66 (59%) running_loss=1.1215
trial epoch 2/10 batch 52/66 (79%) running_loss=1.1014
trial epoch 2/10 batch 65/66 (98%) running_loss=1.0940
trial epoch 2/10 batch 66/66 (100%) running_loss=1.0937
trial epoch 2/10 done: train_loss=1.0937 val_macro_auc=0.6201
trial epoch 3/10 batch 13/66 (20%) running_loss=1.0498
trial epoch 3/10 batch 26/66 (39%) running_loss=1.0464
trial epoch 3/10 batch 39/66 (59%) running_loss=1.0383
trial epoch 3/10 batch 52/66 (79%) running_loss=1.0356
trial epoch 3/10 batch 65/66 (98%) running_loss=1.0217
trial epoch 3/10 batch 66/66 (100%) running_loss=1.0212
trial epoch 3/10 done: train_loss=1.0212 val_macro_auc=0.7571
trial epoch 4/10 batch 13/66 (20%) running_loss=0.9829
trial epoch 4/10 batch 26/66 (39%) running_loss=0.9542
trial epoch 4/10 batch 39/66 (59%) running_loss=0.9465
trial epoch 4/10 batch 52/66 (79%) running_loss=0.9371
trial epoch 4/10 batch 65/66 (98%) running_loss=0.9337
trial epoch 4/10 batch 66/66 (100%) running_loss=0.9324
trial epoch 4/10 done: train_loss=0.9324 val_macro_auc=0.7610
trial epoch 5/10 batch 13/66 (20%) running_loss=0.8626
trial epoch 5/10 batch 26/66 (39%) running_loss=0.8729
trial epoch 5/10 batch 39/66 (59%) running_loss=0.8554
trial epoch 5/10 batch 52/66 (79%) running_loss=0.8465
trial epoch 5/10 batch 65/66 (98%) running_loss=0.8495
trial epoch 5/10 batch 66/66 (100%) running_loss=0.8478
trial epoch 5/10 done: train_loss=0.8478 val_macro_auc=0.7904
trial epoch 6/10 batch 13/66 (20%) running_loss=0.8349
trial epoch 6/10 batch 26/66 (39%) running_loss=0.8027
trial epoch 6/10 batch 39/66 (59%) running_loss=0.8053
trial epoch 6/10 batch 52/66 (79%) running_loss=0.8148
trial epoch 6/10 batch 65/66 (98%) running_loss=0.8115
trial epoch 6/10 batch 66/66 (100%) running_loss=0.8110
trial epoch 6/10 done: train_loss=0.8110 val_macro_auc=0.7877
trial epoch 7/10 batch 13/66 (20%) running_loss=0.7768
trial epoch 7/10 batch 26/66 (39%) running_loss=0.8084
trial epoch 7/10 batch 39/66 (59%) running_loss=0.8035
trial epoch 7/10 batch 52/66 (79%) running_loss=0.7957
trial epoch 7/10 batch 65/66 (98%) running_loss=0.7843
trial epoch 7/10 batch 66/66 (100%) running_loss=0.7835
trial epoch 7/10 done: train_loss=0.7835 val_macro_auc=0.7934
trial epoch 8/10 batch 13/66 (20%) running_loss=0.7216
trial epoch 8/10 batch 26/66 (39%) running_loss=0.7282
trial epoch 8/10 batch 39/66 (59%) running_loss=0.7388
trial epoch 8/10 batch 52/66 (79%) running_loss=0.7572
trial epoch 8/10 batch 65/66 (98%) running_loss=0.7652
trial epoch 8/10 batch 66/66 (100%) running_loss=0.7652
trial epoch 8/10 done: train_loss=0.7652 val_macro_auc=0.8025
trial epoch 9/10 batch 13/66 (20%) running_loss=0.7453
trial epoch 9/10 batch 26/66 (39%) running_loss=0.7414
trial epoch 9/10 batch 39/66 (59%) running_loss=0.7465
trial epoch 9/10 batch 52/66 (79%) running_loss=0.7483
trial epoch 9/10 batch 65/66 (98%) running_loss=0.7487
trial epoch 9/10 batch 66/66 (100%) running_loss=0.7486
trial epoch 9/10 done: train_loss=0.7486 val_macro_auc=0.8048
trial epoch 10/10 batch 13/66 (20%) running_loss=0.6962
trial epoch 10/10 batch 26/66 (39%) running_loss=0.7084
trial epoch 10/10 batch 39/66 (59%) running_loss=0.7147
trial epoch 10/10 batch 52/66 (79%) running_loss=0.7148
trial epoch 10/10 batch 65/66 (98%) running_loss=0.7183
trial epoch 10/10 batch 66/66 (100%) running_loss=0.7186
trial epoch 10/10 done: train_loss=0.7186 val_macro_auc=0.8074
Trial 17/25: finished val_macro_auc=0.8049 (best so far: 0.8396)
Trial 18/25: starting (10 trial epochs)
trial epoch 1/10 batch 13/66 (20%) running_loss=1.1347
trial epoch 1/10 batch 26/66 (39%) running_loss=1.1885
trial epoch 1/10 batch 39/66 (59%) running_loss=1.1723
trial epoch 1/10 batch 52/66 (79%) running_loss=1.1722
trial epoch 1/10 batch 65/66 (98%) running_loss=1.1607
trial epoch 1/10 batch 66/66 (100%) running_loss=1.1598
trial epoch 1/10 done: train_loss=1.1598 val_macro_auc=0.6047
trial epoch 2/10 batch 13/66 (20%) running_loss=1.1218
trial epoch 2/10 batch 26/66 (39%) running_loss=1.1034
trial epoch 2/10 batch 39/66 (59%) running_loss=1.1036
trial epoch 2/10 batch 52/66 (79%) running_loss=1.1111
trial epoch 2/10 batch 65/66 (98%) running_loss=1.0963
trial epoch 2/10 batch 66/66 (100%) running_loss=1.0964
trial epoch 2/10 done: train_loss=1.0964 val_macro_auc=0.7253
trial epoch 3/10 batch 13/66 (20%) running_loss=1.0590
trial epoch 3/10 batch 26/66 (39%) running_loss=1.0597
trial epoch 3/10 batch 39/66 (59%) running_loss=1.0627
trial epoch 3/10 batch 52/66 (79%) running_loss=1.0640
trial epoch 3/10 batch 65/66 (98%) running_loss=1.0540
trial epoch 3/10 batch 66/66 (100%) running_loss=1.0537
trial epoch 3/10 done: train_loss=1.0537 val_macro_auc=0.7579
trial epoch 4/10 batch 13/66 (20%) running_loss=0.9741
trial epoch 4/10 batch 26/66 (39%) running_loss=0.9995
trial epoch 4/10 batch 39/66 (59%) running_loss=0.9966
trial epoch 4/10 batch 52/66 (79%) running_loss=0.9782
trial epoch 4/10 batch 65/66 (98%) running_loss=0.9619
trial epoch 4/10 batch 66/66 (100%) running_loss=0.9638
trial epoch 4/10 done: train_loss=0.9638 val_macro_auc=0.7633
trial epoch 5/10 batch 13/66 (20%) running_loss=0.9073
trial epoch 5/10 batch 26/66 (39%) running_loss=0.9015
trial epoch 5/10 batch 39/66 (59%) running_loss=0.9206
trial epoch 5/10 batch 52/66 (79%) running_loss=0.9049
trial epoch 5/10 batch 65/66 (98%) running_loss=0.8985
trial epoch 5/10 batch 66/66 (100%) running_loss=0.9008
trial epoch 5/10 done: train_loss=0.9008 val_macro_auc=0.7763
trial epoch 6/10 batch 13/66 (20%) running_loss=0.8682
trial epoch 6/10 batch 26/66 (39%) running_loss=0.8504
trial epoch 6/10 batch 39/66 (59%) running_loss=0.8448
trial epoch 6/10 batch 52/66 (79%) running_loss=0.8427
trial epoch 6/10 batch 65/66 (98%) running_loss=0.8435
trial epoch 6/10 batch 66/66 (100%) running_loss=0.8432
trial epoch 6/10 done: train_loss=0.8432 val_macro_auc=0.8015
trial epoch 7/10 batch 13/66 (20%) running_loss=0.9007
trial epoch 7/10 batch 26/66 (39%) running_loss=0.8524
trial epoch 7/10 batch 39/66 (59%) running_loss=0.8461
trial epoch 7/10 batch 52/66 (79%) running_loss=0.8342
trial epoch 7/10 batch 65/66 (98%) running_loss=0.8281
trial epoch 7/10 batch 66/66 (100%) running_loss=0.8271
trial epoch 7/10 done: train_loss=0.8271 val_macro_auc=0.7991
trial epoch 8/10 batch 13/66 (20%) running_loss=0.7860
trial epoch 8/10 batch 26/66 (39%) running_loss=0.7931
trial epoch 8/10 batch 39/66 (59%) running_loss=0.7849
trial epoch 8/10 batch 52/66 (79%) running_loss=0.7865
trial epoch 8/10 batch 65/66 (98%) running_loss=0.7820
trial epoch 8/10 batch 66/66 (100%) running_loss=0.7856
trial epoch 8/10 done: train_loss=0.7856 val_macro_auc=0.8034
trial epoch 9/10 batch 13/66 (20%) running_loss=0.8038
trial epoch 9/10 batch 26/66 (39%) running_loss=0.7687
trial epoch 9/10 batch 39/66 (59%) running_loss=0.7542
trial epoch 9/10 batch 52/66 (79%) running_loss=0.7581
trial epoch 9/10 batch 65/66 (98%) running_loss=0.7593
trial epoch 9/10 batch 66/66 (100%) running_loss=0.7609
trial epoch 9/10 done: train_loss=0.7609 val_macro_auc=0.8122
trial epoch 10/10 batch 13/66 (20%) running_loss=0.7297
trial epoch 10/10 batch 26/66 (39%) running_loss=0.7457
trial epoch 10/10 batch 39/66 (59%) running_loss=0.7276
trial epoch 10/10 batch 52/66 (79%) running_loss=0.7302
trial epoch 10/10 batch 65/66 (98%) running_loss=0.7330
trial epoch 10/10 batch 66/66 (100%) running_loss=0.7326
trial epoch 10/10 done: train_loss=0.7326 val_macro_auc=0.8154
Trial 18/25: finished val_macro_auc=0.8103 (best so far: 0.8396)
Trial 19/25: starting (10 trial epochs)
trial epoch 1/10 batch 13/66 (20%) running_loss=1.1415
trial epoch 1/10 batch 26/66 (39%) running_loss=1.2178
trial epoch 1/10 batch 39/66 (59%) running_loss=1.1945
trial epoch 1/10 batch 52/66 (79%) running_loss=1.1857
trial epoch 1/10 batch 65/66 (98%) running_loss=1.1634
trial epoch 1/10 batch 66/66 (100%) running_loss=1.1640
trial epoch 1/10 done: train_loss=1.1640 val_macro_auc=0.6378
trial epoch 2/10 batch 13/66 (20%) running_loss=1.1066
trial epoch 2/10 batch 26/66 (39%) running_loss=1.1228
trial epoch 2/10 batch 39/66 (59%) running_loss=1.1241
trial epoch 2/10 batch 52/66 (79%) running_loss=1.1113
trial epoch 2/10 batch 65/66 (98%) running_loss=1.1135
trial epoch 2/10 batch 66/66 (100%) running_loss=1.1119
trial epoch 2/10 done: train_loss=1.1119 val_macro_auc=0.6746
trial epoch 3/10 batch 13/66 (20%) running_loss=1.0617
trial epoch 3/10 batch 26/66 (39%) running_loss=1.0278
trial epoch 3/10 batch 39/66 (59%) running_loss=1.0232
trial epoch 3/10 batch 52/66 (79%) running_loss=1.0086
trial epoch 3/10 batch 65/66 (98%) running_loss=1.0094
trial epoch 3/10 batch 66/66 (100%) running_loss=1.0101
trial epoch 3/10 done: train_loss=1.0101 val_macro_auc=0.7496
trial epoch 4/10 batch 13/66 (20%) running_loss=1.0496
trial epoch 4/10 batch 26/66 (39%) running_loss=1.0134
trial epoch 4/10 batch 39/66 (59%) running_loss=1.0035
trial epoch 4/10 batch 52/66 (79%) running_loss=0.9892
trial epoch 4/10 batch 65/66 (98%) running_loss=0.9936
trial epoch 4/10 batch 66/66 (100%) running_loss=0.9927
trial epoch 4/10 done: train_loss=0.9927 val_macro_auc=0.7539
trial epoch 5/10 batch 13/66 (20%) running_loss=0.9703
trial epoch 5/10 batch 26/66 (39%) running_loss=0.9707
trial epoch 5/10 batch 39/66 (59%) running_loss=0.9564
trial epoch 5/10 batch 52/66 (79%) running_loss=0.9548
trial epoch 5/10 batch 65/66 (98%) running_loss=0.9530
trial epoch 5/10 batch 66/66 (100%) running_loss=0.9543
trial epoch 5/10 done: train_loss=0.9543 val_macro_auc=0.7780
trial epoch 6/10 batch 13/66 (20%) running_loss=0.9582
trial epoch 6/10 batch 26/66 (39%) running_loss=0.9229
trial epoch 6/10 batch 39/66 (59%) running_loss=0.9118
trial epoch 6/10 batch 52/66 (79%) running_loss=0.9096
trial epoch 6/10 batch 65/66 (98%) running_loss=0.9063
trial epoch 6/10 batch 66/66 (100%) running_loss=0.9065
trial epoch 6/10 done: train_loss=0.9065 val_macro_auc=0.7613
trial epoch 7/10 batch 13/66 (20%) running_loss=0.8839
trial epoch 7/10 batch 26/66 (39%) running_loss=0.8757
trial epoch 7/10 batch 39/66 (59%) running_loss=0.8721
trial epoch 7/10 batch 52/66 (79%) running_loss=0.8681
trial epoch 7/10 batch 65/66 (98%) running_loss=0.8618
trial epoch 7/10 batch 66/66 (100%) running_loss=0.8604
trial epoch 7/10 done: train_loss=0.8604 val_macro_auc=0.7641
trial epoch 8/10 batch 13/66 (20%) running_loss=0.8410
trial epoch 8/10 batch 26/66 (39%) running_loss=0.8461
trial epoch 8/10 batch 39/66 (59%) running_loss=0.8380
trial epoch 8/10 batch 52/66 (79%) running_loss=0.8235
trial epoch 8/10 batch 65/66 (98%) running_loss=0.8310
trial epoch 8/10 batch 66/66 (100%) running_loss=0.8308
trial epoch 8/10 done: train_loss=0.8308 val_macro_auc=0.7848
trial epoch 9/10 batch 13/66 (20%) running_loss=0.8615
trial epoch 9/10 batch 26/66 (39%) running_loss=0.8232
trial epoch 9/10 batch 39/66 (59%) running_loss=0.8015
trial epoch 9/10 batch 52/66 (79%) running_loss=0.8006
trial epoch 9/10 batch 65/66 (98%) running_loss=0.7932
trial epoch 9/10 batch 66/66 (100%) running_loss=0.7911
trial epoch 9/10 done: train_loss=0.7911 val_macro_auc=0.8179
trial epoch 10/10 batch 13/66 (20%) running_loss=0.8112
trial epoch 10/10 batch 26/66 (39%) running_loss=0.7741
trial epoch 10/10 batch 39/66 (59%) running_loss=0.7972
trial epoch 10/10 batch 52/66 (79%) running_loss=0.8020
trial epoch 10/10 batch 65/66 (98%) running_loss=0.7963
trial epoch 10/10 batch 66/66 (100%) running_loss=0.7986
trial epoch 10/10 done: train_loss=0.7986 val_macro_auc=0.8236
Trial 19/25: finished val_macro_auc=0.8087 (best so far: 0.8396)
Trial 20/25: starting (10 trial epochs)
trial epoch 1/10 batch 13/66 (20%) running_loss=1.1141
trial epoch 1/10 batch 26/66 (39%) running_loss=1.1393
trial epoch 1/10 batch 39/66 (59%) running_loss=1.1407
trial epoch 1/10 batch 52/66 (79%) running_loss=1.1215
trial epoch 1/10 batch 65/66 (98%) running_loss=1.1190
trial epoch 1/10 batch 66/66 (100%) running_loss=1.1191
trial epoch 1/10 done: train_loss=1.1191 val_macro_auc=0.7440
trial epoch 2/10 batch 13/66 (20%) running_loss=1.1031
trial epoch 2/10 batch 26/66 (39%) running_loss=1.0685
trial epoch 2/10 batch 39/66 (59%) running_loss=1.0538
trial epoch 2/10 batch 52/66 (79%) running_loss=1.0467
trial epoch 2/10 batch 65/66 (98%) running_loss=1.0313
trial epoch 2/10 batch 66/66 (100%) running_loss=1.0308
trial epoch 2/10 done: train_loss=1.0308 val_macro_auc=0.7348
trial epoch 3/10 batch 13/66 (20%) running_loss=0.9575
trial epoch 3/10 batch 26/66 (39%) running_loss=0.9535
trial epoch 3/10 batch 39/66 (59%) running_loss=0.9516
trial epoch 3/10 batch 52/66 (79%) running_loss=0.9432
trial epoch 3/10 batch 65/66 (98%) running_loss=0.9247
trial epoch 3/10 batch 66/66 (100%) running_loss=0.9231
trial epoch 3/10 done: train_loss=0.9231 val_macro_auc=0.7626
trial epoch 4/10 batch 13/66 (20%) running_loss=0.9230
trial epoch 4/10 batch 26/66 (39%) running_loss=0.9038
trial epoch 4/10 batch 39/66 (59%) running_loss=0.8817
trial epoch 4/10 batch 52/66 (79%) running_loss=0.8698
trial epoch 4/10 batch 65/66 (98%) running_loss=0.8755
trial epoch 4/10 batch 66/66 (100%) running_loss=0.8754
trial epoch 4/10 done: train_loss=0.8754 val_macro_auc=0.7852
trial epoch 5/10 batch 13/66 (20%) running_loss=0.8291
trial epoch 5/10 batch 26/66 (39%) running_loss=0.8250
trial epoch 5/10 batch 39/66 (59%) running_loss=0.8165
trial epoch 5/10 batch 52/66 (79%) running_loss=0.8100
trial epoch 5/10 batch 65/66 (98%) running_loss=0.8082
trial epoch 5/10 batch 66/66 (100%) running_loss=0.8081
trial epoch 5/10 done: train_loss=0.8081 val_macro_auc=0.8080
trial epoch 6/10 batch 13/66 (20%) running_loss=0.8742
trial epoch 6/10 batch 26/66 (39%) running_loss=0.8414
trial epoch 6/10 batch 39/66 (59%) running_loss=0.8195
trial epoch 6/10 batch 52/66 (79%) running_loss=0.8008
trial epoch 6/10 batch 65/66 (98%) running_loss=0.8019
trial epoch 6/10 batch 66/66 (100%) running_loss=0.8011
trial epoch 6/10 done: train_loss=0.8011 val_macro_auc=0.8041
trial epoch 7/10 batch 13/66 (20%) running_loss=0.7424
trial epoch 7/10 batch 26/66 (39%) running_loss=0.7603
trial epoch 7/10 batch 39/66 (59%) running_loss=0.7428
trial epoch 7/10 batch 52/66 (79%) running_loss=0.7494
trial epoch 7/10 batch 65/66 (98%) running_loss=0.7576
trial epoch 7/10 batch 66/66 (100%) running_loss=0.7564
trial epoch 7/10 done: train_loss=0.7564 val_macro_auc=0.8329
trial epoch 8/10 batch 13/66 (20%) running_loss=0.6954
trial epoch 8/10 batch 26/66 (39%) running_loss=0.7542
trial epoch 8/10 batch 39/66 (59%) running_loss=0.7409
trial epoch 8/10 batch 52/66 (79%) running_loss=0.7328
trial epoch 8/10 batch 65/66 (98%) running_loss=0.7305
trial epoch 8/10 batch 66/66 (100%) running_loss=0.7267
trial epoch 8/10 done: train_loss=0.7267 val_macro_auc=0.8349
trial epoch 9/10 batch 13/66 (20%) running_loss=0.7595
trial epoch 9/10 batch 26/66 (39%) running_loss=0.7133
trial epoch 9/10 batch 39/66 (59%) running_loss=0.7166
trial epoch 9/10 batch 52/66 (79%) running_loss=0.7188
trial epoch 9/10 batch 65/66 (98%) running_loss=0.7161
trial epoch 9/10 batch 66/66 (100%) running_loss=0.7165
trial epoch 9/10 done: train_loss=0.7165 val_macro_auc=0.8391
trial epoch 10/10 batch 13/66 (20%) running_loss=0.6610
trial epoch 10/10 batch 26/66 (39%) running_loss=0.6841
trial epoch 10/10 batch 39/66 (59%) running_loss=0.6741
trial epoch 10/10 batch 52/66 (79%) running_loss=0.6874
trial epoch 10/10 batch 65/66 (98%) running_loss=0.6949
trial epoch 10/10 batch 66/66 (100%) running_loss=0.6957
trial epoch 10/10 done: train_loss=0.6957 val_macro_auc=0.8358
Trial 20/25: finished val_macro_auc=0.8366 (best so far: 0.8396)
     4 |       20 | -8.357377E-01 | -8.395677E-01
Trial 21/25: starting (10 trial epochs)
trial epoch 1/10 batch 13/66 (20%) running_loss=1.1398
trial epoch 1/10 batch 26/66 (39%) running_loss=1.1894
trial epoch 1/10 batch 39/66 (59%) running_loss=1.1795
trial epoch 1/10 batch 52/66 (79%) running_loss=1.1651
trial epoch 1/10 batch 65/66 (98%) running_loss=1.1532
trial epoch 1/10 batch 66/66 (100%) running_loss=1.1502
trial epoch 1/10 done: train_loss=1.1502 val_macro_auc=0.5817
trial epoch 2/10 batch 13/66 (20%) running_loss=1.1097
trial epoch 2/10 batch 26/66 (39%) running_loss=1.1089
trial epoch 2/10 batch 39/66 (59%) running_loss=1.1170
trial epoch 2/10 batch 52/66 (79%) running_loss=1.1073
trial epoch 2/10 batch 65/66 (98%) running_loss=1.0850
trial epoch 2/10 batch 66/66 (100%) running_loss=1.0834
trial epoch 2/10 done: train_loss=1.0834 val_macro_auc=0.7648
trial epoch 3/10 batch 13/66 (20%) running_loss=0.9813
trial epoch 3/10 batch 26/66 (39%) running_loss=0.9649
trial epoch 3/10 batch 39/66 (59%) running_loss=0.9610
trial epoch 3/10 batch 52/66 (79%) running_loss=0.9675
trial epoch 3/10 batch 65/66 (98%) running_loss=0.9567
trial epoch 3/10 batch 66/66 (100%) running_loss=0.9561
trial epoch 3/10 done: train_loss=0.9561 val_macro_auc=0.7470
trial epoch 4/10 batch 13/66 (20%) running_loss=0.9545
trial epoch 4/10 batch 26/66 (39%) running_loss=0.9306
trial epoch 4/10 batch 39/66 (59%) running_loss=0.9110
trial epoch 4/10 batch 52/66 (79%) running_loss=0.9015
trial epoch 4/10 batch 65/66 (98%) running_loss=0.8853
trial epoch 4/10 batch 66/66 (100%) running_loss=0.8816
trial epoch 4/10 done: train_loss=0.8816 val_macro_auc=0.7807
trial epoch 5/10 batch 13/66 (20%) running_loss=0.8001
trial epoch 5/10 batch 26/66 (39%) running_loss=0.7933
trial epoch 5/10 batch 39/66 (59%) running_loss=0.8164
trial epoch 5/10 batch 52/66 (79%) running_loss=0.8190
trial epoch 5/10 batch 65/66 (98%) running_loss=0.8094
trial epoch 5/10 batch 66/66 (100%) running_loss=0.8097
trial epoch 5/10 done: train_loss=0.8097 val_macro_auc=0.7927
trial epoch 6/10 batch 13/66 (20%) running_loss=0.7688
trial epoch 6/10 batch 26/66 (39%) running_loss=0.7798
trial epoch 6/10 batch 39/66 (59%) running_loss=0.7802
trial epoch 6/10 batch 52/66 (79%) running_loss=0.7748
trial epoch 6/10 batch 65/66 (98%) running_loss=0.7705
trial epoch 6/10 batch 66/66 (100%) running_loss=0.7711
trial epoch 6/10 done: train_loss=0.7711 val_macro_auc=0.8037
trial epoch 7/10 batch 13/66 (20%) running_loss=0.7408
trial epoch 7/10 batch 26/66 (39%) running_loss=0.7774
trial epoch 7/10 batch 39/66 (59%) running_loss=0.7450
trial epoch 7/10 batch 52/66 (79%) running_loss=0.7511
trial epoch 7/10 batch 65/66 (98%) running_loss=0.7488
trial epoch 7/10 batch 66/66 (100%) running_loss=0.7479
trial epoch 7/10 done: train_loss=0.7479 val_macro_auc=0.8140
trial epoch 8/10 batch 13/66 (20%) running_loss=0.7027
trial epoch 8/10 batch 26/66 (39%) running_loss=0.7315
trial epoch 8/10 batch 39/66 (59%) running_loss=0.7222
trial epoch 8/10 batch 52/66 (79%) running_loss=0.7177
trial epoch 8/10 batch 65/66 (98%) running_loss=0.7130
trial epoch 8/10 batch 66/66 (100%) running_loss=0.7184
trial epoch 8/10 done: train_loss=0.7184 val_macro_auc=0.8092
trial epoch 9/10 batch 13/66 (20%) running_loss=0.7180
trial epoch 9/10 batch 26/66 (39%) running_loss=0.6921
trial epoch 9/10 batch 39/66 (59%) running_loss=0.7007
trial epoch 9/10 batch 52/66 (79%) running_loss=0.7145
trial epoch 9/10 batch 65/66 (98%) running_loss=0.7226
trial epoch 9/10 batch 66/66 (100%) running_loss=0.7231
trial epoch 9/10 done: train_loss=0.7231 val_macro_auc=0.8135
trial epoch 10/10 batch 13/66 (20%) running_loss=0.7059
trial epoch 10/10 batch 26/66 (39%) running_loss=0.7039
trial epoch 10/10 batch 39/66 (59%) running_loss=0.6963
trial epoch 10/10 batch 52/66 (79%) running_loss=0.7059
trial epoch 10/10 batch 65/66 (98%) running_loss=0.6983
trial epoch 10/10 batch 66/66 (100%) running_loss=0.6995
trial epoch 10/10 done: train_loss=0.6995 val_macro_auc=0.8087
Trial 21/25: finished val_macro_auc=0.8105 (best so far: 0.8396)
Trial 22/25: starting (10 trial epochs)
trial epoch 1/10 batch 13/66 (20%) running_loss=1.1365
trial epoch 1/10 batch 26/66 (39%) running_loss=1.1605
trial epoch 1/10 batch 39/66 (59%) running_loss=1.1889
trial epoch 1/10 batch 52/66 (79%) running_loss=1.1958
trial epoch 1/10 batch 65/66 (98%) running_loss=1.1663
trial epoch 1/10 batch 66/66 (100%) running_loss=1.1653
trial epoch 1/10 done: train_loss=1.1653 val_macro_auc=0.7166
trial epoch 2/10 batch 13/66 (20%) running_loss=1.0892
trial epoch 2/10 batch 26/66 (39%) running_loss=1.0844
trial epoch 2/10 batch 39/66 (59%) running_loss=1.0860
trial epoch 2/10 batch 52/66 (79%) running_loss=1.0919
trial epoch 2/10 batch 65/66 (98%) running_loss=1.0802
trial epoch 2/10 batch 66/66 (100%) running_loss=1.0793
trial epoch 2/10 done: train_loss=1.0793 val_macro_auc=0.7674
trial epoch 3/10 batch 13/66 (20%) running_loss=1.0577
trial epoch 3/10 batch 26/66 (39%) running_loss=1.0470
trial epoch 3/10 batch 39/66 (59%) running_loss=1.0258
trial epoch 3/10 batch 52/66 (79%) running_loss=1.0110
trial epoch 3/10 batch 65/66 (98%) running_loss=1.0181
trial epoch 3/10 batch 66/66 (100%) running_loss=1.0190
trial epoch 3/10 done: train_loss=1.0190 val_macro_auc=0.7701
trial epoch 4/10 batch 13/66 (20%) running_loss=0.9914
trial epoch 4/10 batch 26/66 (39%) running_loss=0.9676
trial epoch 4/10 batch 39/66 (59%) running_loss=0.9628
trial epoch 4/10 batch 52/66 (79%) running_loss=0.9640
trial epoch 4/10 batch 65/66 (98%) running_loss=0.9521
trial epoch 4/10 batch 66/66 (100%) running_loss=0.9501
trial epoch 4/10 done: train_loss=0.9501 val_macro_auc=0.7832
trial epoch 5/10 batch 13/66 (20%) running_loss=0.8659
trial epoch 5/10 batch 26/66 (39%) running_loss=0.8757
trial epoch 5/10 batch 39/66 (59%) running_loss=0.8779
trial epoch 5/10 batch 52/66 (79%) running_loss=0.8863
trial epoch 5/10 batch 65/66 (98%) running_loss=0.8818
trial epoch 5/10 batch 66/66 (100%) running_loss=0.8845
trial epoch 5/10 done: train_loss=0.8845 val_macro_auc=0.7950
trial epoch 6/10 batch 13/66 (20%) running_loss=0.8079
trial epoch 6/10 batch 26/66 (39%) running_loss=0.8081
trial epoch 6/10 batch 39/66 (59%) running_loss=0.8277
trial epoch 6/10 batch 52/66 (79%) running_loss=0.8300
trial epoch 6/10 batch 65/66 (98%) running_loss=0.8350
trial epoch 6/10 batch 66/66 (100%) running_loss=0.8317
trial epoch 6/10 done: train_loss=0.8317 val_macro_auc=0.8056
trial epoch 7/10 batch 13/66 (20%) running_loss=0.7857
trial epoch 7/10 batch 26/66 (39%) running_loss=0.7941
trial epoch 7/10 batch 39/66 (59%) running_loss=0.7957
trial epoch 7/10 batch 52/66 (79%) running_loss=0.7948
trial epoch 7/10 batch 65/66 (98%) running_loss=0.7799
trial epoch 7/10 batch 66/66 (100%) running_loss=0.7798
trial epoch 7/10 done: train_loss=0.7798 val_macro_auc=0.8054
trial epoch 8/10 batch 13/66 (20%) running_loss=0.7171
trial epoch 8/10 batch 26/66 (39%) running_loss=0.7219
trial epoch 8/10 batch 39/66 (59%) running_loss=0.7122
trial epoch 8/10 batch 52/66 (79%) running_loss=0.7292
trial epoch 8/10 batch 65/66 (98%) running_loss=0.7239
trial epoch 8/10 batch 66/66 (100%) running_loss=0.7241
trial epoch 8/10 done: train_loss=0.7241 val_macro_auc=0.8218
trial epoch 9/10 batch 13/66 (20%) running_loss=0.6955
trial epoch 9/10 batch 26/66 (39%) running_loss=0.6796
trial epoch 9/10 batch 39/66 (59%) running_loss=0.6806
trial epoch 9/10 batch 52/66 (79%) running_loss=0.6889
trial epoch 9/10 batch 65/66 (98%) running_loss=0.6933
trial epoch 9/10 batch 66/66 (100%) running_loss=0.6973
trial epoch 9/10 done: train_loss=0.6973 val_macro_auc=0.8185
trial epoch 10/10 batch 13/66 (20%) running_loss=0.6562
trial epoch 10/10 batch 26/66 (39%) running_loss=0.6578
trial epoch 10/10 batch 39/66 (59%) running_loss=0.6777
trial epoch 10/10 batch 52/66 (79%) running_loss=0.6758
trial epoch 10/10 batch 65/66 (98%) running_loss=0.6796
trial epoch 10/10 batch 66/66 (100%) running_loss=0.6798
trial epoch 10/10 done: train_loss=0.6798 val_macro_auc=0.8251
Trial 22/25: finished val_macro_auc=0.8218 (best so far: 0.8396)
Trial 23/25: starting (10 trial epochs)
trial epoch 1/10 batch 13/66 (20%) running_loss=1.2373
trial epoch 1/10 batch 26/66 (39%) running_loss=1.2066
trial epoch 1/10 batch 39/66 (59%) running_loss=1.1991
trial epoch 1/10 batch 52/66 (79%) running_loss=1.1844
trial epoch 1/10 batch 65/66 (98%) running_loss=1.1699
trial epoch 1/10 batch 66/66 (100%) running_loss=1.1700
trial epoch 1/10 done: train_loss=1.1700 val_macro_auc=0.7423
trial epoch 2/10 batch 13/66 (20%) running_loss=1.0772
trial epoch 2/10 batch 26/66 (39%) running_loss=1.0880
trial epoch 2/10 batch 39/66 (59%) running_loss=1.0736
trial epoch 2/10 batch 52/66 (79%) running_loss=1.0605
trial epoch 2/10 batch 65/66 (98%) running_loss=1.0671
trial epoch 2/10 batch 66/66 (100%) running_loss=1.0659
trial epoch 2/10 done: train_loss=1.0659 val_macro_auc=0.7421
trial epoch 3/10 batch 13/66 (20%) running_loss=1.0722
trial epoch 3/10 batch 26/66 (39%) running_loss=1.0333
trial epoch 3/10 batch 39/66 (59%) running_loss=1.0309
trial epoch 3/10 batch 52/66 (79%) running_loss=1.0118
trial epoch 3/10 batch 65/66 (98%) running_loss=1.0099
trial epoch 3/10 batch 66/66 (100%) running_loss=1.0087
trial epoch 3/10 done: train_loss=1.0087 val_macro_auc=0.7525
trial epoch 4/10 batch 13/66 (20%) running_loss=0.9200
trial epoch 4/10 batch 26/66 (39%) running_loss=0.9335
trial epoch 4/10 batch 39/66 (59%) running_loss=0.9378
trial epoch 4/10 batch 52/66 (79%) running_loss=0.9311
trial epoch 4/10 batch 65/66 (98%) running_loss=0.9301
trial epoch 4/10 batch 66/66 (100%) running_loss=0.9321
trial epoch 4/10 done: train_loss=0.9321 val_macro_auc=0.7660
trial epoch 5/10 batch 13/66 (20%) running_loss=0.8940
trial epoch 5/10 batch 26/66 (39%) running_loss=0.8962
trial epoch 5/10 batch 39/66 (59%) running_loss=0.8787
trial epoch 5/10 batch 52/66 (79%) running_loss=0.8642
trial epoch 5/10 batch 65/66 (98%) running_loss=0.8692
trial epoch 5/10 batch 66/66 (100%) running_loss=0.8669
trial epoch 5/10 done: train_loss=0.8669 val_macro_auc=0.7727
trial epoch 6/10 batch 13/66 (20%) running_loss=0.8303
trial epoch 6/10 batch 26/66 (39%) running_loss=0.8014
trial epoch 6/10 batch 39/66 (59%) running_loss=0.8042
trial epoch 6/10 batch 52/66 (79%) running_loss=0.8125
trial epoch 6/10 batch 65/66 (98%) running_loss=0.8254
trial epoch 6/10 batch 66/66 (100%) running_loss=0.8260
trial epoch 6/10 done: train_loss=0.8260 val_macro_auc=0.8005
trial epoch 7/10 batch 13/66 (20%) running_loss=0.7881
trial epoch 7/10 batch 26/66 (39%) running_loss=0.7836
trial epoch 7/10 batch 39/66 (59%) running_loss=0.7897
trial epoch 7/10 batch 52/66 (79%) running_loss=0.8009
trial epoch 7/10 batch 65/66 (98%) running_loss=0.7966
trial epoch 7/10 batch 66/66 (100%) running_loss=0.7972
trial epoch 7/10 done: train_loss=0.7972 val_macro_auc=0.8120
trial epoch 8/10 batch 13/66 (20%) running_loss=0.8059
trial epoch 8/10 batch 26/66 (39%) running_loss=0.7968
trial epoch 8/10 batch 39/66 (59%) running_loss=0.7721
trial epoch 8/10 batch 52/66 (79%) running_loss=0.7734
trial epoch 8/10 batch 65/66 (98%) running_loss=0.7742
trial epoch 8/10 batch 66/66 (100%) running_loss=0.7767
trial epoch 8/10 done: train_loss=0.7767 val_macro_auc=0.8231
trial epoch 9/10 batch 13/66 (20%) running_loss=0.7850
trial epoch 9/10 batch 26/66 (39%) running_loss=0.7517
trial epoch 9/10 batch 39/66 (59%) running_loss=0.7512
trial epoch 9/10 batch 52/66 (79%) running_loss=0.7550
trial epoch 9/10 batch 65/66 (98%) running_loss=0.7681
trial epoch 9/10 batch 66/66 (100%) running_loss=0.7685
trial epoch 9/10 done: train_loss=0.7685 val_macro_auc=0.8194
trial epoch 10/10 batch 13/66 (20%) running_loss=0.7602
trial epoch 10/10 batch 26/66 (39%) running_loss=0.7546
trial epoch 10/10 batch 39/66 (59%) running_loss=0.7476
trial epoch 10/10 batch 52/66 (79%) running_loss=0.7569
trial epoch 10/10 batch 65/66 (98%) running_loss=0.7523
trial epoch 10/10 batch 66/66 (100%) running_loss=0.7512
trial epoch 10/10 done: train_loss=0.7512 val_macro_auc=0.8248
Trial 23/25: finished val_macro_auc=0.8224 (best so far: 0.8396)
Trial 24/25: starting (10 trial epochs)
trial epoch 1/10 batch 13/66 (20%) running_loss=1.2095
trial epoch 1/10 batch 26/66 (39%) running_loss=1.1904
trial epoch 1/10 batch 39/66 (59%) running_loss=1.1814
trial epoch 1/10 batch 52/66 (79%) running_loss=1.1989
trial epoch 1/10 batch 65/66 (98%) running_loss=1.1766
trial epoch 1/10 batch 66/66 (100%) running_loss=1.1741
trial epoch 1/10 done: train_loss=1.1741 val_macro_auc=0.6725
trial epoch 2/10 batch 13/66 (20%) running_loss=1.1289
trial epoch 2/10 batch 26/66 (39%) running_loss=1.1096
trial epoch 2/10 batch 39/66 (59%) running_loss=1.0795
trial epoch 2/10 batch 52/66 (79%) running_loss=1.0689
trial epoch 2/10 batch 65/66 (98%) running_loss=1.0547
trial epoch 2/10 batch 66/66 (100%) running_loss=1.0563
trial epoch 2/10 done: train_loss=1.0563 val_macro_auc=0.7664
trial epoch 3/10 batch 13/66 (20%) running_loss=0.9404
trial epoch 3/10 batch 26/66 (39%) running_loss=0.9408
trial epoch 3/10 batch 39/66 (59%) running_loss=0.9409
trial epoch 3/10 batch 52/66 (79%) running_loss=0.9520
trial epoch 3/10 batch 65/66 (98%) running_loss=0.9489
trial epoch 3/10 batch 66/66 (100%) running_loss=0.9491
trial epoch 3/10 done: train_loss=0.9491 val_macro_auc=0.7584
trial epoch 4/10 batch 13/66 (20%) running_loss=0.8952
trial epoch 4/10 batch 26/66 (39%) running_loss=0.8984
trial epoch 4/10 batch 39/66 (59%) running_loss=0.8852
trial epoch 4/10 batch 52/66 (79%) running_loss=0.8741
trial epoch 4/10 batch 65/66 (98%) running_loss=0.8709
trial epoch 4/10 batch 66/66 (100%) running_loss=0.8691
trial epoch 4/10 done: train_loss=0.8691 val_macro_auc=0.8317
trial epoch 5/10 batch 13/66 (20%) running_loss=0.8751
trial epoch 5/10 batch 26/66 (39%) running_loss=0.8365
trial epoch 5/10 batch 39/66 (59%) running_loss=0.8154
trial epoch 5/10 batch 52/66 (79%) running_loss=0.8231
trial epoch 5/10 batch 65/66 (98%) running_loss=0.8278
trial epoch 5/10 batch 66/66 (100%) running_loss=0.8259
trial epoch 5/10 done: train_loss=0.8259 val_macro_auc=0.7901
trial epoch 6/10 batch 13/66 (20%) running_loss=0.8091
trial epoch 6/10 batch 26/66 (39%) running_loss=0.8121
trial epoch 6/10 batch 39/66 (59%) running_loss=0.7954
trial epoch 6/10 batch 52/66 (79%) running_loss=0.7981
trial epoch 6/10 batch 65/66 (98%) running_loss=0.7932
trial epoch 6/10 batch 66/66 (100%) running_loss=0.7954
trial epoch 6/10 done: train_loss=0.7954 val_macro_auc=0.8062
trial epoch 7/10 batch 13/66 (20%) running_loss=0.7563
trial epoch 7/10 batch 26/66 (39%) running_loss=0.7694
trial epoch 7/10 batch 39/66 (59%) running_loss=0.7700
trial epoch 7/10 batch 52/66 (79%) running_loss=0.7514
trial epoch 7/10 batch 65/66 (98%) running_loss=0.7544
trial epoch 7/10 batch 66/66 (100%) running_loss=0.7545
trial epoch 7/10 done: train_loss=0.7545 val_macro_auc=0.8023
trial epoch 8/10 batch 13/66 (20%) running_loss=0.7385
trial epoch 8/10 batch 26/66 (39%) running_loss=0.7183
trial epoch 8/10 batch 39/66 (59%) running_loss=0.7068
trial epoch 8/10 batch 52/66 (79%) running_loss=0.7195
trial epoch 8/10 batch 65/66 (98%) running_loss=0.7125
trial epoch 8/10 batch 66/66 (100%) running_loss=0.7118
trial epoch 8/10 done: train_loss=0.7118 val_macro_auc=0.8157
trial epoch 9/10 batch 13/66 (20%) running_loss=0.6862
trial epoch 9/10 batch 26/66 (39%) running_loss=0.7228
trial epoch 9/10 batch 39/66 (59%) running_loss=0.7262
trial epoch 9/10 batch 52/66 (79%) running_loss=0.7146
trial epoch 9/10 batch 65/66 (98%) running_loss=0.7163
trial epoch 9/10 batch 66/66 (100%) running_loss=0.7165
trial epoch 9/10 done: train_loss=0.7165 val_macro_auc=0.8249
trial epoch 10/10 batch 13/66 (20%) running_loss=0.6671
trial epoch 10/10 batch 26/66 (39%) running_loss=0.6614
trial epoch 10/10 batch 39/66 (59%) running_loss=0.6607
trial epoch 10/10 batch 52/66 (79%) running_loss=0.6696
trial epoch 10/10 batch 65/66 (98%) running_loss=0.6711
trial epoch 10/10 batch 66/66 (100%) running_loss=0.6733
trial epoch 10/10 done: train_loss=0.6733 val_macro_auc=0.8324
Trial 24/25: finished val_macro_auc=0.8243 (best so far: 0.8396)
Trial 25/25: starting (10 trial epochs)
trial epoch 1/10 batch 13/66 (20%) running_loss=1.1633
trial epoch 1/10 batch 26/66 (39%) running_loss=1.2296
trial epoch 1/10 batch 39/66 (59%) running_loss=1.1970
trial epoch 1/10 batch 52/66 (79%) running_loss=1.1782
trial epoch 1/10 batch 65/66 (98%) running_loss=1.1667
trial epoch 1/10 batch 66/66 (100%) running_loss=1.1694
trial epoch 1/10 done: train_loss=1.1694 val_macro_auc=0.6797
trial epoch 2/10 batch 13/66 (20%) running_loss=1.0591
trial epoch 2/10 batch 26/66 (39%) running_loss=1.0743
trial epoch 2/10 batch 39/66 (59%) running_loss=1.0729
trial epoch 2/10 batch 52/66 (79%) running_loss=1.0651
trial epoch 2/10 batch 65/66 (98%) running_loss=1.0575
trial epoch 2/10 batch 66/66 (100%) running_loss=1.0564
trial epoch 2/10 done: train_loss=1.0564 val_macro_auc=0.6710
trial epoch 3/10 batch 13/66 (20%) running_loss=1.0864
trial epoch 3/10 batch 26/66 (39%) running_loss=1.0435
trial epoch 3/10 batch 39/66 (59%) running_loss=1.0230
trial epoch 3/10 batch 52/66 (79%) running_loss=1.0150
trial epoch 3/10 batch 65/66 (98%) running_loss=1.0074
trial epoch 3/10 batch 66/66 (100%) running_loss=1.0053
trial epoch 3/10 done: train_loss=1.0053 val_macro_auc=0.7717
trial epoch 4/10 batch 13/66 (20%) running_loss=0.9535
trial epoch 4/10 batch 26/66 (39%) running_loss=0.9158
trial epoch 4/10 batch 39/66 (59%) running_loss=0.9234
trial epoch 4/10 batch 52/66 (79%) running_loss=0.9391
trial epoch 4/10 batch 65/66 (98%) running_loss=0.9313
trial epoch 4/10 batch 66/66 (100%) running_loss=0.9327
trial epoch 4/10 done: train_loss=0.9327 val_macro_auc=0.7788
trial epoch 5/10 batch 13/66 (20%) running_loss=0.8719
trial epoch 5/10 batch 26/66 (39%) running_loss=0.8653
trial epoch 5/10 batch 39/66 (59%) running_loss=0.8417
trial epoch 5/10 batch 52/66 (79%) running_loss=0.8657
trial epoch 5/10 batch 65/66 (98%) running_loss=0.8685
trial epoch 5/10 batch 66/66 (100%) running_loss=0.8678
trial epoch 5/10 done: train_loss=0.8678 val_macro_auc=0.8029
trial epoch 6/10 batch 13/66 (20%) running_loss=0.8198
trial epoch 6/10 batch 26/66 (39%) running_loss=0.8351
trial epoch 6/10 batch 39/66 (59%) running_loss=0.8261
trial epoch 6/10 batch 52/66 (79%) running_loss=0.8198
trial epoch 6/10 batch 65/66 (98%) running_loss=0.8245
trial epoch 6/10 batch 66/66 (100%) running_loss=0.8242
trial epoch 6/10 done: train_loss=0.8242 val_macro_auc=0.7936
trial epoch 7/10 batch 13/66 (20%) running_loss=0.7877
trial epoch 7/10 batch 26/66 (39%) running_loss=0.7559
trial epoch 7/10 batch 39/66 (59%) running_loss=0.7726
trial epoch 7/10 batch 52/66 (79%) running_loss=0.7594
trial epoch 7/10 batch 65/66 (98%) running_loss=0.7617
trial epoch 7/10 batch 66/66 (100%) running_loss=0.7607
trial epoch 7/10 done: train_loss=0.7607 val_macro_auc=0.7994
trial epoch 8/10 batch 13/66 (20%) running_loss=0.7508
trial epoch 8/10 batch 26/66 (39%) running_loss=0.7417
trial epoch 8/10 batch 39/66 (59%) running_loss=0.7380
trial epoch 8/10 batch 52/66 (79%) running_loss=0.7441
trial epoch 8/10 batch 65/66 (98%) running_loss=0.7477
trial epoch 8/10 batch 66/66 (100%) running_loss=0.7465
trial epoch 8/10 done: train_loss=0.7465 val_macro_auc=0.8267
trial epoch 9/10 batch 13/66 (20%) running_loss=0.6656
trial epoch 9/10 batch 26/66 (39%) running_loss=0.7012
trial epoch 9/10 batch 39/66 (59%) running_loss=0.7238
trial epoch 9/10 batch 52/66 (79%) running_loss=0.7280
trial epoch 9/10 batch 65/66 (98%) running_loss=0.7244
trial epoch 9/10 batch 66/66 (100%) running_loss=0.7252
trial epoch 9/10 done: train_loss=0.7252 val_macro_auc=0.8247
trial epoch 10/10 batch 13/66 (20%) running_loss=0.6654
trial epoch 10/10 batch 26/66 (39%) running_loss=0.6944
trial epoch 10/10 batch 39/66 (59%) running_loss=0.7062
trial epoch 10/10 batch 52/66 (79%) running_loss=0.7027
trial epoch 10/10 batch 65/66 (98%) running_loss=0.7055
trial epoch 10/10 batch 66/66 (100%) running_loss=0.7050
trial epoch 10/10 done: train_loss=0.7050 val_macro_auc=0.8105
Trial 25/25: finished val_macro_auc=0.8206 (best so far: 0.8396)
     5 |       25 | -8.357377E-01 | -8.395677E-01
Augmentation search finished: 25 trials evaluated
Selected policy val_macro_auc=0.8396
Selected policy val_macro_auc=0.8396

======================================================================
STAGE 3/3: final training
======================================================================
Starting final training on device=cuda, amp=True, physical_batch_size=32, accumulation_steps=1, effective_batch_size=32
Augmentation policy: from outputs/main1/augmentation_run/selected_policy.json
Classes: {'glioma_tumor': 0, 'meningioma_tumor': 1, 'pituitary_tumor': 2}
Regularization: weight_decay=7.0e-04 classifier_dropout=0.30 label_smoothing=0.10 drop_path=0.20
train epoch 1/200 batch 13/66 (20%) running_loss=1.1145
train epoch 1/200 batch 26/66 (39%) running_loss=1.1398
train epoch 1/200 batch 39/66 (59%) running_loss=1.1420
train epoch 1/200 batch 52/66 (79%) running_loss=1.1512
train epoch 1/200 batch 65/66 (98%) running_loss=1.1524
train epoch 1/200 batch 66/66 (100%) running_loss=1.1531
epoch 1/200 done: train_loss=1.1531 val_loss=1.0282 val_accuracy=0.5061 val_macro_f1=0.2240 val_macro_auc=0.5286 (checkpoint_metric=macro_auc) [new best]
train epoch 2/200 batch 13/66 (20%) running_loss=1.1212
train epoch 2/200 batch 26/66 (39%) running_loss=1.1501
train epoch 2/200 batch 39/66 (59%) running_loss=1.1513
train epoch 2/200 batch 52/66 (79%) running_loss=1.1379
train epoch 2/200 batch 65/66 (98%) running_loss=1.1283
train epoch 2/200 batch 66/66 (100%) running_loss=1.1271
epoch 2/200 done: train_loss=1.1271 val_loss=1.0360 val_accuracy=0.5410 val_macro_f1=0.2899 val_macro_auc=0.6872 (checkpoint_metric=macro_auc) [new best]
train epoch 3/200 batch 13/66 (20%) running_loss=1.0521
train epoch 3/200 batch 26/66 (39%) running_loss=1.0650
train epoch 3/200 batch 39/66 (59%) running_loss=1.0600
train epoch 3/200 batch 52/66 (79%) running_loss=1.0627
train epoch 3/200 batch 65/66 (98%) running_loss=1.0633
train epoch 3/200 batch 66/66 (100%) running_loss=1.0631
epoch 3/200 done: train_loss=1.0631 val_loss=0.9312 val_accuracy=0.6332 val_macro_f1=0.4269 val_macro_auc=0.7548 (checkpoint_metric=macro_auc) [new best]
train epoch 4/200 batch 13/66 (20%) running_loss=1.0029
train epoch 4/200 batch 26/66 (39%) running_loss=1.0112
train epoch 4/200 batch 39/66 (59%) running_loss=1.0046
train epoch 4/200 batch 52/66 (79%) running_loss=1.0045
train epoch 4/200 batch 65/66 (98%) running_loss=0.9969
train epoch 4/200 batch 66/66 (100%) running_loss=0.9972
epoch 4/200 done: train_loss=0.9972 val_loss=0.8078 val_accuracy=0.6926 val_macro_f1=0.4967 val_macro_auc=0.7953 (checkpoint_metric=macro_auc) [new best]
train epoch 5/200 batch 13/66 (20%) running_loss=0.9469
train epoch 5/200 batch 26/66 (39%) running_loss=0.9460
train epoch 5/200 batch 39/66 (59%) running_loss=0.9516
train epoch 5/200 batch 52/66 (79%) running_loss=0.9464
train epoch 5/200 batch 65/66 (98%) running_loss=0.9341
train epoch 5/200 batch 66/66 (100%) running_loss=0.9348
epoch 5/200 done: train_loss=0.9348 val_loss=1.0138 val_accuracy=0.4672 val_macro_f1=0.3144 val_macro_auc=0.7937 (checkpoint_metric=macro_auc) [new best]
train epoch 6/200 batch 13/66 (20%) running_loss=0.9575
train epoch 6/200 batch 26/66 (39%) running_loss=0.9543
train epoch 6/200 batch 39/66 (59%) running_loss=0.9404
train epoch 6/200 batch 52/66 (79%) running_loss=0.9389
train epoch 6/200 batch 65/66 (98%) running_loss=0.9254
train epoch 6/200 batch 66/66 (100%) running_loss=0.9248
epoch 6/200 done: train_loss=0.9248 val_loss=0.6894 val_accuracy=0.7049 val_macro_f1=0.5067 val_macro_auc=0.7980 (checkpoint_metric=macro_auc) [new best]
train epoch 7/200 batch 13/66 (20%) running_loss=0.9312
train epoch 7/200 batch 26/66 (39%) running_loss=0.9034
train epoch 7/200 batch 39/66 (59%) running_loss=0.8978
train epoch 7/200 batch 52/66 (79%) running_loss=0.8939
train epoch 7/200 batch 65/66 (98%) running_loss=0.8931
train epoch 7/200 batch 66/66 (100%) running_loss=0.8941
epoch 7/200 done: train_loss=0.8941 val_loss=0.6862 val_accuracy=0.7111 val_macro_f1=0.5110 val_macro_auc=0.7866 (checkpoint_metric=macro_auc)
train epoch 8/200 batch 13/66 (20%) running_loss=0.8649
train epoch 8/200 batch 26/66 (39%) running_loss=0.8681
train epoch 8/200 batch 39/66 (59%) running_loss=0.8636
train epoch 8/200 batch 52/66 (79%) running_loss=0.8574
train epoch 8/200 batch 65/66 (98%) running_loss=0.8594
train epoch 8/200 batch 66/66 (100%) running_loss=0.8593
epoch 8/200 done: train_loss=0.8593 val_loss=0.6247 val_accuracy=0.7807 val_macro_f1=0.5654 val_macro_auc=0.8359 (checkpoint_metric=macro_auc) [new best]
train epoch 9/200 batch 13/66 (20%) running_loss=0.8319
train epoch 9/200 batch 26/66 (39%) running_loss=0.8383
train epoch 9/200 batch 39/66 (59%) running_loss=0.8500
train epoch 9/200 batch 52/66 (79%) running_loss=0.8471
train epoch 9/200 batch 65/66 (98%) running_loss=0.8416
train epoch 9/200 batch 66/66 (100%) running_loss=0.8424
epoch 9/200 done: train_loss=0.8424 val_loss=0.5833 val_accuracy=0.7766 val_macro_f1=0.5631 val_macro_auc=0.8553 (checkpoint_metric=macro_auc) [new best]
train epoch 10/200 batch 13/66 (20%) running_loss=0.8416
train epoch 10/200 batch 26/66 (39%) running_loss=0.8322
train epoch 10/200 batch 39/66 (59%) running_loss=0.8398
train epoch 10/200 batch 52/66 (79%) running_loss=0.8372
train epoch 10/200 batch 65/66 (98%) running_loss=0.8375
train epoch 10/200 batch 66/66 (100%) running_loss=0.8373
epoch 10/200 done: train_loss=0.8373 val_loss=0.6099 val_accuracy=0.7602 val_macro_f1=0.5491 val_macro_auc=0.8294 (checkpoint_metric=macro_auc) [new best]
train epoch 11/200 batch 13/66 (20%) running_loss=0.8712
train epoch 11/200 batch 26/66 (39%) running_loss=0.8520
train epoch 11/200 batch 39/66 (59%) running_loss=0.8410
train epoch 11/200 batch 52/66 (79%) running_loss=0.8353
train epoch 11/200 batch 65/66 (98%) running_loss=0.8354
train epoch 11/200 batch 66/66 (100%) running_loss=0.8357
epoch 11/200 done: train_loss=0.8357 val_loss=0.6888 val_accuracy=0.7520 val_macro_f1=0.5431 val_macro_auc=0.8587 (checkpoint_metric=macro_auc) [new best]
train epoch 12/200 batch 13/66 (20%) running_loss=0.8252
train epoch 12/200 batch 26/66 (39%) running_loss=0.8127
train epoch 12/200 batch 39/66 (59%) running_loss=0.8093
train epoch 12/200 batch 52/66 (79%) running_loss=0.8058
train epoch 12/200 batch 65/66 (98%) running_loss=0.8150
train epoch 12/200 batch 66/66 (100%) running_loss=0.8161
epoch 12/200 done: train_loss=0.8161 val_loss=0.6741 val_accuracy=0.8033 val_macro_f1=0.5873 val_macro_auc=0.8521 (checkpoint_metric=macro_auc)
train epoch 13/200 batch 13/66 (20%) running_loss=0.8323
train epoch 13/200 batch 26/66 (39%) running_loss=0.8251
train epoch 13/200 batch 39/66 (59%) running_loss=0.8167
train epoch 13/200 batch 52/66 (79%) running_loss=0.8156
train epoch 13/200 batch 65/66 (98%) running_loss=0.8150
train epoch 13/200 batch 66/66 (100%) running_loss=0.8151
epoch 13/200 done: train_loss=0.8151 val_loss=0.6049 val_accuracy=0.7705 val_macro_f1=0.6051 val_macro_auc=0.8588 (checkpoint_metric=macro_auc) [new best]
train epoch 14/200 batch 13/66 (20%) running_loss=0.7988
train epoch 14/200 batch 26/66 (39%) running_loss=0.8204
train epoch 14/200 batch 39/66 (59%) running_loss=0.8382
train epoch 14/200 batch 52/66 (79%) running_loss=0.8549
train epoch 14/200 batch 65/66 (98%) running_loss=0.8556
train epoch 14/200 batch 66/66 (100%) running_loss=0.8576
epoch 14/200 done: train_loss=0.8576 val_loss=0.5685 val_accuracy=0.7807 val_macro_f1=0.5659 val_macro_auc=0.8739 (checkpoint_metric=macro_auc) [new best]
train epoch 15/200 batch 13/66 (20%) running_loss=0.8135
train epoch 15/200 batch 26/66 (39%) running_loss=0.8246
train epoch 15/200 batch 39/66 (59%) running_loss=0.8269
train epoch 15/200 batch 52/66 (79%) running_loss=0.8225
train epoch 15/200 batch 65/66 (98%) running_loss=0.8126
train epoch 15/200 batch 66/66 (100%) running_loss=0.8126
epoch 15/200 done: train_loss=0.8126 val_loss=0.7056 val_accuracy=0.7152 val_macro_f1=0.5101 val_macro_auc=0.8899 (checkpoint_metric=macro_auc) [new best]
train epoch 16/200 batch 13/66 (20%) running_loss=0.8017
train epoch 16/200 batch 26/66 (39%) running_loss=0.8143
train epoch 16/200 batch 39/66 (59%) running_loss=0.8060
train epoch 16/200 batch 52/66 (79%) running_loss=0.7991
train epoch 16/200 batch 65/66 (98%) running_loss=0.7875
train epoch 16/200 batch 66/66 (100%) running_loss=0.7872
epoch 16/200 done: train_loss=0.7872 val_loss=0.5544 val_accuracy=0.7848 val_macro_f1=0.5829 val_macro_auc=0.8802 (checkpoint_metric=macro_auc) [new best]
train epoch 17/200 batch 13/66 (20%) running_loss=0.8093
train epoch 17/200 batch 26/66 (39%) running_loss=0.7923
train epoch 17/200 batch 39/66 (59%) running_loss=0.7916
train epoch 17/200 batch 52/66 (79%) running_loss=0.7951
train epoch 17/200 batch 65/66 (98%) running_loss=0.7949
train epoch 17/200 batch 66/66 (100%) running_loss=0.7954
epoch 17/200 done: train_loss=0.7954 val_loss=0.5518 val_accuracy=0.7971 val_macro_f1=0.6167 val_macro_auc=0.8573 (checkpoint_metric=macro_auc)
train epoch 18/200 batch 13/66 (20%) running_loss=0.7853
train epoch 18/200 batch 26/66 (39%) running_loss=0.7981
train epoch 18/200 batch 39/66 (59%) running_loss=0.7919
train epoch 18/200 batch 52/66 (79%) running_loss=0.7881
train epoch 18/200 batch 65/66 (98%) running_loss=0.7807
train epoch 18/200 batch 66/66 (100%) running_loss=0.7812
epoch 18/200 done: train_loss=0.7812 val_loss=0.5459 val_accuracy=0.7807 val_macro_f1=0.6101 val_macro_auc=0.8818 (checkpoint_metric=macro_auc)
train epoch 19/200 batch 13/66 (20%) running_loss=0.7928
train epoch 19/200 batch 26/66 (39%) running_loss=0.7724
train epoch 19/200 batch 39/66 (59%) running_loss=0.7638
train epoch 19/200 batch 52/66 (79%) running_loss=0.7629
train epoch 19/200 batch 65/66 (98%) running_loss=0.7718
train epoch 19/200 batch 66/66 (100%) running_loss=0.7721
epoch 19/200 done: train_loss=0.7721 val_loss=0.9103 val_accuracy=0.6393 val_macro_f1=0.4746 val_macro_auc=0.8848 (checkpoint_metric=macro_auc)
train epoch 20/200 batch 13/66 (20%) running_loss=0.7954
train epoch 20/200 batch 26/66 (39%) running_loss=0.7774
train epoch 20/200 batch 39/66 (59%) running_loss=0.7672
train epoch 20/200 batch 52/66 (79%) running_loss=0.7618
train epoch 20/200 batch 65/66 (98%) running_loss=0.7630
train epoch 20/200 batch 66/66 (100%) running_loss=0.7624
epoch 20/200 done: train_loss=0.7624 val_loss=0.5040 val_accuracy=0.8217 val_macro_f1=0.6413 val_macro_auc=0.9139 (checkpoint_metric=macro_auc) [new best]
train epoch 21/200 batch 13/66 (20%) running_loss=0.7643
train epoch 21/200 batch 26/66 (39%) running_loss=0.7581
train epoch 21/200 batch 39/66 (59%) running_loss=0.7511
train epoch 21/200 batch 52/66 (79%) running_loss=0.7531
train epoch 21/200 batch 65/66 (98%) running_loss=0.7595
train epoch 21/200 batch 66/66 (100%) running_loss=0.7587
epoch 21/200 done: train_loss=0.7587 val_loss=0.5302 val_accuracy=0.8053 val_macro_f1=0.6154 val_macro_auc=0.9087 (checkpoint_metric=macro_auc) [new best]
train epoch 22/200 batch 13/66 (20%) running_loss=0.7030
train epoch 22/200 batch 26/66 (39%) running_loss=0.7268
train epoch 22/200 batch 39/66 (59%) running_loss=0.7428
train epoch 22/200 batch 52/66 (79%) running_loss=0.7525
train epoch 22/200 batch 65/66 (98%) running_loss=0.7576
train epoch 22/200 batch 66/66 (100%) running_loss=0.7567
epoch 22/200 done: train_loss=0.7567 val_loss=0.7986 val_accuracy=0.5943 val_macro_f1=0.5361 val_macro_auc=0.8592 (checkpoint_metric=macro_auc)
train epoch 23/200 batch 13/66 (20%) running_loss=0.7041
train epoch 23/200 batch 26/66 (39%) running_loss=0.7349
train epoch 23/200 batch 39/66 (59%) running_loss=0.7541
train epoch 23/200 batch 52/66 (79%) running_loss=0.7481
train epoch 23/200 batch 65/66 (98%) running_loss=0.7515
train epoch 23/200 batch 66/66 (100%) running_loss=0.7515
epoch 23/200 done: train_loss=0.7515 val_loss=0.6345 val_accuracy=0.7582 val_macro_f1=0.6430 val_macro_auc=0.9136 (checkpoint_metric=macro_auc)
train epoch 24/200 batch 13/66 (20%) running_loss=0.7746
train epoch 24/200 batch 26/66 (39%) running_loss=0.7567
train epoch 24/200 batch 39/66 (59%) running_loss=0.7454
train epoch 24/200 batch 52/66 (79%) running_loss=0.7418
train epoch 24/200 batch 65/66 (98%) running_loss=0.7395
train epoch 24/200 batch 66/66 (100%) running_loss=0.7384
epoch 24/200 done: train_loss=0.7384 val_loss=0.5547 val_accuracy=0.8094 val_macro_f1=0.7305 val_macro_auc=0.9148 (checkpoint_metric=macro_auc)
train epoch 25/200 batch 13/66 (20%) running_loss=0.7300
train epoch 25/200 batch 26/66 (39%) running_loss=0.7356
train epoch 25/200 batch 39/66 (59%) running_loss=0.7306
train epoch 25/200 batch 52/66 (79%) running_loss=0.7291
train epoch 25/200 batch 65/66 (98%) running_loss=0.7267
train epoch 25/200 batch 66/66 (100%) running_loss=0.7254
epoch 25/200 done: train_loss=0.7254 val_loss=0.4480 val_accuracy=0.8402 val_macro_f1=0.7176 val_macro_auc=0.9227 (checkpoint_metric=macro_auc) [new best]
train epoch 26/200 batch 13/66 (20%) running_loss=0.7351
train epoch 26/200 batch 26/66 (39%) running_loss=0.7233
train epoch 26/200 batch 39/66 (59%) running_loss=0.7445
train epoch 26/200 batch 52/66 (79%) running_loss=0.7538
train epoch 26/200 batch 65/66 (98%) running_loss=0.7444
train epoch 26/200 batch 66/66 (100%) running_loss=0.7449
epoch 26/200 done: train_loss=0.7449 val_loss=0.4433 val_accuracy=0.8586 val_macro_f1=0.7355 val_macro_auc=0.9400 (checkpoint_metric=macro_auc) [new best]
train epoch 27/200 batch 13/66 (20%) running_loss=0.7430
train epoch 27/200 batch 26/66 (39%) running_loss=0.7276
train epoch 27/200 batch 39/66 (59%) running_loss=0.7285
train epoch 27/200 batch 52/66 (79%) running_loss=0.7247
train epoch 27/200 batch 65/66 (98%) running_loss=0.7242
train epoch 27/200 batch 66/66 (100%) running_loss=0.7247
epoch 27/200 done: train_loss=0.7247 val_loss=0.5407 val_accuracy=0.8217 val_macro_f1=0.7446 val_macro_auc=0.9354 (checkpoint_metric=macro_auc) [new best]
train epoch 28/200 batch 13/66 (20%) running_loss=0.7028
train epoch 28/200 batch 26/66 (39%) running_loss=0.7003
train epoch 28/200 batch 39/66 (59%) running_loss=0.7079
train epoch 28/200 batch 52/66 (79%) running_loss=0.7153
train epoch 28/200 batch 65/66 (98%) running_loss=0.7167
train epoch 28/200 batch 66/66 (100%) running_loss=0.7154
epoch 28/200 done: train_loss=0.7154 val_loss=0.5202 val_accuracy=0.8197 val_macro_f1=0.7217 val_macro_auc=0.9178 (checkpoint_metric=macro_auc)
train epoch 29/200 batch 13/66 (20%) running_loss=0.7017
train epoch 29/200 batch 26/66 (39%) running_loss=0.7321
train epoch 29/200 batch 39/66 (59%) running_loss=0.7232
train epoch 29/200 batch 52/66 (79%) running_loss=0.7159
train epoch 29/200 batch 65/66 (98%) running_loss=0.7174
train epoch 29/200 batch 66/66 (100%) running_loss=0.7167
epoch 29/200 done: train_loss=0.7167 val_loss=0.5792 val_accuracy=0.7746 val_macro_f1=0.6877 val_macro_auc=0.9254 (checkpoint_metric=macro_auc)
train epoch 30/200 batch 13/66 (20%) running_loss=0.7152
train epoch 30/200 batch 26/66 (39%) running_loss=0.6928
train epoch 30/200 batch 39/66 (59%) running_loss=0.7102
train epoch 30/200 batch 52/66 (79%) running_loss=0.7181
train epoch 30/200 batch 65/66 (98%) running_loss=0.7131
train epoch 30/200 batch 66/66 (100%) running_loss=0.7116
epoch 30/200 done: train_loss=0.7116 val_loss=0.4959 val_accuracy=0.8135 val_macro_f1=0.7336 val_macro_auc=0.9276 (checkpoint_metric=macro_auc)
train epoch 31/200 batch 13/66 (20%) running_loss=0.7296
train epoch 31/200 batch 26/66 (39%) running_loss=0.7239
train epoch 31/200 batch 39/66 (59%) running_loss=0.7198
train epoch 31/200 batch 52/66 (79%) running_loss=0.7193
train epoch 31/200 batch 65/66 (98%) running_loss=0.7050
train epoch 31/200 batch 66/66 (100%) running_loss=0.7047
epoch 31/200 done: train_loss=0.7047 val_loss=0.4393 val_accuracy=0.8402 val_macro_f1=0.7606 val_macro_auc=0.9485 (checkpoint_metric=macro_auc) [new best]
train epoch 32/200 batch 13/66 (20%) running_loss=0.6707
train epoch 32/200 batch 26/66 (39%) running_loss=0.6922
train epoch 32/200 batch 39/66 (59%) running_loss=0.6998
train epoch 32/200 batch 52/66 (79%) running_loss=0.7122
train epoch 32/200 batch 65/66 (98%) running_loss=0.7167
train epoch 32/200 batch 66/66 (100%) running_loss=0.7154
epoch 32/200 done: train_loss=0.7154 val_loss=0.4596 val_accuracy=0.8443 val_macro_f1=0.7657 val_macro_auc=0.9342 (checkpoint_metric=macro_auc) [new best]
train epoch 33/200 batch 13/66 (20%) running_loss=0.6987
train epoch 33/200 batch 26/66 (39%) running_loss=0.6927
train epoch 33/200 batch 39/66 (59%) running_loss=0.7031
train epoch 33/200 batch 52/66 (79%) running_loss=0.7089
train epoch 33/200 batch 65/66 (98%) running_loss=0.7119
train epoch 33/200 batch 66/66 (100%) running_loss=0.7121
epoch 33/200 done: train_loss=0.7121 val_loss=0.5545 val_accuracy=0.7848 val_macro_f1=0.7062 val_macro_auc=0.9250 (checkpoint_metric=macro_auc)
train epoch 34/200 batch 13/66 (20%) running_loss=0.6920
train epoch 34/200 batch 26/66 (39%) running_loss=0.6969
train epoch 34/200 batch 39/66 (59%) running_loss=0.6902
train epoch 34/200 batch 52/66 (79%) running_loss=0.6895
train epoch 34/200 batch 65/66 (98%) running_loss=0.6973
train epoch 34/200 batch 66/66 (100%) running_loss=0.6964
epoch 34/200 done: train_loss=0.6964 val_loss=0.4912 val_accuracy=0.8443 val_macro_f1=0.7251 val_macro_auc=0.9041 (checkpoint_metric=macro_auc)
train epoch 35/200 batch 13/66 (20%) running_loss=0.7288
train epoch 35/200 batch 26/66 (39%) running_loss=0.6943
train epoch 35/200 batch 39/66 (59%) running_loss=0.6872
train epoch 35/200 batch 52/66 (79%) running_loss=0.6836
train epoch 35/200 batch 65/66 (98%) running_loss=0.6877
train epoch 35/200 batch 66/66 (100%) running_loss=0.6875
epoch 35/200 done: train_loss=0.6875 val_loss=0.5124 val_accuracy=0.8422 val_macro_f1=0.7891 val_macro_auc=0.9657 (checkpoint_metric=macro_auc)
train epoch 36/200 batch 13/66 (20%) running_loss=0.6985
train epoch 36/200 batch 26/66 (39%) running_loss=0.7116
train epoch 36/200 batch 39/66 (59%) running_loss=0.7180
train epoch 36/200 batch 52/66 (79%) running_loss=0.7031
train epoch 36/200 batch 65/66 (98%) running_loss=0.7051
train epoch 36/200 batch 66/66 (100%) running_loss=0.7038
epoch 36/200 done: train_loss=0.7038 val_loss=0.5550 val_accuracy=0.7951 val_macro_f1=0.7474 val_macro_auc=0.9454 (checkpoint_metric=macro_auc) [new best]
train epoch 37/200 batch 13/66 (20%) running_loss=0.6773
train epoch 37/200 batch 26/66 (39%) running_loss=0.6974
train epoch 37/200 batch 39/66 (59%) running_loss=0.6948
train epoch 37/200 batch 52/66 (79%) running_loss=0.6972
train epoch 37/200 batch 65/66 (98%) running_loss=0.6935
train epoch 37/200 batch 66/66 (100%) running_loss=0.6934
epoch 37/200 done: train_loss=0.6934 val_loss=0.6574 val_accuracy=0.6824 val_macro_f1=0.5693 val_macro_auc=0.8967 (checkpoint_metric=macro_auc)
train epoch 38/200 batch 13/66 (20%) running_loss=0.6446
train epoch 38/200 batch 26/66 (39%) running_loss=0.6585
train epoch 38/200 batch 39/66 (59%) running_loss=0.6710
train epoch 38/200 batch 52/66 (79%) running_loss=0.6771
train epoch 38/200 batch 65/66 (98%) running_loss=0.6807
train epoch 38/200 batch 66/66 (100%) running_loss=0.6794
epoch 38/200 done: train_loss=0.6794 val_loss=0.4354 val_accuracy=0.8750 val_macro_f1=0.8173 val_macro_auc=0.9646 (checkpoint_metric=macro_auc)
train epoch 39/200 batch 13/66 (20%) running_loss=0.6840
train epoch 39/200 batch 26/66 (39%) running_loss=0.6760
train epoch 39/200 batch 39/66 (59%) running_loss=0.6793
train epoch 39/200 batch 52/66 (79%) running_loss=0.6657
train epoch 39/200 batch 65/66 (98%) running_loss=0.6694
train epoch 39/200 batch 66/66 (100%) running_loss=0.6688
epoch 39/200 done: train_loss=0.6688 val_loss=0.5025 val_accuracy=0.8012 val_macro_f1=0.7604 val_macro_auc=0.9575 (checkpoint_metric=macro_auc) [new best]
train epoch 40/200 batch 13/66 (20%) running_loss=0.6745
train epoch 40/200 batch 26/66 (39%) running_loss=0.6897
train epoch 40/200 batch 39/66 (59%) running_loss=0.6949
train epoch 40/200 batch 52/66 (79%) running_loss=0.6798
train epoch 40/200 batch 65/66 (98%) running_loss=0.6774
train epoch 40/200 batch 66/66 (100%) running_loss=0.6780
epoch 40/200 done: train_loss=0.6780 val_loss=0.4482 val_accuracy=0.8566 val_macro_f1=0.8043 val_macro_auc=0.9603 (checkpoint_metric=macro_auc) [new best]
train epoch 41/200 batch 13/66 (20%) running_loss=0.6479
train epoch 41/200 batch 26/66 (39%) running_loss=0.6518
train epoch 41/200 batch 39/66 (59%) running_loss=0.6693
train epoch 41/200 batch 52/66 (79%) running_loss=0.6693
train epoch 41/200 batch 65/66 (98%) running_loss=0.6753
train epoch 41/200 batch 66/66 (100%) running_loss=0.6746
epoch 41/200 done: train_loss=0.6746 val_loss=0.4747 val_accuracy=0.8074 val_macro_f1=0.7327 val_macro_auc=0.9425 (checkpoint_metric=macro_auc)
train epoch 42/200 batch 13/66 (20%) running_loss=0.6418
train epoch 42/200 batch 26/66 (39%) running_loss=0.6351
train epoch 42/200 batch 39/66 (59%) running_loss=0.6497
train epoch 42/200 batch 52/66 (79%) running_loss=0.6537
train epoch 42/200 batch 65/66 (98%) running_loss=0.6565
train epoch 42/200 batch 66/66 (100%) running_loss=0.6564
epoch 42/200 done: train_loss=0.6564 val_loss=0.5053 val_accuracy=0.8135 val_macro_f1=0.7844 val_macro_auc=0.9629 (checkpoint_metric=macro_auc)
train epoch 43/200 batch 13/66 (20%) running_loss=0.6769
train epoch 43/200 batch 26/66 (39%) running_loss=0.6686
train epoch 43/200 batch 39/66 (59%) running_loss=0.6679
train epoch 43/200 batch 52/66 (79%) running_loss=0.6601
train epoch 43/200 batch 65/66 (98%) running_loss=0.6537
train epoch 43/200 batch 66/66 (100%) running_loss=0.6530
epoch 43/200 done: train_loss=0.6530 val_loss=0.5036 val_accuracy=0.7971 val_macro_f1=0.7557 val_macro_auc=0.9541 (checkpoint_metric=macro_auc)
train epoch 44/200 batch 13/66 (20%) running_loss=0.6799
train epoch 44/200 batch 26/66 (39%) running_loss=0.6842
train epoch 44/200 batch 39/66 (59%) running_loss=0.6590
train epoch 44/200 batch 52/66 (79%) running_loss=0.6523
train epoch 44/200 batch 65/66 (98%) running_loss=0.6559
train epoch 44/200 batch 66/66 (100%) running_loss=0.6547
epoch 44/200 done: train_loss=0.6547 val_loss=0.4024 val_accuracy=0.8811 val_macro_f1=0.8186 val_macro_auc=0.9633 (checkpoint_metric=macro_auc)
train epoch 45/200 batch 13/66 (20%) running_loss=0.6686
train epoch 45/200 batch 26/66 (39%) running_loss=0.6433
train epoch 45/200 batch 39/66 (59%) running_loss=0.6390
train epoch 45/200 batch 52/66 (79%) running_loss=0.6385
train epoch 45/200 batch 65/66 (98%) running_loss=0.6420
train epoch 45/200 batch 66/66 (100%) running_loss=0.6416
epoch 45/200 done: train_loss=0.6416 val_loss=0.4437 val_accuracy=0.8586 val_macro_f1=0.7984 val_macro_auc=0.9529 (checkpoint_metric=macro_auc)
train epoch 46/200 batch 13/66 (20%) running_loss=0.6649
train epoch 46/200 batch 26/66 (39%) running_loss=0.6482
train epoch 46/200 batch 39/66 (59%) running_loss=0.6370
train epoch 46/200 batch 52/66 (79%) running_loss=0.6496
train epoch 46/200 batch 65/66 (98%) running_loss=0.6466
train epoch 46/200 batch 66/66 (100%) running_loss=0.6456
epoch 46/200 done: train_loss=0.6456 val_loss=0.6599 val_accuracy=0.7213 val_macro_f1=0.6822 val_macro_auc=0.9254 (checkpoint_metric=macro_auc)
train epoch 47/200 batch 13/66 (20%) running_loss=0.6328
train epoch 47/200 batch 26/66 (39%) running_loss=0.6371
train epoch 47/200 batch 39/66 (59%) running_loss=0.6251
train epoch 47/200 batch 52/66 (79%) running_loss=0.6291
train epoch 47/200 batch 65/66 (98%) running_loss=0.6331
train epoch 47/200 batch 66/66 (100%) running_loss=0.6331
epoch 47/200 done: train_loss=0.6331 val_loss=0.3756 val_accuracy=0.9057 val_macro_f1=0.8620 val_macro_auc=0.9735 (checkpoint_metric=macro_auc)
train epoch 48/200 batch 13/66 (20%) running_loss=0.6351
train epoch 48/200 batch 26/66 (39%) running_loss=0.6263
train epoch 48/200 batch 39/66 (59%) running_loss=0.6334
train epoch 48/200 batch 52/66 (79%) running_loss=0.6221
train epoch 48/200 batch 65/66 (98%) running_loss=0.6196
train epoch 48/200 batch 66/66 (100%) running_loss=0.6191
epoch 48/200 done: train_loss=0.6191 val_loss=0.4244 val_accuracy=0.8750 val_macro_f1=0.8050 val_macro_auc=0.9596 (checkpoint_metric=macro_auc)
train epoch 49/200 batch 13/66 (20%) running_loss=0.6269
train epoch 49/200 batch 26/66 (39%) running_loss=0.6207
train epoch 49/200 batch 39/66 (59%) running_loss=0.6390
train epoch 49/200 batch 52/66 (79%) running_loss=0.6448
train epoch 49/200 batch 65/66 (98%) running_loss=0.6375
train epoch 49/200 batch 66/66 (100%) running_loss=0.6369
epoch 49/200 done: train_loss=0.6369 val_loss=0.3907 val_accuracy=0.8852 val_macro_f1=0.8343 val_macro_auc=0.9703 (checkpoint_metric=macro_auc) [new best]
train epoch 50/200 batch 13/66 (20%) running_loss=0.5421
train epoch 50/200 batch 26/66 (39%) running_loss=0.5668
train epoch 50/200 batch 39/66 (59%) running_loss=0.5858
train epoch 50/200 batch 52/66 (79%) running_loss=0.5871
train epoch 50/200 batch 65/66 (98%) running_loss=0.6002
train epoch 50/200 batch 66/66 (100%) running_loss=0.6013
epoch 50/200 done: train_loss=0.6013 val_loss=0.4099 val_accuracy=0.8852 val_macro_f1=0.8155 val_macro_auc=0.9541 (checkpoint_metric=macro_auc)
train epoch 51/200 batch 13/66 (20%) running_loss=0.5990
train epoch 51/200 batch 26/66 (39%) running_loss=0.6172
train epoch 51/200 batch 39/66 (59%) running_loss=0.6296
train epoch 51/200 batch 52/66 (79%) running_loss=0.6283
train epoch 51/200 batch 65/66 (98%) running_loss=0.6326
train epoch 51/200 batch 66/66 (100%) running_loss=0.6325
epoch 51/200 done: train_loss=0.6325 val_loss=0.5870 val_accuracy=0.7684 val_macro_f1=0.7270 val_macro_auc=0.9372 (checkpoint_metric=macro_auc)
train epoch 52/200 batch 13/66 (20%) running_loss=0.6596
train epoch 52/200 batch 26/66 (39%) running_loss=0.6526
train epoch 52/200 batch 39/66 (59%) running_loss=0.6310
train epoch 52/200 batch 52/66 (79%) running_loss=0.6377
train epoch 52/200 batch 65/66 (98%) running_loss=0.6303
train epoch 52/200 batch 66/66 (100%) running_loss=0.6321
epoch 52/200 done: train_loss=0.6321 val_loss=0.3795 val_accuracy=0.8586 val_macro_f1=0.7784 val_macro_auc=0.9585 (checkpoint_metric=macro_auc)
train epoch 53/200 batch 13/66 (20%) running_loss=0.6136
train epoch 53/200 batch 26/66 (39%) running_loss=0.6082
train epoch 53/200 batch 39/66 (59%) running_loss=0.6060
train epoch 53/200 batch 52/66 (79%) running_loss=0.6154
train epoch 53/200 batch 65/66 (98%) running_loss=0.6199
train epoch 53/200 batch 66/66 (100%) running_loss=0.6211
epoch 53/200 done: train_loss=0.6211 val_loss=0.4789 val_accuracy=0.8443 val_macro_f1=0.7898 val_macro_auc=0.9555 (checkpoint_metric=macro_auc)
train epoch 54/200 batch 13/66 (20%) running_loss=0.6449
train epoch 54/200 batch 26/66 (39%) running_loss=0.6280
train epoch 54/200 batch 39/66 (59%) running_loss=0.6308
train epoch 54/200 batch 52/66 (79%) running_loss=0.6321
train epoch 54/200 batch 65/66 (98%) running_loss=0.6320
train epoch 54/200 batch 66/66 (100%) running_loss=0.6324
epoch 54/200 done: train_loss=0.6324 val_loss=0.3737 val_accuracy=0.8955 val_macro_f1=0.8501 val_macro_auc=0.9707 (checkpoint_metric=macro_auc)
train epoch 55/200 batch 13/66 (20%) running_loss=0.5856
train epoch 55/200 batch 26/66 (39%) running_loss=0.6134
train epoch 55/200 batch 39/66 (59%) running_loss=0.6044
train epoch 55/200 batch 52/66 (79%) running_loss=0.6079
train epoch 55/200 batch 65/66 (98%) running_loss=0.6121
train epoch 55/200 batch 66/66 (100%) running_loss=0.6119
epoch 55/200 done: train_loss=0.6119 val_loss=0.5598 val_accuracy=0.7971 val_macro_f1=0.7412 val_macro_auc=0.9269 (checkpoint_metric=macro_auc)
train epoch 56/200 batch 13/66 (20%) running_loss=0.6063
train epoch 56/200 batch 26/66 (39%) running_loss=0.6016
train epoch 56/200 batch 39/66 (59%) running_loss=0.6019
train epoch 56/200 batch 52/66 (79%) running_loss=0.6008
train epoch 56/200 batch 65/66 (98%) running_loss=0.6070
train epoch 56/200 batch 66/66 (100%) running_loss=0.6056
epoch 56/200 done: train_loss=0.6056 val_loss=0.5059 val_accuracy=0.7848 val_macro_f1=0.7495 val_macro_auc=0.9630 (checkpoint_metric=macro_auc)
train epoch 57/200 batch 13/66 (20%) running_loss=0.6116
train epoch 57/200 batch 26/66 (39%) running_loss=0.6135
train epoch 57/200 batch 39/66 (59%) running_loss=0.6114
train epoch 57/200 batch 52/66 (79%) running_loss=0.6062
train epoch 57/200 batch 65/66 (98%) running_loss=0.6038
train epoch 57/200 batch 66/66 (100%) running_loss=0.6036
epoch 57/200 done: train_loss=0.6036 val_loss=0.3488 val_accuracy=0.8791 val_macro_f1=0.7876 val_macro_auc=0.9600 (checkpoint_metric=macro_auc)
train epoch 58/200 batch 13/66 (20%) running_loss=0.6534
train epoch 58/200 batch 26/66 (39%) running_loss=0.6487
train epoch 58/200 batch 39/66 (59%) running_loss=0.6290
train epoch 58/200 batch 52/66 (79%) running_loss=0.6251
train epoch 58/200 batch 65/66 (98%) running_loss=0.6153
train epoch 58/200 batch 66/66 (100%) running_loss=0.6152
epoch 58/200 done: train_loss=0.6152 val_loss=0.5095 val_accuracy=0.8135 val_macro_f1=0.7853 val_macro_auc=0.9715 (checkpoint_metric=macro_auc)
train epoch 59/200 batch 13/66 (20%) running_loss=0.5737
train epoch 59/200 batch 26/66 (39%) running_loss=0.5979
train epoch 59/200 batch 39/66 (59%) running_loss=0.5763
train epoch 59/200 batch 52/66 (79%) running_loss=0.5773
train epoch 59/200 batch 65/66 (98%) running_loss=0.5791
train epoch 59/200 batch 66/66 (100%) running_loss=0.5801
epoch 59/200 done: train_loss=0.5801 val_loss=0.3854 val_accuracy=0.8811 val_macro_f1=0.8460 val_macro_auc=0.9737 (checkpoint_metric=macro_auc) [new best]
train epoch 60/200 batch 13/66 (20%) running_loss=0.5656
train epoch 60/200 batch 26/66 (39%) running_loss=0.5801
train epoch 60/200 batch 39/66 (59%) running_loss=0.5869
train epoch 60/200 batch 52/66 (79%) running_loss=0.5929
train epoch 60/200 batch 65/66 (98%) running_loss=0.5897
train epoch 60/200 batch 66/66 (100%) running_loss=0.5891
epoch 60/200 done: train_loss=0.5891 val_loss=0.3953 val_accuracy=0.8730 val_macro_f1=0.8077 val_macro_auc=0.9683 (checkpoint_metric=macro_auc) [new best]
train epoch 61/200 batch 13/66 (20%) running_loss=0.5878
train epoch 61/200 batch 26/66 (39%) running_loss=0.5928
train epoch 61/200 batch 39/66 (59%) running_loss=0.5898
train epoch 61/200 batch 52/66 (79%) running_loss=0.5935
train epoch 61/200 batch 65/66 (98%) running_loss=0.5877
train epoch 61/200 batch 66/66 (100%) running_loss=0.5879
epoch 61/200 done: train_loss=0.5879 val_loss=0.4165 val_accuracy=0.8566 val_macro_f1=0.8226 val_macro_auc=0.9764 (checkpoint_metric=macro_auc) [new best]
train epoch 62/200 batch 13/66 (20%) running_loss=0.5656
train epoch 62/200 batch 26/66 (39%) running_loss=0.5654
train epoch 62/200 batch 39/66 (59%) running_loss=0.5661
train epoch 62/200 batch 52/66 (79%) running_loss=0.5863
train epoch 62/200 batch 65/66 (98%) running_loss=0.5868
train epoch 62/200 batch 66/66 (100%) running_loss=0.5866
epoch 62/200 done: train_loss=0.5866 val_loss=0.3590 val_accuracy=0.8934 val_macro_f1=0.8414 val_macro_auc=0.9733 (checkpoint_metric=macro_auc)
train epoch 63/200 batch 13/66 (20%) running_loss=0.5241
train epoch 63/200 batch 26/66 (39%) running_loss=0.5475
train epoch 63/200 batch 39/66 (59%) running_loss=0.5621
train epoch 63/200 batch 52/66 (79%) running_loss=0.5696
train epoch 63/200 batch 65/66 (98%) running_loss=0.5702
train epoch 63/200 batch 66/66 (100%) running_loss=0.5701
epoch 63/200 done: train_loss=0.5701 val_loss=0.3625 val_accuracy=0.9037 val_macro_f1=0.8651 val_macro_auc=0.9787 (checkpoint_metric=macro_auc) [new best]
train epoch 64/200 batch 13/66 (20%) running_loss=0.5745
train epoch 64/200 batch 26/66 (39%) running_loss=0.5687
train epoch 64/200 batch 39/66 (59%) running_loss=0.5718
train epoch 64/200 batch 52/66 (79%) running_loss=0.5790
train epoch 64/200 batch 65/66 (98%) running_loss=0.5850
train epoch 64/200 batch 66/66 (100%) running_loss=0.5852
epoch 64/200 done: train_loss=0.5852 val_loss=0.3425 val_accuracy=0.8955 val_macro_f1=0.8468 val_macro_auc=0.9722 (checkpoint_metric=macro_auc)
train epoch 65/200 batch 13/66 (20%) running_loss=0.5320
train epoch 65/200 batch 26/66 (39%) running_loss=0.5700
train epoch 65/200 batch 39/66 (59%) running_loss=0.5611
train epoch 65/200 batch 52/66 (79%) running_loss=0.5599
train epoch 65/200 batch 65/66 (98%) running_loss=0.5543
train epoch 65/200 batch 66/66 (100%) running_loss=0.5561
epoch 65/200 done: train_loss=0.5561 val_loss=0.3797 val_accuracy=0.8873 val_macro_f1=0.8352 val_macro_auc=0.9632 (checkpoint_metric=macro_auc)
train epoch 66/200 batch 13/66 (20%) running_loss=0.5804
train epoch 66/200 batch 26/66 (39%) running_loss=0.5881
train epoch 66/200 batch 39/66 (59%) running_loss=0.5877
train epoch 66/200 batch 52/66 (79%) running_loss=0.5769
train epoch 66/200 batch 65/66 (98%) running_loss=0.5792
train epoch 66/200 batch 66/66 (100%) running_loss=0.5788
epoch 66/200 done: train_loss=0.5788 val_loss=0.3831 val_accuracy=0.8996 val_macro_f1=0.8640 val_macro_auc=0.9743 (checkpoint_metric=macro_auc)
train epoch 67/200 batch 13/66 (20%) running_loss=0.5708
train epoch 67/200 batch 26/66 (39%) running_loss=0.5527
train epoch 67/200 batch 39/66 (59%) running_loss=0.5552
train epoch 67/200 batch 52/66 (79%) running_loss=0.5595
train epoch 67/200 batch 65/66 (98%) running_loss=0.5690
train epoch 67/200 batch 66/66 (100%) running_loss=0.5676
epoch 67/200 done: train_loss=0.5676 val_loss=0.4239 val_accuracy=0.8668 val_macro_f1=0.8212 val_macro_auc=0.9659 (checkpoint_metric=macro_auc)
train epoch 68/200 batch 13/66 (20%) running_loss=0.5314
train epoch 68/200 batch 26/66 (39%) running_loss=0.5521
train epoch 68/200 batch 39/66 (59%) running_loss=0.5475
train epoch 68/200 batch 52/66 (79%) running_loss=0.5502
train epoch 68/200 batch 65/66 (98%) running_loss=0.5487
train epoch 68/200 batch 66/66 (100%) running_loss=0.5484
epoch 68/200 done: train_loss=0.5484 val_loss=0.2964 val_accuracy=0.9139 val_macro_f1=0.8687 val_macro_auc=0.9764 (checkpoint_metric=macro_auc)
train epoch 69/200 batch 13/66 (20%) running_loss=0.5318
train epoch 69/200 batch 26/66 (39%) running_loss=0.5556
train epoch 69/200 batch 39/66 (59%) running_loss=0.5567
train epoch 69/200 batch 52/66 (79%) running_loss=0.5529
train epoch 69/200 batch 65/66 (98%) running_loss=0.5511
train epoch 69/200 batch 66/66 (100%) running_loss=0.5517
epoch 69/200 done: train_loss=0.5517 val_loss=0.3837 val_accuracy=0.8811 val_macro_f1=0.8344 val_macro_auc=0.9657 (checkpoint_metric=macro_auc)
train epoch 70/200 batch 13/66 (20%) running_loss=0.4952
train epoch 70/200 batch 26/66 (39%) running_loss=0.5003
train epoch 70/200 batch 39/66 (59%) running_loss=0.5139
train epoch 70/200 batch 52/66 (79%) running_loss=0.5242
train epoch 70/200 batch 65/66 (98%) running_loss=0.5312
train epoch 70/200 batch 66/66 (100%) running_loss=0.5326
epoch 70/200 done: train_loss=0.5326 val_loss=0.7322 val_accuracy=0.6721 val_macro_f1=0.6354 val_macro_auc=0.9217 (checkpoint_metric=macro_auc)
train epoch 71/200 batch 13/66 (20%) running_loss=0.5642
train epoch 71/200 batch 26/66 (39%) running_loss=0.5636
train epoch 71/200 batch 39/66 (59%) running_loss=0.5692
train epoch 71/200 batch 52/66 (79%) running_loss=0.5747
train epoch 71/200 batch 65/66 (98%) running_loss=0.5719
train epoch 71/200 batch 66/66 (100%) running_loss=0.5707
epoch 71/200 done: train_loss=0.5707 val_loss=0.3908 val_accuracy=0.8750 val_macro_f1=0.8380 val_macro_auc=0.9777 (checkpoint_metric=macro_auc)
train epoch 72/200 batch 13/66 (20%) running_loss=0.5460
train epoch 72/200 batch 26/66 (39%) running_loss=0.5728
train epoch 72/200 batch 39/66 (59%) running_loss=0.5849
train epoch 72/200 batch 52/66 (79%) running_loss=0.5823
train epoch 72/200 batch 65/66 (98%) running_loss=0.5730
train epoch 72/200 batch 66/66 (100%) running_loss=0.5727
epoch 72/200 done: train_loss=0.5727 val_loss=0.4016 val_accuracy=0.8709 val_macro_f1=0.8257 val_macro_auc=0.9730 (checkpoint_metric=macro_auc)
train epoch 73/200 batch 13/66 (20%) running_loss=0.5441
train epoch 73/200 batch 26/66 (39%) running_loss=0.5489
train epoch 73/200 batch 39/66 (59%) running_loss=0.5401
train epoch 73/200 batch 52/66 (79%) running_loss=0.5504
train epoch 73/200 batch 65/66 (98%) running_loss=0.5562
train epoch 73/200 batch 66/66 (100%) running_loss=0.5570
epoch 73/200 done: train_loss=0.5570 val_loss=0.2905 val_accuracy=0.9037 val_macro_f1=0.8460 val_macro_auc=0.9789 (checkpoint_metric=macro_auc) [new best]
train epoch 74/200 batch 13/66 (20%) running_loss=0.5492
train epoch 74/200 batch 26/66 (39%) running_loss=0.5639
train epoch 74/200 batch 39/66 (59%) running_loss=0.5593
train epoch 74/200 batch 52/66 (79%) running_loss=0.5500
train epoch 74/200 batch 65/66 (98%) running_loss=0.5499
train epoch 74/200 batch 66/66 (100%) running_loss=0.5491
epoch 74/200 done: train_loss=0.5491 val_loss=0.3385 val_accuracy=0.9057 val_macro_f1=0.8584 val_macro_auc=0.9748 (checkpoint_metric=macro_auc)
train epoch 75/200 batch 13/66 (20%) running_loss=0.5499
train epoch 75/200 batch 26/66 (39%) running_loss=0.5432
train epoch 75/200 batch 39/66 (59%) running_loss=0.5357
train epoch 75/200 batch 52/66 (79%) running_loss=0.5326
train epoch 75/200 batch 65/66 (98%) running_loss=0.5330
train epoch 75/200 batch 66/66 (100%) running_loss=0.5333
epoch 75/200 done: train_loss=0.5333 val_loss=0.4055 val_accuracy=0.8627 val_macro_f1=0.8266 val_macro_auc=0.9768 (checkpoint_metric=macro_auc) [new best]
train epoch 76/200 batch 13/66 (20%) running_loss=0.5340
train epoch 76/200 batch 26/66 (39%) running_loss=0.5424
train epoch 76/200 batch 39/66 (59%) running_loss=0.5516
train epoch 76/200 batch 52/66 (79%) running_loss=0.5560
train epoch 76/200 batch 65/66 (98%) running_loss=0.5533
train epoch 76/200 batch 66/66 (100%) running_loss=0.5531
epoch 76/200 done: train_loss=0.5531 val_loss=0.4635 val_accuracy=0.8135 val_macro_f1=0.7415 val_macro_auc=0.9524 (checkpoint_metric=macro_auc)
train epoch 77/200 batch 13/66 (20%) running_loss=0.5204
train epoch 77/200 batch 26/66 (39%) running_loss=0.5383
train epoch 77/200 batch 39/66 (59%) running_loss=0.5450
train epoch 77/200 batch 52/66 (79%) running_loss=0.5474
train epoch 77/200 batch 65/66 (98%) running_loss=0.5437
train epoch 77/200 batch 66/66 (100%) running_loss=0.5442
epoch 77/200 done: train_loss=0.5442 val_loss=0.3965 val_accuracy=0.8668 val_macro_f1=0.8345 val_macro_auc=0.9797 (checkpoint_metric=macro_auc)
train epoch 78/200 batch 13/66 (20%) running_loss=0.5143
train epoch 78/200 batch 26/66 (39%) running_loss=0.5276
train epoch 78/200 batch 39/66 (59%) running_loss=0.5293
train epoch 78/200 batch 52/66 (79%) running_loss=0.5244
train epoch 78/200 batch 65/66 (98%) running_loss=0.5301
train epoch 78/200 batch 66/66 (100%) running_loss=0.5298
epoch 78/200 done: train_loss=0.5298 val_loss=0.3204 val_accuracy=0.9242 val_macro_f1=0.8821 val_macro_auc=0.9823 (checkpoint_metric=macro_auc)
train epoch 79/200 batch 13/66 (20%) running_loss=0.4962
train epoch 79/200 batch 26/66 (39%) running_loss=0.5173
train epoch 79/200 batch 39/66 (59%) running_loss=0.5152
train epoch 79/200 batch 52/66 (79%) running_loss=0.5181
train epoch 79/200 batch 65/66 (98%) running_loss=0.5169
train epoch 79/200 batch 66/66 (100%) running_loss=0.5172
epoch 79/200 done: train_loss=0.5172 val_loss=0.3384 val_accuracy=0.8832 val_macro_f1=0.8316 val_macro_auc=0.9726 (checkpoint_metric=macro_auc) [new best]
train epoch 80/200 batch 13/66 (20%) running_loss=0.5271
train epoch 80/200 batch 26/66 (39%) running_loss=0.5207
train epoch 80/200 batch 39/66 (59%) running_loss=0.5251
train epoch 80/200 batch 52/66 (79%) running_loss=0.5231
train epoch 80/200 batch 65/66 (98%) running_loss=0.5198
train epoch 80/200 batch 66/66 (100%) running_loss=0.5207
epoch 80/200 done: train_loss=0.5207 val_loss=0.3629 val_accuracy=0.9037 val_macro_f1=0.8774 val_macro_auc=0.9797 (checkpoint_metric=macro_auc)
train epoch 81/200 batch 13/66 (20%) running_loss=0.5132
train epoch 81/200 batch 26/66 (39%) running_loss=0.5087
train epoch 81/200 batch 39/66 (59%) running_loss=0.5154
train epoch 81/200 batch 52/66 (79%) running_loss=0.5179
train epoch 81/200 batch 65/66 (98%) running_loss=0.5207
train epoch 81/200 batch 66/66 (100%) running_loss=0.5240
epoch 81/200 done: train_loss=0.5240 val_loss=0.3201 val_accuracy=0.9160 val_macro_f1=0.8826 val_macro_auc=0.9760 (checkpoint_metric=macro_auc)
train epoch 82/200 batch 13/66 (20%) running_loss=0.5498
train epoch 82/200 batch 26/66 (39%) running_loss=0.5409
train epoch 82/200 batch 39/66 (59%) running_loss=0.5225
train epoch 82/200 batch 52/66 (79%) running_loss=0.5317
train epoch 82/200 batch 65/66 (98%) running_loss=0.5357
train epoch 82/200 batch 66/66 (100%) running_loss=0.5361
epoch 82/200 done: train_loss=0.5361 val_loss=0.3269 val_accuracy=0.9098 val_macro_f1=0.8712 val_macro_auc=0.9824 (checkpoint_metric=macro_auc) [new best]
train epoch 83/200 batch 13/66 (20%) running_loss=0.5153
train epoch 83/200 batch 26/66 (39%) running_loss=0.5102
train epoch 83/200 batch 39/66 (59%) running_loss=0.5160
train epoch 83/200 batch 52/66 (79%) running_loss=0.5133
train epoch 83/200 batch 65/66 (98%) running_loss=0.5181
train epoch 83/200 batch 66/66 (100%) running_loss=0.5188
epoch 83/200 done: train_loss=0.5188 val_loss=0.3569 val_accuracy=0.8934 val_macro_f1=0.8472 val_macro_auc=0.9725 (checkpoint_metric=macro_auc)
train epoch 84/200 batch 13/66 (20%) running_loss=0.5306
train epoch 84/200 batch 26/66 (39%) running_loss=0.5255
train epoch 84/200 batch 39/66 (59%) running_loss=0.5158
train epoch 84/200 batch 52/66 (79%) running_loss=0.5085
train epoch 84/200 batch 65/66 (98%) running_loss=0.5061
train epoch 84/200 batch 66/66 (100%) running_loss=0.5055
epoch 84/200 done: train_loss=0.5055 val_loss=0.3041 val_accuracy=0.9344 val_macro_f1=0.9068 val_macro_auc=0.9825 (checkpoint_metric=macro_auc)
train epoch 85/200 batch 13/66 (20%) running_loss=0.4971
train epoch 85/200 batch 26/66 (39%) running_loss=0.5051
train epoch 85/200 batch 39/66 (59%) running_loss=0.5053
train epoch 85/200 batch 52/66 (79%) running_loss=0.5061
train epoch 85/200 batch 65/66 (98%) running_loss=0.5072
train epoch 85/200 batch 66/66 (100%) running_loss=0.5070
epoch 85/200 done: train_loss=0.5070 val_loss=0.3364 val_accuracy=0.8852 val_macro_f1=0.8345 val_macro_auc=0.9667 (checkpoint_metric=macro_auc)
train epoch 86/200 batch 13/66 (20%) running_loss=0.4791
train epoch 86/200 batch 26/66 (39%) running_loss=0.4870
train epoch 86/200 batch 39/66 (59%) running_loss=0.4993
train epoch 86/200 batch 52/66 (79%) running_loss=0.5104
train epoch 86/200 batch 65/66 (98%) running_loss=0.5104
train epoch 86/200 batch 66/66 (100%) running_loss=0.5095
epoch 86/200 done: train_loss=0.5095 val_loss=0.2846 val_accuracy=0.9098 val_macro_f1=0.8364 val_macro_auc=0.9842 (checkpoint_metric=macro_auc)
train epoch 87/200 batch 13/66 (20%) running_loss=0.5135
train epoch 87/200 batch 26/66 (39%) running_loss=0.5245
train epoch 87/200 batch 39/66 (59%) running_loss=0.5216
train epoch 87/200 batch 52/66 (79%) running_loss=0.5194
train epoch 87/200 batch 65/66 (98%) running_loss=0.5195
train epoch 87/200 batch 66/66 (100%) running_loss=0.5206
epoch 87/200 done: train_loss=0.5206 val_loss=0.3327 val_accuracy=0.9119 val_macro_f1=0.8727 val_macro_auc=0.9822 (checkpoint_metric=macro_auc)
train epoch 88/200 batch 13/66 (20%) running_loss=0.4638
train epoch 88/200 batch 26/66 (39%) running_loss=0.4886
train epoch 88/200 batch 39/66 (59%) running_loss=0.4896
train epoch 88/200 batch 52/66 (79%) running_loss=0.4933
train epoch 88/200 batch 65/66 (98%) running_loss=0.4971
train epoch 88/200 batch 66/66 (100%) running_loss=0.4974
epoch 88/200 done: train_loss=0.4974 val_loss=0.4026 val_accuracy=0.8893 val_macro_f1=0.8611 val_macro_auc=0.9791 (checkpoint_metric=macro_auc) [new best]
train epoch 89/200 batch 13/66 (20%) running_loss=0.4930
train epoch 89/200 batch 26/66 (39%) running_loss=0.5043
train epoch 89/200 batch 39/66 (59%) running_loss=0.5035
train epoch 89/200 batch 52/66 (79%) running_loss=0.4966
train epoch 89/200 batch 65/66 (98%) running_loss=0.5018
train epoch 89/200 batch 66/66 (100%) running_loss=0.5044
epoch 89/200 done: train_loss=0.5044 val_loss=0.2855 val_accuracy=0.9201 val_macro_f1=0.8678 val_macro_auc=0.9811 (checkpoint_metric=macro_auc)
train epoch 90/200 batch 13/66 (20%) running_loss=0.5201
train epoch 90/200 batch 26/66 (39%) running_loss=0.5212
train epoch 90/200 batch 39/66 (59%) running_loss=0.5156
train epoch 90/200 batch 52/66 (79%) running_loss=0.5048
train epoch 90/200 batch 65/66 (98%) running_loss=0.5016
train epoch 90/200 batch 66/66 (100%) running_loss=0.5042
epoch 90/200 done: train_loss=0.5042 val_loss=0.2956 val_accuracy=0.9037 val_macro_f1=0.8405 val_macro_auc=0.9777 (checkpoint_metric=macro_auc)
train epoch 91/200 batch 13/66 (20%) running_loss=0.5028
train epoch 91/200 batch 26/66 (39%) running_loss=0.5162
train epoch 91/200 batch 39/66 (59%) running_loss=0.5106
train epoch 91/200 batch 52/66 (79%) running_loss=0.5002
train epoch 91/200 batch 65/66 (98%) running_loss=0.5000
train epoch 91/200 batch 66/66 (100%) running_loss=0.5004
epoch 91/200 done: train_loss=0.5004 val_loss=0.2691 val_accuracy=0.9221 val_macro_f1=0.8682 val_macro_auc=0.9828 (checkpoint_metric=macro_auc)
train epoch 92/200 batch 13/66 (20%) running_loss=0.5016
train epoch 92/200 batch 26/66 (39%) running_loss=0.4884
train epoch 92/200 batch 39/66 (59%) running_loss=0.4843
train epoch 92/200 batch 52/66 (79%) running_loss=0.4804
train epoch 92/200 batch 65/66 (98%) running_loss=0.4826
train epoch 92/200 batch 66/66 (100%) running_loss=0.4830
epoch 92/200 done: train_loss=0.4830 val_loss=0.2789 val_accuracy=0.9262 val_macro_f1=0.8878 val_macro_auc=0.9846 (checkpoint_metric=macro_auc)
train epoch 93/200 batch 13/66 (20%) running_loss=0.5105
train epoch 93/200 batch 26/66 (39%) running_loss=0.5210
train epoch 93/200 batch 39/66 (59%) running_loss=0.5162
train epoch 93/200 batch 52/66 (79%) running_loss=0.5195
train epoch 93/200 batch 65/66 (98%) running_loss=0.5198
train epoch 93/200 batch 66/66 (100%) running_loss=0.5188
epoch 93/200 done: train_loss=0.5188 val_loss=0.2651 val_accuracy=0.9488 val_macro_f1=0.9208 val_macro_auc=0.9882 (checkpoint_metric=macro_auc) [new best]
train epoch 94/200 batch 13/66 (20%) running_loss=0.4750
train epoch 94/200 batch 26/66 (39%) running_loss=0.4786
train epoch 94/200 batch 39/66 (59%) running_loss=0.4816
train epoch 94/200 batch 52/66 (79%) running_loss=0.4915
train epoch 94/200 batch 65/66 (98%) running_loss=0.4903
train epoch 94/200 batch 66/66 (100%) running_loss=0.4900
epoch 94/200 done: train_loss=0.4900 val_loss=0.2974 val_accuracy=0.9160 val_macro_f1=0.8870 val_macro_auc=0.9843 (checkpoint_metric=macro_auc) [new best]
train epoch 95/200 batch 13/66 (20%) running_loss=0.5163
train epoch 95/200 batch 26/66 (39%) running_loss=0.5020
train epoch 95/200 batch 39/66 (59%) running_loss=0.4981
train epoch 95/200 batch 52/66 (79%) running_loss=0.4984
train epoch 95/200 batch 65/66 (98%) running_loss=0.4974
train epoch 95/200 batch 66/66 (100%) running_loss=0.4965
epoch 95/200 done: train_loss=0.4965 val_loss=0.3080 val_accuracy=0.9201 val_macro_f1=0.8892 val_macro_auc=0.9867 (checkpoint_metric=macro_auc) [new best]
train epoch 96/200 batch 13/66 (20%) running_loss=0.5118
train epoch 96/200 batch 26/66 (39%) running_loss=0.4881
train epoch 96/200 batch 39/66 (59%) running_loss=0.4954
train epoch 96/200 batch 52/66 (79%) running_loss=0.4923
train epoch 96/200 batch 65/66 (98%) running_loss=0.4859
train epoch 96/200 batch 66/66 (100%) running_loss=0.4850
epoch 96/200 done: train_loss=0.4850 val_loss=0.3031 val_accuracy=0.9057 val_macro_f1=0.8720 val_macro_auc=0.9816 (checkpoint_metric=macro_auc)
train epoch 97/200 batch 13/66 (20%) running_loss=0.4747
train epoch 97/200 batch 26/66 (39%) running_loss=0.4717
train epoch 97/200 batch 39/66 (59%) running_loss=0.4889
train epoch 97/200 batch 52/66 (79%) running_loss=0.4965
train epoch 97/200 batch 65/66 (98%) running_loss=0.4938
train epoch 97/200 batch 66/66 (100%) running_loss=0.4956
epoch 97/200 done: train_loss=0.4956 val_loss=0.3097 val_accuracy=0.9303 val_macro_f1=0.9042 val_macro_auc=0.9850 (checkpoint_metric=macro_auc)
train epoch 98/200 batch 13/66 (20%) running_loss=0.4656
train epoch 98/200 batch 26/66 (39%) running_loss=0.4809
train epoch 98/200 batch 39/66 (59%) running_loss=0.4837
train epoch 98/200 batch 52/66 (79%) running_loss=0.4887
train epoch 98/200 batch 65/66 (98%) running_loss=0.4876
train epoch 98/200 batch 66/66 (100%) running_loss=0.4870
epoch 98/200 done: train_loss=0.4870 val_loss=0.2975 val_accuracy=0.9406 val_macro_f1=0.9176 val_macro_auc=0.9868 (checkpoint_metric=macro_auc)
train epoch 99/200 batch 13/66 (20%) running_loss=0.4417
train epoch 99/200 batch 26/66 (39%) running_loss=0.4538
train epoch 99/200 batch 39/66 (59%) running_loss=0.4600
train epoch 99/200 batch 52/66 (79%) running_loss=0.4683
train epoch 99/200 batch 65/66 (98%) running_loss=0.4673
train epoch 99/200 batch 66/66 (100%) running_loss=0.4674
epoch 99/200 done: train_loss=0.4674 val_loss=0.3275 val_accuracy=0.8873 val_macro_f1=0.8440 val_macro_auc=0.9774 (checkpoint_metric=macro_auc)
train epoch 100/200 batch 13/66 (20%) running_loss=0.5041
train epoch 100/200 batch 26/66 (39%) running_loss=0.4853
train epoch 100/200 batch 39/66 (59%) running_loss=0.4785
train epoch 100/200 batch 52/66 (79%) running_loss=0.4760
train epoch 100/200 batch 65/66 (98%) running_loss=0.4790
train epoch 100/200 batch 66/66 (100%) running_loss=0.4791
epoch 100/200 done: train_loss=0.4791 val_loss=0.2716 val_accuracy=0.9303 val_macro_f1=0.9016 val_macro_auc=0.9828 (checkpoint_metric=macro_auc)
train epoch 101/200 batch 13/66 (20%) running_loss=0.4804
train epoch 101/200 batch 26/66 (39%) running_loss=0.4847
train epoch 101/200 batch 39/66 (59%) running_loss=0.4782
train epoch 101/200 batch 52/66 (79%) running_loss=0.4740
train epoch 101/200 batch 65/66 (98%) running_loss=0.4735
train epoch 101/200 batch 66/66 (100%) running_loss=0.4734
epoch 101/200 done: train_loss=0.4734 val_loss=0.2619 val_accuracy=0.9365 val_macro_f1=0.9080 val_macro_auc=0.9885 (checkpoint_metric=macro_auc)
train epoch 102/200 batch 13/66 (20%) running_loss=0.4560
train epoch 102/200 batch 26/66 (39%) running_loss=0.4545
train epoch 102/200 batch 39/66 (59%) running_loss=0.4600
train epoch 102/200 batch 52/66 (79%) running_loss=0.4703
train epoch 102/200 batch 65/66 (98%) running_loss=0.4660
train epoch 102/200 batch 66/66 (100%) running_loss=0.4660
epoch 102/200 done: train_loss=0.4660 val_loss=0.2665 val_accuracy=0.9324 val_macro_f1=0.9035 val_macro_auc=0.9852 (checkpoint_metric=macro_auc)
train epoch 103/200 batch 13/66 (20%) running_loss=0.4630
train epoch 103/200 batch 26/66 (39%) running_loss=0.4591
train epoch 103/200 batch 39/66 (59%) running_loss=0.4679
train epoch 103/200 batch 52/66 (79%) running_loss=0.4683
train epoch 103/200 batch 65/66 (98%) running_loss=0.4627
train epoch 103/200 batch 66/66 (100%) running_loss=0.4624
epoch 103/200 done: train_loss=0.4624 val_loss=0.2832 val_accuracy=0.9303 val_macro_f1=0.8988 val_macro_auc=0.9813 (checkpoint_metric=macro_auc)
train epoch 104/200 batch 13/66 (20%) running_loss=0.4557
train epoch 104/200 batch 26/66 (39%) running_loss=0.4570
train epoch 104/200 batch 39/66 (59%) running_loss=0.4681
train epoch 104/200 batch 52/66 (79%) running_loss=0.4663
train epoch 104/200 batch 65/66 (98%) running_loss=0.4697
train epoch 104/200 batch 66/66 (100%) running_loss=0.4693
epoch 104/200 done: train_loss=0.4693 val_loss=0.2710 val_accuracy=0.9283 val_macro_f1=0.8951 val_macro_auc=0.9829 (checkpoint_metric=macro_auc)
train epoch 105/200 batch 13/66 (20%) running_loss=0.4941
train epoch 105/200 batch 26/66 (39%) running_loss=0.4570
train epoch 105/200 batch 39/66 (59%) running_loss=0.4610
train epoch 105/200 batch 52/66 (79%) running_loss=0.4612
train epoch 105/200 batch 65/66 (98%) running_loss=0.4629
train epoch 105/200 batch 66/66 (100%) running_loss=0.4629
epoch 105/200 done: train_loss=0.4629 val_loss=0.3123 val_accuracy=0.9057 val_macro_f1=0.8643 val_macro_auc=0.9773 (checkpoint_metric=macro_auc)
train epoch 106/200 batch 13/66 (20%) running_loss=0.4445
train epoch 106/200 batch 26/66 (39%) running_loss=0.4546
train epoch 106/200 batch 39/66 (59%) running_loss=0.4482
train epoch 106/200 batch 52/66 (79%) running_loss=0.4488
train epoch 106/200 batch 65/66 (98%) running_loss=0.4535
train epoch 106/200 batch 66/66 (100%) running_loss=0.4542
epoch 106/200 done: train_loss=0.4542 val_loss=0.3117 val_accuracy=0.8975 val_macro_f1=0.8512 val_macro_auc=0.9802 (checkpoint_metric=macro_auc)
train epoch 107/200 batch 13/66 (20%) running_loss=0.4621
train epoch 107/200 batch 26/66 (39%) running_loss=0.4642
train epoch 107/200 batch 39/66 (59%) running_loss=0.4678
train epoch 107/200 batch 52/66 (79%) running_loss=0.4639
train epoch 107/200 batch 65/66 (98%) running_loss=0.4715
train epoch 107/200 batch 66/66 (100%) running_loss=0.4723
epoch 107/200 done: train_loss=0.4723 val_loss=0.2631 val_accuracy=0.9221 val_macro_f1=0.8815 val_macro_auc=0.9891 (checkpoint_metric=macro_auc)
train epoch 108/200 batch 13/66 (20%) running_loss=0.4779
train epoch 108/200 batch 26/66 (39%) running_loss=0.4478
train epoch 108/200 batch 39/66 (59%) running_loss=0.4521
train epoch 108/200 batch 52/66 (79%) running_loss=0.4446
train epoch 108/200 batch 65/66 (98%) running_loss=0.4498
train epoch 108/200 batch 66/66 (100%) running_loss=0.4509
epoch 108/200 done: train_loss=0.4509 val_loss=0.3810 val_accuracy=0.8852 val_macro_f1=0.8442 val_macro_auc=0.9750 (checkpoint_metric=macro_auc)
train epoch 109/200 batch 13/66 (20%) running_loss=0.4519
train epoch 109/200 batch 26/66 (39%) running_loss=0.4572
train epoch 109/200 batch 39/66 (59%) running_loss=0.4481
train epoch 109/200 batch 52/66 (79%) running_loss=0.4524
train epoch 109/200 batch 65/66 (98%) running_loss=0.4534
train epoch 109/200 batch 66/66 (100%) running_loss=0.4529
epoch 109/200 done: train_loss=0.4529 val_loss=0.2330 val_accuracy=0.9488 val_macro_f1=0.9225 val_macro_auc=0.9892 (checkpoint_metric=macro_auc)
train epoch 110/200 batch 13/66 (20%) running_loss=0.4687
train epoch 110/200 batch 26/66 (39%) running_loss=0.4544
train epoch 110/200 batch 39/66 (59%) running_loss=0.4518
train epoch 110/200 batch 52/66 (79%) running_loss=0.4563
train epoch 110/200 batch 65/66 (98%) running_loss=0.4654
train epoch 110/200 batch 66/66 (100%) running_loss=0.4659
epoch 110/200 done: train_loss=0.4659 val_loss=0.3333 val_accuracy=0.9119 val_macro_f1=0.8828 val_macro_auc=0.9782 (checkpoint_metric=macro_auc)
train epoch 111/200 batch 13/66 (20%) running_loss=0.4426
train epoch 111/200 batch 26/66 (39%) running_loss=0.4581
train epoch 111/200 batch 39/66 (59%) running_loss=0.4604
train epoch 111/200 batch 52/66 (79%) running_loss=0.4581
train epoch 111/200 batch 65/66 (98%) running_loss=0.4533
train epoch 111/200 batch 66/66 (100%) running_loss=0.4543
epoch 111/200 done: train_loss=0.4543 val_loss=0.2636 val_accuracy=0.9344 val_macro_f1=0.9018 val_macro_auc=0.9842 (checkpoint_metric=macro_auc)
train epoch 112/200 batch 13/66 (20%) running_loss=0.4299
train epoch 112/200 batch 26/66 (39%) running_loss=0.4395
train epoch 112/200 batch 39/66 (59%) running_loss=0.4553
train epoch 112/200 batch 52/66 (79%) running_loss=0.4586
train epoch 112/200 batch 65/66 (98%) running_loss=0.4515
train epoch 112/200 batch 66/66 (100%) running_loss=0.4514
epoch 112/200 done: train_loss=0.4514 val_loss=0.2622 val_accuracy=0.9344 val_macro_f1=0.9064 val_macro_auc=0.9843 (checkpoint_metric=macro_auc)
train epoch 113/200 batch 13/66 (20%) running_loss=0.4767
train epoch 113/200 batch 26/66 (39%) running_loss=0.4576
train epoch 113/200 batch 39/66 (59%) running_loss=0.4453
train epoch 113/200 batch 52/66 (79%) running_loss=0.4510
train epoch 113/200 batch 65/66 (98%) running_loss=0.4579
train epoch 113/200 batch 66/66 (100%) running_loss=0.4573
epoch 113/200 done: train_loss=0.4573 val_loss=0.2593 val_accuracy=0.9426 val_macro_f1=0.9138 val_macro_auc=0.9868 (checkpoint_metric=macro_auc)
train epoch 114/200 batch 13/66 (20%) running_loss=0.4325
train epoch 114/200 batch 26/66 (39%) running_loss=0.4235
train epoch 114/200 batch 39/66 (59%) running_loss=0.4368
train epoch 114/200 batch 52/66 (79%) running_loss=0.4445
train epoch 114/200 batch 65/66 (98%) running_loss=0.4481
train epoch 114/200 batch 66/66 (100%) running_loss=0.4478
epoch 114/200 done: train_loss=0.4478 val_loss=0.2322 val_accuracy=0.9467 val_macro_f1=0.9162 val_macro_auc=0.9905 (checkpoint_metric=macro_auc) [new best]
train epoch 115/200 batch 13/66 (20%) running_loss=0.4232
train epoch 115/200 batch 26/66 (39%) running_loss=0.4235
train epoch 115/200 batch 39/66 (59%) running_loss=0.4265
train epoch 115/200 batch 52/66 (79%) running_loss=0.4209
train epoch 115/200 batch 65/66 (98%) running_loss=0.4218
train epoch 115/200 batch 66/66 (100%) running_loss=0.4238
epoch 115/200 done: train_loss=0.4238 val_loss=0.2920 val_accuracy=0.9160 val_macro_f1=0.8827 val_macro_auc=0.9826 (checkpoint_metric=macro_auc)
train epoch 116/200 batch 13/66 (20%) running_loss=0.4349
train epoch 116/200 batch 26/66 (39%) running_loss=0.4400
train epoch 116/200 batch 39/66 (59%) running_loss=0.4449
train epoch 116/200 batch 52/66 (79%) running_loss=0.4466
train epoch 116/200 batch 65/66 (98%) running_loss=0.4501
train epoch 116/200 batch 66/66 (100%) running_loss=0.4504
epoch 116/200 done: train_loss=0.4504 val_loss=0.3750 val_accuracy=0.8709 val_macro_f1=0.8289 val_macro_auc=0.9810 (checkpoint_metric=macro_auc)
train epoch 117/200 batch 13/66 (20%) running_loss=0.4663
train epoch 117/200 batch 26/66 (39%) running_loss=0.4515
train epoch 117/200 batch 39/66 (59%) running_loss=0.4420
train epoch 117/200 batch 52/66 (79%) running_loss=0.4430
train epoch 117/200 batch 65/66 (98%) running_loss=0.4359
train epoch 117/200 batch 66/66 (100%) running_loss=0.4372
epoch 117/200 done: train_loss=0.4372 val_loss=0.2761 val_accuracy=0.9303 val_macro_f1=0.9019 val_macro_auc=0.9817 (checkpoint_metric=macro_auc)
train epoch 118/200 batch 13/66 (20%) running_loss=0.3966
train epoch 118/200 batch 26/66 (39%) running_loss=0.4140
train epoch 118/200 batch 39/66 (59%) running_loss=0.4181
train epoch 118/200 batch 52/66 (79%) running_loss=0.4246
train epoch 118/200 batch 65/66 (98%) running_loss=0.4319
train epoch 118/200 batch 66/66 (100%) running_loss=0.4323
epoch 118/200 done: train_loss=0.4323 val_loss=0.4187 val_accuracy=0.8545 val_macro_f1=0.8088 val_macro_auc=0.9747 (checkpoint_metric=macro_auc)
train epoch 119/200 batch 13/66 (20%) running_loss=0.4492
train epoch 119/200 batch 26/66 (39%) running_loss=0.4486
train epoch 119/200 batch 39/66 (59%) running_loss=0.4439
train epoch 119/200 batch 52/66 (79%) running_loss=0.4428
train epoch 119/200 batch 65/66 (98%) running_loss=0.4380
train epoch 119/200 batch 66/66 (100%) running_loss=0.4373
epoch 119/200 done: train_loss=0.4373 val_loss=0.2517 val_accuracy=0.9406 val_macro_f1=0.9163 val_macro_auc=0.9883 (checkpoint_metric=macro_auc)
train epoch 120/200 batch 13/66 (20%) running_loss=0.4219
train epoch 120/200 batch 26/66 (39%) running_loss=0.4221
train epoch 120/200 batch 39/66 (59%) running_loss=0.4377
train epoch 120/200 batch 52/66 (79%) running_loss=0.4393
train epoch 120/200 batch 65/66 (98%) running_loss=0.4385
train epoch 120/200 batch 66/66 (100%) running_loss=0.4384
epoch 120/200 done: train_loss=0.4384 val_loss=0.2467 val_accuracy=0.9324 val_macro_f1=0.9029 val_macro_auc=0.9853 (checkpoint_metric=macro_auc)
train epoch 121/200 batch 13/66 (20%) running_loss=0.4098
train epoch 121/200 batch 26/66 (39%) running_loss=0.4129
train epoch 121/200 batch 39/66 (59%) running_loss=0.4262
train epoch 121/200 batch 52/66 (79%) running_loss=0.4337
train epoch 121/200 batch 65/66 (98%) running_loss=0.4389
train epoch 121/200 batch 66/66 (100%) running_loss=0.4393
epoch 121/200 done: train_loss=0.4393 val_loss=0.2679 val_accuracy=0.9467 val_macro_f1=0.9221 val_macro_auc=0.9845 (checkpoint_metric=macro_auc)
train epoch 122/200 batch 13/66 (20%) running_loss=0.4336
train epoch 122/200 batch 26/66 (39%) running_loss=0.4374
train epoch 122/200 batch 39/66 (59%) running_loss=0.4381
train epoch 122/200 batch 52/66 (79%) running_loss=0.4344
train epoch 122/200 batch 65/66 (98%) running_loss=0.4383
train epoch 122/200 batch 66/66 (100%) running_loss=0.4386
epoch 122/200 done: train_loss=0.4386 val_loss=0.2503 val_accuracy=0.9488 val_macro_f1=0.9260 val_macro_auc=0.9881 (checkpoint_metric=macro_auc)
train epoch 123/200 batch 13/66 (20%) running_loss=0.4389
train epoch 123/200 batch 26/66 (39%) running_loss=0.4419
train epoch 123/200 batch 39/66 (59%) running_loss=0.4388
train epoch 123/200 batch 52/66 (79%) running_loss=0.4329
train epoch 123/200 batch 65/66 (98%) running_loss=0.4330
train epoch 123/200 batch 66/66 (100%) running_loss=0.4341
epoch 123/200 done: train_loss=0.4341 val_loss=0.3252 val_accuracy=0.8996 val_macro_f1=0.8695 val_macro_auc=0.9819 (checkpoint_metric=macro_auc)
train epoch 124/200 batch 13/66 (20%) running_loss=0.4220
train epoch 124/200 batch 26/66 (39%) running_loss=0.4165
train epoch 124/200 batch 39/66 (59%) running_loss=0.4161
train epoch 124/200 batch 52/66 (79%) running_loss=0.4212
train epoch 124/200 batch 65/66 (98%) running_loss=0.4245
train epoch 124/200 batch 66/66 (100%) running_loss=0.4238
epoch 124/200 done: train_loss=0.4238 val_loss=0.3493 val_accuracy=0.8893 val_macro_f1=0.8543 val_macro_auc=0.9784 (checkpoint_metric=macro_auc)
train epoch 125/200 batch 13/66 (20%) running_loss=0.4382
train epoch 125/200 batch 26/66 (39%) running_loss=0.4447
train epoch 125/200 batch 39/66 (59%) running_loss=0.4337
train epoch 125/200 batch 52/66 (79%) running_loss=0.4315
train epoch 125/200 batch 65/66 (98%) running_loss=0.4283
train epoch 125/200 batch 66/66 (100%) running_loss=0.4282
epoch 125/200 done: train_loss=0.4282 val_loss=0.2594 val_accuracy=0.9406 val_macro_f1=0.9112 val_macro_auc=0.9795 (checkpoint_metric=macro_auc)
train epoch 126/200 batch 13/66 (20%) running_loss=0.4113
train epoch 126/200 batch 26/66 (39%) running_loss=0.4006
train epoch 126/200 batch 39/66 (59%) running_loss=0.4046
train epoch 126/200 batch 52/66 (79%) running_loss=0.4067
train epoch 126/200 batch 65/66 (98%) running_loss=0.4173
train epoch 126/200 batch 66/66 (100%) running_loss=0.4184
epoch 126/200 done: train_loss=0.4184 val_loss=0.2993 val_accuracy=0.9098 val_macro_f1=0.8763 val_macro_auc=0.9805 (checkpoint_metric=macro_auc)
train epoch 127/200 batch 13/66 (20%) running_loss=0.4386
train epoch 127/200 batch 26/66 (39%) running_loss=0.4323
train epoch 127/200 batch 39/66 (59%) running_loss=0.4354
train epoch 127/200 batch 52/66 (79%) running_loss=0.4283
train epoch 127/200 batch 65/66 (98%) running_loss=0.4286
train epoch 127/200 batch 66/66 (100%) running_loss=0.4277
epoch 127/200 done: train_loss=0.4277 val_loss=0.3190 val_accuracy=0.8893 val_macro_f1=0.8593 val_macro_auc=0.9845 (checkpoint_metric=macro_auc)
train epoch 128/200 batch 13/66 (20%) running_loss=0.4465
train epoch 128/200 batch 26/66 (39%) running_loss=0.4331
train epoch 128/200 batch 39/66 (59%) running_loss=0.4393
train epoch 128/200 batch 52/66 (79%) running_loss=0.4357
train epoch 128/200 batch 65/66 (98%) running_loss=0.4336
train epoch 128/200 batch 66/66 (100%) running_loss=0.4333
epoch 128/200 done: train_loss=0.4333 val_loss=0.2910 val_accuracy=0.9119 val_macro_f1=0.8863 val_macro_auc=0.9895 (checkpoint_metric=macro_auc)
train epoch 129/200 batch 13/66 (20%) running_loss=0.4039
train epoch 129/200 batch 26/66 (39%) running_loss=0.3912
train epoch 129/200 batch 39/66 (59%) running_loss=0.3965
train epoch 129/200 batch 52/66 (79%) running_loss=0.4016
train epoch 129/200 batch 65/66 (98%) running_loss=0.4086
train epoch 129/200 batch 66/66 (100%) running_loss=0.4097
epoch 129/200 done: train_loss=0.4097 val_loss=0.2644 val_accuracy=0.9447 val_macro_f1=0.9202 val_macro_auc=0.9866 (checkpoint_metric=macro_auc)
train epoch 130/200 batch 13/66 (20%) running_loss=0.4230
train epoch 130/200 batch 26/66 (39%) running_loss=0.4138
train epoch 130/200 batch 39/66 (59%) running_loss=0.4147
train epoch 130/200 batch 52/66 (79%) running_loss=0.4109
train epoch 130/200 batch 65/66 (98%) running_loss=0.4132
train epoch 130/200 batch 66/66 (100%) running_loss=0.4139
epoch 130/200 done: train_loss=0.4139 val_loss=0.2488 val_accuracy=0.9385 val_macro_f1=0.9115 val_macro_auc=0.9890 (checkpoint_metric=macro_auc) [new best]
train epoch 131/200 batch 13/66 (20%) running_loss=0.4175
train epoch 131/200 batch 26/66 (39%) running_loss=0.4269
train epoch 131/200 batch 39/66 (59%) running_loss=0.4325
train epoch 131/200 batch 52/66 (79%) running_loss=0.4235
train epoch 131/200 batch 65/66 (98%) running_loss=0.4241
train epoch 131/200 batch 66/66 (100%) running_loss=0.4235
epoch 131/200 done: train_loss=0.4235 val_loss=0.2208 val_accuracy=0.9590 val_macro_f1=0.9385 val_macro_auc=0.9894 (checkpoint_metric=macro_auc)
train epoch 132/200 batch 13/66 (20%) running_loss=0.3981
train epoch 132/200 batch 26/66 (39%) running_loss=0.3991
train epoch 132/200 batch 39/66 (59%) running_loss=0.4131
train epoch 132/200 batch 52/66 (79%) running_loss=0.4168
train epoch 132/200 batch 65/66 (98%) running_loss=0.4180
train epoch 132/200 batch 66/66 (100%) running_loss=0.4172
epoch 132/200 done: train_loss=0.4172 val_loss=0.2224 val_accuracy=0.9447 val_macro_f1=0.9181 val_macro_auc=0.9896 (checkpoint_metric=macro_auc) [new best]
train epoch 133/200 batch 13/66 (20%) running_loss=0.4351
train epoch 133/200 batch 26/66 (39%) running_loss=0.4251
train epoch 133/200 batch 39/66 (59%) running_loss=0.4201
train epoch 133/200 batch 52/66 (79%) running_loss=0.4130
train epoch 133/200 batch 65/66 (98%) running_loss=0.4117
train epoch 133/200 batch 66/66 (100%) running_loss=0.4114
epoch 133/200 done: train_loss=0.4114 val_loss=0.2286 val_accuracy=0.9508 val_macro_f1=0.9258 val_macro_auc=0.9859 (checkpoint_metric=macro_auc)
train epoch 134/200 batch 13/66 (20%) running_loss=0.4064
train epoch 134/200 batch 26/66 (39%) running_loss=0.3991
train epoch 134/200 batch 39/66 (59%) running_loss=0.3904
train epoch 134/200 batch 52/66 (79%) running_loss=0.3979
train epoch 134/200 batch 65/66 (98%) running_loss=0.3979
train epoch 134/200 batch 66/66 (100%) running_loss=0.3978
epoch 134/200 done: train_loss=0.3978 val_loss=0.2288 val_accuracy=0.9549 val_macro_f1=0.9333 val_macro_auc=0.9861 (checkpoint_metric=macro_auc)
train epoch 135/200 batch 13/66 (20%) running_loss=0.4211
train epoch 135/200 batch 26/66 (39%) running_loss=0.4084
train epoch 135/200 batch 39/66 (59%) running_loss=0.4074
train epoch 135/200 batch 52/66 (79%) running_loss=0.4137
train epoch 135/200 batch 65/66 (98%) running_loss=0.4132
train epoch 135/200 batch 66/66 (100%) running_loss=0.4126
epoch 135/200 done: train_loss=0.4126 val_loss=0.2420 val_accuracy=0.9365 val_macro_f1=0.9073 val_macro_auc=0.9871 (checkpoint_metric=macro_auc)
train epoch 136/200 batch 13/66 (20%) running_loss=0.4153
train epoch 136/200 batch 26/66 (39%) running_loss=0.4085
train epoch 136/200 batch 39/66 (59%) running_loss=0.4082
train epoch 136/200 batch 52/66 (79%) running_loss=0.4077
train epoch 136/200 batch 65/66 (98%) running_loss=0.4089
train epoch 136/200 batch 66/66 (100%) running_loss=0.4081
epoch 136/200 done: train_loss=0.4081 val_loss=0.2312 val_accuracy=0.9385 val_macro_f1=0.9151 val_macro_auc=0.9898 (checkpoint_metric=macro_auc)
train epoch 137/200 batch 13/66 (20%) running_loss=0.3819
train epoch 137/200 batch 26/66 (39%) running_loss=0.3807
train epoch 137/200 batch 39/66 (59%) running_loss=0.3814
train epoch 137/200 batch 52/66 (79%) running_loss=0.3867
train epoch 137/200 batch 65/66 (98%) running_loss=0.3905
train epoch 137/200 batch 66/66 (100%) running_loss=0.3913
epoch 137/200 done: train_loss=0.3913 val_loss=0.2786 val_accuracy=0.9242 val_macro_f1=0.8992 val_macro_auc=0.9863 (checkpoint_metric=macro_auc)
train epoch 138/200 batch 13/66 (20%) running_loss=0.3982
train epoch 138/200 batch 26/66 (39%) running_loss=0.4068
train epoch 138/200 batch 39/66 (59%) running_loss=0.4059
train epoch 138/200 batch 52/66 (79%) running_loss=0.4098
train epoch 138/200 batch 65/66 (98%) running_loss=0.4060
train epoch 138/200 batch 66/66 (100%) running_loss=0.4062
epoch 138/200 done: train_loss=0.4062 val_loss=0.2175 val_accuracy=0.9488 val_macro_f1=0.9271 val_macro_auc=0.9906 (checkpoint_metric=macro_auc)
train epoch 139/200 batch 13/66 (20%) running_loss=0.4241
train epoch 139/200 batch 26/66 (39%) running_loss=0.4145
train epoch 139/200 batch 39/66 (59%) running_loss=0.4081
train epoch 139/200 batch 52/66 (79%) running_loss=0.4098
train epoch 139/200 batch 65/66 (98%) running_loss=0.4098
train epoch 139/200 batch 66/66 (100%) running_loss=0.4109
epoch 139/200 done: train_loss=0.4109 val_loss=0.2601 val_accuracy=0.9221 val_macro_f1=0.8912 val_macro_auc=0.9852 (checkpoint_metric=macro_auc)
train epoch 140/200 batch 13/66 (20%) running_loss=0.3846
train epoch 140/200 batch 26/66 (39%) running_loss=0.3894
train epoch 140/200 batch 39/66 (59%) running_loss=0.3932
train epoch 140/200 batch 52/66 (79%) running_loss=0.3947
train epoch 140/200 batch 65/66 (98%) running_loss=0.3956
train epoch 140/200 batch 66/66 (100%) running_loss=0.3961
epoch 140/200 done: train_loss=0.3961 val_loss=0.2713 val_accuracy=0.9447 val_macro_f1=0.9234 val_macro_auc=0.9839 (checkpoint_metric=macro_auc)
train epoch 141/200 batch 13/66 (20%) running_loss=0.4160
train epoch 141/200 batch 26/66 (39%) running_loss=0.4303
train epoch 141/200 batch 39/66 (59%) running_loss=0.4180
train epoch 141/200 batch 52/66 (79%) running_loss=0.4105
train epoch 141/200 batch 65/66 (98%) running_loss=0.4064
train epoch 141/200 batch 66/66 (100%) running_loss=0.4059
epoch 141/200 done: train_loss=0.4059 val_loss=0.2347 val_accuracy=0.9385 val_macro_f1=0.9137 val_macro_auc=0.9895 (checkpoint_metric=macro_auc)
train epoch 142/200 batch 13/66 (20%) running_loss=0.3885
train epoch 142/200 batch 26/66 (39%) running_loss=0.3974
train epoch 142/200 batch 39/66 (59%) running_loss=0.3952
train epoch 142/200 batch 52/66 (79%) running_loss=0.3968
train epoch 142/200 batch 65/66 (98%) running_loss=0.3981
train epoch 142/200 batch 66/66 (100%) running_loss=0.3991
epoch 142/200 done: train_loss=0.3991 val_loss=0.2832 val_accuracy=0.9180 val_macro_f1=0.8886 val_macro_auc=0.9870 (checkpoint_metric=macro_auc)
train epoch 143/200 batch 13/66 (20%) running_loss=0.4139
train epoch 143/200 batch 26/66 (39%) running_loss=0.4005
train epoch 143/200 batch 39/66 (59%) running_loss=0.4035
train epoch 143/200 batch 52/66 (79%) running_loss=0.4001
train epoch 143/200 batch 65/66 (98%) running_loss=0.3999
train epoch 143/200 batch 66/66 (100%) running_loss=0.3992
epoch 143/200 done: train_loss=0.3992 val_loss=0.2280 val_accuracy=0.9529 val_macro_f1=0.9291 val_macro_auc=0.9893 (checkpoint_metric=macro_auc)
train epoch 144/200 batch 13/66 (20%) running_loss=0.4117
train epoch 144/200 batch 26/66 (39%) running_loss=0.4059
train epoch 144/200 batch 39/66 (59%) running_loss=0.4016
train epoch 144/200 batch 52/66 (79%) running_loss=0.3989
train epoch 144/200 batch 65/66 (98%) running_loss=0.3990
train epoch 144/200 batch 66/66 (100%) running_loss=0.3984
epoch 144/200 done: train_loss=0.3984 val_loss=0.2203 val_accuracy=0.9549 val_macro_f1=0.9355 val_macro_auc=0.9908 (checkpoint_metric=macro_auc)
train epoch 145/200 batch 13/66 (20%) running_loss=0.3858
train epoch 145/200 batch 26/66 (39%) running_loss=0.3774
train epoch 145/200 batch 39/66 (59%) running_loss=0.3887
train epoch 145/200 batch 52/66 (79%) running_loss=0.3920
train epoch 145/200 batch 65/66 (98%) running_loss=0.3939
train epoch 145/200 batch 66/66 (100%) running_loss=0.3933
epoch 145/200 done: train_loss=0.3933 val_loss=0.2333 val_accuracy=0.9570 val_macro_f1=0.9370 val_macro_auc=0.9888 (checkpoint_metric=macro_auc) [new best]
train epoch 146/200 batch 13/66 (20%) running_loss=0.3983
train epoch 146/200 batch 26/66 (39%) running_loss=0.3930
train epoch 146/200 batch 39/66 (59%) running_loss=0.3920
train epoch 146/200 batch 52/66 (79%) running_loss=0.3929
train epoch 146/200 batch 65/66 (98%) running_loss=0.3942
train epoch 146/200 batch 66/66 (100%) running_loss=0.3943
epoch 146/200 done: train_loss=0.3943 val_loss=0.2262 val_accuracy=0.9385 val_macro_f1=0.9130 val_macro_auc=0.9910 (checkpoint_metric=macro_auc) [new best]
train epoch 147/200 batch 13/66 (20%) running_loss=0.3994
train epoch 147/200 batch 26/66 (39%) running_loss=0.3896
train epoch 147/200 batch 39/66 (59%) running_loss=0.3908
train epoch 147/200 batch 52/66 (79%) running_loss=0.3923
train epoch 147/200 batch 65/66 (98%) running_loss=0.3919
train epoch 147/200 batch 66/66 (100%) running_loss=0.3928
epoch 147/200 done: train_loss=0.3928 val_loss=0.2445 val_accuracy=0.9385 val_macro_f1=0.9119 val_macro_auc=0.9871 (checkpoint_metric=macro_auc)
train epoch 148/200 batch 13/66 (20%) running_loss=0.3799
train epoch 148/200 batch 26/66 (39%) running_loss=0.3976
train epoch 148/200 batch 39/66 (59%) running_loss=0.3890
train epoch 148/200 batch 52/66 (79%) running_loss=0.3861
train epoch 148/200 batch 65/66 (98%) running_loss=0.3907
train epoch 148/200 batch 66/66 (100%) running_loss=0.3904
epoch 148/200 done: train_loss=0.3904 val_loss=0.2351 val_accuracy=0.9529 val_macro_f1=0.9331 val_macro_auc=0.9902 (checkpoint_metric=macro_auc)
train epoch 149/200 batch 13/66 (20%) running_loss=0.3839
train epoch 149/200 batch 26/66 (39%) running_loss=0.3796
train epoch 149/200 batch 39/66 (59%) running_loss=0.3800
train epoch 149/200 batch 52/66 (79%) running_loss=0.3872
train epoch 149/200 batch 65/66 (98%) running_loss=0.3924
train epoch 149/200 batch 66/66 (100%) running_loss=0.3919
epoch 149/200 done: train_loss=0.3919 val_loss=0.2191 val_accuracy=0.9508 val_macro_f1=0.9277 val_macro_auc=0.9891 (checkpoint_metric=macro_auc)
train epoch 150/200 batch 13/66 (20%) running_loss=0.3952
train epoch 150/200 batch 26/66 (39%) running_loss=0.3894
train epoch 150/200 batch 39/66 (59%) running_loss=0.3929
train epoch 150/200 batch 52/66 (79%) running_loss=0.3957
train epoch 150/200 batch 65/66 (98%) running_loss=0.3976
train epoch 150/200 batch 66/66 (100%) running_loss=0.3974
epoch 150/200 done: train_loss=0.3974 val_loss=0.2538 val_accuracy=0.9283 val_macro_f1=0.9015 val_macro_auc=0.9892 (checkpoint_metric=macro_auc)
train epoch 151/200 batch 13/66 (20%) running_loss=0.3993
train epoch 151/200 batch 26/66 (39%) running_loss=0.3806
train epoch 151/200 batch 39/66 (59%) running_loss=0.3842
train epoch 151/200 batch 52/66 (79%) running_loss=0.3819
train epoch 151/200 batch 65/66 (98%) running_loss=0.3843
train epoch 151/200 batch 66/66 (100%) running_loss=0.3851
epoch 151/200 done: train_loss=0.3851 val_loss=0.2304 val_accuracy=0.9529 val_macro_f1=0.9325 val_macro_auc=0.9903 (checkpoint_metric=macro_auc)
train epoch 152/200 batch 13/66 (20%) running_loss=0.3871
train epoch 152/200 batch 26/66 (39%) running_loss=0.3969
train epoch 152/200 batch 39/66 (59%) running_loss=0.3894
train epoch 152/200 batch 52/66 (79%) running_loss=0.3874
train epoch 152/200 batch 65/66 (98%) running_loss=0.3865
train epoch 152/200 batch 66/66 (100%) running_loss=0.3857
epoch 152/200 done: train_loss=0.3857 val_loss=0.2155 val_accuracy=0.9488 val_macro_f1=0.9256 val_macro_auc=0.9884 (checkpoint_metric=macro_auc)
train epoch 153/200 batch 13/66 (20%) running_loss=0.3892
train epoch 153/200 batch 26/66 (39%) running_loss=0.4048
train epoch 153/200 batch 39/66 (59%) running_loss=0.3920
train epoch 153/200 batch 52/66 (79%) running_loss=0.3893
train epoch 153/200 batch 65/66 (98%) running_loss=0.3909
train epoch 153/200 batch 66/66 (100%) running_loss=0.3904
epoch 153/200 done: train_loss=0.3904 val_loss=0.2282 val_accuracy=0.9508 val_macro_f1=0.9291 val_macro_auc=0.9906 (checkpoint_metric=macro_auc)
train epoch 154/200 batch 13/66 (20%) running_loss=0.4002
train epoch 154/200 batch 26/66 (39%) running_loss=0.3902
train epoch 154/200 batch 39/66 (59%) running_loss=0.3805
train epoch 154/200 batch 52/66 (79%) running_loss=0.3829
train epoch 154/200 batch 65/66 (98%) running_loss=0.3827
train epoch 154/200 batch 66/66 (100%) running_loss=0.3822
epoch 154/200 done: train_loss=0.3822 val_loss=0.2350 val_accuracy=0.9385 val_macro_f1=0.9137 val_macro_auc=0.9894 (checkpoint_metric=macro_auc)
train epoch 155/200 batch 13/66 (20%) running_loss=0.3781
train epoch 155/200 batch 26/66 (39%) running_loss=0.3778
train epoch 155/200 batch 39/66 (59%) running_loss=0.3848
train epoch 155/200 batch 52/66 (79%) running_loss=0.3854
train epoch 155/200 batch 65/66 (98%) running_loss=0.3826
train epoch 155/200 batch 66/66 (100%) running_loss=0.3825
epoch 155/200 done: train_loss=0.3825 val_loss=0.2214 val_accuracy=0.9467 val_macro_f1=0.9252 val_macro_auc=0.9912 (checkpoint_metric=macro_auc) [new best]
train epoch 156/200 batch 13/66 (20%) running_loss=0.3956
train epoch 156/200 batch 26/66 (39%) running_loss=0.3855
train epoch 156/200 batch 39/66 (59%) running_loss=0.3811
train epoch 156/200 batch 52/66 (79%) running_loss=0.3813
train epoch 156/200 batch 65/66 (98%) running_loss=0.3840
train epoch 156/200 batch 66/66 (100%) running_loss=0.3839
epoch 156/200 done: train_loss=0.3839 val_loss=0.2239 val_accuracy=0.9508 val_macro_f1=0.9297 val_macro_auc=0.9900 (checkpoint_metric=macro_auc)
train epoch 157/200 batch 13/66 (20%) running_loss=0.3665
train epoch 157/200 batch 26/66 (39%) running_loss=0.3728
train epoch 157/200 batch 39/66 (59%) running_loss=0.3713
train epoch 157/200 batch 52/66 (79%) running_loss=0.3758
train epoch 157/200 batch 65/66 (98%) running_loss=0.3751
train epoch 157/200 batch 66/66 (100%) running_loss=0.3764
epoch 157/200 done: train_loss=0.3764 val_loss=0.2354 val_accuracy=0.9406 val_macro_f1=0.9172 val_macro_auc=0.9894 (checkpoint_metric=macro_auc)
train epoch 158/200 batch 13/66 (20%) running_loss=0.3809
train epoch 158/200 batch 26/66 (39%) running_loss=0.3837
train epoch 158/200 batch 39/66 (59%) running_loss=0.3802
train epoch 158/200 batch 52/66 (79%) running_loss=0.3835
train epoch 158/200 batch 65/66 (98%) running_loss=0.3856
train epoch 158/200 batch 66/66 (100%) running_loss=0.3855
epoch 158/200 done: train_loss=0.3855 val_loss=0.2421 val_accuracy=0.9262 val_macro_f1=0.8990 val_macro_auc=0.9877 (checkpoint_metric=macro_auc)
train epoch 159/200 batch 13/66 (20%) running_loss=0.3787
train epoch 159/200 batch 26/66 (39%) running_loss=0.3765
train epoch 159/200 batch 39/66 (59%) running_loss=0.3834
train epoch 159/200 batch 52/66 (79%) running_loss=0.3876
train epoch 159/200 batch 65/66 (98%) running_loss=0.3860
train epoch 159/200 batch 66/66 (100%) running_loss=0.3854
epoch 159/200 done: train_loss=0.3854 val_loss=0.2246 val_accuracy=0.9529 val_macro_f1=0.9319 val_macro_auc=0.9886 (checkpoint_metric=macro_auc)
train epoch 160/200 batch 13/66 (20%) running_loss=0.3611
train epoch 160/200 batch 26/66 (39%) running_loss=0.3662
train epoch 160/200 batch 39/66 (59%) running_loss=0.3697
train epoch 160/200 batch 52/66 (79%) running_loss=0.3702
train epoch 160/200 batch 65/66 (98%) running_loss=0.3667
train epoch 160/200 batch 66/66 (100%) running_loss=0.3674
epoch 160/200 done: train_loss=0.3674 val_loss=0.2114 val_accuracy=0.9570 val_macro_f1=0.9369 val_macro_auc=0.9917 (checkpoint_metric=macro_auc)
train epoch 161/200 batch 13/66 (20%) running_loss=0.3847
train epoch 161/200 batch 26/66 (39%) running_loss=0.3738
train epoch 161/200 batch 39/66 (59%) running_loss=0.3732
train epoch 161/200 batch 52/66 (79%) running_loss=0.3749
train epoch 161/200 batch 65/66 (98%) running_loss=0.3754
train epoch 161/200 batch 66/66 (100%) running_loss=0.3760
epoch 161/200 done: train_loss=0.3760 val_loss=0.2123 val_accuracy=0.9570 val_macro_f1=0.9369 val_macro_auc=0.9910 (checkpoint_metric=macro_auc) [new best]
train epoch 162/200 batch 13/66 (20%) running_loss=0.3856
train epoch 162/200 batch 26/66 (39%) running_loss=0.3860
train epoch 162/200 batch 39/66 (59%) running_loss=0.3783
train epoch 162/200 batch 52/66 (79%) running_loss=0.3783
train epoch 162/200 batch 65/66 (98%) running_loss=0.3750
train epoch 162/200 batch 66/66 (100%) running_loss=0.3757
epoch 162/200 done: train_loss=0.3757 val_loss=0.2241 val_accuracy=0.9508 val_macro_f1=0.9285 val_macro_auc=0.9877 (checkpoint_metric=macro_auc)
train epoch 163/200 batch 13/66 (20%) running_loss=0.3614
train epoch 163/200 batch 26/66 (39%) running_loss=0.3628
train epoch 163/200 batch 39/66 (59%) running_loss=0.3618
train epoch 163/200 batch 52/66 (79%) running_loss=0.3609
train epoch 163/200 batch 65/66 (98%) running_loss=0.3636
train epoch 163/200 batch 66/66 (100%) running_loss=0.3644
epoch 163/200 done: train_loss=0.3644 val_loss=0.2125 val_accuracy=0.9590 val_macro_f1=0.9412 val_macro_auc=0.9907 (checkpoint_metric=macro_auc)
train epoch 164/200 batch 13/66 (20%) running_loss=0.3897
train epoch 164/200 batch 26/66 (39%) running_loss=0.3802
train epoch 164/200 batch 39/66 (59%) running_loss=0.3779
train epoch 164/200 batch 52/66 (79%) running_loss=0.3751
train epoch 164/200 batch 65/66 (98%) running_loss=0.3755
train epoch 164/200 batch 66/66 (100%) running_loss=0.3762
epoch 164/200 done: train_loss=0.3762 val_loss=0.2192 val_accuracy=0.9529 val_macro_f1=0.9310 val_macro_auc=0.9887 (checkpoint_metric=macro_auc)
train epoch 165/200 batch 13/66 (20%) running_loss=0.3734
train epoch 165/200 batch 26/66 (39%) running_loss=0.3673
train epoch 165/200 batch 39/66 (59%) running_loss=0.3629
train epoch 165/200 batch 52/66 (79%) running_loss=0.3634
train epoch 165/200 batch 65/66 (98%) running_loss=0.3635
train epoch 165/200 batch 66/66 (100%) running_loss=0.3642
epoch 165/200 done: train_loss=0.3642 val_loss=0.2074 val_accuracy=0.9590 val_macro_f1=0.9412 val_macro_auc=0.9896 (checkpoint_metric=macro_auc)
train epoch 166/200 batch 13/66 (20%) running_loss=0.3634
train epoch 166/200 batch 26/66 (39%) running_loss=0.3690
train epoch 166/200 batch 39/66 (59%) running_loss=0.3700
train epoch 166/200 batch 52/66 (79%) running_loss=0.3694
train epoch 166/200 batch 65/66 (98%) running_loss=0.3724
train epoch 166/200 batch 66/66 (100%) running_loss=0.3728
epoch 166/200 done: train_loss=0.3728 val_loss=0.2267 val_accuracy=0.9426 val_macro_f1=0.9183 val_macro_auc=0.9873 (checkpoint_metric=macro_auc)
train epoch 167/200 batch 13/66 (20%) running_loss=0.3592
train epoch 167/200 batch 26/66 (39%) running_loss=0.3564
train epoch 167/200 batch 39/66 (59%) running_loss=0.3661
train epoch 167/200 batch 52/66 (79%) running_loss=0.3636
train epoch 167/200 batch 65/66 (98%) running_loss=0.3655
train epoch 167/200 batch 66/66 (100%) running_loss=0.3666
epoch 167/200 done: train_loss=0.3666 val_loss=0.2280 val_accuracy=0.9406 val_macro_f1=0.9144 val_macro_auc=0.9875 (checkpoint_metric=macro_auc)
train epoch 168/200 batch 13/66 (20%) running_loss=0.3840
train epoch 168/200 batch 26/66 (39%) running_loss=0.3727
train epoch 168/200 batch 39/66 (59%) running_loss=0.3681
train epoch 168/200 batch 52/66 (79%) running_loss=0.3705
train epoch 168/200 batch 65/66 (98%) running_loss=0.3684
train epoch 168/200 batch 66/66 (100%) running_loss=0.3684
epoch 168/200 done: train_loss=0.3684 val_loss=0.2192 val_accuracy=0.9488 val_macro_f1=0.9282 val_macro_auc=0.9904 (checkpoint_metric=macro_auc)
train epoch 169/200 batch 13/66 (20%) running_loss=0.3742
train epoch 169/200 batch 26/66 (39%) running_loss=0.3646
train epoch 169/200 batch 39/66 (59%) running_loss=0.3621
train epoch 169/200 batch 52/66 (79%) running_loss=0.3637
train epoch 169/200 batch 65/66 (98%) running_loss=0.3634
train epoch 169/200 batch 66/66 (100%) running_loss=0.3634
epoch 169/200 done: train_loss=0.3634 val_loss=0.2060 val_accuracy=0.9529 val_macro_f1=0.9326 val_macro_auc=0.9909 (checkpoint_metric=macro_auc)
train epoch 170/200 batch 13/66 (20%) running_loss=0.3846
train epoch 170/200 batch 26/66 (39%) running_loss=0.3724
train epoch 170/200 batch 39/66 (59%) running_loss=0.3754
train epoch 170/200 batch 52/66 (79%) running_loss=0.3703
train epoch 170/200 batch 65/66 (98%) running_loss=0.3760
train epoch 170/200 batch 66/66 (100%) running_loss=0.3773
epoch 170/200 done: train_loss=0.3773 val_loss=0.2080 val_accuracy=0.9570 val_macro_f1=0.9373 val_macro_auc=0.9904 (checkpoint_metric=macro_auc) [new best]
train epoch 171/200 batch 13/66 (20%) running_loss=0.3802
train epoch 171/200 batch 26/66 (39%) running_loss=0.3708
train epoch 171/200 batch 39/66 (59%) running_loss=0.3655
train epoch 171/200 batch 52/66 (79%) running_loss=0.3690
train epoch 171/200 batch 65/66 (98%) running_loss=0.3666
train epoch 171/200 batch 66/66 (100%) running_loss=0.3664
epoch 171/200 done: train_loss=0.3664 val_loss=0.2205 val_accuracy=0.9529 val_macro_f1=0.9329 val_macro_auc=0.9879 (checkpoint_metric=macro_auc)
train epoch 172/200 batch 13/66 (20%) running_loss=0.3558
train epoch 172/200 batch 26/66 (39%) running_loss=0.3537
train epoch 172/200 batch 39/66 (59%) running_loss=0.3551
train epoch 172/200 batch 52/66 (79%) running_loss=0.3639
train epoch 172/200 batch 65/66 (98%) running_loss=0.3647
train epoch 172/200 batch 66/66 (100%) running_loss=0.3647
epoch 172/200 done: train_loss=0.3647 val_loss=0.2115 val_accuracy=0.9590 val_macro_f1=0.9401 val_macro_auc=0.9901 (checkpoint_metric=macro_auc)
train epoch 173/200 batch 13/66 (20%) running_loss=0.3636
train epoch 173/200 batch 26/66 (39%) running_loss=0.3606
train epoch 173/200 batch 39/66 (59%) running_loss=0.3553
train epoch 173/200 batch 52/66 (79%) running_loss=0.3610
train epoch 173/200 batch 65/66 (98%) running_loss=0.3616
train epoch 173/200 batch 66/66 (100%) running_loss=0.3618
epoch 173/200 done: train_loss=0.3618 val_loss=0.2221 val_accuracy=0.9447 val_macro_f1=0.9228 val_macro_auc=0.9885 (checkpoint_metric=macro_auc)
train epoch 174/200 batch 13/66 (20%) running_loss=0.3716
train epoch 174/200 batch 26/66 (39%) running_loss=0.3675
train epoch 174/200 batch 39/66 (59%) running_loss=0.3700
train epoch 174/200 batch 52/66 (79%) running_loss=0.3706
train epoch 174/200 batch 65/66 (98%) running_loss=0.3700
train epoch 174/200 batch 66/66 (100%) running_loss=0.3698
epoch 174/200 done: train_loss=0.3698 val_loss=0.2179 val_accuracy=0.9529 val_macro_f1=0.9323 val_macro_auc=0.9889 (checkpoint_metric=macro_auc)
train epoch 175/200 batch 13/66 (20%) running_loss=0.3777
train epoch 175/200 batch 26/66 (39%) running_loss=0.3691
train epoch 175/200 batch 39/66 (59%) running_loss=0.3616
train epoch 175/200 batch 52/66 (79%) running_loss=0.3626
train epoch 175/200 batch 65/66 (98%) running_loss=0.3617
train epoch 175/200 batch 66/66 (100%) running_loss=0.3618
epoch 175/200 done: train_loss=0.3618 val_loss=0.2136 val_accuracy=0.9488 val_macro_f1=0.9273 val_macro_auc=0.9883 (checkpoint_metric=macro_auc)
train epoch 176/200 batch 13/66 (20%) running_loss=0.3654
train epoch 176/200 batch 26/66 (39%) running_loss=0.3682
train epoch 176/200 batch 39/66 (59%) running_loss=0.3681
train epoch 176/200 batch 52/66 (79%) running_loss=0.3672
train epoch 176/200 batch 65/66 (98%) running_loss=0.3625
train epoch 176/200 batch 66/66 (100%) running_loss=0.3625
epoch 176/200 done: train_loss=0.3625 val_loss=0.2122 val_accuracy=0.9488 val_macro_f1=0.9263 val_macro_auc=0.9881 (checkpoint_metric=macro_auc)
train epoch 177/200 batch 13/66 (20%) running_loss=0.3430
train epoch 177/200 batch 26/66 (39%) running_loss=0.3563
train epoch 177/200 batch 39/66 (59%) running_loss=0.3580
train epoch 177/200 batch 52/66 (79%) running_loss=0.3623
train epoch 177/200 batch 65/66 (98%) running_loss=0.3630
train epoch 177/200 batch 66/66 (100%) running_loss=0.3635
epoch 177/200 done: train_loss=0.3635 val_loss=0.2119 val_accuracy=0.9508 val_macro_f1=0.9291 val_macro_auc=0.9882 (checkpoint_metric=macro_auc)
train epoch 178/200 batch 13/66 (20%) running_loss=0.3754
train epoch 178/200 batch 26/66 (39%) running_loss=0.3645
train epoch 178/200 batch 39/66 (59%) running_loss=0.3665
train epoch 178/200 batch 52/66 (79%) running_loss=0.3611
train epoch 178/200 batch 65/66 (98%) running_loss=0.3664
train epoch 178/200 batch 66/66 (100%) running_loss=0.3661
epoch 178/200 done: train_loss=0.3661 val_loss=0.2081 val_accuracy=0.9529 val_macro_f1=0.9317 val_macro_auc=0.9893 (checkpoint_metric=macro_auc)
train epoch 179/200 batch 13/66 (20%) running_loss=0.3706
train epoch 179/200 batch 26/66 (39%) running_loss=0.3623
train epoch 179/200 batch 39/66 (59%) running_loss=0.3630
train epoch 179/200 batch 52/66 (79%) running_loss=0.3613
train epoch 179/200 batch 65/66 (98%) running_loss=0.3593
train epoch 179/200 batch 66/66 (100%) running_loss=0.3589
epoch 179/200 done: train_loss=0.3589 val_loss=0.2148 val_accuracy=0.9488 val_macro_f1=0.9273 val_macro_auc=0.9878 (checkpoint_metric=macro_auc)
train epoch 180/200 batch 13/66 (20%) running_loss=0.3619
train epoch 180/200 batch 26/66 (39%) running_loss=0.3602
train epoch 180/200 batch 39/66 (59%) running_loss=0.3531
train epoch 180/200 batch 52/66 (79%) running_loss=0.3563
train epoch 180/200 batch 65/66 (98%) running_loss=0.3593
train epoch 180/200 batch 66/66 (100%) running_loss=0.3591
epoch 180/200 done: train_loss=0.3591 val_loss=0.2214 val_accuracy=0.9447 val_macro_f1=0.9217 val_macro_auc=0.9871 (checkpoint_metric=macro_auc)
train epoch 181/200 batch 13/66 (20%) running_loss=0.3638
train epoch 181/200 batch 26/66 (39%) running_loss=0.3616
train epoch 181/200 batch 39/66 (59%) running_loss=0.3584
train epoch 181/200 batch 52/66 (79%) running_loss=0.3614
train epoch 181/200 batch 65/66 (98%) running_loss=0.3614
train epoch 181/200 batch 66/66 (100%) running_loss=0.3616
epoch 181/200 done: train_loss=0.3616 val_loss=0.2138 val_accuracy=0.9426 val_macro_f1=0.9175 val_macro_auc=0.9879 (checkpoint_metric=macro_auc)
train epoch 182/200 batch 13/66 (20%) running_loss=0.3626
train epoch 182/200 batch 26/66 (39%) running_loss=0.3560
train epoch 182/200 batch 39/66 (59%) running_loss=0.3556
train epoch 182/200 batch 52/66 (79%) running_loss=0.3551
train epoch 182/200 batch 65/66 (98%) running_loss=0.3553
train epoch 182/200 batch 66/66 (100%) running_loss=0.3549
epoch 182/200 done: train_loss=0.3549 val_loss=0.2195 val_accuracy=0.9467 val_macro_f1=0.9246 val_macro_auc=0.9881 (checkpoint_metric=macro_auc)
train epoch 183/200 batch 13/66 (20%) running_loss=0.3629
train epoch 183/200 batch 26/66 (39%) running_loss=0.3584
train epoch 183/200 batch 39/66 (59%) running_loss=0.3641
train epoch 183/200 batch 52/66 (79%) running_loss=0.3614
train epoch 183/200 batch 65/66 (98%) running_loss=0.3596
train epoch 183/200 batch 66/66 (100%) running_loss=0.3598
epoch 183/200 done: train_loss=0.3598 val_loss=0.2131 val_accuracy=0.9529 val_macro_f1=0.9329 val_macro_auc=0.9884 (checkpoint_metric=macro_auc)
train epoch 184/200 batch 13/66 (20%) running_loss=0.3486
train epoch 184/200 batch 26/66 (39%) running_loss=0.3459
train epoch 184/200 batch 39/66 (59%) running_loss=0.3480
train epoch 184/200 batch 52/66 (79%) running_loss=0.3522
train epoch 184/200 batch 65/66 (98%) running_loss=0.3553
train epoch 184/200 batch 66/66 (100%) running_loss=0.3549
epoch 184/200 done: train_loss=0.3549 val_loss=0.2126 val_accuracy=0.9508 val_macro_f1=0.9304 val_macro_auc=0.9881 (checkpoint_metric=macro_auc)
train epoch 185/200 batch 13/66 (20%) running_loss=0.3487
train epoch 185/200 batch 26/66 (39%) running_loss=0.3544
train epoch 185/200 batch 39/66 (59%) running_loss=0.3587
train epoch 185/200 batch 52/66 (79%) running_loss=0.3605
train epoch 185/200 batch 65/66 (98%) running_loss=0.3607
train epoch 185/200 batch 66/66 (100%) running_loss=0.3609
epoch 185/200 done: train_loss=0.3609 val_loss=0.2100 val_accuracy=0.9549 val_macro_f1=0.9351 val_macro_auc=0.9893 (checkpoint_metric=macro_auc)
train epoch 186/200 batch 13/66 (20%) running_loss=0.3433
train epoch 186/200 batch 26/66 (39%) running_loss=0.3495
train epoch 186/200 batch 39/66 (59%) running_loss=0.3544
train epoch 186/200 batch 52/66 (79%) running_loss=0.3592
train epoch 186/200 batch 65/66 (98%) running_loss=0.3595
train epoch 186/200 batch 66/66 (100%) running_loss=0.3599
epoch 186/200 done: train_loss=0.3599 val_loss=0.2132 val_accuracy=0.9529 val_macro_f1=0.9329 val_macro_auc=0.9880 (checkpoint_metric=macro_auc)
train epoch 187/200 batch 13/66 (20%) running_loss=0.3546
train epoch 187/200 batch 26/66 (39%) running_loss=0.3518
train epoch 187/200 batch 39/66 (59%) running_loss=0.3503
train epoch 187/200 batch 52/66 (79%) running_loss=0.3571
train epoch 187/200 batch 65/66 (98%) running_loss=0.3554
train epoch 187/200 batch 66/66 (100%) running_loss=0.3550
epoch 187/200 done: train_loss=0.3550 val_loss=0.2174 val_accuracy=0.9529 val_macro_f1=0.9332 val_macro_auc=0.9879 (checkpoint_metric=macro_auc)
train epoch 188/200 batch 13/66 (20%) running_loss=0.3811
train epoch 188/200 batch 26/66 (39%) running_loss=0.3729
train epoch 188/200 batch 39/66 (59%) running_loss=0.3735
train epoch 188/200 batch 52/66 (79%) running_loss=0.3635
train epoch 188/200 batch 65/66 (98%) running_loss=0.3627
train epoch 188/200 batch 66/66 (100%) running_loss=0.3621
epoch 188/200 done: train_loss=0.3621 val_loss=0.2102 val_accuracy=0.9570 val_macro_f1=0.9386 val_macro_auc=0.9885 (checkpoint_metric=macro_auc)
train epoch 189/200 batch 13/66 (20%) running_loss=0.3613
train epoch 189/200 batch 26/66 (39%) running_loss=0.3592
train epoch 189/200 batch 39/66 (59%) running_loss=0.3601
train epoch 189/200 batch 52/66 (79%) running_loss=0.3613
train epoch 189/200 batch 65/66 (98%) running_loss=0.3570
train epoch 189/200 batch 66/66 (100%) running_loss=0.3572
epoch 189/200 done: train_loss=0.3572 val_loss=0.2073 val_accuracy=0.9529 val_macro_f1=0.9326 val_macro_auc=0.9888 (checkpoint_metric=macro_auc)
train epoch 190/200 batch 13/66 (20%) running_loss=0.3575
train epoch 190/200 batch 26/66 (39%) running_loss=0.3584
train epoch 190/200 batch 39/66 (59%) running_loss=0.3586
train epoch 190/200 batch 52/66 (79%) running_loss=0.3553
train epoch 190/200 batch 65/66 (98%) running_loss=0.3541
train epoch 190/200 batch 66/66 (100%) running_loss=0.3546
epoch 190/200 done: train_loss=0.3546 val_loss=0.2157 val_accuracy=0.9529 val_macro_f1=0.9332 val_macro_auc=0.9881 (checkpoint_metric=macro_auc)
train epoch 191/200 batch 13/66 (20%) running_loss=0.3721
train epoch 191/200 batch 26/66 (39%) running_loss=0.3732
train epoch 191/200 batch 39/66 (59%) running_loss=0.3691
train epoch 191/200 batch 52/66 (79%) running_loss=0.3654
train epoch 191/200 batch 65/66 (98%) running_loss=0.3669
train epoch 191/200 batch 66/66 (100%) running_loss=0.3664
epoch 191/200 done: train_loss=0.3664 val_loss=0.2154 val_accuracy=0.9529 val_macro_f1=0.9332 val_macro_auc=0.9881 (checkpoint_metric=macro_auc)
train epoch 192/200 batch 13/66 (20%) running_loss=0.3580
train epoch 192/200 batch 26/66 (39%) running_loss=0.3465
train epoch 192/200 batch 39/66 (59%) running_loss=0.3451
train epoch 192/200 batch 52/66 (79%) running_loss=0.3466
train epoch 192/200 batch 65/66 (98%) running_loss=0.3479
train epoch 192/200 batch 66/66 (100%) running_loss=0.3477
epoch 192/200 done: train_loss=0.3477 val_loss=0.2176 val_accuracy=0.9488 val_macro_f1=0.9284 val_macro_auc=0.9879 (checkpoint_metric=macro_auc)
train epoch 193/200 batch 13/66 (20%) running_loss=0.3495
train epoch 193/200 batch 26/66 (39%) running_loss=0.3464
train epoch 193/200 batch 39/66 (59%) running_loss=0.3553
train epoch 193/200 batch 52/66 (79%) running_loss=0.3572
train epoch 193/200 batch 65/66 (98%) running_loss=0.3566
train epoch 193/200 batch 66/66 (100%) running_loss=0.3567
epoch 193/200 done: train_loss=0.3567 val_loss=0.2210 val_accuracy=0.9447 val_macro_f1=0.9231 val_macro_auc=0.9873 (checkpoint_metric=macro_auc)
train epoch 194/200 batch 13/66 (20%) running_loss=0.3588
train epoch 194/200 batch 26/66 (39%) running_loss=0.3569
train epoch 194/200 batch 39/66 (59%) running_loss=0.3593
train epoch 194/200 batch 52/66 (79%) running_loss=0.3610
train epoch 194/200 batch 65/66 (98%) running_loss=0.3615
train epoch 194/200 batch 66/66 (100%) running_loss=0.3611
epoch 194/200 done: train_loss=0.3611 val_loss=0.2188 val_accuracy=0.9447 val_macro_f1=0.9224 val_macro_auc=0.9875 (checkpoint_metric=macro_auc)
train epoch 195/200 batch 13/66 (20%) running_loss=0.3705
train epoch 195/200 batch 26/66 (39%) running_loss=0.3669
train epoch 195/200 batch 39/66 (59%) running_loss=0.3636
train epoch 195/200 batch 52/66 (79%) running_loss=0.3604
train epoch 195/200 batch 65/66 (98%) running_loss=0.3616
train epoch 195/200 batch 66/66 (100%) running_loss=0.3617
epoch 195/200 done: train_loss=0.3617 val_loss=0.2181 val_accuracy=0.9508 val_macro_f1=0.9315 val_macro_auc=0.9880 (checkpoint_metric=macro_auc)
train epoch 196/200 batch 13/66 (20%) running_loss=0.3597
train epoch 196/200 batch 26/66 (39%) running_loss=0.3597
train epoch 196/200 batch 39/66 (59%) running_loss=0.3560
train epoch 196/200 batch 52/66 (79%) running_loss=0.3585
train epoch 196/200 batch 65/66 (98%) running_loss=0.3593
train epoch 196/200 batch 66/66 (100%) running_loss=0.3591
epoch 196/200 done: train_loss=0.3591 val_loss=0.2154 val_accuracy=0.9508 val_macro_f1=0.9315 val_macro_auc=0.9879 (checkpoint_metric=macro_auc)
train epoch 197/200 batch 13/66 (20%) running_loss=0.3521
train epoch 197/200 batch 26/66 (39%) running_loss=0.3561
train epoch 197/200 batch 39/66 (59%) running_loss=0.3564
train epoch 197/200 batch 52/66 (79%) running_loss=0.3529
train epoch 197/200 batch 65/66 (98%) running_loss=0.3545
train epoch 197/200 batch 66/66 (100%) running_loss=0.3547
epoch 197/200 done: train_loss=0.3547 val_loss=0.2185 val_accuracy=0.9508 val_macro_f1=0.9315 val_macro_auc=0.9879 (checkpoint_metric=macro_auc)
train epoch 198/200 batch 13/66 (20%) running_loss=0.3530
train epoch 198/200 batch 26/66 (39%) running_loss=0.3590
train epoch 198/200 batch 39/66 (59%) running_loss=0.3553
train epoch 198/200 batch 52/66 (79%) running_loss=0.3575
train epoch 198/200 batch 65/66 (98%) running_loss=0.3567
train epoch 198/200 batch 66/66 (100%) running_loss=0.3562
epoch 198/200 done: train_loss=0.3562 val_loss=0.2127 val_accuracy=0.9508 val_macro_f1=0.9315 val_macro_auc=0.9882 (checkpoint_metric=macro_auc)
train epoch 199/200 batch 13/66 (20%) running_loss=0.3649
train epoch 199/200 batch 26/66 (39%) running_loss=0.3542
train epoch 199/200 batch 39/66 (59%) running_loss=0.3532
train epoch 199/200 batch 52/66 (79%) running_loss=0.3539
train epoch 199/200 batch 65/66 (98%) running_loss=0.3534
train epoch 199/200 batch 66/66 (100%) running_loss=0.3532
epoch 199/200 done: train_loss=0.3532 val_loss=0.2181 val_accuracy=0.9508 val_macro_f1=0.9315 val_macro_auc=0.9879 (checkpoint_metric=macro_auc)
train epoch 200/200 batch 13/66 (20%) running_loss=0.3574
train epoch 200/200 batch 26/66 (39%) running_loss=0.3546
train epoch 200/200 batch 39/66 (59%) running_loss=0.3583
train epoch 200/200 batch 52/66 (79%) running_loss=0.3538
train epoch 200/200 batch 65/66 (98%) running_loss=0.3503
train epoch 200/200 batch 66/66 (100%) running_loss=0.3500
epoch 200/200 done: train_loss=0.3500 val_loss=0.2183 val_accuracy=0.9488 val_macro_f1=0.9287 val_macro_auc=0.9878 (checkpoint_metric=macro_auc)
Training finished. Best epoch=170, smoothed macro_auc=0.9906 (window=3)
Test set evaluated once: accuracy=0.9114 macro_f1=0.8985 macro_auc=0.9755
Best epoch: 170

======================================================================
DONE
======================================================================
Test accuracy:  0.9114
Test macro F1:  0.8985
Test macro AUC: 0.9755
Full results in: outputs/main1
