2026-09-24 04:27:30,843 INFO Starting final training on device=cuda, amp=True, physical_batch_size=32, accumulation_steps=1, effective_batch_size=32
2026-09-24 04:27:30,844 INFO Augmentation policy: constant strength (rank-averaged), from outputs/main1/augmentation_run/selected_policy.json
2026-09-24 04:27:31,299 INFO Classes: {'glioma_tumor': 0, 'meningioma_tumor': 1, 'pituitary_tumor': 2}
2026-09-24 04:27:31,299 INFO Regularization: weight_decay=7.0e-04 classifier_dropout=0.30 label_smoothing=0.10 drop_path=0.20
2026-09-24 04:27:31,300 INFO Magnitude bounds from configs/bounds_mid.json: {'rotation': [0.0, 30.0], 'affine_translation': [0.0, 0.13], 'random_resized_crop': [0.0, 0.25]}
2026-09-24 04:27:31,308 INFO Constant strengths: {'rotation': 0.0675, 'affine_translation': 0.2256, 'random_resized_crop': 0.516, 'brightness': 0.4195, 'contrast': 0.123, 'horizontal_flip': 0.5366, 'random_erasing': 0.1828}
2026-09-24 04:27:36,602 INFO train epoch 1/200 batch 13/66 (20%) running_loss=1.1196
2026-09-24 04:27:40,171 INFO train epoch 1/200 batch 26/66 (39%) running_loss=1.1407
2026-09-24 04:27:43,743 INFO train epoch 1/200 batch 39/66 (59%) running_loss=1.1480
2026-09-24 04:27:47,324 INFO train epoch 1/200 batch 52/66 (79%) running_loss=1.1462
2026-09-24 04:27:50,910 INFO train epoch 1/200 batch 65/66 (98%) running_loss=1.1495
2026-09-24 04:27:51,288 INFO train epoch 1/200 batch 66/66 (100%) running_loss=1.1510
2026-09-24 04:27:54,031 INFO epoch 1/200 done: train_loss=1.1510 val_loss=1.0045 val_accuracy=0.5061 val_macro_f1=0.2240 val_macro_auc=0.7437 (checkpoint_metric=macro_auc) [new best]
2026-09-24 04:27:58,152 INFO train epoch 2/200 batch 13/66 (20%) running_loss=1.1089
2026-09-24 04:28:01,771 INFO train epoch 2/200 batch 26/66 (39%) running_loss=1.1200
2026-09-24 04:28:05,366 INFO train epoch 2/200 batch 39/66 (59%) running_loss=1.1414
2026-09-24 04:28:08,990 INFO train epoch 2/200 batch 52/66 (79%) running_loss=1.1279
2026-09-24 04:28:12,591 INFO train epoch 2/200 batch 65/66 (98%) running_loss=1.1092
2026-09-24 04:28:12,819 INFO train epoch 2/200 batch 66/66 (100%) running_loss=1.1072
2026-09-24 04:28:15,441 INFO epoch 2/200 done: train_loss=1.1072 val_loss=0.8894 val_accuracy=0.6762 val_macro_f1=0.4817 val_macro_auc=0.7553 (checkpoint_metric=macro_auc) [new best]
2026-09-24 04:28:19,514 INFO train epoch 3/200 batch 13/66 (20%) running_loss=1.0065
2026-09-24 04:28:23,123 INFO train epoch 3/200 batch 26/66 (39%) running_loss=1.0049
2026-09-24 04:28:26,727 INFO train epoch 3/200 batch 39/66 (59%) running_loss=0.9935
2026-09-24 04:28:30,324 INFO train epoch 3/200 batch 52/66 (79%) running_loss=0.9839
2026-09-24 04:28:33,925 INFO train epoch 3/200 batch 65/66 (98%) running_loss=0.9937
2026-09-24 04:28:34,155 INFO train epoch 3/200 batch 66/66 (100%) running_loss=0.9933
2026-09-24 04:28:36,777 INFO epoch 3/200 done: train_loss=0.9933 val_loss=0.9071 val_accuracy=0.6660 val_macro_f1=0.4629 val_macro_auc=0.7751 (checkpoint_metric=macro_auc) [new best]
2026-09-24 04:28:40,982 INFO train epoch 4/200 batch 13/66 (20%) running_loss=0.9879
2026-09-24 04:28:44,580 INFO train epoch 4/200 batch 26/66 (39%) running_loss=1.0158
2026-09-24 04:28:48,146 INFO train epoch 4/200 batch 39/66 (59%) running_loss=1.0071
2026-09-24 04:28:51,726 INFO train epoch 4/200 batch 52/66 (79%) running_loss=1.0030
2026-09-24 04:28:55,298 INFO train epoch 4/200 batch 65/66 (98%) running_loss=0.9955
2026-09-24 04:28:55,525 INFO train epoch 4/200 batch 66/66 (100%) running_loss=0.9959
2026-09-24 04:28:58,181 INFO epoch 4/200 done: train_loss=0.9959 val_loss=0.8373 val_accuracy=0.6803 val_macro_f1=0.4830 val_macro_auc=0.7655 (checkpoint_metric=macro_auc) [new best]
2026-09-24 04:29:02,251 INFO train epoch 5/200 batch 13/66 (20%) running_loss=0.9494
2026-09-24 04:29:05,838 INFO train epoch 5/200 batch 26/66 (39%) running_loss=0.9346
2026-09-24 04:29:09,417 INFO train epoch 5/200 batch 39/66 (59%) running_loss=0.9457
2026-09-24 04:29:13,003 INFO train epoch 5/200 batch 52/66 (79%) running_loss=0.9417
2026-09-24 04:29:16,581 INFO train epoch 5/200 batch 65/66 (98%) running_loss=0.9357
2026-09-24 04:29:16,809 INFO train epoch 5/200 batch 66/66 (100%) running_loss=0.9375
2026-09-24 04:29:19,419 INFO epoch 5/200 done: train_loss=0.9375 val_loss=0.7999 val_accuracy=0.6824 val_macro_f1=0.4881 val_macro_auc=0.7948 (checkpoint_metric=macro_auc) [new best]
2026-09-24 04:29:23,496 INFO train epoch 6/200 batch 13/66 (20%) running_loss=0.9071
2026-09-24 04:29:27,089 INFO train epoch 6/200 batch 26/66 (39%) running_loss=0.9058
2026-09-24 04:29:30,683 INFO train epoch 6/200 batch 39/66 (59%) running_loss=0.9140
2026-09-24 04:29:34,287 INFO train epoch 6/200 batch 52/66 (79%) running_loss=0.9155
2026-09-24 04:29:37,899 INFO train epoch 6/200 batch 65/66 (98%) running_loss=0.9133
2026-09-24 04:29:38,127 INFO train epoch 6/200 batch 66/66 (100%) running_loss=0.9144
2026-09-24 04:29:40,862 INFO epoch 6/200 done: train_loss=0.9144 val_loss=0.7784 val_accuracy=0.7049 val_macro_f1=0.5059 val_macro_auc=0.7891 (checkpoint_metric=macro_auc) [new best]
2026-09-24 04:29:44,951 INFO train epoch 7/200 batch 13/66 (20%) running_loss=0.9366
2026-09-24 04:29:48,535 INFO train epoch 7/200 batch 26/66 (39%) running_loss=0.9025
2026-09-24 04:29:52,122 INFO train epoch 7/200 batch 39/66 (59%) running_loss=0.8970
2026-09-24 04:29:55,727 INFO train epoch 7/200 batch 52/66 (79%) running_loss=0.9004
2026-09-24 04:29:59,301 INFO train epoch 7/200 batch 65/66 (98%) running_loss=0.8969
2026-09-24 04:29:59,526 INFO train epoch 7/200 batch 66/66 (100%) running_loss=0.8958
2026-09-24 04:30:02,137 INFO epoch 7/200 done: train_loss=0.8958 val_loss=0.7008 val_accuracy=0.7152 val_macro_f1=0.5151 val_macro_auc=0.8012 (checkpoint_metric=macro_auc) [new best]
2026-09-24 04:30:06,266 INFO train epoch 8/200 batch 13/66 (20%) running_loss=0.8430
2026-09-24 04:30:09,865 INFO train epoch 8/200 batch 26/66 (39%) running_loss=0.8680
2026-09-24 04:30:13,436 INFO train epoch 8/200 batch 39/66 (59%) running_loss=0.8707
2026-09-24 04:30:17,016 INFO train epoch 8/200 batch 52/66 (79%) running_loss=0.8714
2026-09-24 04:30:20,598 INFO train epoch 8/200 batch 65/66 (98%) running_loss=0.8762
2026-09-24 04:30:20,823 INFO train epoch 8/200 batch 66/66 (100%) running_loss=0.8767
2026-09-24 04:30:23,309 INFO epoch 8/200 done: train_loss=0.8767 val_loss=0.6839 val_accuracy=0.7131 val_macro_f1=0.5147 val_macro_auc=0.7904 (checkpoint_metric=macro_auc)
2026-09-24 04:30:27,341 INFO train epoch 9/200 batch 13/66 (20%) running_loss=0.8574
2026-09-24 04:30:30,916 INFO train epoch 9/200 batch 26/66 (39%) running_loss=0.8788
2026-09-24 04:30:34,512 INFO train epoch 9/200 batch 39/66 (59%) running_loss=0.8805
2026-09-24 04:30:38,095 INFO train epoch 9/200 batch 52/66 (79%) running_loss=0.8723
2026-09-24 04:30:41,680 INFO train epoch 9/200 batch 65/66 (98%) running_loss=0.8682
2026-09-24 04:30:41,906 INFO train epoch 9/200 batch 66/66 (100%) running_loss=0.8681
2026-09-24 04:30:44,493 INFO epoch 9/200 done: train_loss=0.8681 val_loss=0.6987 val_accuracy=0.7336 val_macro_f1=0.5301 val_macro_auc=0.8117 (checkpoint_metric=macro_auc) [new best]
2026-09-24 04:30:48,741 INFO train epoch 10/200 batch 13/66 (20%) running_loss=0.8797
2026-09-24 04:30:52,330 INFO train epoch 10/200 batch 26/66 (39%) running_loss=0.8602
2026-09-24 04:30:55,898 INFO train epoch 10/200 batch 39/66 (59%) running_loss=0.8518
2026-09-24 04:30:59,493 INFO train epoch 10/200 batch 52/66 (79%) running_loss=0.8495
2026-09-24 04:31:03,070 INFO train epoch 10/200 batch 65/66 (98%) running_loss=0.8442
2026-09-24 04:31:03,294 INFO train epoch 10/200 batch 66/66 (100%) running_loss=0.8447
2026-09-24 04:31:05,922 INFO epoch 10/200 done: train_loss=0.8447 val_loss=0.8374 val_accuracy=0.7090 val_macro_f1=0.5038 val_macro_auc=0.8018 (checkpoint_metric=macro_auc) [new best]
2026-09-24 04:31:10,000 INFO train epoch 11/200 batch 13/66 (20%) running_loss=0.8426
2026-09-24 04:31:13,576 INFO train epoch 11/200 batch 26/66 (39%) running_loss=0.8431
2026-09-24 04:31:17,159 INFO train epoch 11/200 batch 39/66 (59%) running_loss=0.8438
2026-09-24 04:31:20,739 INFO train epoch 11/200 batch 52/66 (79%) running_loss=0.8350
2026-09-24 04:31:24,323 INFO train epoch 11/200 batch 65/66 (98%) running_loss=0.8332
2026-09-24 04:31:24,548 INFO train epoch 11/200 batch 66/66 (100%) running_loss=0.8339
2026-09-24 04:31:27,170 INFO epoch 11/200 done: train_loss=0.8339 val_loss=0.7228 val_accuracy=0.7029 val_macro_f1=0.5052 val_macro_auc=0.7967 (checkpoint_metric=macro_auc) [new best]
2026-09-24 04:31:31,278 INFO train epoch 12/200 batch 13/66 (20%) running_loss=0.8347
2026-09-24 04:31:34,884 INFO train epoch 12/200 batch 26/66 (39%) running_loss=0.8322
2026-09-24 04:31:38,658 INFO train epoch 12/200 batch 39/66 (59%) running_loss=0.8374
2026-09-24 04:31:42,264 INFO train epoch 12/200 batch 52/66 (79%) running_loss=0.8381
2026-09-24 04:31:45,858 INFO train epoch 12/200 batch 65/66 (98%) running_loss=0.8430
2026-09-24 04:31:46,087 INFO train epoch 12/200 batch 66/66 (100%) running_loss=0.8438
2026-09-24 04:31:48,688 INFO epoch 12/200 done: train_loss=0.8438 val_loss=0.7616 val_accuracy=0.7439 val_macro_f1=0.5361 val_macro_auc=0.8372 (checkpoint_metric=macro_auc) [new best]
2026-09-24 04:31:52,776 INFO train epoch 13/200 batch 13/66 (20%) running_loss=0.8449
2026-09-24 04:31:56,360 INFO train epoch 13/200 batch 26/66 (39%) running_loss=0.8381
2026-09-24 04:31:59,945 INFO train epoch 13/200 batch 39/66 (59%) running_loss=0.8281
2026-09-24 04:32:03,532 INFO train epoch 13/200 batch 52/66 (79%) running_loss=0.8240
2026-09-24 04:32:07,109 INFO train epoch 13/200 batch 65/66 (98%) running_loss=0.8282
2026-09-24 04:32:07,336 INFO train epoch 13/200 batch 66/66 (100%) running_loss=0.8280
2026-09-24 04:32:09,934 INFO epoch 13/200 done: train_loss=0.8280 val_loss=0.7007 val_accuracy=0.7602 val_macro_f1=0.5508 val_macro_auc=0.8198 (checkpoint_metric=macro_auc) [new best]
2026-09-24 04:32:14,030 INFO train epoch 14/200 batch 13/66 (20%) running_loss=0.7941
2026-09-24 04:32:17,630 INFO train epoch 14/200 batch 26/66 (39%) running_loss=0.8125
2026-09-24 04:32:21,203 INFO train epoch 14/200 batch 39/66 (59%) running_loss=0.8121
2026-09-24 04:32:24,819 INFO train epoch 14/200 batch 52/66 (79%) running_loss=0.8235
2026-09-24 04:32:28,391 INFO train epoch 14/200 batch 65/66 (98%) running_loss=0.8172
2026-09-24 04:32:28,616 INFO train epoch 14/200 batch 66/66 (100%) running_loss=0.8167
2026-09-24 04:32:31,257 INFO epoch 14/200 done: train_loss=0.8167 val_loss=0.6053 val_accuracy=0.7848 val_macro_f1=0.5705 val_macro_auc=0.8590 (checkpoint_metric=macro_auc) [new best]
2026-09-24 04:32:35,321 INFO train epoch 15/200 batch 13/66 (20%) running_loss=0.8008
2026-09-24 04:32:38,910 INFO train epoch 15/200 batch 26/66 (39%) running_loss=0.8134
2026-09-24 04:32:42,627 INFO train epoch 15/200 batch 39/66 (59%) running_loss=0.8105
2026-09-24 04:32:46,224 INFO train epoch 15/200 batch 52/66 (79%) running_loss=0.8151
2026-09-24 04:32:49,805 INFO train epoch 15/200 batch 65/66 (98%) running_loss=0.8134
2026-09-24 04:32:50,032 INFO train epoch 15/200 batch 66/66 (100%) running_loss=0.8137
2026-09-24 04:32:52,643 INFO epoch 15/200 done: train_loss=0.8137 val_loss=0.5957 val_accuracy=0.7930 val_macro_f1=0.5766 val_macro_auc=0.8694 (checkpoint_metric=macro_auc) [new best]
2026-09-24 04:32:56,714 INFO train epoch 16/200 batch 13/66 (20%) running_loss=0.8143
2026-09-24 04:33:00,285 INFO train epoch 16/200 batch 26/66 (39%) running_loss=0.8162
2026-09-24 04:33:03,855 INFO train epoch 16/200 batch 39/66 (59%) running_loss=0.8120
2026-09-24 04:33:07,436 INFO train epoch 16/200 batch 52/66 (79%) running_loss=0.8024
2026-09-24 04:33:11,023 INFO train epoch 16/200 batch 65/66 (98%) running_loss=0.7935
2026-09-24 04:33:11,251 INFO train epoch 16/200 batch 66/66 (100%) running_loss=0.7930
2026-09-24 04:33:13,862 INFO epoch 16/200 done: train_loss=0.7930 val_loss=0.5841 val_accuracy=0.7807 val_macro_f1=0.6559 val_macro_auc=0.8901 (checkpoint_metric=macro_auc) [new best]
2026-09-24 04:33:17,975 INFO train epoch 17/200 batch 13/66 (20%) running_loss=0.8369
2026-09-24 04:33:21,560 INFO train epoch 17/200 batch 26/66 (39%) running_loss=0.8216
2026-09-24 04:33:25,140 INFO train epoch 17/200 batch 39/66 (59%) running_loss=0.8055
2026-09-24 04:33:28,726 INFO train epoch 17/200 batch 52/66 (79%) running_loss=0.8066
2026-09-24 04:33:32,309 INFO train epoch 17/200 batch 65/66 (98%) running_loss=0.8063
2026-09-24 04:33:32,535 INFO train epoch 17/200 batch 66/66 (100%) running_loss=0.8067
2026-09-24 04:33:35,145 INFO epoch 17/200 done: train_loss=0.8067 val_loss=0.6144 val_accuracy=0.7848 val_macro_f1=0.6042 val_macro_auc=0.8759 (checkpoint_metric=macro_auc) [new best]
2026-09-24 04:33:39,180 INFO train epoch 18/200 batch 13/66 (20%) running_loss=0.7535
2026-09-24 04:33:42,761 INFO train epoch 18/200 batch 26/66 (39%) running_loss=0.7903
2026-09-24 04:33:46,353 INFO train epoch 18/200 batch 39/66 (59%) running_loss=0.7937
2026-09-24 04:33:49,946 INFO train epoch 18/200 batch 52/66 (79%) running_loss=0.7847
2026-09-24 04:33:53,623 INFO train epoch 18/200 batch 65/66 (98%) running_loss=0.7831
2026-09-24 04:33:53,850 INFO train epoch 18/200 batch 66/66 (100%) running_loss=0.7829
2026-09-24 04:33:56,464 INFO epoch 18/200 done: train_loss=0.7829 val_loss=0.5800 val_accuracy=0.7807 val_macro_f1=0.6282 val_macro_auc=0.9418 (checkpoint_metric=macro_auc) [new best]
2026-09-24 04:34:00,534 INFO train epoch 19/200 batch 13/66 (20%) running_loss=0.7914
2026-09-24 04:34:04,121 INFO train epoch 19/200 batch 26/66 (39%) running_loss=0.8039
2026-09-24 04:34:07,708 INFO train epoch 19/200 batch 39/66 (59%) running_loss=0.7857
2026-09-24 04:34:11,336 INFO train epoch 19/200 batch 52/66 (79%) running_loss=0.7845
2026-09-24 04:34:14,934 INFO train epoch 19/200 batch 65/66 (98%) running_loss=0.7865
2026-09-24 04:34:15,165 INFO train epoch 19/200 batch 66/66 (100%) running_loss=0.7858
2026-09-24 04:34:17,793 INFO epoch 19/200 done: train_loss=0.7858 val_loss=0.8861 val_accuracy=0.6721 val_macro_f1=0.4838 val_macro_auc=0.9274 (checkpoint_metric=macro_auc) [new best]
2026-09-24 04:34:21,854 INFO train epoch 20/200 batch 13/66 (20%) running_loss=0.7935
2026-09-24 04:34:25,445 INFO train epoch 20/200 batch 26/66 (39%) running_loss=0.7782
2026-09-24 04:34:29,045 INFO train epoch 20/200 batch 39/66 (59%) running_loss=0.7674
2026-09-24 04:34:32,635 INFO train epoch 20/200 batch 52/66 (79%) running_loss=0.7666
2026-09-24 04:34:36,235 INFO train epoch 20/200 batch 65/66 (98%) running_loss=0.7671
2026-09-24 04:34:36,464 INFO train epoch 20/200 batch 66/66 (100%) running_loss=0.7661
2026-09-24 04:34:39,396 INFO epoch 20/200 done: train_loss=0.7661 val_loss=0.6369 val_accuracy=0.8156 val_macro_f1=0.7603 val_macro_auc=0.9501 (checkpoint_metric=macro_auc) [new best]
2026-09-24 04:34:43,517 INFO train epoch 21/200 batch 13/66 (20%) running_loss=0.7766
2026-09-24 04:34:47,124 INFO train epoch 21/200 batch 26/66 (39%) running_loss=0.7426
2026-09-24 04:34:50,719 INFO train epoch 21/200 batch 39/66 (59%) running_loss=0.7423
2026-09-24 04:34:54,327 INFO train epoch 21/200 batch 52/66 (79%) running_loss=0.7418
2026-09-24 04:34:57,900 INFO train epoch 21/200 batch 65/66 (98%) running_loss=0.7439
2026-09-24 04:34:58,126 INFO train epoch 21/200 batch 66/66 (100%) running_loss=0.7438
2026-09-24 04:35:00,636 INFO epoch 21/200 done: train_loss=0.7438 val_loss=0.7649 val_accuracy=0.6885 val_macro_f1=0.5767 val_macro_auc=0.9360 (checkpoint_metric=macro_auc)
2026-09-24 04:35:04,714 INFO train epoch 22/200 batch 13/66 (20%) running_loss=0.7057
2026-09-24 04:35:08,297 INFO train epoch 22/200 batch 26/66 (39%) running_loss=0.7198
2026-09-24 04:35:11,879 INFO train epoch 22/200 batch 39/66 (59%) running_loss=0.7312
2026-09-24 04:35:15,465 INFO train epoch 22/200 batch 52/66 (79%) running_loss=0.7401
2026-09-24 04:35:19,043 INFO train epoch 22/200 batch 65/66 (98%) running_loss=0.7478
2026-09-24 04:35:19,269 INFO train epoch 22/200 batch 66/66 (100%) running_loss=0.7472
2026-09-24 04:35:21,755 INFO epoch 22/200 done: train_loss=0.7472 val_loss=0.7634 val_accuracy=0.5082 val_macro_f1=0.4726 val_macro_auc=0.8786 (checkpoint_metric=macro_auc)
2026-09-24 04:35:25,829 INFO train epoch 23/200 batch 13/66 (20%) running_loss=0.7196
2026-09-24 04:35:29,424 INFO train epoch 23/200 batch 26/66 (39%) running_loss=0.7562
2026-09-24 04:35:33,012 INFO train epoch 23/200 batch 39/66 (59%) running_loss=0.7655
2026-09-24 04:35:36,599 INFO train epoch 23/200 batch 52/66 (79%) running_loss=0.7582
2026-09-24 04:35:40,194 INFO train epoch 23/200 batch 65/66 (98%) running_loss=0.7528
2026-09-24 04:35:40,421 INFO train epoch 23/200 batch 66/66 (100%) running_loss=0.7530
2026-09-24 04:35:42,918 INFO epoch 23/200 done: train_loss=0.7530 val_loss=0.6246 val_accuracy=0.7418 val_macro_f1=0.6991 val_macro_auc=0.9208 (checkpoint_metric=macro_auc)
2026-09-24 04:35:47,198 INFO train epoch 24/200 batch 13/66 (20%) running_loss=0.7570
2026-09-24 04:35:50,776 INFO train epoch 24/200 batch 26/66 (39%) running_loss=0.7379
2026-09-24 04:35:54,422 INFO train epoch 24/200 batch 39/66 (59%) running_loss=0.7340
2026-09-24 04:35:57,996 INFO train epoch 24/200 batch 52/66 (79%) running_loss=0.7326
2026-09-24 04:36:01,588 INFO train epoch 24/200 batch 65/66 (98%) running_loss=0.7321
2026-09-24 04:36:01,817 INFO train epoch 24/200 batch 66/66 (100%) running_loss=0.7312
2026-09-24 04:36:04,319 INFO epoch 24/200 done: train_loss=0.7312 val_loss=0.6171 val_accuracy=0.7766 val_macro_f1=0.7538 val_macro_auc=0.9504 (checkpoint_metric=macro_auc)
2026-09-24 04:36:08,414 INFO train epoch 25/200 batch 13/66 (20%) running_loss=0.6990
2026-09-24 04:36:11,999 INFO train epoch 25/200 batch 26/66 (39%) running_loss=0.7151
2026-09-24 04:36:15,575 INFO train epoch 25/200 batch 39/66 (59%) running_loss=0.7220
2026-09-24 04:36:19,204 INFO train epoch 25/200 batch 52/66 (79%) running_loss=0.7220
2026-09-24 04:36:22,791 INFO train epoch 25/200 batch 65/66 (98%) running_loss=0.7266
2026-09-24 04:36:23,018 INFO train epoch 25/200 batch 66/66 (100%) running_loss=0.7260
2026-09-24 04:36:25,624 INFO epoch 25/200 done: train_loss=0.7260 val_loss=0.4929 val_accuracy=0.8443 val_macro_f1=0.7870 val_macro_auc=0.9572 (checkpoint_metric=macro_auc) [new best]
2026-09-24 04:36:29,705 INFO train epoch 26/200 batch 13/66 (20%) running_loss=0.7394
2026-09-24 04:36:33,289 INFO train epoch 26/200 batch 26/66 (39%) running_loss=0.7128
2026-09-24 04:36:36,870 INFO train epoch 26/200 batch 39/66 (59%) running_loss=0.7385
2026-09-24 04:36:40,470 INFO train epoch 26/200 batch 52/66 (79%) running_loss=0.7416
2026-09-24 04:36:44,045 INFO train epoch 26/200 batch 65/66 (98%) running_loss=0.7309
2026-09-24 04:36:44,272 INFO train epoch 26/200 batch 66/66 (100%) running_loss=0.7309
2026-09-24 04:36:47,033 INFO epoch 26/200 done: train_loss=0.7309 val_loss=0.4679 val_accuracy=0.8648 val_macro_f1=0.8294 val_macro_auc=0.9694 (checkpoint_metric=macro_auc) [new best]
2026-09-24 04:36:51,053 INFO train epoch 27/200 batch 13/66 (20%) running_loss=0.7627
2026-09-24 04:36:54,636 INFO train epoch 27/200 batch 26/66 (39%) running_loss=0.7529
2026-09-24 04:36:58,233 INFO train epoch 27/200 batch 39/66 (59%) running_loss=0.7397
2026-09-24 04:37:01,817 INFO train epoch 27/200 batch 52/66 (79%) running_loss=0.7289
2026-09-24 04:37:05,400 INFO train epoch 27/200 batch 65/66 (98%) running_loss=0.7229
2026-09-24 04:37:05,626 INFO train epoch 27/200 batch 66/66 (100%) running_loss=0.7209
2026-09-24 04:37:08,246 INFO epoch 27/200 done: train_loss=0.7209 val_loss=0.5327 val_accuracy=0.8012 val_macro_f1=0.7774 val_macro_auc=0.9649 (checkpoint_metric=macro_auc) [new best]
2026-09-24 04:37:12,342 INFO train epoch 28/200 batch 13/66 (20%) running_loss=0.7021
2026-09-24 04:37:15,927 INFO train epoch 28/200 batch 26/66 (39%) running_loss=0.6985
2026-09-24 04:37:19,519 INFO train epoch 28/200 batch 39/66 (59%) running_loss=0.7069
2026-09-24 04:37:23,107 INFO train epoch 28/200 batch 52/66 (79%) running_loss=0.7153
2026-09-24 04:37:26,691 INFO train epoch 28/200 batch 65/66 (98%) running_loss=0.7195
2026-09-24 04:37:26,918 INFO train epoch 28/200 batch 66/66 (100%) running_loss=0.7172
2026-09-24 04:37:29,552 INFO epoch 28/200 done: train_loss=0.7172 val_loss=0.4322 val_accuracy=0.8484 val_macro_f1=0.8013 val_macro_auc=0.9702 (checkpoint_metric=macro_auc) [new best]
2026-09-24 04:37:33,799 INFO train epoch 29/200 batch 13/66 (20%) running_loss=0.6850
2026-09-24 04:37:37,409 INFO train epoch 29/200 batch 26/66 (39%) running_loss=0.6890
2026-09-24 04:37:41,024 INFO train epoch 29/200 batch 39/66 (59%) running_loss=0.6883
2026-09-24 04:37:44,599 INFO train epoch 29/200 batch 52/66 (79%) running_loss=0.6862
2026-09-24 04:37:48,173 INFO train epoch 29/200 batch 65/66 (98%) running_loss=0.6828
2026-09-24 04:37:48,401 INFO train epoch 29/200 batch 66/66 (100%) running_loss=0.6829
2026-09-24 04:37:51,047 INFO epoch 29/200 done: train_loss=0.6829 val_loss=0.5470 val_accuracy=0.7602 val_macro_f1=0.7326 val_macro_auc=0.9762 (checkpoint_metric=macro_auc) [new best]
2026-09-24 04:37:55,150 INFO train epoch 30/200 batch 13/66 (20%) running_loss=0.7099
2026-09-24 04:37:58,732 INFO train epoch 30/200 batch 26/66 (39%) running_loss=0.7073
2026-09-24 04:38:02,324 INFO train epoch 30/200 batch 39/66 (59%) running_loss=0.7167
2026-09-24 04:38:05,920 INFO train epoch 30/200 batch 52/66 (79%) running_loss=0.7223
2026-09-24 04:38:09,506 INFO train epoch 30/200 batch 65/66 (98%) running_loss=0.7089
2026-09-24 04:38:09,733 INFO train epoch 30/200 batch 66/66 (100%) running_loss=0.7078
2026-09-24 04:38:12,355 INFO epoch 30/200 done: train_loss=0.7078 val_loss=0.5090 val_accuracy=0.7828 val_macro_f1=0.7623 val_macro_auc=0.9681 (checkpoint_metric=macro_auc) [new best]
2026-09-24 04:38:16,470 INFO train epoch 31/200 batch 13/66 (20%) running_loss=0.7000
2026-09-24 04:38:20,083 INFO train epoch 31/200 batch 26/66 (39%) running_loss=0.7094
2026-09-24 04:38:23,658 INFO train epoch 31/200 batch 39/66 (59%) running_loss=0.7082
2026-09-24 04:38:27,248 INFO train epoch 31/200 batch 52/66 (79%) running_loss=0.6968
2026-09-24 04:38:30,833 INFO train epoch 31/200 batch 65/66 (98%) running_loss=0.6889
2026-09-24 04:38:31,061 INFO train epoch 31/200 batch 66/66 (100%) running_loss=0.6884
2026-09-24 04:38:33,564 INFO epoch 31/200 done: train_loss=0.6884 val_loss=0.6753 val_accuracy=0.7029 val_macro_f1=0.6599 val_macro_auc=0.9251 (checkpoint_metric=macro_auc)
2026-09-24 04:38:37,653 INFO train epoch 32/200 batch 13/66 (20%) running_loss=0.6504
2026-09-24 04:38:41,350 INFO train epoch 32/200 batch 26/66 (39%) running_loss=0.6679
2026-09-24 04:38:44,932 INFO train epoch 32/200 batch 39/66 (59%) running_loss=0.6903
2026-09-24 04:38:48,535 INFO train epoch 32/200 batch 52/66 (79%) running_loss=0.6977
2026-09-24 04:38:52,123 INFO train epoch 32/200 batch 65/66 (98%) running_loss=0.7092
2026-09-24 04:38:52,348 INFO train epoch 32/200 batch 66/66 (100%) running_loss=0.7080
2026-09-24 04:38:54,837 INFO epoch 32/200 done: train_loss=0.7080 val_loss=0.7645 val_accuracy=0.6475 val_macro_f1=0.4700 val_macro_auc=0.8990 (checkpoint_metric=macro_auc)
2026-09-24 04:38:58,903 INFO train epoch 33/200 batch 13/66 (20%) running_loss=0.6941
2026-09-24 04:39:02,472 INFO train epoch 33/200 batch 26/66 (39%) running_loss=0.6626
2026-09-24 04:39:06,062 INFO train epoch 33/200 batch 39/66 (59%) running_loss=0.6834
2026-09-24 04:39:09,675 INFO train epoch 33/200 batch 52/66 (79%) running_loss=0.6877
2026-09-24 04:39:13,268 INFO train epoch 33/200 batch 65/66 (98%) running_loss=0.6853
2026-09-24 04:39:13,492 INFO train epoch 33/200 batch 66/66 (100%) running_loss=0.6850
2026-09-24 04:39:15,988 INFO epoch 33/200 done: train_loss=0.6850 val_loss=0.5024 val_accuracy=0.7889 val_macro_f1=0.7682 val_macro_auc=0.9757 (checkpoint_metric=macro_auc)
2026-09-24 04:39:20,063 INFO train epoch 34/200 batch 13/66 (20%) running_loss=0.6714
2026-09-24 04:39:23,672 INFO train epoch 34/200 batch 26/66 (39%) running_loss=0.6751
2026-09-24 04:39:27,269 INFO train epoch 34/200 batch 39/66 (59%) running_loss=0.6740
2026-09-24 04:39:30,867 INFO train epoch 34/200 batch 52/66 (79%) running_loss=0.6748
2026-09-24 04:39:34,450 INFO train epoch 34/200 batch 65/66 (98%) running_loss=0.6753
2026-09-24 04:39:34,677 INFO train epoch 34/200 batch 66/66 (100%) running_loss=0.6748
2026-09-24 04:39:37,167 INFO epoch 34/200 done: train_loss=0.6748 val_loss=0.5805 val_accuracy=0.7377 val_macro_f1=0.7194 val_macro_auc=0.9539 (checkpoint_metric=macro_auc)
2026-09-24 04:39:41,252 INFO train epoch 35/200 batch 13/66 (20%) running_loss=0.7260
2026-09-24 04:39:44,843 INFO train epoch 35/200 batch 26/66 (39%) running_loss=0.6972
2026-09-24 04:39:48,590 INFO train epoch 35/200 batch 39/66 (59%) running_loss=0.6897
2026-09-24 04:39:52,170 INFO train epoch 35/200 batch 52/66 (79%) running_loss=0.6793
2026-09-24 04:39:55,757 INFO train epoch 35/200 batch 65/66 (98%) running_loss=0.6781
2026-09-24 04:39:55,983 INFO train epoch 35/200 batch 66/66 (100%) running_loss=0.6777
2026-09-24 04:39:58,488 INFO epoch 35/200 done: train_loss=0.6777 val_loss=0.6999 val_accuracy=0.6107 val_macro_f1=0.6198 val_macro_auc=0.9725 (checkpoint_metric=macro_auc)
2026-09-24 04:40:02,568 INFO train epoch 36/200 batch 13/66 (20%) running_loss=0.6454
2026-09-24 04:40:06,155 INFO train epoch 36/200 batch 26/66 (39%) running_loss=0.6814
2026-09-24 04:40:09,726 INFO train epoch 36/200 batch 39/66 (59%) running_loss=0.6891
2026-09-24 04:40:13,319 INFO train epoch 36/200 batch 52/66 (79%) running_loss=0.6721
2026-09-24 04:40:16,923 INFO train epoch 36/200 batch 65/66 (98%) running_loss=0.6704
2026-09-24 04:40:17,151 INFO train epoch 36/200 batch 66/66 (100%) running_loss=0.6708
2026-09-24 04:40:19,638 INFO epoch 36/200 done: train_loss=0.6708 val_loss=0.6142 val_accuracy=0.6988 val_macro_f1=0.6945 val_macro_auc=0.9754 (checkpoint_metric=macro_auc)
2026-09-24 04:40:23,740 INFO train epoch 37/200 batch 13/66 (20%) running_loss=0.6528
2026-09-24 04:40:27,336 INFO train epoch 37/200 batch 26/66 (39%) running_loss=0.6617
2026-09-24 04:40:30,929 INFO train epoch 37/200 batch 39/66 (59%) running_loss=0.6528
2026-09-24 04:40:34,513 INFO train epoch 37/200 batch 52/66 (79%) running_loss=0.6540
2026-09-24 04:40:38,086 INFO train epoch 37/200 batch 65/66 (98%) running_loss=0.6627
2026-09-24 04:40:38,312 INFO train epoch 37/200 batch 66/66 (100%) running_loss=0.6624
2026-09-24 04:40:40,815 INFO epoch 37/200 done: train_loss=0.6624 val_loss=0.6411 val_accuracy=0.6660 val_macro_f1=0.6492 val_macro_auc=0.9507 (checkpoint_metric=macro_auc)
2026-09-24 04:40:44,902 INFO train epoch 38/200 batch 13/66 (20%) running_loss=0.6318
2026-09-24 04:40:48,470 INFO train epoch 38/200 batch 26/66 (39%) running_loss=0.6563
2026-09-24 04:40:52,046 INFO train epoch 38/200 batch 39/66 (59%) running_loss=0.6520
2026-09-24 04:40:55,718 INFO train epoch 38/200 batch 52/66 (79%) running_loss=0.6625
2026-09-24 04:40:59,292 INFO train epoch 38/200 batch 65/66 (98%) running_loss=0.6680
2026-09-24 04:40:59,523 INFO train epoch 38/200 batch 66/66 (100%) running_loss=0.6669
2026-09-24 04:41:02,032 INFO epoch 38/200 done: train_loss=0.6669 val_loss=0.4600 val_accuracy=0.8340 val_macro_f1=0.8017 val_macro_auc=0.9767 (checkpoint_metric=macro_auc)
2026-09-24 04:41:06,078 INFO train epoch 39/200 batch 13/66 (20%) running_loss=0.6776
2026-09-24 04:41:09,650 INFO train epoch 39/200 batch 26/66 (39%) running_loss=0.6396
2026-09-24 04:41:13,224 INFO train epoch 39/200 batch 39/66 (59%) running_loss=0.6496
2026-09-24 04:41:16,805 INFO train epoch 39/200 batch 52/66 (79%) running_loss=0.6489
2026-09-24 04:41:20,378 INFO train epoch 39/200 batch 65/66 (98%) running_loss=0.6545
2026-09-24 04:41:20,604 INFO train epoch 39/200 batch 66/66 (100%) running_loss=0.6536
2026-09-24 04:41:23,112 INFO epoch 39/200 done: train_loss=0.6536 val_loss=0.6190 val_accuracy=0.7029 val_macro_f1=0.6961 val_macro_auc=0.9665 (checkpoint_metric=macro_auc)
2026-09-24 04:41:27,193 INFO train epoch 40/200 batch 13/66 (20%) running_loss=0.6417
2026-09-24 04:41:30,771 INFO train epoch 40/200 batch 26/66 (39%) running_loss=0.6582
2026-09-24 04:41:34,356 INFO train epoch 40/200 batch 39/66 (59%) running_loss=0.6667
2026-09-24 04:41:37,946 INFO train epoch 40/200 batch 52/66 (79%) running_loss=0.6624
2026-09-24 04:41:41,541 INFO train epoch 40/200 batch 65/66 (98%) running_loss=0.6630
2026-09-24 04:41:41,768 INFO train epoch 40/200 batch 66/66 (100%) running_loss=0.6640
2026-09-24 04:41:44,376 INFO epoch 40/200 done: train_loss=0.6640 val_loss=0.4413 val_accuracy=0.8361 val_macro_f1=0.8083 val_macro_auc=0.9812 (checkpoint_metric=macro_auc) [new best]
2026-09-24 04:41:48,497 INFO train epoch 41/200 batch 13/66 (20%) running_loss=0.6399
2026-09-24 04:41:52,112 INFO train epoch 41/200 batch 26/66 (39%) running_loss=0.6211
2026-09-24 04:41:55,719 INFO train epoch 41/200 batch 39/66 (59%) running_loss=0.6426
2026-09-24 04:41:59,418 INFO train epoch 41/200 batch 52/66 (79%) running_loss=0.6386
2026-09-24 04:42:03,013 INFO train epoch 41/200 batch 65/66 (98%) running_loss=0.6451
2026-09-24 04:42:03,241 INFO train epoch 41/200 batch 66/66 (100%) running_loss=0.6445
2026-09-24 04:42:05,862 INFO epoch 41/200 done: train_loss=0.6445 val_loss=0.5075 val_accuracy=0.7807 val_macro_f1=0.7582 val_macro_auc=0.9848 (checkpoint_metric=macro_auc) [new best]
2026-09-24 04:42:09,945 INFO train epoch 42/200 batch 13/66 (20%) running_loss=0.6041
2026-09-24 04:42:13,525 INFO train epoch 42/200 batch 26/66 (39%) running_loss=0.5875
2026-09-24 04:42:17,105 INFO train epoch 42/200 batch 39/66 (59%) running_loss=0.6173
2026-09-24 04:42:20,701 INFO train epoch 42/200 batch 52/66 (79%) running_loss=0.6291
2026-09-24 04:42:24,293 INFO train epoch 42/200 batch 65/66 (98%) running_loss=0.6307
2026-09-24 04:42:24,521 INFO train epoch 42/200 batch 66/66 (100%) running_loss=0.6314
2026-09-24 04:42:27,122 INFO epoch 42/200 done: train_loss=0.6314 val_loss=0.4437 val_accuracy=0.8217 val_macro_f1=0.7984 val_macro_auc=0.9776 (checkpoint_metric=macro_auc) [new best]
2026-09-24 04:42:31,200 INFO train epoch 43/200 batch 13/66 (20%) running_loss=0.6662
2026-09-24 04:42:34,778 INFO train epoch 43/200 batch 26/66 (39%) running_loss=0.6576
2026-09-24 04:42:38,357 INFO train epoch 43/200 batch 39/66 (59%) running_loss=0.6547
2026-09-24 04:42:41,932 INFO train epoch 43/200 batch 52/66 (79%) running_loss=0.6418
2026-09-24 04:42:45,499 INFO train epoch 43/200 batch 65/66 (98%) running_loss=0.6431
2026-09-24 04:42:45,726 INFO train epoch 43/200 batch 66/66 (100%) running_loss=0.6432
2026-09-24 04:42:48,238 INFO epoch 43/200 done: train_loss=0.6432 val_loss=0.5611 val_accuracy=0.7377 val_macro_f1=0.7253 val_macro_auc=0.9791 (checkpoint_metric=macro_auc)
2026-09-24 04:42:52,332 INFO train epoch 44/200 batch 13/66 (20%) running_loss=0.6253
2026-09-24 04:42:55,914 INFO train epoch 44/200 batch 26/66 (39%) running_loss=0.6467
2026-09-24 04:42:59,497 INFO train epoch 44/200 batch 39/66 (59%) running_loss=0.6307
2026-09-24 04:43:03,287 INFO train epoch 44/200 batch 52/66 (79%) running_loss=0.6282
2026-09-24 04:43:06,874 INFO train epoch 44/200 batch 65/66 (98%) running_loss=0.6288
2026-09-24 04:43:07,102 INFO train epoch 44/200 batch 66/66 (100%) running_loss=0.6282
2026-09-24 04:43:09,587 INFO epoch 44/200 done: train_loss=0.6282 val_loss=0.4132 val_accuracy=0.8463 val_macro_f1=0.8099 val_macro_auc=0.9756 (checkpoint_metric=macro_auc)
2026-09-24 04:43:13,686 INFO train epoch 45/200 batch 13/66 (20%) running_loss=0.6324
2026-09-24 04:43:17,272 INFO train epoch 45/200 batch 26/66 (39%) running_loss=0.6300
2026-09-24 04:43:20,879 INFO train epoch 45/200 batch 39/66 (59%) running_loss=0.6319
2026-09-24 04:43:24,489 INFO train epoch 45/200 batch 52/66 (79%) running_loss=0.6296
2026-09-24 04:43:28,078 INFO train epoch 45/200 batch 65/66 (98%) running_loss=0.6247
2026-09-24 04:43:28,307 INFO train epoch 45/200 batch 66/66 (100%) running_loss=0.6241
2026-09-24 04:43:30,813 INFO epoch 45/200 done: train_loss=0.6241 val_loss=0.3815 val_accuracy=0.8627 val_macro_f1=0.8376 val_macro_auc=0.9887 (checkpoint_metric=macro_auc)
2026-09-24 04:43:34,937 INFO train epoch 46/200 batch 13/66 (20%) running_loss=0.6216
2026-09-24 04:43:38,551 INFO train epoch 46/200 batch 26/66 (39%) running_loss=0.6584
2026-09-24 04:43:42,132 INFO train epoch 46/200 batch 39/66 (59%) running_loss=0.6467
2026-09-24 04:43:45,724 INFO train epoch 46/200 batch 52/66 (79%) running_loss=0.6383
2026-09-24 04:43:49,317 INFO train epoch 46/200 batch 65/66 (98%) running_loss=0.6271
2026-09-24 04:43:49,540 INFO train epoch 46/200 batch 66/66 (100%) running_loss=0.6275
2026-09-24 04:43:52,282 INFO epoch 46/200 done: train_loss=0.6275 val_loss=0.3020 val_accuracy=0.9119 val_macro_f1=0.8818 val_macro_auc=0.9877 (checkpoint_metric=macro_auc) [new best]
2026-09-24 04:43:56,340 INFO train epoch 47/200 batch 13/66 (20%) running_loss=0.5890
2026-09-24 04:43:59,941 INFO train epoch 47/200 batch 26/66 (39%) running_loss=0.6103
2026-09-24 04:44:03,551 INFO train epoch 47/200 batch 39/66 (59%) running_loss=0.6108
2026-09-24 04:44:07,149 INFO train epoch 47/200 batch 52/66 (79%) running_loss=0.6030
2026-09-24 04:44:10,745 INFO train epoch 47/200 batch 65/66 (98%) running_loss=0.6126
2026-09-24 04:44:10,970 INFO train epoch 47/200 batch 66/66 (100%) running_loss=0.6125
2026-09-24 04:44:13,576 INFO epoch 47/200 done: train_loss=0.6125 val_loss=0.3221 val_accuracy=0.9180 val_macro_f1=0.8927 val_macro_auc=0.9902 (checkpoint_metric=macro_auc) [new best]
2026-09-24 04:44:17,697 INFO train epoch 48/200 batch 13/66 (20%) running_loss=0.5788
2026-09-24 04:44:21,283 INFO train epoch 48/200 batch 26/66 (39%) running_loss=0.5969
2026-09-24 04:44:24,874 INFO train epoch 48/200 batch 39/66 (59%) running_loss=0.5977
2026-09-24 04:44:28,458 INFO train epoch 48/200 batch 52/66 (79%) running_loss=0.5957
2026-09-24 04:44:32,040 INFO train epoch 48/200 batch 65/66 (98%) running_loss=0.5977
2026-09-24 04:44:32,268 INFO train epoch 48/200 batch 66/66 (100%) running_loss=0.5971
2026-09-24 04:44:34,880 INFO epoch 48/200 done: train_loss=0.5971 val_loss=0.3417 val_accuracy=0.9160 val_macro_f1=0.8873 val_macro_auc=0.9923 (checkpoint_metric=macro_auc) [new best]
2026-09-24 04:44:38,941 INFO train epoch 49/200 batch 13/66 (20%) running_loss=0.5864
2026-09-24 04:44:42,556 INFO train epoch 49/200 batch 26/66 (39%) running_loss=0.5842
2026-09-24 04:44:46,157 INFO train epoch 49/200 batch 39/66 (59%) running_loss=0.5930
2026-09-24 04:44:49,765 INFO train epoch 49/200 batch 52/66 (79%) running_loss=0.6040
2026-09-24 04:44:53,345 INFO train epoch 49/200 batch 65/66 (98%) running_loss=0.6091
2026-09-24 04:44:53,570 INFO train epoch 49/200 batch 66/66 (100%) running_loss=0.6085
2026-09-24 04:44:56,165 INFO epoch 49/200 done: train_loss=0.6085 val_loss=0.4803 val_accuracy=0.8176 val_macro_f1=0.7977 val_macro_auc=0.9888 (checkpoint_metric=macro_auc) [new best]
2026-09-24 04:45:00,259 INFO train epoch 50/200 batch 13/66 (20%) running_loss=0.5628
2026-09-24 04:45:03,830 INFO train epoch 50/200 batch 26/66 (39%) running_loss=0.5811
2026-09-24 04:45:07,424 INFO train epoch 50/200 batch 39/66 (59%) running_loss=0.5928
2026-09-24 04:45:11,131 INFO train epoch 50/200 batch 52/66 (79%) running_loss=0.5890
2026-09-24 04:45:14,709 INFO train epoch 50/200 batch 65/66 (98%) running_loss=0.5943
2026-09-24 04:45:14,937 INFO train epoch 50/200 batch 66/66 (100%) running_loss=0.5942
2026-09-24 04:45:17,424 INFO epoch 50/200 done: train_loss=0.5942 val_loss=0.3144 val_accuracy=0.9385 val_macro_f1=0.9128 val_macro_auc=0.9890 (checkpoint_metric=macro_auc)
2026-09-24 04:45:21,549 INFO train epoch 51/200 batch 13/66 (20%) running_loss=0.5940
2026-09-24 04:45:25,154 INFO train epoch 51/200 batch 26/66 (39%) running_loss=0.6000
2026-09-24 04:45:28,760 INFO train epoch 51/200 batch 39/66 (59%) running_loss=0.5983
2026-09-24 04:45:32,356 INFO train epoch 51/200 batch 52/66 (79%) running_loss=0.5949
2026-09-24 04:45:35,945 INFO train epoch 51/200 batch 65/66 (98%) running_loss=0.6004
2026-09-24 04:45:36,172 INFO train epoch 51/200 batch 66/66 (100%) running_loss=0.6002
2026-09-24 04:45:38,662 INFO epoch 51/200 done: train_loss=0.6002 val_loss=0.7437 val_accuracy=0.6639 val_macro_f1=0.6652 val_macro_auc=0.9702 (checkpoint_metric=macro_auc)
2026-09-24 04:45:42,762 INFO train epoch 52/200 batch 13/66 (20%) running_loss=0.5865
2026-09-24 04:45:46,342 INFO train epoch 52/200 batch 26/66 (39%) running_loss=0.5965
2026-09-24 04:45:49,921 INFO train epoch 52/200 batch 39/66 (59%) running_loss=0.5892
2026-09-24 04:45:53,503 INFO train epoch 52/200 batch 52/66 (79%) running_loss=0.5991
2026-09-24 04:45:57,084 INFO train epoch 52/200 batch 65/66 (98%) running_loss=0.5938
2026-09-24 04:45:57,311 INFO train epoch 52/200 batch 66/66 (100%) running_loss=0.5962
2026-09-24 04:45:59,807 INFO epoch 52/200 done: train_loss=0.5962 val_loss=0.2970 val_accuracy=0.9016 val_macro_f1=0.8775 val_macro_auc=0.9882 (checkpoint_metric=macro_auc)
2026-09-24 04:46:03,904 INFO train epoch 53/200 batch 13/66 (20%) running_loss=0.5848
2026-09-24 04:46:07,489 INFO train epoch 53/200 batch 26/66 (39%) running_loss=0.5835
2026-09-24 04:46:11,075 INFO train epoch 53/200 batch 39/66 (59%) running_loss=0.5859
2026-09-24 04:46:14,660 INFO train epoch 53/200 batch 52/66 (79%) running_loss=0.5848
2026-09-24 04:46:18,240 INFO train epoch 53/200 batch 65/66 (98%) running_loss=0.5935
2026-09-24 04:46:18,469 INFO train epoch 53/200 batch 66/66 (100%) running_loss=0.5945
2026-09-24 04:46:20,965 INFO epoch 53/200 done: train_loss=0.5945 val_loss=0.3121 val_accuracy=0.9057 val_macro_f1=0.8608 val_macro_auc=0.9845 (checkpoint_metric=macro_auc)
2026-09-24 04:46:25,222 INFO train epoch 54/200 batch 13/66 (20%) running_loss=0.6183
2026-09-24 04:46:28,813 INFO train epoch 54/200 batch 26/66 (39%) running_loss=0.5859
2026-09-24 04:46:32,404 INFO train epoch 54/200 batch 39/66 (59%) running_loss=0.5955
2026-09-24 04:46:35,997 INFO train epoch 54/200 batch 52/66 (79%) running_loss=0.5942
2026-09-24 04:46:39,593 INFO train epoch 54/200 batch 65/66 (98%) running_loss=0.5915
2026-09-24 04:46:39,822 INFO train epoch 54/200 batch 66/66 (100%) running_loss=0.5914
2026-09-24 04:46:42,331 INFO epoch 54/200 done: train_loss=0.5914 val_loss=0.2720 val_accuracy=0.9283 val_macro_f1=0.9031 val_macro_auc=0.9914 (checkpoint_metric=macro_auc)
2026-09-24 04:46:46,435 INFO train epoch 55/200 batch 13/66 (20%) running_loss=0.5536
2026-09-24 04:46:50,035 INFO train epoch 55/200 batch 26/66 (39%) running_loss=0.5809
2026-09-24 04:46:53,654 INFO train epoch 55/200 batch 39/66 (59%) running_loss=0.5673
2026-09-24 04:46:57,253 INFO train epoch 55/200 batch 52/66 (79%) running_loss=0.5757
2026-09-24 04:47:00,862 INFO train epoch 55/200 batch 65/66 (98%) running_loss=0.5762
2026-09-24 04:47:01,091 INFO train epoch 55/200 batch 66/66 (100%) running_loss=0.5748
2026-09-24 04:47:03,591 INFO epoch 55/200 done: train_loss=0.5748 val_loss=0.3599 val_accuracy=0.8607 val_macro_f1=0.8359 val_macro_auc=0.9881 (checkpoint_metric=macro_auc)
2026-09-24 04:47:07,629 INFO train epoch 56/200 batch 13/66 (20%) running_loss=0.5664
2026-09-24 04:47:11,218 INFO train epoch 56/200 batch 26/66 (39%) running_loss=0.5748
2026-09-24 04:47:14,784 INFO train epoch 56/200 batch 39/66 (59%) running_loss=0.5872
2026-09-24 04:47:18,365 INFO train epoch 56/200 batch 52/66 (79%) running_loss=0.5833
2026-09-24 04:47:22,045 INFO train epoch 56/200 batch 65/66 (98%) running_loss=0.5851
2026-09-24 04:47:22,271 INFO train epoch 56/200 batch 66/66 (100%) running_loss=0.5841
2026-09-24 04:47:24,766 INFO epoch 56/200 done: train_loss=0.5841 val_loss=0.4206 val_accuracy=0.8258 val_macro_f1=0.8018 val_macro_auc=0.9838 (checkpoint_metric=macro_auc)
2026-09-24 04:47:28,850 INFO train epoch 57/200 batch 13/66 (20%) running_loss=0.5875
2026-09-24 04:47:32,433 INFO train epoch 57/200 batch 26/66 (39%) running_loss=0.5962
2026-09-24 04:47:36,026 INFO train epoch 57/200 batch 39/66 (59%) running_loss=0.5819
2026-09-24 04:47:39,621 INFO train epoch 57/200 batch 52/66 (79%) running_loss=0.5801
2026-09-24 04:47:43,207 INFO train epoch 57/200 batch 65/66 (98%) running_loss=0.5766
2026-09-24 04:47:43,436 INFO train epoch 57/200 batch 66/66 (100%) running_loss=0.5760
2026-09-24 04:47:45,939 INFO epoch 57/200 done: train_loss=0.5760 val_loss=0.3137 val_accuracy=0.9139 val_macro_f1=0.8810 val_macro_auc=0.9900 (checkpoint_metric=macro_auc)
2026-09-24 04:47:50,022 INFO train epoch 58/200 batch 13/66 (20%) running_loss=0.5912
2026-09-24 04:47:53,625 INFO train epoch 58/200 batch 26/66 (39%) running_loss=0.6081
2026-09-24 04:47:57,247 INFO train epoch 58/200 batch 39/66 (59%) running_loss=0.5910
2026-09-24 04:48:00,853 INFO train epoch 58/200 batch 52/66 (79%) running_loss=0.5927
2026-09-24 04:48:04,456 INFO train epoch 58/200 batch 65/66 (98%) running_loss=0.5891
2026-09-24 04:48:04,685 INFO train epoch 58/200 batch 66/66 (100%) running_loss=0.5876
2026-09-24 04:48:07,194 INFO epoch 58/200 done: train_loss=0.5876 val_loss=0.3481 val_accuracy=0.9057 val_macro_f1=0.8733 val_macro_auc=0.9875 (checkpoint_metric=macro_auc)
2026-09-24 04:48:11,294 INFO train epoch 59/200 batch 13/66 (20%) running_loss=0.5680
2026-09-24 04:48:14,888 INFO train epoch 59/200 batch 26/66 (39%) running_loss=0.5720
2026-09-24 04:48:18,470 INFO train epoch 59/200 batch 39/66 (59%) running_loss=0.5631
2026-09-24 04:48:22,083 INFO train epoch 59/200 batch 52/66 (79%) running_loss=0.5628
2026-09-24 04:48:25,672 INFO train epoch 59/200 batch 65/66 (98%) running_loss=0.5647
2026-09-24 04:48:25,897 INFO train epoch 59/200 batch 66/66 (100%) running_loss=0.5657
2026-09-24 04:48:28,394 INFO epoch 59/200 done: train_loss=0.5657 val_loss=0.3667 val_accuracy=0.8525 val_macro_f1=0.8287 val_macro_auc=0.9893 (checkpoint_metric=macro_auc)
2026-09-24 04:48:32,594 INFO train epoch 60/200 batch 13/66 (20%) running_loss=0.5488
2026-09-24 04:48:36,189 INFO train epoch 60/200 batch 26/66 (39%) running_loss=0.5648
2026-09-24 04:48:39,756 INFO train epoch 60/200 batch 39/66 (59%) running_loss=0.5804
2026-09-24 04:48:43,334 INFO train epoch 60/200 batch 52/66 (79%) running_loss=0.5866
2026-09-24 04:48:46,909 INFO train epoch 60/200 batch 65/66 (98%) running_loss=0.5829
2026-09-24 04:48:47,137 INFO train epoch 60/200 batch 66/66 (100%) running_loss=0.5813
2026-09-24 04:48:49,755 INFO epoch 60/200 done: train_loss=0.5813 val_loss=0.2155 val_accuracy=0.9549 val_macro_f1=0.9286 val_macro_auc=0.9959 (checkpoint_metric=macro_auc) [new best]
2026-09-24 04:48:53,775 INFO train epoch 61/200 batch 13/66 (20%) running_loss=0.5891
2026-09-24 04:48:57,354 INFO train epoch 61/200 batch 26/66 (39%) running_loss=0.5714
2026-09-24 04:49:00,938 INFO train epoch 61/200 batch 39/66 (59%) running_loss=0.5606
2026-09-24 04:49:04,517 INFO train epoch 61/200 batch 52/66 (79%) running_loss=0.5653
2026-09-24 04:49:08,102 INFO train epoch 61/200 batch 65/66 (98%) running_loss=0.5672
2026-09-24 04:49:08,328 INFO train epoch 61/200 batch 66/66 (100%) running_loss=0.5684
2026-09-24 04:49:10,966 INFO epoch 61/200 done: train_loss=0.5684 val_loss=0.4013 val_accuracy=0.8750 val_macro_f1=0.8497 val_macro_auc=0.9886 (checkpoint_metric=macro_auc) [new best]
2026-09-24 04:49:15,037 INFO train epoch 62/200 batch 13/66 (20%) running_loss=0.5612
2026-09-24 04:49:18,638 INFO train epoch 62/200 batch 26/66 (39%) running_loss=0.5533
2026-09-24 04:49:22,245 INFO train epoch 62/200 batch 39/66 (59%) running_loss=0.5355
2026-09-24 04:49:25,844 INFO train epoch 62/200 batch 52/66 (79%) running_loss=0.5489
2026-09-24 04:49:29,441 INFO train epoch 62/200 batch 65/66 (98%) running_loss=0.5467
2026-09-24 04:49:29,667 INFO train epoch 62/200 batch 66/66 (100%) running_loss=0.5470
2026-09-24 04:49:32,405 INFO epoch 62/200 done: train_loss=0.5470 val_loss=0.2936 val_accuracy=0.9283 val_macro_f1=0.9036 val_macro_auc=0.9915 (checkpoint_metric=macro_auc) [new best]
2026-09-24 04:49:36,448 INFO train epoch 63/200 batch 13/66 (20%) running_loss=0.5132
2026-09-24 04:49:40,034 INFO train epoch 63/200 batch 26/66 (39%) running_loss=0.5343
2026-09-24 04:49:43,626 INFO train epoch 63/200 batch 39/66 (59%) running_loss=0.5438
2026-09-24 04:49:47,223 INFO train epoch 63/200 batch 52/66 (79%) running_loss=0.5431
2026-09-24 04:49:50,823 INFO train epoch 63/200 batch 65/66 (98%) running_loss=0.5483
2026-09-24 04:49:51,051 INFO train epoch 63/200 batch 66/66 (100%) running_loss=0.5501
2026-09-24 04:49:53,563 INFO epoch 63/200 done: train_loss=0.5501 val_loss=0.4470 val_accuracy=0.8279 val_macro_f1=0.8054 val_macro_auc=0.9867 (checkpoint_metric=macro_auc)
2026-09-24 04:49:57,646 INFO train epoch 64/200 batch 13/66 (20%) running_loss=0.5166
2026-09-24 04:50:01,231 INFO train epoch 64/200 batch 26/66 (39%) running_loss=0.5605
2026-09-24 04:50:04,810 INFO train epoch 64/200 batch 39/66 (59%) running_loss=0.5571
2026-09-24 04:50:08,433 INFO train epoch 64/200 batch 52/66 (79%) running_loss=0.5667
2026-09-24 04:50:12,024 INFO train epoch 64/200 batch 65/66 (98%) running_loss=0.5633
2026-09-24 04:50:12,252 INFO train epoch 64/200 batch 66/66 (100%) running_loss=0.5635
2026-09-24 04:50:14,752 INFO epoch 64/200 done: train_loss=0.5635 val_loss=0.3471 val_accuracy=0.8955 val_macro_f1=0.8747 val_macro_auc=0.9938 (checkpoint_metric=macro_auc)
2026-09-24 04:50:18,824 INFO train epoch 65/200 batch 13/66 (20%) running_loss=0.5408
2026-09-24 04:50:22,418 INFO train epoch 65/200 batch 26/66 (39%) running_loss=0.5445
2026-09-24 04:50:26,019 INFO train epoch 65/200 batch 39/66 (59%) running_loss=0.5370
2026-09-24 04:50:29,610 INFO train epoch 65/200 batch 52/66 (79%) running_loss=0.5392
2026-09-24 04:50:33,199 INFO train epoch 65/200 batch 65/66 (98%) running_loss=0.5337
2026-09-24 04:50:33,429 INFO train epoch 65/200 batch 66/66 (100%) running_loss=0.5333
2026-09-24 04:50:35,921 INFO epoch 65/200 done: train_loss=0.5333 val_loss=0.2749 val_accuracy=0.9221 val_macro_f1=0.9019 val_macro_auc=0.9940 (checkpoint_metric=macro_auc)
2026-09-24 04:50:39,999 INFO train epoch 66/200 batch 13/66 (20%) running_loss=0.5555
2026-09-24 04:50:43,806 INFO train epoch 66/200 batch 26/66 (39%) running_loss=0.5454
2026-09-24 04:50:47,406 INFO train epoch 66/200 batch 39/66 (59%) running_loss=0.5378
2026-09-24 04:50:50,992 INFO train epoch 66/200 batch 52/66 (79%) running_loss=0.5400
2026-09-24 04:50:54,564 INFO train epoch 66/200 batch 65/66 (98%) running_loss=0.5477
2026-09-24 04:50:54,790 INFO train epoch 66/200 batch 66/66 (100%) running_loss=0.5468
2026-09-24 04:50:57,410 INFO epoch 66/200 done: train_loss=0.5468 val_loss=0.3340 val_accuracy=0.9037 val_macro_f1=0.8758 val_macro_auc=0.9950 (checkpoint_metric=macro_auc) [new best]
2026-09-24 04:51:01,552 INFO train epoch 67/200 batch 13/66 (20%) running_loss=0.5075
2026-09-24 04:51:05,170 INFO train epoch 67/200 batch 26/66 (39%) running_loss=0.5126
2026-09-24 04:51:08,790 INFO train epoch 67/200 batch 39/66 (59%) running_loss=0.5164
2026-09-24 04:51:12,386 INFO train epoch 67/200 batch 52/66 (79%) running_loss=0.5339
2026-09-24 04:51:15,963 INFO train epoch 67/200 batch 65/66 (98%) running_loss=0.5409
2026-09-24 04:51:16,190 INFO train epoch 67/200 batch 66/66 (100%) running_loss=0.5399
2026-09-24 04:51:18,788 INFO epoch 67/200 done: train_loss=0.5399 val_loss=0.2552 val_accuracy=0.9303 val_macro_f1=0.9050 val_macro_auc=0.9939 (checkpoint_metric=macro_auc) [new best]
2026-09-24 04:51:22,873 INFO train epoch 68/200 batch 13/66 (20%) running_loss=0.5618
2026-09-24 04:51:26,453 INFO train epoch 68/200 batch 26/66 (39%) running_loss=0.5609
2026-09-24 04:51:30,043 INFO train epoch 68/200 batch 39/66 (59%) running_loss=0.5483
2026-09-24 04:51:33,800 INFO train epoch 68/200 batch 52/66 (79%) running_loss=0.5406
2026-09-24 04:51:37,398 INFO train epoch 68/200 batch 65/66 (98%) running_loss=0.5409
2026-09-24 04:51:37,624 INFO train epoch 68/200 batch 66/66 (100%) running_loss=0.5405
2026-09-24 04:51:40,216 INFO epoch 68/200 done: train_loss=0.5405 val_loss=0.2445 val_accuracy=0.9324 val_macro_f1=0.9094 val_macro_auc=0.9951 (checkpoint_metric=macro_auc) [new best]
2026-09-24 04:51:44,289 INFO train epoch 69/200 batch 13/66 (20%) running_loss=0.5137
2026-09-24 04:51:47,878 INFO train epoch 69/200 batch 26/66 (39%) running_loss=0.5143
2026-09-24 04:51:51,507 INFO train epoch 69/200 batch 39/66 (59%) running_loss=0.5314
2026-09-24 04:51:55,102 INFO train epoch 69/200 batch 52/66 (79%) running_loss=0.5256
2026-09-24 04:51:58,704 INFO train epoch 69/200 batch 65/66 (98%) running_loss=0.5244
2026-09-24 04:51:58,935 INFO train epoch 69/200 batch 66/66 (100%) running_loss=0.5247
2026-09-24 04:52:01,543 INFO epoch 69/200 done: train_loss=0.5247 val_loss=0.1972 val_accuracy=0.9549 val_macro_f1=0.9331 val_macro_auc=0.9959 (checkpoint_metric=macro_auc) [new best]
2026-09-24 04:52:05,624 INFO train epoch 70/200 batch 13/66 (20%) running_loss=0.5102
2026-09-24 04:52:09,200 INFO train epoch 70/200 batch 26/66 (39%) running_loss=0.5003
2026-09-24 04:52:12,800 INFO train epoch 70/200 batch 39/66 (59%) running_loss=0.5103
2026-09-24 04:52:16,388 INFO train epoch 70/200 batch 52/66 (79%) running_loss=0.5127
2026-09-24 04:52:19,971 INFO train epoch 70/200 batch 65/66 (98%) running_loss=0.5203
2026-09-24 04:52:20,196 INFO train epoch 70/200 batch 66/66 (100%) running_loss=0.5214
2026-09-24 04:52:22,809 INFO epoch 70/200 done: train_loss=0.5214 val_loss=0.3077 val_accuracy=0.9201 val_macro_f1=0.9022 val_macro_auc=0.9944 (checkpoint_metric=macro_auc) [new best]
2026-09-24 04:52:26,906 INFO train epoch 71/200 batch 13/66 (20%) running_loss=0.5331
2026-09-24 04:52:30,495 INFO train epoch 71/200 batch 26/66 (39%) running_loss=0.5380
2026-09-24 04:52:34,082 INFO train epoch 71/200 batch 39/66 (59%) running_loss=0.5500
2026-09-24 04:52:37,662 INFO train epoch 71/200 batch 52/66 (79%) running_loss=0.5480
2026-09-24 04:52:41,354 INFO train epoch 71/200 batch 65/66 (98%) running_loss=0.5435
2026-09-24 04:52:41,580 INFO train epoch 71/200 batch 66/66 (100%) running_loss=0.5434
2026-09-24 04:52:44,086 INFO epoch 71/200 done: train_loss=0.5434 val_loss=0.2041 val_accuracy=0.9426 val_macro_f1=0.9199 val_macro_auc=0.9943 (checkpoint_metric=macro_auc)
2026-09-24 04:52:48,179 INFO train epoch 72/200 batch 13/66 (20%) running_loss=0.5623
2026-09-24 04:52:51,766 INFO train epoch 72/200 batch 26/66 (39%) running_loss=0.5574
2026-09-24 04:52:55,344 INFO train epoch 72/200 batch 39/66 (59%) running_loss=0.5535
2026-09-24 04:52:58,957 INFO train epoch 72/200 batch 52/66 (79%) running_loss=0.5477
2026-09-24 04:53:02,544 INFO train epoch 72/200 batch 65/66 (98%) running_loss=0.5370
2026-09-24 04:53:02,772 INFO train epoch 72/200 batch 66/66 (100%) running_loss=0.5376
2026-09-24 04:53:05,278 INFO epoch 72/200 done: train_loss=0.5376 val_loss=0.2374 val_accuracy=0.9508 val_macro_f1=0.9291 val_macro_auc=0.9950 (checkpoint_metric=macro_auc)
2026-09-24 04:53:09,388 INFO train epoch 73/200 batch 13/66 (20%) running_loss=0.5282
2026-09-24 04:53:12,978 INFO train epoch 73/200 batch 26/66 (39%) running_loss=0.5339
2026-09-24 04:53:16,552 INFO train epoch 73/200 batch 39/66 (59%) running_loss=0.5411
2026-09-24 04:53:20,160 INFO train epoch 73/200 batch 52/66 (79%) running_loss=0.5337
2026-09-24 04:53:23,761 INFO train epoch 73/200 batch 65/66 (98%) running_loss=0.5366
2026-09-24 04:53:23,987 INFO train epoch 73/200 batch 66/66 (100%) running_loss=0.5374
2026-09-24 04:53:26,467 INFO epoch 73/200 done: train_loss=0.5374 val_loss=0.2719 val_accuracy=0.9016 val_macro_f1=0.8808 val_macro_auc=0.9958 (checkpoint_metric=macro_auc)
2026-09-24 04:53:30,565 INFO train epoch 74/200 batch 13/66 (20%) running_loss=0.4979
2026-09-24 04:53:34,183 INFO train epoch 74/200 batch 26/66 (39%) running_loss=0.5135
2026-09-24 04:53:37,777 INFO train epoch 74/200 batch 39/66 (59%) running_loss=0.5254
2026-09-24 04:53:41,361 INFO train epoch 74/200 batch 52/66 (79%) running_loss=0.5275
2026-09-24 04:53:44,938 INFO train epoch 74/200 batch 65/66 (98%) running_loss=0.5266
2026-09-24 04:53:45,164 INFO train epoch 74/200 batch 66/66 (100%) running_loss=0.5261
2026-09-24 04:53:47,779 INFO epoch 74/200 done: train_loss=0.5261 val_loss=0.2507 val_accuracy=0.9447 val_macro_f1=0.9239 val_macro_auc=0.9954 (checkpoint_metric=macro_auc) [new best]
2026-09-24 04:53:51,860 INFO train epoch 75/200 batch 13/66 (20%) running_loss=0.5169
2026-09-24 04:53:55,534 INFO train epoch 75/200 batch 26/66 (39%) running_loss=0.5264
2026-09-24 04:53:59,122 INFO train epoch 75/200 batch 39/66 (59%) running_loss=0.5121
2026-09-24 04:54:02,707 INFO train epoch 75/200 batch 52/66 (79%) running_loss=0.5159
2026-09-24 04:54:06,290 INFO train epoch 75/200 batch 65/66 (98%) running_loss=0.5157
2026-09-24 04:54:06,516 INFO train epoch 75/200 batch 66/66 (100%) running_loss=0.5171
2026-09-24 04:54:09,154 INFO epoch 75/200 done: train_loss=0.5171 val_loss=0.2198 val_accuracy=0.9324 val_macro_f1=0.9123 val_macro_auc=0.9959 (checkpoint_metric=macro_auc) [new best]
2026-09-24 04:54:13,235 INFO train epoch 76/200 batch 13/66 (20%) running_loss=0.5069
2026-09-24 04:54:16,834 INFO train epoch 76/200 batch 26/66 (39%) running_loss=0.5259
2026-09-24 04:54:20,424 INFO train epoch 76/200 batch 39/66 (59%) running_loss=0.5309
2026-09-24 04:54:24,016 INFO train epoch 76/200 batch 52/66 (79%) running_loss=0.5306
2026-09-24 04:54:27,604 INFO train epoch 76/200 batch 65/66 (98%) running_loss=0.5353
2026-09-24 04:54:27,832 INFO train epoch 76/200 batch 66/66 (100%) running_loss=0.5344
2026-09-24 04:54:30,341 INFO epoch 76/200 done: train_loss=0.5344 val_loss=0.3072 val_accuracy=0.9221 val_macro_f1=0.8964 val_macro_auc=0.9938 (checkpoint_metric=macro_auc)
2026-09-24 04:54:34,441 INFO train epoch 77/200 batch 13/66 (20%) running_loss=0.5312
2026-09-24 04:54:38,025 INFO train epoch 77/200 batch 26/66 (39%) running_loss=0.5197
2026-09-24 04:54:41,612 INFO train epoch 77/200 batch 39/66 (59%) running_loss=0.5241
2026-09-24 04:54:45,209 INFO train epoch 77/200 batch 52/66 (79%) running_loss=0.5245
2026-09-24 04:54:48,951 INFO train epoch 77/200 batch 65/66 (98%) running_loss=0.5192
2026-09-24 04:54:49,179 INFO train epoch 77/200 batch 66/66 (100%) running_loss=0.5200
2026-09-24 04:54:51,682 INFO epoch 77/200 done: train_loss=0.5200 val_loss=0.3429 val_accuracy=0.8934 val_macro_f1=0.8680 val_macro_auc=0.9923 (checkpoint_metric=macro_auc)
2026-09-24 04:54:55,775 INFO train epoch 78/200 batch 13/66 (20%) running_loss=0.5014
2026-09-24 04:54:59,385 INFO train epoch 78/200 batch 26/66 (39%) running_loss=0.5019
2026-09-24 04:55:02,996 INFO train epoch 78/200 batch 39/66 (59%) running_loss=0.5012
2026-09-24 04:55:06,614 INFO train epoch 78/200 batch 52/66 (79%) running_loss=0.5033
2026-09-24 04:55:10,221 INFO train epoch 78/200 batch 65/66 (98%) running_loss=0.5029
2026-09-24 04:55:10,445 INFO train epoch 78/200 batch 66/66 (100%) running_loss=0.5025
2026-09-24 04:55:12,935 INFO epoch 78/200 done: train_loss=0.5025 val_loss=0.2204 val_accuracy=0.9549 val_macro_f1=0.9407 val_macro_auc=0.9965 (checkpoint_metric=macro_auc)
2026-09-24 04:55:16,986 INFO train epoch 79/200 batch 13/66 (20%) running_loss=0.4737
2026-09-24 04:55:20,578 INFO train epoch 79/200 batch 26/66 (39%) running_loss=0.5084
2026-09-24 04:55:24,172 INFO train epoch 79/200 batch 39/66 (59%) running_loss=0.5173
2026-09-24 04:55:27,749 INFO train epoch 79/200 batch 52/66 (79%) running_loss=0.5237
2026-09-24 04:55:31,335 INFO train epoch 79/200 batch 65/66 (98%) running_loss=0.5227
2026-09-24 04:55:31,561 INFO train epoch 79/200 batch 66/66 (100%) running_loss=0.5228
2026-09-24 04:55:34,067 INFO epoch 79/200 done: train_loss=0.5228 val_loss=0.2771 val_accuracy=0.9262 val_macro_f1=0.9002 val_macro_auc=0.9949 (checkpoint_metric=macro_auc)
2026-09-24 04:55:38,151 INFO train epoch 80/200 batch 13/66 (20%) running_loss=0.5088
2026-09-24 04:55:41,745 INFO train epoch 80/200 batch 26/66 (39%) running_loss=0.5035
2026-09-24 04:55:45,418 INFO train epoch 80/200 batch 39/66 (59%) running_loss=0.5075
2026-09-24 04:55:49,006 INFO train epoch 80/200 batch 52/66 (79%) running_loss=0.5040
2026-09-24 04:55:52,581 INFO train epoch 80/200 batch 65/66 (98%) running_loss=0.5030
2026-09-24 04:55:52,808 INFO train epoch 80/200 batch 66/66 (100%) running_loss=0.5036
2026-09-24 04:55:55,301 INFO epoch 80/200 done: train_loss=0.5036 val_loss=0.2259 val_accuracy=0.9488 val_macro_f1=0.9281 val_macro_auc=0.9956 (checkpoint_metric=macro_auc)
2026-09-24 04:55:59,383 INFO train epoch 81/200 batch 13/66 (20%) running_loss=0.5043
2026-09-24 04:56:02,981 INFO train epoch 81/200 batch 26/66 (39%) running_loss=0.5054
2026-09-24 04:56:06,569 INFO train epoch 81/200 batch 39/66 (59%) running_loss=0.5106
2026-09-24 04:56:10,164 INFO train epoch 81/200 batch 52/66 (79%) running_loss=0.5051
2026-09-24 04:56:13,757 INFO train epoch 81/200 batch 65/66 (98%) running_loss=0.4970
2026-09-24 04:56:13,983 INFO train epoch 81/200 batch 66/66 (100%) running_loss=0.4996
2026-09-24 04:56:16,484 INFO epoch 81/200 done: train_loss=0.4996 val_loss=0.2962 val_accuracy=0.9180 val_macro_f1=0.8961 val_macro_auc=0.9933 (checkpoint_metric=macro_auc)
2026-09-24 04:56:20,561 INFO train epoch 82/200 batch 13/66 (20%) running_loss=0.5078
2026-09-24 04:56:24,167 INFO train epoch 82/200 batch 26/66 (39%) running_loss=0.4922
2026-09-24 04:56:27,742 INFO train epoch 82/200 batch 39/66 (59%) running_loss=0.4900
2026-09-24 04:56:31,368 INFO train epoch 82/200 batch 52/66 (79%) running_loss=0.4953
2026-09-24 04:56:34,967 INFO train epoch 82/200 batch 65/66 (98%) running_loss=0.4926
2026-09-24 04:56:35,195 INFO train epoch 82/200 batch 66/66 (100%) running_loss=0.4929
2026-09-24 04:56:37,704 INFO epoch 82/200 done: train_loss=0.4929 val_loss=0.3005 val_accuracy=0.9098 val_macro_f1=0.8783 val_macro_auc=0.9893 (checkpoint_metric=macro_auc)
2026-09-24 04:56:41,807 INFO train epoch 83/200 batch 13/66 (20%) running_loss=0.4826
2026-09-24 04:56:45,409 INFO train epoch 83/200 batch 26/66 (39%) running_loss=0.4776
2026-09-24 04:56:49,000 INFO train epoch 83/200 batch 39/66 (59%) running_loss=0.4915
2026-09-24 04:56:52,591 INFO train epoch 83/200 batch 52/66 (79%) running_loss=0.4895
2026-09-24 04:56:56,348 INFO train epoch 83/200 batch 65/66 (98%) running_loss=0.4927
2026-09-24 04:56:56,573 INFO train epoch 83/200 batch 66/66 (100%) running_loss=0.4926
2026-09-24 04:56:59,060 INFO epoch 83/200 done: train_loss=0.4926 val_loss=0.2055 val_accuracy=0.9652 val_macro_f1=0.9495 val_macro_auc=0.9967 (checkpoint_metric=macro_auc)
2026-09-24 04:57:03,156 INFO train epoch 84/200 batch 13/66 (20%) running_loss=0.4988
2026-09-24 04:57:06,775 INFO train epoch 84/200 batch 26/66 (39%) running_loss=0.4842
2026-09-24 04:57:10,366 INFO train epoch 84/200 batch 39/66 (59%) running_loss=0.4819
2026-09-24 04:57:13,944 INFO train epoch 84/200 batch 52/66 (79%) running_loss=0.4859
2026-09-24 04:57:17,535 INFO train epoch 84/200 batch 65/66 (98%) running_loss=0.4811
2026-09-24 04:57:17,762 INFO train epoch 84/200 batch 66/66 (100%) running_loss=0.4800
2026-09-24 04:57:20,276 INFO epoch 84/200 done: train_loss=0.4800 val_loss=0.2822 val_accuracy=0.9180 val_macro_f1=0.8948 val_macro_auc=0.9937 (checkpoint_metric=macro_auc)
2026-09-24 04:57:24,353 INFO train epoch 85/200 batch 13/66 (20%) running_loss=0.4821
2026-09-24 04:57:27,936 INFO train epoch 85/200 batch 26/66 (39%) running_loss=0.4873
2026-09-24 04:57:31,534 INFO train epoch 85/200 batch 39/66 (59%) running_loss=0.4862
2026-09-24 04:57:35,124 INFO train epoch 85/200 batch 52/66 (79%) running_loss=0.4874
2026-09-24 04:57:38,718 INFO train epoch 85/200 batch 65/66 (98%) running_loss=0.4857
2026-09-24 04:57:38,943 INFO train epoch 85/200 batch 66/66 (100%) running_loss=0.4855
2026-09-24 04:57:41,458 INFO epoch 85/200 done: train_loss=0.4855 val_loss=0.2533 val_accuracy=0.9221 val_macro_f1=0.8973 val_macro_auc=0.9921 (checkpoint_metric=macro_auc)
2026-09-24 04:57:45,536 INFO train epoch 86/200 batch 13/66 (20%) running_loss=0.4666
2026-09-24 04:57:49,133 INFO train epoch 86/200 batch 26/66 (39%) running_loss=0.4640
2026-09-24 04:57:52,826 INFO train epoch 86/200 batch 39/66 (59%) running_loss=0.4639
2026-09-24 04:57:56,414 INFO train epoch 86/200 batch 52/66 (79%) running_loss=0.4733
2026-09-24 04:58:00,001 INFO train epoch 86/200 batch 65/66 (98%) running_loss=0.4686
2026-09-24 04:58:00,229 INFO train epoch 86/200 batch 66/66 (100%) running_loss=0.4678
2026-09-24 04:58:02,724 INFO epoch 86/200 done: train_loss=0.4678 val_loss=0.2250 val_accuracy=0.9426 val_macro_f1=0.9192 val_macro_auc=0.9945 (checkpoint_metric=macro_auc)
2026-09-24 04:58:06,798 INFO train epoch 87/200 batch 13/66 (20%) running_loss=0.4910
2026-09-24 04:58:10,392 INFO train epoch 87/200 batch 26/66 (39%) running_loss=0.4930
2026-09-24 04:58:13,979 INFO train epoch 87/200 batch 39/66 (59%) running_loss=0.4910
2026-09-24 04:58:17,572 INFO train epoch 87/200 batch 52/66 (79%) running_loss=0.4961
2026-09-24 04:58:21,152 INFO train epoch 87/200 batch 65/66 (98%) running_loss=0.5023
2026-09-24 04:58:21,378 INFO train epoch 87/200 batch 66/66 (100%) running_loss=0.5023
2026-09-24 04:58:23,879 INFO epoch 87/200 done: train_loss=0.5023 val_loss=0.2251 val_accuracy=0.9406 val_macro_f1=0.9082 val_macro_auc=0.9938 (checkpoint_metric=macro_auc)
2026-09-24 04:58:27,925 INFO train epoch 88/200 batch 13/66 (20%) running_loss=0.4693
2026-09-24 04:58:31,512 INFO train epoch 88/200 batch 26/66 (39%) running_loss=0.4863
2026-09-24 04:58:35,090 INFO train epoch 88/200 batch 39/66 (59%) running_loss=0.4828
2026-09-24 04:58:38,665 INFO train epoch 88/200 batch 52/66 (79%) running_loss=0.4827
2026-09-24 04:58:42,236 INFO train epoch 88/200 batch 65/66 (98%) running_loss=0.4889
2026-09-24 04:58:42,462 INFO train epoch 88/200 batch 66/66 (100%) running_loss=0.4873
2026-09-24 04:58:44,945 INFO epoch 88/200 done: train_loss=0.4873 val_loss=0.2897 val_accuracy=0.9324 val_macro_f1=0.9060 val_macro_auc=0.9926 (checkpoint_metric=macro_auc)
2026-09-24 04:58:49,014 INFO train epoch 89/200 batch 13/66 (20%) running_loss=0.5027
2026-09-24 04:58:52,608 INFO train epoch 89/200 batch 26/66 (39%) running_loss=0.4833
2026-09-24 04:58:56,205 INFO train epoch 89/200 batch 39/66 (59%) running_loss=0.4782
2026-09-24 04:58:59,800 INFO train epoch 89/200 batch 52/66 (79%) running_loss=0.4805
2026-09-24 04:59:03,543 INFO train epoch 89/200 batch 65/66 (98%) running_loss=0.4817
2026-09-24 04:59:03,770 INFO train epoch 89/200 batch 66/66 (100%) running_loss=0.4831
2026-09-24 04:59:06,286 INFO epoch 89/200 done: train_loss=0.4831 val_loss=0.2569 val_accuracy=0.9365 val_macro_f1=0.9205 val_macro_auc=0.9945 (checkpoint_metric=macro_auc)
2026-09-24 04:59:10,363 INFO train epoch 90/200 batch 13/66 (20%) running_loss=0.4449
2026-09-24 04:59:13,949 INFO train epoch 90/200 batch 26/66 (39%) running_loss=0.4789
2026-09-24 04:59:17,536 INFO train epoch 90/200 batch 39/66 (59%) running_loss=0.4790
2026-09-24 04:59:21,124 INFO train epoch 90/200 batch 52/66 (79%) running_loss=0.4716
2026-09-24 04:59:24,695 INFO train epoch 90/200 batch 65/66 (98%) running_loss=0.4759
2026-09-24 04:59:24,922 INFO train epoch 90/200 batch 66/66 (100%) running_loss=0.4765
2026-09-24 04:59:27,426 INFO epoch 90/200 done: train_loss=0.4765 val_loss=0.2350 val_accuracy=0.9590 val_macro_f1=0.9365 val_macro_auc=0.9956 (checkpoint_metric=macro_auc)
2026-09-24 04:59:31,433 INFO train epoch 91/200 batch 13/66 (20%) running_loss=0.4780
2026-09-24 04:59:35,014 INFO train epoch 91/200 batch 26/66 (39%) running_loss=0.4862
2026-09-24 04:59:38,603 INFO train epoch 91/200 batch 39/66 (59%) running_loss=0.4771
2026-09-24 04:59:42,229 INFO train epoch 91/200 batch 52/66 (79%) running_loss=0.4663
2026-09-24 04:59:45,824 INFO train epoch 91/200 batch 65/66 (98%) running_loss=0.4709
2026-09-24 04:59:46,050 INFO train epoch 91/200 batch 66/66 (100%) running_loss=0.4726
2026-09-24 04:59:48,551 INFO epoch 91/200 done: train_loss=0.4726 val_loss=0.2142 val_accuracy=0.9242 val_macro_f1=0.8888 val_macro_auc=0.9960 (checkpoint_metric=macro_auc)
2026-09-24 04:59:52,652 INFO train epoch 92/200 batch 13/66 (20%) running_loss=0.5037
2026-09-24 04:59:56,235 INFO train epoch 92/200 batch 26/66 (39%) running_loss=0.5001
2026-09-24 04:59:59,940 INFO train epoch 92/200 batch 39/66 (59%) running_loss=0.4947
2026-09-24 05:00:03,547 INFO train epoch 92/200 batch 52/66 (79%) running_loss=0.4939
2026-09-24 05:00:07,148 INFO train epoch 92/200 batch 65/66 (98%) running_loss=0.4930
2026-09-24 05:00:07,373 INFO train epoch 92/200 batch 66/66 (100%) running_loss=0.4923
2026-09-24 05:00:10,003 INFO epoch 92/200 done: train_loss=0.4923 val_loss=0.2497 val_accuracy=0.9344 val_macro_f1=0.9123 val_macro_auc=0.9955 (checkpoint_metric=macro_auc) [new best]
2026-09-24 05:00:14,084 INFO train epoch 93/200 batch 13/66 (20%) running_loss=0.4832
2026-09-24 05:00:17,682 INFO train epoch 93/200 batch 26/66 (39%) running_loss=0.4877
2026-09-24 05:00:21,285 INFO train epoch 93/200 batch 39/66 (59%) running_loss=0.4754
2026-09-24 05:00:24,869 INFO train epoch 93/200 batch 52/66 (79%) running_loss=0.4750
2026-09-24 05:00:28,462 INFO train epoch 93/200 batch 65/66 (98%) running_loss=0.4791
2026-09-24 05:00:28,690 INFO train epoch 93/200 batch 66/66 (100%) running_loss=0.4784
2026-09-24 05:00:31,196 INFO epoch 93/200 done: train_loss=0.4784 val_loss=0.2170 val_accuracy=0.9385 val_macro_f1=0.9104 val_macro_auc=0.9922 (checkpoint_metric=macro_auc)
2026-09-24 05:00:35,274 INFO train epoch 94/200 batch 13/66 (20%) running_loss=0.4762
2026-09-24 05:00:38,856 INFO train epoch 94/200 batch 26/66 (39%) running_loss=0.4679
2026-09-24 05:00:42,436 INFO train epoch 94/200 batch 39/66 (59%) running_loss=0.4791
2026-09-24 05:00:46,015 INFO train epoch 94/200 batch 52/66 (79%) running_loss=0.4842
2026-09-24 05:00:49,593 INFO train epoch 94/200 batch 65/66 (98%) running_loss=0.4866
2026-09-24 05:00:49,818 INFO train epoch 94/200 batch 66/66 (100%) running_loss=0.4870
2026-09-24 05:00:52,316 INFO epoch 94/200 done: train_loss=0.4870 val_loss=0.2839 val_accuracy=0.8955 val_macro_f1=0.8726 val_macro_auc=0.9934 (checkpoint_metric=macro_auc)
2026-09-24 05:00:56,565 INFO train epoch 95/200 batch 13/66 (20%) running_loss=0.5054
2026-09-24 05:01:00,148 INFO train epoch 95/200 batch 26/66 (39%) running_loss=0.4908
2026-09-24 05:01:03,731 INFO train epoch 95/200 batch 39/66 (59%) running_loss=0.4838
2026-09-24 05:01:07,302 INFO train epoch 95/200 batch 52/66 (79%) running_loss=0.4848
2026-09-24 05:01:10,880 INFO train epoch 95/200 batch 65/66 (98%) running_loss=0.4787
2026-09-24 05:01:11,108 INFO train epoch 95/200 batch 66/66 (100%) running_loss=0.4782
2026-09-24 05:01:13,626 INFO epoch 95/200 done: train_loss=0.4782 val_loss=0.2164 val_accuracy=0.9426 val_macro_f1=0.9204 val_macro_auc=0.9946 (checkpoint_metric=macro_auc)
2026-09-24 05:01:17,731 INFO train epoch 96/200 batch 13/66 (20%) running_loss=0.4795
2026-09-24 05:01:21,314 INFO train epoch 96/200 batch 26/66 (39%) running_loss=0.4488
2026-09-24 05:01:24,897 INFO train epoch 96/200 batch 39/66 (59%) running_loss=0.4553
2026-09-24 05:01:28,486 INFO train epoch 96/200 batch 52/66 (79%) running_loss=0.4609
2026-09-24 05:01:32,069 INFO train epoch 96/200 batch 65/66 (98%) running_loss=0.4587
2026-09-24 05:01:32,295 INFO train epoch 96/200 batch 66/66 (100%) running_loss=0.4585
2026-09-24 05:01:34,788 INFO epoch 96/200 done: train_loss=0.4585 val_loss=0.3241 val_accuracy=0.8832 val_macro_f1=0.8588 val_macro_auc=0.9939 (checkpoint_metric=macro_auc)
2026-09-24 05:01:38,880 INFO train epoch 97/200 batch 13/66 (20%) running_loss=0.4294
2026-09-24 05:01:42,460 INFO train epoch 97/200 batch 26/66 (39%) running_loss=0.4494
2026-09-24 05:01:46,038 INFO train epoch 97/200 batch 39/66 (59%) running_loss=0.4694
2026-09-24 05:01:49,648 INFO train epoch 97/200 batch 52/66 (79%) running_loss=0.4742
2026-09-24 05:01:53,326 INFO train epoch 97/200 batch 65/66 (98%) running_loss=0.4771
2026-09-24 05:01:53,550 INFO train epoch 97/200 batch 66/66 (100%) running_loss=0.4783
2026-09-24 05:01:56,064 INFO epoch 97/200 done: train_loss=0.4783 val_loss=0.2619 val_accuracy=0.9283 val_macro_f1=0.9051 val_macro_auc=0.9946 (checkpoint_metric=macro_auc)
2026-09-24 05:02:00,141 INFO train epoch 98/200 batch 13/66 (20%) running_loss=0.4465
2026-09-24 05:02:03,750 INFO train epoch 98/200 batch 26/66 (39%) running_loss=0.4615
2026-09-24 05:02:07,334 INFO train epoch 98/200 batch 39/66 (59%) running_loss=0.4630
2026-09-24 05:02:10,934 INFO train epoch 98/200 batch 52/66 (79%) running_loss=0.4690
2026-09-24 05:02:14,520 INFO train epoch 98/200 batch 65/66 (98%) running_loss=0.4698
2026-09-24 05:02:14,747 INFO train epoch 98/200 batch 66/66 (100%) running_loss=0.4690
2026-09-24 05:02:17,257 INFO epoch 98/200 done: train_loss=0.4690 val_loss=0.2477 val_accuracy=0.9262 val_macro_f1=0.8925 val_macro_auc=0.9894 (checkpoint_metric=macro_auc)
2026-09-24 05:02:21,329 INFO train epoch 99/200 batch 13/66 (20%) running_loss=0.4789
2026-09-24 05:02:24,923 INFO train epoch 99/200 batch 26/66 (39%) running_loss=0.4824
2026-09-24 05:02:28,503 INFO train epoch 99/200 batch 39/66 (59%) running_loss=0.4765
2026-09-24 05:02:32,073 INFO train epoch 99/200 batch 52/66 (79%) running_loss=0.4801
2026-09-24 05:02:35,650 INFO train epoch 99/200 batch 65/66 (98%) running_loss=0.4736
2026-09-24 05:02:35,874 INFO train epoch 99/200 batch 66/66 (100%) running_loss=0.4736
2026-09-24 05:02:38,358 INFO epoch 99/200 done: train_loss=0.4736 val_loss=0.2202 val_accuracy=0.9570 val_macro_f1=0.9388 val_macro_auc=0.9952 (checkpoint_metric=macro_auc)
2026-09-24 05:02:42,471 INFO train epoch 100/200 batch 13/66 (20%) running_loss=0.4514
2026-09-24 05:02:46,053 INFO train epoch 100/200 batch 26/66 (39%) running_loss=0.4420
2026-09-24 05:02:49,627 INFO train epoch 100/200 batch 39/66 (59%) running_loss=0.4495
2026-09-24 05:02:53,220 INFO train epoch 100/200 batch 52/66 (79%) running_loss=0.4508
2026-09-24 05:02:56,803 INFO train epoch 100/200 batch 65/66 (98%) running_loss=0.4522
2026-09-24 05:02:57,031 INFO train epoch 100/200 batch 66/66 (100%) running_loss=0.4525
2026-09-24 05:02:59,527 INFO epoch 100/200 done: train_loss=0.4525 val_loss=0.2590 val_accuracy=0.9262 val_macro_f1=0.9086 val_macro_auc=0.9946 (checkpoint_metric=macro_auc)
2026-09-24 05:03:03,610 INFO train epoch 101/200 batch 13/66 (20%) running_loss=0.4800
2026-09-24 05:03:07,202 INFO train epoch 101/200 batch 26/66 (39%) running_loss=0.4735
2026-09-24 05:03:10,963 INFO train epoch 101/200 batch 39/66 (59%) running_loss=0.4614
2026-09-24 05:03:14,572 INFO train epoch 101/200 batch 52/66 (79%) running_loss=0.4522
2026-09-24 05:03:18,178 INFO train epoch 101/200 batch 65/66 (98%) running_loss=0.4565
2026-09-24 05:03:18,404 INFO train epoch 101/200 batch 66/66 (100%) running_loss=0.4568
2026-09-24 05:03:20,912 INFO epoch 101/200 done: train_loss=0.4568 val_loss=0.2092 val_accuracy=0.9549 val_macro_f1=0.9356 val_macro_auc=0.9954 (checkpoint_metric=macro_auc)
2026-09-24 05:03:25,003 INFO train epoch 102/200 batch 13/66 (20%) running_loss=0.4704
2026-09-24 05:03:28,590 INFO train epoch 102/200 batch 26/66 (39%) running_loss=0.4590
2026-09-24 05:03:32,187 INFO train epoch 102/200 batch 39/66 (59%) running_loss=0.4550
2026-09-24 05:03:35,774 INFO train epoch 102/200 batch 52/66 (79%) running_loss=0.4641
2026-09-24 05:03:39,352 INFO train epoch 102/200 batch 65/66 (98%) running_loss=0.4573
2026-09-24 05:03:39,577 INFO train epoch 102/200 batch 66/66 (100%) running_loss=0.4585
2026-09-24 05:03:42,092 INFO epoch 102/200 done: train_loss=0.4585 val_loss=0.2544 val_accuracy=0.9406 val_macro_f1=0.9167 val_macro_auc=0.9919 (checkpoint_metric=macro_auc)
2026-09-24 05:03:46,185 INFO train epoch 103/200 batch 13/66 (20%) running_loss=0.4325
2026-09-24 05:03:49,774 INFO train epoch 103/200 batch 26/66 (39%) running_loss=0.4473
2026-09-24 05:03:53,348 INFO train epoch 103/200 batch 39/66 (59%) running_loss=0.4459
2026-09-24 05:03:56,923 INFO train epoch 103/200 batch 52/66 (79%) running_loss=0.4387
2026-09-24 05:04:00,500 INFO train epoch 103/200 batch 65/66 (98%) running_loss=0.4375
2026-09-24 05:04:00,727 INFO train epoch 103/200 batch 66/66 (100%) running_loss=0.4371
2026-09-24 05:04:03,227 INFO epoch 103/200 done: train_loss=0.4371 val_loss=0.2639 val_accuracy=0.9303 val_macro_f1=0.9147 val_macro_auc=0.9923 (checkpoint_metric=macro_auc)
2026-09-24 05:04:07,425 INFO train epoch 104/200 batch 13/66 (20%) running_loss=0.4830
2026-09-24 05:04:11,011 INFO train epoch 104/200 batch 26/66 (39%) running_loss=0.4615
2026-09-24 05:04:14,575 INFO train epoch 104/200 batch 39/66 (59%) running_loss=0.4689
2026-09-24 05:04:18,146 INFO train epoch 104/200 batch 52/66 (79%) running_loss=0.4613
2026-09-24 05:04:21,714 INFO train epoch 104/200 batch 65/66 (98%) running_loss=0.4623
2026-09-24 05:04:21,941 INFO train epoch 104/200 batch 66/66 (100%) running_loss=0.4617
2026-09-24 05:04:24,449 INFO epoch 104/200 done: train_loss=0.4617 val_loss=0.3073 val_accuracy=0.9139 val_macro_f1=0.8934 val_macro_auc=0.9935 (checkpoint_metric=macro_auc)
2026-09-24 05:04:28,515 INFO train epoch 105/200 batch 13/66 (20%) running_loss=0.4401
2026-09-24 05:04:32,105 INFO train epoch 105/200 batch 26/66 (39%) running_loss=0.4342
2026-09-24 05:04:35,690 INFO train epoch 105/200 batch 39/66 (59%) running_loss=0.4405
2026-09-24 05:04:39,273 INFO train epoch 105/200 batch 52/66 (79%) running_loss=0.4452
2026-09-24 05:04:42,845 INFO train epoch 105/200 batch 65/66 (98%) running_loss=0.4447
2026-09-24 05:04:43,074 INFO train epoch 105/200 batch 66/66 (100%) running_loss=0.4446
2026-09-24 05:04:45,565 INFO epoch 105/200 done: train_loss=0.4446 val_loss=0.2622 val_accuracy=0.9344 val_macro_f1=0.9132 val_macro_auc=0.9925 (checkpoint_metric=macro_auc)
2026-09-24 05:04:49,575 INFO train epoch 106/200 batch 13/66 (20%) running_loss=0.4278
2026-09-24 05:04:53,153 INFO train epoch 106/200 batch 26/66 (39%) running_loss=0.4444
2026-09-24 05:04:56,739 INFO train epoch 106/200 batch 39/66 (59%) running_loss=0.4443
2026-09-24 05:05:00,310 INFO train epoch 106/200 batch 52/66 (79%) running_loss=0.4456
2026-09-24 05:05:03,885 INFO train epoch 106/200 batch 65/66 (98%) running_loss=0.4489
2026-09-24 05:05:04,112 INFO train epoch 106/200 batch 66/66 (100%) running_loss=0.4497
2026-09-24 05:05:06,593 INFO epoch 106/200 done: train_loss=0.4497 val_loss=0.2356 val_accuracy=0.9344 val_macro_f1=0.9150 val_macro_auc=0.9942 (checkpoint_metric=macro_auc)
2026-09-24 05:05:10,708 INFO train epoch 107/200 batch 13/66 (20%) running_loss=0.4491
2026-09-24 05:05:14,295 INFO train epoch 107/200 batch 26/66 (39%) running_loss=0.4427
2026-09-24 05:05:18,048 INFO train epoch 107/200 batch 39/66 (59%) running_loss=0.4412
2026-09-24 05:05:21,646 INFO train epoch 107/200 batch 52/66 (79%) running_loss=0.4512
2026-09-24 05:05:25,229 INFO train epoch 107/200 batch 65/66 (98%) running_loss=0.4559
2026-09-24 05:05:25,456 INFO train epoch 107/200 batch 66/66 (100%) running_loss=0.4555
2026-09-24 05:05:27,940 INFO epoch 107/200 done: train_loss=0.4555 val_loss=0.3040 val_accuracy=0.8934 val_macro_f1=0.8680 val_macro_auc=0.9894 (checkpoint_metric=macro_auc)
2026-09-24 05:05:32,010 INFO train epoch 108/200 batch 13/66 (20%) running_loss=0.4543
2026-09-24 05:05:35,583 INFO train epoch 108/200 batch 26/66 (39%) running_loss=0.4339
2026-09-24 05:05:39,155 INFO train epoch 108/200 batch 39/66 (59%) running_loss=0.4346
2026-09-24 05:05:42,748 INFO train epoch 108/200 batch 52/66 (79%) running_loss=0.4314
2026-09-24 05:05:46,337 INFO train epoch 108/200 batch 65/66 (98%) running_loss=0.4286
2026-09-24 05:05:46,565 INFO train epoch 108/200 batch 66/66 (100%) running_loss=0.4299
2026-09-24 05:05:49,056 INFO epoch 108/200 done: train_loss=0.4299 val_loss=0.2740 val_accuracy=0.9406 val_macro_f1=0.9217 val_macro_auc=0.9925 (checkpoint_metric=macro_auc)
2026-09-24 05:05:53,141 INFO train epoch 109/200 batch 13/66 (20%) running_loss=0.4496
2026-09-24 05:05:56,722 INFO train epoch 109/200 batch 26/66 (39%) running_loss=0.4560
2026-09-24 05:06:00,302 INFO train epoch 109/200 batch 39/66 (59%) running_loss=0.4400
2026-09-24 05:06:03,877 INFO train epoch 109/200 batch 52/66 (79%) running_loss=0.4469
2026-09-24 05:06:07,451 INFO train epoch 109/200 batch 65/66 (98%) running_loss=0.4458
2026-09-24 05:06:07,679 INFO train epoch 109/200 batch 66/66 (100%) running_loss=0.4454
2026-09-24 05:06:10,173 INFO epoch 109/200 done: train_loss=0.4454 val_loss=0.2955 val_accuracy=0.8852 val_macro_f1=0.8621 val_macro_auc=0.9907 (checkpoint_metric=macro_auc)
2026-09-24 05:06:14,359 INFO train epoch 110/200 batch 13/66 (20%) running_loss=0.4449
2026-09-24 05:06:17,939 INFO train epoch 110/200 batch 26/66 (39%) running_loss=0.4400
2026-09-24 05:06:21,528 INFO train epoch 110/200 batch 39/66 (59%) running_loss=0.4510
2026-09-24 05:06:25,133 INFO train epoch 110/200 batch 52/66 (79%) running_loss=0.4502
2026-09-24 05:06:28,720 INFO train epoch 110/200 batch 65/66 (98%) running_loss=0.4526
2026-09-24 05:06:28,946 INFO train epoch 110/200 batch 66/66 (100%) running_loss=0.4520
2026-09-24 05:06:31,453 INFO epoch 110/200 done: train_loss=0.4520 val_loss=0.2571 val_accuracy=0.9201 val_macro_f1=0.9076 val_macro_auc=0.9947 (checkpoint_metric=macro_auc)
2026-09-24 05:06:35,549 INFO train epoch 111/200 batch 13/66 (20%) running_loss=0.4122
2026-09-24 05:06:39,139 INFO train epoch 111/200 batch 26/66 (39%) running_loss=0.4218
2026-09-24 05:06:42,741 INFO train epoch 111/200 batch 39/66 (59%) running_loss=0.4410
2026-09-24 05:06:46,331 INFO train epoch 111/200 batch 52/66 (79%) running_loss=0.4446
2026-09-24 05:06:49,915 INFO train epoch 111/200 batch 65/66 (98%) running_loss=0.4463
2026-09-24 05:06:50,142 INFO train epoch 111/200 batch 66/66 (100%) running_loss=0.4468
2026-09-24 05:06:52,626 INFO epoch 111/200 done: train_loss=0.4468 val_loss=0.2480 val_accuracy=0.9303 val_macro_f1=0.9093 val_macro_auc=0.9955 (checkpoint_metric=macro_auc)
2026-09-24 05:06:56,739 INFO train epoch 112/200 batch 13/66 (20%) running_loss=0.4149
2026-09-24 05:07:00,366 INFO train epoch 112/200 batch 26/66 (39%) running_loss=0.4294
2026-09-24 05:07:03,965 INFO train epoch 112/200 batch 39/66 (59%) running_loss=0.4464
2026-09-24 05:07:07,540 INFO train epoch 112/200 batch 52/66 (79%) running_loss=0.4482
2026-09-24 05:07:11,113 INFO train epoch 112/200 batch 65/66 (98%) running_loss=0.4423
2026-09-24 05:07:11,339 INFO train epoch 112/200 batch 66/66 (100%) running_loss=0.4419
2026-09-24 05:07:13,837 INFO epoch 112/200 done: train_loss=0.4419 val_loss=0.2260 val_accuracy=0.9611 val_macro_f1=0.9455 val_macro_auc=0.9953 (checkpoint_metric=macro_auc)
2026-09-24 05:07:17,913 INFO train epoch 113/200 batch 13/66 (20%) running_loss=0.4341
2026-09-24 05:07:21,489 INFO train epoch 113/200 batch 26/66 (39%) running_loss=0.4367
2026-09-24 05:07:25,240 INFO train epoch 113/200 batch 39/66 (59%) running_loss=0.4328
2026-09-24 05:07:28,831 INFO train epoch 113/200 batch 52/66 (79%) running_loss=0.4376
2026-09-24 05:07:32,422 INFO train epoch 113/200 batch 65/66 (98%) running_loss=0.4411
2026-09-24 05:07:32,647 INFO train epoch 113/200 batch 66/66 (100%) running_loss=0.4413
2026-09-24 05:07:35,144 INFO epoch 113/200 done: train_loss=0.4413 val_loss=0.1964 val_accuracy=0.9611 val_macro_f1=0.9434 val_macro_auc=0.9952 (checkpoint_metric=macro_auc)
2026-09-24 05:07:39,264 INFO train epoch 114/200 batch 13/66 (20%) running_loss=0.4293
2026-09-24 05:07:42,853 INFO train epoch 114/200 batch 26/66 (39%) running_loss=0.4230
2026-09-24 05:07:46,447 INFO train epoch 114/200 batch 39/66 (59%) running_loss=0.4356
2026-09-24 05:07:50,043 INFO train epoch 114/200 batch 52/66 (79%) running_loss=0.4508
2026-09-24 05:07:53,636 INFO train epoch 114/200 batch 65/66 (98%) running_loss=0.4476
2026-09-24 05:07:53,863 INFO train epoch 114/200 batch 66/66 (100%) running_loss=0.4472
2026-09-24 05:07:56,351 INFO epoch 114/200 done: train_loss=0.4472 val_loss=0.2210 val_accuracy=0.9549 val_macro_f1=0.9367 val_macro_auc=0.9948 (checkpoint_metric=macro_auc)
2026-09-24 05:08:00,442 INFO train epoch 115/200 batch 13/66 (20%) running_loss=0.4418
2026-09-24 05:08:04,023 INFO train epoch 115/200 batch 26/66 (39%) running_loss=0.4388
2026-09-24 05:08:07,624 INFO train epoch 115/200 batch 39/66 (59%) running_loss=0.4499
2026-09-24 05:08:11,201 INFO train epoch 115/200 batch 52/66 (79%) running_loss=0.4380
2026-09-24 05:08:14,766 INFO train epoch 115/200 batch 65/66 (98%) running_loss=0.4345
2026-09-24 05:08:14,993 INFO train epoch 115/200 batch 66/66 (100%) running_loss=0.4368
2026-09-24 05:08:17,719 INFO epoch 115/200 done: train_loss=0.4368 val_loss=0.1703 val_accuracy=0.9775 val_macro_f1=0.9657 val_macro_auc=0.9972 (checkpoint_metric=macro_auc) [new best]
2026-09-24 05:08:21,796 INFO train epoch 116/200 batch 13/66 (20%) running_loss=0.4161
2026-09-24 05:08:25,377 INFO train epoch 116/200 batch 26/66 (39%) running_loss=0.4172
2026-09-24 05:08:28,950 INFO train epoch 116/200 batch 39/66 (59%) running_loss=0.4236
2026-09-24 05:08:32,533 INFO train epoch 116/200 batch 52/66 (79%) running_loss=0.4270
2026-09-24 05:08:36,108 INFO train epoch 116/200 batch 65/66 (98%) running_loss=0.4276
2026-09-24 05:08:36,335 INFO train epoch 116/200 batch 66/66 (100%) running_loss=0.4275
2026-09-24 05:08:38,818 INFO epoch 116/200 done: train_loss=0.4275 val_loss=0.2677 val_accuracy=0.9303 val_macro_f1=0.9099 val_macro_auc=0.9933 (checkpoint_metric=macro_auc)
2026-09-24 05:08:42,909 INFO train epoch 117/200 batch 13/66 (20%) running_loss=0.4349
2026-09-24 05:08:46,497 INFO train epoch 117/200 batch 26/66 (39%) running_loss=0.4409
2026-09-24 05:08:50,097 INFO train epoch 117/200 batch 39/66 (59%) running_loss=0.4386
2026-09-24 05:08:53,705 INFO train epoch 117/200 batch 52/66 (79%) running_loss=0.4376
2026-09-24 05:08:57,287 INFO train epoch 117/200 batch 65/66 (98%) running_loss=0.4297
2026-09-24 05:08:57,515 INFO train epoch 117/200 batch 66/66 (100%) running_loss=0.4313
2026-09-24 05:09:00,012 INFO epoch 117/200 done: train_loss=0.4313 val_loss=0.3191 val_accuracy=0.9016 val_macro_f1=0.8771 val_macro_auc=0.9915 (checkpoint_metric=macro_auc)
2026-09-24 05:09:04,115 INFO train epoch 118/200 batch 13/66 (20%) running_loss=0.3944
2026-09-24 05:09:07,696 INFO train epoch 118/200 batch 26/66 (39%) running_loss=0.4028
2026-09-24 05:09:11,285 INFO train epoch 118/200 batch 39/66 (59%) running_loss=0.4109
2026-09-24 05:09:14,883 INFO train epoch 118/200 batch 52/66 (79%) running_loss=0.4141
2026-09-24 05:09:18,471 INFO train epoch 118/200 batch 65/66 (98%) running_loss=0.4239
2026-09-24 05:09:18,699 INFO train epoch 118/200 batch 66/66 (100%) running_loss=0.4251
2026-09-24 05:09:21,197 INFO epoch 118/200 done: train_loss=0.4251 val_loss=0.4374 val_accuracy=0.8504 val_macro_f1=0.8238 val_macro_auc=0.9849 (checkpoint_metric=macro_auc)
2026-09-24 05:09:25,463 INFO train epoch 119/200 batch 13/66 (20%) running_loss=0.4420
2026-09-24 05:09:29,048 INFO train epoch 119/200 batch 26/66 (39%) running_loss=0.4337
2026-09-24 05:09:32,633 INFO train epoch 119/200 batch 39/66 (59%) running_loss=0.4453
2026-09-24 05:09:36,218 INFO train epoch 119/200 batch 52/66 (79%) running_loss=0.4440
2026-09-24 05:09:39,807 INFO train epoch 119/200 batch 65/66 (98%) running_loss=0.4358
2026-09-24 05:09:40,034 INFO train epoch 119/200 batch 66/66 (100%) running_loss=0.4352
2026-09-24 05:09:42,532 INFO epoch 119/200 done: train_loss=0.4352 val_loss=0.2627 val_accuracy=0.9180 val_macro_f1=0.8976 val_macro_auc=0.9931 (checkpoint_metric=macro_auc)
2026-09-24 05:09:46,629 INFO train epoch 120/200 batch 13/66 (20%) running_loss=0.4489
2026-09-24 05:09:50,224 INFO train epoch 120/200 batch 26/66 (39%) running_loss=0.4325
2026-09-24 05:09:53,805 INFO train epoch 120/200 batch 39/66 (59%) running_loss=0.4351
2026-09-24 05:09:57,385 INFO train epoch 120/200 batch 52/66 (79%) running_loss=0.4314
2026-09-24 05:10:00,961 INFO train epoch 120/200 batch 65/66 (98%) running_loss=0.4300
2026-09-24 05:10:01,188 INFO train epoch 120/200 batch 66/66 (100%) running_loss=0.4293
2026-09-24 05:10:03,683 INFO epoch 120/200 done: train_loss=0.4293 val_loss=0.2330 val_accuracy=0.9406 val_macro_f1=0.9147 val_macro_auc=0.9914 (checkpoint_metric=macro_auc)
2026-09-24 05:10:07,781 INFO train epoch 121/200 batch 13/66 (20%) running_loss=0.4196
2026-09-24 05:10:11,371 INFO train epoch 121/200 batch 26/66 (39%) running_loss=0.4054
2026-09-24 05:10:14,959 INFO train epoch 121/200 batch 39/66 (59%) running_loss=0.4198
2026-09-24 05:10:18,558 INFO train epoch 121/200 batch 52/66 (79%) running_loss=0.4268
2026-09-24 05:10:22,253 INFO train epoch 121/200 batch 65/66 (98%) running_loss=0.4305
2026-09-24 05:10:22,480 INFO train epoch 121/200 batch 66/66 (100%) running_loss=0.4303
2026-09-24 05:10:24,976 INFO epoch 121/200 done: train_loss=0.4303 val_loss=0.2351 val_accuracy=0.9426 val_macro_f1=0.9224 val_macro_auc=0.9929 (checkpoint_metric=macro_auc)
2026-09-24 05:10:29,103 INFO train epoch 122/200 batch 13/66 (20%) running_loss=0.4352
2026-09-24 05:10:32,703 INFO train epoch 122/200 batch 26/66 (39%) running_loss=0.4256
2026-09-24 05:10:36,294 INFO train epoch 122/200 batch 39/66 (59%) running_loss=0.4348
2026-09-24 05:10:39,888 INFO train epoch 122/200 batch 52/66 (79%) running_loss=0.4298
2026-09-24 05:10:43,473 INFO train epoch 122/200 batch 65/66 (98%) running_loss=0.4299
2026-09-24 05:10:43,700 INFO train epoch 122/200 batch 66/66 (100%) running_loss=0.4296
2026-09-24 05:10:46,188 INFO epoch 122/200 done: train_loss=0.4296 val_loss=0.3157 val_accuracy=0.8996 val_macro_f1=0.8750 val_macro_auc=0.9908 (checkpoint_metric=macro_auc)
2026-09-24 05:10:50,232 INFO train epoch 123/200 batch 13/66 (20%) running_loss=0.4054
2026-09-24 05:10:53,805 INFO train epoch 123/200 batch 26/66 (39%) running_loss=0.4261
2026-09-24 05:10:57,386 INFO train epoch 123/200 batch 39/66 (59%) running_loss=0.4317
2026-09-24 05:11:00,979 INFO train epoch 123/200 batch 52/66 (79%) running_loss=0.4194
2026-09-24 05:11:04,566 INFO train epoch 123/200 batch 65/66 (98%) running_loss=0.4218
2026-09-24 05:11:04,792 INFO train epoch 123/200 batch 66/66 (100%) running_loss=0.4230
2026-09-24 05:11:07,284 INFO epoch 123/200 done: train_loss=0.4230 val_loss=0.2316 val_accuracy=0.9488 val_macro_f1=0.9305 val_macro_auc=0.9925 (checkpoint_metric=macro_auc)
2026-09-24 05:11:11,382 INFO train epoch 124/200 batch 13/66 (20%) running_loss=0.4051
2026-09-24 05:11:14,959 INFO train epoch 124/200 batch 26/66 (39%) running_loss=0.4024
2026-09-24 05:11:18,561 INFO train epoch 124/200 batch 39/66 (59%) running_loss=0.4096
2026-09-24 05:11:22,134 INFO train epoch 124/200 batch 52/66 (79%) running_loss=0.4147
2026-09-24 05:11:25,740 INFO train epoch 124/200 batch 65/66 (98%) running_loss=0.4116
2026-09-24 05:11:25,965 INFO train epoch 124/200 batch 66/66 (100%) running_loss=0.4118
2026-09-24 05:11:28,465 INFO epoch 124/200 done: train_loss=0.4118 val_loss=0.3069 val_accuracy=0.9242 val_macro_f1=0.8984 val_macro_auc=0.9877 (checkpoint_metric=macro_auc)
2026-09-24 05:11:32,528 INFO train epoch 125/200 batch 13/66 (20%) running_loss=0.4054
2026-09-24 05:11:36,276 INFO train epoch 125/200 batch 26/66 (39%) running_loss=0.4177
2026-09-24 05:11:39,849 INFO train epoch 125/200 batch 39/66 (59%) running_loss=0.4173
2026-09-24 05:11:43,429 INFO train epoch 125/200 batch 52/66 (79%) running_loss=0.4229
2026-09-24 05:11:47,012 INFO train epoch 125/200 batch 65/66 (98%) running_loss=0.4227
2026-09-24 05:11:47,239 INFO train epoch 125/200 batch 66/66 (100%) running_loss=0.4228
2026-09-24 05:11:49,773 INFO epoch 125/200 done: train_loss=0.4228 val_loss=0.2365 val_accuracy=0.9426 val_macro_f1=0.9217 val_macro_auc=0.9922 (checkpoint_metric=macro_auc)
2026-09-24 05:11:53,976 INFO train epoch 126/200 batch 13/66 (20%) running_loss=0.3978
2026-09-24 05:11:57,560 INFO train epoch 126/200 batch 26/66 (39%) running_loss=0.3988
2026-09-24 05:12:01,155 INFO train epoch 126/200 batch 39/66 (59%) running_loss=0.4023
2026-09-24 05:12:04,736 INFO train epoch 126/200 batch 52/66 (79%) running_loss=0.4050
2026-09-24 05:12:08,317 INFO train epoch 126/200 batch 65/66 (98%) running_loss=0.4107
2026-09-24 05:12:08,543 INFO train epoch 126/200 batch 66/66 (100%) running_loss=0.4121
2026-09-24 05:12:11,035 INFO epoch 126/200 done: train_loss=0.4121 val_loss=0.2855 val_accuracy=0.9139 val_macro_f1=0.8931 val_macro_auc=0.9910 (checkpoint_metric=macro_auc)
2026-09-24 05:12:15,113 INFO train epoch 127/200 batch 13/66 (20%) running_loss=0.4377
2026-09-24 05:12:18,692 INFO train epoch 127/200 batch 26/66 (39%) running_loss=0.4273
2026-09-24 05:12:22,276 INFO train epoch 127/200 batch 39/66 (59%) running_loss=0.4310
2026-09-24 05:12:25,874 INFO train epoch 127/200 batch 52/66 (79%) running_loss=0.4256
2026-09-24 05:12:29,457 INFO train epoch 127/200 batch 65/66 (98%) running_loss=0.4253
2026-09-24 05:12:29,683 INFO train epoch 127/200 batch 66/66 (100%) running_loss=0.4252
2026-09-24 05:12:32,167 INFO epoch 127/200 done: train_loss=0.4252 val_loss=0.3588 val_accuracy=0.8648 val_macro_f1=0.8381 val_macro_auc=0.9892 (checkpoint_metric=macro_auc)
2026-09-24 05:12:36,329 INFO train epoch 128/200 batch 13/66 (20%) running_loss=0.4404
2026-09-24 05:12:39,930 INFO train epoch 128/200 batch 26/66 (39%) running_loss=0.4273
2026-09-24 05:12:43,505 INFO train epoch 128/200 batch 39/66 (59%) running_loss=0.4329
2026-09-24 05:12:47,078 INFO train epoch 128/200 batch 52/66 (79%) running_loss=0.4337
2026-09-24 05:12:50,654 INFO train epoch 128/200 batch 65/66 (98%) running_loss=0.4312
2026-09-24 05:12:50,882 INFO train epoch 128/200 batch 66/66 (100%) running_loss=0.4303
2026-09-24 05:12:53,422 INFO epoch 128/200 done: train_loss=0.4303 val_loss=0.2345 val_accuracy=0.9467 val_macro_f1=0.9259 val_macro_auc=0.9947 (checkpoint_metric=macro_auc)
2026-09-24 05:12:57,515 INFO train epoch 129/200 batch 13/66 (20%) running_loss=0.3874
2026-09-24 05:13:01,107 INFO train epoch 129/200 batch 26/66 (39%) running_loss=0.3867
2026-09-24 05:13:04,707 INFO train epoch 129/200 batch 39/66 (59%) running_loss=0.3992
2026-09-24 05:13:08,289 INFO train epoch 129/200 batch 52/66 (79%) running_loss=0.3995
2026-09-24 05:13:11,871 INFO train epoch 129/200 batch 65/66 (98%) running_loss=0.4067
2026-09-24 05:13:12,098 INFO train epoch 129/200 batch 66/66 (100%) running_loss=0.4070
2026-09-24 05:13:14,612 INFO epoch 129/200 done: train_loss=0.4070 val_loss=0.2648 val_accuracy=0.9180 val_macro_f1=0.8932 val_macro_auc=0.9919 (checkpoint_metric=macro_auc)
2026-09-24 05:13:18,707 INFO train epoch 130/200 batch 13/66 (20%) running_loss=0.4006
2026-09-24 05:13:22,299 INFO train epoch 130/200 batch 26/66 (39%) running_loss=0.4006
2026-09-24 05:13:25,899 INFO train epoch 130/200 batch 39/66 (59%) running_loss=0.4106
2026-09-24 05:13:29,479 INFO train epoch 130/200 batch 52/66 (79%) running_loss=0.4123
2026-09-24 05:13:33,075 INFO train epoch 130/200 batch 65/66 (98%) running_loss=0.4182
2026-09-24 05:13:33,303 INFO train epoch 130/200 batch 66/66 (100%) running_loss=0.4187
2026-09-24 05:13:35,796 INFO epoch 130/200 done: train_loss=0.4187 val_loss=0.2308 val_accuracy=0.9467 val_macro_f1=0.9263 val_macro_auc=0.9939 (checkpoint_metric=macro_auc)
2026-09-24 05:13:39,894 INFO train epoch 131/200 batch 13/66 (20%) running_loss=0.4165
2026-09-24 05:13:43,472 INFO train epoch 131/200 batch 26/66 (39%) running_loss=0.4224
2026-09-24 05:13:47,245 INFO train epoch 131/200 batch 39/66 (59%) running_loss=0.4194
2026-09-24 05:13:50,843 INFO train epoch 131/200 batch 52/66 (79%) running_loss=0.4165
2026-09-24 05:13:54,412 INFO train epoch 131/200 batch 65/66 (98%) running_loss=0.4179
2026-09-24 05:13:54,640 INFO train epoch 131/200 batch 66/66 (100%) running_loss=0.4176
2026-09-24 05:13:57,147 INFO epoch 131/200 done: train_loss=0.4176 val_loss=0.2641 val_accuracy=0.9426 val_macro_f1=0.9230 val_macro_auc=0.9936 (checkpoint_metric=macro_auc)
2026-09-24 05:14:01,207 INFO train epoch 132/200 batch 13/66 (20%) running_loss=0.3919
2026-09-24 05:14:04,784 INFO train epoch 132/200 batch 26/66 (39%) running_loss=0.3906
2026-09-24 05:14:08,367 INFO train epoch 132/200 batch 39/66 (59%) running_loss=0.3974
2026-09-24 05:14:11,958 INFO train epoch 132/200 batch 52/66 (79%) running_loss=0.4045
2026-09-24 05:14:15,546 INFO train epoch 132/200 batch 65/66 (98%) running_loss=0.4029
2026-09-24 05:14:15,771 INFO train epoch 132/200 batch 66/66 (100%) running_loss=0.4025
2026-09-24 05:14:18,267 INFO epoch 132/200 done: train_loss=0.4025 val_loss=0.2530 val_accuracy=0.9262 val_macro_f1=0.9027 val_macro_auc=0.9931 (checkpoint_metric=macro_auc)
2026-09-24 05:14:22,359 INFO train epoch 133/200 batch 13/66 (20%) running_loss=0.4158
2026-09-24 05:14:25,940 INFO train epoch 133/200 batch 26/66 (39%) running_loss=0.4180
2026-09-24 05:14:29,517 INFO train epoch 133/200 batch 39/66 (59%) running_loss=0.4155
2026-09-24 05:14:33,098 INFO train epoch 133/200 batch 52/66 (79%) running_loss=0.4116
2026-09-24 05:14:36,678 INFO train epoch 133/200 batch 65/66 (98%) running_loss=0.4111
2026-09-24 05:14:36,904 INFO train epoch 133/200 batch 66/66 (100%) running_loss=0.4116
2026-09-24 05:14:39,395 INFO epoch 133/200 done: train_loss=0.4116 val_loss=0.2145 val_accuracy=0.9590 val_macro_f1=0.9394 val_macro_auc=0.9941 (checkpoint_metric=macro_auc)
2026-09-24 05:14:43,497 INFO train epoch 134/200 batch 13/66 (20%) running_loss=0.4060
2026-09-24 05:14:47,070 INFO train epoch 134/200 batch 26/66 (39%) running_loss=0.3926
2026-09-24 05:14:50,728 INFO train epoch 134/200 batch 39/66 (59%) running_loss=0.3896
2026-09-24 05:14:54,309 INFO train epoch 134/200 batch 52/66 (79%) running_loss=0.3958
2026-09-24 05:14:57,879 INFO train epoch 134/200 batch 65/66 (98%) running_loss=0.3964
2026-09-24 05:14:58,104 INFO train epoch 134/200 batch 66/66 (100%) running_loss=0.3967
2026-09-24 05:15:00,611 INFO epoch 134/200 done: train_loss=0.3967 val_loss=0.2099 val_accuracy=0.9590 val_macro_f1=0.9418 val_macro_auc=0.9933 (checkpoint_metric=macro_auc)
2026-09-24 05:15:04,694 INFO train epoch 135/200 batch 13/66 (20%) running_loss=0.4099
2026-09-24 05:15:08,277 INFO train epoch 135/200 batch 26/66 (39%) running_loss=0.3932
2026-09-24 05:15:11,857 INFO train epoch 135/200 batch 39/66 (59%) running_loss=0.3949
2026-09-24 05:15:15,435 INFO train epoch 135/200 batch 52/66 (79%) running_loss=0.3952
2026-09-24 05:15:19,004 INFO train epoch 135/200 batch 65/66 (98%) running_loss=0.3989
2026-09-24 05:15:19,229 INFO train epoch 135/200 batch 66/66 (100%) running_loss=0.3982
2026-09-24 05:15:21,711 INFO epoch 135/200 done: train_loss=0.3982 val_loss=0.2454 val_accuracy=0.9549 val_macro_f1=0.9355 val_macro_auc=0.9911 (checkpoint_metric=macro_auc)
2026-09-24 05:15:25,803 INFO train epoch 136/200 batch 13/66 (20%) running_loss=0.3977
2026-09-24 05:15:29,383 INFO train epoch 136/200 batch 26/66 (39%) running_loss=0.3977
2026-09-24 05:15:32,964 INFO train epoch 136/200 batch 39/66 (59%) running_loss=0.4015
2026-09-24 05:15:36,544 INFO train epoch 136/200 batch 52/66 (79%) running_loss=0.4046
2026-09-24 05:15:40,120 INFO train epoch 136/200 batch 65/66 (98%) running_loss=0.4043
2026-09-24 05:15:40,347 INFO train epoch 136/200 batch 66/66 (100%) running_loss=0.4037
2026-09-24 05:15:42,838 INFO epoch 136/200 done: train_loss=0.4037 val_loss=0.2168 val_accuracy=0.9672 val_macro_f1=0.9552 val_macro_auc=0.9964 (checkpoint_metric=macro_auc)
2026-09-24 05:15:46,945 INFO train epoch 137/200 batch 13/66 (20%) running_loss=0.3823
2026-09-24 05:15:50,521 INFO train epoch 137/200 batch 26/66 (39%) running_loss=0.3974
2026-09-24 05:15:54,258 INFO train epoch 137/200 batch 39/66 (59%) running_loss=0.3955
2026-09-24 05:15:57,829 INFO train epoch 137/200 batch 52/66 (79%) running_loss=0.3929
2026-09-24 05:16:01,415 INFO train epoch 137/200 batch 65/66 (98%) running_loss=0.3960
2026-09-24 05:16:01,641 INFO train epoch 137/200 batch 66/66 (100%) running_loss=0.3962
2026-09-24 05:16:04,138 INFO epoch 137/200 done: train_loss=0.3962 val_loss=0.2379 val_accuracy=0.9488 val_macro_f1=0.9296 val_macro_auc=0.9936 (checkpoint_metric=macro_auc)
2026-09-24 05:16:08,204 INFO train epoch 138/200 batch 13/66 (20%) running_loss=0.3921
2026-09-24 05:16:11,780 INFO train epoch 138/200 batch 26/66 (39%) running_loss=0.3901
2026-09-24 05:16:15,362 INFO train epoch 138/200 batch 39/66 (59%) running_loss=0.3896
2026-09-24 05:16:18,936 INFO train epoch 138/200 batch 52/66 (79%) running_loss=0.3966
2026-09-24 05:16:22,532 INFO train epoch 138/200 batch 65/66 (98%) running_loss=0.3988
2026-09-24 05:16:22,758 INFO train epoch 138/200 batch 66/66 (100%) running_loss=0.3989
2026-09-24 05:16:25,245 INFO epoch 138/200 done: train_loss=0.3989 val_loss=0.2583 val_accuracy=0.9344 val_macro_f1=0.9151 val_macro_auc=0.9935 (checkpoint_metric=macro_auc)
2026-09-24 05:16:29,333 INFO train epoch 139/200 batch 13/66 (20%) running_loss=0.4188
2026-09-24 05:16:32,928 INFO train epoch 139/200 batch 26/66 (39%) running_loss=0.4095
2026-09-24 05:16:36,510 INFO train epoch 139/200 batch 39/66 (59%) running_loss=0.4007
2026-09-24 05:16:40,085 INFO train epoch 139/200 batch 52/66 (79%) running_loss=0.3996
2026-09-24 05:16:43,671 INFO train epoch 139/200 batch 65/66 (98%) running_loss=0.3966
2026-09-24 05:16:43,896 INFO train epoch 139/200 batch 66/66 (100%) running_loss=0.3974
2026-09-24 05:16:46,386 INFO epoch 139/200 done: train_loss=0.3974 val_loss=0.2604 val_accuracy=0.9426 val_macro_f1=0.9242 val_macro_auc=0.9934 (checkpoint_metric=macro_auc)
2026-09-24 05:16:50,460 INFO train epoch 140/200 batch 13/66 (20%) running_loss=0.3825
2026-09-24 05:16:54,026 INFO train epoch 140/200 batch 26/66 (39%) running_loss=0.3915
2026-09-24 05:16:57,600 INFO train epoch 140/200 batch 39/66 (59%) running_loss=0.3949
2026-09-24 05:17:01,280 INFO train epoch 140/200 batch 52/66 (79%) running_loss=0.3892
2026-09-24 05:17:04,848 INFO train epoch 140/200 batch 65/66 (98%) running_loss=0.3922
2026-09-24 05:17:05,076 INFO train epoch 140/200 batch 66/66 (100%) running_loss=0.3926
2026-09-24 05:17:07,576 INFO epoch 140/200 done: train_loss=0.3926 val_loss=0.1995 val_accuracy=0.9590 val_macro_f1=0.9422 val_macro_auc=0.9953 (checkpoint_metric=macro_auc)
2026-09-24 05:17:11,609 INFO train epoch 141/200 batch 13/66 (20%) running_loss=0.4014
2026-09-24 05:17:15,170 INFO train epoch 141/200 batch 26/66 (39%) running_loss=0.4148
2026-09-24 05:17:18,759 INFO train epoch 141/200 batch 39/66 (59%) running_loss=0.4101
2026-09-24 05:17:22,356 INFO train epoch 141/200 batch 52/66 (79%) running_loss=0.4053
2026-09-24 05:17:25,933 INFO train epoch 141/200 batch 65/66 (98%) running_loss=0.3973
2026-09-24 05:17:26,158 INFO train epoch 141/200 batch 66/66 (100%) running_loss=0.3966
2026-09-24 05:17:28,645 INFO epoch 141/200 done: train_loss=0.3966 val_loss=0.2430 val_accuracy=0.9324 val_macro_f1=0.9113 val_macro_auc=0.9936 (checkpoint_metric=macro_auc)
2026-09-24 05:17:32,722 INFO train epoch 142/200 batch 13/66 (20%) running_loss=0.4057
2026-09-24 05:17:36,300 INFO train epoch 142/200 batch 26/66 (39%) running_loss=0.4036
2026-09-24 05:17:39,879 INFO train epoch 142/200 batch 39/66 (59%) running_loss=0.3959
2026-09-24 05:17:43,460 INFO train epoch 142/200 batch 52/66 (79%) running_loss=0.3955
2026-09-24 05:17:47,044 INFO train epoch 142/200 batch 65/66 (98%) running_loss=0.3982
2026-09-24 05:17:47,268 INFO train epoch 142/200 batch 66/66 (100%) running_loss=0.3982
2026-09-24 05:17:49,776 INFO epoch 142/200 done: train_loss=0.3982 val_loss=0.2402 val_accuracy=0.9549 val_macro_f1=0.9428 val_macro_auc=0.9962 (checkpoint_metric=macro_auc)
2026-09-24 05:17:53,857 INFO train epoch 143/200 batch 13/66 (20%) running_loss=0.4033
2026-09-24 05:17:57,426 INFO train epoch 143/200 batch 26/66 (39%) running_loss=0.3910
2026-09-24 05:18:00,998 INFO train epoch 143/200 batch 39/66 (59%) running_loss=0.3896
2026-09-24 05:18:04,563 INFO train epoch 143/200 batch 52/66 (79%) running_loss=0.3880
2026-09-24 05:18:08,140 INFO train epoch 143/200 batch 65/66 (98%) running_loss=0.3876
2026-09-24 05:18:08,367 INFO train epoch 143/200 batch 66/66 (100%) running_loss=0.3872
2026-09-24 05:18:10,868 INFO epoch 143/200 done: train_loss=0.3872 val_loss=0.2227 val_accuracy=0.9611 val_macro_f1=0.9460 val_macro_auc=0.9945 (checkpoint_metric=macro_auc)
2026-09-24 05:18:15,130 INFO train epoch 144/200 batch 13/66 (20%) running_loss=0.3944
2026-09-24 05:18:18,708 INFO train epoch 144/200 batch 26/66 (39%) running_loss=0.3932
2026-09-24 05:18:22,287 INFO train epoch 144/200 batch 39/66 (59%) running_loss=0.3926
2026-09-24 05:18:25,882 INFO train epoch 144/200 batch 52/66 (79%) running_loss=0.3853
2026-09-24 05:18:29,464 INFO train epoch 144/200 batch 65/66 (98%) running_loss=0.3828
2026-09-24 05:18:29,688 INFO train epoch 144/200 batch 66/66 (100%) running_loss=0.3824
2026-09-24 05:18:32,185 INFO epoch 144/200 done: train_loss=0.3824 val_loss=0.2256 val_accuracy=0.9549 val_macro_f1=0.9384 val_macro_auc=0.9929 (checkpoint_metric=macro_auc)
2026-09-24 05:18:36,253 INFO train epoch 145/200 batch 13/66 (20%) running_loss=0.3923
2026-09-24 05:18:39,838 INFO train epoch 145/200 batch 26/66 (39%) running_loss=0.3777
2026-09-24 05:18:43,422 INFO train epoch 145/200 batch 39/66 (59%) running_loss=0.3823
2026-09-24 05:18:47,014 INFO train epoch 145/200 batch 52/66 (79%) running_loss=0.3855
2026-09-24 05:18:50,597 INFO train epoch 145/200 batch 65/66 (98%) running_loss=0.3843
2026-09-24 05:18:50,826 INFO train epoch 145/200 batch 66/66 (100%) running_loss=0.3838
2026-09-24 05:18:53,322 INFO epoch 145/200 done: train_loss=0.3838 val_loss=0.2122 val_accuracy=0.9631 val_macro_f1=0.9470 val_macro_auc=0.9936 (checkpoint_metric=macro_auc)
2026-09-24 05:18:57,326 INFO train epoch 146/200 batch 13/66 (20%) running_loss=0.3608
2026-09-24 05:19:00,905 INFO train epoch 146/200 batch 26/66 (39%) running_loss=0.3688
2026-09-24 05:19:04,484 INFO train epoch 146/200 batch 39/66 (59%) running_loss=0.3735
2026-09-24 05:19:08,088 INFO train epoch 146/200 batch 52/66 (79%) running_loss=0.3729
2026-09-24 05:19:11,758 INFO train epoch 146/200 batch 65/66 (98%) running_loss=0.3762
2026-09-24 05:19:11,985 INFO train epoch 146/200 batch 66/66 (100%) running_loss=0.3759
2026-09-24 05:19:14,475 INFO epoch 146/200 done: train_loss=0.3759 val_loss=0.2753 val_accuracy=0.9098 val_macro_f1=0.8855 val_macro_auc=0.9901 (checkpoint_metric=macro_auc)
2026-09-24 05:19:18,565 INFO train epoch 147/200 batch 13/66 (20%) running_loss=0.3901
2026-09-24 05:19:22,139 INFO train epoch 147/200 batch 26/66 (39%) running_loss=0.3842
2026-09-24 05:19:25,706 INFO train epoch 147/200 batch 39/66 (59%) running_loss=0.3891
2026-09-24 05:19:29,291 INFO train epoch 147/200 batch 52/66 (79%) running_loss=0.3874
2026-09-24 05:19:32,864 INFO train epoch 147/200 batch 65/66 (98%) running_loss=0.3859
2026-09-24 05:19:33,088 INFO train epoch 147/200 batch 66/66 (100%) running_loss=0.3862
2026-09-24 05:19:35,587 INFO epoch 147/200 done: train_loss=0.3862 val_loss=0.2166 val_accuracy=0.9570 val_macro_f1=0.9404 val_macro_auc=0.9948 (checkpoint_metric=macro_auc)
2026-09-24 05:19:39,640 INFO train epoch 148/200 batch 13/66 (20%) running_loss=0.3621
2026-09-24 05:19:43,215 INFO train epoch 148/200 batch 26/66 (39%) running_loss=0.3756
2026-09-24 05:19:46,795 INFO train epoch 148/200 batch 39/66 (59%) running_loss=0.3736
2026-09-24 05:19:50,373 INFO train epoch 148/200 batch 52/66 (79%) running_loss=0.3784
2026-09-24 05:19:53,943 INFO train epoch 148/200 batch 65/66 (98%) running_loss=0.3794
2026-09-24 05:19:54,170 INFO train epoch 148/200 batch 66/66 (100%) running_loss=0.3792
2026-09-24 05:19:56,660 INFO epoch 148/200 done: train_loss=0.3792 val_loss=0.2510 val_accuracy=0.9488 val_macro_f1=0.9308 val_macro_auc=0.9925 (checkpoint_metric=macro_auc)
2026-09-24 05:20:00,752 INFO train epoch 149/200 batch 13/66 (20%) running_loss=0.3811
2026-09-24 05:20:04,341 INFO train epoch 149/200 batch 26/66 (39%) running_loss=0.3738
2026-09-24 05:20:07,922 INFO train epoch 149/200 batch 39/66 (59%) running_loss=0.3787
2026-09-24 05:20:11,535 INFO train epoch 149/200 batch 52/66 (79%) running_loss=0.3822
2026-09-24 05:20:15,113 INFO train epoch 149/200 batch 65/66 (98%) running_loss=0.3844
2026-09-24 05:20:15,339 INFO train epoch 149/200 batch 66/66 (100%) running_loss=0.3838
2026-09-24 05:20:17,839 INFO epoch 149/200 done: train_loss=0.3838 val_loss=0.2051 val_accuracy=0.9652 val_macro_f1=0.9507 val_macro_auc=0.9929 (checkpoint_metric=macro_auc)
2026-09-24 05:20:21,885 INFO train epoch 150/200 batch 13/66 (20%) running_loss=0.3859
2026-09-24 05:20:25,638 INFO train epoch 150/200 batch 26/66 (39%) running_loss=0.3870
2026-09-24 05:20:29,248 INFO train epoch 150/200 batch 39/66 (59%) running_loss=0.3849
2026-09-24 05:20:32,868 INFO train epoch 150/200 batch 52/66 (79%) running_loss=0.3868
2026-09-24 05:20:36,460 INFO train epoch 150/200 batch 65/66 (98%) running_loss=0.3854
2026-09-24 05:20:36,686 INFO train epoch 150/200 batch 66/66 (100%) running_loss=0.3847
2026-09-24 05:20:39,197 INFO epoch 150/200 done: train_loss=0.3847 val_loss=0.2389 val_accuracy=0.9447 val_macro_f1=0.9258 val_macro_auc=0.9921 (checkpoint_metric=macro_auc)
2026-09-24 05:20:43,261 INFO train epoch 151/200 batch 13/66 (20%) running_loss=0.3677
2026-09-24 05:20:46,825 INFO train epoch 151/200 batch 26/66 (39%) running_loss=0.3649
2026-09-24 05:20:50,411 INFO train epoch 151/200 batch 39/66 (59%) running_loss=0.3716
2026-09-24 05:20:53,985 INFO train epoch 151/200 batch 52/66 (79%) running_loss=0.3754
2026-09-24 05:20:57,571 INFO train epoch 151/200 batch 65/66 (98%) running_loss=0.3775
2026-09-24 05:20:57,796 INFO train epoch 151/200 batch 66/66 (100%) running_loss=0.3782
2026-09-24 05:21:00,315 INFO epoch 151/200 done: train_loss=0.3782 val_loss=0.2309 val_accuracy=0.9529 val_macro_f1=0.9360 val_macro_auc=0.9942 (checkpoint_metric=macro_auc)
2026-09-24 05:21:04,415 INFO train epoch 152/200 batch 13/66 (20%) running_loss=0.3953
2026-09-24 05:21:07,989 INFO train epoch 152/200 batch 26/66 (39%) running_loss=0.3939
2026-09-24 05:21:11,560 INFO train epoch 152/200 batch 39/66 (59%) running_loss=0.3881
2026-09-24 05:21:15,140 INFO train epoch 152/200 batch 52/66 (79%) running_loss=0.3830
2026-09-24 05:21:18,718 INFO train epoch 152/200 batch 65/66 (98%) running_loss=0.3804
2026-09-24 05:21:18,946 INFO train epoch 152/200 batch 66/66 (100%) running_loss=0.3799
2026-09-24 05:21:21,439 INFO epoch 152/200 done: train_loss=0.3799 val_loss=0.2189 val_accuracy=0.9590 val_macro_f1=0.9437 val_macro_auc=0.9943 (checkpoint_metric=macro_auc)
2026-09-24 05:21:25,640 INFO train epoch 153/200 batch 13/66 (20%) running_loss=0.3818
2026-09-24 05:21:29,253 INFO train epoch 153/200 batch 26/66 (39%) running_loss=0.3825
2026-09-24 05:21:32,863 INFO train epoch 153/200 batch 39/66 (59%) running_loss=0.3802
2026-09-24 05:21:36,463 INFO train epoch 153/200 batch 52/66 (79%) running_loss=0.3784
2026-09-24 05:21:40,061 INFO train epoch 153/200 batch 65/66 (98%) running_loss=0.3775
2026-09-24 05:21:40,287 INFO train epoch 153/200 batch 66/66 (100%) running_loss=0.3774
2026-09-24 05:21:42,781 INFO epoch 153/200 done: train_loss=0.3774 val_loss=0.2270 val_accuracy=0.9549 val_macro_f1=0.9392 val_macro_auc=0.9932 (checkpoint_metric=macro_auc)
2026-09-24 05:21:46,847 INFO train epoch 154/200 batch 13/66 (20%) running_loss=0.3820
2026-09-24 05:21:50,555 INFO train epoch 154/200 batch 26/66 (39%) running_loss=0.3835
2026-09-24 05:21:54,191 INFO train epoch 154/200 batch 39/66 (59%) running_loss=0.3778
2026-09-24 05:21:57,834 INFO train epoch 154/200 batch 52/66 (79%) running_loss=0.3860
2026-09-24 05:22:01,443 INFO train epoch 154/200 batch 65/66 (98%) running_loss=0.3830
2026-09-24 05:22:01,670 INFO train epoch 154/200 batch 66/66 (100%) running_loss=0.3832
2026-09-24 05:22:04,179 INFO epoch 154/200 done: train_loss=0.3832 val_loss=0.2120 val_accuracy=0.9631 val_macro_f1=0.9503 val_macro_auc=0.9940 (checkpoint_metric=macro_auc)
2026-09-24 05:22:08,255 INFO train epoch 155/200 batch 13/66 (20%) running_loss=0.3590
2026-09-24 05:22:11,863 INFO train epoch 155/200 batch 26/66 (39%) running_loss=0.3658
2026-09-24 05:22:15,517 INFO train epoch 155/200 batch 39/66 (59%) running_loss=0.3723
2026-09-24 05:22:19,167 INFO train epoch 155/200 batch 52/66 (79%) running_loss=0.3756
2026-09-24 05:22:22,767 INFO train epoch 155/200 batch 65/66 (98%) running_loss=0.3764
2026-09-24 05:22:22,991 INFO train epoch 155/200 batch 66/66 (100%) running_loss=0.3764
2026-09-24 05:22:25,487 INFO epoch 155/200 done: train_loss=0.3764 val_loss=0.2433 val_accuracy=0.9631 val_macro_f1=0.9476 val_macro_auc=0.9921 (checkpoint_metric=macro_auc)
2026-09-24 05:22:29,569 INFO train epoch 156/200 batch 13/66 (20%) running_loss=0.3658
2026-09-24 05:22:33,330 INFO train epoch 156/200 batch 26/66 (39%) running_loss=0.3604
2026-09-24 05:22:36,911 INFO train epoch 156/200 batch 39/66 (59%) running_loss=0.3608
2026-09-24 05:22:40,561 INFO train epoch 156/200 batch 52/66 (79%) running_loss=0.3637
2026-09-24 05:22:44,200 INFO train epoch 156/200 batch 65/66 (98%) running_loss=0.3667
2026-09-24 05:22:44,433 INFO train epoch 156/200 batch 66/66 (100%) running_loss=0.3675
2026-09-24 05:22:46,928 INFO epoch 156/200 done: train_loss=0.3675 val_loss=0.2301 val_accuracy=0.9570 val_macro_f1=0.9416 val_macro_auc=0.9936 (checkpoint_metric=macro_auc)
2026-09-24 05:22:50,977 INFO train epoch 157/200 batch 13/66 (20%) running_loss=0.3723
2026-09-24 05:22:54,590 INFO train epoch 157/200 batch 26/66 (39%) running_loss=0.3785
2026-09-24 05:22:58,184 INFO train epoch 157/200 batch 39/66 (59%) running_loss=0.3729
2026-09-24 05:23:01,816 INFO train epoch 157/200 batch 52/66 (79%) running_loss=0.3729
2026-09-24 05:23:05,440 INFO train epoch 157/200 batch 65/66 (98%) running_loss=0.3735
2026-09-24 05:23:05,672 INFO train epoch 157/200 batch 66/66 (100%) running_loss=0.3752
2026-09-24 05:23:08,179 INFO epoch 157/200 done: train_loss=0.3752 val_loss=0.2483 val_accuracy=0.9488 val_macro_f1=0.9318 val_macro_auc=0.9923 (checkpoint_metric=macro_auc)
2026-09-24 05:23:12,279 INFO train epoch 158/200 batch 13/66 (20%) running_loss=0.3690
2026-09-24 05:23:15,895 INFO train epoch 158/200 batch 26/66 (39%) running_loss=0.3681
2026-09-24 05:23:19,530 INFO train epoch 158/200 batch 39/66 (59%) running_loss=0.3738
2026-09-24 05:23:23,120 INFO train epoch 158/200 batch 52/66 (79%) running_loss=0.3734
2026-09-24 05:23:26,709 INFO train epoch 158/200 batch 65/66 (98%) running_loss=0.3732
2026-09-24 05:23:26,936 INFO train epoch 158/200 batch 66/66 (100%) running_loss=0.3726
2026-09-24 05:23:29,431 INFO epoch 158/200 done: train_loss=0.3726 val_loss=0.2266 val_accuracy=0.9570 val_macro_f1=0.9403 val_macro_auc=0.9920 (checkpoint_metric=macro_auc)
2026-09-24 05:23:33,515 INFO train epoch 159/200 batch 13/66 (20%) running_loss=0.3893
2026-09-24 05:23:37,214 INFO train epoch 159/200 batch 26/66 (39%) running_loss=0.3803
2026-09-24 05:23:40,817 INFO train epoch 159/200 batch 39/66 (59%) running_loss=0.3705
2026-09-24 05:23:44,422 INFO train epoch 159/200 batch 52/66 (79%) running_loss=0.3766
2026-09-24 05:23:48,033 INFO train epoch 159/200 batch 65/66 (98%) running_loss=0.3763
2026-09-24 05:23:48,261 INFO train epoch 159/200 batch 66/66 (100%) running_loss=0.3756
2026-09-24 05:23:50,764 INFO epoch 159/200 done: train_loss=0.3756 val_loss=0.2317 val_accuracy=0.9549 val_macro_f1=0.9372 val_macro_auc=0.9935 (checkpoint_metric=macro_auc)
2026-09-24 05:23:54,820 INFO train epoch 160/200 batch 13/66 (20%) running_loss=0.3524
2026-09-24 05:23:58,398 INFO train epoch 160/200 batch 26/66 (39%) running_loss=0.3569
2026-09-24 05:24:01,987 INFO train epoch 160/200 batch 39/66 (59%) running_loss=0.3663
2026-09-24 05:24:05,584 INFO train epoch 160/200 batch 52/66 (79%) running_loss=0.3684
2026-09-24 05:24:09,160 INFO train epoch 160/200 batch 65/66 (98%) running_loss=0.3666
2026-09-24 05:24:09,387 INFO train epoch 160/200 batch 66/66 (100%) running_loss=0.3666
2026-09-24 05:24:11,908 INFO epoch 160/200 done: train_loss=0.3666 val_loss=0.1981 val_accuracy=0.9631 val_macro_f1=0.9485 val_macro_auc=0.9942 (checkpoint_metric=macro_auc)
2026-09-24 05:24:16,046 INFO train epoch 161/200 batch 13/66 (20%) running_loss=0.3842
2026-09-24 05:24:19,651 INFO train epoch 161/200 batch 26/66 (39%) running_loss=0.3757
2026-09-24 05:24:23,283 INFO train epoch 161/200 batch 39/66 (59%) running_loss=0.3735
2026-09-24 05:24:26,885 INFO train epoch 161/200 batch 52/66 (79%) running_loss=0.3697
2026-09-24 05:24:30,482 INFO train epoch 161/200 batch 65/66 (98%) running_loss=0.3674
2026-09-24 05:24:30,709 INFO train epoch 161/200 batch 66/66 (100%) running_loss=0.3670
2026-09-24 05:24:33,241 INFO epoch 161/200 done: train_loss=0.3670 val_loss=0.2101 val_accuracy=0.9590 val_macro_f1=0.9427 val_macro_auc=0.9946 (checkpoint_metric=macro_auc)
2026-09-24 05:24:37,344 INFO train epoch 162/200 batch 13/66 (20%) running_loss=0.3715
2026-09-24 05:24:40,963 INFO train epoch 162/200 batch 26/66 (39%) running_loss=0.3680
2026-09-24 05:24:44,721 INFO train epoch 162/200 batch 39/66 (59%) running_loss=0.3711
2026-09-24 05:24:48,299 INFO train epoch 162/200 batch 52/66 (79%) running_loss=0.3726
2026-09-24 05:24:51,887 INFO train epoch 162/200 batch 65/66 (98%) running_loss=0.3706
2026-09-24 05:24:52,116 INFO train epoch 162/200 batch 66/66 (100%) running_loss=0.3709
2026-09-24 05:24:54,625 INFO epoch 162/200 done: train_loss=0.3709 val_loss=0.2308 val_accuracy=0.9529 val_macro_f1=0.9357 val_macro_auc=0.9934 (checkpoint_metric=macro_auc)
2026-09-24 05:24:58,687 INFO train epoch 163/200 batch 13/66 (20%) running_loss=0.3578
2026-09-24 05:25:02,315 INFO train epoch 163/200 batch 26/66 (39%) running_loss=0.3679
2026-09-24 05:25:05,909 INFO train epoch 163/200 batch 39/66 (59%) running_loss=0.3694
2026-09-24 05:25:09,532 INFO train epoch 163/200 batch 52/66 (79%) running_loss=0.3657
2026-09-24 05:25:13,151 INFO train epoch 163/200 batch 65/66 (98%) running_loss=0.3681
2026-09-24 05:25:13,383 INFO train epoch 163/200 batch 66/66 (100%) running_loss=0.3699
2026-09-24 05:25:15,881 INFO epoch 163/200 done: train_loss=0.3699 val_loss=0.2296 val_accuracy=0.9529 val_macro_f1=0.9362 val_macro_auc=0.9938 (checkpoint_metric=macro_auc)
2026-09-24 05:25:19,965 INFO train epoch 164/200 batch 13/66 (20%) running_loss=0.3531
2026-09-24 05:25:23,547 INFO train epoch 164/200 batch 26/66 (39%) running_loss=0.3593
2026-09-24 05:25:27,128 INFO train epoch 164/200 batch 39/66 (59%) running_loss=0.3599
2026-09-24 05:25:30,709 INFO train epoch 164/200 batch 52/66 (79%) running_loss=0.3610
2026-09-24 05:25:34,297 INFO train epoch 164/200 batch 65/66 (98%) running_loss=0.3602
2026-09-24 05:25:34,523 INFO train epoch 164/200 batch 66/66 (100%) running_loss=0.3609
2026-09-24 05:25:37,013 INFO epoch 164/200 done: train_loss=0.3609 val_loss=0.2420 val_accuracy=0.9488 val_macro_f1=0.9305 val_macro_auc=0.9930 (checkpoint_metric=macro_auc)
2026-09-24 05:25:41,081 INFO train epoch 165/200 batch 13/66 (20%) running_loss=0.3659
2026-09-24 05:25:44,670 INFO train epoch 165/200 batch 26/66 (39%) running_loss=0.3576
2026-09-24 05:25:48,274 INFO train epoch 165/200 batch 39/66 (59%) running_loss=0.3567
2026-09-24 05:25:51,988 INFO train epoch 165/200 batch 52/66 (79%) running_loss=0.3600
2026-09-24 05:25:55,567 INFO train epoch 165/200 batch 65/66 (98%) running_loss=0.3573
2026-09-24 05:25:55,807 INFO train epoch 165/200 batch 66/66 (100%) running_loss=0.3590
2026-09-24 05:25:58,309 INFO epoch 165/200 done: train_loss=0.3590 val_loss=0.2208 val_accuracy=0.9549 val_macro_f1=0.9378 val_macro_auc=0.9924 (checkpoint_metric=macro_auc)
2026-09-24 05:26:02,437 INFO train epoch 166/200 batch 13/66 (20%) running_loss=0.3683
2026-09-24 05:26:06,033 INFO train epoch 166/200 batch 26/66 (39%) running_loss=0.3707
2026-09-24 05:26:09,650 INFO train epoch 166/200 batch 39/66 (59%) running_loss=0.3695
2026-09-24 05:26:13,225 INFO train epoch 166/200 batch 52/66 (79%) running_loss=0.3676
2026-09-24 05:26:16,790 INFO train epoch 166/200 batch 65/66 (98%) running_loss=0.3689
2026-09-24 05:26:17,016 INFO train epoch 166/200 batch 66/66 (100%) running_loss=0.3687
2026-09-24 05:26:19,497 INFO epoch 166/200 done: train_loss=0.3687 val_loss=0.2535 val_accuracy=0.9406 val_macro_f1=0.9203 val_macro_auc=0.9917 (checkpoint_metric=macro_auc)
2026-09-24 05:26:23,600 INFO train epoch 167/200 batch 13/66 (20%) running_loss=0.3565
2026-09-24 05:26:27,195 INFO train epoch 167/200 batch 26/66 (39%) running_loss=0.3622
2026-09-24 05:26:30,844 INFO train epoch 167/200 batch 39/66 (59%) running_loss=0.3660
2026-09-24 05:26:34,479 INFO train epoch 167/200 batch 52/66 (79%) running_loss=0.3623
2026-09-24 05:26:38,080 INFO train epoch 167/200 batch 65/66 (98%) running_loss=0.3628
2026-09-24 05:26:38,305 INFO train epoch 167/200 batch 66/66 (100%) running_loss=0.3649
2026-09-24 05:26:40,818 INFO epoch 167/200 done: train_loss=0.3649 val_loss=0.2499 val_accuracy=0.9426 val_macro_f1=0.9242 val_macro_auc=0.9929 (checkpoint_metric=macro_auc)
2026-09-24 05:26:44,901 INFO train epoch 168/200 batch 13/66 (20%) running_loss=0.3571
2026-09-24 05:26:48,469 INFO train epoch 168/200 batch 26/66 (39%) running_loss=0.3574
2026-09-24 05:26:52,045 INFO train epoch 168/200 batch 39/66 (59%) running_loss=0.3546
2026-09-24 05:26:55,804 INFO train epoch 168/200 batch 52/66 (79%) running_loss=0.3562
2026-09-24 05:26:59,420 INFO train epoch 168/200 batch 65/66 (98%) running_loss=0.3544
2026-09-24 05:26:59,646 INFO train epoch 168/200 batch 66/66 (100%) running_loss=0.3546
2026-09-24 05:27:02,163 INFO epoch 168/200 done: train_loss=0.3546 val_loss=0.2455 val_accuracy=0.9488 val_macro_f1=0.9323 val_macro_auc=0.9921 (checkpoint_metric=macro_auc)
2026-09-24 05:27:06,276 INFO train epoch 169/200 batch 13/66 (20%) running_loss=0.3647
2026-09-24 05:27:09,888 INFO train epoch 169/200 batch 26/66 (39%) running_loss=0.3613
2026-09-24 05:27:13,533 INFO train epoch 169/200 batch 39/66 (59%) running_loss=0.3561
2026-09-24 05:27:17,115 INFO train epoch 169/200 batch 52/66 (79%) running_loss=0.3585
2026-09-24 05:27:20,702 INFO train epoch 169/200 batch 65/66 (98%) running_loss=0.3594
2026-09-24 05:27:20,933 INFO train epoch 169/200 batch 66/66 (100%) running_loss=0.3594
2026-09-24 05:27:23,431 INFO epoch 169/200 done: train_loss=0.3594 val_loss=0.2658 val_accuracy=0.9324 val_macro_f1=0.9128 val_macro_auc=0.9914 (checkpoint_metric=macro_auc)
2026-09-24 05:27:27,567 INFO train epoch 170/200 batch 13/66 (20%) running_loss=0.3804
2026-09-24 05:27:31,170 INFO train epoch 170/200 batch 26/66 (39%) running_loss=0.3717
2026-09-24 05:27:34,786 INFO train epoch 170/200 batch 39/66 (59%) running_loss=0.3659
2026-09-24 05:27:38,411 INFO train epoch 170/200 batch 52/66 (79%) running_loss=0.3618
2026-09-24 05:27:42,028 INFO train epoch 170/200 batch 65/66 (98%) running_loss=0.3662
2026-09-24 05:27:42,254 INFO train epoch 170/200 batch 66/66 (100%) running_loss=0.3675
2026-09-24 05:27:44,746 INFO epoch 170/200 done: train_loss=0.3675 val_loss=0.2375 val_accuracy=0.9529 val_macro_f1=0.9354 val_macro_auc=0.9910 (checkpoint_metric=macro_auc)
2026-09-24 05:27:48,841 INFO train epoch 171/200 batch 13/66 (20%) running_loss=0.3694
2026-09-24 05:27:52,420 INFO train epoch 171/200 batch 26/66 (39%) running_loss=0.3624
2026-09-24 05:27:55,998 INFO train epoch 171/200 batch 39/66 (59%) running_loss=0.3591
2026-09-24 05:27:59,589 INFO train epoch 171/200 batch 52/66 (79%) running_loss=0.3632
2026-09-24 05:28:03,276 INFO train epoch 171/200 batch 65/66 (98%) running_loss=0.3606
2026-09-24 05:28:03,501 INFO train epoch 171/200 batch 66/66 (100%) running_loss=0.3607
2026-09-24 05:28:06,005 INFO epoch 171/200 done: train_loss=0.3607 val_loss=0.2498 val_accuracy=0.9344 val_macro_f1=0.9154 val_macro_auc=0.9919 (checkpoint_metric=macro_auc)
2026-09-24 05:28:10,086 INFO train epoch 172/200 batch 13/66 (20%) running_loss=0.3500
2026-09-24 05:28:13,695 INFO train epoch 172/200 batch 26/66 (39%) running_loss=0.3446
2026-09-24 05:28:17,351 INFO train epoch 172/200 batch 39/66 (59%) running_loss=0.3528
2026-09-24 05:28:20,972 INFO train epoch 172/200 batch 52/66 (79%) running_loss=0.3591
2026-09-24 05:28:24,554 INFO train epoch 172/200 batch 65/66 (98%) running_loss=0.3590
2026-09-24 05:28:24,784 INFO train epoch 172/200 batch 66/66 (100%) running_loss=0.3591
2026-09-24 05:28:27,280 INFO epoch 172/200 done: train_loss=0.3591 val_loss=0.2188 val_accuracy=0.9611 val_macro_f1=0.9468 val_macro_auc=0.9931 (checkpoint_metric=macro_auc)
2026-09-24 05:28:31,366 INFO train epoch 173/200 batch 13/66 (20%) running_loss=0.3695
2026-09-24 05:28:35,003 INFO train epoch 173/200 batch 26/66 (39%) running_loss=0.3693
2026-09-24 05:28:38,653 INFO train epoch 173/200 batch 39/66 (59%) running_loss=0.3565
2026-09-24 05:28:42,355 INFO train epoch 173/200 batch 52/66 (79%) running_loss=0.3603
2026-09-24 05:28:45,974 INFO train epoch 173/200 batch 65/66 (98%) running_loss=0.3601
2026-09-24 05:28:46,203 INFO train epoch 173/200 batch 66/66 (100%) running_loss=0.3606
2026-09-24 05:28:48,701 INFO epoch 173/200 done: train_loss=0.3606 val_loss=0.2722 val_accuracy=0.9242 val_macro_f1=0.9028 val_macro_auc=0.9896 (checkpoint_metric=macro_auc)
2026-09-24 05:28:52,814 INFO train epoch 174/200 batch 13/66 (20%) running_loss=0.3529
2026-09-24 05:28:56,409 INFO train epoch 174/200 batch 26/66 (39%) running_loss=0.3494
2026-09-24 05:29:00,036 INFO train epoch 174/200 batch 39/66 (59%) running_loss=0.3523
2026-09-24 05:29:03,810 INFO train epoch 174/200 batch 52/66 (79%) running_loss=0.3550
2026-09-24 05:29:07,391 INFO train epoch 174/200 batch 65/66 (98%) running_loss=0.3558
2026-09-24 05:29:07,621 INFO train epoch 174/200 batch 66/66 (100%) running_loss=0.3561
2026-09-24 05:29:10,115 INFO epoch 174/200 done: train_loss=0.3561 val_loss=0.2441 val_accuracy=0.9467 val_macro_f1=0.9301 val_macro_auc=0.9922 (checkpoint_metric=macro_auc)
2026-09-24 05:29:14,188 INFO train epoch 175/200 batch 13/66 (20%) running_loss=0.3580
2026-09-24 05:29:17,765 INFO train epoch 175/200 batch 26/66 (39%) running_loss=0.3595
2026-09-24 05:29:21,349 INFO train epoch 175/200 batch 39/66 (59%) running_loss=0.3526
2026-09-24 05:29:24,931 INFO train epoch 175/200 batch 52/66 (79%) running_loss=0.3558
2026-09-24 05:29:28,521 INFO train epoch 175/200 batch 65/66 (98%) running_loss=0.3561
2026-09-24 05:29:28,750 INFO train epoch 175/200 batch 66/66 (100%) running_loss=0.3576
2026-09-24 05:29:31,237 INFO epoch 175/200 done: train_loss=0.3576 val_loss=0.2337 val_accuracy=0.9529 val_macro_f1=0.9351 val_macro_auc=0.9922 (checkpoint_metric=macro_auc)
2026-09-24 05:29:35,348 INFO train epoch 176/200 batch 13/66 (20%) running_loss=0.3562
2026-09-24 05:29:38,946 INFO train epoch 176/200 batch 26/66 (39%) running_loss=0.3637
2026-09-24 05:29:42,536 INFO train epoch 176/200 batch 39/66 (59%) running_loss=0.3627
2026-09-24 05:29:46,124 INFO train epoch 176/200 batch 52/66 (79%) running_loss=0.3605
2026-09-24 05:29:49,718 INFO train epoch 176/200 batch 65/66 (98%) running_loss=0.3590
2026-09-24 05:29:49,947 INFO train epoch 176/200 batch 66/66 (100%) running_loss=0.3589
2026-09-24 05:29:52,439 INFO epoch 176/200 done: train_loss=0.3589 val_loss=0.2126 val_accuracy=0.9590 val_macro_f1=0.9443 val_macro_auc=0.9939 (checkpoint_metric=macro_auc)
2026-09-24 05:29:56,523 INFO train epoch 177/200 batch 13/66 (20%) running_loss=0.3494
2026-09-24 05:30:00,114 INFO train epoch 177/200 batch 26/66 (39%) running_loss=0.3576
2026-09-24 05:30:03,701 INFO train epoch 177/200 batch 39/66 (59%) running_loss=0.3561
2026-09-24 05:30:07,294 INFO train epoch 177/200 batch 52/66 (79%) running_loss=0.3590
2026-09-24 05:30:10,888 INFO train epoch 177/200 batch 65/66 (98%) running_loss=0.3561
2026-09-24 05:30:11,114 INFO train epoch 177/200 batch 66/66 (100%) running_loss=0.3562
2026-09-24 05:30:13,614 INFO epoch 177/200 done: train_loss=0.3562 val_loss=0.2373 val_accuracy=0.9467 val_macro_f1=0.9293 val_macro_auc=0.9929 (checkpoint_metric=macro_auc)
2026-09-24 05:30:17,906 INFO train epoch 178/200 batch 13/66 (20%) running_loss=0.3639
2026-09-24 05:30:21,487 INFO train epoch 178/200 batch 26/66 (39%) running_loss=0.3557
2026-09-24 05:30:25,065 INFO train epoch 178/200 batch 39/66 (59%) running_loss=0.3571
2026-09-24 05:30:28,648 INFO train epoch 178/200 batch 52/66 (79%) running_loss=0.3547
2026-09-24 05:30:32,229 INFO train epoch 178/200 batch 65/66 (98%) running_loss=0.3576
2026-09-24 05:30:32,459 INFO train epoch 178/200 batch 66/66 (100%) running_loss=0.3571
2026-09-24 05:30:34,956 INFO epoch 178/200 done: train_loss=0.3571 val_loss=0.2212 val_accuracy=0.9611 val_macro_f1=0.9465 val_macro_auc=0.9940 (checkpoint_metric=macro_auc)
2026-09-24 05:30:39,049 INFO train epoch 179/200 batch 13/66 (20%) running_loss=0.3590
2026-09-24 05:30:42,644 INFO train epoch 179/200 batch 26/66 (39%) running_loss=0.3520
2026-09-24 05:30:46,232 INFO train epoch 179/200 batch 39/66 (59%) running_loss=0.3522
2026-09-24 05:30:49,819 INFO train epoch 179/200 batch 52/66 (79%) running_loss=0.3525
2026-09-24 05:30:53,404 INFO train epoch 179/200 batch 65/66 (98%) running_loss=0.3505
2026-09-24 05:30:53,633 INFO train epoch 179/200 batch 66/66 (100%) running_loss=0.3507
2026-09-24 05:30:56,146 INFO epoch 179/200 done: train_loss=0.3507 val_loss=0.2157 val_accuracy=0.9549 val_macro_f1=0.9387 val_macro_auc=0.9939 (checkpoint_metric=macro_auc)
2026-09-24 05:31:00,262 INFO train epoch 180/200 batch 13/66 (20%) running_loss=0.3559
2026-09-24 05:31:03,842 INFO train epoch 180/200 batch 26/66 (39%) running_loss=0.3530
2026-09-24 05:31:07,431 INFO train epoch 180/200 batch 39/66 (59%) running_loss=0.3506
2026-09-24 05:31:11,017 INFO train epoch 180/200 batch 52/66 (79%) running_loss=0.3564
2026-09-24 05:31:14,767 INFO train epoch 180/200 batch 65/66 (98%) running_loss=0.3555
2026-09-24 05:31:14,993 INFO train epoch 180/200 batch 66/66 (100%) running_loss=0.3551
2026-09-24 05:31:17,501 INFO epoch 180/200 done: train_loss=0.3551 val_loss=0.2192 val_accuracy=0.9570 val_macro_f1=0.9409 val_macro_auc=0.9937 (checkpoint_metric=macro_auc)
2026-09-24 05:31:21,591 INFO train epoch 181/200 batch 13/66 (20%) running_loss=0.3588
2026-09-24 05:31:25,172 INFO train epoch 181/200 batch 26/66 (39%) running_loss=0.3536
2026-09-24 05:31:28,755 INFO train epoch 181/200 batch 39/66 (59%) running_loss=0.3499
2026-09-24 05:31:32,347 INFO train epoch 181/200 batch 52/66 (79%) running_loss=0.3531
2026-09-24 05:31:35,932 INFO train epoch 181/200 batch 65/66 (98%) running_loss=0.3532
2026-09-24 05:31:36,158 INFO train epoch 181/200 batch 66/66 (100%) running_loss=0.3542
2026-09-24 05:31:38,651 INFO epoch 181/200 done: train_loss=0.3542 val_loss=0.2276 val_accuracy=0.9508 val_macro_f1=0.9335 val_macro_auc=0.9928 (checkpoint_metric=macro_auc)
2026-09-24 05:31:42,738 INFO train epoch 182/200 batch 13/66 (20%) running_loss=0.3549
2026-09-24 05:31:46,336 INFO train epoch 182/200 batch 26/66 (39%) running_loss=0.3514
2026-09-24 05:31:49,933 INFO train epoch 182/200 batch 39/66 (59%) running_loss=0.3534
2026-09-24 05:31:53,534 INFO train epoch 182/200 batch 52/66 (79%) running_loss=0.3531
2026-09-24 05:31:57,107 INFO train epoch 182/200 batch 65/66 (98%) running_loss=0.3518
2026-09-24 05:31:57,331 INFO train epoch 182/200 batch 66/66 (100%) running_loss=0.3514
2026-09-24 05:31:59,831 INFO epoch 182/200 done: train_loss=0.3514 val_loss=0.2278 val_accuracy=0.9488 val_macro_f1=0.9308 val_macro_auc=0.9927 (checkpoint_metric=macro_auc)
2026-09-24 05:32:03,941 INFO train epoch 183/200 batch 13/66 (20%) running_loss=0.3603
2026-09-24 05:32:07,547 INFO train epoch 183/200 batch 26/66 (39%) running_loss=0.3559
2026-09-24 05:32:11,145 INFO train epoch 183/200 batch 39/66 (59%) running_loss=0.3585
2026-09-24 05:32:14,750 INFO train epoch 183/200 batch 52/66 (79%) running_loss=0.3579
2026-09-24 05:32:18,340 INFO train epoch 183/200 batch 65/66 (98%) running_loss=0.3538
2026-09-24 05:32:18,571 INFO train epoch 183/200 batch 66/66 (100%) running_loss=0.3534
2026-09-24 05:32:21,062 INFO epoch 183/200 done: train_loss=0.3534 val_loss=0.2365 val_accuracy=0.9467 val_macro_f1=0.9296 val_macro_auc=0.9927 (checkpoint_metric=macro_auc)
2026-09-24 05:32:25,340 INFO train epoch 184/200 batch 13/66 (20%) running_loss=0.3518
2026-09-24 05:32:28,934 INFO train epoch 184/200 batch 26/66 (39%) running_loss=0.3477
2026-09-24 05:32:32,534 INFO train epoch 184/200 batch 39/66 (59%) running_loss=0.3501
2026-09-24 05:32:36,133 INFO train epoch 184/200 batch 52/66 (79%) running_loss=0.3517
2026-09-24 05:32:39,724 INFO train epoch 184/200 batch 65/66 (98%) running_loss=0.3508
2026-09-24 05:32:39,952 INFO train epoch 184/200 batch 66/66 (100%) running_loss=0.3509
2026-09-24 05:32:42,471 INFO epoch 184/200 done: train_loss=0.3509 val_loss=0.2380 val_accuracy=0.9488 val_macro_f1=0.9311 val_macro_auc=0.9927 (checkpoint_metric=macro_auc)
2026-09-24 05:32:46,576 INFO train epoch 185/200 batch 13/66 (20%) running_loss=0.3488
2026-09-24 05:32:50,186 INFO train epoch 185/200 batch 26/66 (39%) running_loss=0.3542
2026-09-24 05:32:53,790 INFO train epoch 185/200 batch 39/66 (59%) running_loss=0.3565
2026-09-24 05:32:57,381 INFO train epoch 185/200 batch 52/66 (79%) running_loss=0.3558
2026-09-24 05:33:00,974 INFO train epoch 185/200 batch 65/66 (98%) running_loss=0.3549
2026-09-24 05:33:01,205 INFO train epoch 185/200 batch 66/66 (100%) running_loss=0.3554
2026-09-24 05:33:03,705 INFO epoch 185/200 done: train_loss=0.3554 val_loss=0.2577 val_accuracy=0.9365 val_macro_f1=0.9180 val_macro_auc=0.9920 (checkpoint_metric=macro_auc)
2026-09-24 05:33:07,794 INFO train epoch 186/200 batch 13/66 (20%) running_loss=0.3407
2026-09-24 05:33:11,380 INFO train epoch 186/200 batch 26/66 (39%) running_loss=0.3410
2026-09-24 05:33:14,945 INFO train epoch 186/200 batch 39/66 (59%) running_loss=0.3489
2026-09-24 05:33:18,537 INFO train epoch 186/200 batch 52/66 (79%) running_loss=0.3519
2026-09-24 05:33:22,304 INFO train epoch 186/200 batch 65/66 (98%) running_loss=0.3508
2026-09-24 05:33:22,531 INFO train epoch 186/200 batch 66/66 (100%) running_loss=0.3507
2026-09-24 05:33:25,020 INFO epoch 186/200 done: train_loss=0.3507 val_loss=0.2227 val_accuracy=0.9570 val_macro_f1=0.9406 val_macro_auc=0.9928 (checkpoint_metric=macro_auc)
2026-09-24 05:33:29,097 INFO train epoch 187/200 batch 13/66 (20%) running_loss=0.3516
2026-09-24 05:33:32,712 INFO train epoch 187/200 batch 26/66 (39%) running_loss=0.3517
2026-09-24 05:33:36,301 INFO train epoch 187/200 batch 39/66 (59%) running_loss=0.3491
2026-09-24 05:33:39,903 INFO train epoch 187/200 batch 52/66 (79%) running_loss=0.3533
2026-09-24 05:33:43,481 INFO train epoch 187/200 batch 65/66 (98%) running_loss=0.3503
2026-09-24 05:33:43,707 INFO train epoch 187/200 batch 66/66 (100%) running_loss=0.3500
2026-09-24 05:33:46,200 INFO epoch 187/200 done: train_loss=0.3500 val_loss=0.2361 val_accuracy=0.9549 val_macro_f1=0.9384 val_macro_auc=0.9920 (checkpoint_metric=macro_auc)
2026-09-24 05:33:50,277 INFO train epoch 188/200 batch 13/66 (20%) running_loss=0.3560
2026-09-24 05:33:53,882 INFO train epoch 188/200 batch 26/66 (39%) running_loss=0.3519
2026-09-24 05:33:57,479 INFO train epoch 188/200 batch 39/66 (59%) running_loss=0.3558
2026-09-24 05:34:01,094 INFO train epoch 188/200 batch 52/66 (79%) running_loss=0.3518
2026-09-24 05:34:04,690 INFO train epoch 188/200 batch 65/66 (98%) running_loss=0.3520
2026-09-24 05:34:04,920 INFO train epoch 188/200 batch 66/66 (100%) running_loss=0.3516
2026-09-24 05:34:07,410 INFO epoch 188/200 done: train_loss=0.3516 val_loss=0.2338 val_accuracy=0.9488 val_macro_f1=0.9318 val_macro_auc=0.9922 (checkpoint_metric=macro_auc)
2026-09-24 05:34:11,491 INFO train epoch 189/200 batch 13/66 (20%) running_loss=0.3621
2026-09-24 05:34:15,079 INFO train epoch 189/200 batch 26/66 (39%) running_loss=0.3552
2026-09-24 05:34:18,773 INFO train epoch 189/200 batch 39/66 (59%) running_loss=0.3553
2026-09-24 05:34:22,354 INFO train epoch 189/200 batch 52/66 (79%) running_loss=0.3565
2026-09-24 05:34:25,956 INFO train epoch 189/200 batch 65/66 (98%) running_loss=0.3547
2026-09-24 05:34:26,183 INFO train epoch 189/200 batch 66/66 (100%) running_loss=0.3549
2026-09-24 05:34:28,680 INFO epoch 189/200 done: train_loss=0.3549 val_loss=0.2399 val_accuracy=0.9488 val_macro_f1=0.9321 val_macro_auc=0.9924 (checkpoint_metric=macro_auc)
2026-09-24 05:34:32,791 INFO train epoch 190/200 batch 13/66 (20%) running_loss=0.3480
2026-09-24 05:34:36,372 INFO train epoch 190/200 batch 26/66 (39%) running_loss=0.3541
2026-09-24 05:34:39,962 INFO train epoch 190/200 batch 39/66 (59%) running_loss=0.3522
2026-09-24 05:34:43,555 INFO train epoch 190/200 batch 52/66 (79%) running_loss=0.3525
2026-09-24 05:34:47,146 INFO train epoch 190/200 batch 65/66 (98%) running_loss=0.3530
2026-09-24 05:34:47,371 INFO train epoch 190/200 batch 66/66 (100%) running_loss=0.3528
2026-09-24 05:34:49,865 INFO epoch 190/200 done: train_loss=0.3528 val_loss=0.2404 val_accuracy=0.9508 val_macro_f1=0.9335 val_macro_auc=0.9921 (checkpoint_metric=macro_auc)
2026-09-24 05:34:53,946 INFO train epoch 191/200 batch 13/66 (20%) running_loss=0.3555
2026-09-24 05:34:57,528 INFO train epoch 191/200 batch 26/66 (39%) running_loss=0.3582
2026-09-24 05:35:01,128 INFO train epoch 191/200 batch 39/66 (59%) running_loss=0.3579
2026-09-24 05:35:04,730 INFO train epoch 191/200 batch 52/66 (79%) running_loss=0.3585
2026-09-24 05:35:08,325 INFO train epoch 191/200 batch 65/66 (98%) running_loss=0.3589
2026-09-24 05:35:08,551 INFO train epoch 191/200 batch 66/66 (100%) running_loss=0.3592
2026-09-24 05:35:11,048 INFO epoch 191/200 done: train_loss=0.3592 val_loss=0.2358 val_accuracy=0.9529 val_macro_f1=0.9360 val_macro_auc=0.9922 (checkpoint_metric=macro_auc)
2026-09-24 05:35:15,139 INFO train epoch 192/200 batch 13/66 (20%) running_loss=0.3432
2026-09-24 05:35:18,731 INFO train epoch 192/200 batch 26/66 (39%) running_loss=0.3363
2026-09-24 05:35:22,321 INFO train epoch 192/200 batch 39/66 (59%) running_loss=0.3402
2026-09-24 05:35:25,930 INFO train epoch 192/200 batch 52/66 (79%) running_loss=0.3402
2026-09-24 05:35:29,705 INFO train epoch 192/200 batch 65/66 (98%) running_loss=0.3427
2026-09-24 05:35:29,930 INFO train epoch 192/200 batch 66/66 (100%) running_loss=0.3425
2026-09-24 05:35:32,445 INFO epoch 192/200 done: train_loss=0.3425 val_loss=0.2331 val_accuracy=0.9549 val_macro_f1=0.9381 val_macro_auc=0.9926 (checkpoint_metric=macro_auc)
2026-09-24 05:35:36,515 INFO train epoch 193/200 batch 13/66 (20%) running_loss=0.3535
2026-09-24 05:35:40,097 INFO train epoch 193/200 batch 26/66 (39%) running_loss=0.3436
2026-09-24 05:35:43,672 INFO train epoch 193/200 batch 39/66 (59%) running_loss=0.3498
2026-09-24 05:35:47,248 INFO train epoch 193/200 batch 52/66 (79%) running_loss=0.3513
2026-09-24 05:35:50,841 INFO train epoch 193/200 batch 65/66 (98%) running_loss=0.3497
2026-09-24 05:35:51,069 INFO train epoch 193/200 batch 66/66 (100%) running_loss=0.3500
2026-09-24 05:35:53,573 INFO epoch 193/200 done: train_loss=0.3500 val_loss=0.2424 val_accuracy=0.9508 val_macro_f1=0.9329 val_macro_auc=0.9916 (checkpoint_metric=macro_auc)
2026-09-24 05:35:57,596 INFO train epoch 194/200 batch 13/66 (20%) running_loss=0.3375
2026-09-24 05:36:01,175 INFO train epoch 194/200 batch 26/66 (39%) running_loss=0.3462
2026-09-24 05:36:04,773 INFO train epoch 194/200 batch 39/66 (59%) running_loss=0.3521
2026-09-24 05:36:08,349 INFO train epoch 194/200 batch 52/66 (79%) running_loss=0.3527
2026-09-24 05:36:11,928 INFO train epoch 194/200 batch 65/66 (98%) running_loss=0.3517
2026-09-24 05:36:12,156 INFO train epoch 194/200 batch 66/66 (100%) running_loss=0.3520
2026-09-24 05:36:14,639 INFO epoch 194/200 done: train_loss=0.3520 val_loss=0.2305 val_accuracy=0.9529 val_macro_f1=0.9354 val_macro_auc=0.9922 (checkpoint_metric=macro_auc)
2026-09-24 05:36:18,711 INFO train epoch 195/200 batch 13/66 (20%) running_loss=0.3581
2026-09-24 05:36:22,296 INFO train epoch 195/200 batch 26/66 (39%) running_loss=0.3585
2026-09-24 05:36:25,984 INFO train epoch 195/200 batch 39/66 (59%) running_loss=0.3588
2026-09-24 05:36:29,560 INFO train epoch 195/200 batch 52/66 (79%) running_loss=0.3559
2026-09-24 05:36:33,136 INFO train epoch 195/200 batch 65/66 (98%) running_loss=0.3563
2026-09-24 05:36:33,359 INFO train epoch 195/200 batch 66/66 (100%) running_loss=0.3563
2026-09-24 05:36:35,855 INFO epoch 195/200 done: train_loss=0.3563 val_loss=0.2339 val_accuracy=0.9549 val_macro_f1=0.9381 val_macro_auc=0.9925 (checkpoint_metric=macro_auc)
2026-09-24 05:36:39,939 INFO train epoch 196/200 batch 13/66 (20%) running_loss=0.3544
2026-09-24 05:36:43,555 INFO train epoch 196/200 batch 26/66 (39%) running_loss=0.3473
2026-09-24 05:36:47,175 INFO train epoch 196/200 batch 39/66 (59%) running_loss=0.3498
2026-09-24 05:36:50,766 INFO train epoch 196/200 batch 52/66 (79%) running_loss=0.3515
2026-09-24 05:36:54,358 INFO train epoch 196/200 batch 65/66 (98%) running_loss=0.3520
2026-09-24 05:36:54,583 INFO train epoch 196/200 batch 66/66 (100%) running_loss=0.3519
2026-09-24 05:36:57,077 INFO epoch 196/200 done: train_loss=0.3519 val_loss=0.2342 val_accuracy=0.9508 val_macro_f1=0.9335 val_macro_auc=0.9921 (checkpoint_metric=macro_auc)
2026-09-24 05:37:01,179 INFO train epoch 197/200 batch 13/66 (20%) running_loss=0.3493
2026-09-24 05:37:04,788 INFO train epoch 197/200 batch 26/66 (39%) running_loss=0.3509
2026-09-24 05:37:08,365 INFO train epoch 197/200 batch 39/66 (59%) running_loss=0.3490
2026-09-24 05:37:11,970 INFO train epoch 197/200 batch 52/66 (79%) running_loss=0.3482
2026-09-24 05:37:15,572 INFO train epoch 197/200 batch 65/66 (98%) running_loss=0.3470
2026-09-24 05:37:15,801 INFO train epoch 197/200 batch 66/66 (100%) running_loss=0.3480
2026-09-24 05:37:18,306 INFO epoch 197/200 done: train_loss=0.3480 val_loss=0.2437 val_accuracy=0.9467 val_macro_f1=0.9281 val_macro_auc=0.9917 (checkpoint_metric=macro_auc)
2026-09-24 05:37:22,394 INFO train epoch 198/200 batch 13/66 (20%) running_loss=0.3516
2026-09-24 05:37:25,977 INFO train epoch 198/200 batch 26/66 (39%) running_loss=0.3486
2026-09-24 05:37:29,570 INFO train epoch 198/200 batch 39/66 (59%) running_loss=0.3508
2026-09-24 05:37:33,166 INFO train epoch 198/200 batch 52/66 (79%) running_loss=0.3540
2026-09-24 05:37:36,932 INFO train epoch 198/200 batch 65/66 (98%) running_loss=0.3514
2026-09-24 05:37:37,158 INFO train epoch 198/200 batch 66/66 (100%) running_loss=0.3511
2026-09-24 05:37:39,674 INFO epoch 198/200 done: train_loss=0.3511 val_loss=0.2390 val_accuracy=0.9467 val_macro_f1=0.9284 val_macro_auc=0.9919 (checkpoint_metric=macro_auc)
2026-09-24 05:37:43,755 INFO train epoch 199/200 batch 13/66 (20%) running_loss=0.3612
2026-09-24 05:37:47,330 INFO train epoch 199/200 batch 26/66 (39%) running_loss=0.3505
2026-09-24 05:37:50,907 INFO train epoch 199/200 batch 39/66 (59%) running_loss=0.3518
2026-09-24 05:37:54,493 INFO train epoch 199/200 batch 52/66 (79%) running_loss=0.3480
2026-09-24 05:37:58,105 INFO train epoch 199/200 batch 65/66 (98%) running_loss=0.3474
2026-09-24 05:37:58,336 INFO train epoch 199/200 batch 66/66 (100%) running_loss=0.3472
2026-09-24 05:38:00,871 INFO epoch 199/200 done: train_loss=0.3472 val_loss=0.2354 val_accuracy=0.9508 val_macro_f1=0.9332 val_macro_auc=0.9925 (checkpoint_metric=macro_auc)
2026-09-24 05:38:04,967 INFO train epoch 200/200 batch 13/66 (20%) running_loss=0.3563
2026-09-24 05:38:08,550 INFO train epoch 200/200 batch 26/66 (39%) running_loss=0.3486
2026-09-24 05:38:12,121 INFO train epoch 200/200 batch 39/66 (59%) running_loss=0.3484
2026-09-24 05:38:15,735 INFO train epoch 200/200 batch 52/66 (79%) running_loss=0.3472
2026-09-24 05:38:19,315 INFO train epoch 200/200 batch 65/66 (98%) running_loss=0.3466
2026-09-24 05:38:19,542 INFO train epoch 200/200 batch 66/66 (100%) running_loss=0.3464
2026-09-24 05:38:22,034 INFO epoch 200/200 done: train_loss=0.3464 val_loss=0.2292 val_accuracy=0.9529 val_macro_f1=0.9357 val_macro_auc=0.9925 (checkpoint_metric=macro_auc)
2026-09-24 05:38:22,289 INFO Training finished. Best epoch=115, smoothed macro_auc=0.9957 (window=3)
2026-09-24 05:38:24,853 INFO Test set evaluated once: accuracy=0.8840 macro_f1=0.8694 macro_auc=0.9740
