2026-08-15 06:33:42,301 INFO Starting final training on device=cuda, amp=True, physical_batch_size=32, accumulation_steps=1, effective_batch_size=32
2026-08-15 06:33:42,301 INFO Augmentation policy: legacy fixed ops ('brightness', 'rotation'), from outputs/fixedda_run/augmentation_run/selected_legacy_policy.json
2026-08-15 06:33:42,669 INFO Classes: {'glioma_tumor': 0, 'meningioma_tumor': 1, 'pituitary_tumor': 2}
2026-08-15 06:33:42,669 INFO Regularization: weight_decay=7.0e-04 classifier_dropout=0.30 label_smoothing=0.10 drop_path=0.20
2026-08-15 06:33:47,539 INFO train epoch 1/200 batch 13/66 (20%) running_loss=1.1184
2026-08-15 06:33:51,119 INFO train epoch 1/200 batch 26/66 (39%) running_loss=1.1364
2026-08-15 06:33:54,715 INFO train epoch 1/200 batch 39/66 (59%) running_loss=1.1389
2026-08-15 06:33:58,331 INFO train epoch 1/200 batch 52/66 (79%) running_loss=1.1339
2026-08-15 06:34:01,950 INFO train epoch 1/200 batch 65/66 (98%) running_loss=1.1405
2026-08-15 06:34:02,322 INFO train epoch 1/200 batch 66/66 (100%) running_loss=1.1412
2026-08-15 06:34:04,934 INFO epoch 1/200 done: train_loss=1.1412 val_loss=1.0323 val_accuracy=0.5061 val_macro_f1=0.2240 val_macro_auc=0.6770 (checkpoint_metric=macro_auc) [new best]
2026-08-15 06:34:09,027 INFO train epoch 2/200 batch 13/66 (20%) running_loss=1.1387
2026-08-15 06:34:12,630 INFO train epoch 2/200 batch 26/66 (39%) running_loss=1.1387
2026-08-15 06:34:16,248 INFO train epoch 2/200 batch 39/66 (59%) running_loss=1.1226
2026-08-15 06:34:19,847 INFO train epoch 2/200 batch 52/66 (79%) running_loss=1.1183
2026-08-15 06:34:23,651 INFO train epoch 2/200 batch 65/66 (98%) running_loss=1.1162
2026-08-15 06:34:23,877 INFO train epoch 2/200 batch 66/66 (100%) running_loss=1.1147
2026-08-15 06:34:26,483 INFO epoch 2/200 done: train_loss=1.1147 val_loss=1.0444 val_accuracy=0.5123 val_macro_f1=0.2365 val_macro_auc=0.7304 (checkpoint_metric=macro_auc) [new best]
2026-08-15 06:34:30,566 INFO train epoch 3/200 batch 13/66 (20%) running_loss=1.0405
2026-08-15 06:34:34,158 INFO train epoch 3/200 batch 26/66 (39%) running_loss=1.0454
2026-08-15 06:34:37,755 INFO train epoch 3/200 batch 39/66 (59%) running_loss=1.0475
2026-08-15 06:34:41,315 INFO train epoch 3/200 batch 52/66 (79%) running_loss=1.0365
2026-08-15 06:34:44,880 INFO train epoch 3/200 batch 65/66 (98%) running_loss=1.0390
2026-08-15 06:34:45,105 INFO train epoch 3/200 batch 66/66 (100%) running_loss=1.0390
2026-08-15 06:34:47,719 INFO epoch 3/200 done: train_loss=1.0390 val_loss=0.9438 val_accuracy=0.6230 val_macro_f1=0.4173 val_macro_auc=0.8037 (checkpoint_metric=macro_auc) [new best]
2026-08-15 06:34:51,754 INFO train epoch 4/200 batch 13/66 (20%) running_loss=0.9888
2026-08-15 06:34:55,329 INFO train epoch 4/200 batch 26/66 (39%) running_loss=1.0012
2026-08-15 06:34:58,927 INFO train epoch 4/200 batch 39/66 (59%) running_loss=1.0048
2026-08-15 06:35:02,507 INFO train epoch 4/200 batch 52/66 (79%) running_loss=1.0110
2026-08-15 06:35:06,092 INFO train epoch 4/200 batch 65/66 (98%) running_loss=1.0054
2026-08-15 06:35:06,320 INFO train epoch 4/200 batch 66/66 (100%) running_loss=1.0059
2026-08-15 06:35:08,946 INFO epoch 4/200 done: train_loss=1.0059 val_loss=0.8280 val_accuracy=0.6639 val_macro_f1=0.4772 val_macro_auc=0.7677 (checkpoint_metric=macro_auc) [new best]
2026-08-15 06:35:13,039 INFO train epoch 5/200 batch 13/66 (20%) running_loss=0.9762
2026-08-15 06:35:16,619 INFO train epoch 5/200 batch 26/66 (39%) running_loss=0.9628
2026-08-15 06:35:20,204 INFO train epoch 5/200 batch 39/66 (59%) running_loss=0.9660
2026-08-15 06:35:23,786 INFO train epoch 5/200 batch 52/66 (79%) running_loss=0.9565
2026-08-15 06:35:27,366 INFO train epoch 5/200 batch 65/66 (98%) running_loss=0.9476
2026-08-15 06:35:27,594 INFO train epoch 5/200 batch 66/66 (100%) running_loss=0.9485
2026-08-15 06:35:30,192 INFO epoch 5/200 done: train_loss=0.9485 val_loss=0.7651 val_accuracy=0.6701 val_macro_f1=0.4816 val_macro_auc=0.7901 (checkpoint_metric=macro_auc) [new best]
2026-08-15 06:35:34,296 INFO train epoch 6/200 batch 13/66 (20%) running_loss=0.9445
2026-08-15 06:35:37,875 INFO train epoch 6/200 batch 26/66 (39%) running_loss=0.9438
2026-08-15 06:35:41,468 INFO train epoch 6/200 batch 39/66 (59%) running_loss=0.9386
2026-08-15 06:35:45,053 INFO train epoch 6/200 batch 52/66 (79%) running_loss=0.9333
2026-08-15 06:35:48,751 INFO train epoch 6/200 batch 65/66 (98%) running_loss=0.9251
2026-08-15 06:35:48,993 INFO train epoch 6/200 batch 66/66 (100%) running_loss=0.9264
2026-08-15 06:35:51,509 INFO epoch 6/200 done: train_loss=0.9264 val_loss=0.7642 val_accuracy=0.6680 val_macro_f1=0.4804 val_macro_auc=0.7706 (checkpoint_metric=macro_auc)
2026-08-15 06:35:55,616 INFO train epoch 7/200 batch 13/66 (20%) running_loss=0.9122
2026-08-15 06:35:59,213 INFO train epoch 7/200 batch 26/66 (39%) running_loss=0.8941
2026-08-15 06:36:02,835 INFO train epoch 7/200 batch 39/66 (59%) running_loss=0.8757
2026-08-15 06:36:06,449 INFO train epoch 7/200 batch 52/66 (79%) running_loss=0.8823
2026-08-15 06:36:10,028 INFO train epoch 7/200 batch 65/66 (98%) running_loss=0.8875
2026-08-15 06:36:10,255 INFO train epoch 7/200 batch 66/66 (100%) running_loss=0.8884
2026-08-15 06:36:12,761 INFO epoch 7/200 done: train_loss=0.8884 val_loss=0.7401 val_accuracy=0.7070 val_macro_f1=0.5097 val_macro_auc=0.7702 (checkpoint_metric=macro_auc)
2026-08-15 06:36:16,882 INFO train epoch 8/200 batch 13/66 (20%) running_loss=0.8816
2026-08-15 06:36:20,468 INFO train epoch 8/200 batch 26/66 (39%) running_loss=0.8811
2026-08-15 06:36:24,089 INFO train epoch 8/200 batch 39/66 (59%) running_loss=0.8840
2026-08-15 06:36:27,675 INFO train epoch 8/200 batch 52/66 (79%) running_loss=0.8739
2026-08-15 06:36:31,249 INFO train epoch 8/200 batch 65/66 (98%) running_loss=0.8728
2026-08-15 06:36:31,477 INFO train epoch 8/200 batch 66/66 (100%) running_loss=0.8737
2026-08-15 06:36:34,076 INFO epoch 8/200 done: train_loss=0.8737 val_loss=0.7319 val_accuracy=0.6824 val_macro_f1=0.4908 val_macro_auc=0.8409 (checkpoint_metric=macro_auc) [new best]
2026-08-15 06:36:38,190 INFO train epoch 9/200 batch 13/66 (20%) running_loss=0.8724
2026-08-15 06:36:41,814 INFO train epoch 9/200 batch 26/66 (39%) running_loss=0.8733
2026-08-15 06:36:45,411 INFO train epoch 9/200 batch 39/66 (59%) running_loss=0.8687
2026-08-15 06:36:49,031 INFO train epoch 9/200 batch 52/66 (79%) running_loss=0.8664
2026-08-15 06:36:52,607 INFO train epoch 9/200 batch 65/66 (98%) running_loss=0.8657
2026-08-15 06:36:52,833 INFO train epoch 9/200 batch 66/66 (100%) running_loss=0.8649
2026-08-15 06:36:55,446 INFO epoch 9/200 done: train_loss=0.8649 val_loss=0.6762 val_accuracy=0.7254 val_macro_f1=0.5243 val_macro_auc=0.8164 (checkpoint_metric=macro_auc) [new best]
2026-08-15 06:36:59,707 INFO train epoch 10/200 batch 13/66 (20%) running_loss=0.8798
2026-08-15 06:37:03,304 INFO train epoch 10/200 batch 26/66 (39%) running_loss=0.8486
2026-08-15 06:37:06,901 INFO train epoch 10/200 batch 39/66 (59%) running_loss=0.8413
2026-08-15 06:37:10,495 INFO train epoch 10/200 batch 52/66 (79%) running_loss=0.8360
2026-08-15 06:37:14,081 INFO train epoch 10/200 batch 65/66 (98%) running_loss=0.8333
2026-08-15 06:37:14,306 INFO train epoch 10/200 batch 66/66 (100%) running_loss=0.8336
2026-08-15 06:37:16,912 INFO epoch 10/200 done: train_loss=0.8336 val_loss=0.9830 val_accuracy=0.5061 val_macro_f1=0.3507 val_macro_auc=0.8317 (checkpoint_metric=macro_auc) [new best]
2026-08-15 06:37:20,997 INFO train epoch 11/200 batch 13/66 (20%) running_loss=0.8560
2026-08-15 06:37:24,609 INFO train epoch 11/200 batch 26/66 (39%) running_loss=0.8396
2026-08-15 06:37:28,196 INFO train epoch 11/200 batch 39/66 (59%) running_loss=0.8406
2026-08-15 06:37:31,787 INFO train epoch 11/200 batch 52/66 (79%) running_loss=0.8360
2026-08-15 06:37:35,393 INFO train epoch 11/200 batch 65/66 (98%) running_loss=0.8347
2026-08-15 06:37:35,626 INFO train epoch 11/200 batch 66/66 (100%) running_loss=0.8349
2026-08-15 06:37:38,127 INFO epoch 11/200 done: train_loss=0.8349 val_loss=0.6309 val_accuracy=0.7418 val_macro_f1=0.5356 val_macro_auc=0.8145 (checkpoint_metric=macro_auc)
2026-08-15 06:37:42,240 INFO train epoch 12/200 batch 13/66 (20%) running_loss=0.8400
2026-08-15 06:37:45,867 INFO train epoch 12/200 batch 26/66 (39%) running_loss=0.8270
2026-08-15 06:37:49,445 INFO train epoch 12/200 batch 39/66 (59%) running_loss=0.8197
2026-08-15 06:37:53,038 INFO train epoch 12/200 batch 52/66 (79%) running_loss=0.8195
2026-08-15 06:37:56,629 INFO train epoch 12/200 batch 65/66 (98%) running_loss=0.8257
2026-08-15 06:37:56,854 INFO train epoch 12/200 batch 66/66 (100%) running_loss=0.8262
2026-08-15 06:37:59,444 INFO epoch 12/200 done: train_loss=0.8262 val_loss=0.6715 val_accuracy=0.7848 val_macro_f1=0.5957 val_macro_auc=0.8521 (checkpoint_metric=macro_auc) [new best]
2026-08-15 06:38:03,554 INFO train epoch 13/200 batch 13/66 (20%) running_loss=0.8353
2026-08-15 06:38:07,167 INFO train epoch 13/200 batch 26/66 (39%) running_loss=0.8162
2026-08-15 06:38:10,902 INFO train epoch 13/200 batch 39/66 (59%) running_loss=0.8104
2026-08-15 06:38:14,492 INFO train epoch 13/200 batch 52/66 (79%) running_loss=0.8089
2026-08-15 06:38:18,098 INFO train epoch 13/200 batch 65/66 (98%) running_loss=0.8166
2026-08-15 06:38:18,325 INFO train epoch 13/200 batch 66/66 (100%) running_loss=0.8165
2026-08-15 06:38:20,941 INFO epoch 13/200 done: train_loss=0.8165 val_loss=0.5878 val_accuracy=0.8115 val_macro_f1=0.5906 val_macro_auc=0.8407 (checkpoint_metric=macro_auc) [new best]
2026-08-15 06:38:25,040 INFO train epoch 14/200 batch 13/66 (20%) running_loss=0.8201
2026-08-15 06:38:28,643 INFO train epoch 14/200 batch 26/66 (39%) running_loss=0.8186
2026-08-15 06:38:32,243 INFO train epoch 14/200 batch 39/66 (59%) running_loss=0.8231
2026-08-15 06:38:35,854 INFO train epoch 14/200 batch 52/66 (79%) running_loss=0.8252
2026-08-15 06:38:39,459 INFO train epoch 14/200 batch 65/66 (98%) running_loss=0.8178
2026-08-15 06:38:39,687 INFO train epoch 14/200 batch 66/66 (100%) running_loss=0.8193
2026-08-15 06:38:42,293 INFO epoch 14/200 done: train_loss=0.8193 val_loss=0.6309 val_accuracy=0.7520 val_macro_f1=0.5418 val_macro_auc=0.8276 (checkpoint_metric=macro_auc) [new best]
2026-08-15 06:38:46,377 INFO train epoch 15/200 batch 13/66 (20%) running_loss=0.7793
2026-08-15 06:38:49,953 INFO train epoch 15/200 batch 26/66 (39%) running_loss=0.7907
2026-08-15 06:38:53,528 INFO train epoch 15/200 batch 39/66 (59%) running_loss=0.7991
2026-08-15 06:38:57,107 INFO train epoch 15/200 batch 52/66 (79%) running_loss=0.8058
2026-08-15 06:39:00,713 INFO train epoch 15/200 batch 65/66 (98%) running_loss=0.8052
2026-08-15 06:39:00,939 INFO train epoch 15/200 batch 66/66 (100%) running_loss=0.8047
2026-08-15 06:39:03,547 INFO epoch 15/200 done: train_loss=0.8047 val_loss=0.5672 val_accuracy=0.7951 val_macro_f1=0.5770 val_macro_auc=0.8753 (checkpoint_metric=macro_auc) [new best]
2026-08-15 06:39:07,786 INFO train epoch 16/200 batch 13/66 (20%) running_loss=0.8016
2026-08-15 06:39:11,362 INFO train epoch 16/200 batch 26/66 (39%) running_loss=0.8072
2026-08-15 06:39:14,940 INFO train epoch 16/200 batch 39/66 (59%) running_loss=0.8116
2026-08-15 06:39:18,544 INFO train epoch 16/200 batch 52/66 (79%) running_loss=0.8042
2026-08-15 06:39:22,119 INFO train epoch 16/200 batch 65/66 (98%) running_loss=0.7950
2026-08-15 06:39:22,346 INFO train epoch 16/200 batch 66/66 (100%) running_loss=0.7941
2026-08-15 06:39:24,967 INFO epoch 16/200 done: train_loss=0.7941 val_loss=0.9949 val_accuracy=0.5328 val_macro_f1=0.3981 val_macro_auc=0.8497 (checkpoint_metric=macro_auc) [new best]
2026-08-15 06:39:29,086 INFO train epoch 17/200 batch 13/66 (20%) running_loss=0.7955
2026-08-15 06:39:32,703 INFO train epoch 17/200 batch 26/66 (39%) running_loss=0.8015
2026-08-15 06:39:36,302 INFO train epoch 17/200 batch 39/66 (59%) running_loss=0.7911
2026-08-15 06:39:39,909 INFO train epoch 17/200 batch 52/66 (79%) running_loss=0.7929
2026-08-15 06:39:43,498 INFO train epoch 17/200 batch 65/66 (98%) running_loss=0.7923
2026-08-15 06:39:43,746 INFO train epoch 17/200 batch 66/66 (100%) running_loss=0.7927
2026-08-15 06:39:46,370 INFO epoch 17/200 done: train_loss=0.7927 val_loss=0.8100 val_accuracy=0.6393 val_macro_f1=0.4885 val_macro_auc=0.8419 (checkpoint_metric=macro_auc) [new best]
2026-08-15 06:39:50,417 INFO train epoch 18/200 batch 13/66 (20%) running_loss=0.7478
2026-08-15 06:39:54,010 INFO train epoch 18/200 batch 26/66 (39%) running_loss=0.7802
2026-08-15 06:39:57,588 INFO train epoch 18/200 batch 39/66 (59%) running_loss=0.7858
2026-08-15 06:40:01,365 INFO train epoch 18/200 batch 52/66 (79%) running_loss=0.7813
2026-08-15 06:40:04,931 INFO train epoch 18/200 batch 65/66 (98%) running_loss=0.7765
2026-08-15 06:40:05,161 INFO train epoch 18/200 batch 66/66 (100%) running_loss=0.7765
2026-08-15 06:40:07,776 INFO epoch 18/200 done: train_loss=0.7765 val_loss=0.4882 val_accuracy=0.8156 val_macro_f1=0.6236 val_macro_auc=0.9011 (checkpoint_metric=macro_auc) [new best]
2026-08-15 06:40:11,888 INFO train epoch 19/200 batch 13/66 (20%) running_loss=0.7887
2026-08-15 06:40:15,477 INFO train epoch 19/200 batch 26/66 (39%) running_loss=0.7841
2026-08-15 06:40:19,059 INFO train epoch 19/200 batch 39/66 (59%) running_loss=0.7683
2026-08-15 06:40:22,667 INFO train epoch 19/200 batch 52/66 (79%) running_loss=0.7732
2026-08-15 06:40:26,241 INFO train epoch 19/200 batch 65/66 (98%) running_loss=0.7760
2026-08-15 06:40:26,471 INFO train epoch 19/200 batch 66/66 (100%) running_loss=0.7754
2026-08-15 06:40:28,982 INFO epoch 19/200 done: train_loss=0.7754 val_loss=0.8175 val_accuracy=0.6373 val_macro_f1=0.4918 val_macro_auc=0.8379 (checkpoint_metric=macro_auc)
2026-08-15 06:40:33,073 INFO train epoch 20/200 batch 13/66 (20%) running_loss=0.7813
2026-08-15 06:40:36,654 INFO train epoch 20/200 batch 26/66 (39%) running_loss=0.7682
2026-08-15 06:40:40,271 INFO train epoch 20/200 batch 39/66 (59%) running_loss=0.7540
2026-08-15 06:40:43,918 INFO train epoch 20/200 batch 52/66 (79%) running_loss=0.7590
2026-08-15 06:40:47,483 INFO train epoch 20/200 batch 65/66 (98%) running_loss=0.7709
2026-08-15 06:40:47,709 INFO train epoch 20/200 batch 66/66 (100%) running_loss=0.7727
2026-08-15 06:40:50,318 INFO epoch 20/200 done: train_loss=0.7727 val_loss=0.6013 val_accuracy=0.7971 val_macro_f1=0.6341 val_macro_auc=0.8918 (checkpoint_metric=macro_auc) [new best]
2026-08-15 06:40:54,393 INFO train epoch 21/200 batch 13/66 (20%) running_loss=0.7823
2026-08-15 06:40:57,991 INFO train epoch 21/200 batch 26/66 (39%) running_loss=0.7743
2026-08-15 06:41:01,569 INFO train epoch 21/200 batch 39/66 (59%) running_loss=0.7713
2026-08-15 06:41:05,156 INFO train epoch 21/200 batch 52/66 (79%) running_loss=0.7698
2026-08-15 06:41:08,742 INFO train epoch 21/200 batch 65/66 (98%) running_loss=0.7684
2026-08-15 06:41:08,969 INFO train epoch 21/200 batch 66/66 (100%) running_loss=0.7675
2026-08-15 06:41:11,474 INFO epoch 21/200 done: train_loss=0.7675 val_loss=0.7223 val_accuracy=0.6762 val_macro_f1=0.4933 val_macro_auc=0.8494 (checkpoint_metric=macro_auc)
2026-08-15 06:41:15,569 INFO train epoch 22/200 batch 13/66 (20%) running_loss=0.7199
2026-08-15 06:41:19,142 INFO train epoch 22/200 batch 26/66 (39%) running_loss=0.7299
2026-08-15 06:41:22,931 INFO train epoch 22/200 batch 39/66 (59%) running_loss=0.7422
2026-08-15 06:41:26,527 INFO train epoch 22/200 batch 52/66 (79%) running_loss=0.7529
2026-08-15 06:41:30,088 INFO train epoch 22/200 batch 65/66 (98%) running_loss=0.7534
2026-08-15 06:41:30,314 INFO train epoch 22/200 batch 66/66 (100%) running_loss=0.7520
2026-08-15 06:41:32,826 INFO epoch 22/200 done: train_loss=0.7520 val_loss=0.9769 val_accuracy=0.5205 val_macro_f1=0.4395 val_macro_auc=0.8509 (checkpoint_metric=macro_auc)
2026-08-15 06:41:36,916 INFO train epoch 23/200 batch 13/66 (20%) running_loss=0.7272
2026-08-15 06:41:40,495 INFO train epoch 23/200 batch 26/66 (39%) running_loss=0.7538
2026-08-15 06:41:44,081 INFO train epoch 23/200 batch 39/66 (59%) running_loss=0.7718
2026-08-15 06:41:47,674 INFO train epoch 23/200 batch 52/66 (79%) running_loss=0.7627
2026-08-15 06:41:51,239 INFO train epoch 23/200 batch 65/66 (98%) running_loss=0.7591
2026-08-15 06:41:51,470 INFO train epoch 23/200 batch 66/66 (100%) running_loss=0.7594
2026-08-15 06:41:53,990 INFO epoch 23/200 done: train_loss=0.7594 val_loss=0.7443 val_accuracy=0.6475 val_macro_f1=0.5796 val_macro_auc=0.8807 (checkpoint_metric=macro_auc)
2026-08-15 06:41:58,096 INFO train epoch 24/200 batch 13/66 (20%) running_loss=0.7374
2026-08-15 06:42:01,686 INFO train epoch 24/200 batch 26/66 (39%) running_loss=0.7217
2026-08-15 06:42:05,273 INFO train epoch 24/200 batch 39/66 (59%) running_loss=0.7259
2026-08-15 06:42:08,862 INFO train epoch 24/200 batch 52/66 (79%) running_loss=0.7283
2026-08-15 06:42:12,441 INFO train epoch 24/200 batch 65/66 (98%) running_loss=0.7261
2026-08-15 06:42:12,669 INFO train epoch 24/200 batch 66/66 (100%) running_loss=0.7263
2026-08-15 06:42:15,172 INFO epoch 24/200 done: train_loss=0.7263 val_loss=1.0938 val_accuracy=0.4754 val_macro_f1=0.4070 val_macro_auc=0.8560 (checkpoint_metric=macro_auc)
2026-08-15 06:42:19,236 INFO train epoch 25/200 batch 13/66 (20%) running_loss=0.7185
2026-08-15 06:42:22,809 INFO train epoch 25/200 batch 26/66 (39%) running_loss=0.7298
2026-08-15 06:42:26,412 INFO train epoch 25/200 batch 39/66 (59%) running_loss=0.7297
2026-08-15 06:42:30,114 INFO train epoch 25/200 batch 52/66 (79%) running_loss=0.7237
2026-08-15 06:42:33,694 INFO train epoch 25/200 batch 65/66 (98%) running_loss=0.7221
2026-08-15 06:42:33,920 INFO train epoch 25/200 batch 66/66 (100%) running_loss=0.7214
2026-08-15 06:42:36,434 INFO epoch 25/200 done: train_loss=0.7214 val_loss=1.4567 val_accuracy=0.4242 val_macro_f1=0.3347 val_macro_auc=0.8464 (checkpoint_metric=macro_auc)
2026-08-15 06:42:40,513 INFO train epoch 26/200 batch 13/66 (20%) running_loss=0.7479
2026-08-15 06:42:44,095 INFO train epoch 26/200 batch 26/66 (39%) running_loss=0.7360
2026-08-15 06:42:47,670 INFO train epoch 26/200 batch 39/66 (59%) running_loss=0.7473
2026-08-15 06:42:51,235 INFO train epoch 26/200 batch 52/66 (79%) running_loss=0.7426
2026-08-15 06:42:54,801 INFO train epoch 26/200 batch 65/66 (98%) running_loss=0.7311
2026-08-15 06:42:55,028 INFO train epoch 26/200 batch 66/66 (100%) running_loss=0.7307
2026-08-15 06:42:57,640 INFO epoch 26/200 done: train_loss=0.7307 val_loss=0.4413 val_accuracy=0.8668 val_macro_f1=0.7920 val_macro_auc=0.9508 (checkpoint_metric=macro_auc) [new best]
2026-08-15 06:43:01,765 INFO train epoch 27/200 batch 13/66 (20%) running_loss=0.7264
2026-08-15 06:43:05,351 INFO train epoch 27/200 batch 26/66 (39%) running_loss=0.7242
2026-08-15 06:43:08,955 INFO train epoch 27/200 batch 39/66 (59%) running_loss=0.7229
2026-08-15 06:43:12,536 INFO train epoch 27/200 batch 52/66 (79%) running_loss=0.7199
2026-08-15 06:43:16,128 INFO train epoch 27/200 batch 65/66 (98%) running_loss=0.7158
2026-08-15 06:43:16,356 INFO train epoch 27/200 batch 66/66 (100%) running_loss=0.7142
2026-08-15 06:43:18,963 INFO epoch 27/200 done: train_loss=0.7142 val_loss=0.8298 val_accuracy=0.6189 val_macro_f1=0.5876 val_macro_auc=0.9138 (checkpoint_metric=macro_auc) [new best]
2026-08-15 06:43:23,093 INFO train epoch 28/200 batch 13/66 (20%) running_loss=0.7006
2026-08-15 06:43:26,706 INFO train epoch 28/200 batch 26/66 (39%) running_loss=0.7080
2026-08-15 06:43:30,492 INFO train epoch 28/200 batch 39/66 (59%) running_loss=0.7093
2026-08-15 06:43:34,085 INFO train epoch 28/200 batch 52/66 (79%) running_loss=0.7196
2026-08-15 06:43:37,684 INFO train epoch 28/200 batch 65/66 (98%) running_loss=0.7238
2026-08-15 06:43:37,910 INFO train epoch 28/200 batch 66/66 (100%) running_loss=0.7224
2026-08-15 06:43:40,537 INFO epoch 28/200 done: train_loss=0.7224 val_loss=0.5795 val_accuracy=0.7213 val_macro_f1=0.5434 val_macro_auc=0.9133 (checkpoint_metric=macro_auc) [new best]
2026-08-15 06:43:44,592 INFO train epoch 29/200 batch 13/66 (20%) running_loss=0.7036
2026-08-15 06:43:48,199 INFO train epoch 29/200 batch 26/66 (39%) running_loss=0.7072
2026-08-15 06:43:51,796 INFO train epoch 29/200 batch 39/66 (59%) running_loss=0.7120
2026-08-15 06:43:55,407 INFO train epoch 29/200 batch 52/66 (79%) running_loss=0.7131
2026-08-15 06:43:58,989 INFO train epoch 29/200 batch 65/66 (98%) running_loss=0.7072
2026-08-15 06:43:59,215 INFO train epoch 29/200 batch 66/66 (100%) running_loss=0.7071
2026-08-15 06:44:01,736 INFO epoch 29/200 done: train_loss=0.7071 val_loss=0.5826 val_accuracy=0.7541 val_macro_f1=0.7256 val_macro_auc=0.9348 (checkpoint_metric=macro_auc)
2026-08-15 06:44:05,843 INFO train epoch 30/200 batch 13/66 (20%) running_loss=0.7096
2026-08-15 06:44:09,440 INFO train epoch 30/200 batch 26/66 (39%) running_loss=0.6972
2026-08-15 06:44:13,030 INFO train epoch 30/200 batch 39/66 (59%) running_loss=0.6997
2026-08-15 06:44:16,617 INFO train epoch 30/200 batch 52/66 (79%) running_loss=0.7053
2026-08-15 06:44:20,175 INFO train epoch 30/200 batch 65/66 (98%) running_loss=0.7024
2026-08-15 06:44:20,402 INFO train epoch 30/200 batch 66/66 (100%) running_loss=0.7014
2026-08-15 06:44:23,009 INFO epoch 30/200 done: train_loss=0.7014 val_loss=0.6122 val_accuracy=0.7275 val_macro_f1=0.7024 val_macro_auc=0.9362 (checkpoint_metric=macro_auc) [new best]
2026-08-15 06:44:27,087 INFO train epoch 31/200 batch 13/66 (20%) running_loss=0.7032
2026-08-15 06:44:30,677 INFO train epoch 31/200 batch 26/66 (39%) running_loss=0.6960
2026-08-15 06:44:34,252 INFO train epoch 31/200 batch 39/66 (59%) running_loss=0.7087
2026-08-15 06:44:37,843 INFO train epoch 31/200 batch 52/66 (79%) running_loss=0.7068
2026-08-15 06:44:41,427 INFO train epoch 31/200 batch 65/66 (98%) running_loss=0.6969
2026-08-15 06:44:41,661 INFO train epoch 31/200 batch 66/66 (100%) running_loss=0.6960
2026-08-15 06:44:44,161 INFO epoch 31/200 done: train_loss=0.6960 val_loss=1.0979 val_accuracy=0.4529 val_macro_f1=0.3786 val_macro_auc=0.8638 (checkpoint_metric=macro_auc)
2026-08-15 06:44:48,389 INFO train epoch 32/200 batch 13/66 (20%) running_loss=0.6693
2026-08-15 06:44:52,000 INFO train epoch 32/200 batch 26/66 (39%) running_loss=0.6913
2026-08-15 06:44:55,578 INFO train epoch 32/200 batch 39/66 (59%) running_loss=0.7055
2026-08-15 06:44:59,153 INFO train epoch 32/200 batch 52/66 (79%) running_loss=0.6981
2026-08-15 06:45:02,741 INFO train epoch 32/200 batch 65/66 (98%) running_loss=0.7031
2026-08-15 06:45:02,968 INFO train epoch 32/200 batch 66/66 (100%) running_loss=0.7025
2026-08-15 06:45:05,466 INFO epoch 32/200 done: train_loss=0.7025 val_loss=0.4708 val_accuracy=0.8197 val_macro_f1=0.7869 val_macro_auc=0.9610 (checkpoint_metric=macro_auc)
2026-08-15 06:45:09,542 INFO train epoch 33/200 batch 13/66 (20%) running_loss=0.6720
2026-08-15 06:45:13,124 INFO train epoch 33/200 batch 26/66 (39%) running_loss=0.6669
2026-08-15 06:45:16,703 INFO train epoch 33/200 batch 39/66 (59%) running_loss=0.6841
2026-08-15 06:45:20,271 INFO train epoch 33/200 batch 52/66 (79%) running_loss=0.6893
2026-08-15 06:45:23,843 INFO train epoch 33/200 batch 65/66 (98%) running_loss=0.6946
2026-08-15 06:45:24,068 INFO train epoch 33/200 batch 66/66 (100%) running_loss=0.6943
2026-08-15 06:45:26,569 INFO epoch 33/200 done: train_loss=0.6943 val_loss=0.6808 val_accuracy=0.6086 val_macro_f1=0.5874 val_macro_auc=0.9348 (checkpoint_metric=macro_auc)
2026-08-15 06:45:30,638 INFO train epoch 34/200 batch 13/66 (20%) running_loss=0.6850
2026-08-15 06:45:34,222 INFO train epoch 34/200 batch 26/66 (39%) running_loss=0.6757
2026-08-15 06:45:37,864 INFO train epoch 34/200 batch 39/66 (59%) running_loss=0.6653
2026-08-15 06:45:41,463 INFO train epoch 34/200 batch 52/66 (79%) running_loss=0.6630
2026-08-15 06:45:45,034 INFO train epoch 34/200 batch 65/66 (98%) running_loss=0.6667
2026-08-15 06:45:45,269 INFO train epoch 34/200 batch 66/66 (100%) running_loss=0.6666
2026-08-15 06:45:47,883 INFO epoch 34/200 done: train_loss=0.6666 val_loss=0.5042 val_accuracy=0.8094 val_macro_f1=0.7639 val_macro_auc=0.9487 (checkpoint_metric=macro_auc) [new best]
2026-08-15 06:45:51,989 INFO train epoch 35/200 batch 13/66 (20%) running_loss=0.7263
2026-08-15 06:45:55,568 INFO train epoch 35/200 batch 26/66 (39%) running_loss=0.6925
2026-08-15 06:45:59,138 INFO train epoch 35/200 batch 39/66 (59%) running_loss=0.6862
2026-08-15 06:46:02,716 INFO train epoch 35/200 batch 52/66 (79%) running_loss=0.6830
2026-08-15 06:46:06,297 INFO train epoch 35/200 batch 65/66 (98%) running_loss=0.6869
2026-08-15 06:46:06,524 INFO train epoch 35/200 batch 66/66 (100%) running_loss=0.6865
2026-08-15 06:46:09,043 INFO epoch 35/200 done: train_loss=0.6865 val_loss=0.7102 val_accuracy=0.5471 val_macro_f1=0.5360 val_macro_auc=0.9408 (checkpoint_metric=macro_auc)
2026-08-15 06:46:13,186 INFO train epoch 36/200 batch 13/66 (20%) running_loss=0.6686
2026-08-15 06:46:16,809 INFO train epoch 36/200 batch 26/66 (39%) running_loss=0.6817
2026-08-15 06:46:20,391 INFO train epoch 36/200 batch 39/66 (59%) running_loss=0.6867
2026-08-15 06:46:24,009 INFO train epoch 36/200 batch 52/66 (79%) running_loss=0.6720
2026-08-15 06:46:27,585 INFO train epoch 36/200 batch 65/66 (98%) running_loss=0.6720
2026-08-15 06:46:27,812 INFO train epoch 36/200 batch 66/66 (100%) running_loss=0.6716
2026-08-15 06:46:30,415 INFO epoch 36/200 done: train_loss=0.6716 val_loss=0.5168 val_accuracy=0.8197 val_macro_f1=0.7902 val_macro_auc=0.9777 (checkpoint_metric=macro_auc) [new best]
2026-08-15 06:46:34,539 INFO train epoch 37/200 batch 13/66 (20%) running_loss=0.6754
2026-08-15 06:46:38,114 INFO train epoch 37/200 batch 26/66 (39%) running_loss=0.6722
2026-08-15 06:46:41,735 INFO train epoch 37/200 batch 39/66 (59%) running_loss=0.6668
2026-08-15 06:46:45,342 INFO train epoch 37/200 batch 52/66 (79%) running_loss=0.6646
2026-08-15 06:46:48,942 INFO train epoch 37/200 batch 65/66 (98%) running_loss=0.6703
2026-08-15 06:46:49,171 INFO train epoch 37/200 batch 66/66 (100%) running_loss=0.6698
2026-08-15 06:46:51,785 INFO epoch 37/200 done: train_loss=0.6698 val_loss=0.4326 val_accuracy=0.8463 val_macro_f1=0.8209 val_macro_auc=0.9788 (checkpoint_metric=macro_auc) [new best]
2026-08-15 06:46:55,836 INFO train epoch 38/200 batch 13/66 (20%) running_loss=0.6120
2026-08-15 06:46:59,437 INFO train epoch 38/200 batch 26/66 (39%) running_loss=0.6449
2026-08-15 06:47:03,053 INFO train epoch 38/200 batch 39/66 (59%) running_loss=0.6448
2026-08-15 06:47:06,649 INFO train epoch 38/200 batch 52/66 (79%) running_loss=0.6508
2026-08-15 06:47:10,391 INFO train epoch 38/200 batch 65/66 (98%) running_loss=0.6572
2026-08-15 06:47:10,617 INFO train epoch 38/200 batch 66/66 (100%) running_loss=0.6559
2026-08-15 06:47:13,225 INFO epoch 38/200 done: train_loss=0.6559 val_loss=0.7061 val_accuracy=0.6578 val_macro_f1=0.6281 val_macro_auc=0.9424 (checkpoint_metric=macro_auc) [new best]
2026-08-15 06:47:17,306 INFO train epoch 39/200 batch 13/66 (20%) running_loss=0.6395
2026-08-15 06:47:20,901 INFO train epoch 39/200 batch 26/66 (39%) running_loss=0.6293
2026-08-15 06:47:24,525 INFO train epoch 39/200 batch 39/66 (59%) running_loss=0.6359
2026-08-15 06:47:28,129 INFO train epoch 39/200 batch 52/66 (79%) running_loss=0.6380
2026-08-15 06:47:31,702 INFO train epoch 39/200 batch 65/66 (98%) running_loss=0.6405
2026-08-15 06:47:31,928 INFO train epoch 39/200 batch 66/66 (100%) running_loss=0.6411
2026-08-15 06:47:34,429 INFO epoch 39/200 done: train_loss=0.6411 val_loss=0.8026 val_accuracy=0.5615 val_macro_f1=0.5531 val_macro_auc=0.9477 (checkpoint_metric=macro_auc)
2026-08-15 06:47:38,527 INFO train epoch 40/200 batch 13/66 (20%) running_loss=0.6644
2026-08-15 06:47:42,114 INFO train epoch 40/200 batch 26/66 (39%) running_loss=0.6660
2026-08-15 06:47:45,721 INFO train epoch 40/200 batch 39/66 (59%) running_loss=0.6739
2026-08-15 06:47:49,303 INFO train epoch 40/200 batch 52/66 (79%) running_loss=0.6636
2026-08-15 06:47:52,897 INFO train epoch 40/200 batch 65/66 (98%) running_loss=0.6606
2026-08-15 06:47:53,122 INFO train epoch 40/200 batch 66/66 (100%) running_loss=0.6614
2026-08-15 06:47:55,638 INFO epoch 40/200 done: train_loss=0.6614 val_loss=0.7429 val_accuracy=0.5984 val_macro_f1=0.5684 val_macro_auc=0.9235 (checkpoint_metric=macro_auc)
2026-08-15 06:47:59,737 INFO train epoch 41/200 batch 13/66 (20%) running_loss=0.6492
2026-08-15 06:48:03,308 INFO train epoch 41/200 batch 26/66 (39%) running_loss=0.6372
2026-08-15 06:48:06,904 INFO train epoch 41/200 batch 39/66 (59%) running_loss=0.6469
2026-08-15 06:48:10,490 INFO train epoch 41/200 batch 52/66 (79%) running_loss=0.6419
2026-08-15 06:48:14,082 INFO train epoch 41/200 batch 65/66 (98%) running_loss=0.6480
2026-08-15 06:48:14,307 INFO train epoch 41/200 batch 66/66 (100%) running_loss=0.6467
2026-08-15 06:48:16,816 INFO epoch 41/200 done: train_loss=0.6467 val_loss=0.5750 val_accuracy=0.7213 val_macro_f1=0.7038 val_macro_auc=0.9668 (checkpoint_metric=macro_auc)
2026-08-15 06:48:20,896 INFO train epoch 42/200 batch 13/66 (20%) running_loss=0.6159
2026-08-15 06:48:24,479 INFO train epoch 42/200 batch 26/66 (39%) running_loss=0.6071
2026-08-15 06:48:28,271 INFO train epoch 42/200 batch 39/66 (59%) running_loss=0.6278
2026-08-15 06:48:31,885 INFO train epoch 42/200 batch 52/66 (79%) running_loss=0.6319
2026-08-15 06:48:35,459 INFO train epoch 42/200 batch 65/66 (98%) running_loss=0.6328
2026-08-15 06:48:35,687 INFO train epoch 42/200 batch 66/66 (100%) running_loss=0.6351
2026-08-15 06:48:38,195 INFO epoch 42/200 done: train_loss=0.6351 val_loss=0.4899 val_accuracy=0.8033 val_macro_f1=0.7834 val_macro_auc=0.9791 (checkpoint_metric=macro_auc)
2026-08-15 06:48:42,305 INFO train epoch 43/200 batch 13/66 (20%) running_loss=0.6471
2026-08-15 06:48:45,905 INFO train epoch 43/200 batch 26/66 (39%) running_loss=0.6502
2026-08-15 06:48:49,526 INFO train epoch 43/200 batch 39/66 (59%) running_loss=0.6435
2026-08-15 06:48:53,165 INFO train epoch 43/200 batch 52/66 (79%) running_loss=0.6338
2026-08-15 06:48:56,729 INFO train epoch 43/200 batch 65/66 (98%) running_loss=0.6311
2026-08-15 06:48:56,954 INFO train epoch 43/200 batch 66/66 (100%) running_loss=0.6317
2026-08-15 06:48:59,458 INFO epoch 43/200 done: train_loss=0.6317 val_loss=1.0115 val_accuracy=0.4898 val_macro_f1=0.4369 val_macro_auc=0.9073 (checkpoint_metric=macro_auc)
2026-08-15 06:49:03,544 INFO train epoch 44/200 batch 13/66 (20%) running_loss=0.6218
2026-08-15 06:49:07,137 INFO train epoch 44/200 batch 26/66 (39%) running_loss=0.6511
2026-08-15 06:49:10,705 INFO train epoch 44/200 batch 39/66 (59%) running_loss=0.6354
2026-08-15 06:49:14,275 INFO train epoch 44/200 batch 52/66 (79%) running_loss=0.6319
2026-08-15 06:49:17,868 INFO train epoch 44/200 batch 65/66 (98%) running_loss=0.6333
2026-08-15 06:49:18,100 INFO train epoch 44/200 batch 66/66 (100%) running_loss=0.6326
2026-08-15 06:49:20,613 INFO epoch 44/200 done: train_loss=0.6326 val_loss=0.5308 val_accuracy=0.7480 val_macro_f1=0.7330 val_macro_auc=0.9730 (checkpoint_metric=macro_auc)
2026-08-15 06:49:24,746 INFO train epoch 45/200 batch 13/66 (20%) running_loss=0.6432
2026-08-15 06:49:28,365 INFO train epoch 45/200 batch 26/66 (39%) running_loss=0.6191
2026-08-15 06:49:31,951 INFO train epoch 45/200 batch 39/66 (59%) running_loss=0.6221
2026-08-15 06:49:35,642 INFO train epoch 45/200 batch 52/66 (79%) running_loss=0.6203
2026-08-15 06:49:39,226 INFO train epoch 45/200 batch 65/66 (98%) running_loss=0.6240
2026-08-15 06:49:39,453 INFO train epoch 45/200 batch 66/66 (100%) running_loss=0.6225
2026-08-15 06:49:41,967 INFO epoch 45/200 done: train_loss=0.6225 val_loss=0.4957 val_accuracy=0.7889 val_macro_f1=0.7706 val_macro_auc=0.9792 (checkpoint_metric=macro_auc)
2026-08-15 06:49:46,085 INFO train epoch 46/200 batch 13/66 (20%) running_loss=0.6545
2026-08-15 06:49:49,695 INFO train epoch 46/200 batch 26/66 (39%) running_loss=0.6397
2026-08-15 06:49:53,280 INFO train epoch 46/200 batch 39/66 (59%) running_loss=0.6260
2026-08-15 06:49:56,861 INFO train epoch 46/200 batch 52/66 (79%) running_loss=0.6309
2026-08-15 06:50:00,445 INFO train epoch 46/200 batch 65/66 (98%) running_loss=0.6276
2026-08-15 06:50:00,671 INFO train epoch 46/200 batch 66/66 (100%) running_loss=0.6288
2026-08-15 06:50:03,262 INFO epoch 46/200 done: train_loss=0.6288 val_loss=0.6127 val_accuracy=0.7090 val_macro_f1=0.6967 val_macro_auc=0.9727 (checkpoint_metric=macro_auc) [new best]
2026-08-15 06:50:07,342 INFO train epoch 47/200 batch 13/66 (20%) running_loss=0.5896
2026-08-15 06:50:10,934 INFO train epoch 47/200 batch 26/66 (39%) running_loss=0.6141
2026-08-15 06:50:14,523 INFO train epoch 47/200 batch 39/66 (59%) running_loss=0.6258
2026-08-15 06:50:18,109 INFO train epoch 47/200 batch 52/66 (79%) running_loss=0.6152
2026-08-15 06:50:21,686 INFO train epoch 47/200 batch 65/66 (98%) running_loss=0.6174
2026-08-15 06:50:21,913 INFO train epoch 47/200 batch 66/66 (100%) running_loss=0.6176
2026-08-15 06:50:24,518 INFO epoch 47/200 done: train_loss=0.6176 val_loss=0.2990 val_accuracy=0.9344 val_macro_f1=0.9117 val_macro_auc=0.9881 (checkpoint_metric=macro_auc) [new best]
2026-08-15 06:50:28,582 INFO train epoch 48/200 batch 13/66 (20%) running_loss=0.5951
2026-08-15 06:50:32,166 INFO train epoch 48/200 batch 26/66 (39%) running_loss=0.6014
2026-08-15 06:50:35,956 INFO train epoch 48/200 batch 39/66 (59%) running_loss=0.6007
2026-08-15 06:50:39,564 INFO train epoch 48/200 batch 52/66 (79%) running_loss=0.5969
2026-08-15 06:50:43,138 INFO train epoch 48/200 batch 65/66 (98%) running_loss=0.5995
2026-08-15 06:50:43,363 INFO train epoch 48/200 batch 66/66 (100%) running_loss=0.5987
2026-08-15 06:50:45,871 INFO epoch 48/200 done: train_loss=0.5987 val_loss=0.7660 val_accuracy=0.6045 val_macro_f1=0.6088 val_macro_auc=0.9665 (checkpoint_metric=macro_auc)
2026-08-15 06:50:49,982 INFO train epoch 49/200 batch 13/66 (20%) running_loss=0.6051
2026-08-15 06:50:53,564 INFO train epoch 49/200 batch 26/66 (39%) running_loss=0.6248
2026-08-15 06:50:57,165 INFO train epoch 49/200 batch 39/66 (59%) running_loss=0.6238
2026-08-15 06:51:00,762 INFO train epoch 49/200 batch 52/66 (79%) running_loss=0.6231
2026-08-15 06:51:04,359 INFO train epoch 49/200 batch 65/66 (98%) running_loss=0.6248
2026-08-15 06:51:04,591 INFO train epoch 49/200 batch 66/66 (100%) running_loss=0.6230
2026-08-15 06:51:07,101 INFO epoch 49/200 done: train_loss=0.6230 val_loss=0.5541 val_accuracy=0.7398 val_macro_f1=0.7277 val_macro_auc=0.9769 (checkpoint_metric=macro_auc)
2026-08-15 06:51:11,116 INFO train epoch 50/200 batch 13/66 (20%) running_loss=0.5736
2026-08-15 06:51:14,726 INFO train epoch 50/200 batch 26/66 (39%) running_loss=0.6035
2026-08-15 06:51:18,293 INFO train epoch 50/200 batch 39/66 (59%) running_loss=0.6062
2026-08-15 06:51:21,865 INFO train epoch 50/200 batch 52/66 (79%) running_loss=0.5990
2026-08-15 06:51:25,425 INFO train epoch 50/200 batch 65/66 (98%) running_loss=0.6004
2026-08-15 06:51:25,650 INFO train epoch 50/200 batch 66/66 (100%) running_loss=0.6003
2026-08-15 06:51:28,178 INFO epoch 50/200 done: train_loss=0.6003 val_loss=0.5751 val_accuracy=0.7234 val_macro_f1=0.7050 val_macro_auc=0.9652 (checkpoint_metric=macro_auc)
2026-08-15 06:51:32,285 INFO train epoch 51/200 batch 13/66 (20%) running_loss=0.5747
2026-08-15 06:51:35,877 INFO train epoch 51/200 batch 26/66 (39%) running_loss=0.5857
2026-08-15 06:51:39,450 INFO train epoch 51/200 batch 39/66 (59%) running_loss=0.5814
2026-08-15 06:51:43,020 INFO train epoch 51/200 batch 52/66 (79%) running_loss=0.5796
2026-08-15 06:51:46,741 INFO train epoch 51/200 batch 65/66 (98%) running_loss=0.5840
2026-08-15 06:51:46,971 INFO train epoch 51/200 batch 66/66 (100%) running_loss=0.5838
2026-08-15 06:51:49,490 INFO epoch 51/200 done: train_loss=0.5838 val_loss=0.7263 val_accuracy=0.6004 val_macro_f1=0.5947 val_macro_auc=0.9658 (checkpoint_metric=macro_auc)
2026-08-15 06:51:53,552 INFO train epoch 52/200 batch 13/66 (20%) running_loss=0.5862
2026-08-15 06:51:57,134 INFO train epoch 52/200 batch 26/66 (39%) running_loss=0.6047
2026-08-15 06:52:00,768 INFO train epoch 52/200 batch 39/66 (59%) running_loss=0.5859
2026-08-15 06:52:04,366 INFO train epoch 52/200 batch 52/66 (79%) running_loss=0.5980
2026-08-15 06:52:07,948 INFO train epoch 52/200 batch 65/66 (98%) running_loss=0.5920
2026-08-15 06:52:08,176 INFO train epoch 52/200 batch 66/66 (100%) running_loss=0.5934
2026-08-15 06:52:10,678 INFO epoch 52/200 done: train_loss=0.5934 val_loss=0.3799 val_accuracy=0.8709 val_macro_f1=0.8444 val_macro_auc=0.9878 (checkpoint_metric=macro_auc)
2026-08-15 06:52:14,712 INFO train epoch 53/200 batch 13/66 (20%) running_loss=0.5978
2026-08-15 06:52:18,299 INFO train epoch 53/200 batch 26/66 (39%) running_loss=0.5886
2026-08-15 06:52:21,871 INFO train epoch 53/200 batch 39/66 (59%) running_loss=0.5901
2026-08-15 06:52:25,434 INFO train epoch 53/200 batch 52/66 (79%) running_loss=0.5892
2026-08-15 06:52:28,976 INFO train epoch 53/200 batch 65/66 (98%) running_loss=0.5974
2026-08-15 06:52:29,199 INFO train epoch 53/200 batch 66/66 (100%) running_loss=0.5989
2026-08-15 06:52:31,699 INFO epoch 53/200 done: train_loss=0.5989 val_loss=0.9890 val_accuracy=0.5143 val_macro_f1=0.4604 val_macro_auc=0.9079 (checkpoint_metric=macro_auc)
2026-08-15 06:52:35,783 INFO train epoch 54/200 batch 13/66 (20%) running_loss=0.6195
2026-08-15 06:52:39,397 INFO train epoch 54/200 batch 26/66 (39%) running_loss=0.6126
2026-08-15 06:52:42,971 INFO train epoch 54/200 batch 39/66 (59%) running_loss=0.6119
2026-08-15 06:52:46,596 INFO train epoch 54/200 batch 52/66 (79%) running_loss=0.6088
2026-08-15 06:52:50,184 INFO train epoch 54/200 batch 65/66 (98%) running_loss=0.6056
2026-08-15 06:52:50,410 INFO train epoch 54/200 batch 66/66 (100%) running_loss=0.6062
2026-08-15 06:52:52,908 INFO epoch 54/200 done: train_loss=0.6062 val_loss=0.4675 val_accuracy=0.8176 val_macro_f1=0.7974 val_macro_auc=0.9778 (checkpoint_metric=macro_auc)
2026-08-15 06:52:56,899 INFO train epoch 55/200 batch 13/66 (20%) running_loss=0.5341
2026-08-15 06:53:00,496 INFO train epoch 55/200 batch 26/66 (39%) running_loss=0.5846
2026-08-15 06:53:04,285 INFO train epoch 55/200 batch 39/66 (59%) running_loss=0.5828
2026-08-15 06:53:07,864 INFO train epoch 55/200 batch 52/66 (79%) running_loss=0.5898
2026-08-15 06:53:11,460 INFO train epoch 55/200 batch 65/66 (98%) running_loss=0.5974
2026-08-15 06:53:11,688 INFO train epoch 55/200 batch 66/66 (100%) running_loss=0.5960
2026-08-15 06:53:14,220 INFO epoch 55/200 done: train_loss=0.5960 val_loss=0.5672 val_accuracy=0.7336 val_macro_f1=0.7202 val_macro_auc=0.9684 (checkpoint_metric=macro_auc)
2026-08-15 06:53:18,336 INFO train epoch 56/200 batch 13/66 (20%) running_loss=0.5945
2026-08-15 06:53:21,916 INFO train epoch 56/200 batch 26/66 (39%) running_loss=0.5787
2026-08-15 06:53:25,505 INFO train epoch 56/200 batch 39/66 (59%) running_loss=0.5804
2026-08-15 06:53:29,088 INFO train epoch 56/200 batch 52/66 (79%) running_loss=0.5849
2026-08-15 06:53:32,703 INFO train epoch 56/200 batch 65/66 (98%) running_loss=0.5881
2026-08-15 06:53:32,930 INFO train epoch 56/200 batch 66/66 (100%) running_loss=0.5875
2026-08-15 06:53:35,449 INFO epoch 56/200 done: train_loss=0.5875 val_loss=0.6939 val_accuracy=0.6496 val_macro_f1=0.6412 val_macro_auc=0.9625 (checkpoint_metric=macro_auc)
2026-08-15 06:53:39,480 INFO train epoch 57/200 batch 13/66 (20%) running_loss=0.5770
2026-08-15 06:53:43,075 INFO train epoch 57/200 batch 26/66 (39%) running_loss=0.5906
2026-08-15 06:53:46,678 INFO train epoch 57/200 batch 39/66 (59%) running_loss=0.5896
2026-08-15 06:53:50,255 INFO train epoch 57/200 batch 52/66 (79%) running_loss=0.5872
2026-08-15 06:53:53,827 INFO train epoch 57/200 batch 65/66 (98%) running_loss=0.5838
2026-08-15 06:53:54,053 INFO train epoch 57/200 batch 66/66 (100%) running_loss=0.5829
2026-08-15 06:53:56,565 INFO epoch 57/200 done: train_loss=0.5829 val_loss=0.2919 val_accuracy=0.9242 val_macro_f1=0.8969 val_macro_auc=0.9857 (checkpoint_metric=macro_auc)
2026-08-15 06:54:00,632 INFO train epoch 58/200 batch 13/66 (20%) running_loss=0.6065
2026-08-15 06:54:04,234 INFO train epoch 58/200 batch 26/66 (39%) running_loss=0.6033
2026-08-15 06:54:07,849 INFO train epoch 58/200 batch 39/66 (59%) running_loss=0.5899
2026-08-15 06:54:11,442 INFO train epoch 58/200 batch 52/66 (79%) running_loss=0.5831
2026-08-15 06:54:15,027 INFO train epoch 58/200 batch 65/66 (98%) running_loss=0.5776
2026-08-15 06:54:15,252 INFO train epoch 58/200 batch 66/66 (100%) running_loss=0.5769
2026-08-15 06:54:17,760 INFO epoch 58/200 done: train_loss=0.5769 val_loss=0.4229 val_accuracy=0.8504 val_macro_f1=0.8270 val_macro_auc=0.9821 (checkpoint_metric=macro_auc)
2026-08-15 06:54:22,057 INFO train epoch 59/200 batch 13/66 (20%) running_loss=0.5612
2026-08-15 06:54:25,636 INFO train epoch 59/200 batch 26/66 (39%) running_loss=0.5835
2026-08-15 06:54:29,216 INFO train epoch 59/200 batch 39/66 (59%) running_loss=0.5665
2026-08-15 06:54:32,798 INFO train epoch 59/200 batch 52/66 (79%) running_loss=0.5729
2026-08-15 06:54:36,387 INFO train epoch 59/200 batch 65/66 (98%) running_loss=0.5729
2026-08-15 06:54:36,614 INFO train epoch 59/200 batch 66/66 (100%) running_loss=0.5727
2026-08-15 06:54:39,218 INFO epoch 59/200 done: train_loss=0.5727 val_loss=0.5288 val_accuracy=0.7889 val_macro_f1=0.7658 val_macro_auc=0.9741 (checkpoint_metric=macro_auc) [new best]
2026-08-15 06:54:43,243 INFO train epoch 60/200 batch 13/66 (20%) running_loss=0.5424
2026-08-15 06:54:46,830 INFO train epoch 60/200 batch 26/66 (39%) running_loss=0.5622
2026-08-15 06:54:50,434 INFO train epoch 60/200 batch 39/66 (59%) running_loss=0.5662
2026-08-15 06:54:54,013 INFO train epoch 60/200 batch 52/66 (79%) running_loss=0.5678
2026-08-15 06:54:57,590 INFO train epoch 60/200 batch 65/66 (98%) running_loss=0.5722
2026-08-15 06:54:57,817 INFO train epoch 60/200 batch 66/66 (100%) running_loss=0.5713
2026-08-15 06:55:00,330 INFO epoch 60/200 done: train_loss=0.5713 val_loss=0.4929 val_accuracy=0.8135 val_macro_f1=0.7931 val_macro_auc=0.9732 (checkpoint_metric=macro_auc)
2026-08-15 06:55:04,412 INFO train epoch 61/200 batch 13/66 (20%) running_loss=0.5555
2026-08-15 06:55:07,979 INFO train epoch 61/200 batch 26/66 (39%) running_loss=0.5587
2026-08-15 06:55:11,554 INFO train epoch 61/200 batch 39/66 (59%) running_loss=0.5495
2026-08-15 06:55:15,130 INFO train epoch 61/200 batch 52/66 (79%) running_loss=0.5511
2026-08-15 06:55:18,713 INFO train epoch 61/200 batch 65/66 (98%) running_loss=0.5476
2026-08-15 06:55:18,940 INFO train epoch 61/200 batch 66/66 (100%) running_loss=0.5488
2026-08-15 06:55:21,452 INFO epoch 61/200 done: train_loss=0.5488 val_loss=0.6021 val_accuracy=0.7172 val_macro_f1=0.7027 val_macro_auc=0.9730 (checkpoint_metric=macro_auc)
2026-08-15 06:55:25,527 INFO train epoch 62/200 batch 13/66 (20%) running_loss=0.5452
2026-08-15 06:55:29,131 INFO train epoch 62/200 batch 26/66 (39%) running_loss=0.5591
2026-08-15 06:55:32,743 INFO train epoch 62/200 batch 39/66 (59%) running_loss=0.5458
2026-08-15 06:55:36,427 INFO train epoch 62/200 batch 52/66 (79%) running_loss=0.5588
2026-08-15 06:55:40,047 INFO train epoch 62/200 batch 65/66 (98%) running_loss=0.5525
2026-08-15 06:55:40,274 INFO train epoch 62/200 batch 66/66 (100%) running_loss=0.5529
2026-08-15 06:55:42,779 INFO epoch 62/200 done: train_loss=0.5529 val_loss=0.5417 val_accuracy=0.7684 val_macro_f1=0.7520 val_macro_auc=0.9761 (checkpoint_metric=macro_auc)
2026-08-15 06:55:47,060 INFO train epoch 63/200 batch 13/66 (20%) running_loss=0.5207
2026-08-15 06:55:50,643 INFO train epoch 63/200 batch 26/66 (39%) running_loss=0.5417
2026-08-15 06:55:54,227 INFO train epoch 63/200 batch 39/66 (59%) running_loss=0.5521
2026-08-15 06:55:57,808 INFO train epoch 63/200 batch 52/66 (79%) running_loss=0.5531
2026-08-15 06:56:01,404 INFO train epoch 63/200 batch 65/66 (98%) running_loss=0.5522
2026-08-15 06:56:01,631 INFO train epoch 63/200 batch 66/66 (100%) running_loss=0.5544
2026-08-15 06:56:04,137 INFO epoch 63/200 done: train_loss=0.5544 val_loss=0.8685 val_accuracy=0.6393 val_macro_f1=0.6443 val_macro_auc=0.9541 (checkpoint_metric=macro_auc)
2026-08-15 06:56:08,196 INFO train epoch 64/200 batch 13/66 (20%) running_loss=0.5461
2026-08-15 06:56:11,768 INFO train epoch 64/200 batch 26/66 (39%) running_loss=0.5662
2026-08-15 06:56:15,358 INFO train epoch 64/200 batch 39/66 (59%) running_loss=0.5647
2026-08-15 06:56:18,933 INFO train epoch 64/200 batch 52/66 (79%) running_loss=0.5673
2026-08-15 06:56:22,542 INFO train epoch 64/200 batch 65/66 (98%) running_loss=0.5643
2026-08-15 06:56:22,774 INFO train epoch 64/200 batch 66/66 (100%) running_loss=0.5635
2026-08-15 06:56:25,284 INFO epoch 64/200 done: train_loss=0.5635 val_loss=0.4046 val_accuracy=0.8463 val_macro_f1=0.8231 val_macro_auc=0.9889 (checkpoint_metric=macro_auc)
2026-08-15 06:56:29,327 INFO train epoch 65/200 batch 13/66 (20%) running_loss=0.5191
2026-08-15 06:56:32,963 INFO train epoch 65/200 batch 26/66 (39%) running_loss=0.5330
2026-08-15 06:56:36,531 INFO train epoch 65/200 batch 39/66 (59%) running_loss=0.5349
2026-08-15 06:56:40,108 INFO train epoch 65/200 batch 52/66 (79%) running_loss=0.5404
2026-08-15 06:56:43,700 INFO train epoch 65/200 batch 65/66 (98%) running_loss=0.5322
2026-08-15 06:56:43,926 INFO train epoch 65/200 batch 66/66 (100%) running_loss=0.5326
2026-08-15 06:56:46,436 INFO epoch 65/200 done: train_loss=0.5326 val_loss=0.5073 val_accuracy=0.7910 val_macro_f1=0.7727 val_macro_auc=0.9818 (checkpoint_metric=macro_auc)
2026-08-15 06:56:50,512 INFO train epoch 66/200 batch 13/66 (20%) running_loss=0.5593
2026-08-15 06:56:54,218 INFO train epoch 66/200 batch 26/66 (39%) running_loss=0.5644
2026-08-15 06:56:57,787 INFO train epoch 66/200 batch 39/66 (59%) running_loss=0.5545
2026-08-15 06:57:01,408 INFO train epoch 66/200 batch 52/66 (79%) running_loss=0.5444
2026-08-15 06:57:05,003 INFO train epoch 66/200 batch 65/66 (98%) running_loss=0.5532
2026-08-15 06:57:05,230 INFO train epoch 66/200 batch 66/66 (100%) running_loss=0.5528
2026-08-15 06:57:07,752 INFO epoch 66/200 done: train_loss=0.5528 val_loss=0.7856 val_accuracy=0.6373 val_macro_f1=0.6264 val_macro_auc=0.9585 (checkpoint_metric=macro_auc)
2026-08-15 06:57:11,830 INFO train epoch 67/200 batch 13/66 (20%) running_loss=0.5335
2026-08-15 06:57:15,409 INFO train epoch 67/200 batch 26/66 (39%) running_loss=0.5176
2026-08-15 06:57:19,011 INFO train epoch 67/200 batch 39/66 (59%) running_loss=0.5272
2026-08-15 06:57:22,598 INFO train epoch 67/200 batch 52/66 (79%) running_loss=0.5391
2026-08-15 06:57:26,196 INFO train epoch 67/200 batch 65/66 (98%) running_loss=0.5444
2026-08-15 06:57:26,424 INFO train epoch 67/200 batch 66/66 (100%) running_loss=0.5442
2026-08-15 06:57:28,926 INFO epoch 67/200 done: train_loss=0.5442 val_loss=0.4215 val_accuracy=0.8443 val_macro_f1=0.8222 val_macro_auc=0.9863 (checkpoint_metric=macro_auc)
2026-08-15 06:57:33,026 INFO train epoch 68/200 batch 13/66 (20%) running_loss=0.5286
2026-08-15 06:57:36,623 INFO train epoch 68/200 batch 26/66 (39%) running_loss=0.5417
2026-08-15 06:57:40,193 INFO train epoch 68/200 batch 39/66 (59%) running_loss=0.5346
2026-08-15 06:57:43,773 INFO train epoch 68/200 batch 52/66 (79%) running_loss=0.5333
2026-08-15 06:57:47,349 INFO train epoch 68/200 batch 65/66 (98%) running_loss=0.5291
2026-08-15 06:57:47,574 INFO train epoch 68/200 batch 66/66 (100%) running_loss=0.5294
2026-08-15 06:57:50,078 INFO epoch 68/200 done: train_loss=0.5294 val_loss=0.3817 val_accuracy=0.8525 val_macro_f1=0.8245 val_macro_auc=0.9859 (checkpoint_metric=macro_auc)
2026-08-15 06:57:54,143 INFO train epoch 69/200 batch 13/66 (20%) running_loss=0.5385
2026-08-15 06:57:57,717 INFO train epoch 69/200 batch 26/66 (39%) running_loss=0.5370
2026-08-15 06:58:01,312 INFO train epoch 69/200 batch 39/66 (59%) running_loss=0.5349
2026-08-15 06:58:04,911 INFO train epoch 69/200 batch 52/66 (79%) running_loss=0.5365
2026-08-15 06:58:08,696 INFO train epoch 69/200 batch 65/66 (98%) running_loss=0.5321
2026-08-15 06:58:08,924 INFO train epoch 69/200 batch 66/66 (100%) running_loss=0.5323
2026-08-15 06:58:11,565 INFO epoch 69/200 done: train_loss=0.5323 val_loss=0.3578 val_accuracy=0.8566 val_macro_f1=0.8296 val_macro_auc=0.9898 (checkpoint_metric=macro_auc) [new best]
2026-08-15 06:58:15,578 INFO train epoch 70/200 batch 13/66 (20%) running_loss=0.4987
2026-08-15 06:58:19,155 INFO train epoch 70/200 batch 26/66 (39%) running_loss=0.4966
2026-08-15 06:58:22,767 INFO train epoch 70/200 batch 39/66 (59%) running_loss=0.5054
2026-08-15 06:58:26,338 INFO train epoch 70/200 batch 52/66 (79%) running_loss=0.5098
2026-08-15 06:58:29,903 INFO train epoch 70/200 batch 65/66 (98%) running_loss=0.5150
2026-08-15 06:58:30,137 INFO train epoch 70/200 batch 66/66 (100%) running_loss=0.5155
2026-08-15 06:58:32,668 INFO epoch 70/200 done: train_loss=0.5155 val_loss=0.5292 val_accuracy=0.8033 val_macro_f1=0.7824 val_macro_auc=0.9795 (checkpoint_metric=macro_auc)
2026-08-15 06:58:36,745 INFO train epoch 71/200 batch 13/66 (20%) running_loss=0.5436
2026-08-15 06:58:40,355 INFO train epoch 71/200 batch 26/66 (39%) running_loss=0.5395
2026-08-15 06:58:43,979 INFO train epoch 71/200 batch 39/66 (59%) running_loss=0.5542
2026-08-15 06:58:47,592 INFO train epoch 71/200 batch 52/66 (79%) running_loss=0.5462
2026-08-15 06:58:51,187 INFO train epoch 71/200 batch 65/66 (98%) running_loss=0.5438
2026-08-15 06:58:51,414 INFO train epoch 71/200 batch 66/66 (100%) running_loss=0.5441
2026-08-15 06:58:53,913 INFO epoch 71/200 done: train_loss=0.5441 val_loss=0.5018 val_accuracy=0.7787 val_macro_f1=0.7575 val_macro_auc=0.9708 (checkpoint_metric=macro_auc)
2026-08-15 06:58:58,016 INFO train epoch 72/200 batch 13/66 (20%) running_loss=0.5220
2026-08-15 06:59:01,636 INFO train epoch 72/200 batch 26/66 (39%) running_loss=0.5406
2026-08-15 06:59:05,218 INFO train epoch 72/200 batch 39/66 (59%) running_loss=0.5500
2026-08-15 06:59:08,787 INFO train epoch 72/200 batch 52/66 (79%) running_loss=0.5520
2026-08-15 06:59:12,361 INFO train epoch 72/200 batch 65/66 (98%) running_loss=0.5440
2026-08-15 06:59:12,602 INFO train epoch 72/200 batch 66/66 (100%) running_loss=0.5435
2026-08-15 06:59:15,113 INFO epoch 72/200 done: train_loss=0.5435 val_loss=0.5258 val_accuracy=0.7787 val_macro_f1=0.7590 val_macro_auc=0.9794 (checkpoint_metric=macro_auc)
2026-08-15 06:59:19,183 INFO train epoch 73/200 batch 13/66 (20%) running_loss=0.5358
2026-08-15 06:59:22,941 INFO train epoch 73/200 batch 26/66 (39%) running_loss=0.5434
2026-08-15 06:59:26,513 INFO train epoch 73/200 batch 39/66 (59%) running_loss=0.5426
2026-08-15 06:59:30,092 INFO train epoch 73/200 batch 52/66 (79%) running_loss=0.5382
2026-08-15 06:59:33,670 INFO train epoch 73/200 batch 65/66 (98%) running_loss=0.5349
2026-08-15 06:59:33,894 INFO train epoch 73/200 batch 66/66 (100%) running_loss=0.5351
2026-08-15 06:59:36,410 INFO epoch 73/200 done: train_loss=0.5351 val_loss=0.4101 val_accuracy=0.8504 val_macro_f1=0.8297 val_macro_auc=0.9817 (checkpoint_metric=macro_auc)
2026-08-15 06:59:40,489 INFO train epoch 74/200 batch 13/66 (20%) running_loss=0.4882
2026-08-15 06:59:44,093 INFO train epoch 74/200 batch 26/66 (39%) running_loss=0.5075
2026-08-15 06:59:47,680 INFO train epoch 74/200 batch 39/66 (59%) running_loss=0.5218
2026-08-15 06:59:51,270 INFO train epoch 74/200 batch 52/66 (79%) running_loss=0.5230
2026-08-15 06:59:54,841 INFO train epoch 74/200 batch 65/66 (98%) running_loss=0.5246
2026-08-15 06:59:55,067 INFO train epoch 74/200 batch 66/66 (100%) running_loss=0.5236
2026-08-15 06:59:57,578 INFO epoch 74/200 done: train_loss=0.5236 val_loss=0.5166 val_accuracy=0.7992 val_macro_f1=0.7790 val_macro_auc=0.9731 (checkpoint_metric=macro_auc)
2026-08-15 07:00:01,631 INFO train epoch 75/200 batch 13/66 (20%) running_loss=0.5301
2026-08-15 07:00:05,199 INFO train epoch 75/200 batch 26/66 (39%) running_loss=0.5347
2026-08-15 07:00:08,773 INFO train epoch 75/200 batch 39/66 (59%) running_loss=0.5216
2026-08-15 07:00:12,345 INFO train epoch 75/200 batch 52/66 (79%) running_loss=0.5178
2026-08-15 07:00:15,926 INFO train epoch 75/200 batch 65/66 (98%) running_loss=0.5213
2026-08-15 07:00:16,152 INFO train epoch 75/200 batch 66/66 (100%) running_loss=0.5207
2026-08-15 07:00:18,655 INFO epoch 75/200 done: train_loss=0.5207 val_loss=0.3978 val_accuracy=0.8586 val_macro_f1=0.8349 val_macro_auc=0.9826 (checkpoint_metric=macro_auc)
2026-08-15 07:00:22,680 INFO train epoch 76/200 batch 13/66 (20%) running_loss=0.5405
2026-08-15 07:00:26,263 INFO train epoch 76/200 batch 26/66 (39%) running_loss=0.5475
2026-08-15 07:00:29,831 INFO train epoch 76/200 batch 39/66 (59%) running_loss=0.5425
2026-08-15 07:00:33,528 INFO train epoch 76/200 batch 52/66 (79%) running_loss=0.5401
2026-08-15 07:00:37,096 INFO train epoch 76/200 batch 65/66 (98%) running_loss=0.5433
2026-08-15 07:00:37,321 INFO train epoch 76/200 batch 66/66 (100%) running_loss=0.5429
2026-08-15 07:00:39,846 INFO epoch 76/200 done: train_loss=0.5429 val_loss=0.3672 val_accuracy=0.8627 val_macro_f1=0.8323 val_macro_auc=0.9865 (checkpoint_metric=macro_auc)
2026-08-15 07:00:43,947 INFO train epoch 77/200 batch 13/66 (20%) running_loss=0.5074
2026-08-15 07:00:47,548 INFO train epoch 77/200 batch 26/66 (39%) running_loss=0.5290
2026-08-15 07:00:51,135 INFO train epoch 77/200 batch 39/66 (59%) running_loss=0.5251
2026-08-15 07:00:54,737 INFO train epoch 77/200 batch 52/66 (79%) running_loss=0.5208
2026-08-15 07:00:58,298 INFO train epoch 77/200 batch 65/66 (98%) running_loss=0.5187
2026-08-15 07:00:58,527 INFO train epoch 77/200 batch 66/66 (100%) running_loss=0.5196
2026-08-15 07:01:01,038 INFO epoch 77/200 done: train_loss=0.5196 val_loss=0.4751 val_accuracy=0.7828 val_macro_f1=0.7650 val_macro_auc=0.9808 (checkpoint_metric=macro_auc)
2026-08-15 07:01:05,140 INFO train epoch 78/200 batch 13/66 (20%) running_loss=0.4979
2026-08-15 07:01:08,707 INFO train epoch 78/200 batch 26/66 (39%) running_loss=0.4982
2026-08-15 07:01:12,275 INFO train epoch 78/200 batch 39/66 (59%) running_loss=0.5007
2026-08-15 07:01:15,872 INFO train epoch 78/200 batch 52/66 (79%) running_loss=0.4971
2026-08-15 07:01:19,456 INFO train epoch 78/200 batch 65/66 (98%) running_loss=0.5036
2026-08-15 07:01:19,681 INFO train epoch 78/200 batch 66/66 (100%) running_loss=0.5033
2026-08-15 07:01:22,193 INFO epoch 78/200 done: train_loss=0.5033 val_loss=0.3648 val_accuracy=0.8607 val_macro_f1=0.8338 val_macro_auc=0.9889 (checkpoint_metric=macro_auc)
2026-08-15 07:01:26,190 INFO train epoch 79/200 batch 13/66 (20%) running_loss=0.4909
2026-08-15 07:01:29,770 INFO train epoch 79/200 batch 26/66 (39%) running_loss=0.5196
2026-08-15 07:01:33,354 INFO train epoch 79/200 batch 39/66 (59%) running_loss=0.5101
2026-08-15 07:01:36,948 INFO train epoch 79/200 batch 52/66 (79%) running_loss=0.5153
2026-08-15 07:01:40,506 INFO train epoch 79/200 batch 65/66 (98%) running_loss=0.5121
2026-08-15 07:01:40,734 INFO train epoch 79/200 batch 66/66 (100%) running_loss=0.5114
2026-08-15 07:01:43,236 INFO epoch 79/200 done: train_loss=0.5114 val_loss=0.2883 val_accuracy=0.9160 val_macro_f1=0.8929 val_macro_auc=0.9901 (checkpoint_metric=macro_auc)
2026-08-15 07:01:47,323 INFO train epoch 80/200 batch 13/66 (20%) running_loss=0.5140
2026-08-15 07:01:51,116 INFO train epoch 80/200 batch 26/66 (39%) running_loss=0.4995
2026-08-15 07:01:54,704 INFO train epoch 80/200 batch 39/66 (59%) running_loss=0.5031
2026-08-15 07:01:58,300 INFO train epoch 80/200 batch 52/66 (79%) running_loss=0.5078
2026-08-15 07:02:01,869 INFO train epoch 80/200 batch 65/66 (98%) running_loss=0.5048
2026-08-15 07:02:02,097 INFO train epoch 80/200 batch 66/66 (100%) running_loss=0.5037
2026-08-15 07:02:04,718 INFO epoch 80/200 done: train_loss=0.5037 val_loss=0.3644 val_accuracy=0.8648 val_macro_f1=0.8386 val_macro_auc=0.9893 (checkpoint_metric=macro_auc) [new best]
2026-08-15 07:02:08,788 INFO train epoch 81/200 batch 13/66 (20%) running_loss=0.4864
2026-08-15 07:02:12,380 INFO train epoch 81/200 batch 26/66 (39%) running_loss=0.4874
2026-08-15 07:02:15,955 INFO train epoch 81/200 batch 39/66 (59%) running_loss=0.4939
2026-08-15 07:02:19,525 INFO train epoch 81/200 batch 52/66 (79%) running_loss=0.4948
2026-08-15 07:02:23,140 INFO train epoch 81/200 batch 65/66 (98%) running_loss=0.4962
2026-08-15 07:02:23,366 INFO train epoch 81/200 batch 66/66 (100%) running_loss=0.4974
2026-08-15 07:02:25,865 INFO epoch 81/200 done: train_loss=0.4974 val_loss=0.4519 val_accuracy=0.8176 val_macro_f1=0.7957 val_macro_auc=0.9794 (checkpoint_metric=macro_auc)
2026-08-15 07:02:29,950 INFO train epoch 82/200 batch 13/66 (20%) running_loss=0.4942
2026-08-15 07:02:33,542 INFO train epoch 82/200 batch 26/66 (39%) running_loss=0.4979
2026-08-15 07:02:37,132 INFO train epoch 82/200 batch 39/66 (59%) running_loss=0.4948
2026-08-15 07:02:40,721 INFO train epoch 82/200 batch 52/66 (79%) running_loss=0.5056
2026-08-15 07:02:44,304 INFO train epoch 82/200 batch 65/66 (98%) running_loss=0.5039
2026-08-15 07:02:44,529 INFO train epoch 82/200 batch 66/66 (100%) running_loss=0.5038
2026-08-15 07:02:47,029 INFO epoch 82/200 done: train_loss=0.5038 val_loss=0.2399 val_accuracy=0.9406 val_macro_f1=0.9165 val_macro_auc=0.9910 (checkpoint_metric=macro_auc)
2026-08-15 07:02:51,147 INFO train epoch 83/200 batch 13/66 (20%) running_loss=0.5000
2026-08-15 07:02:54,754 INFO train epoch 83/200 batch 26/66 (39%) running_loss=0.5001
2026-08-15 07:02:58,329 INFO train epoch 83/200 batch 39/66 (59%) running_loss=0.5052
2026-08-15 07:03:02,101 INFO train epoch 83/200 batch 52/66 (79%) running_loss=0.5011
2026-08-15 07:03:05,684 INFO train epoch 83/200 batch 65/66 (98%) running_loss=0.5051
2026-08-15 07:03:05,922 INFO train epoch 83/200 batch 66/66 (100%) running_loss=0.5047
2026-08-15 07:03:08,452 INFO epoch 83/200 done: train_loss=0.5047 val_loss=0.3728 val_accuracy=0.8648 val_macro_f1=0.8397 val_macro_auc=0.9836 (checkpoint_metric=macro_auc)
2026-08-15 07:03:12,535 INFO train epoch 84/200 batch 13/66 (20%) running_loss=0.4992
2026-08-15 07:03:16,115 INFO train epoch 84/200 batch 26/66 (39%) running_loss=0.4815
2026-08-15 07:03:19,691 INFO train epoch 84/200 batch 39/66 (59%) running_loss=0.4843
2026-08-15 07:03:23,266 INFO train epoch 84/200 batch 52/66 (79%) running_loss=0.4864
2026-08-15 07:03:26,851 INFO train epoch 84/200 batch 65/66 (98%) running_loss=0.4855
2026-08-15 07:03:27,077 INFO train epoch 84/200 batch 66/66 (100%) running_loss=0.4853
2026-08-15 07:03:29,590 INFO epoch 84/200 done: train_loss=0.4853 val_loss=0.3974 val_accuracy=0.8443 val_macro_f1=0.8215 val_macro_auc=0.9862 (checkpoint_metric=macro_auc)
2026-08-15 07:03:33,639 INFO train epoch 85/200 batch 13/66 (20%) running_loss=0.4711
2026-08-15 07:03:37,232 INFO train epoch 85/200 batch 26/66 (39%) running_loss=0.4763
2026-08-15 07:03:40,825 INFO train epoch 85/200 batch 39/66 (59%) running_loss=0.4781
2026-08-15 07:03:44,401 INFO train epoch 85/200 batch 52/66 (79%) running_loss=0.4869
2026-08-15 07:03:47,964 INFO train epoch 85/200 batch 65/66 (98%) running_loss=0.4821
2026-08-15 07:03:48,190 INFO train epoch 85/200 batch 66/66 (100%) running_loss=0.4822
2026-08-15 07:03:50,701 INFO epoch 85/200 done: train_loss=0.4822 val_loss=0.4473 val_accuracy=0.8074 val_macro_f1=0.7882 val_macro_auc=0.9894 (checkpoint_metric=macro_auc)
2026-08-15 07:03:54,768 INFO train epoch 86/200 batch 13/66 (20%) running_loss=0.4617
2026-08-15 07:03:58,346 INFO train epoch 86/200 batch 26/66 (39%) running_loss=0.4647
2026-08-15 07:04:01,935 INFO train epoch 86/200 batch 39/66 (59%) running_loss=0.4706
2026-08-15 07:04:05,521 INFO train epoch 86/200 batch 52/66 (79%) running_loss=0.4851
2026-08-15 07:04:09,241 INFO train epoch 86/200 batch 65/66 (98%) running_loss=0.4836
2026-08-15 07:04:09,475 INFO train epoch 86/200 batch 66/66 (100%) running_loss=0.4827
2026-08-15 07:04:11,978 INFO epoch 86/200 done: train_loss=0.4827 val_loss=0.4344 val_accuracy=0.8320 val_macro_f1=0.8080 val_macro_auc=0.9835 (checkpoint_metric=macro_auc)
2026-08-15 07:04:16,083 INFO train epoch 87/200 batch 13/66 (20%) running_loss=0.4777
2026-08-15 07:04:19,692 INFO train epoch 87/200 batch 26/66 (39%) running_loss=0.4804
2026-08-15 07:04:23,320 INFO train epoch 87/200 batch 39/66 (59%) running_loss=0.4778
2026-08-15 07:04:26,892 INFO train epoch 87/200 batch 52/66 (79%) running_loss=0.4878
2026-08-15 07:04:30,477 INFO train epoch 87/200 batch 65/66 (98%) running_loss=0.4886
2026-08-15 07:04:30,702 INFO train epoch 87/200 batch 66/66 (100%) running_loss=0.4899
2026-08-15 07:04:33,198 INFO epoch 87/200 done: train_loss=0.4899 val_loss=0.2542 val_accuracy=0.9221 val_macro_f1=0.8967 val_macro_auc=0.9883 (checkpoint_metric=macro_auc)
2026-08-15 07:04:37,265 INFO train epoch 88/200 batch 13/66 (20%) running_loss=0.4787
2026-08-15 07:04:40,846 INFO train epoch 88/200 batch 26/66 (39%) running_loss=0.4891
2026-08-15 07:04:44,433 INFO train epoch 88/200 batch 39/66 (59%) running_loss=0.4810
2026-08-15 07:04:48,031 INFO train epoch 88/200 batch 52/66 (79%) running_loss=0.4778
2026-08-15 07:04:51,594 INFO train epoch 88/200 batch 65/66 (98%) running_loss=0.4841
2026-08-15 07:04:51,819 INFO train epoch 88/200 batch 66/66 (100%) running_loss=0.4832
2026-08-15 07:04:54,309 INFO epoch 88/200 done: train_loss=0.4832 val_loss=0.2499 val_accuracy=0.9447 val_macro_f1=0.9226 val_macro_auc=0.9889 (checkpoint_metric=macro_auc)
2026-08-15 07:04:58,400 INFO train epoch 89/200 batch 13/66 (20%) running_loss=0.4931
2026-08-15 07:05:02,000 INFO train epoch 89/200 batch 26/66 (39%) running_loss=0.4729
2026-08-15 07:05:05,609 INFO train epoch 89/200 batch 39/66 (59%) running_loss=0.4753
2026-08-15 07:05:09,207 INFO train epoch 89/200 batch 52/66 (79%) running_loss=0.4757
2026-08-15 07:05:12,791 INFO train epoch 89/200 batch 65/66 (98%) running_loss=0.4842
2026-08-15 07:05:13,019 INFO train epoch 89/200 batch 66/66 (100%) running_loss=0.4862
2026-08-15 07:05:15,624 INFO epoch 89/200 done: train_loss=0.4862 val_loss=0.2451 val_accuracy=0.9344 val_macro_f1=0.9106 val_macro_auc=0.9913 (checkpoint_metric=macro_auc) [new best]
2026-08-15 07:05:19,709 INFO train epoch 90/200 batch 13/66 (20%) running_loss=0.4567
2026-08-15 07:05:23,313 INFO train epoch 90/200 batch 26/66 (39%) running_loss=0.4801
2026-08-15 07:05:26,907 INFO train epoch 90/200 batch 39/66 (59%) running_loss=0.4826
2026-08-15 07:05:30,610 INFO train epoch 90/200 batch 52/66 (79%) running_loss=0.4724
2026-08-15 07:05:34,187 INFO train epoch 90/200 batch 65/66 (98%) running_loss=0.4738
2026-08-15 07:05:34,413 INFO train epoch 90/200 batch 66/66 (100%) running_loss=0.4742
2026-08-15 07:05:37,027 INFO epoch 90/200 done: train_loss=0.4742 val_loss=0.2856 val_accuracy=0.9324 val_macro_f1=0.9141 val_macro_auc=0.9933 (checkpoint_metric=macro_auc) [new best]
2026-08-15 07:05:41,141 INFO train epoch 91/200 batch 13/66 (20%) running_loss=0.4854
2026-08-15 07:05:44,752 INFO train epoch 91/200 batch 26/66 (39%) running_loss=0.4883
2026-08-15 07:05:48,332 INFO train epoch 91/200 batch 39/66 (59%) running_loss=0.4759
2026-08-15 07:05:51,925 INFO train epoch 91/200 batch 52/66 (79%) running_loss=0.4622
2026-08-15 07:05:55,493 INFO train epoch 91/200 batch 65/66 (98%) running_loss=0.4602
2026-08-15 07:05:55,718 INFO train epoch 91/200 batch 66/66 (100%) running_loss=0.4608
2026-08-15 07:05:58,321 INFO epoch 91/200 done: train_loss=0.4608 val_loss=0.2664 val_accuracy=0.9221 val_macro_f1=0.9057 val_macro_auc=0.9912 (checkpoint_metric=macro_auc) [new best]
2026-08-15 07:06:02,391 INFO train epoch 92/200 batch 13/66 (20%) running_loss=0.4666
2026-08-15 07:06:05,973 INFO train epoch 92/200 batch 26/66 (39%) running_loss=0.4832
2026-08-15 07:06:09,554 INFO train epoch 92/200 batch 39/66 (59%) running_loss=0.4868
2026-08-15 07:06:13,137 INFO train epoch 92/200 batch 52/66 (79%) running_loss=0.4902
2026-08-15 07:06:16,728 INFO train epoch 92/200 batch 65/66 (98%) running_loss=0.4875
2026-08-15 07:06:16,954 INFO train epoch 92/200 batch 66/66 (100%) running_loss=0.4871
2026-08-15 07:06:19,466 INFO epoch 92/200 done: train_loss=0.4871 val_loss=0.3203 val_accuracy=0.9016 val_macro_f1=0.8850 val_macro_auc=0.9903 (checkpoint_metric=macro_auc)
2026-08-15 07:06:23,570 INFO train epoch 93/200 batch 13/66 (20%) running_loss=0.4832
2026-08-15 07:06:27,151 INFO train epoch 93/200 batch 26/66 (39%) running_loss=0.4859
2026-08-15 07:06:30,763 INFO train epoch 93/200 batch 39/66 (59%) running_loss=0.4816
2026-08-15 07:06:34,375 INFO train epoch 93/200 batch 52/66 (79%) running_loss=0.4853
2026-08-15 07:06:37,975 INFO train epoch 93/200 batch 65/66 (98%) running_loss=0.4857
2026-08-15 07:06:38,201 INFO train epoch 93/200 batch 66/66 (100%) running_loss=0.4850
2026-08-15 07:06:40,716 INFO epoch 93/200 done: train_loss=0.4850 val_loss=0.2906 val_accuracy=0.9037 val_macro_f1=0.8894 val_macro_auc=0.9897 (checkpoint_metric=macro_auc)
2026-08-15 07:06:44,986 INFO train epoch 94/200 batch 13/66 (20%) running_loss=0.4670
2026-08-15 07:06:48,568 INFO train epoch 94/200 batch 26/66 (39%) running_loss=0.4542
2026-08-15 07:06:52,171 INFO train epoch 94/200 batch 39/66 (59%) running_loss=0.4638
2026-08-15 07:06:55,774 INFO train epoch 94/200 batch 52/66 (79%) running_loss=0.4698
2026-08-15 07:06:59,364 INFO train epoch 94/200 batch 65/66 (98%) running_loss=0.4731
2026-08-15 07:06:59,591 INFO train epoch 94/200 batch 66/66 (100%) running_loss=0.4719
2026-08-15 07:07:02,109 INFO epoch 94/200 done: train_loss=0.4719 val_loss=0.2961 val_accuracy=0.8934 val_macro_f1=0.8673 val_macro_auc=0.9902 (checkpoint_metric=macro_auc)
2026-08-15 07:07:06,221 INFO train epoch 95/200 batch 13/66 (20%) running_loss=0.5144
2026-08-15 07:07:09,816 INFO train epoch 95/200 batch 26/66 (39%) running_loss=0.5058
2026-08-15 07:07:13,408 INFO train epoch 95/200 batch 39/66 (59%) running_loss=0.4882
2026-08-15 07:07:17,013 INFO train epoch 95/200 batch 52/66 (79%) running_loss=0.4830
2026-08-15 07:07:20,634 INFO train epoch 95/200 batch 65/66 (98%) running_loss=0.4751
2026-08-15 07:07:20,860 INFO train epoch 95/200 batch 66/66 (100%) running_loss=0.4749
2026-08-15 07:07:23,373 INFO epoch 95/200 done: train_loss=0.4749 val_loss=0.2237 val_accuracy=0.9426 val_macro_f1=0.9271 val_macro_auc=0.9951 (checkpoint_metric=macro_auc)
2026-08-15 07:07:27,447 INFO train epoch 96/200 batch 13/66 (20%) running_loss=0.4880
2026-08-15 07:07:31,033 INFO train epoch 96/200 batch 26/66 (39%) running_loss=0.4553
2026-08-15 07:07:34,609 INFO train epoch 96/200 batch 39/66 (59%) running_loss=0.4730
2026-08-15 07:07:38,180 INFO train epoch 96/200 batch 52/66 (79%) running_loss=0.4760
2026-08-15 07:07:41,761 INFO train epoch 96/200 batch 65/66 (98%) running_loss=0.4705
2026-08-15 07:07:41,989 INFO train epoch 96/200 batch 66/66 (100%) running_loss=0.4709
2026-08-15 07:07:44,522 INFO epoch 96/200 done: train_loss=0.4709 val_loss=0.3890 val_accuracy=0.8504 val_macro_f1=0.8286 val_macro_auc=0.9844 (checkpoint_metric=macro_auc)
2026-08-15 07:07:48,605 INFO train epoch 97/200 batch 13/66 (20%) running_loss=0.4449
2026-08-15 07:07:52,198 INFO train epoch 97/200 batch 26/66 (39%) running_loss=0.4472
2026-08-15 07:07:55,907 INFO train epoch 97/200 batch 39/66 (59%) running_loss=0.4587
2026-08-15 07:07:59,492 INFO train epoch 97/200 batch 52/66 (79%) running_loss=0.4632
2026-08-15 07:08:03,109 INFO train epoch 97/200 batch 65/66 (98%) running_loss=0.4661
2026-08-15 07:08:03,335 INFO train epoch 97/200 batch 66/66 (100%) running_loss=0.4667
2026-08-15 07:08:05,865 INFO epoch 97/200 done: train_loss=0.4667 val_loss=0.5713 val_accuracy=0.7684 val_macro_f1=0.7503 val_macro_auc=0.9732 (checkpoint_metric=macro_auc)
2026-08-15 07:08:09,947 INFO train epoch 98/200 batch 13/66 (20%) running_loss=0.4545
2026-08-15 07:08:13,527 INFO train epoch 98/200 batch 26/66 (39%) running_loss=0.4689
2026-08-15 07:08:17,118 INFO train epoch 98/200 batch 39/66 (59%) running_loss=0.4773
2026-08-15 07:08:20,700 INFO train epoch 98/200 batch 52/66 (79%) running_loss=0.4785
2026-08-15 07:08:24,291 INFO train epoch 98/200 batch 65/66 (98%) running_loss=0.4744
2026-08-15 07:08:24,516 INFO train epoch 98/200 batch 66/66 (100%) running_loss=0.4735
2026-08-15 07:08:27,017 INFO epoch 98/200 done: train_loss=0.4735 val_loss=0.2595 val_accuracy=0.9303 val_macro_f1=0.9096 val_macro_auc=0.9900 (checkpoint_metric=macro_auc)
2026-08-15 07:08:31,131 INFO train epoch 99/200 batch 13/66 (20%) running_loss=0.4453
2026-08-15 07:08:34,776 INFO train epoch 99/200 batch 26/66 (39%) running_loss=0.4601
2026-08-15 07:08:38,379 INFO train epoch 99/200 batch 39/66 (59%) running_loss=0.4617
2026-08-15 07:08:41,970 INFO train epoch 99/200 batch 52/66 (79%) running_loss=0.4697
2026-08-15 07:08:45,555 INFO train epoch 99/200 batch 65/66 (98%) running_loss=0.4590
2026-08-15 07:08:45,780 INFO train epoch 99/200 batch 66/66 (100%) running_loss=0.4582
2026-08-15 07:08:48,279 INFO epoch 99/200 done: train_loss=0.4582 val_loss=0.2698 val_accuracy=0.9160 val_macro_f1=0.8899 val_macro_auc=0.9905 (checkpoint_metric=macro_auc)
2026-08-15 07:08:52,387 INFO train epoch 100/200 batch 13/66 (20%) running_loss=0.4533
2026-08-15 07:08:55,989 INFO train epoch 100/200 batch 26/66 (39%) running_loss=0.4456
2026-08-15 07:08:59,601 INFO train epoch 100/200 batch 39/66 (59%) running_loss=0.4505
2026-08-15 07:09:03,211 INFO train epoch 100/200 batch 52/66 (79%) running_loss=0.4580
2026-08-15 07:09:07,026 INFO train epoch 100/200 batch 65/66 (98%) running_loss=0.4597
2026-08-15 07:09:07,251 INFO train epoch 100/200 batch 66/66 (100%) running_loss=0.4595
2026-08-15 07:09:09,781 INFO epoch 100/200 done: train_loss=0.4595 val_loss=0.4811 val_accuracy=0.8012 val_macro_f1=0.7815 val_macro_auc=0.9808 (checkpoint_metric=macro_auc)
2026-08-15 07:09:13,854 INFO train epoch 101/200 batch 13/66 (20%) running_loss=0.4698
2026-08-15 07:09:17,443 INFO train epoch 101/200 batch 26/66 (39%) running_loss=0.4678
2026-08-15 07:09:21,032 INFO train epoch 101/200 batch 39/66 (59%) running_loss=0.4634
2026-08-15 07:09:24,615 INFO train epoch 101/200 batch 52/66 (79%) running_loss=0.4535
2026-08-15 07:09:28,180 INFO train epoch 101/200 batch 65/66 (98%) running_loss=0.4535
2026-08-15 07:09:28,406 INFO train epoch 101/200 batch 66/66 (100%) running_loss=0.4529
2026-08-15 07:09:30,904 INFO epoch 101/200 done: train_loss=0.4529 val_loss=0.3311 val_accuracy=0.8914 val_macro_f1=0.8704 val_macro_auc=0.9890 (checkpoint_metric=macro_auc)
2026-08-15 07:09:34,962 INFO train epoch 102/200 batch 13/66 (20%) running_loss=0.4655
2026-08-15 07:09:38,557 INFO train epoch 102/200 batch 26/66 (39%) running_loss=0.4583
2026-08-15 07:09:42,157 INFO train epoch 102/200 batch 39/66 (59%) running_loss=0.4490
2026-08-15 07:09:45,744 INFO train epoch 102/200 batch 52/66 (79%) running_loss=0.4573
2026-08-15 07:09:49,342 INFO train epoch 102/200 batch 65/66 (98%) running_loss=0.4520
2026-08-15 07:09:49,569 INFO train epoch 102/200 batch 66/66 (100%) running_loss=0.4522
2026-08-15 07:09:52,067 INFO epoch 102/200 done: train_loss=0.4522 val_loss=0.1854 val_accuracy=0.9611 val_macro_f1=0.9435 val_macro_auc=0.9936 (checkpoint_metric=macro_auc)
2026-08-15 07:09:56,172 INFO train epoch 103/200 batch 13/66 (20%) running_loss=0.4559
2026-08-15 07:09:59,774 INFO train epoch 103/200 batch 26/66 (39%) running_loss=0.4637
2026-08-15 07:10:03,386 INFO train epoch 103/200 batch 39/66 (59%) running_loss=0.4584
2026-08-15 07:10:06,965 INFO train epoch 103/200 batch 52/66 (79%) running_loss=0.4508
2026-08-15 07:10:10,540 INFO train epoch 103/200 batch 65/66 (98%) running_loss=0.4419
2026-08-15 07:10:10,767 INFO train epoch 103/200 batch 66/66 (100%) running_loss=0.4413
2026-08-15 07:10:13,282 INFO epoch 103/200 done: train_loss=0.4413 val_loss=0.4111 val_accuracy=0.8545 val_macro_f1=0.8329 val_macro_auc=0.9847 (checkpoint_metric=macro_auc)
2026-08-15 07:10:17,427 INFO train epoch 104/200 batch 13/66 (20%) running_loss=0.4652
2026-08-15 07:10:21,042 INFO train epoch 104/200 batch 26/66 (39%) running_loss=0.4540
2026-08-15 07:10:24,848 INFO train epoch 104/200 batch 39/66 (59%) running_loss=0.4566
2026-08-15 07:10:28,437 INFO train epoch 104/200 batch 52/66 (79%) running_loss=0.4486
2026-08-15 07:10:32,024 INFO train epoch 104/200 batch 65/66 (98%) running_loss=0.4480
2026-08-15 07:10:32,251 INFO train epoch 104/200 batch 66/66 (100%) running_loss=0.4473
2026-08-15 07:10:34,759 INFO epoch 104/200 done: train_loss=0.4473 val_loss=0.3383 val_accuracy=0.8893 val_macro_f1=0.8664 val_macro_auc=0.9877 (checkpoint_metric=macro_auc)
2026-08-15 07:10:38,862 INFO train epoch 105/200 batch 13/66 (20%) running_loss=0.4330
2026-08-15 07:10:42,452 INFO train epoch 105/200 batch 26/66 (39%) running_loss=0.4346
2026-08-15 07:10:46,030 INFO train epoch 105/200 batch 39/66 (59%) running_loss=0.4451
2026-08-15 07:10:49,615 INFO train epoch 105/200 batch 52/66 (79%) running_loss=0.4500
2026-08-15 07:10:53,204 INFO train epoch 105/200 batch 65/66 (98%) running_loss=0.4528
2026-08-15 07:10:53,437 INFO train epoch 105/200 batch 66/66 (100%) running_loss=0.4535
2026-08-15 07:10:55,937 INFO epoch 105/200 done: train_loss=0.4535 val_loss=0.4691 val_accuracy=0.8402 val_macro_f1=0.8175 val_macro_auc=0.9778 (checkpoint_metric=macro_auc)
2026-08-15 07:11:00,034 INFO train epoch 106/200 batch 13/66 (20%) running_loss=0.4389
2026-08-15 07:11:03,631 INFO train epoch 106/200 batch 26/66 (39%) running_loss=0.4543
2026-08-15 07:11:07,222 INFO train epoch 106/200 batch 39/66 (59%) running_loss=0.4429
2026-08-15 07:11:10,823 INFO train epoch 106/200 batch 52/66 (79%) running_loss=0.4399
2026-08-15 07:11:14,424 INFO train epoch 106/200 batch 65/66 (98%) running_loss=0.4415
2026-08-15 07:11:14,655 INFO train epoch 106/200 batch 66/66 (100%) running_loss=0.4431
2026-08-15 07:11:17,157 INFO epoch 106/200 done: train_loss=0.4431 val_loss=0.3295 val_accuracy=0.8730 val_macro_f1=0.8493 val_macro_auc=0.9877 (checkpoint_metric=macro_auc)
2026-08-15 07:11:21,252 INFO train epoch 107/200 batch 13/66 (20%) running_loss=0.4527
2026-08-15 07:11:24,852 INFO train epoch 107/200 batch 26/66 (39%) running_loss=0.4531
2026-08-15 07:11:28,463 INFO train epoch 107/200 batch 39/66 (59%) running_loss=0.4511
2026-08-15 07:11:32,188 INFO train epoch 107/200 batch 52/66 (79%) running_loss=0.4453
2026-08-15 07:11:35,780 INFO train epoch 107/200 batch 65/66 (98%) running_loss=0.4523
2026-08-15 07:11:36,007 INFO train epoch 107/200 batch 66/66 (100%) running_loss=0.4519
2026-08-15 07:11:38,520 INFO epoch 107/200 done: train_loss=0.4519 val_loss=0.4118 val_accuracy=0.8443 val_macro_f1=0.8198 val_macro_auc=0.9854 (checkpoint_metric=macro_auc)
2026-08-15 07:11:42,600 INFO train epoch 108/200 batch 13/66 (20%) running_loss=0.4493
2026-08-15 07:11:46,196 INFO train epoch 108/200 batch 26/66 (39%) running_loss=0.4309
2026-08-15 07:11:49,785 INFO train epoch 108/200 batch 39/66 (59%) running_loss=0.4361
2026-08-15 07:11:53,366 INFO train epoch 108/200 batch 52/66 (79%) running_loss=0.4359
2026-08-15 07:11:56,944 INFO train epoch 108/200 batch 65/66 (98%) running_loss=0.4317
2026-08-15 07:11:57,170 INFO train epoch 108/200 batch 66/66 (100%) running_loss=0.4322
2026-08-15 07:11:59,674 INFO epoch 108/200 done: train_loss=0.4322 val_loss=0.3249 val_accuracy=0.8811 val_macro_f1=0.8538 val_macro_auc=0.9858 (checkpoint_metric=macro_auc)
2026-08-15 07:12:03,691 INFO train epoch 109/200 batch 13/66 (20%) running_loss=0.4550
2026-08-15 07:12:07,270 INFO train epoch 109/200 batch 26/66 (39%) running_loss=0.4541
2026-08-15 07:12:10,844 INFO train epoch 109/200 batch 39/66 (59%) running_loss=0.4416
2026-08-15 07:12:14,425 INFO train epoch 109/200 batch 52/66 (79%) running_loss=0.4389
2026-08-15 07:12:18,016 INFO train epoch 109/200 batch 65/66 (98%) running_loss=0.4362
2026-08-15 07:12:18,245 INFO train epoch 109/200 batch 66/66 (100%) running_loss=0.4367
2026-08-15 07:12:20,765 INFO epoch 109/200 done: train_loss=0.4367 val_loss=0.2986 val_accuracy=0.8996 val_macro_f1=0.8786 val_macro_auc=0.9916 (checkpoint_metric=macro_auc)
2026-08-15 07:12:24,805 INFO train epoch 110/200 batch 13/66 (20%) running_loss=0.4585
2026-08-15 07:12:28,394 INFO train epoch 110/200 batch 26/66 (39%) running_loss=0.4560
2026-08-15 07:12:32,027 INFO train epoch 110/200 batch 39/66 (59%) running_loss=0.4436
2026-08-15 07:12:35,606 INFO train epoch 110/200 batch 52/66 (79%) running_loss=0.4453
2026-08-15 07:12:39,168 INFO train epoch 110/200 batch 65/66 (98%) running_loss=0.4479
2026-08-15 07:12:39,396 INFO train epoch 110/200 batch 66/66 (100%) running_loss=0.4469
2026-08-15 07:12:41,917 INFO epoch 110/200 done: train_loss=0.4469 val_loss=0.2598 val_accuracy=0.9262 val_macro_f1=0.9030 val_macro_auc=0.9916 (checkpoint_metric=macro_auc)
2026-08-15 07:12:46,024 INFO train epoch 111/200 batch 13/66 (20%) running_loss=0.4234
2026-08-15 07:12:49,815 INFO train epoch 111/200 batch 26/66 (39%) running_loss=0.4352
2026-08-15 07:12:53,440 INFO train epoch 111/200 batch 39/66 (59%) running_loss=0.4401
2026-08-15 07:12:57,069 INFO train epoch 111/200 batch 52/66 (79%) running_loss=0.4404
2026-08-15 07:13:00,681 INFO train epoch 111/200 batch 65/66 (98%) running_loss=0.4405
2026-08-15 07:13:00,908 INFO train epoch 111/200 batch 66/66 (100%) running_loss=0.4406
2026-08-15 07:13:03,429 INFO epoch 111/200 done: train_loss=0.4406 val_loss=0.2661 val_accuracy=0.9139 val_macro_f1=0.8904 val_macro_auc=0.9911 (checkpoint_metric=macro_auc)
2026-08-15 07:13:07,529 INFO train epoch 112/200 batch 13/66 (20%) running_loss=0.4225
2026-08-15 07:13:11,116 INFO train epoch 112/200 batch 26/66 (39%) running_loss=0.4252
2026-08-15 07:13:14,765 INFO train epoch 112/200 batch 39/66 (59%) running_loss=0.4399
2026-08-15 07:13:18,390 INFO train epoch 112/200 batch 52/66 (79%) running_loss=0.4386
2026-08-15 07:13:22,006 INFO train epoch 112/200 batch 65/66 (98%) running_loss=0.4351
2026-08-15 07:13:22,232 INFO train epoch 112/200 batch 66/66 (100%) running_loss=0.4354
2026-08-15 07:13:24,739 INFO epoch 112/200 done: train_loss=0.4354 val_loss=0.2792 val_accuracy=0.9242 val_macro_f1=0.8995 val_macro_auc=0.9896 (checkpoint_metric=macro_auc)
2026-08-15 07:13:28,837 INFO train epoch 113/200 batch 13/66 (20%) running_loss=0.4548
2026-08-15 07:13:32,421 INFO train epoch 113/200 batch 26/66 (39%) running_loss=0.4340
2026-08-15 07:13:35,995 INFO train epoch 113/200 batch 39/66 (59%) running_loss=0.4292
2026-08-15 07:13:39,568 INFO train epoch 113/200 batch 52/66 (79%) running_loss=0.4283
2026-08-15 07:13:43,151 INFO train epoch 113/200 batch 65/66 (98%) running_loss=0.4354
2026-08-15 07:13:43,376 INFO train epoch 113/200 batch 66/66 (100%) running_loss=0.4354
2026-08-15 07:13:45,881 INFO epoch 113/200 done: train_loss=0.4354 val_loss=0.2792 val_accuracy=0.9037 val_macro_f1=0.8837 val_macro_auc=0.9907 (checkpoint_metric=macro_auc)
2026-08-15 07:13:49,954 INFO train epoch 114/200 batch 13/66 (20%) running_loss=0.4255
2026-08-15 07:13:53,547 INFO train epoch 114/200 batch 26/66 (39%) running_loss=0.4214
2026-08-15 07:13:57,135 INFO train epoch 114/200 batch 39/66 (59%) running_loss=0.4234
2026-08-15 07:14:00,733 INFO train epoch 114/200 batch 52/66 (79%) running_loss=0.4304
2026-08-15 07:14:04,331 INFO train epoch 114/200 batch 65/66 (98%) running_loss=0.4300
2026-08-15 07:14:04,726 INFO train epoch 114/200 batch 66/66 (100%) running_loss=0.4295
2026-08-15 07:14:07,263 INFO epoch 114/200 done: train_loss=0.4295 val_loss=0.4230 val_accuracy=0.8422 val_macro_f1=0.8213 val_macro_auc=0.9885 (checkpoint_metric=macro_auc)
2026-08-15 07:14:11,339 INFO train epoch 115/200 batch 13/66 (20%) running_loss=0.4274
2026-08-15 07:14:14,901 INFO train epoch 115/200 batch 26/66 (39%) running_loss=0.4309
2026-08-15 07:14:18,500 INFO train epoch 115/200 batch 39/66 (59%) running_loss=0.4280
2026-08-15 07:14:22,086 INFO train epoch 115/200 batch 52/66 (79%) running_loss=0.4205
2026-08-15 07:14:25,660 INFO train epoch 115/200 batch 65/66 (98%) running_loss=0.4198
2026-08-15 07:14:25,886 INFO train epoch 115/200 batch 66/66 (100%) running_loss=0.4213
2026-08-15 07:14:28,408 INFO epoch 115/200 done: train_loss=0.4213 val_loss=0.3268 val_accuracy=0.8914 val_macro_f1=0.8686 val_macro_auc=0.9897 (checkpoint_metric=macro_auc)
2026-08-15 07:14:32,503 INFO train epoch 116/200 batch 13/66 (20%) running_loss=0.3955
2026-08-15 07:14:36,088 INFO train epoch 116/200 batch 26/66 (39%) running_loss=0.4111
2026-08-15 07:14:39,683 INFO train epoch 116/200 batch 39/66 (59%) running_loss=0.4178
2026-08-15 07:14:43,247 INFO train epoch 116/200 batch 52/66 (79%) running_loss=0.4214
2026-08-15 07:14:46,812 INFO train epoch 116/200 batch 65/66 (98%) running_loss=0.4201
2026-08-15 07:14:47,038 INFO train epoch 116/200 batch 66/66 (100%) running_loss=0.4205
2026-08-15 07:14:49,538 INFO epoch 116/200 done: train_loss=0.4205 val_loss=0.2778 val_accuracy=0.9057 val_macro_f1=0.8826 val_macro_auc=0.9896 (checkpoint_metric=macro_auc)
2026-08-15 07:14:53,634 INFO train epoch 117/200 batch 13/66 (20%) running_loss=0.4301
2026-08-15 07:14:57,208 INFO train epoch 117/200 batch 26/66 (39%) running_loss=0.4299
2026-08-15 07:15:00,769 INFO train epoch 117/200 batch 39/66 (59%) running_loss=0.4247
2026-08-15 07:15:04,348 INFO train epoch 117/200 batch 52/66 (79%) running_loss=0.4315
2026-08-15 07:15:07,909 INFO train epoch 117/200 batch 65/66 (98%) running_loss=0.4249
2026-08-15 07:15:08,135 INFO train epoch 117/200 batch 66/66 (100%) running_loss=0.4261
2026-08-15 07:15:10,645 INFO epoch 117/200 done: train_loss=0.4261 val_loss=0.4209 val_accuracy=0.8381 val_macro_f1=0.8152 val_macro_auc=0.9857 (checkpoint_metric=macro_auc)
2026-08-15 07:15:14,742 INFO train epoch 118/200 batch 13/66 (20%) running_loss=0.4077
2026-08-15 07:15:18,446 INFO train epoch 118/200 batch 26/66 (39%) running_loss=0.4103
2026-08-15 07:15:22,047 INFO train epoch 118/200 batch 39/66 (59%) running_loss=0.4089
2026-08-15 07:15:25,673 INFO train epoch 118/200 batch 52/66 (79%) running_loss=0.4152
2026-08-15 07:15:29,274 INFO train epoch 118/200 batch 65/66 (98%) running_loss=0.4181
2026-08-15 07:15:29,500 INFO train epoch 118/200 batch 66/66 (100%) running_loss=0.4185
2026-08-15 07:15:32,006 INFO epoch 118/200 done: train_loss=0.4185 val_loss=0.4290 val_accuracy=0.8381 val_macro_f1=0.8147 val_macro_auc=0.9804 (checkpoint_metric=macro_auc)
2026-08-15 07:15:36,107 INFO train epoch 119/200 batch 13/66 (20%) running_loss=0.3988
2026-08-15 07:15:39,719 INFO train epoch 119/200 batch 26/66 (39%) running_loss=0.4066
2026-08-15 07:15:43,318 INFO train epoch 119/200 batch 39/66 (59%) running_loss=0.4190
2026-08-15 07:15:46,927 INFO train epoch 119/200 batch 52/66 (79%) running_loss=0.4186
2026-08-15 07:15:50,518 INFO train epoch 119/200 batch 65/66 (98%) running_loss=0.4164
2026-08-15 07:15:50,745 INFO train epoch 119/200 batch 66/66 (100%) running_loss=0.4158
2026-08-15 07:15:53,261 INFO epoch 119/200 done: train_loss=0.4158 val_loss=0.3034 val_accuracy=0.9139 val_macro_f1=0.8899 val_macro_auc=0.9850 (checkpoint_metric=macro_auc)
2026-08-15 07:15:57,330 INFO train epoch 120/200 batch 13/66 (20%) running_loss=0.4346
2026-08-15 07:16:00,921 INFO train epoch 120/200 batch 26/66 (39%) running_loss=0.4293
2026-08-15 07:16:04,530 INFO train epoch 120/200 batch 39/66 (59%) running_loss=0.4331
2026-08-15 07:16:08,128 INFO train epoch 120/200 batch 52/66 (79%) running_loss=0.4259
2026-08-15 07:16:11,689 INFO train epoch 120/200 batch 65/66 (98%) running_loss=0.4233
2026-08-15 07:16:11,914 INFO train epoch 120/200 batch 66/66 (100%) running_loss=0.4225
2026-08-15 07:16:14,433 INFO epoch 120/200 done: train_loss=0.4225 val_loss=0.3648 val_accuracy=0.8627 val_macro_f1=0.8414 val_macro_auc=0.9923 (checkpoint_metric=macro_auc)
2026-08-15 07:16:18,548 INFO train epoch 121/200 batch 13/66 (20%) running_loss=0.4062
2026-08-15 07:16:22,148 INFO train epoch 121/200 batch 26/66 (39%) running_loss=0.4093
2026-08-15 07:16:25,728 INFO train epoch 121/200 batch 39/66 (59%) running_loss=0.4178
2026-08-15 07:16:29,322 INFO train epoch 121/200 batch 52/66 (79%) running_loss=0.4220
2026-08-15 07:16:33,089 INFO train epoch 121/200 batch 65/66 (98%) running_loss=0.4236
2026-08-15 07:16:33,317 INFO train epoch 121/200 batch 66/66 (100%) running_loss=0.4236
2026-08-15 07:16:35,830 INFO epoch 121/200 done: train_loss=0.4236 val_loss=0.3029 val_accuracy=0.9078 val_macro_f1=0.8844 val_macro_auc=0.9866 (checkpoint_metric=macro_auc)
2026-08-15 07:16:39,841 INFO train epoch 122/200 batch 13/66 (20%) running_loss=0.4011
2026-08-15 07:16:43,425 INFO train epoch 122/200 batch 26/66 (39%) running_loss=0.4023
2026-08-15 07:16:46,995 INFO train epoch 122/200 batch 39/66 (59%) running_loss=0.4122
2026-08-15 07:16:50,599 INFO train epoch 122/200 batch 52/66 (79%) running_loss=0.4042
2026-08-15 07:16:54,184 INFO train epoch 122/200 batch 65/66 (98%) running_loss=0.4103
2026-08-15 07:16:54,410 INFO train epoch 122/200 batch 66/66 (100%) running_loss=0.4097
2026-08-15 07:16:56,914 INFO epoch 122/200 done: train_loss=0.4097 val_loss=0.3016 val_accuracy=0.9016 val_macro_f1=0.8765 val_macro_auc=0.9836 (checkpoint_metric=macro_auc)
2026-08-15 07:17:01,015 INFO train epoch 123/200 batch 13/66 (20%) running_loss=0.3916
2026-08-15 07:17:04,592 INFO train epoch 123/200 batch 26/66 (39%) running_loss=0.4082
2026-08-15 07:17:08,173 INFO train epoch 123/200 batch 39/66 (59%) running_loss=0.4151
2026-08-15 07:17:11,744 INFO train epoch 123/200 batch 52/66 (79%) running_loss=0.4101
2026-08-15 07:17:15,319 INFO train epoch 123/200 batch 65/66 (98%) running_loss=0.4156
2026-08-15 07:17:15,546 INFO train epoch 123/200 batch 66/66 (100%) running_loss=0.4154
2026-08-15 07:17:18,085 INFO epoch 123/200 done: train_loss=0.4154 val_loss=0.3226 val_accuracy=0.8996 val_macro_f1=0.8731 val_macro_auc=0.9809 (checkpoint_metric=macro_auc)
2026-08-15 07:17:22,163 INFO train epoch 124/200 batch 13/66 (20%) running_loss=0.4260
2026-08-15 07:17:25,784 INFO train epoch 124/200 batch 26/66 (39%) running_loss=0.4160
2026-08-15 07:17:29,375 INFO train epoch 124/200 batch 39/66 (59%) running_loss=0.4107
2026-08-15 07:17:32,969 INFO train epoch 124/200 batch 52/66 (79%) running_loss=0.4113
2026-08-15 07:17:36,544 INFO train epoch 124/200 batch 65/66 (98%) running_loss=0.4085
2026-08-15 07:17:36,770 INFO train epoch 124/200 batch 66/66 (100%) running_loss=0.4077
2026-08-15 07:17:39,280 INFO epoch 124/200 done: train_loss=0.4077 val_loss=0.2779 val_accuracy=0.9180 val_macro_f1=0.8946 val_macro_auc=0.9863 (checkpoint_metric=macro_auc)
2026-08-15 07:17:43,482 INFO train epoch 125/200 batch 13/66 (20%) running_loss=0.3952
2026-08-15 07:17:47,086 INFO train epoch 125/200 batch 26/66 (39%) running_loss=0.3984
2026-08-15 07:17:50,690 INFO train epoch 125/200 batch 39/66 (59%) running_loss=0.3962
2026-08-15 07:17:54,302 INFO train epoch 125/200 batch 52/66 (79%) running_loss=0.4056
2026-08-15 07:17:57,923 INFO train epoch 125/200 batch 65/66 (98%) running_loss=0.4055
2026-08-15 07:17:58,150 INFO train epoch 125/200 batch 66/66 (100%) running_loss=0.4059
2026-08-15 07:18:00,670 INFO epoch 125/200 done: train_loss=0.4059 val_loss=0.2535 val_accuracy=0.9262 val_macro_f1=0.9015 val_macro_auc=0.9886 (checkpoint_metric=macro_auc)
2026-08-15 07:18:04,716 INFO train epoch 126/200 batch 13/66 (20%) running_loss=0.3880
2026-08-15 07:18:08,312 INFO train epoch 126/200 batch 26/66 (39%) running_loss=0.3875
2026-08-15 07:18:11,908 INFO train epoch 126/200 batch 39/66 (59%) running_loss=0.3895
2026-08-15 07:18:15,493 INFO train epoch 126/200 batch 52/66 (79%) running_loss=0.3912
2026-08-15 07:18:19,084 INFO train epoch 126/200 batch 65/66 (98%) running_loss=0.3987
2026-08-15 07:18:19,313 INFO train epoch 126/200 batch 66/66 (100%) running_loss=0.3997
2026-08-15 07:18:21,815 INFO epoch 126/200 done: train_loss=0.3997 val_loss=0.4737 val_accuracy=0.8381 val_macro_f1=0.8160 val_macro_auc=0.9762 (checkpoint_metric=macro_auc)
2026-08-15 07:18:25,934 INFO train epoch 127/200 batch 13/66 (20%) running_loss=0.4173
2026-08-15 07:18:29,569 INFO train epoch 127/200 batch 26/66 (39%) running_loss=0.4178
2026-08-15 07:18:33,159 INFO train epoch 127/200 batch 39/66 (59%) running_loss=0.4226
2026-08-15 07:18:36,751 INFO train epoch 127/200 batch 52/66 (79%) running_loss=0.4214
2026-08-15 07:18:40,320 INFO train epoch 127/200 batch 65/66 (98%) running_loss=0.4195
2026-08-15 07:18:40,548 INFO train epoch 127/200 batch 66/66 (100%) running_loss=0.4190
2026-08-15 07:18:43,056 INFO epoch 127/200 done: train_loss=0.4190 val_loss=0.3596 val_accuracy=0.8770 val_macro_f1=0.8512 val_macro_auc=0.9838 (checkpoint_metric=macro_auc)
2026-08-15 07:18:47,119 INFO train epoch 128/200 batch 13/66 (20%) running_loss=0.4148
2026-08-15 07:18:50,737 INFO train epoch 128/200 batch 26/66 (39%) running_loss=0.4099
2026-08-15 07:18:54,329 INFO train epoch 128/200 batch 39/66 (59%) running_loss=0.4203
2026-08-15 07:18:58,116 INFO train epoch 128/200 batch 52/66 (79%) running_loss=0.4217
2026-08-15 07:19:01,697 INFO train epoch 128/200 batch 65/66 (98%) running_loss=0.4216
2026-08-15 07:19:01,929 INFO train epoch 128/200 batch 66/66 (100%) running_loss=0.4212
2026-08-15 07:19:04,442 INFO epoch 128/200 done: train_loss=0.4212 val_loss=0.3583 val_accuracy=0.8689 val_macro_f1=0.8463 val_macro_auc=0.9902 (checkpoint_metric=macro_auc)
2026-08-15 07:19:08,513 INFO train epoch 129/200 batch 13/66 (20%) running_loss=0.3851
2026-08-15 07:19:12,092 INFO train epoch 129/200 batch 26/66 (39%) running_loss=0.3781
2026-08-15 07:19:15,688 INFO train epoch 129/200 batch 39/66 (59%) running_loss=0.3931
2026-08-15 07:19:19,261 INFO train epoch 129/200 batch 52/66 (79%) running_loss=0.3939
2026-08-15 07:19:22,858 INFO train epoch 129/200 batch 65/66 (98%) running_loss=0.3994
2026-08-15 07:19:23,083 INFO train epoch 129/200 batch 66/66 (100%) running_loss=0.3991
2026-08-15 07:19:25,600 INFO epoch 129/200 done: train_loss=0.3991 val_loss=0.2480 val_accuracy=0.9201 val_macro_f1=0.8977 val_macro_auc=0.9920 (checkpoint_metric=macro_auc)
2026-08-15 07:19:29,612 INFO train epoch 130/200 batch 13/66 (20%) running_loss=0.4005
2026-08-15 07:19:33,217 INFO train epoch 130/200 batch 26/66 (39%) running_loss=0.3982
2026-08-15 07:19:36,841 INFO train epoch 130/200 batch 39/66 (59%) running_loss=0.3980
2026-08-15 07:19:40,459 INFO train epoch 130/200 batch 52/66 (79%) running_loss=0.4016
2026-08-15 07:19:44,064 INFO train epoch 130/200 batch 65/66 (98%) running_loss=0.4039
2026-08-15 07:19:44,289 INFO train epoch 130/200 batch 66/66 (100%) running_loss=0.4044
2026-08-15 07:19:46,788 INFO epoch 130/200 done: train_loss=0.4044 val_loss=0.2943 val_accuracy=0.9057 val_macro_f1=0.8815 val_macro_auc=0.9860 (checkpoint_metric=macro_auc)
2026-08-15 07:19:50,861 INFO train epoch 131/200 batch 13/66 (20%) running_loss=0.4092
2026-08-15 07:19:54,451 INFO train epoch 131/200 batch 26/66 (39%) running_loss=0.4069
2026-08-15 07:19:58,031 INFO train epoch 131/200 batch 39/66 (59%) running_loss=0.4028
2026-08-15 07:20:01,758 INFO train epoch 131/200 batch 52/66 (79%) running_loss=0.4043
2026-08-15 07:20:05,320 INFO train epoch 131/200 batch 65/66 (98%) running_loss=0.4051
2026-08-15 07:20:05,546 INFO train epoch 131/200 batch 66/66 (100%) running_loss=0.4052
2026-08-15 07:20:08,052 INFO epoch 131/200 done: train_loss=0.4052 val_loss=0.2433 val_accuracy=0.9385 val_macro_f1=0.9183 val_macro_auc=0.9907 (checkpoint_metric=macro_auc)
2026-08-15 07:20:12,139 INFO train epoch 132/200 batch 13/66 (20%) running_loss=0.3924
2026-08-15 07:20:15,717 INFO train epoch 132/200 batch 26/66 (39%) running_loss=0.3871
2026-08-15 07:20:19,332 INFO train epoch 132/200 batch 39/66 (59%) running_loss=0.3987
2026-08-15 07:20:22,939 INFO train epoch 132/200 batch 52/66 (79%) running_loss=0.4008
2026-08-15 07:20:26,507 INFO train epoch 132/200 batch 65/66 (98%) running_loss=0.4032
2026-08-15 07:20:26,731 INFO train epoch 132/200 batch 66/66 (100%) running_loss=0.4026
2026-08-15 07:20:29,238 INFO epoch 132/200 done: train_loss=0.4026 val_loss=0.3906 val_accuracy=0.8648 val_macro_f1=0.8416 val_macro_auc=0.9861 (checkpoint_metric=macro_auc)
2026-08-15 07:20:33,325 INFO train epoch 133/200 batch 13/66 (20%) running_loss=0.3934
2026-08-15 07:20:36,908 INFO train epoch 133/200 batch 26/66 (39%) running_loss=0.3994
2026-08-15 07:20:40,492 INFO train epoch 133/200 batch 39/66 (59%) running_loss=0.4007
2026-08-15 07:20:44,077 INFO train epoch 133/200 batch 52/66 (79%) running_loss=0.4034
2026-08-15 07:20:47,639 INFO train epoch 133/200 batch 65/66 (98%) running_loss=0.4052
2026-08-15 07:20:47,864 INFO train epoch 133/200 batch 66/66 (100%) running_loss=0.4051
2026-08-15 07:20:50,377 INFO epoch 133/200 done: train_loss=0.4051 val_loss=0.3014 val_accuracy=0.9078 val_macro_f1=0.8829 val_macro_auc=0.9804 (checkpoint_metric=macro_auc)
2026-08-15 07:20:54,426 INFO train epoch 134/200 batch 13/66 (20%) running_loss=0.4215
2026-08-15 07:20:58,011 INFO train epoch 134/200 batch 26/66 (39%) running_loss=0.3985
2026-08-15 07:21:01,579 INFO train epoch 134/200 batch 39/66 (59%) running_loss=0.3953
2026-08-15 07:21:05,156 INFO train epoch 134/200 batch 52/66 (79%) running_loss=0.4017
2026-08-15 07:21:08,719 INFO train epoch 134/200 batch 65/66 (98%) running_loss=0.3972
2026-08-15 07:21:08,944 INFO train epoch 134/200 batch 66/66 (100%) running_loss=0.3967
2026-08-15 07:21:11,439 INFO epoch 134/200 done: train_loss=0.3967 val_loss=0.2336 val_accuracy=0.9303 val_macro_f1=0.9099 val_macro_auc=0.9924 (checkpoint_metric=macro_auc)
2026-08-15 07:21:15,504 INFO train epoch 135/200 batch 13/66 (20%) running_loss=0.3811
2026-08-15 07:21:19,318 INFO train epoch 135/200 batch 26/66 (39%) running_loss=0.3689
2026-08-15 07:21:22,914 INFO train epoch 135/200 batch 39/66 (59%) running_loss=0.3768
2026-08-15 07:21:26,486 INFO train epoch 135/200 batch 52/66 (79%) running_loss=0.3772
2026-08-15 07:21:30,051 INFO train epoch 135/200 batch 65/66 (98%) running_loss=0.3756
2026-08-15 07:21:30,275 INFO train epoch 135/200 batch 66/66 (100%) running_loss=0.3753
2026-08-15 07:21:32,793 INFO epoch 135/200 done: train_loss=0.3753 val_loss=0.2429 val_accuracy=0.9262 val_macro_f1=0.9054 val_macro_auc=0.9912 (checkpoint_metric=macro_auc)
2026-08-15 07:21:36,808 INFO train epoch 136/200 batch 13/66 (20%) running_loss=0.3894
2026-08-15 07:21:40,386 INFO train epoch 136/200 batch 26/66 (39%) running_loss=0.3919
2026-08-15 07:21:43,979 INFO train epoch 136/200 batch 39/66 (59%) running_loss=0.3888
2026-08-15 07:21:47,565 INFO train epoch 136/200 batch 52/66 (79%) running_loss=0.3919
2026-08-15 07:21:51,148 INFO train epoch 136/200 batch 65/66 (98%) running_loss=0.3929
2026-08-15 07:21:51,375 INFO train epoch 136/200 batch 66/66 (100%) running_loss=0.3927
2026-08-15 07:21:53,891 INFO epoch 136/200 done: train_loss=0.3927 val_loss=0.2872 val_accuracy=0.9078 val_macro_f1=0.8871 val_macro_auc=0.9890 (checkpoint_metric=macro_auc)
2026-08-15 07:21:57,959 INFO train epoch 137/200 batch 13/66 (20%) running_loss=0.3729
2026-08-15 07:22:01,526 INFO train epoch 137/200 batch 26/66 (39%) running_loss=0.3812
2026-08-15 07:22:05,118 INFO train epoch 137/200 batch 39/66 (59%) running_loss=0.3759
2026-08-15 07:22:08,703 INFO train epoch 137/200 batch 52/66 (79%) running_loss=0.3774
2026-08-15 07:22:12,259 INFO train epoch 137/200 batch 65/66 (98%) running_loss=0.3807
2026-08-15 07:22:12,484 INFO train epoch 137/200 batch 66/66 (100%) running_loss=0.3811
2026-08-15 07:22:14,989 INFO epoch 137/200 done: train_loss=0.3811 val_loss=0.3154 val_accuracy=0.8996 val_macro_f1=0.8770 val_macro_auc=0.9860 (checkpoint_metric=macro_auc)
2026-08-15 07:22:19,097 INFO train epoch 138/200 batch 13/66 (20%) running_loss=0.3895
2026-08-15 07:22:22,709 INFO train epoch 138/200 batch 26/66 (39%) running_loss=0.3785
2026-08-15 07:22:26,270 INFO train epoch 138/200 batch 39/66 (59%) running_loss=0.3780
2026-08-15 07:22:29,858 INFO train epoch 138/200 batch 52/66 (79%) running_loss=0.3822
2026-08-15 07:22:33,572 INFO train epoch 138/200 batch 65/66 (98%) running_loss=0.3813
2026-08-15 07:22:33,799 INFO train epoch 138/200 batch 66/66 (100%) running_loss=0.3813
2026-08-15 07:22:36,328 INFO epoch 138/200 done: train_loss=0.3813 val_loss=0.3920 val_accuracy=0.8668 val_macro_f1=0.8471 val_macro_auc=0.9828 (checkpoint_metric=macro_auc)
2026-08-15 07:22:40,386 INFO train epoch 139/200 batch 13/66 (20%) running_loss=0.4045
2026-08-15 07:22:43,983 INFO train epoch 139/200 batch 26/66 (39%) running_loss=0.3935
2026-08-15 07:22:47,569 INFO train epoch 139/200 batch 39/66 (59%) running_loss=0.3872
2026-08-15 07:22:51,135 INFO train epoch 139/200 batch 52/66 (79%) running_loss=0.3861
2026-08-15 07:22:54,717 INFO train epoch 139/200 batch 65/66 (98%) running_loss=0.3824
2026-08-15 07:22:54,944 INFO train epoch 139/200 batch 66/66 (100%) running_loss=0.3843
2026-08-15 07:22:57,468 INFO epoch 139/200 done: train_loss=0.3843 val_loss=0.2809 val_accuracy=0.9139 val_macro_f1=0.8895 val_macro_auc=0.9885 (checkpoint_metric=macro_auc)
2026-08-15 07:23:01,584 INFO train epoch 140/200 batch 13/66 (20%) running_loss=0.3750
2026-08-15 07:23:05,191 INFO train epoch 140/200 batch 26/66 (39%) running_loss=0.3696
2026-08-15 07:23:08,814 INFO train epoch 140/200 batch 39/66 (59%) running_loss=0.3740
2026-08-15 07:23:12,409 INFO train epoch 140/200 batch 52/66 (79%) running_loss=0.3750
2026-08-15 07:23:15,999 INFO train epoch 140/200 batch 65/66 (98%) running_loss=0.3812
2026-08-15 07:23:16,226 INFO train epoch 140/200 batch 66/66 (100%) running_loss=0.3823
2026-08-15 07:23:18,740 INFO epoch 140/200 done: train_loss=0.3823 val_loss=0.2982 val_accuracy=0.9078 val_macro_f1=0.8850 val_macro_auc=0.9884 (checkpoint_metric=macro_auc)
2026-08-15 07:23:22,771 INFO train epoch 141/200 batch 13/66 (20%) running_loss=0.3844
2026-08-15 07:23:26,390 INFO train epoch 141/200 batch 26/66 (39%) running_loss=0.3927
2026-08-15 07:23:29,968 INFO train epoch 141/200 batch 39/66 (59%) running_loss=0.3953
2026-08-15 07:23:33,566 INFO train epoch 141/200 batch 52/66 (79%) running_loss=0.3904
2026-08-15 07:23:37,159 INFO train epoch 141/200 batch 65/66 (98%) running_loss=0.3867
2026-08-15 07:23:37,388 INFO train epoch 141/200 batch 66/66 (100%) running_loss=0.3862
2026-08-15 07:23:39,891 INFO epoch 141/200 done: train_loss=0.3862 val_loss=0.3420 val_accuracy=0.8893 val_macro_f1=0.8659 val_macro_auc=0.9811 (checkpoint_metric=macro_auc)
2026-08-15 07:23:44,134 INFO train epoch 142/200 batch 13/66 (20%) running_loss=0.3839
2026-08-15 07:23:47,762 INFO train epoch 142/200 batch 26/66 (39%) running_loss=0.3906
2026-08-15 07:23:51,347 INFO train epoch 142/200 batch 39/66 (59%) running_loss=0.3897
2026-08-15 07:23:54,935 INFO train epoch 142/200 batch 52/66 (79%) running_loss=0.3910
2026-08-15 07:23:58,502 INFO train epoch 142/200 batch 65/66 (98%) running_loss=0.3886
2026-08-15 07:23:58,727 INFO train epoch 142/200 batch 66/66 (100%) running_loss=0.3882
2026-08-15 07:24:01,237 INFO epoch 142/200 done: train_loss=0.3882 val_loss=0.3208 val_accuracy=0.8893 val_macro_f1=0.8682 val_macro_auc=0.9875 (checkpoint_metric=macro_auc)
2026-08-15 07:24:05,345 INFO train epoch 143/200 batch 13/66 (20%) running_loss=0.3798
2026-08-15 07:24:08,936 INFO train epoch 143/200 batch 26/66 (39%) running_loss=0.3702
2026-08-15 07:24:12,528 INFO train epoch 143/200 batch 39/66 (59%) running_loss=0.3755
2026-08-15 07:24:16,099 INFO train epoch 143/200 batch 52/66 (79%) running_loss=0.3723
2026-08-15 07:24:19,688 INFO train epoch 143/200 batch 65/66 (98%) running_loss=0.3729
2026-08-15 07:24:19,914 INFO train epoch 143/200 batch 66/66 (100%) running_loss=0.3733
2026-08-15 07:24:22,429 INFO epoch 143/200 done: train_loss=0.3733 val_loss=0.3132 val_accuracy=0.9078 val_macro_f1=0.8847 val_macro_auc=0.9837 (checkpoint_metric=macro_auc)
2026-08-15 07:24:26,567 INFO train epoch 144/200 batch 13/66 (20%) running_loss=0.3817
2026-08-15 07:24:30,166 INFO train epoch 144/200 batch 26/66 (39%) running_loss=0.3799
2026-08-15 07:24:33,758 INFO train epoch 144/200 batch 39/66 (59%) running_loss=0.3829
2026-08-15 07:24:37,369 INFO train epoch 144/200 batch 52/66 (79%) running_loss=0.3846
2026-08-15 07:24:40,967 INFO train epoch 144/200 batch 65/66 (98%) running_loss=0.3862
2026-08-15 07:24:41,196 INFO train epoch 144/200 batch 66/66 (100%) running_loss=0.3857
2026-08-15 07:24:43,717 INFO epoch 144/200 done: train_loss=0.3857 val_loss=0.2969 val_accuracy=0.9139 val_macro_f1=0.8905 val_macro_auc=0.9826 (checkpoint_metric=macro_auc)
2026-08-15 07:24:47,808 INFO train epoch 145/200 batch 13/66 (20%) running_loss=0.3788
2026-08-15 07:24:51,410 INFO train epoch 145/200 batch 26/66 (39%) running_loss=0.3738
2026-08-15 07:24:55,018 INFO train epoch 145/200 batch 39/66 (59%) running_loss=0.3789
2026-08-15 07:24:58,828 INFO train epoch 145/200 batch 52/66 (79%) running_loss=0.3832
2026-08-15 07:25:02,408 INFO train epoch 145/200 batch 65/66 (98%) running_loss=0.3836
2026-08-15 07:25:02,636 INFO train epoch 145/200 batch 66/66 (100%) running_loss=0.3831
2026-08-15 07:25:05,143 INFO epoch 145/200 done: train_loss=0.3831 val_loss=0.3032 val_accuracy=0.9078 val_macro_f1=0.8851 val_macro_auc=0.9836 (checkpoint_metric=macro_auc)
2026-08-15 07:25:09,200 INFO train epoch 146/200 batch 13/66 (20%) running_loss=0.3609
2026-08-15 07:25:12,823 INFO train epoch 146/200 batch 26/66 (39%) running_loss=0.3648
2026-08-15 07:25:16,413 INFO train epoch 146/200 batch 39/66 (59%) running_loss=0.3677
2026-08-15 07:25:20,025 INFO train epoch 146/200 batch 52/66 (79%) running_loss=0.3666
2026-08-15 07:25:23,613 INFO train epoch 146/200 batch 65/66 (98%) running_loss=0.3696
2026-08-15 07:25:23,840 INFO train epoch 146/200 batch 66/66 (100%) running_loss=0.3694
2026-08-15 07:25:26,342 INFO epoch 146/200 done: train_loss=0.3694 val_loss=0.2763 val_accuracy=0.9160 val_macro_f1=0.8950 val_macro_auc=0.9890 (checkpoint_metric=macro_auc)
2026-08-15 07:25:30,443 INFO train epoch 147/200 batch 13/66 (20%) running_loss=0.4085
2026-08-15 07:25:34,038 INFO train epoch 147/200 batch 26/66 (39%) running_loss=0.3833
2026-08-15 07:25:37,627 INFO train epoch 147/200 batch 39/66 (59%) running_loss=0.3896
2026-08-15 07:25:41,228 INFO train epoch 147/200 batch 52/66 (79%) running_loss=0.3830
2026-08-15 07:25:44,833 INFO train epoch 147/200 batch 65/66 (98%) running_loss=0.3829
2026-08-15 07:25:45,062 INFO train epoch 147/200 batch 66/66 (100%) running_loss=0.3836
2026-08-15 07:25:47,582 INFO epoch 147/200 done: train_loss=0.3836 val_loss=0.2612 val_accuracy=0.9262 val_macro_f1=0.9040 val_macro_auc=0.9870 (checkpoint_metric=macro_auc)
2026-08-15 07:25:51,633 INFO train epoch 148/200 batch 13/66 (20%) running_loss=0.3624
2026-08-15 07:25:55,199 INFO train epoch 148/200 batch 26/66 (39%) running_loss=0.3771
2026-08-15 07:25:58,771 INFO train epoch 148/200 batch 39/66 (59%) running_loss=0.3760
2026-08-15 07:26:02,361 INFO train epoch 148/200 batch 52/66 (79%) running_loss=0.3731
2026-08-15 07:26:05,922 INFO train epoch 148/200 batch 65/66 (98%) running_loss=0.3730
2026-08-15 07:26:06,147 INFO train epoch 148/200 batch 66/66 (100%) running_loss=0.3723
2026-08-15 07:26:08,646 INFO epoch 148/200 done: train_loss=0.3723 val_loss=0.3072 val_accuracy=0.9037 val_macro_f1=0.8812 val_macro_auc=0.9842 (checkpoint_metric=macro_auc)
2026-08-15 07:26:12,816 INFO train epoch 149/200 batch 13/66 (20%) running_loss=0.3613
2026-08-15 07:26:16,390 INFO train epoch 149/200 batch 26/66 (39%) running_loss=0.3568
2026-08-15 07:26:19,975 INFO train epoch 149/200 batch 39/66 (59%) running_loss=0.3605
2026-08-15 07:26:23,559 INFO train epoch 149/200 batch 52/66 (79%) running_loss=0.3655
2026-08-15 07:26:27,147 INFO train epoch 149/200 batch 65/66 (98%) running_loss=0.3686
2026-08-15 07:26:27,373 INFO train epoch 149/200 batch 66/66 (100%) running_loss=0.3683
2026-08-15 07:26:29,882 INFO epoch 149/200 done: train_loss=0.3683 val_loss=0.2899 val_accuracy=0.9160 val_macro_f1=0.8949 val_macro_auc=0.9852 (checkpoint_metric=macro_auc)
2026-08-15 07:26:33,983 INFO train epoch 150/200 batch 13/66 (20%) running_loss=0.3703
2026-08-15 07:26:37,555 INFO train epoch 150/200 batch 26/66 (39%) running_loss=0.3688
2026-08-15 07:26:41,127 INFO train epoch 150/200 batch 39/66 (59%) running_loss=0.3667
2026-08-15 07:26:44,708 INFO train epoch 150/200 batch 52/66 (79%) running_loss=0.3725
2026-08-15 07:26:48,287 INFO train epoch 150/200 batch 65/66 (98%) running_loss=0.3740
2026-08-15 07:26:48,524 INFO train epoch 150/200 batch 66/66 (100%) running_loss=0.3741
2026-08-15 07:26:51,036 INFO epoch 150/200 done: train_loss=0.3741 val_loss=0.3258 val_accuracy=0.8955 val_macro_f1=0.8737 val_macro_auc=0.9846 (checkpoint_metric=macro_auc)
2026-08-15 07:26:55,094 INFO train epoch 151/200 batch 13/66 (20%) running_loss=0.3525
2026-08-15 07:26:58,683 INFO train epoch 151/200 batch 26/66 (39%) running_loss=0.3567
2026-08-15 07:27:02,278 INFO train epoch 151/200 batch 39/66 (59%) running_loss=0.3650
2026-08-15 07:27:05,909 INFO train epoch 151/200 batch 52/66 (79%) running_loss=0.3632
2026-08-15 07:27:09,495 INFO train epoch 151/200 batch 65/66 (98%) running_loss=0.3633
2026-08-15 07:27:09,725 INFO train epoch 151/200 batch 66/66 (100%) running_loss=0.3650
2026-08-15 07:27:12,226 INFO epoch 151/200 done: train_loss=0.3650 val_loss=0.3445 val_accuracy=0.8914 val_macro_f1=0.8690 val_macro_auc=0.9790 (checkpoint_metric=macro_auc)
2026-08-15 07:27:16,306 INFO train epoch 152/200 batch 13/66 (20%) running_loss=0.3702
2026-08-15 07:27:19,902 INFO train epoch 152/200 batch 26/66 (39%) running_loss=0.3822
2026-08-15 07:27:23,473 INFO train epoch 152/200 batch 39/66 (59%) running_loss=0.3734
2026-08-15 07:27:27,245 INFO train epoch 152/200 batch 52/66 (79%) running_loss=0.3665
2026-08-15 07:27:30,832 INFO train epoch 152/200 batch 65/66 (98%) running_loss=0.3649
2026-08-15 07:27:31,058 INFO train epoch 152/200 batch 66/66 (100%) running_loss=0.3644
2026-08-15 07:27:33,559 INFO epoch 152/200 done: train_loss=0.3644 val_loss=0.2600 val_accuracy=0.9180 val_macro_f1=0.8963 val_macro_auc=0.9853 (checkpoint_metric=macro_auc)
2026-08-15 07:27:37,630 INFO train epoch 153/200 batch 13/66 (20%) running_loss=0.3766
2026-08-15 07:27:41,224 INFO train epoch 153/200 batch 26/66 (39%) running_loss=0.3883
2026-08-15 07:27:44,824 INFO train epoch 153/200 batch 39/66 (59%) running_loss=0.3818
2026-08-15 07:27:48,415 INFO train epoch 153/200 batch 52/66 (79%) running_loss=0.3762
2026-08-15 07:27:51,997 INFO train epoch 153/200 batch 65/66 (98%) running_loss=0.3755
2026-08-15 07:27:52,223 INFO train epoch 153/200 batch 66/66 (100%) running_loss=0.3748
2026-08-15 07:27:54,733 INFO epoch 153/200 done: train_loss=0.3748 val_loss=0.2741 val_accuracy=0.9119 val_macro_f1=0.8945 val_macro_auc=0.9906 (checkpoint_metric=macro_auc)
2026-08-15 07:27:58,837 INFO train epoch 154/200 batch 13/66 (20%) running_loss=0.3843
2026-08-15 07:28:02,440 INFO train epoch 154/200 batch 26/66 (39%) running_loss=0.3743
2026-08-15 07:28:06,019 INFO train epoch 154/200 batch 39/66 (59%) running_loss=0.3666
2026-08-15 07:28:09,617 INFO train epoch 154/200 batch 52/66 (79%) running_loss=0.3684
2026-08-15 07:28:13,184 INFO train epoch 154/200 batch 65/66 (98%) running_loss=0.3665
2026-08-15 07:28:13,410 INFO train epoch 154/200 batch 66/66 (100%) running_loss=0.3659
2026-08-15 07:28:15,922 INFO epoch 154/200 done: train_loss=0.3659 val_loss=0.3183 val_accuracy=0.8934 val_macro_f1=0.8744 val_macro_auc=0.9864 (checkpoint_metric=macro_auc)
2026-08-15 07:28:20,014 INFO train epoch 155/200 batch 13/66 (20%) running_loss=0.3510
2026-08-15 07:28:23,633 INFO train epoch 155/200 batch 26/66 (39%) running_loss=0.3524
2026-08-15 07:28:27,227 INFO train epoch 155/200 batch 39/66 (59%) running_loss=0.3592
2026-08-15 07:28:30,853 INFO train epoch 155/200 batch 52/66 (79%) running_loss=0.3608
2026-08-15 07:28:34,472 INFO train epoch 155/200 batch 65/66 (98%) running_loss=0.3645
2026-08-15 07:28:34,699 INFO train epoch 155/200 batch 66/66 (100%) running_loss=0.3649
2026-08-15 07:28:37,219 INFO epoch 155/200 done: train_loss=0.3649 val_loss=0.3242 val_accuracy=0.9057 val_macro_f1=0.8833 val_macro_auc=0.9804 (checkpoint_metric=macro_auc)
2026-08-15 07:28:41,261 INFO train epoch 156/200 batch 13/66 (20%) running_loss=0.3667
2026-08-15 07:28:45,038 INFO train epoch 156/200 batch 26/66 (39%) running_loss=0.3564
2026-08-15 07:28:48,620 INFO train epoch 156/200 batch 39/66 (59%) running_loss=0.3541
2026-08-15 07:28:52,201 INFO train epoch 156/200 batch 52/66 (79%) running_loss=0.3553
2026-08-15 07:28:55,777 INFO train epoch 156/200 batch 65/66 (98%) running_loss=0.3562
2026-08-15 07:28:56,002 INFO train epoch 156/200 batch 66/66 (100%) running_loss=0.3562
2026-08-15 07:28:58,516 INFO epoch 156/200 done: train_loss=0.3562 val_loss=0.2493 val_accuracy=0.9303 val_macro_f1=0.9100 val_macro_auc=0.9912 (checkpoint_metric=macro_auc)
2026-08-15 07:29:02,593 INFO train epoch 157/200 batch 13/66 (20%) running_loss=0.3579
2026-08-15 07:29:06,157 INFO train epoch 157/200 batch 26/66 (39%) running_loss=0.3592
2026-08-15 07:29:09,724 INFO train epoch 157/200 batch 39/66 (59%) running_loss=0.3633
2026-08-15 07:29:13,299 INFO train epoch 157/200 batch 52/66 (79%) running_loss=0.3611
2026-08-15 07:29:16,889 INFO train epoch 157/200 batch 65/66 (98%) running_loss=0.3593
2026-08-15 07:29:17,115 INFO train epoch 157/200 batch 66/66 (100%) running_loss=0.3609
2026-08-15 07:29:19,613 INFO epoch 157/200 done: train_loss=0.3609 val_loss=0.2338 val_accuracy=0.9262 val_macro_f1=0.9074 val_macro_auc=0.9919 (checkpoint_metric=macro_auc)
2026-08-15 07:29:23,721 INFO train epoch 158/200 batch 13/66 (20%) running_loss=0.3654
2026-08-15 07:29:27,306 INFO train epoch 158/200 batch 26/66 (39%) running_loss=0.3628
2026-08-15 07:29:30,894 INFO train epoch 158/200 batch 39/66 (59%) running_loss=0.3607
2026-08-15 07:29:34,501 INFO train epoch 158/200 batch 52/66 (79%) running_loss=0.3622
2026-08-15 07:29:38,086 INFO train epoch 158/200 batch 65/66 (98%) running_loss=0.3630
2026-08-15 07:29:38,313 INFO train epoch 158/200 batch 66/66 (100%) running_loss=0.3625
2026-08-15 07:29:40,820 INFO epoch 158/200 done: train_loss=0.3625 val_loss=0.2316 val_accuracy=0.9303 val_macro_f1=0.9088 val_macro_auc=0.9896 (checkpoint_metric=macro_auc)
2026-08-15 07:29:44,933 INFO train epoch 159/200 batch 13/66 (20%) running_loss=0.3644
2026-08-15 07:29:48,528 INFO train epoch 159/200 batch 26/66 (39%) running_loss=0.3625
2026-08-15 07:29:52,265 INFO train epoch 159/200 batch 39/66 (59%) running_loss=0.3591
2026-08-15 07:29:55,880 INFO train epoch 159/200 batch 52/66 (79%) running_loss=0.3650
2026-08-15 07:29:59,471 INFO train epoch 159/200 batch 65/66 (98%) running_loss=0.3647
2026-08-15 07:29:59,697 INFO train epoch 159/200 batch 66/66 (100%) running_loss=0.3644
2026-08-15 07:30:02,212 INFO epoch 159/200 done: train_loss=0.3644 val_loss=0.2633 val_accuracy=0.9098 val_macro_f1=0.8894 val_macro_auc=0.9887 (checkpoint_metric=macro_auc)
2026-08-15 07:30:06,319 INFO train epoch 160/200 batch 13/66 (20%) running_loss=0.3385
2026-08-15 07:30:09,898 INFO train epoch 160/200 batch 26/66 (39%) running_loss=0.3481
2026-08-15 07:30:13,477 INFO train epoch 160/200 batch 39/66 (59%) running_loss=0.3529
2026-08-15 07:30:17,090 INFO train epoch 160/200 batch 52/66 (79%) running_loss=0.3548
2026-08-15 07:30:20,666 INFO train epoch 160/200 batch 65/66 (98%) running_loss=0.3541
2026-08-15 07:30:20,893 INFO train epoch 160/200 batch 66/66 (100%) running_loss=0.3539
2026-08-15 07:30:23,395 INFO epoch 160/200 done: train_loss=0.3539 val_loss=0.2675 val_accuracy=0.9139 val_macro_f1=0.8912 val_macro_auc=0.9857 (checkpoint_metric=macro_auc)
2026-08-15 07:30:27,500 INFO train epoch 161/200 batch 13/66 (20%) running_loss=0.3732
2026-08-15 07:30:31,082 INFO train epoch 161/200 batch 26/66 (39%) running_loss=0.3663
2026-08-15 07:30:34,716 INFO train epoch 161/200 batch 39/66 (59%) running_loss=0.3608
2026-08-15 07:30:38,326 INFO train epoch 161/200 batch 52/66 (79%) running_loss=0.3584
2026-08-15 07:30:41,904 INFO train epoch 161/200 batch 65/66 (98%) running_loss=0.3579
2026-08-15 07:30:42,133 INFO train epoch 161/200 batch 66/66 (100%) running_loss=0.3576
2026-08-15 07:30:44,643 INFO epoch 161/200 done: train_loss=0.3576 val_loss=0.2657 val_accuracy=0.9201 val_macro_f1=0.8984 val_macro_auc=0.9868 (checkpoint_metric=macro_auc)
2026-08-15 07:30:48,729 INFO train epoch 162/200 batch 13/66 (20%) running_loss=0.3627
2026-08-15 07:30:52,299 INFO train epoch 162/200 batch 26/66 (39%) running_loss=0.3533
2026-08-15 07:30:55,876 INFO train epoch 162/200 batch 39/66 (59%) running_loss=0.3571
2026-08-15 07:30:59,473 INFO train epoch 162/200 batch 52/66 (79%) running_loss=0.3612
2026-08-15 07:31:03,085 INFO train epoch 162/200 batch 65/66 (98%) running_loss=0.3608
2026-08-15 07:31:03,311 INFO train epoch 162/200 batch 66/66 (100%) running_loss=0.3611
2026-08-15 07:31:05,818 INFO epoch 162/200 done: train_loss=0.3611 val_loss=0.2371 val_accuracy=0.9324 val_macro_f1=0.9123 val_macro_auc=0.9892 (checkpoint_metric=macro_auc)
2026-08-15 07:31:09,918 INFO train epoch 163/200 batch 13/66 (20%) running_loss=0.3603
2026-08-15 07:31:13,705 INFO train epoch 163/200 batch 26/66 (39%) running_loss=0.3695
2026-08-15 07:31:17,315 INFO train epoch 163/200 batch 39/66 (59%) running_loss=0.3640
2026-08-15 07:31:20,900 INFO train epoch 163/200 batch 52/66 (79%) running_loss=0.3607
2026-08-15 07:31:24,482 INFO train epoch 163/200 batch 65/66 (98%) running_loss=0.3618
2026-08-15 07:31:24,708 INFO train epoch 163/200 batch 66/66 (100%) running_loss=0.3624
2026-08-15 07:31:27,220 INFO epoch 163/200 done: train_loss=0.3624 val_loss=0.2602 val_accuracy=0.9262 val_macro_f1=0.9045 val_macro_auc=0.9867 (checkpoint_metric=macro_auc)
2026-08-15 07:31:31,282 INFO train epoch 164/200 batch 13/66 (20%) running_loss=0.3511
2026-08-15 07:31:34,859 INFO train epoch 164/200 batch 26/66 (39%) running_loss=0.3528
2026-08-15 07:31:38,450 INFO train epoch 164/200 batch 39/66 (59%) running_loss=0.3523
2026-08-15 07:31:42,052 INFO train epoch 164/200 batch 52/66 (79%) running_loss=0.3522
2026-08-15 07:31:45,644 INFO train epoch 164/200 batch 65/66 (98%) running_loss=0.3522
2026-08-15 07:31:45,871 INFO train epoch 164/200 batch 66/66 (100%) running_loss=0.3528
2026-08-15 07:31:48,372 INFO epoch 164/200 done: train_loss=0.3528 val_loss=0.3013 val_accuracy=0.9016 val_macro_f1=0.8773 val_macro_auc=0.9821 (checkpoint_metric=macro_auc)
2026-08-15 07:31:52,414 INFO train epoch 165/200 batch 13/66 (20%) running_loss=0.3713
2026-08-15 07:31:56,008 INFO train epoch 165/200 batch 26/66 (39%) running_loss=0.3571
2026-08-15 07:31:59,634 INFO train epoch 165/200 batch 39/66 (59%) running_loss=0.3519
2026-08-15 07:32:03,264 INFO train epoch 165/200 batch 52/66 (79%) running_loss=0.3530
2026-08-15 07:32:06,877 INFO train epoch 165/200 batch 65/66 (98%) running_loss=0.3495
2026-08-15 07:32:07,115 INFO train epoch 165/200 batch 66/66 (100%) running_loss=0.3511
2026-08-15 07:32:09,613 INFO epoch 165/200 done: train_loss=0.3511 val_loss=0.2676 val_accuracy=0.9119 val_macro_f1=0.8909 val_macro_auc=0.9882 (checkpoint_metric=macro_auc)
2026-08-15 07:32:13,644 INFO train epoch 166/200 batch 13/66 (20%) running_loss=0.3479
2026-08-15 07:32:17,243 INFO train epoch 166/200 batch 26/66 (39%) running_loss=0.3560
2026-08-15 07:32:20,949 INFO train epoch 166/200 batch 39/66 (59%) running_loss=0.3562
2026-08-15 07:32:24,550 INFO train epoch 166/200 batch 52/66 (79%) running_loss=0.3606
2026-08-15 07:32:28,121 INFO train epoch 166/200 batch 65/66 (98%) running_loss=0.3617
2026-08-15 07:32:28,347 INFO train epoch 166/200 batch 66/66 (100%) running_loss=0.3613
2026-08-15 07:32:30,856 INFO epoch 166/200 done: train_loss=0.3613 val_loss=0.2650 val_accuracy=0.9160 val_macro_f1=0.8929 val_macro_auc=0.9857 (checkpoint_metric=macro_auc)
2026-08-15 07:32:34,908 INFO train epoch 167/200 batch 13/66 (20%) running_loss=0.3485
2026-08-15 07:32:38,506 INFO train epoch 167/200 batch 26/66 (39%) running_loss=0.3484
2026-08-15 07:32:42,089 INFO train epoch 167/200 batch 39/66 (59%) running_loss=0.3504
2026-08-15 07:32:45,687 INFO train epoch 167/200 batch 52/66 (79%) running_loss=0.3478
2026-08-15 07:32:49,263 INFO train epoch 167/200 batch 65/66 (98%) running_loss=0.3493
2026-08-15 07:32:49,490 INFO train epoch 167/200 batch 66/66 (100%) running_loss=0.3499
2026-08-15 07:32:51,990 INFO epoch 167/200 done: train_loss=0.3499 val_loss=0.2609 val_accuracy=0.9160 val_macro_f1=0.8929 val_macro_auc=0.9865 (checkpoint_metric=macro_auc)
2026-08-15 07:32:56,094 INFO train epoch 168/200 batch 13/66 (20%) running_loss=0.3473
2026-08-15 07:32:59,685 INFO train epoch 168/200 batch 26/66 (39%) running_loss=0.3496
2026-08-15 07:33:03,278 INFO train epoch 168/200 batch 39/66 (59%) running_loss=0.3468
2026-08-15 07:33:06,861 INFO train epoch 168/200 batch 52/66 (79%) running_loss=0.3466
2026-08-15 07:33:10,437 INFO train epoch 168/200 batch 65/66 (98%) running_loss=0.3462
2026-08-15 07:33:10,663 INFO train epoch 168/200 batch 66/66 (100%) running_loss=0.3462
2026-08-15 07:33:13,181 INFO epoch 168/200 done: train_loss=0.3462 val_loss=0.3055 val_accuracy=0.9016 val_macro_f1=0.8786 val_macro_auc=0.9852 (checkpoint_metric=macro_auc)
2026-08-15 07:33:17,317 INFO train epoch 169/200 batch 13/66 (20%) running_loss=0.3595
2026-08-15 07:33:20,953 INFO train epoch 169/200 batch 26/66 (39%) running_loss=0.3552
2026-08-15 07:33:24,582 INFO train epoch 169/200 batch 39/66 (59%) running_loss=0.3479
2026-08-15 07:33:28,214 INFO train epoch 169/200 batch 52/66 (79%) running_loss=0.3503
2026-08-15 07:33:31,784 INFO train epoch 169/200 batch 65/66 (98%) running_loss=0.3495
2026-08-15 07:33:32,010 INFO train epoch 169/200 batch 66/66 (100%) running_loss=0.3496
2026-08-15 07:33:34,517 INFO epoch 169/200 done: train_loss=0.3496 val_loss=0.2870 val_accuracy=0.9098 val_macro_f1=0.8868 val_macro_auc=0.9850 (checkpoint_metric=macro_auc)
2026-08-15 07:33:38,771 INFO train epoch 170/200 batch 13/66 (20%) running_loss=0.3680
2026-08-15 07:33:42,355 INFO train epoch 170/200 batch 26/66 (39%) running_loss=0.3555
2026-08-15 07:33:45,948 INFO train epoch 170/200 batch 39/66 (59%) running_loss=0.3557
2026-08-15 07:33:49,532 INFO train epoch 170/200 batch 52/66 (79%) running_loss=0.3524
2026-08-15 07:33:53,114 INFO train epoch 170/200 batch 65/66 (98%) running_loss=0.3571
2026-08-15 07:33:53,342 INFO train epoch 170/200 batch 66/66 (100%) running_loss=0.3583
2026-08-15 07:33:55,870 INFO epoch 170/200 done: train_loss=0.3583 val_loss=0.2628 val_accuracy=0.9283 val_macro_f1=0.9075 val_macro_auc=0.9854 (checkpoint_metric=macro_auc)
2026-08-15 07:33:59,969 INFO train epoch 171/200 batch 13/66 (20%) running_loss=0.3535
2026-08-15 07:34:03,603 INFO train epoch 171/200 batch 26/66 (39%) running_loss=0.3580
2026-08-15 07:34:07,166 INFO train epoch 171/200 batch 39/66 (59%) running_loss=0.3533
2026-08-15 07:34:10,754 INFO train epoch 171/200 batch 52/66 (79%) running_loss=0.3553
2026-08-15 07:34:14,315 INFO train epoch 171/200 batch 65/66 (98%) running_loss=0.3524
2026-08-15 07:34:14,539 INFO train epoch 171/200 batch 66/66 (100%) running_loss=0.3522
2026-08-15 07:34:17,052 INFO epoch 171/200 done: train_loss=0.3522 val_loss=0.2981 val_accuracy=0.9098 val_macro_f1=0.8875 val_macro_auc=0.9828 (checkpoint_metric=macro_auc)
2026-08-15 07:34:21,188 INFO train epoch 172/200 batch 13/66 (20%) running_loss=0.3457
2026-08-15 07:34:24,813 INFO train epoch 172/200 batch 26/66 (39%) running_loss=0.3391
2026-08-15 07:34:28,425 INFO train epoch 172/200 batch 39/66 (59%) running_loss=0.3443
2026-08-15 07:34:32,004 INFO train epoch 172/200 batch 52/66 (79%) running_loss=0.3482
2026-08-15 07:34:35,559 INFO train epoch 172/200 batch 65/66 (98%) running_loss=0.3497
2026-08-15 07:34:35,787 INFO train epoch 172/200 batch 66/66 (100%) running_loss=0.3493
2026-08-15 07:34:38,288 INFO epoch 172/200 done: train_loss=0.3493 val_loss=0.2504 val_accuracy=0.9262 val_macro_f1=0.9047 val_macro_auc=0.9872 (checkpoint_metric=macro_auc)
2026-08-15 07:34:42,407 INFO train epoch 173/200 batch 13/66 (20%) running_loss=0.3583
2026-08-15 07:34:46,013 INFO train epoch 173/200 batch 26/66 (39%) running_loss=0.3535
2026-08-15 07:34:49,623 INFO train epoch 173/200 batch 39/66 (59%) running_loss=0.3440
2026-08-15 07:34:53,349 INFO train epoch 173/200 batch 52/66 (79%) running_loss=0.3439
2026-08-15 07:34:56,947 INFO train epoch 173/200 batch 65/66 (98%) running_loss=0.3466
2026-08-15 07:34:57,173 INFO train epoch 173/200 batch 66/66 (100%) running_loss=0.3468
2026-08-15 07:34:59,672 INFO epoch 173/200 done: train_loss=0.3468 val_loss=0.3133 val_accuracy=0.9037 val_macro_f1=0.8803 val_macro_auc=0.9821 (checkpoint_metric=macro_auc)
2026-08-15 07:35:03,761 INFO train epoch 174/200 batch 13/66 (20%) running_loss=0.3555
2026-08-15 07:35:07,350 INFO train epoch 174/200 batch 26/66 (39%) running_loss=0.3553
2026-08-15 07:35:10,964 INFO train epoch 174/200 batch 39/66 (59%) running_loss=0.3557
2026-08-15 07:35:14,540 INFO train epoch 174/200 batch 52/66 (79%) running_loss=0.3549
2026-08-15 07:35:18,136 INFO train epoch 174/200 batch 65/66 (98%) running_loss=0.3536
2026-08-15 07:35:18,363 INFO train epoch 174/200 batch 66/66 (100%) running_loss=0.3536
2026-08-15 07:35:20,872 INFO epoch 174/200 done: train_loss=0.3536 val_loss=0.2956 val_accuracy=0.9119 val_macro_f1=0.8883 val_macro_auc=0.9821 (checkpoint_metric=macro_auc)
2026-08-15 07:35:24,964 INFO train epoch 175/200 batch 13/66 (20%) running_loss=0.3572
2026-08-15 07:35:28,541 INFO train epoch 175/200 batch 26/66 (39%) running_loss=0.3521
2026-08-15 07:35:32,133 INFO train epoch 175/200 batch 39/66 (59%) running_loss=0.3496
2026-08-15 07:35:35,721 INFO train epoch 175/200 batch 52/66 (79%) running_loss=0.3512
2026-08-15 07:35:39,295 INFO train epoch 175/200 batch 65/66 (98%) running_loss=0.3486
2026-08-15 07:35:39,523 INFO train epoch 175/200 batch 66/66 (100%) running_loss=0.3493
2026-08-15 07:35:42,026 INFO epoch 175/200 done: train_loss=0.3493 val_loss=0.2850 val_accuracy=0.9180 val_macro_f1=0.8957 val_macro_auc=0.9855 (checkpoint_metric=macro_auc)
2026-08-15 07:35:46,141 INFO train epoch 176/200 batch 13/66 (20%) running_loss=0.3448
2026-08-15 07:35:49,743 INFO train epoch 176/200 batch 26/66 (39%) running_loss=0.3576
2026-08-15 07:35:53,348 INFO train epoch 176/200 batch 39/66 (59%) running_loss=0.3510
2026-08-15 07:35:56,945 INFO train epoch 176/200 batch 52/66 (79%) running_loss=0.3534
2026-08-15 07:36:00,760 INFO train epoch 176/200 batch 65/66 (98%) running_loss=0.3515
2026-08-15 07:36:00,986 INFO train epoch 176/200 batch 66/66 (100%) running_loss=0.3512
2026-08-15 07:36:03,499 INFO epoch 176/200 done: train_loss=0.3512 val_loss=0.2759 val_accuracy=0.9098 val_macro_f1=0.8872 val_macro_auc=0.9855 (checkpoint_metric=macro_auc)
2026-08-15 07:36:07,550 INFO train epoch 177/200 batch 13/66 (20%) running_loss=0.3373
2026-08-15 07:36:11,125 INFO train epoch 177/200 batch 26/66 (39%) running_loss=0.3387
2026-08-15 07:36:14,692 INFO train epoch 177/200 batch 39/66 (59%) running_loss=0.3446
2026-08-15 07:36:18,262 INFO train epoch 177/200 batch 52/66 (79%) running_loss=0.3486
2026-08-15 07:36:21,860 INFO train epoch 177/200 batch 65/66 (98%) running_loss=0.3472
2026-08-15 07:36:22,088 INFO train epoch 177/200 batch 66/66 (100%) running_loss=0.3475
2026-08-15 07:36:24,588 INFO epoch 177/200 done: train_loss=0.3475 val_loss=0.2941 val_accuracy=0.9057 val_macro_f1=0.8829 val_macro_auc=0.9829 (checkpoint_metric=macro_auc)
2026-08-15 07:36:28,688 INFO train epoch 178/200 batch 13/66 (20%) running_loss=0.3582
2026-08-15 07:36:32,274 INFO train epoch 178/200 batch 26/66 (39%) running_loss=0.3523
2026-08-15 07:36:35,895 INFO train epoch 178/200 batch 39/66 (59%) running_loss=0.3461
2026-08-15 07:36:39,550 INFO train epoch 178/200 batch 52/66 (79%) running_loss=0.3441
2026-08-15 07:36:43,161 INFO train epoch 178/200 batch 65/66 (98%) running_loss=0.3464
2026-08-15 07:36:43,387 INFO train epoch 178/200 batch 66/66 (100%) running_loss=0.3461
2026-08-15 07:36:45,875 INFO epoch 178/200 done: train_loss=0.3461 val_loss=0.3030 val_accuracy=0.9057 val_macro_f1=0.8835 val_macro_auc=0.9841 (checkpoint_metric=macro_auc)
2026-08-15 07:36:49,985 INFO train epoch 179/200 batch 13/66 (20%) running_loss=0.3540
2026-08-15 07:36:53,636 INFO train epoch 179/200 batch 26/66 (39%) running_loss=0.3480
2026-08-15 07:36:57,235 INFO train epoch 179/200 batch 39/66 (59%) running_loss=0.3489
2026-08-15 07:37:00,840 INFO train epoch 179/200 batch 52/66 (79%) running_loss=0.3478
2026-08-15 07:37:04,420 INFO train epoch 179/200 batch 65/66 (98%) running_loss=0.3470
2026-08-15 07:37:04,645 INFO train epoch 179/200 batch 66/66 (100%) running_loss=0.3467
2026-08-15 07:37:07,157 INFO epoch 179/200 done: train_loss=0.3467 val_loss=0.3000 val_accuracy=0.9078 val_macro_f1=0.8849 val_macro_auc=0.9839 (checkpoint_metric=macro_auc)
2026-08-15 07:37:11,253 INFO train epoch 180/200 batch 13/66 (20%) running_loss=0.3508
2026-08-15 07:37:14,834 INFO train epoch 180/200 batch 26/66 (39%) running_loss=0.3457
2026-08-15 07:37:18,428 INFO train epoch 180/200 batch 39/66 (59%) running_loss=0.3435
2026-08-15 07:37:22,241 INFO train epoch 180/200 batch 52/66 (79%) running_loss=0.3434
2026-08-15 07:37:25,837 INFO train epoch 180/200 batch 65/66 (98%) running_loss=0.3440
2026-08-15 07:37:26,063 INFO train epoch 180/200 batch 66/66 (100%) running_loss=0.3436
2026-08-15 07:37:28,554 INFO epoch 180/200 done: train_loss=0.3436 val_loss=0.2613 val_accuracy=0.9180 val_macro_f1=0.8952 val_macro_auc=0.9869 (checkpoint_metric=macro_auc)
2026-08-15 07:37:32,623 INFO train epoch 181/200 batch 13/66 (20%) running_loss=0.3542
2026-08-15 07:37:36,246 INFO train epoch 181/200 batch 26/66 (39%) running_loss=0.3518
2026-08-15 07:37:39,855 INFO train epoch 181/200 batch 39/66 (59%) running_loss=0.3478
2026-08-15 07:37:43,473 INFO train epoch 181/200 batch 52/66 (79%) running_loss=0.3469
2026-08-15 07:37:47,087 INFO train epoch 181/200 batch 65/66 (98%) running_loss=0.3445
2026-08-15 07:37:47,313 INFO train epoch 181/200 batch 66/66 (100%) running_loss=0.3459
2026-08-15 07:37:49,831 INFO epoch 181/200 done: train_loss=0.3459 val_loss=0.2781 val_accuracy=0.9160 val_macro_f1=0.8929 val_macro_auc=0.9855 (checkpoint_metric=macro_auc)
2026-08-15 07:37:53,865 INFO train epoch 182/200 batch 13/66 (20%) running_loss=0.3610
2026-08-15 07:37:57,479 INFO train epoch 182/200 batch 26/66 (39%) running_loss=0.3483
2026-08-15 07:38:01,105 INFO train epoch 182/200 batch 39/66 (59%) running_loss=0.3455
2026-08-15 07:38:04,691 INFO train epoch 182/200 batch 52/66 (79%) running_loss=0.3459
2026-08-15 07:38:08,311 INFO train epoch 182/200 batch 65/66 (98%) running_loss=0.3443
2026-08-15 07:38:08,539 INFO train epoch 182/200 batch 66/66 (100%) running_loss=0.3444
2026-08-15 07:38:11,034 INFO epoch 182/200 done: train_loss=0.3444 val_loss=0.2776 val_accuracy=0.9119 val_macro_f1=0.8885 val_macro_auc=0.9864 (checkpoint_metric=macro_auc)
2026-08-15 07:38:15,109 INFO train epoch 183/200 batch 13/66 (20%) running_loss=0.3316
2026-08-15 07:38:18,739 INFO train epoch 183/200 batch 26/66 (39%) running_loss=0.3350
2026-08-15 07:38:22,310 INFO train epoch 183/200 batch 39/66 (59%) running_loss=0.3385
2026-08-15 07:38:25,918 INFO train epoch 183/200 batch 52/66 (79%) running_loss=0.3449
2026-08-15 07:38:29,646 INFO train epoch 183/200 batch 65/66 (98%) running_loss=0.3428
2026-08-15 07:38:29,874 INFO train epoch 183/200 batch 66/66 (100%) running_loss=0.3427
2026-08-15 07:38:32,387 INFO epoch 183/200 done: train_loss=0.3427 val_loss=0.3178 val_accuracy=0.8975 val_macro_f1=0.8737 val_macro_auc=0.9828 (checkpoint_metric=macro_auc)
2026-08-15 07:38:36,476 INFO train epoch 184/200 batch 13/66 (20%) running_loss=0.3400
2026-08-15 07:38:40,073 INFO train epoch 184/200 batch 26/66 (39%) running_loss=0.3416
2026-08-15 07:38:43,651 INFO train epoch 184/200 batch 39/66 (59%) running_loss=0.3444
2026-08-15 07:38:47,242 INFO train epoch 184/200 batch 52/66 (79%) running_loss=0.3465
2026-08-15 07:38:50,831 INFO train epoch 184/200 batch 65/66 (98%) running_loss=0.3483
2026-08-15 07:38:51,057 INFO train epoch 184/200 batch 66/66 (100%) running_loss=0.3483
2026-08-15 07:38:53,569 INFO epoch 184/200 done: train_loss=0.3483 val_loss=0.3014 val_accuracy=0.9037 val_macro_f1=0.8802 val_macro_auc=0.9838 (checkpoint_metric=macro_auc)
2026-08-15 07:38:57,667 INFO train epoch 185/200 batch 13/66 (20%) running_loss=0.3414
2026-08-15 07:39:01,256 INFO train epoch 185/200 batch 26/66 (39%) running_loss=0.3480
2026-08-15 07:39:04,852 INFO train epoch 185/200 batch 39/66 (59%) running_loss=0.3470
2026-08-15 07:39:08,446 INFO train epoch 185/200 batch 52/66 (79%) running_loss=0.3476
2026-08-15 07:39:12,032 INFO train epoch 185/200 batch 65/66 (98%) running_loss=0.3462
2026-08-15 07:39:12,259 INFO train epoch 185/200 batch 66/66 (100%) running_loss=0.3467
2026-08-15 07:39:14,767 INFO epoch 185/200 done: train_loss=0.3467 val_loss=0.2923 val_accuracy=0.9119 val_macro_f1=0.8909 val_macro_auc=0.9859 (checkpoint_metric=macro_auc)
2026-08-15 07:39:18,793 INFO train epoch 186/200 batch 13/66 (20%) running_loss=0.3376
2026-08-15 07:39:22,384 INFO train epoch 186/200 batch 26/66 (39%) running_loss=0.3364
2026-08-15 07:39:25,956 INFO train epoch 186/200 batch 39/66 (59%) running_loss=0.3400
2026-08-15 07:39:29,523 INFO train epoch 186/200 batch 52/66 (79%) running_loss=0.3421
2026-08-15 07:39:33,090 INFO train epoch 186/200 batch 65/66 (98%) running_loss=0.3401
2026-08-15 07:39:33,314 INFO train epoch 186/200 batch 66/66 (100%) running_loss=0.3404
2026-08-15 07:39:35,817 INFO epoch 186/200 done: train_loss=0.3404 val_loss=0.2778 val_accuracy=0.9139 val_macro_f1=0.8907 val_macro_auc=0.9845 (checkpoint_metric=macro_auc)
2026-08-15 07:39:39,898 INFO train epoch 187/200 batch 13/66 (20%) running_loss=0.3405
2026-08-15 07:39:43,472 INFO train epoch 187/200 batch 26/66 (39%) running_loss=0.3379
2026-08-15 07:39:47,263 INFO train epoch 187/200 batch 39/66 (59%) running_loss=0.3399
2026-08-15 07:39:50,854 INFO train epoch 187/200 batch 52/66 (79%) running_loss=0.3437
2026-08-15 07:39:54,429 INFO train epoch 187/200 batch 65/66 (98%) running_loss=0.3423
2026-08-15 07:39:54,661 INFO train epoch 187/200 batch 66/66 (100%) running_loss=0.3420
2026-08-15 07:39:57,165 INFO epoch 187/200 done: train_loss=0.3420 val_loss=0.2943 val_accuracy=0.9119 val_macro_f1=0.8892 val_macro_auc=0.9845 (checkpoint_metric=macro_auc)
2026-08-15 07:40:01,267 INFO train epoch 188/200 batch 13/66 (20%) running_loss=0.3467
2026-08-15 07:40:04,846 INFO train epoch 188/200 batch 26/66 (39%) running_loss=0.3431
2026-08-15 07:40:08,432 INFO train epoch 188/200 batch 39/66 (59%) running_loss=0.3481
2026-08-15 07:40:12,002 INFO train epoch 188/200 batch 52/66 (79%) running_loss=0.3448
2026-08-15 07:40:15,577 INFO train epoch 188/200 batch 65/66 (98%) running_loss=0.3473
2026-08-15 07:40:15,803 INFO train epoch 188/200 batch 66/66 (100%) running_loss=0.3470
2026-08-15 07:40:18,303 INFO epoch 188/200 done: train_loss=0.3470 val_loss=0.2974 val_accuracy=0.9078 val_macro_f1=0.8853 val_macro_auc=0.9841 (checkpoint_metric=macro_auc)
2026-08-15 07:40:22,410 INFO train epoch 189/200 batch 13/66 (20%) running_loss=0.3489
2026-08-15 07:40:26,003 INFO train epoch 189/200 batch 26/66 (39%) running_loss=0.3447
2026-08-15 07:40:29,587 INFO train epoch 189/200 batch 39/66 (59%) running_loss=0.3459
2026-08-15 07:40:33,164 INFO train epoch 189/200 batch 52/66 (79%) running_loss=0.3461
2026-08-15 07:40:36,744 INFO train epoch 189/200 batch 65/66 (98%) running_loss=0.3435
2026-08-15 07:40:36,972 INFO train epoch 189/200 batch 66/66 (100%) running_loss=0.3436
2026-08-15 07:40:39,497 INFO epoch 189/200 done: train_loss=0.3436 val_loss=0.2860 val_accuracy=0.9078 val_macro_f1=0.8850 val_macro_auc=0.9859 (checkpoint_metric=macro_auc)
2026-08-15 07:40:43,565 INFO train epoch 190/200 batch 13/66 (20%) running_loss=0.3369
2026-08-15 07:40:47,154 INFO train epoch 190/200 batch 26/66 (39%) running_loss=0.3425
2026-08-15 07:40:50,734 INFO train epoch 190/200 batch 39/66 (59%) running_loss=0.3451
2026-08-15 07:40:54,316 INFO train epoch 190/200 batch 52/66 (79%) running_loss=0.3427
2026-08-15 07:40:57,908 INFO train epoch 190/200 batch 65/66 (98%) running_loss=0.3411
2026-08-15 07:40:58,144 INFO train epoch 190/200 batch 66/66 (100%) running_loss=0.3413
2026-08-15 07:41:00,651 INFO epoch 190/200 done: train_loss=0.3413 val_loss=0.2912 val_accuracy=0.9098 val_macro_f1=0.8863 val_macro_auc=0.9849 (checkpoint_metric=macro_auc)
2026-08-15 07:41:04,950 INFO train epoch 191/200 batch 13/66 (20%) running_loss=0.3561
2026-08-15 07:41:08,572 INFO train epoch 191/200 batch 26/66 (39%) running_loss=0.3535
2026-08-15 07:41:12,153 INFO train epoch 191/200 batch 39/66 (59%) running_loss=0.3465
2026-08-15 07:41:15,729 INFO train epoch 191/200 batch 52/66 (79%) running_loss=0.3458
2026-08-15 07:41:19,285 INFO train epoch 191/200 batch 65/66 (98%) running_loss=0.3468
2026-08-15 07:41:19,516 INFO train epoch 191/200 batch 66/66 (100%) running_loss=0.3463
2026-08-15 07:41:22,029 INFO epoch 191/200 done: train_loss=0.3463 val_loss=0.2906 val_accuracy=0.9078 val_macro_f1=0.8841 val_macro_auc=0.9851 (checkpoint_metric=macro_auc)
2026-08-15 07:41:26,120 INFO train epoch 192/200 batch 13/66 (20%) running_loss=0.3337
2026-08-15 07:41:29,712 INFO train epoch 192/200 batch 26/66 (39%) running_loss=0.3305
2026-08-15 07:41:33,313 INFO train epoch 192/200 batch 39/66 (59%) running_loss=0.3359
2026-08-15 07:41:36,895 INFO train epoch 192/200 batch 52/66 (79%) running_loss=0.3346
2026-08-15 07:41:40,469 INFO train epoch 192/200 batch 65/66 (98%) running_loss=0.3348
2026-08-15 07:41:40,700 INFO train epoch 192/200 batch 66/66 (100%) running_loss=0.3347
2026-08-15 07:41:43,221 INFO epoch 192/200 done: train_loss=0.3347 val_loss=0.2754 val_accuracy=0.9139 val_macro_f1=0.8907 val_macro_auc=0.9857 (checkpoint_metric=macro_auc)
2026-08-15 07:41:47,251 INFO train epoch 193/200 batch 13/66 (20%) running_loss=0.3395
2026-08-15 07:41:50,847 INFO train epoch 193/200 batch 26/66 (39%) running_loss=0.3374
2026-08-15 07:41:54,437 INFO train epoch 193/200 batch 39/66 (59%) running_loss=0.3404
2026-08-15 07:41:58,050 INFO train epoch 193/200 batch 52/66 (79%) running_loss=0.3423
2026-08-15 07:42:01,633 INFO train epoch 193/200 batch 65/66 (98%) running_loss=0.3427
2026-08-15 07:42:01,863 INFO train epoch 193/200 batch 66/66 (100%) running_loss=0.3436
2026-08-15 07:42:04,365 INFO epoch 193/200 done: train_loss=0.3436 val_loss=0.2955 val_accuracy=0.9078 val_macro_f1=0.8841 val_macro_auc=0.9837 (checkpoint_metric=macro_auc)
2026-08-15 07:42:08,470 INFO train epoch 194/200 batch 13/66 (20%) running_loss=0.3347
2026-08-15 07:42:12,166 INFO train epoch 194/200 batch 26/66 (39%) running_loss=0.3368
2026-08-15 07:42:15,750 INFO train epoch 194/200 batch 39/66 (59%) running_loss=0.3423
2026-08-15 07:42:19,322 INFO train epoch 194/200 batch 52/66 (79%) running_loss=0.3443
2026-08-15 07:42:22,922 INFO train epoch 194/200 batch 65/66 (98%) running_loss=0.3443
2026-08-15 07:42:23,154 INFO train epoch 194/200 batch 66/66 (100%) running_loss=0.3443
2026-08-15 07:42:25,640 INFO epoch 194/200 done: train_loss=0.3443 val_loss=0.2778 val_accuracy=0.9139 val_macro_f1=0.8907 val_macro_auc=0.9848 (checkpoint_metric=macro_auc)
2026-08-15 07:42:29,667 INFO train epoch 195/200 batch 13/66 (20%) running_loss=0.3433
2026-08-15 07:42:33,248 INFO train epoch 195/200 batch 26/66 (39%) running_loss=0.3457
2026-08-15 07:42:36,840 INFO train epoch 195/200 batch 39/66 (59%) running_loss=0.3463
2026-08-15 07:42:40,427 INFO train epoch 195/200 batch 52/66 (79%) running_loss=0.3454
2026-08-15 07:42:44,004 INFO train epoch 195/200 batch 65/66 (98%) running_loss=0.3454
2026-08-15 07:42:44,230 INFO train epoch 195/200 batch 66/66 (100%) running_loss=0.3454
2026-08-15 07:42:46,742 INFO epoch 195/200 done: train_loss=0.3454 val_loss=0.2850 val_accuracy=0.9119 val_macro_f1=0.8885 val_macro_auc=0.9851 (checkpoint_metric=macro_auc)
2026-08-15 07:42:50,771 INFO train epoch 196/200 batch 13/66 (20%) running_loss=0.3481
2026-08-15 07:42:54,366 INFO train epoch 196/200 batch 26/66 (39%) running_loss=0.3449
2026-08-15 07:42:57,971 INFO train epoch 196/200 batch 39/66 (59%) running_loss=0.3439
2026-08-15 07:43:01,568 INFO train epoch 196/200 batch 52/66 (79%) running_loss=0.3448
2026-08-15 07:43:05,170 INFO train epoch 196/200 batch 65/66 (98%) running_loss=0.3478
2026-08-15 07:43:05,396 INFO train epoch 196/200 batch 66/66 (100%) running_loss=0.3474
2026-08-15 07:43:07,900 INFO epoch 196/200 done: train_loss=0.3474 val_loss=0.2872 val_accuracy=0.9119 val_macro_f1=0.8885 val_macro_auc=0.9848 (checkpoint_metric=macro_auc)
2026-08-15 07:43:11,999 INFO train epoch 197/200 batch 13/66 (20%) running_loss=0.3404
2026-08-15 07:43:15,574 INFO train epoch 197/200 batch 26/66 (39%) running_loss=0.3407
2026-08-15 07:43:19,154 INFO train epoch 197/200 batch 39/66 (59%) running_loss=0.3421
2026-08-15 07:43:22,736 INFO train epoch 197/200 batch 52/66 (79%) running_loss=0.3410
2026-08-15 07:43:26,288 INFO train epoch 197/200 batch 65/66 (98%) running_loss=0.3416
2026-08-15 07:43:26,514 INFO train epoch 197/200 batch 66/66 (100%) running_loss=0.3430
2026-08-15 07:43:29,027 INFO epoch 197/200 done: train_loss=0.3430 val_loss=0.2976 val_accuracy=0.9078 val_macro_f1=0.8841 val_macro_auc=0.9840 (checkpoint_metric=macro_auc)
2026-08-15 07:43:33,269 INFO train epoch 198/200 batch 13/66 (20%) running_loss=0.3510
2026-08-15 07:43:36,833 INFO train epoch 198/200 batch 26/66 (39%) running_loss=0.3465
2026-08-15 07:43:40,398 INFO train epoch 198/200 batch 39/66 (59%) running_loss=0.3504
2026-08-15 07:43:43,992 INFO train epoch 198/200 batch 52/66 (79%) running_loss=0.3482
2026-08-15 07:43:47,560 INFO train epoch 198/200 batch 65/66 (98%) running_loss=0.3476
2026-08-15 07:43:47,787 INFO train epoch 198/200 batch 66/66 (100%) running_loss=0.3475
2026-08-15 07:43:50,300 INFO epoch 198/200 done: train_loss=0.3475 val_loss=0.2904 val_accuracy=0.9078 val_macro_f1=0.8841 val_macro_auc=0.9845 (checkpoint_metric=macro_auc)
2026-08-15 07:43:54,389 INFO train epoch 199/200 batch 13/66 (20%) running_loss=0.3401
2026-08-15 07:43:57,968 INFO train epoch 199/200 batch 26/66 (39%) running_loss=0.3344
2026-08-15 07:44:01,553 INFO train epoch 199/200 batch 39/66 (59%) running_loss=0.3353
2026-08-15 07:44:05,124 INFO train epoch 199/200 batch 52/66 (79%) running_loss=0.3343
2026-08-15 07:44:08,687 INFO train epoch 199/200 batch 65/66 (98%) running_loss=0.3360
2026-08-15 07:44:08,912 INFO train epoch 199/200 batch 66/66 (100%) running_loss=0.3358
2026-08-15 07:44:11,413 INFO epoch 199/200 done: train_loss=0.3358 val_loss=0.2870 val_accuracy=0.9078 val_macro_f1=0.8841 val_macro_auc=0.9849 (checkpoint_metric=macro_auc)
2026-08-15 07:44:15,522 INFO train epoch 200/200 batch 13/66 (20%) running_loss=0.3435
2026-08-15 07:44:19,125 INFO train epoch 200/200 batch 26/66 (39%) running_loss=0.3409
2026-08-15 07:44:22,732 INFO train epoch 200/200 batch 39/66 (59%) running_loss=0.3436
2026-08-15 07:44:26,348 INFO train epoch 200/200 batch 52/66 (79%) running_loss=0.3398
2026-08-15 07:44:29,929 INFO train epoch 200/200 batch 65/66 (98%) running_loss=0.3371
2026-08-15 07:44:30,163 INFO train epoch 200/200 batch 66/66 (100%) running_loss=0.3369
2026-08-15 07:44:32,676 INFO epoch 200/200 done: train_loss=0.3369 val_loss=0.2913 val_accuracy=0.9078 val_macro_f1=0.8841 val_macro_auc=0.9842 (checkpoint_metric=macro_auc)
2026-08-15 07:44:33,085 INFO Training finished. Best epoch=91, smoothed macro_auc=0.9919 (window=3)
2026-08-15 07:44:35,668 INFO Test set evaluated once: accuracy=0.8418 macro_f1=0.8333 macro_auc=0.9600
