2026-09-18 23:42:47,441 INFO Starting final training on device=cuda, amp=True, physical_batch_size=32, accumulation_steps=1, effective_batch_size=32
2026-09-18 23:42:47,442 INFO Augmentation policy: legacy fixed ops ('brightness', 'rotation'), from outputs/fixedda_run/augmentation_run/selected_legacy_policy.json
2026-09-18 23:42:47,898 INFO Classes: {'glioma_tumor': 0, 'meningioma_tumor': 1, 'pituitary_tumor': 2}
2026-09-18 23:42:47,899 INFO Regularization: weight_decay=7.0e-04 classifier_dropout=0.30 label_smoothing=0.10 drop_path=0.20
2026-09-18 23:42:53,123 INFO train epoch 1/200 batch 13/66 (20%) running_loss=1.1391
2026-09-18 23:42:56,670 INFO train epoch 1/200 batch 26/66 (39%) running_loss=1.1444
2026-09-18 23:43:00,224 INFO train epoch 1/200 batch 39/66 (59%) running_loss=1.1649
2026-09-18 23:43:03,777 INFO train epoch 1/200 batch 52/66 (79%) running_loss=1.1694
2026-09-18 23:43:07,321 INFO train epoch 1/200 batch 65/66 (98%) running_loss=1.1641
2026-09-18 23:43:07,674 INFO train epoch 1/200 batch 66/66 (100%) running_loss=1.1621
2026-09-18 23:43:10,444 INFO epoch 1/200 done: train_loss=1.1621 val_loss=1.0361 val_accuracy=0.5061 val_macro_f1=0.2240 val_macro_auc=0.5564 (checkpoint_metric=macro_auc) [new best]
2026-09-18 23:43:14,470 INFO train epoch 2/200 batch 13/66 (20%) running_loss=1.0965
2026-09-18 23:43:18,032 INFO train epoch 2/200 batch 26/66 (39%) running_loss=1.1145
2026-09-18 23:43:21,594 INFO train epoch 2/200 batch 39/66 (59%) running_loss=1.1209
2026-09-18 23:43:25,150 INFO train epoch 2/200 batch 52/66 (79%) running_loss=1.1202
2026-09-18 23:43:28,692 INFO train epoch 2/200 batch 65/66 (98%) running_loss=1.1125
2026-09-18 23:43:28,913 INFO train epoch 2/200 batch 66/66 (100%) running_loss=1.1109
2026-09-18 23:43:31,565 INFO epoch 2/200 done: train_loss=1.1109 val_loss=1.0233 val_accuracy=0.6680 val_macro_f1=0.4743 val_macro_auc=0.7649 (checkpoint_metric=macro_auc) [new best]
2026-09-18 23:43:35,554 INFO train epoch 3/200 batch 13/66 (20%) running_loss=1.0535
2026-09-18 23:43:39,095 INFO train epoch 3/200 batch 26/66 (39%) running_loss=1.0453
2026-09-18 23:43:42,789 INFO train epoch 3/200 batch 39/66 (59%) running_loss=1.0335
2026-09-18 23:43:46,330 INFO train epoch 3/200 batch 52/66 (79%) running_loss=1.0380
2026-09-18 23:43:49,879 INFO train epoch 3/200 batch 65/66 (98%) running_loss=1.0362
2026-09-18 23:43:50,099 INFO train epoch 3/200 batch 66/66 (100%) running_loss=1.0376
2026-09-18 23:43:52,724 INFO epoch 3/200 done: train_loss=1.0376 val_loss=1.0618 val_accuracy=0.4426 val_macro_f1=0.2894 val_macro_auc=0.7645 (checkpoint_metric=macro_auc) [new best]
2026-09-18 23:43:56,741 INFO train epoch 4/200 batch 13/66 (20%) running_loss=1.0562
2026-09-18 23:44:00,293 INFO train epoch 4/200 batch 26/66 (39%) running_loss=1.0252
2026-09-18 23:44:03,831 INFO train epoch 4/200 batch 39/66 (59%) running_loss=0.9971
2026-09-18 23:44:07,366 INFO train epoch 4/200 batch 52/66 (79%) running_loss=0.9861
2026-09-18 23:44:10,903 INFO train epoch 4/200 batch 65/66 (98%) running_loss=0.9815
2026-09-18 23:44:11,124 INFO train epoch 4/200 batch 66/66 (100%) running_loss=0.9810
2026-09-18 23:44:13,757 INFO epoch 4/200 done: train_loss=0.9810 val_loss=0.8186 val_accuracy=0.6557 val_macro_f1=0.4698 val_macro_auc=0.7609 (checkpoint_metric=macro_auc) [new best]
2026-09-18 23:44:17,775 INFO train epoch 5/200 batch 13/66 (20%) running_loss=0.9145
2026-09-18 23:44:21,310 INFO train epoch 5/200 batch 26/66 (39%) running_loss=0.9317
2026-09-18 23:44:24,851 INFO train epoch 5/200 batch 39/66 (59%) running_loss=0.9527
2026-09-18 23:44:28,405 INFO train epoch 5/200 batch 52/66 (79%) running_loss=0.9384
2026-09-18 23:44:31,947 INFO train epoch 5/200 batch 65/66 (98%) running_loss=0.9276
2026-09-18 23:44:32,166 INFO train epoch 5/200 batch 66/66 (100%) running_loss=0.9288
2026-09-18 23:44:34,804 INFO epoch 5/200 done: train_loss=0.9288 val_loss=0.8132 val_accuracy=0.6455 val_macro_f1=0.4639 val_macro_auc=0.7749 (checkpoint_metric=macro_auc) [new best]
2026-09-18 23:44:38,764 INFO train epoch 6/200 batch 13/66 (20%) running_loss=0.9654
2026-09-18 23:44:42,337 INFO train epoch 6/200 batch 26/66 (39%) running_loss=0.9477
2026-09-18 23:44:45,905 INFO train epoch 6/200 batch 39/66 (59%) running_loss=0.9252
2026-09-18 23:44:49,545 INFO train epoch 6/200 batch 52/66 (79%) running_loss=0.9098
2026-09-18 23:44:53,075 INFO train epoch 6/200 batch 65/66 (98%) running_loss=0.9046
2026-09-18 23:44:53,295 INFO train epoch 6/200 batch 66/66 (100%) running_loss=0.9049
2026-09-18 23:44:55,928 INFO epoch 6/200 done: train_loss=0.9049 val_loss=0.8716 val_accuracy=0.6127 val_macro_f1=0.4387 val_macro_auc=0.7942 (checkpoint_metric=macro_auc) [new best]
2026-09-18 23:44:59,962 INFO train epoch 7/200 batch 13/66 (20%) running_loss=0.9159
2026-09-18 23:45:03,504 INFO train epoch 7/200 batch 26/66 (39%) running_loss=0.8966
2026-09-18 23:45:07,048 INFO train epoch 7/200 batch 39/66 (59%) running_loss=0.8809
2026-09-18 23:45:10,572 INFO train epoch 7/200 batch 52/66 (79%) running_loss=0.8770
2026-09-18 23:45:14,113 INFO train epoch 7/200 batch 65/66 (98%) running_loss=0.8788
2026-09-18 23:45:14,337 INFO train epoch 7/200 batch 66/66 (100%) running_loss=0.8791
2026-09-18 23:45:16,986 INFO epoch 7/200 done: train_loss=0.8791 val_loss=0.7348 val_accuracy=0.7111 val_macro_f1=0.5238 val_macro_auc=0.8075 (checkpoint_metric=macro_auc) [new best]
2026-09-18 23:45:20,995 INFO train epoch 8/200 batch 13/66 (20%) running_loss=0.8853
2026-09-18 23:45:24,525 INFO train epoch 8/200 batch 26/66 (39%) running_loss=0.8976
2026-09-18 23:45:28,051 INFO train epoch 8/200 batch 39/66 (59%) running_loss=0.8857
2026-09-18 23:45:31,607 INFO train epoch 8/200 batch 52/66 (79%) running_loss=0.8674
2026-09-18 23:45:35,143 INFO train epoch 8/200 batch 65/66 (98%) running_loss=0.8580
2026-09-18 23:45:35,364 INFO train epoch 8/200 batch 66/66 (100%) running_loss=0.8571
2026-09-18 23:45:37,987 INFO epoch 8/200 done: train_loss=0.8571 val_loss=0.6633 val_accuracy=0.7213 val_macro_f1=0.5195 val_macro_auc=0.8148 (checkpoint_metric=macro_auc) [new best]
2026-09-18 23:45:42,000 INFO train epoch 9/200 batch 13/66 (20%) running_loss=0.8404
2026-09-18 23:45:45,536 INFO train epoch 9/200 batch 26/66 (39%) running_loss=0.8439
2026-09-18 23:45:49,085 INFO train epoch 9/200 batch 39/66 (59%) running_loss=0.8325
2026-09-18 23:45:52,623 INFO train epoch 9/200 batch 52/66 (79%) running_loss=0.8370
2026-09-18 23:45:56,162 INFO train epoch 9/200 batch 65/66 (98%) running_loss=0.8421
2026-09-18 23:45:56,382 INFO train epoch 9/200 batch 66/66 (100%) running_loss=0.8408
2026-09-18 23:45:59,144 INFO epoch 9/200 done: train_loss=0.8408 val_loss=0.6571 val_accuracy=0.7316 val_macro_f1=0.5275 val_macro_auc=0.8200 (checkpoint_metric=macro_auc) [new best]
2026-09-18 23:46:03,192 INFO train epoch 10/200 batch 13/66 (20%) running_loss=0.8343
2026-09-18 23:46:06,743 INFO train epoch 10/200 batch 26/66 (39%) running_loss=0.8148
2026-09-18 23:46:10,285 INFO train epoch 10/200 batch 39/66 (59%) running_loss=0.8207
2026-09-18 23:46:13,838 INFO train epoch 10/200 batch 52/66 (79%) running_loss=0.8223
2026-09-18 23:46:17,371 INFO train epoch 10/200 batch 65/66 (98%) running_loss=0.8226
2026-09-18 23:46:17,592 INFO train epoch 10/200 batch 66/66 (100%) running_loss=0.8212
2026-09-18 23:46:20,268 INFO epoch 10/200 done: train_loss=0.8212 val_loss=0.9283 val_accuracy=0.6189 val_macro_f1=0.4434 val_macro_auc=0.8204 (checkpoint_metric=macro_auc) [new best]
2026-09-18 23:46:24,283 INFO train epoch 11/200 batch 13/66 (20%) running_loss=0.8629
2026-09-18 23:46:27,810 INFO train epoch 11/200 batch 26/66 (39%) running_loss=0.8372
2026-09-18 23:46:31,350 INFO train epoch 11/200 batch 39/66 (59%) running_loss=0.8260
2026-09-18 23:46:34,881 INFO train epoch 11/200 batch 52/66 (79%) running_loss=0.8226
2026-09-18 23:46:38,419 INFO train epoch 11/200 batch 65/66 (98%) running_loss=0.8164
2026-09-18 23:46:38,642 INFO train epoch 11/200 batch 66/66 (100%) running_loss=0.8156
2026-09-18 23:46:41,400 INFO epoch 11/200 done: train_loss=0.8156 val_loss=0.8662 val_accuracy=0.5984 val_macro_f1=0.4577 val_macro_auc=0.8339 (checkpoint_metric=macro_auc) [new best]
2026-09-18 23:46:45,430 INFO train epoch 12/200 batch 13/66 (20%) running_loss=0.7994
2026-09-18 23:46:48,964 INFO train epoch 12/200 batch 26/66 (39%) running_loss=0.7864
2026-09-18 23:46:52,507 INFO train epoch 12/200 batch 39/66 (59%) running_loss=0.7961
2026-09-18 23:46:56,051 INFO train epoch 12/200 batch 52/66 (79%) running_loss=0.7885
2026-09-18 23:46:59,583 INFO train epoch 12/200 batch 65/66 (98%) running_loss=0.7832
2026-09-18 23:46:59,804 INFO train epoch 12/200 batch 66/66 (100%) running_loss=0.7828
2026-09-18 23:47:02,440 INFO epoch 12/200 done: train_loss=0.7828 val_loss=0.6866 val_accuracy=0.7275 val_macro_f1=0.5432 val_macro_auc=0.8321 (checkpoint_metric=macro_auc) [new best]
2026-09-18 23:47:06,497 INFO train epoch 13/200 batch 13/66 (20%) running_loss=0.8224
2026-09-18 23:47:10,037 INFO train epoch 13/200 batch 26/66 (39%) running_loss=0.8151
2026-09-18 23:47:13,585 INFO train epoch 13/200 batch 39/66 (59%) running_loss=0.8060
2026-09-18 23:47:17,130 INFO train epoch 13/200 batch 52/66 (79%) running_loss=0.8037
2026-09-18 23:47:20,650 INFO train epoch 13/200 batch 65/66 (98%) running_loss=0.7973
2026-09-18 23:47:20,871 INFO train epoch 13/200 batch 66/66 (100%) running_loss=0.7963
2026-09-18 23:47:23,491 INFO epoch 13/200 done: train_loss=0.7963 val_loss=0.7488 val_accuracy=0.6721 val_macro_f1=0.4971 val_macro_auc=0.8439 (checkpoint_metric=macro_auc) [new best]
2026-09-18 23:47:27,492 INFO train epoch 14/200 batch 13/66 (20%) running_loss=0.7804
2026-09-18 23:47:31,026 INFO train epoch 14/200 batch 26/66 (39%) running_loss=0.7841
2026-09-18 23:47:34,572 INFO train epoch 14/200 batch 39/66 (59%) running_loss=0.7774
2026-09-18 23:47:38,110 INFO train epoch 14/200 batch 52/66 (79%) running_loss=0.7706
2026-09-18 23:47:41,649 INFO train epoch 14/200 batch 65/66 (98%) running_loss=0.7718
2026-09-18 23:47:41,872 INFO train epoch 14/200 batch 66/66 (100%) running_loss=0.7744
2026-09-18 23:47:44,500 INFO epoch 14/200 done: train_loss=0.7744 val_loss=0.5973 val_accuracy=0.7889 val_macro_f1=0.6146 val_macro_auc=0.8887 (checkpoint_metric=macro_auc) [new best]
2026-09-18 23:47:48,512 INFO train epoch 15/200 batch 13/66 (20%) running_loss=0.7645
2026-09-18 23:47:52,049 INFO train epoch 15/200 batch 26/66 (39%) running_loss=0.7555
2026-09-18 23:47:55,593 INFO train epoch 15/200 batch 39/66 (59%) running_loss=0.7686
2026-09-18 23:47:59,223 INFO train epoch 15/200 batch 52/66 (79%) running_loss=0.7711
2026-09-18 23:48:02,750 INFO train epoch 15/200 batch 65/66 (98%) running_loss=0.7717
2026-09-18 23:48:02,972 INFO train epoch 15/200 batch 66/66 (100%) running_loss=0.7720
2026-09-18 23:48:05,600 INFO epoch 15/200 done: train_loss=0.7720 val_loss=1.1253 val_accuracy=0.4611 val_macro_f1=0.3772 val_macro_auc=0.8353 (checkpoint_metric=macro_auc) [new best]
2026-09-18 23:48:09,665 INFO train epoch 16/200 batch 13/66 (20%) running_loss=0.7567
2026-09-18 23:48:13,222 INFO train epoch 16/200 batch 26/66 (39%) running_loss=0.7719
2026-09-18 23:48:16,782 INFO train epoch 16/200 batch 39/66 (59%) running_loss=0.7727
2026-09-18 23:48:20,333 INFO train epoch 16/200 batch 52/66 (79%) running_loss=0.7729
2026-09-18 23:48:23,865 INFO train epoch 16/200 batch 65/66 (98%) running_loss=0.7766
2026-09-18 23:48:24,088 INFO train epoch 16/200 batch 66/66 (100%) running_loss=0.7755
2026-09-18 23:48:26,711 INFO epoch 16/200 done: train_loss=0.7755 val_loss=0.9726 val_accuracy=0.4918 val_macro_f1=0.4274 val_macro_auc=0.8573 (checkpoint_metric=macro_auc) [new best]
2026-09-18 23:48:30,700 INFO train epoch 17/200 batch 13/66 (20%) running_loss=0.7661
2026-09-18 23:48:34,241 INFO train epoch 17/200 batch 26/66 (39%) running_loss=0.7727
2026-09-18 23:48:37,778 INFO train epoch 17/200 batch 39/66 (59%) running_loss=0.7861
2026-09-18 23:48:41,326 INFO train epoch 17/200 batch 52/66 (79%) running_loss=0.7897
2026-09-18 23:48:44,864 INFO train epoch 17/200 batch 65/66 (98%) running_loss=0.7804
2026-09-18 23:48:45,085 INFO train epoch 17/200 batch 66/66 (100%) running_loss=0.7835
2026-09-18 23:48:47,605 INFO epoch 17/200 done: train_loss=0.7835 val_loss=0.9417 val_accuracy=0.5758 val_macro_f1=0.4781 val_macro_auc=0.8424 (checkpoint_metric=macro_auc)
2026-09-18 23:48:51,631 INFO train epoch 18/200 batch 13/66 (20%) running_loss=0.7911
2026-09-18 23:48:55,157 INFO train epoch 18/200 batch 26/66 (39%) running_loss=0.7802
2026-09-18 23:48:58,699 INFO train epoch 18/200 batch 39/66 (59%) running_loss=0.7656
2026-09-18 23:49:02,393 INFO train epoch 18/200 batch 52/66 (79%) running_loss=0.7568
2026-09-18 23:49:05,926 INFO train epoch 18/200 batch 65/66 (98%) running_loss=0.7508
2026-09-18 23:49:06,146 INFO train epoch 18/200 batch 66/66 (100%) running_loss=0.7508
2026-09-18 23:49:08,767 INFO epoch 18/200 done: train_loss=0.7508 val_loss=0.5484 val_accuracy=0.8299 val_macro_f1=0.7303 val_macro_auc=0.9289 (checkpoint_metric=macro_auc) [new best]
2026-09-18 23:49:12,813 INFO train epoch 19/200 batch 13/66 (20%) running_loss=0.7368
2026-09-18 23:49:16,348 INFO train epoch 19/200 batch 26/66 (39%) running_loss=0.7604
2026-09-18 23:49:19,893 INFO train epoch 19/200 batch 39/66 (59%) running_loss=0.7498
2026-09-18 23:49:23,430 INFO train epoch 19/200 batch 52/66 (79%) running_loss=0.7381
2026-09-18 23:49:26,972 INFO train epoch 19/200 batch 65/66 (98%) running_loss=0.7444
2026-09-18 23:49:27,193 INFO train epoch 19/200 batch 66/66 (100%) running_loss=0.7437
2026-09-18 23:49:29,818 INFO epoch 19/200 done: train_loss=0.7437 val_loss=0.7691 val_accuracy=0.6414 val_macro_f1=0.5748 val_macro_auc=0.8726 (checkpoint_metric=macro_auc) [new best]
2026-09-18 23:49:33,815 INFO train epoch 20/200 batch 13/66 (20%) running_loss=0.7867
2026-09-18 23:49:37,355 INFO train epoch 20/200 batch 26/66 (39%) running_loss=0.7591
2026-09-18 23:49:40,896 INFO train epoch 20/200 batch 39/66 (59%) running_loss=0.7576
2026-09-18 23:49:44,441 INFO train epoch 20/200 batch 52/66 (79%) running_loss=0.7476
2026-09-18 23:49:48,132 INFO train epoch 20/200 batch 65/66 (98%) running_loss=0.7549
2026-09-18 23:49:48,353 INFO train epoch 20/200 batch 66/66 (100%) running_loss=0.7558
2026-09-18 23:49:50,988 INFO epoch 20/200 done: train_loss=0.7558 val_loss=0.6286 val_accuracy=0.7500 val_macro_f1=0.6360 val_macro_auc=0.9050 (checkpoint_metric=macro_auc) [new best]
2026-09-18 23:49:55,016 INFO train epoch 21/200 batch 13/66 (20%) running_loss=0.7139
2026-09-18 23:49:58,555 INFO train epoch 21/200 batch 26/66 (39%) running_loss=0.7298
2026-09-18 23:50:02,099 INFO train epoch 21/200 batch 39/66 (59%) running_loss=0.7241
2026-09-18 23:50:05,643 INFO train epoch 21/200 batch 52/66 (79%) running_loss=0.7213
2026-09-18 23:50:09,179 INFO train epoch 21/200 batch 65/66 (98%) running_loss=0.7336
2026-09-18 23:50:09,401 INFO train epoch 21/200 batch 66/66 (100%) running_loss=0.7341
2026-09-18 23:50:12,082 INFO epoch 21/200 done: train_loss=0.7341 val_loss=0.4962 val_accuracy=0.7992 val_macro_f1=0.6315 val_macro_auc=0.9294 (checkpoint_metric=macro_auc) [new best]
2026-09-18 23:50:16,051 INFO train epoch 22/200 batch 13/66 (20%) running_loss=0.7573
2026-09-18 23:50:19,584 INFO train epoch 22/200 batch 26/66 (39%) running_loss=0.7269
2026-09-18 23:50:23,124 INFO train epoch 22/200 batch 39/66 (59%) running_loss=0.7321
2026-09-18 23:50:26,659 INFO train epoch 22/200 batch 52/66 (79%) running_loss=0.7270
2026-09-18 23:50:30,182 INFO train epoch 22/200 batch 65/66 (98%) running_loss=0.7232
2026-09-18 23:50:30,401 INFO train epoch 22/200 batch 66/66 (100%) running_loss=0.7221
2026-09-18 23:50:33,025 INFO epoch 22/200 done: train_loss=0.7221 val_loss=0.4544 val_accuracy=0.8607 val_macro_f1=0.7943 val_macro_auc=0.9554 (checkpoint_metric=macro_auc) [new best]
2026-09-18 23:50:37,052 INFO train epoch 23/200 batch 13/66 (20%) running_loss=0.7034
2026-09-18 23:50:40,586 INFO train epoch 23/200 batch 26/66 (39%) running_loss=0.7256
2026-09-18 23:50:44,118 INFO train epoch 23/200 batch 39/66 (59%) running_loss=0.7174
2026-09-18 23:50:47,664 INFO train epoch 23/200 batch 52/66 (79%) running_loss=0.7098
2026-09-18 23:50:51,204 INFO train epoch 23/200 batch 65/66 (98%) running_loss=0.7050
2026-09-18 23:50:51,424 INFO train epoch 23/200 batch 66/66 (100%) running_loss=0.7040
2026-09-18 23:50:54,050 INFO epoch 23/200 done: train_loss=0.7040 val_loss=0.5687 val_accuracy=0.7766 val_macro_f1=0.7426 val_macro_auc=0.9337 (checkpoint_metric=macro_auc) [new best]
2026-09-18 23:50:58,163 INFO train epoch 24/200 batch 13/66 (20%) running_loss=0.6703
2026-09-18 23:51:01,700 INFO train epoch 24/200 batch 26/66 (39%) running_loss=0.6932
2026-09-18 23:51:05,240 INFO train epoch 24/200 batch 39/66 (59%) running_loss=0.6999
2026-09-18 23:51:08,787 INFO train epoch 24/200 batch 52/66 (79%) running_loss=0.7007
2026-09-18 23:51:12,317 INFO train epoch 24/200 batch 65/66 (98%) running_loss=0.7053
2026-09-18 23:51:12,539 INFO train epoch 24/200 batch 66/66 (100%) running_loss=0.7043
2026-09-18 23:51:15,066 INFO epoch 24/200 done: train_loss=0.7043 val_loss=0.7045 val_accuracy=0.6906 val_macro_f1=0.6453 val_macro_auc=0.9090 (checkpoint_metric=macro_auc)
2026-09-18 23:51:19,085 INFO train epoch 25/200 batch 13/66 (20%) running_loss=0.6363
2026-09-18 23:51:22,618 INFO train epoch 25/200 batch 26/66 (39%) running_loss=0.6626
2026-09-18 23:51:26,162 INFO train epoch 25/200 batch 39/66 (59%) running_loss=0.6773
2026-09-18 23:51:29,702 INFO train epoch 25/200 batch 52/66 (79%) running_loss=0.6835
2026-09-18 23:51:33,232 INFO train epoch 25/200 batch 65/66 (98%) running_loss=0.6865
2026-09-18 23:51:33,453 INFO train epoch 25/200 batch 66/66 (100%) running_loss=0.6859
2026-09-18 23:51:35,978 INFO epoch 25/200 done: train_loss=0.6859 val_loss=0.5038 val_accuracy=0.8156 val_macro_f1=0.7845 val_macro_auc=0.9523 (checkpoint_metric=macro_auc)
2026-09-18 23:51:39,970 INFO train epoch 26/200 batch 13/66 (20%) running_loss=0.7300
2026-09-18 23:51:43,507 INFO train epoch 26/200 batch 26/66 (39%) running_loss=0.7186
2026-09-18 23:51:47,045 INFO train epoch 26/200 batch 39/66 (59%) running_loss=0.6887
2026-09-18 23:51:50,637 INFO train epoch 26/200 batch 52/66 (79%) running_loss=0.6868
2026-09-18 23:51:54,182 INFO train epoch 26/200 batch 65/66 (98%) running_loss=0.6878
2026-09-18 23:51:54,404 INFO train epoch 26/200 batch 66/66 (100%) running_loss=0.6882
2026-09-18 23:51:56,926 INFO epoch 26/200 done: train_loss=0.6882 val_loss=1.1859 val_accuracy=0.4816 val_macro_f1=0.4128 val_macro_auc=0.8575 (checkpoint_metric=macro_auc)
2026-09-18 23:52:00,959 INFO train epoch 27/200 batch 13/66 (20%) running_loss=0.6919
2026-09-18 23:52:04,652 INFO train epoch 27/200 batch 26/66 (39%) running_loss=0.6960
2026-09-18 23:52:08,190 INFO train epoch 27/200 batch 39/66 (59%) running_loss=0.6973
2026-09-18 23:52:11,734 INFO train epoch 27/200 batch 52/66 (79%) running_loss=0.7000
2026-09-18 23:52:15,269 INFO train epoch 27/200 batch 65/66 (98%) running_loss=0.6928
2026-09-18 23:52:15,489 INFO train epoch 27/200 batch 66/66 (100%) running_loss=0.6921
2026-09-18 23:52:18,030 INFO epoch 27/200 done: train_loss=0.6921 val_loss=0.3903 val_accuracy=0.8627 val_macro_f1=0.8205 val_macro_auc=0.9663 (checkpoint_metric=macro_auc)
2026-09-18 23:52:22,036 INFO train epoch 28/200 batch 13/66 (20%) running_loss=0.6441
2026-09-18 23:52:25,587 INFO train epoch 28/200 batch 26/66 (39%) running_loss=0.6520
2026-09-18 23:52:29,129 INFO train epoch 28/200 batch 39/66 (59%) running_loss=0.6643
2026-09-18 23:52:32,680 INFO train epoch 28/200 batch 52/66 (79%) running_loss=0.6659
2026-09-18 23:52:36,211 INFO train epoch 28/200 batch 65/66 (98%) running_loss=0.6716
2026-09-18 23:52:36,429 INFO train epoch 28/200 batch 66/66 (100%) running_loss=0.6718
2026-09-18 23:52:38,935 INFO epoch 28/200 done: train_loss=0.6718 val_loss=0.4613 val_accuracy=0.8607 val_macro_f1=0.8209 val_macro_auc=0.9539 (checkpoint_metric=macro_auc)
2026-09-18 23:52:42,961 INFO train epoch 29/200 batch 13/66 (20%) running_loss=0.6420
2026-09-18 23:52:46,483 INFO train epoch 29/200 batch 26/66 (39%) running_loss=0.6644
2026-09-18 23:52:50,015 INFO train epoch 29/200 batch 39/66 (59%) running_loss=0.6692
2026-09-18 23:52:53,564 INFO train epoch 29/200 batch 52/66 (79%) running_loss=0.6654
2026-09-18 23:52:57,104 INFO train epoch 29/200 batch 65/66 (98%) running_loss=0.6647
2026-09-18 23:52:57,327 INFO train epoch 29/200 batch 66/66 (100%) running_loss=0.6640
2026-09-18 23:53:00,084 INFO epoch 29/200 done: train_loss=0.6640 val_loss=0.6115 val_accuracy=0.7275 val_macro_f1=0.6876 val_macro_auc=0.9313 (checkpoint_metric=macro_auc) [new best]
2026-09-18 23:53:04,117 INFO train epoch 30/200 batch 13/66 (20%) running_loss=0.6404
2026-09-18 23:53:07,658 INFO train epoch 30/200 batch 26/66 (39%) running_loss=0.6416
2026-09-18 23:53:11,210 INFO train epoch 30/200 batch 39/66 (59%) running_loss=0.6558
2026-09-18 23:53:14,758 INFO train epoch 30/200 batch 52/66 (79%) running_loss=0.6581
2026-09-18 23:53:18,294 INFO train epoch 30/200 batch 65/66 (98%) running_loss=0.6586
2026-09-18 23:53:18,516 INFO train epoch 30/200 batch 66/66 (100%) running_loss=0.6589
2026-09-18 23:53:21,035 INFO epoch 30/200 done: train_loss=0.6589 val_loss=0.5771 val_accuracy=0.7418 val_macro_f1=0.7175 val_macro_auc=0.9393 (checkpoint_metric=macro_auc)
2026-09-18 23:53:25,047 INFO train epoch 31/200 batch 13/66 (20%) running_loss=0.6257
2026-09-18 23:53:28,591 INFO train epoch 31/200 batch 26/66 (39%) running_loss=0.6296
2026-09-18 23:53:32,133 INFO train epoch 31/200 batch 39/66 (59%) running_loss=0.6407
2026-09-18 23:53:35,673 INFO train epoch 31/200 batch 52/66 (79%) running_loss=0.6502
2026-09-18 23:53:39,216 INFO train epoch 31/200 batch 65/66 (98%) running_loss=0.6418
2026-09-18 23:53:39,438 INFO train epoch 31/200 batch 66/66 (100%) running_loss=0.6437
2026-09-18 23:53:41,973 INFO epoch 31/200 done: train_loss=0.6437 val_loss=0.8366 val_accuracy=0.5881 val_macro_f1=0.5467 val_macro_auc=0.9031 (checkpoint_metric=macro_auc)
2026-09-18 23:53:46,020 INFO train epoch 32/200 batch 13/66 (20%) running_loss=0.5854
2026-09-18 23:53:49,558 INFO train epoch 32/200 batch 26/66 (39%) running_loss=0.6054
2026-09-18 23:53:53,121 INFO train epoch 32/200 batch 39/66 (59%) running_loss=0.6289
2026-09-18 23:53:56,663 INFO train epoch 32/200 batch 52/66 (79%) running_loss=0.6363
2026-09-18 23:54:00,216 INFO train epoch 32/200 batch 65/66 (98%) running_loss=0.6298
2026-09-18 23:54:00,436 INFO train epoch 32/200 batch 66/66 (100%) running_loss=0.6322
2026-09-18 23:54:02,956 INFO epoch 32/200 done: train_loss=0.6322 val_loss=0.5631 val_accuracy=0.7541 val_macro_f1=0.7231 val_macro_auc=0.9472 (checkpoint_metric=macro_auc)
2026-09-18 23:54:07,142 INFO train epoch 33/200 batch 13/66 (20%) running_loss=0.6365
2026-09-18 23:54:10,681 INFO train epoch 33/200 batch 26/66 (39%) running_loss=0.6432
2026-09-18 23:54:14,238 INFO train epoch 33/200 batch 39/66 (59%) running_loss=0.6479
2026-09-18 23:54:17,769 INFO train epoch 33/200 batch 52/66 (79%) running_loss=0.6351
2026-09-18 23:54:21,306 INFO train epoch 33/200 batch 65/66 (98%) running_loss=0.6298
2026-09-18 23:54:21,527 INFO train epoch 33/200 batch 66/66 (100%) running_loss=0.6330
2026-09-18 23:54:24,035 INFO epoch 33/200 done: train_loss=0.6330 val_loss=0.3430 val_accuracy=0.8955 val_macro_f1=0.8371 val_macro_auc=0.9791 (checkpoint_metric=macro_auc)
2026-09-18 23:54:28,060 INFO train epoch 34/200 batch 13/66 (20%) running_loss=0.6593
2026-09-18 23:54:31,605 INFO train epoch 34/200 batch 26/66 (39%) running_loss=0.6340
2026-09-18 23:54:35,145 INFO train epoch 34/200 batch 39/66 (59%) running_loss=0.6226
2026-09-18 23:54:38,674 INFO train epoch 34/200 batch 52/66 (79%) running_loss=0.6312
2026-09-18 23:54:42,205 INFO train epoch 34/200 batch 65/66 (98%) running_loss=0.6301
2026-09-18 23:54:42,427 INFO train epoch 34/200 batch 66/66 (100%) running_loss=0.6281
2026-09-18 23:54:45,081 INFO epoch 34/200 done: train_loss=0.6281 val_loss=0.3390 val_accuracy=0.9037 val_macro_f1=0.8482 val_macro_auc=0.9821 (checkpoint_metric=macro_auc) [new best]
2026-09-18 23:54:49,106 INFO train epoch 35/200 batch 13/66 (20%) running_loss=0.6035
2026-09-18 23:54:52,639 INFO train epoch 35/200 batch 26/66 (39%) running_loss=0.6046
2026-09-18 23:54:56,259 INFO train epoch 35/200 batch 39/66 (59%) running_loss=0.6223
2026-09-18 23:54:59,801 INFO train epoch 35/200 batch 52/66 (79%) running_loss=0.6237
2026-09-18 23:55:03,335 INFO train epoch 35/200 batch 65/66 (98%) running_loss=0.6213
2026-09-18 23:55:03,555 INFO train epoch 35/200 batch 66/66 (100%) running_loss=0.6218
2026-09-18 23:55:06,217 INFO epoch 35/200 done: train_loss=0.6218 val_loss=0.5447 val_accuracy=0.7828 val_macro_f1=0.7546 val_macro_auc=0.9629 (checkpoint_metric=macro_auc) [new best]
2026-09-18 23:55:10,182 INFO train epoch 36/200 batch 13/66 (20%) running_loss=0.6558
2026-09-18 23:55:13,720 INFO train epoch 36/200 batch 26/66 (39%) running_loss=0.6320
2026-09-18 23:55:17,257 INFO train epoch 36/200 batch 39/66 (59%) running_loss=0.6359
2026-09-18 23:55:20,798 INFO train epoch 36/200 batch 52/66 (79%) running_loss=0.6379
2026-09-18 23:55:24,324 INFO train epoch 36/200 batch 65/66 (98%) running_loss=0.6286
2026-09-18 23:55:24,543 INFO train epoch 36/200 batch 66/66 (100%) running_loss=0.6281
2026-09-18 23:55:27,175 INFO epoch 36/200 done: train_loss=0.6281 val_loss=0.4016 val_accuracy=0.8463 val_macro_f1=0.8218 val_macro_auc=0.9799 (checkpoint_metric=macro_auc) [new best]
2026-09-18 23:55:31,193 INFO train epoch 37/200 batch 13/66 (20%) running_loss=0.5784
2026-09-18 23:55:34,748 INFO train epoch 37/200 batch 26/66 (39%) running_loss=0.5967
2026-09-18 23:55:38,299 INFO train epoch 37/200 batch 39/66 (59%) running_loss=0.5975
2026-09-18 23:55:42,007 INFO train epoch 37/200 batch 52/66 (79%) running_loss=0.5980
2026-09-18 23:55:45,538 INFO train epoch 37/200 batch 65/66 (98%) running_loss=0.6005
2026-09-18 23:55:45,760 INFO train epoch 37/200 batch 66/66 (100%) running_loss=0.6003
2026-09-18 23:55:48,291 INFO epoch 37/200 done: train_loss=0.6003 val_loss=0.4498 val_accuracy=0.8135 val_macro_f1=0.7743 val_macro_auc=0.9651 (checkpoint_metric=macro_auc)
2026-09-18 23:55:52,303 INFO train epoch 38/200 batch 13/66 (20%) running_loss=0.6114
2026-09-18 23:55:55,850 INFO train epoch 38/200 batch 26/66 (39%) running_loss=0.6129
2026-09-18 23:55:59,408 INFO train epoch 38/200 batch 39/66 (59%) running_loss=0.6005
2026-09-18 23:56:02,950 INFO train epoch 38/200 batch 52/66 (79%) running_loss=0.6013
2026-09-18 23:56:06,492 INFO train epoch 38/200 batch 65/66 (98%) running_loss=0.6057
2026-09-18 23:56:06,713 INFO train epoch 38/200 batch 66/66 (100%) running_loss=0.6086
2026-09-18 23:56:09,236 INFO epoch 38/200 done: train_loss=0.6086 val_loss=0.4241 val_accuracy=0.8607 val_macro_f1=0.8342 val_macro_auc=0.9733 (checkpoint_metric=macro_auc)
2026-09-18 23:56:13,199 INFO train epoch 39/200 batch 13/66 (20%) running_loss=0.6397
2026-09-18 23:56:16,732 INFO train epoch 39/200 batch 26/66 (39%) running_loss=0.6496
2026-09-18 23:56:20,262 INFO train epoch 39/200 batch 39/66 (59%) running_loss=0.6334
2026-09-18 23:56:23,791 INFO train epoch 39/200 batch 52/66 (79%) running_loss=0.6240
2026-09-18 23:56:27,314 INFO train epoch 39/200 batch 65/66 (98%) running_loss=0.6203
2026-09-18 23:56:27,535 INFO train epoch 39/200 batch 66/66 (100%) running_loss=0.6197
2026-09-18 23:56:30,082 INFO epoch 39/200 done: train_loss=0.6197 val_loss=0.4946 val_accuracy=0.8012 val_macro_f1=0.7689 val_macro_auc=0.9651 (checkpoint_metric=macro_auc)
2026-09-18 23:56:34,052 INFO train epoch 40/200 batch 13/66 (20%) running_loss=0.6265
2026-09-18 23:56:37,663 INFO train epoch 40/200 batch 26/66 (39%) running_loss=0.6079
2026-09-18 23:56:41,222 INFO train epoch 40/200 batch 39/66 (59%) running_loss=0.5957
2026-09-18 23:56:44,759 INFO train epoch 40/200 batch 52/66 (79%) running_loss=0.6016
2026-09-18 23:56:48,284 INFO train epoch 40/200 batch 65/66 (98%) running_loss=0.6030
2026-09-18 23:56:48,504 INFO train epoch 40/200 batch 66/66 (100%) running_loss=0.6032
2026-09-18 23:56:51,037 INFO epoch 40/200 done: train_loss=0.6032 val_loss=0.3892 val_accuracy=0.9057 val_macro_f1=0.8747 val_macro_auc=0.9818 (checkpoint_metric=macro_auc)
2026-09-18 23:56:55,069 INFO train epoch 41/200 batch 13/66 (20%) running_loss=0.5795
2026-09-18 23:56:58,620 INFO train epoch 41/200 batch 26/66 (39%) running_loss=0.5711
2026-09-18 23:57:02,161 INFO train epoch 41/200 batch 39/66 (59%) running_loss=0.5841
2026-09-18 23:57:05,708 INFO train epoch 41/200 batch 52/66 (79%) running_loss=0.5753
2026-09-18 23:57:09,238 INFO train epoch 41/200 batch 65/66 (98%) running_loss=0.5746
2026-09-18 23:57:09,459 INFO train epoch 41/200 batch 66/66 (100%) running_loss=0.5741
2026-09-18 23:57:11,982 INFO epoch 41/200 done: train_loss=0.5741 val_loss=0.4987 val_accuracy=0.7848 val_macro_f1=0.7650 val_macro_auc=0.9754 (checkpoint_metric=macro_auc)
2026-09-18 23:57:16,009 INFO train epoch 42/200 batch 13/66 (20%) running_loss=0.5704
2026-09-18 23:57:19,556 INFO train epoch 42/200 batch 26/66 (39%) running_loss=0.5866
2026-09-18 23:57:23,097 INFO train epoch 42/200 batch 39/66 (59%) running_loss=0.5955
2026-09-18 23:57:26,632 INFO train epoch 42/200 batch 52/66 (79%) running_loss=0.5922
2026-09-18 23:57:30,159 INFO train epoch 42/200 batch 65/66 (98%) running_loss=0.5996
2026-09-18 23:57:30,380 INFO train epoch 42/200 batch 66/66 (100%) running_loss=0.5982
2026-09-18 23:57:33,027 INFO epoch 42/200 done: train_loss=0.5982 val_loss=0.3137 val_accuracy=0.9242 val_macro_f1=0.8953 val_macro_auc=0.9851 (checkpoint_metric=macro_auc) [new best]
2026-09-18 23:57:37,060 INFO train epoch 43/200 batch 13/66 (20%) running_loss=0.5839
2026-09-18 23:57:40,606 INFO train epoch 43/200 batch 26/66 (39%) running_loss=0.5651
2026-09-18 23:57:44,320 INFO train epoch 43/200 batch 39/66 (59%) running_loss=0.5647
2026-09-18 23:57:47,868 INFO train epoch 43/200 batch 52/66 (79%) running_loss=0.5657
2026-09-18 23:57:51,407 INFO train epoch 43/200 batch 65/66 (98%) running_loss=0.5772
2026-09-18 23:57:51,628 INFO train epoch 43/200 batch 66/66 (100%) running_loss=0.5756
2026-09-18 23:57:54,144 INFO epoch 43/200 done: train_loss=0.5756 val_loss=0.5615 val_accuracy=0.8033 val_macro_f1=0.7822 val_macro_auc=0.9624 (checkpoint_metric=macro_auc)
2026-09-18 23:57:58,181 INFO train epoch 44/200 batch 13/66 (20%) running_loss=0.5756
2026-09-18 23:58:01,712 INFO train epoch 44/200 batch 26/66 (39%) running_loss=0.5730
2026-09-18 23:58:05,242 INFO train epoch 44/200 batch 39/66 (59%) running_loss=0.5677
2026-09-18 23:58:08,780 INFO train epoch 44/200 batch 52/66 (79%) running_loss=0.5703
2026-09-18 23:58:12,310 INFO train epoch 44/200 batch 65/66 (98%) running_loss=0.5753
2026-09-18 23:58:12,533 INFO train epoch 44/200 batch 66/66 (100%) running_loss=0.5752
2026-09-18 23:58:15,055 INFO epoch 44/200 done: train_loss=0.5752 val_loss=0.4271 val_accuracy=0.8402 val_macro_f1=0.8101 val_macro_auc=0.9767 (checkpoint_metric=macro_auc)
2026-09-18 23:58:19,092 INFO train epoch 45/200 batch 13/66 (20%) running_loss=0.5973
2026-09-18 23:58:22,639 INFO train epoch 45/200 batch 26/66 (39%) running_loss=0.5996
2026-09-18 23:58:26,191 INFO train epoch 45/200 batch 39/66 (59%) running_loss=0.6111
2026-09-18 23:58:29,736 INFO train epoch 45/200 batch 52/66 (79%) running_loss=0.6050
2026-09-18 23:58:33,270 INFO train epoch 45/200 batch 65/66 (98%) running_loss=0.5982
2026-09-18 23:58:33,492 INFO train epoch 45/200 batch 66/66 (100%) running_loss=0.5988
2026-09-18 23:58:36,014 INFO epoch 45/200 done: train_loss=0.5988 val_loss=0.3475 val_accuracy=0.8791 val_macro_f1=0.8512 val_macro_auc=0.9803 (checkpoint_metric=macro_auc)
2026-09-18 23:58:40,023 INFO train epoch 46/200 batch 13/66 (20%) running_loss=0.6051
2026-09-18 23:58:43,564 INFO train epoch 46/200 batch 26/66 (39%) running_loss=0.5875
2026-09-18 23:58:47,119 INFO train epoch 46/200 batch 39/66 (59%) running_loss=0.5731
2026-09-18 23:58:50,736 INFO train epoch 46/200 batch 52/66 (79%) running_loss=0.5736
2026-09-18 23:58:54,274 INFO train epoch 46/200 batch 65/66 (98%) running_loss=0.5648
2026-09-18 23:58:54,497 INFO train epoch 46/200 batch 66/66 (100%) running_loss=0.5643
2026-09-18 23:58:57,121 INFO epoch 46/200 done: train_loss=0.5643 val_loss=0.2817 val_accuracy=0.9262 val_macro_f1=0.8973 val_macro_auc=0.9867 (checkpoint_metric=macro_auc) [new best]
2026-09-18 23:59:01,147 INFO train epoch 47/200 batch 13/66 (20%) running_loss=0.5478
2026-09-18 23:59:04,691 INFO train epoch 47/200 batch 26/66 (39%) running_loss=0.5584
2026-09-18 23:59:08,235 INFO train epoch 47/200 batch 39/66 (59%) running_loss=0.5552
2026-09-18 23:59:11,784 INFO train epoch 47/200 batch 52/66 (79%) running_loss=0.5610
2026-09-18 23:59:15,329 INFO train epoch 47/200 batch 65/66 (98%) running_loss=0.5631
2026-09-18 23:59:15,551 INFO train epoch 47/200 batch 66/66 (100%) running_loss=0.5644
2026-09-18 23:59:18,199 INFO epoch 47/200 done: train_loss=0.5644 val_loss=0.3535 val_accuracy=0.8852 val_macro_f1=0.8533 val_macro_auc=0.9822 (checkpoint_metric=macro_auc) [new best]
2026-09-18 23:59:22,237 INFO train epoch 48/200 batch 13/66 (20%) running_loss=0.5892
2026-09-18 23:59:25,775 INFO train epoch 48/200 batch 26/66 (39%) running_loss=0.5580
2026-09-18 23:59:29,300 INFO train epoch 48/200 batch 39/66 (59%) running_loss=0.5728
2026-09-18 23:59:32,831 INFO train epoch 48/200 batch 52/66 (79%) running_loss=0.5624
2026-09-18 23:59:36,527 INFO train epoch 48/200 batch 65/66 (98%) running_loss=0.5696
2026-09-18 23:59:36,749 INFO train epoch 48/200 batch 66/66 (100%) running_loss=0.5685
2026-09-18 23:59:39,391 INFO epoch 48/200 done: train_loss=0.5685 val_loss=0.3053 val_accuracy=0.8975 val_macro_f1=0.8700 val_macro_auc=0.9861 (checkpoint_metric=macro_auc) [new best]
2026-09-18 23:59:43,449 INFO train epoch 49/200 batch 13/66 (20%) running_loss=0.5289
2026-09-18 23:59:46,991 INFO train epoch 49/200 batch 26/66 (39%) running_loss=0.5274
2026-09-18 23:59:50,535 INFO train epoch 49/200 batch 39/66 (59%) running_loss=0.5350
2026-09-18 23:59:54,075 INFO train epoch 49/200 batch 52/66 (79%) running_loss=0.5541
2026-09-18 23:59:57,609 INFO train epoch 49/200 batch 65/66 (98%) running_loss=0.5550
2026-09-18 23:59:57,831 INFO train epoch 49/200 batch 66/66 (100%) running_loss=0.5544
2026-09-19 00:00:00,490 INFO epoch 49/200 done: train_loss=0.5544 val_loss=0.2880 val_accuracy=0.9262 val_macro_f1=0.9027 val_macro_auc=0.9908 (checkpoint_metric=macro_auc) [new best]
2026-09-19 00:00:04,530 INFO train epoch 50/200 batch 13/66 (20%) running_loss=0.5452
2026-09-19 00:00:08,076 INFO train epoch 50/200 batch 26/66 (39%) running_loss=0.5257
2026-09-19 00:00:11,628 INFO train epoch 50/200 batch 39/66 (59%) running_loss=0.5355
2026-09-19 00:00:15,169 INFO train epoch 50/200 batch 52/66 (79%) running_loss=0.5421
2026-09-19 00:00:18,854 INFO train epoch 50/200 batch 65/66 (98%) running_loss=0.5481
2026-09-19 00:00:19,075 INFO train epoch 50/200 batch 66/66 (100%) running_loss=0.5477
2026-09-19 00:00:21,717 INFO epoch 50/200 done: train_loss=0.5477 val_loss=0.3363 val_accuracy=0.8955 val_macro_f1=0.8633 val_macro_auc=0.9829 (checkpoint_metric=macro_auc) [new best]
2026-09-19 00:00:25,759 INFO train epoch 51/200 batch 13/66 (20%) running_loss=0.5434
2026-09-19 00:00:29,304 INFO train epoch 51/200 batch 26/66 (39%) running_loss=0.5342
2026-09-19 00:00:32,852 INFO train epoch 51/200 batch 39/66 (59%) running_loss=0.5332
2026-09-19 00:00:36,381 INFO train epoch 51/200 batch 52/66 (79%) running_loss=0.5335
2026-09-19 00:00:39,904 INFO train epoch 51/200 batch 65/66 (98%) running_loss=0.5320
2026-09-19 00:00:40,124 INFO train epoch 51/200 batch 66/66 (100%) running_loss=0.5345
2026-09-19 00:00:42,636 INFO epoch 51/200 done: train_loss=0.5345 val_loss=0.3969 val_accuracy=0.8545 val_macro_f1=0.8282 val_macro_auc=0.9823 (checkpoint_metric=macro_auc)
2026-09-19 00:00:46,673 INFO train epoch 52/200 batch 13/66 (20%) running_loss=0.5004
2026-09-19 00:00:50,210 INFO train epoch 52/200 batch 26/66 (39%) running_loss=0.5277
2026-09-19 00:00:53,754 INFO train epoch 52/200 batch 39/66 (59%) running_loss=0.5366
2026-09-19 00:00:57,288 INFO train epoch 52/200 batch 52/66 (79%) running_loss=0.5245
2026-09-19 00:01:00,831 INFO train epoch 52/200 batch 65/66 (98%) running_loss=0.5243
2026-09-19 00:01:01,054 INFO train epoch 52/200 batch 66/66 (100%) running_loss=0.5254
2026-09-19 00:01:03,577 INFO epoch 52/200 done: train_loss=0.5254 val_loss=0.4912 val_accuracy=0.8156 val_macro_f1=0.7928 val_macro_auc=0.9791 (checkpoint_metric=macro_auc)
2026-09-19 00:01:07,625 INFO train epoch 53/200 batch 13/66 (20%) running_loss=0.5677
2026-09-19 00:01:11,190 INFO train epoch 53/200 batch 26/66 (39%) running_loss=0.5679
2026-09-19 00:01:14,727 INFO train epoch 53/200 batch 39/66 (59%) running_loss=0.5604
2026-09-19 00:01:18,270 INFO train epoch 53/200 batch 52/66 (79%) running_loss=0.5619
2026-09-19 00:01:21,797 INFO train epoch 53/200 batch 65/66 (98%) running_loss=0.5640
2026-09-19 00:01:22,016 INFO train epoch 53/200 batch 66/66 (100%) running_loss=0.5633
2026-09-19 00:01:24,526 INFO epoch 53/200 done: train_loss=0.5633 val_loss=0.3632 val_accuracy=0.8811 val_macro_f1=0.8543 val_macro_auc=0.9891 (checkpoint_metric=macro_auc)
2026-09-19 00:01:28,706 INFO train epoch 54/200 batch 13/66 (20%) running_loss=0.5683
2026-09-19 00:01:32,247 INFO train epoch 54/200 batch 26/66 (39%) running_loss=0.5543
2026-09-19 00:01:35,784 INFO train epoch 54/200 batch 39/66 (59%) running_loss=0.5345
2026-09-19 00:01:39,320 INFO train epoch 54/200 batch 52/66 (79%) running_loss=0.5260
2026-09-19 00:01:42,857 INFO train epoch 54/200 batch 65/66 (98%) running_loss=0.5255
2026-09-19 00:01:43,083 INFO train epoch 54/200 batch 66/66 (100%) running_loss=0.5260
2026-09-19 00:01:45,594 INFO epoch 54/200 done: train_loss=0.5260 val_loss=0.2960 val_accuracy=0.9242 val_macro_f1=0.8942 val_macro_auc=0.9784 (checkpoint_metric=macro_auc)
2026-09-19 00:01:49,664 INFO train epoch 55/200 batch 13/66 (20%) running_loss=0.5395
2026-09-19 00:01:53,228 INFO train epoch 55/200 batch 26/66 (39%) running_loss=0.5441
2026-09-19 00:01:56,767 INFO train epoch 55/200 batch 39/66 (59%) running_loss=0.5290
2026-09-19 00:02:00,324 INFO train epoch 55/200 batch 52/66 (79%) running_loss=0.5261
2026-09-19 00:02:03,851 INFO train epoch 55/200 batch 65/66 (98%) running_loss=0.5258
2026-09-19 00:02:04,071 INFO train epoch 55/200 batch 66/66 (100%) running_loss=0.5254
2026-09-19 00:02:06,602 INFO epoch 55/200 done: train_loss=0.5254 val_loss=0.3114 val_accuracy=0.9139 val_macro_f1=0.8928 val_macro_auc=0.9850 (checkpoint_metric=macro_auc)
2026-09-19 00:02:10,654 INFO train epoch 56/200 batch 13/66 (20%) running_loss=0.5425
2026-09-19 00:02:14,207 INFO train epoch 56/200 batch 26/66 (39%) running_loss=0.5333
2026-09-19 00:02:17,751 INFO train epoch 56/200 batch 39/66 (59%) running_loss=0.5349
2026-09-19 00:02:21,290 INFO train epoch 56/200 batch 52/66 (79%) running_loss=0.5312
2026-09-19 00:02:24,906 INFO train epoch 56/200 batch 65/66 (98%) running_loss=0.5248
2026-09-19 00:02:25,131 INFO train epoch 56/200 batch 66/66 (100%) running_loss=0.5270
2026-09-19 00:02:27,655 INFO epoch 56/200 done: train_loss=0.5270 val_loss=0.4367 val_accuracy=0.8361 val_macro_f1=0.8114 val_macro_auc=0.9742 (checkpoint_metric=macro_auc)
2026-09-19 00:02:31,706 INFO train epoch 57/200 batch 13/66 (20%) running_loss=0.5258
2026-09-19 00:02:35,275 INFO train epoch 57/200 batch 26/66 (39%) running_loss=0.5183
2026-09-19 00:02:38,820 INFO train epoch 57/200 batch 39/66 (59%) running_loss=0.5260
2026-09-19 00:02:42,362 INFO train epoch 57/200 batch 52/66 (79%) running_loss=0.5263
2026-09-19 00:02:45,906 INFO train epoch 57/200 batch 65/66 (98%) running_loss=0.5337
2026-09-19 00:02:46,130 INFO train epoch 57/200 batch 66/66 (100%) running_loss=0.5343
2026-09-19 00:02:48,629 INFO epoch 57/200 done: train_loss=0.5343 val_loss=0.2486 val_accuracy=0.9365 val_macro_f1=0.9043 val_macro_auc=0.9894 (checkpoint_metric=macro_auc)
2026-09-19 00:02:52,653 INFO train epoch 58/200 batch 13/66 (20%) running_loss=0.5438
2026-09-19 00:02:56,201 INFO train epoch 58/200 batch 26/66 (39%) running_loss=0.5211
2026-09-19 00:02:59,781 INFO train epoch 58/200 batch 39/66 (59%) running_loss=0.5313
2026-09-19 00:03:03,330 INFO train epoch 58/200 batch 52/66 (79%) running_loss=0.5257
2026-09-19 00:03:06,872 INFO train epoch 58/200 batch 65/66 (98%) running_loss=0.5215
2026-09-19 00:03:07,092 INFO train epoch 58/200 batch 66/66 (100%) running_loss=0.5221
2026-09-19 00:03:09,600 INFO epoch 58/200 done: train_loss=0.5221 val_loss=0.2530 val_accuracy=0.9201 val_macro_f1=0.8860 val_macro_auc=0.9870 (checkpoint_metric=macro_auc)
2026-09-19 00:03:13,641 INFO train epoch 59/200 batch 13/66 (20%) running_loss=0.5147
2026-09-19 00:03:17,185 INFO train epoch 59/200 batch 26/66 (39%) running_loss=0.5077
2026-09-19 00:03:20,727 INFO train epoch 59/200 batch 39/66 (59%) running_loss=0.5253
2026-09-19 00:03:24,278 INFO train epoch 59/200 batch 52/66 (79%) running_loss=0.5257
2026-09-19 00:03:27,814 INFO train epoch 59/200 batch 65/66 (98%) running_loss=0.5236
2026-09-19 00:03:28,037 INFO train epoch 59/200 batch 66/66 (100%) running_loss=0.5219
2026-09-19 00:03:30,565 INFO epoch 59/200 done: train_loss=0.5219 val_loss=0.4370 val_accuracy=0.8402 val_macro_f1=0.8129 val_macro_auc=0.9678 (checkpoint_metric=macro_auc)
2026-09-19 00:03:34,767 INFO train epoch 60/200 batch 13/66 (20%) running_loss=0.5298
2026-09-19 00:03:38,302 INFO train epoch 60/200 batch 26/66 (39%) running_loss=0.5127
2026-09-19 00:03:41,842 INFO train epoch 60/200 batch 39/66 (59%) running_loss=0.5054
2026-09-19 00:03:45,382 INFO train epoch 60/200 batch 52/66 (79%) running_loss=0.5207
2026-09-19 00:03:48,913 INFO train epoch 60/200 batch 65/66 (98%) running_loss=0.5199
2026-09-19 00:03:49,135 INFO train epoch 60/200 batch 66/66 (100%) running_loss=0.5193
2026-09-19 00:03:51,653 INFO epoch 60/200 done: train_loss=0.5193 val_loss=0.3194 val_accuracy=0.9201 val_macro_f1=0.8889 val_macro_auc=0.9840 (checkpoint_metric=macro_auc)
2026-09-19 00:03:55,670 INFO train epoch 61/200 batch 13/66 (20%) running_loss=0.5439
2026-09-19 00:03:59,206 INFO train epoch 61/200 batch 26/66 (39%) running_loss=0.5363
2026-09-19 00:04:02,746 INFO train epoch 61/200 batch 39/66 (59%) running_loss=0.5297
2026-09-19 00:04:06,285 INFO train epoch 61/200 batch 52/66 (79%) running_loss=0.5273
2026-09-19 00:04:09,823 INFO train epoch 61/200 batch 65/66 (98%) running_loss=0.5213
2026-09-19 00:04:10,046 INFO train epoch 61/200 batch 66/66 (100%) running_loss=0.5202
2026-09-19 00:04:12,574 INFO epoch 61/200 done: train_loss=0.5202 val_loss=0.2759 val_accuracy=0.9283 val_macro_f1=0.9153 val_macro_auc=0.9901 (checkpoint_metric=macro_auc)
2026-09-19 00:04:16,534 INFO train epoch 62/200 batch 13/66 (20%) running_loss=0.4816
2026-09-19 00:04:20,071 INFO train epoch 62/200 batch 26/66 (39%) running_loss=0.5097
2026-09-19 00:04:23,614 INFO train epoch 62/200 batch 39/66 (59%) running_loss=0.5229
2026-09-19 00:04:27,164 INFO train epoch 62/200 batch 52/66 (79%) running_loss=0.5328
2026-09-19 00:04:30,689 INFO train epoch 62/200 batch 65/66 (98%) running_loss=0.5306
2026-09-19 00:04:30,911 INFO train epoch 62/200 batch 66/66 (100%) running_loss=0.5296
2026-09-19 00:04:33,445 INFO epoch 62/200 done: train_loss=0.5296 val_loss=0.2928 val_accuracy=0.9078 val_macro_f1=0.8781 val_macro_auc=0.9818 (checkpoint_metric=macro_auc)
2026-09-19 00:04:37,551 INFO train epoch 63/200 batch 13/66 (20%) running_loss=0.5480
2026-09-19 00:04:41,105 INFO train epoch 63/200 batch 26/66 (39%) running_loss=0.5389
2026-09-19 00:04:44,629 INFO train epoch 63/200 batch 39/66 (59%) running_loss=0.5215
2026-09-19 00:04:48,170 INFO train epoch 63/200 batch 52/66 (79%) running_loss=0.5237
2026-09-19 00:04:51,704 INFO train epoch 63/200 batch 65/66 (98%) running_loss=0.5195
2026-09-19 00:04:51,927 INFO train epoch 63/200 batch 66/66 (100%) running_loss=0.5186
2026-09-19 00:04:54,439 INFO epoch 63/200 done: train_loss=0.5186 val_loss=0.3994 val_accuracy=0.8422 val_macro_f1=0.8219 val_macro_auc=0.9796 (checkpoint_metric=macro_auc)
2026-09-19 00:04:58,461 INFO train epoch 64/200 batch 13/66 (20%) running_loss=0.4835
2026-09-19 00:05:01,994 INFO train epoch 64/200 batch 26/66 (39%) running_loss=0.4837
2026-09-19 00:05:05,522 INFO train epoch 64/200 batch 39/66 (59%) running_loss=0.4907
2026-09-19 00:05:09,049 INFO train epoch 64/200 batch 52/66 (79%) running_loss=0.4896
2026-09-19 00:05:12,573 INFO train epoch 64/200 batch 65/66 (98%) running_loss=0.4887
2026-09-19 00:05:12,794 INFO train epoch 64/200 batch 66/66 (100%) running_loss=0.4882
2026-09-19 00:05:15,322 INFO epoch 64/200 done: train_loss=0.4882 val_loss=0.2989 val_accuracy=0.9324 val_macro_f1=0.9128 val_macro_auc=0.9900 (checkpoint_metric=macro_auc)
2026-09-19 00:05:19,330 INFO train epoch 65/200 batch 13/66 (20%) running_loss=0.4950
2026-09-19 00:05:22,858 INFO train epoch 65/200 batch 26/66 (39%) running_loss=0.5065
2026-09-19 00:05:26,388 INFO train epoch 65/200 batch 39/66 (59%) running_loss=0.4987
2026-09-19 00:05:29,925 INFO train epoch 65/200 batch 52/66 (79%) running_loss=0.4950
2026-09-19 00:05:33,458 INFO train epoch 65/200 batch 65/66 (98%) running_loss=0.4961
2026-09-19 00:05:33,678 INFO train epoch 65/200 batch 66/66 (100%) running_loss=0.4953
2026-09-19 00:05:36,205 INFO epoch 65/200 done: train_loss=0.4953 val_loss=0.5124 val_accuracy=0.7992 val_macro_f1=0.7778 val_macro_auc=0.9742 (checkpoint_metric=macro_auc)
2026-09-19 00:05:40,234 INFO train epoch 66/200 batch 13/66 (20%) running_loss=0.4994
2026-09-19 00:05:43,936 INFO train epoch 66/200 batch 26/66 (39%) running_loss=0.5127
2026-09-19 00:05:47,469 INFO train epoch 66/200 batch 39/66 (59%) running_loss=0.5070
2026-09-19 00:05:51,010 INFO train epoch 66/200 batch 52/66 (79%) running_loss=0.4970
2026-09-19 00:05:54,533 INFO train epoch 66/200 batch 65/66 (98%) running_loss=0.4986
2026-09-19 00:05:54,754 INFO train epoch 66/200 batch 66/66 (100%) running_loss=0.4990
2026-09-19 00:05:57,283 INFO epoch 66/200 done: train_loss=0.4990 val_loss=0.5023 val_accuracy=0.8340 val_macro_f1=0.8088 val_macro_auc=0.9686 (checkpoint_metric=macro_auc)
2026-09-19 00:06:01,274 INFO train epoch 67/200 batch 13/66 (20%) running_loss=0.5007
2026-09-19 00:06:04,815 INFO train epoch 67/200 batch 26/66 (39%) running_loss=0.4957
2026-09-19 00:06:08,352 INFO train epoch 67/200 batch 39/66 (59%) running_loss=0.5059
2026-09-19 00:06:11,892 INFO train epoch 67/200 batch 52/66 (79%) running_loss=0.5066
2026-09-19 00:06:15,427 INFO train epoch 67/200 batch 65/66 (98%) running_loss=0.5029
2026-09-19 00:06:15,647 INFO train epoch 67/200 batch 66/66 (100%) running_loss=0.5041
2026-09-19 00:06:18,167 INFO epoch 67/200 done: train_loss=0.5041 val_loss=0.2944 val_accuracy=0.9221 val_macro_f1=0.8971 val_macro_auc=0.9881 (checkpoint_metric=macro_auc)
2026-09-19 00:06:22,158 INFO train epoch 68/200 batch 13/66 (20%) running_loss=0.5383
2026-09-19 00:06:25,687 INFO train epoch 68/200 batch 26/66 (39%) running_loss=0.5135
2026-09-19 00:06:29,222 INFO train epoch 68/200 batch 39/66 (59%) running_loss=0.4919
2026-09-19 00:06:32,759 INFO train epoch 68/200 batch 52/66 (79%) running_loss=0.4924
2026-09-19 00:06:36,297 INFO train epoch 68/200 batch 65/66 (98%) running_loss=0.4848
2026-09-19 00:06:36,518 INFO train epoch 68/200 batch 66/66 (100%) running_loss=0.4854
2026-09-19 00:06:39,044 INFO epoch 68/200 done: train_loss=0.4854 val_loss=0.2979 val_accuracy=0.9201 val_macro_f1=0.8963 val_macro_auc=0.9877 (checkpoint_metric=macro_auc)
2026-09-19 00:06:43,100 INFO train epoch 69/200 batch 13/66 (20%) running_loss=0.4489
2026-09-19 00:06:46,696 INFO train epoch 69/200 batch 26/66 (39%) running_loss=0.4639
2026-09-19 00:06:50,226 INFO train epoch 69/200 batch 39/66 (59%) running_loss=0.4677
2026-09-19 00:06:53,752 INFO train epoch 69/200 batch 52/66 (79%) running_loss=0.4657
2026-09-19 00:06:57,276 INFO train epoch 69/200 batch 65/66 (98%) running_loss=0.4698
2026-09-19 00:06:57,496 INFO train epoch 69/200 batch 66/66 (100%) running_loss=0.4693
2026-09-19 00:07:00,015 INFO epoch 69/200 done: train_loss=0.4693 val_loss=0.4314 val_accuracy=0.8566 val_macro_f1=0.8307 val_macro_auc=0.9750 (checkpoint_metric=macro_auc)
2026-09-19 00:07:04,029 INFO train epoch 70/200 batch 13/66 (20%) running_loss=0.5278
2026-09-19 00:07:07,578 INFO train epoch 70/200 batch 26/66 (39%) running_loss=0.4986
2026-09-19 00:07:11,138 INFO train epoch 70/200 batch 39/66 (59%) running_loss=0.4971
2026-09-19 00:07:14,687 INFO train epoch 70/200 batch 52/66 (79%) running_loss=0.4891
2026-09-19 00:07:18,248 INFO train epoch 70/200 batch 65/66 (98%) running_loss=0.4832
2026-09-19 00:07:18,468 INFO train epoch 70/200 batch 66/66 (100%) running_loss=0.4823
2026-09-19 00:07:20,998 INFO epoch 70/200 done: train_loss=0.4823 val_loss=0.2266 val_accuracy=0.9406 val_macro_f1=0.9190 val_macro_auc=0.9895 (checkpoint_metric=macro_auc)
2026-09-19 00:07:25,017 INFO train epoch 71/200 batch 13/66 (20%) running_loss=0.5314
2026-09-19 00:07:28,544 INFO train epoch 71/200 batch 26/66 (39%) running_loss=0.4967
2026-09-19 00:07:32,073 INFO train epoch 71/200 batch 39/66 (59%) running_loss=0.4997
2026-09-19 00:07:35,612 INFO train epoch 71/200 batch 52/66 (79%) running_loss=0.4997
2026-09-19 00:07:39,137 INFO train epoch 71/200 batch 65/66 (98%) running_loss=0.4925
2026-09-19 00:07:39,359 INFO train epoch 71/200 batch 66/66 (100%) running_loss=0.4920
2026-09-19 00:07:41,879 INFO epoch 71/200 done: train_loss=0.4920 val_loss=0.2597 val_accuracy=0.9283 val_macro_f1=0.8995 val_macro_auc=0.9872 (checkpoint_metric=macro_auc)
2026-09-19 00:07:45,913 INFO train epoch 72/200 batch 13/66 (20%) running_loss=0.4809
2026-09-19 00:07:49,464 INFO train epoch 72/200 batch 26/66 (39%) running_loss=0.4851
2026-09-19 00:07:53,172 INFO train epoch 72/200 batch 39/66 (59%) running_loss=0.4794
2026-09-19 00:07:56,705 INFO train epoch 72/200 batch 52/66 (79%) running_loss=0.4953
2026-09-19 00:08:00,238 INFO train epoch 72/200 batch 65/66 (98%) running_loss=0.4996
2026-09-19 00:08:00,457 INFO train epoch 72/200 batch 66/66 (100%) running_loss=0.4997
2026-09-19 00:08:02,974 INFO epoch 72/200 done: train_loss=0.4997 val_loss=0.4487 val_accuracy=0.8381 val_macro_f1=0.8115 val_macro_auc=0.9778 (checkpoint_metric=macro_auc)
2026-09-19 00:08:07,048 INFO train epoch 73/200 batch 13/66 (20%) running_loss=0.4780
2026-09-19 00:08:10,650 INFO train epoch 73/200 batch 26/66 (39%) running_loss=0.4607
2026-09-19 00:08:14,231 INFO train epoch 73/200 batch 39/66 (59%) running_loss=0.4567
2026-09-19 00:08:17,780 INFO train epoch 73/200 batch 52/66 (79%) running_loss=0.4602
2026-09-19 00:08:21,309 INFO train epoch 73/200 batch 65/66 (98%) running_loss=0.4755
2026-09-19 00:08:21,532 INFO train epoch 73/200 batch 66/66 (100%) running_loss=0.4771
2026-09-19 00:08:24,047 INFO epoch 73/200 done: train_loss=0.4771 val_loss=0.4514 val_accuracy=0.8463 val_macro_f1=0.8194 val_macro_auc=0.9717 (checkpoint_metric=macro_auc)
2026-09-19 00:08:28,078 INFO train epoch 74/200 batch 13/66 (20%) running_loss=0.5306
2026-09-19 00:08:31,609 INFO train epoch 74/200 batch 26/66 (39%) running_loss=0.5079
2026-09-19 00:08:35,138 INFO train epoch 74/200 batch 39/66 (59%) running_loss=0.4902
2026-09-19 00:08:38,663 INFO train epoch 74/200 batch 52/66 (79%) running_loss=0.4866
2026-09-19 00:08:42,197 INFO train epoch 74/200 batch 65/66 (98%) running_loss=0.4887
2026-09-19 00:08:42,417 INFO train epoch 74/200 batch 66/66 (100%) running_loss=0.4885
2026-09-19 00:08:44,956 INFO epoch 74/200 done: train_loss=0.4885 val_loss=0.2471 val_accuracy=0.9447 val_macro_f1=0.9237 val_macro_auc=0.9921 (checkpoint_metric=macro_auc)
2026-09-19 00:08:48,987 INFO train epoch 75/200 batch 13/66 (20%) running_loss=0.4542
2026-09-19 00:08:52,525 INFO train epoch 75/200 batch 26/66 (39%) running_loss=0.4540
2026-09-19 00:08:56,143 INFO train epoch 75/200 batch 39/66 (59%) running_loss=0.4634
2026-09-19 00:08:59,682 INFO train epoch 75/200 batch 52/66 (79%) running_loss=0.4677
2026-09-19 00:09:03,212 INFO train epoch 75/200 batch 65/66 (98%) running_loss=0.4675
2026-09-19 00:09:03,431 INFO train epoch 75/200 batch 66/66 (100%) running_loss=0.4672
2026-09-19 00:09:05,949 INFO epoch 75/200 done: train_loss=0.4672 val_loss=0.2693 val_accuracy=0.9180 val_macro_f1=0.8908 val_macro_auc=0.9877 (checkpoint_metric=macro_auc)
2026-09-19 00:09:09,919 INFO train epoch 76/200 batch 13/66 (20%) running_loss=0.4861
2026-09-19 00:09:13,448 INFO train epoch 76/200 batch 26/66 (39%) running_loss=0.4779
2026-09-19 00:09:16,978 INFO train epoch 76/200 batch 39/66 (59%) running_loss=0.4767
2026-09-19 00:09:20,500 INFO train epoch 76/200 batch 52/66 (79%) running_loss=0.4753
2026-09-19 00:09:24,035 INFO train epoch 76/200 batch 65/66 (98%) running_loss=0.4759
2026-09-19 00:09:24,259 INFO train epoch 76/200 batch 66/66 (100%) running_loss=0.4765
2026-09-19 00:09:26,850 INFO epoch 76/200 done: train_loss=0.4765 val_loss=0.2243 val_accuracy=0.9365 val_macro_f1=0.9128 val_macro_auc=0.9897 (checkpoint_metric=macro_auc) [new best]
2026-09-19 00:09:30,897 INFO train epoch 77/200 batch 13/66 (20%) running_loss=0.4700
2026-09-19 00:09:34,444 INFO train epoch 77/200 batch 26/66 (39%) running_loss=0.4675
2026-09-19 00:09:37,981 INFO train epoch 77/200 batch 39/66 (59%) running_loss=0.4650
2026-09-19 00:09:41,526 INFO train epoch 77/200 batch 52/66 (79%) running_loss=0.4656
2026-09-19 00:09:45,071 INFO train epoch 77/200 batch 65/66 (98%) running_loss=0.4621
2026-09-19 00:09:45,294 INFO train epoch 77/200 batch 66/66 (100%) running_loss=0.4616
2026-09-19 00:09:47,818 INFO epoch 77/200 done: train_loss=0.4616 val_loss=0.2795 val_accuracy=0.9057 val_macro_f1=0.8801 val_macro_auc=0.9867 (checkpoint_metric=macro_auc)
2026-09-19 00:09:51,798 INFO train epoch 78/200 batch 13/66 (20%) running_loss=0.4205
2026-09-19 00:09:55,338 INFO train epoch 78/200 batch 26/66 (39%) running_loss=0.4312
2026-09-19 00:09:58,952 INFO train epoch 78/200 batch 39/66 (59%) running_loss=0.4459
2026-09-19 00:10:02,476 INFO train epoch 78/200 batch 52/66 (79%) running_loss=0.4523
2026-09-19 00:10:05,996 INFO train epoch 78/200 batch 65/66 (98%) running_loss=0.4543
2026-09-19 00:10:06,217 INFO train epoch 78/200 batch 66/66 (100%) running_loss=0.4550
2026-09-19 00:10:08,736 INFO epoch 78/200 done: train_loss=0.4550 val_loss=0.2731 val_accuracy=0.9221 val_macro_f1=0.9023 val_macro_auc=0.9878 (checkpoint_metric=macro_auc)
2026-09-19 00:10:12,753 INFO train epoch 79/200 batch 13/66 (20%) running_loss=0.4246
2026-09-19 00:10:16,303 INFO train epoch 79/200 batch 26/66 (39%) running_loss=0.4438
2026-09-19 00:10:19,831 INFO train epoch 79/200 batch 39/66 (59%) running_loss=0.4682
2026-09-19 00:10:23,361 INFO train epoch 79/200 batch 52/66 (79%) running_loss=0.4629
2026-09-19 00:10:26,889 INFO train epoch 79/200 batch 65/66 (98%) running_loss=0.4606
2026-09-19 00:10:27,111 INFO train epoch 79/200 batch 66/66 (100%) running_loss=0.4593
2026-09-19 00:10:29,619 INFO epoch 79/200 done: train_loss=0.4593 val_loss=0.3461 val_accuracy=0.8873 val_macro_f1=0.8629 val_macro_auc=0.9834 (checkpoint_metric=macro_auc)
2026-09-19 00:10:33,633 INFO train epoch 80/200 batch 13/66 (20%) running_loss=0.4651
2026-09-19 00:10:37,169 INFO train epoch 80/200 batch 26/66 (39%) running_loss=0.4753
2026-09-19 00:10:40,709 INFO train epoch 80/200 batch 39/66 (59%) running_loss=0.4636
2026-09-19 00:10:44,281 INFO train epoch 80/200 batch 52/66 (79%) running_loss=0.4615
2026-09-19 00:10:47,810 INFO train epoch 80/200 batch 65/66 (98%) running_loss=0.4586
2026-09-19 00:10:48,031 INFO train epoch 80/200 batch 66/66 (100%) running_loss=0.4585
2026-09-19 00:10:50,552 INFO epoch 80/200 done: train_loss=0.4585 val_loss=0.2929 val_accuracy=0.9098 val_macro_f1=0.8826 val_macro_auc=0.9854 (checkpoint_metric=macro_auc)
2026-09-19 00:10:54,533 INFO train epoch 81/200 batch 13/66 (20%) running_loss=0.4425
2026-09-19 00:10:58,079 INFO train epoch 81/200 batch 26/66 (39%) running_loss=0.4597
2026-09-19 00:11:01,616 INFO train epoch 81/200 batch 39/66 (59%) running_loss=0.4600
2026-09-19 00:11:05,159 INFO train epoch 81/200 batch 52/66 (79%) running_loss=0.4624
2026-09-19 00:11:08,833 INFO train epoch 81/200 batch 65/66 (98%) running_loss=0.4618
2026-09-19 00:11:09,052 INFO train epoch 81/200 batch 66/66 (100%) running_loss=0.4613
2026-09-19 00:11:11,561 INFO epoch 81/200 done: train_loss=0.4613 val_loss=0.2243 val_accuracy=0.9488 val_macro_f1=0.9299 val_macro_auc=0.9928 (checkpoint_metric=macro_auc)
2026-09-19 00:11:15,574 INFO train epoch 82/200 batch 13/66 (20%) running_loss=0.4421
2026-09-19 00:11:19,104 INFO train epoch 82/200 batch 26/66 (39%) running_loss=0.4383
2026-09-19 00:11:22,645 INFO train epoch 82/200 batch 39/66 (59%) running_loss=0.4438
2026-09-19 00:11:26,218 INFO train epoch 82/200 batch 52/66 (79%) running_loss=0.4355
2026-09-19 00:11:29,744 INFO train epoch 82/200 batch 65/66 (98%) running_loss=0.4364
2026-09-19 00:11:29,964 INFO train epoch 82/200 batch 66/66 (100%) running_loss=0.4366
2026-09-19 00:11:32,465 INFO epoch 82/200 done: train_loss=0.4366 val_loss=0.2450 val_accuracy=0.9242 val_macro_f1=0.8983 val_macro_auc=0.9876 (checkpoint_metric=macro_auc)
2026-09-19 00:11:36,518 INFO train epoch 83/200 batch 13/66 (20%) running_loss=0.4614
2026-09-19 00:11:40,087 INFO train epoch 83/200 batch 26/66 (39%) running_loss=0.4478
2026-09-19 00:11:43,645 INFO train epoch 83/200 batch 39/66 (59%) running_loss=0.4520
2026-09-19 00:11:47,210 INFO train epoch 83/200 batch 52/66 (79%) running_loss=0.4572
2026-09-19 00:11:50,833 INFO train epoch 83/200 batch 65/66 (98%) running_loss=0.4585
2026-09-19 00:11:51,056 INFO train epoch 83/200 batch 66/66 (100%) running_loss=0.4583
2026-09-19 00:11:53,581 INFO epoch 83/200 done: train_loss=0.4583 val_loss=0.3057 val_accuracy=0.9057 val_macro_f1=0.8805 val_macro_auc=0.9856 (checkpoint_metric=macro_auc)
2026-09-19 00:11:57,600 INFO train epoch 84/200 batch 13/66 (20%) running_loss=0.4613
2026-09-19 00:12:01,149 INFO train epoch 84/200 batch 26/66 (39%) running_loss=0.4478
2026-09-19 00:12:04,780 INFO train epoch 84/200 batch 39/66 (59%) running_loss=0.4456
2026-09-19 00:12:08,304 INFO train epoch 84/200 batch 52/66 (79%) running_loss=0.4514
2026-09-19 00:12:11,833 INFO train epoch 84/200 batch 65/66 (98%) running_loss=0.4489
2026-09-19 00:12:12,056 INFO train epoch 84/200 batch 66/66 (100%) running_loss=0.4495
2026-09-19 00:12:14,597 INFO epoch 84/200 done: train_loss=0.4495 val_loss=0.2356 val_accuracy=0.9365 val_macro_f1=0.9132 val_macro_auc=0.9899 (checkpoint_metric=macro_auc)
2026-09-19 00:12:18,598 INFO train epoch 85/200 batch 13/66 (20%) running_loss=0.4530
2026-09-19 00:12:22,131 INFO train epoch 85/200 batch 26/66 (39%) running_loss=0.4310
2026-09-19 00:12:25,650 INFO train epoch 85/200 batch 39/66 (59%) running_loss=0.4497
2026-09-19 00:12:29,183 INFO train epoch 85/200 batch 52/66 (79%) running_loss=0.4484
2026-09-19 00:12:32,712 INFO train epoch 85/200 batch 65/66 (98%) running_loss=0.4448
2026-09-19 00:12:32,936 INFO train epoch 85/200 batch 66/66 (100%) running_loss=0.4461
2026-09-19 00:12:35,449 INFO epoch 85/200 done: train_loss=0.4461 val_loss=0.2146 val_accuracy=0.9365 val_macro_f1=0.9152 val_macro_auc=0.9902 (checkpoint_metric=macro_auc)
2026-09-19 00:12:39,487 INFO train epoch 86/200 batch 13/66 (20%) running_loss=0.4938
2026-09-19 00:12:43,026 INFO train epoch 86/200 batch 26/66 (39%) running_loss=0.4740
2026-09-19 00:12:46,569 INFO train epoch 86/200 batch 39/66 (59%) running_loss=0.4744
2026-09-19 00:12:50,118 INFO train epoch 86/200 batch 52/66 (79%) running_loss=0.4686
2026-09-19 00:12:53,661 INFO train epoch 86/200 batch 65/66 (98%) running_loss=0.4659
2026-09-19 00:12:53,883 INFO train epoch 86/200 batch 66/66 (100%) running_loss=0.4660
2026-09-19 00:12:56,497 INFO epoch 86/200 done: train_loss=0.4660 val_loss=0.2252 val_accuracy=0.9344 val_macro_f1=0.9134 val_macro_auc=0.9897 (checkpoint_metric=macro_auc) [new best]
2026-09-19 00:13:00,533 INFO train epoch 87/200 batch 13/66 (20%) running_loss=0.4411
2026-09-19 00:13:04,056 INFO train epoch 87/200 batch 26/66 (39%) running_loss=0.4511
2026-09-19 00:13:07,593 INFO train epoch 87/200 batch 39/66 (59%) running_loss=0.4389
2026-09-19 00:13:11,284 INFO train epoch 87/200 batch 52/66 (79%) running_loss=0.4389
2026-09-19 00:13:14,813 INFO train epoch 87/200 batch 65/66 (98%) running_loss=0.4418
2026-09-19 00:13:15,035 INFO train epoch 87/200 batch 66/66 (100%) running_loss=0.4414
2026-09-19 00:13:17,666 INFO epoch 87/200 done: train_loss=0.4414 val_loss=0.2185 val_accuracy=0.9365 val_macro_f1=0.9137 val_macro_auc=0.9907 (checkpoint_metric=macro_auc) [new best]
2026-09-19 00:13:21,685 INFO train epoch 88/200 batch 13/66 (20%) running_loss=0.4925
2026-09-19 00:13:25,222 INFO train epoch 88/200 batch 26/66 (39%) running_loss=0.4709
2026-09-19 00:13:28,761 INFO train epoch 88/200 batch 39/66 (59%) running_loss=0.4554
2026-09-19 00:13:32,296 INFO train epoch 88/200 batch 52/66 (79%) running_loss=0.4491
2026-09-19 00:13:35,838 INFO train epoch 88/200 batch 65/66 (98%) running_loss=0.4483
2026-09-19 00:13:36,060 INFO train epoch 88/200 batch 66/66 (100%) running_loss=0.4485
2026-09-19 00:13:38,689 INFO epoch 88/200 done: train_loss=0.4485 val_loss=0.2098 val_accuracy=0.9611 val_macro_f1=0.9458 val_macro_auc=0.9921 (checkpoint_metric=macro_auc) [new best]
2026-09-19 00:13:42,736 INFO train epoch 89/200 batch 13/66 (20%) running_loss=0.4381
2026-09-19 00:13:46,280 INFO train epoch 89/200 batch 26/66 (39%) running_loss=0.4379
2026-09-19 00:13:49,811 INFO train epoch 89/200 batch 39/66 (59%) running_loss=0.4392
2026-09-19 00:13:53,361 INFO train epoch 89/200 batch 52/66 (79%) running_loss=0.4459
2026-09-19 00:13:56,888 INFO train epoch 89/200 batch 65/66 (98%) running_loss=0.4465
2026-09-19 00:13:57,109 INFO train epoch 89/200 batch 66/66 (100%) running_loss=0.4457
2026-09-19 00:13:59,623 INFO epoch 89/200 done: train_loss=0.4457 val_loss=0.2493 val_accuracy=0.9303 val_macro_f1=0.9071 val_macro_auc=0.9868 (checkpoint_metric=macro_auc)
2026-09-19 00:14:03,631 INFO train epoch 90/200 batch 13/66 (20%) running_loss=0.4421
2026-09-19 00:14:07,170 INFO train epoch 90/200 batch 26/66 (39%) running_loss=0.4460
2026-09-19 00:14:10,711 INFO train epoch 90/200 batch 39/66 (59%) running_loss=0.4539
2026-09-19 00:14:14,253 INFO train epoch 90/200 batch 52/66 (79%) running_loss=0.4594
2026-09-19 00:14:17,789 INFO train epoch 90/200 batch 65/66 (98%) running_loss=0.4600
2026-09-19 00:14:18,011 INFO train epoch 90/200 batch 66/66 (100%) running_loss=0.4600
2026-09-19 00:14:20,531 INFO epoch 90/200 done: train_loss=0.4600 val_loss=0.2110 val_accuracy=0.9488 val_macro_f1=0.9290 val_macro_auc=0.9912 (checkpoint_metric=macro_auc)
2026-09-19 00:14:24,727 INFO train epoch 91/200 batch 13/66 (20%) running_loss=0.4297
2026-09-19 00:14:28,273 INFO train epoch 91/200 batch 26/66 (39%) running_loss=0.4367
2026-09-19 00:14:31,804 INFO train epoch 91/200 batch 39/66 (59%) running_loss=0.4429
2026-09-19 00:14:35,332 INFO train epoch 91/200 batch 52/66 (79%) running_loss=0.4348
2026-09-19 00:14:38,857 INFO train epoch 91/200 batch 65/66 (98%) running_loss=0.4352
2026-09-19 00:14:39,077 INFO train epoch 91/200 batch 66/66 (100%) running_loss=0.4352
2026-09-19 00:14:41,605 INFO epoch 91/200 done: train_loss=0.4352 val_loss=0.3748 val_accuracy=0.8525 val_macro_f1=0.8306 val_macro_auc=0.9819 (checkpoint_metric=macro_auc)
2026-09-19 00:14:45,630 INFO train epoch 92/200 batch 13/66 (20%) running_loss=0.4107
2026-09-19 00:14:49,176 INFO train epoch 92/200 batch 26/66 (39%) running_loss=0.4225
2026-09-19 00:14:52,707 INFO train epoch 92/200 batch 39/66 (59%) running_loss=0.4191
2026-09-19 00:14:56,239 INFO train epoch 92/200 batch 52/66 (79%) running_loss=0.4181
2026-09-19 00:14:59,775 INFO train epoch 92/200 batch 65/66 (98%) running_loss=0.4176
2026-09-19 00:14:59,996 INFO train epoch 92/200 batch 66/66 (100%) running_loss=0.4182
2026-09-19 00:15:02,493 INFO epoch 92/200 done: train_loss=0.4182 val_loss=0.3227 val_accuracy=0.9016 val_macro_f1=0.8760 val_macro_auc=0.9843 (checkpoint_metric=macro_auc)
2026-09-19 00:15:06,481 INFO train epoch 93/200 batch 13/66 (20%) running_loss=0.4338
2026-09-19 00:15:10,010 INFO train epoch 93/200 batch 26/66 (39%) running_loss=0.4431
2026-09-19 00:15:13,552 INFO train epoch 93/200 batch 39/66 (59%) running_loss=0.4368
2026-09-19 00:15:17,092 INFO train epoch 93/200 batch 52/66 (79%) running_loss=0.4414
2026-09-19 00:15:20,785 INFO train epoch 93/200 batch 65/66 (98%) running_loss=0.4434
2026-09-19 00:15:21,006 INFO train epoch 93/200 batch 66/66 (100%) running_loss=0.4454
2026-09-19 00:15:23,513 INFO epoch 93/200 done: train_loss=0.4454 val_loss=0.2423 val_accuracy=0.9365 val_macro_f1=0.9093 val_macro_auc=0.9855 (checkpoint_metric=macro_auc)
2026-09-19 00:15:27,529 INFO train epoch 94/200 batch 13/66 (20%) running_loss=0.4321
2026-09-19 00:15:31,067 INFO train epoch 94/200 batch 26/66 (39%) running_loss=0.4252
2026-09-19 00:15:34,596 INFO train epoch 94/200 batch 39/66 (59%) running_loss=0.4372
2026-09-19 00:15:38,122 INFO train epoch 94/200 batch 52/66 (79%) running_loss=0.4498
2026-09-19 00:15:41,661 INFO train epoch 94/200 batch 65/66 (98%) running_loss=0.4457
2026-09-19 00:15:41,883 INFO train epoch 94/200 batch 66/66 (100%) running_loss=0.4468
2026-09-19 00:15:44,410 INFO epoch 94/200 done: train_loss=0.4468 val_loss=0.2345 val_accuracy=0.9242 val_macro_f1=0.8975 val_macro_auc=0.9846 (checkpoint_metric=macro_auc)
2026-09-19 00:15:48,420 INFO train epoch 95/200 batch 13/66 (20%) running_loss=0.4429
2026-09-19 00:15:51,957 INFO train epoch 95/200 batch 26/66 (39%) running_loss=0.4312
2026-09-19 00:15:55,502 INFO train epoch 95/200 batch 39/66 (59%) running_loss=0.4273
2026-09-19 00:15:59,047 INFO train epoch 95/200 batch 52/66 (79%) running_loss=0.4293
2026-09-19 00:16:02,576 INFO train epoch 95/200 batch 65/66 (98%) running_loss=0.4323
2026-09-19 00:16:02,797 INFO train epoch 95/200 batch 66/66 (100%) running_loss=0.4326
2026-09-19 00:16:05,311 INFO epoch 95/200 done: train_loss=0.4326 val_loss=0.2903 val_accuracy=0.9242 val_macro_f1=0.9028 val_macro_auc=0.9827 (checkpoint_metric=macro_auc)
2026-09-19 00:16:09,313 INFO train epoch 96/200 batch 13/66 (20%) running_loss=0.4544
2026-09-19 00:16:12,868 INFO train epoch 96/200 batch 26/66 (39%) running_loss=0.4397
2026-09-19 00:16:16,405 INFO train epoch 96/200 batch 39/66 (59%) running_loss=0.4375
2026-09-19 00:16:19,945 INFO train epoch 96/200 batch 52/66 (79%) running_loss=0.4396
2026-09-19 00:16:23,477 INFO train epoch 96/200 batch 65/66 (98%) running_loss=0.4471
2026-09-19 00:16:23,698 INFO train epoch 96/200 batch 66/66 (100%) running_loss=0.4464
2026-09-19 00:16:26,234 INFO epoch 96/200 done: train_loss=0.4464 val_loss=0.2159 val_accuracy=0.9508 val_macro_f1=0.9318 val_macro_auc=0.9929 (checkpoint_metric=macro_auc)
2026-09-19 00:16:30,387 INFO train epoch 97/200 batch 13/66 (20%) running_loss=0.4362
2026-09-19 00:16:33,956 INFO train epoch 97/200 batch 26/66 (39%) running_loss=0.4387
2026-09-19 00:16:37,498 INFO train epoch 97/200 batch 39/66 (59%) running_loss=0.4278
2026-09-19 00:16:41,042 INFO train epoch 97/200 batch 52/66 (79%) running_loss=0.4285
2026-09-19 00:16:44,582 INFO train epoch 97/200 batch 65/66 (98%) running_loss=0.4240
2026-09-19 00:16:44,803 INFO train epoch 97/200 batch 66/66 (100%) running_loss=0.4254
2026-09-19 00:16:47,326 INFO epoch 97/200 done: train_loss=0.4254 val_loss=0.3403 val_accuracy=0.8832 val_macro_f1=0.8574 val_macro_auc=0.9817 (checkpoint_metric=macro_auc)
2026-09-19 00:16:51,296 INFO train epoch 98/200 batch 13/66 (20%) running_loss=0.4158
2026-09-19 00:16:54,841 INFO train epoch 98/200 batch 26/66 (39%) running_loss=0.4159
2026-09-19 00:16:58,402 INFO train epoch 98/200 batch 39/66 (59%) running_loss=0.4169
2026-09-19 00:17:01,938 INFO train epoch 98/200 batch 52/66 (79%) running_loss=0.4220
2026-09-19 00:17:05,460 INFO train epoch 98/200 batch 65/66 (98%) running_loss=0.4246
2026-09-19 00:17:05,682 INFO train epoch 98/200 batch 66/66 (100%) running_loss=0.4247
2026-09-19 00:17:08,193 INFO epoch 98/200 done: train_loss=0.4247 val_loss=0.2290 val_accuracy=0.9385 val_macro_f1=0.9088 val_macro_auc=0.9907 (checkpoint_metric=macro_auc)
2026-09-19 00:17:12,208 INFO train epoch 99/200 batch 13/66 (20%) running_loss=0.4573
2026-09-19 00:17:15,735 INFO train epoch 99/200 batch 26/66 (39%) running_loss=0.4493
2026-09-19 00:17:19,262 INFO train epoch 99/200 batch 39/66 (59%) running_loss=0.4387
2026-09-19 00:17:22,811 INFO train epoch 99/200 batch 52/66 (79%) running_loss=0.4364
2026-09-19 00:17:26,508 INFO train epoch 99/200 batch 65/66 (98%) running_loss=0.4346
2026-09-19 00:17:26,732 INFO train epoch 99/200 batch 66/66 (100%) running_loss=0.4347
2026-09-19 00:17:29,255 INFO epoch 99/200 done: train_loss=0.4347 val_loss=0.2049 val_accuracy=0.9508 val_macro_f1=0.9315 val_macro_auc=0.9898 (checkpoint_metric=macro_auc)
2026-09-19 00:17:33,269 INFO train epoch 100/200 batch 13/66 (20%) running_loss=0.4256
2026-09-19 00:17:36,834 INFO train epoch 100/200 batch 26/66 (39%) running_loss=0.4242
2026-09-19 00:17:40,423 INFO train epoch 100/200 batch 39/66 (59%) running_loss=0.4251
2026-09-19 00:17:44,005 INFO train epoch 100/200 batch 52/66 (79%) running_loss=0.4286
2026-09-19 00:17:47,532 INFO train epoch 100/200 batch 65/66 (98%) running_loss=0.4290
2026-09-19 00:17:47,755 INFO train epoch 100/200 batch 66/66 (100%) running_loss=0.4295
2026-09-19 00:17:50,259 INFO epoch 100/200 done: train_loss=0.4295 val_loss=0.2192 val_accuracy=0.9385 val_macro_f1=0.9163 val_macro_auc=0.9908 (checkpoint_metric=macro_auc)
2026-09-19 00:17:54,282 INFO train epoch 101/200 batch 13/66 (20%) running_loss=0.4262
2026-09-19 00:17:57,827 INFO train epoch 101/200 batch 26/66 (39%) running_loss=0.4230
2026-09-19 00:18:01,381 INFO train epoch 101/200 batch 39/66 (59%) running_loss=0.4270
2026-09-19 00:18:04,936 INFO train epoch 101/200 batch 52/66 (79%) running_loss=0.4332
2026-09-19 00:18:08,483 INFO train epoch 101/200 batch 65/66 (98%) running_loss=0.4299
2026-09-19 00:18:08,704 INFO train epoch 101/200 batch 66/66 (100%) running_loss=0.4295
2026-09-19 00:18:11,218 INFO epoch 101/200 done: train_loss=0.4295 val_loss=0.2968 val_accuracy=0.9037 val_macro_f1=0.8783 val_macro_auc=0.9828 (checkpoint_metric=macro_auc)
2026-09-19 00:18:15,237 INFO train epoch 102/200 batch 13/66 (20%) running_loss=0.4069
2026-09-19 00:18:18,764 INFO train epoch 102/200 batch 26/66 (39%) running_loss=0.4165
2026-09-19 00:18:22,295 INFO train epoch 102/200 batch 39/66 (59%) running_loss=0.4208
2026-09-19 00:18:25,907 INFO train epoch 102/200 batch 52/66 (79%) running_loss=0.4192
2026-09-19 00:18:29,447 INFO train epoch 102/200 batch 65/66 (98%) running_loss=0.4223
2026-09-19 00:18:29,668 INFO train epoch 102/200 batch 66/66 (100%) running_loss=0.4226
2026-09-19 00:18:32,291 INFO epoch 102/200 done: train_loss=0.4226 val_loss=0.2259 val_accuracy=0.9406 val_macro_f1=0.9190 val_macro_auc=0.9892 (checkpoint_metric=macro_auc)
2026-09-19 00:18:36,270 INFO train epoch 103/200 batch 13/66 (20%) running_loss=0.4676
2026-09-19 00:18:39,816 INFO train epoch 103/200 batch 26/66 (39%) running_loss=0.4326
2026-09-19 00:18:43,382 INFO train epoch 103/200 batch 39/66 (59%) running_loss=0.4277
2026-09-19 00:18:46,925 INFO train epoch 103/200 batch 52/66 (79%) running_loss=0.4229
2026-09-19 00:18:50,487 INFO train epoch 103/200 batch 65/66 (98%) running_loss=0.4242
2026-09-19 00:18:50,708 INFO train epoch 103/200 batch 66/66 (100%) running_loss=0.4241
2026-09-19 00:18:53,242 INFO epoch 103/200 done: train_loss=0.4241 val_loss=0.2258 val_accuracy=0.9488 val_macro_f1=0.9297 val_macro_auc=0.9900 (checkpoint_metric=macro_auc)
2026-09-19 00:18:57,307 INFO train epoch 104/200 batch 13/66 (20%) running_loss=0.4268
2026-09-19 00:19:00,869 INFO train epoch 104/200 batch 26/66 (39%) running_loss=0.4290
2026-09-19 00:19:04,423 INFO train epoch 104/200 batch 39/66 (59%) running_loss=0.4330
2026-09-19 00:19:07,960 INFO train epoch 104/200 batch 52/66 (79%) running_loss=0.4430
2026-09-19 00:19:11,492 INFO train epoch 104/200 batch 65/66 (98%) running_loss=0.4399
2026-09-19 00:19:11,713 INFO train epoch 104/200 batch 66/66 (100%) running_loss=0.4390
2026-09-19 00:19:14,236 INFO epoch 104/200 done: train_loss=0.4390 val_loss=0.2408 val_accuracy=0.9365 val_macro_f1=0.9138 val_macro_auc=0.9921 (checkpoint_metric=macro_auc)
2026-09-19 00:19:18,277 INFO train epoch 105/200 batch 13/66 (20%) running_loss=0.4079
2026-09-19 00:19:21,832 INFO train epoch 105/200 batch 26/66 (39%) running_loss=0.4109
2026-09-19 00:19:25,379 INFO train epoch 105/200 batch 39/66 (59%) running_loss=0.4175
2026-09-19 00:19:28,909 INFO train epoch 105/200 batch 52/66 (79%) running_loss=0.4186
2026-09-19 00:19:32,596 INFO train epoch 105/200 batch 65/66 (98%) running_loss=0.4221
2026-09-19 00:19:32,821 INFO train epoch 105/200 batch 66/66 (100%) running_loss=0.4214
2026-09-19 00:19:35,345 INFO epoch 105/200 done: train_loss=0.4214 val_loss=0.2670 val_accuracy=0.9324 val_macro_f1=0.9100 val_macro_auc=0.9877 (checkpoint_metric=macro_auc)
2026-09-19 00:19:39,380 INFO train epoch 106/200 batch 13/66 (20%) running_loss=0.4626
2026-09-19 00:19:42,944 INFO train epoch 106/200 batch 26/66 (39%) running_loss=0.4380
2026-09-19 00:19:46,501 INFO train epoch 106/200 batch 39/66 (59%) running_loss=0.4351
2026-09-19 00:19:50,051 INFO train epoch 106/200 batch 52/66 (79%) running_loss=0.4358
2026-09-19 00:19:53,604 INFO train epoch 106/200 batch 65/66 (98%) running_loss=0.4328
2026-09-19 00:19:53,826 INFO train epoch 106/200 batch 66/66 (100%) running_loss=0.4338
2026-09-19 00:19:56,342 INFO epoch 106/200 done: train_loss=0.4338 val_loss=0.2426 val_accuracy=0.9365 val_macro_f1=0.9152 val_macro_auc=0.9891 (checkpoint_metric=macro_auc)
2026-09-19 00:20:00,359 INFO train epoch 107/200 batch 13/66 (20%) running_loss=0.4177
2026-09-19 00:20:03,904 INFO train epoch 107/200 batch 26/66 (39%) running_loss=0.4323
2026-09-19 00:20:07,454 INFO train epoch 107/200 batch 39/66 (59%) running_loss=0.4247
2026-09-19 00:20:11,001 INFO train epoch 107/200 batch 52/66 (79%) running_loss=0.4197
2026-09-19 00:20:14,555 INFO train epoch 107/200 batch 65/66 (98%) running_loss=0.4146
2026-09-19 00:20:14,781 INFO train epoch 107/200 batch 66/66 (100%) running_loss=0.4145
2026-09-19 00:20:17,347 INFO epoch 107/200 done: train_loss=0.4145 val_loss=0.2360 val_accuracy=0.9385 val_macro_f1=0.9184 val_macro_auc=0.9893 (checkpoint_metric=macro_auc)
2026-09-19 00:20:21,429 INFO train epoch 108/200 batch 13/66 (20%) running_loss=0.3978
2026-09-19 00:20:25,005 INFO train epoch 108/200 batch 26/66 (39%) running_loss=0.3943
2026-09-19 00:20:28,648 INFO train epoch 108/200 batch 39/66 (59%) running_loss=0.4124
2026-09-19 00:20:32,202 INFO train epoch 108/200 batch 52/66 (79%) running_loss=0.4091
2026-09-19 00:20:35,741 INFO train epoch 108/200 batch 65/66 (98%) running_loss=0.4109
2026-09-19 00:20:35,962 INFO train epoch 108/200 batch 66/66 (100%) running_loss=0.4100
2026-09-19 00:20:38,498 INFO epoch 108/200 done: train_loss=0.4100 val_loss=0.4719 val_accuracy=0.8238 val_macro_f1=0.8029 val_macro_auc=0.9753 (checkpoint_metric=macro_auc)
2026-09-19 00:20:42,527 INFO train epoch 109/200 batch 13/66 (20%) running_loss=0.4021
2026-09-19 00:20:46,068 INFO train epoch 109/200 batch 26/66 (39%) running_loss=0.4131
2026-09-19 00:20:49,619 INFO train epoch 109/200 batch 39/66 (59%) running_loss=0.4184
2026-09-19 00:20:53,186 INFO train epoch 109/200 batch 52/66 (79%) running_loss=0.4141
2026-09-19 00:20:56,744 INFO train epoch 109/200 batch 65/66 (98%) running_loss=0.4156
2026-09-19 00:20:56,966 INFO train epoch 109/200 batch 66/66 (100%) running_loss=0.4164
2026-09-19 00:20:59,502 INFO epoch 109/200 done: train_loss=0.4164 val_loss=0.3039 val_accuracy=0.9160 val_macro_f1=0.8906 val_macro_auc=0.9863 (checkpoint_metric=macro_auc)
2026-09-19 00:21:03,565 INFO train epoch 110/200 batch 13/66 (20%) running_loss=0.4464
2026-09-19 00:21:07,120 INFO train epoch 110/200 batch 26/66 (39%) running_loss=0.4277
2026-09-19 00:21:10,674 INFO train epoch 110/200 batch 39/66 (59%) running_loss=0.4179
2026-09-19 00:21:14,228 INFO train epoch 110/200 batch 52/66 (79%) running_loss=0.4113
2026-09-19 00:21:17,781 INFO train epoch 110/200 batch 65/66 (98%) running_loss=0.4103
2026-09-19 00:21:18,002 INFO train epoch 110/200 batch 66/66 (100%) running_loss=0.4097
2026-09-19 00:21:20,551 INFO epoch 110/200 done: train_loss=0.4097 val_loss=0.2222 val_accuracy=0.9508 val_macro_f1=0.9294 val_macro_auc=0.9909 (checkpoint_metric=macro_auc)
2026-09-19 00:21:24,633 INFO train epoch 111/200 batch 13/66 (20%) running_loss=0.3967
2026-09-19 00:21:28,211 INFO train epoch 111/200 batch 26/66 (39%) running_loss=0.4000
2026-09-19 00:21:31,770 INFO train epoch 111/200 batch 39/66 (59%) running_loss=0.4040
2026-09-19 00:21:35,326 INFO train epoch 111/200 batch 52/66 (79%) running_loss=0.4063
2026-09-19 00:21:39,035 INFO train epoch 111/200 batch 65/66 (98%) running_loss=0.4011
2026-09-19 00:21:39,258 INFO train epoch 111/200 batch 66/66 (100%) running_loss=0.4009
2026-09-19 00:21:41,793 INFO epoch 111/200 done: train_loss=0.4009 val_loss=0.3122 val_accuracy=0.9057 val_macro_f1=0.8796 val_macro_auc=0.9848 (checkpoint_metric=macro_auc)
2026-09-19 00:21:45,843 INFO train epoch 112/200 batch 13/66 (20%) running_loss=0.4349
2026-09-19 00:21:49,404 INFO train epoch 112/200 batch 26/66 (39%) running_loss=0.4318
2026-09-19 00:21:52,961 INFO train epoch 112/200 batch 39/66 (59%) running_loss=0.4178
2026-09-19 00:21:56,524 INFO train epoch 112/200 batch 52/66 (79%) running_loss=0.4134
2026-09-19 00:22:00,071 INFO train epoch 112/200 batch 65/66 (98%) running_loss=0.4129
2026-09-19 00:22:00,293 INFO train epoch 112/200 batch 66/66 (100%) running_loss=0.4121
2026-09-19 00:22:02,818 INFO epoch 112/200 done: train_loss=0.4121 val_loss=0.2104 val_accuracy=0.9488 val_macro_f1=0.9261 val_macro_auc=0.9903 (checkpoint_metric=macro_auc)
2026-09-19 00:22:06,841 INFO train epoch 113/200 batch 13/66 (20%) running_loss=0.4024
2026-09-19 00:22:10,415 INFO train epoch 113/200 batch 26/66 (39%) running_loss=0.4005
2026-09-19 00:22:13,965 INFO train epoch 113/200 batch 39/66 (59%) running_loss=0.4026
2026-09-19 00:22:17,526 INFO train epoch 113/200 batch 52/66 (79%) running_loss=0.4043
2026-09-19 00:22:21,068 INFO train epoch 113/200 batch 65/66 (98%) running_loss=0.4055
2026-09-19 00:22:21,289 INFO train epoch 113/200 batch 66/66 (100%) running_loss=0.4047
2026-09-19 00:22:23,811 INFO epoch 113/200 done: train_loss=0.4047 val_loss=0.2514 val_accuracy=0.9303 val_macro_f1=0.9019 val_macro_auc=0.9802 (checkpoint_metric=macro_auc)
2026-09-19 00:22:27,869 INFO train epoch 114/200 batch 13/66 (20%) running_loss=0.3964
2026-09-19 00:22:31,478 INFO train epoch 114/200 batch 26/66 (39%) running_loss=0.4064
2026-09-19 00:22:35,145 INFO train epoch 114/200 batch 39/66 (59%) running_loss=0.4109
2026-09-19 00:22:38,709 INFO train epoch 114/200 batch 52/66 (79%) running_loss=0.4061
2026-09-19 00:22:42,260 INFO train epoch 114/200 batch 65/66 (98%) running_loss=0.4032
2026-09-19 00:22:42,482 INFO train epoch 114/200 batch 66/66 (100%) running_loss=0.4044
2026-09-19 00:22:45,012 INFO epoch 114/200 done: train_loss=0.4044 val_loss=0.2354 val_accuracy=0.9365 val_macro_f1=0.9151 val_macro_auc=0.9896 (checkpoint_metric=macro_auc)
2026-09-19 00:22:49,044 INFO train epoch 115/200 batch 13/66 (20%) running_loss=0.3798
2026-09-19 00:22:52,597 INFO train epoch 115/200 batch 26/66 (39%) running_loss=0.3910
2026-09-19 00:22:56,147 INFO train epoch 115/200 batch 39/66 (59%) running_loss=0.3971
2026-09-19 00:22:59,711 INFO train epoch 115/200 batch 52/66 (79%) running_loss=0.4026
2026-09-19 00:23:03,245 INFO train epoch 115/200 batch 65/66 (98%) running_loss=0.4028
2026-09-19 00:23:03,465 INFO train epoch 115/200 batch 66/66 (100%) running_loss=0.4035
2026-09-19 00:23:06,000 INFO epoch 115/200 done: train_loss=0.4035 val_loss=0.2503 val_accuracy=0.9242 val_macro_f1=0.9007 val_macro_auc=0.9879 (checkpoint_metric=macro_auc)
2026-09-19 00:23:10,050 INFO train epoch 116/200 batch 13/66 (20%) running_loss=0.4090
2026-09-19 00:23:13,597 INFO train epoch 116/200 batch 26/66 (39%) running_loss=0.3989
2026-09-19 00:23:17,137 INFO train epoch 116/200 batch 39/66 (59%) running_loss=0.4043
2026-09-19 00:23:20,685 INFO train epoch 116/200 batch 52/66 (79%) running_loss=0.4017
2026-09-19 00:23:24,223 INFO train epoch 116/200 batch 65/66 (98%) running_loss=0.4041
2026-09-19 00:23:24,443 INFO train epoch 116/200 batch 66/66 (100%) running_loss=0.4040
2026-09-19 00:23:26,950 INFO epoch 116/200 done: train_loss=0.4040 val_loss=0.2945 val_accuracy=0.9160 val_macro_f1=0.8927 val_macro_auc=0.9825 (checkpoint_metric=macro_auc)
2026-09-19 00:23:30,980 INFO train epoch 117/200 batch 13/66 (20%) running_loss=0.4072
2026-09-19 00:23:34,513 INFO train epoch 117/200 batch 26/66 (39%) running_loss=0.4082
2026-09-19 00:23:38,066 INFO train epoch 117/200 batch 39/66 (59%) running_loss=0.4021
2026-09-19 00:23:41,610 INFO train epoch 117/200 batch 52/66 (79%) running_loss=0.4012
2026-09-19 00:23:45,333 INFO train epoch 117/200 batch 65/66 (98%) running_loss=0.4018
2026-09-19 00:23:45,556 INFO train epoch 117/200 batch 66/66 (100%) running_loss=0.4013
2026-09-19 00:23:48,100 INFO epoch 117/200 done: train_loss=0.4013 val_loss=0.2927 val_accuracy=0.9201 val_macro_f1=0.8945 val_macro_auc=0.9854 (checkpoint_metric=macro_auc)
2026-09-19 00:23:52,144 INFO train epoch 118/200 batch 13/66 (20%) running_loss=0.3730
2026-09-19 00:23:55,706 INFO train epoch 118/200 batch 26/66 (39%) running_loss=0.3870
2026-09-19 00:23:59,261 INFO train epoch 118/200 batch 39/66 (59%) running_loss=0.3873
2026-09-19 00:24:02,804 INFO train epoch 118/200 batch 52/66 (79%) running_loss=0.3982
2026-09-19 00:24:06,356 INFO train epoch 118/200 batch 65/66 (98%) running_loss=0.4009
2026-09-19 00:24:06,577 INFO train epoch 118/200 batch 66/66 (100%) running_loss=0.4003
2026-09-19 00:24:09,113 INFO epoch 118/200 done: train_loss=0.4003 val_loss=0.2893 val_accuracy=0.9078 val_macro_f1=0.8811 val_macro_auc=0.9849 (checkpoint_metric=macro_auc)
2026-09-19 00:24:13,172 INFO train epoch 119/200 batch 13/66 (20%) running_loss=0.3903
2026-09-19 00:24:16,723 INFO train epoch 119/200 batch 26/66 (39%) running_loss=0.3963
2026-09-19 00:24:20,285 INFO train epoch 119/200 batch 39/66 (59%) running_loss=0.3944
2026-09-19 00:24:23,826 INFO train epoch 119/200 batch 52/66 (79%) running_loss=0.3953
2026-09-19 00:24:27,363 INFO train epoch 119/200 batch 65/66 (98%) running_loss=0.3989
2026-09-19 00:24:27,585 INFO train epoch 119/200 batch 66/66 (100%) running_loss=0.3999
2026-09-19 00:24:30,128 INFO epoch 119/200 done: train_loss=0.3999 val_loss=0.2593 val_accuracy=0.9324 val_macro_f1=0.9088 val_macro_auc=0.9861 (checkpoint_metric=macro_auc)
2026-09-19 00:24:34,138 INFO train epoch 120/200 batch 13/66 (20%) running_loss=0.3855
2026-09-19 00:24:37,698 INFO train epoch 120/200 batch 26/66 (39%) running_loss=0.3876
2026-09-19 00:24:41,358 INFO train epoch 120/200 batch 39/66 (59%) running_loss=0.4015
2026-09-19 00:24:44,897 INFO train epoch 120/200 batch 52/66 (79%) running_loss=0.4009
2026-09-19 00:24:48,446 INFO train epoch 120/200 batch 65/66 (98%) running_loss=0.3987
2026-09-19 00:24:48,669 INFO train epoch 120/200 batch 66/66 (100%) running_loss=0.3978
2026-09-19 00:24:51,197 INFO epoch 120/200 done: train_loss=0.3978 val_loss=0.3085 val_accuracy=0.8873 val_macro_f1=0.8700 val_macro_auc=0.9870 (checkpoint_metric=macro_auc)
2026-09-19 00:24:55,277 INFO train epoch 121/200 batch 13/66 (20%) running_loss=0.3928
2026-09-19 00:24:58,852 INFO train epoch 121/200 batch 26/66 (39%) running_loss=0.3759
2026-09-19 00:25:02,428 INFO train epoch 121/200 batch 39/66 (59%) running_loss=0.3830
2026-09-19 00:25:06,007 INFO train epoch 121/200 batch 52/66 (79%) running_loss=0.3807
2026-09-19 00:25:09,579 INFO train epoch 121/200 batch 65/66 (98%) running_loss=0.3811
2026-09-19 00:25:09,803 INFO train epoch 121/200 batch 66/66 (100%) running_loss=0.3810
2026-09-19 00:25:12,325 INFO epoch 121/200 done: train_loss=0.3810 val_loss=0.3168 val_accuracy=0.8996 val_macro_f1=0.8729 val_macro_auc=0.9827 (checkpoint_metric=macro_auc)
2026-09-19 00:25:16,414 INFO train epoch 122/200 batch 13/66 (20%) running_loss=0.3906
2026-09-19 00:25:19,986 INFO train epoch 122/200 batch 26/66 (39%) running_loss=0.4124
2026-09-19 00:25:23,554 INFO train epoch 122/200 batch 39/66 (59%) running_loss=0.4088
2026-09-19 00:25:27,136 INFO train epoch 122/200 batch 52/66 (79%) running_loss=0.4045
2026-09-19 00:25:30,725 INFO train epoch 122/200 batch 65/66 (98%) running_loss=0.3983
2026-09-19 00:25:30,951 INFO train epoch 122/200 batch 66/66 (100%) running_loss=0.3996
2026-09-19 00:25:33,484 INFO epoch 122/200 done: train_loss=0.3996 val_loss=0.2411 val_accuracy=0.9283 val_macro_f1=0.9035 val_macro_auc=0.9888 (checkpoint_metric=macro_auc)
2026-09-19 00:25:37,584 INFO train epoch 123/200 batch 13/66 (20%) running_loss=0.3739
2026-09-19 00:25:41,174 INFO train epoch 123/200 batch 26/66 (39%) running_loss=0.3796
2026-09-19 00:25:44,761 INFO train epoch 123/200 batch 39/66 (59%) running_loss=0.3832
2026-09-19 00:25:48,359 INFO train epoch 123/200 batch 52/66 (79%) running_loss=0.3802
2026-09-19 00:25:52,114 INFO train epoch 123/200 batch 65/66 (98%) running_loss=0.3826
2026-09-19 00:25:52,338 INFO train epoch 123/200 batch 66/66 (100%) running_loss=0.3820
2026-09-19 00:25:54,887 INFO epoch 123/200 done: train_loss=0.3820 val_loss=0.2961 val_accuracy=0.9119 val_macro_f1=0.8877 val_macro_auc=0.9857 (checkpoint_metric=macro_auc)
2026-09-19 00:25:58,912 INFO train epoch 124/200 batch 13/66 (20%) running_loss=0.3693
2026-09-19 00:26:02,476 INFO train epoch 124/200 batch 26/66 (39%) running_loss=0.3776
2026-09-19 00:26:06,020 INFO train epoch 124/200 batch 39/66 (59%) running_loss=0.3843
2026-09-19 00:26:09,596 INFO train epoch 124/200 batch 52/66 (79%) running_loss=0.3872
2026-09-19 00:26:13,169 INFO train epoch 124/200 batch 65/66 (98%) running_loss=0.3898
2026-09-19 00:26:13,394 INFO train epoch 124/200 batch 66/66 (100%) running_loss=0.3920
2026-09-19 00:26:15,937 INFO epoch 124/200 done: train_loss=0.3920 val_loss=0.2685 val_accuracy=0.9037 val_macro_f1=0.8775 val_macro_auc=0.9882 (checkpoint_metric=macro_auc)
2026-09-19 00:26:20,025 INFO train epoch 125/200 batch 13/66 (20%) running_loss=0.3959
2026-09-19 00:26:23,579 INFO train epoch 125/200 batch 26/66 (39%) running_loss=0.3898
2026-09-19 00:26:27,155 INFO train epoch 125/200 batch 39/66 (59%) running_loss=0.3913
2026-09-19 00:26:30,745 INFO train epoch 125/200 batch 52/66 (79%) running_loss=0.3927
2026-09-19 00:26:34,317 INFO train epoch 125/200 batch 65/66 (98%) running_loss=0.3926
2026-09-19 00:26:34,543 INFO train epoch 125/200 batch 66/66 (100%) running_loss=0.3926
2026-09-19 00:26:37,088 INFO epoch 125/200 done: train_loss=0.3926 val_loss=0.2321 val_accuracy=0.9385 val_macro_f1=0.9168 val_macro_auc=0.9909 (checkpoint_metric=macro_auc)
2026-09-19 00:26:41,146 INFO train epoch 126/200 batch 13/66 (20%) running_loss=0.3859
2026-09-19 00:26:44,728 INFO train epoch 126/200 batch 26/66 (39%) running_loss=0.3830
2026-09-19 00:26:48,412 INFO train epoch 126/200 batch 39/66 (59%) running_loss=0.3824
2026-09-19 00:26:51,982 INFO train epoch 126/200 batch 52/66 (79%) running_loss=0.3850
2026-09-19 00:26:55,550 INFO train epoch 126/200 batch 65/66 (98%) running_loss=0.3854
2026-09-19 00:26:55,775 INFO train epoch 126/200 batch 66/66 (100%) running_loss=0.3850
2026-09-19 00:26:58,313 INFO epoch 126/200 done: train_loss=0.3850 val_loss=0.2230 val_accuracy=0.9447 val_macro_f1=0.9236 val_macro_auc=0.9889 (checkpoint_metric=macro_auc)
2026-09-19 00:27:02,424 INFO train epoch 127/200 batch 13/66 (20%) running_loss=0.3788
2026-09-19 00:27:06,018 INFO train epoch 127/200 batch 26/66 (39%) running_loss=0.3937
2026-09-19 00:27:09,593 INFO train epoch 127/200 batch 39/66 (59%) running_loss=0.3892
2026-09-19 00:27:13,153 INFO train epoch 127/200 batch 52/66 (79%) running_loss=0.3894
2026-09-19 00:27:16,695 INFO train epoch 127/200 batch 65/66 (98%) running_loss=0.3894
2026-09-19 00:27:16,916 INFO train epoch 127/200 batch 66/66 (100%) running_loss=0.3890
2026-09-19 00:27:19,439 INFO epoch 127/200 done: train_loss=0.3890 val_loss=0.2310 val_accuracy=0.9385 val_macro_f1=0.9170 val_macro_auc=0.9910 (checkpoint_metric=macro_auc)
2026-09-19 00:27:23,470 INFO train epoch 128/200 batch 13/66 (20%) running_loss=0.3774
2026-09-19 00:27:27,034 INFO train epoch 128/200 batch 26/66 (39%) running_loss=0.3906
2026-09-19 00:27:30,587 INFO train epoch 128/200 batch 39/66 (59%) running_loss=0.3844
2026-09-19 00:27:34,141 INFO train epoch 128/200 batch 52/66 (79%) running_loss=0.3839
2026-09-19 00:27:37,698 INFO train epoch 128/200 batch 65/66 (98%) running_loss=0.3833
2026-09-19 00:27:37,922 INFO train epoch 128/200 batch 66/66 (100%) running_loss=0.3833
2026-09-19 00:27:40,444 INFO epoch 128/200 done: train_loss=0.3833 val_loss=0.2249 val_accuracy=0.9324 val_macro_f1=0.9070 val_macro_auc=0.9905 (checkpoint_metric=macro_auc)
2026-09-19 00:27:44,478 INFO train epoch 129/200 batch 13/66 (20%) running_loss=0.3700
2026-09-19 00:27:48,021 INFO train epoch 129/200 batch 26/66 (39%) running_loss=0.3781
2026-09-19 00:27:51,601 INFO train epoch 129/200 batch 39/66 (59%) running_loss=0.3803
2026-09-19 00:27:55,159 INFO train epoch 129/200 batch 52/66 (79%) running_loss=0.3824
2026-09-19 00:27:58,891 INFO train epoch 129/200 batch 65/66 (98%) running_loss=0.3811
2026-09-19 00:27:59,112 INFO train epoch 129/200 batch 66/66 (100%) running_loss=0.3816
2026-09-19 00:28:01,660 INFO epoch 129/200 done: train_loss=0.3816 val_loss=0.2832 val_accuracy=0.9119 val_macro_f1=0.8877 val_macro_auc=0.9852 (checkpoint_metric=macro_auc)
2026-09-19 00:28:05,712 INFO train epoch 130/200 batch 13/66 (20%) running_loss=0.3862
2026-09-19 00:28:09,305 INFO train epoch 130/200 batch 26/66 (39%) running_loss=0.3829
2026-09-19 00:28:12,884 INFO train epoch 130/200 batch 39/66 (59%) running_loss=0.3833
2026-09-19 00:28:16,453 INFO train epoch 130/200 batch 52/66 (79%) running_loss=0.3838
2026-09-19 00:28:20,021 INFO train epoch 130/200 batch 65/66 (98%) running_loss=0.3823
2026-09-19 00:28:20,244 INFO train epoch 130/200 batch 66/66 (100%) running_loss=0.3837
2026-09-19 00:28:22,783 INFO epoch 130/200 done: train_loss=0.3837 val_loss=0.2005 val_accuracy=0.9488 val_macro_f1=0.9269 val_macro_auc=0.9902 (checkpoint_metric=macro_auc)
2026-09-19 00:28:26,833 INFO train epoch 131/200 batch 13/66 (20%) running_loss=0.3731
2026-09-19 00:28:30,390 INFO train epoch 131/200 batch 26/66 (39%) running_loss=0.3867
2026-09-19 00:28:33,951 INFO train epoch 131/200 batch 39/66 (59%) running_loss=0.3880
2026-09-19 00:28:37,539 INFO train epoch 131/200 batch 52/66 (79%) running_loss=0.3883
2026-09-19 00:28:41,103 INFO train epoch 131/200 batch 65/66 (98%) running_loss=0.3870
2026-09-19 00:28:41,325 INFO train epoch 131/200 batch 66/66 (100%) running_loss=0.3868
2026-09-19 00:28:43,869 INFO epoch 131/200 done: train_loss=0.3868 val_loss=0.2070 val_accuracy=0.9549 val_macro_f1=0.9363 val_macro_auc=0.9893 (checkpoint_metric=macro_auc)
2026-09-19 00:28:47,911 INFO train epoch 132/200 batch 13/66 (20%) running_loss=0.3876
2026-09-19 00:28:51,463 INFO train epoch 132/200 batch 26/66 (39%) running_loss=0.3814
2026-09-19 00:28:55,105 INFO train epoch 132/200 batch 39/66 (59%) running_loss=0.3763
2026-09-19 00:28:58,659 INFO train epoch 132/200 batch 52/66 (79%) running_loss=0.3768
2026-09-19 00:29:02,229 INFO train epoch 132/200 batch 65/66 (98%) running_loss=0.3785
2026-09-19 00:29:02,453 INFO train epoch 132/200 batch 66/66 (100%) running_loss=0.3785
2026-09-19 00:29:04,990 INFO epoch 132/200 done: train_loss=0.3785 val_loss=0.2240 val_accuracy=0.9508 val_macro_f1=0.9314 val_macro_auc=0.9891 (checkpoint_metric=macro_auc)
2026-09-19 00:29:09,043 INFO train epoch 133/200 batch 13/66 (20%) running_loss=0.3968
2026-09-19 00:29:12,604 INFO train epoch 133/200 batch 26/66 (39%) running_loss=0.3826
2026-09-19 00:29:16,163 INFO train epoch 133/200 batch 39/66 (59%) running_loss=0.3841
2026-09-19 00:29:19,741 INFO train epoch 133/200 batch 52/66 (79%) running_loss=0.3829
2026-09-19 00:29:23,303 INFO train epoch 133/200 batch 65/66 (98%) running_loss=0.3815
2026-09-19 00:29:23,525 INFO train epoch 133/200 batch 66/66 (100%) running_loss=0.3812
2026-09-19 00:29:26,058 INFO epoch 133/200 done: train_loss=0.3812 val_loss=0.2333 val_accuracy=0.9344 val_macro_f1=0.9112 val_macro_auc=0.9860 (checkpoint_metric=macro_auc)
2026-09-19 00:29:30,099 INFO train epoch 134/200 batch 13/66 (20%) running_loss=0.3820
2026-09-19 00:29:33,644 INFO train epoch 134/200 batch 26/66 (39%) running_loss=0.3886
2026-09-19 00:29:37,214 INFO train epoch 134/200 batch 39/66 (59%) running_loss=0.3852
2026-09-19 00:29:40,790 INFO train epoch 134/200 batch 52/66 (79%) running_loss=0.3797
2026-09-19 00:29:44,391 INFO train epoch 134/200 batch 65/66 (98%) running_loss=0.3805
2026-09-19 00:29:44,621 INFO train epoch 134/200 batch 66/66 (100%) running_loss=0.3813
2026-09-19 00:29:47,191 INFO epoch 134/200 done: train_loss=0.3813 val_loss=0.2319 val_accuracy=0.9365 val_macro_f1=0.9172 val_macro_auc=0.9904 (checkpoint_metric=macro_auc)
2026-09-19 00:29:51,264 INFO train epoch 135/200 batch 13/66 (20%) running_loss=0.3839
2026-09-19 00:29:54,828 INFO train epoch 135/200 batch 26/66 (39%) running_loss=0.3768
2026-09-19 00:29:58,414 INFO train epoch 135/200 batch 39/66 (59%) running_loss=0.3739
2026-09-19 00:30:02,178 INFO train epoch 135/200 batch 52/66 (79%) running_loss=0.3802
2026-09-19 00:30:05,744 INFO train epoch 135/200 batch 65/66 (98%) running_loss=0.3765
2026-09-19 00:30:05,971 INFO train epoch 135/200 batch 66/66 (100%) running_loss=0.3772
2026-09-19 00:30:08,515 INFO epoch 135/200 done: train_loss=0.3772 val_loss=0.2170 val_accuracy=0.9488 val_macro_f1=0.9282 val_macro_auc=0.9887 (checkpoint_metric=macro_auc)
2026-09-19 00:30:12,606 INFO train epoch 136/200 batch 13/66 (20%) running_loss=0.3500
2026-09-19 00:30:16,205 INFO train epoch 136/200 batch 26/66 (39%) running_loss=0.3596
2026-09-19 00:30:19,780 INFO train epoch 136/200 batch 39/66 (59%) running_loss=0.3617
2026-09-19 00:30:23,353 INFO train epoch 136/200 batch 52/66 (79%) running_loss=0.3664
2026-09-19 00:30:26,923 INFO train epoch 136/200 batch 65/66 (98%) running_loss=0.3677
2026-09-19 00:30:27,146 INFO train epoch 136/200 batch 66/66 (100%) running_loss=0.3676
2026-09-19 00:30:29,666 INFO epoch 136/200 done: train_loss=0.3676 val_loss=0.2125 val_accuracy=0.9508 val_macro_f1=0.9293 val_macro_auc=0.9874 (checkpoint_metric=macro_auc)
2026-09-19 00:30:33,715 INFO train epoch 137/200 batch 13/66 (20%) running_loss=0.3741
2026-09-19 00:30:37,286 INFO train epoch 137/200 batch 26/66 (39%) running_loss=0.3859
2026-09-19 00:30:40,871 INFO train epoch 137/200 batch 39/66 (59%) running_loss=0.3784
2026-09-19 00:30:44,457 INFO train epoch 137/200 batch 52/66 (79%) running_loss=0.3811
2026-09-19 00:30:48,033 INFO train epoch 137/200 batch 65/66 (98%) running_loss=0.3852
2026-09-19 00:30:48,259 INFO train epoch 137/200 batch 66/66 (100%) running_loss=0.3852
2026-09-19 00:30:50,795 INFO epoch 137/200 done: train_loss=0.3852 val_loss=0.2054 val_accuracy=0.9549 val_macro_f1=0.9366 val_macro_auc=0.9893 (checkpoint_metric=macro_auc)
2026-09-19 00:30:54,847 INFO train epoch 138/200 batch 13/66 (20%) running_loss=0.3645
2026-09-19 00:30:58,400 INFO train epoch 138/200 batch 26/66 (39%) running_loss=0.3654
2026-09-19 00:31:02,029 INFO train epoch 138/200 batch 39/66 (59%) running_loss=0.3675
2026-09-19 00:31:05,597 INFO train epoch 138/200 batch 52/66 (79%) running_loss=0.3684
2026-09-19 00:31:09,136 INFO train epoch 138/200 batch 65/66 (98%) running_loss=0.3677
2026-09-19 00:31:09,359 INFO train epoch 138/200 batch 66/66 (100%) running_loss=0.3683
2026-09-19 00:31:11,885 INFO epoch 138/200 done: train_loss=0.3683 val_loss=0.2821 val_accuracy=0.9242 val_macro_f1=0.9021 val_macro_auc=0.9836 (checkpoint_metric=macro_auc)
2026-09-19 00:31:15,924 INFO train epoch 139/200 batch 13/66 (20%) running_loss=0.3794
2026-09-19 00:31:19,469 INFO train epoch 139/200 batch 26/66 (39%) running_loss=0.3743
2026-09-19 00:31:23,011 INFO train epoch 139/200 batch 39/66 (59%) running_loss=0.3710
2026-09-19 00:31:26,547 INFO train epoch 139/200 batch 52/66 (79%) running_loss=0.3717
2026-09-19 00:31:30,078 INFO train epoch 139/200 batch 65/66 (98%) running_loss=0.3708
2026-09-19 00:31:30,303 INFO train epoch 139/200 batch 66/66 (100%) running_loss=0.3709
2026-09-19 00:31:32,837 INFO epoch 139/200 done: train_loss=0.3709 val_loss=0.2135 val_accuracy=0.9488 val_macro_f1=0.9280 val_macro_auc=0.9879 (checkpoint_metric=macro_auc)
2026-09-19 00:31:36,887 INFO train epoch 140/200 batch 13/66 (20%) running_loss=0.3562
2026-09-19 00:31:40,420 INFO train epoch 140/200 batch 26/66 (39%) running_loss=0.3547
2026-09-19 00:31:43,970 INFO train epoch 140/200 batch 39/66 (59%) running_loss=0.3616
2026-09-19 00:31:47,525 INFO train epoch 140/200 batch 52/66 (79%) running_loss=0.3610
2026-09-19 00:31:51,125 INFO train epoch 140/200 batch 65/66 (98%) running_loss=0.3662
2026-09-19 00:31:51,348 INFO train epoch 140/200 batch 66/66 (100%) running_loss=0.3658
2026-09-19 00:31:53,885 INFO epoch 140/200 done: train_loss=0.3658 val_loss=0.2191 val_accuracy=0.9426 val_macro_f1=0.9178 val_macro_auc=0.9885 (checkpoint_metric=macro_auc)
2026-09-19 00:31:57,922 INFO train epoch 141/200 batch 13/66 (20%) running_loss=0.3734
2026-09-19 00:32:01,458 INFO train epoch 141/200 batch 26/66 (39%) running_loss=0.3730
2026-09-19 00:32:05,010 INFO train epoch 141/200 batch 39/66 (59%) running_loss=0.3710
2026-09-19 00:32:08,556 INFO train epoch 141/200 batch 52/66 (79%) running_loss=0.3777
2026-09-19 00:32:12,187 INFO train epoch 141/200 batch 65/66 (98%) running_loss=0.3754
2026-09-19 00:32:12,405 INFO train epoch 141/200 batch 66/66 (100%) running_loss=0.3762
2026-09-19 00:32:14,945 INFO epoch 141/200 done: train_loss=0.3762 val_loss=0.2316 val_accuracy=0.9447 val_macro_f1=0.9243 val_macro_auc=0.9895 (checkpoint_metric=macro_auc)
2026-09-19 00:32:18,974 INFO train epoch 142/200 batch 13/66 (20%) running_loss=0.3464
2026-09-19 00:32:22,527 INFO train epoch 142/200 batch 26/66 (39%) running_loss=0.3500
2026-09-19 00:32:26,074 INFO train epoch 142/200 batch 39/66 (59%) running_loss=0.3533
2026-09-19 00:32:29,624 INFO train epoch 142/200 batch 52/66 (79%) running_loss=0.3505
2026-09-19 00:32:33,175 INFO train epoch 142/200 batch 65/66 (98%) running_loss=0.3544
2026-09-19 00:32:33,395 INFO train epoch 142/200 batch 66/66 (100%) running_loss=0.3542
2026-09-19 00:32:35,938 INFO epoch 142/200 done: train_loss=0.3542 val_loss=0.2297 val_accuracy=0.9426 val_macro_f1=0.9224 val_macro_auc=0.9903 (checkpoint_metric=macro_auc)
2026-09-19 00:32:39,971 INFO train epoch 143/200 batch 13/66 (20%) running_loss=0.3544
2026-09-19 00:32:43,513 INFO train epoch 143/200 batch 26/66 (39%) running_loss=0.3574
2026-09-19 00:32:47,058 INFO train epoch 143/200 batch 39/66 (59%) running_loss=0.3604
2026-09-19 00:32:50,604 INFO train epoch 143/200 batch 52/66 (79%) running_loss=0.3629
2026-09-19 00:32:54,166 INFO train epoch 143/200 batch 65/66 (98%) running_loss=0.3644
2026-09-19 00:32:54,389 INFO train epoch 143/200 batch 66/66 (100%) running_loss=0.3642
2026-09-19 00:32:56,912 INFO epoch 143/200 done: train_loss=0.3642 val_loss=0.2328 val_accuracy=0.9426 val_macro_f1=0.9227 val_macro_auc=0.9918 (checkpoint_metric=macro_auc)
2026-09-19 00:33:00,959 INFO train epoch 144/200 batch 13/66 (20%) running_loss=0.3586
2026-09-19 00:33:04,506 INFO train epoch 144/200 batch 26/66 (39%) running_loss=0.3653
2026-09-19 00:33:08,059 INFO train epoch 144/200 batch 39/66 (59%) running_loss=0.3705
2026-09-19 00:33:11,772 INFO train epoch 144/200 batch 52/66 (79%) running_loss=0.3663
2026-09-19 00:33:15,318 INFO train epoch 144/200 batch 65/66 (98%) running_loss=0.3672
2026-09-19 00:33:15,538 INFO train epoch 144/200 batch 66/66 (100%) running_loss=0.3670
2026-09-19 00:33:18,055 INFO epoch 144/200 done: train_loss=0.3670 val_loss=0.1907 val_accuracy=0.9570 val_macro_f1=0.9366 val_macro_auc=0.9878 (checkpoint_metric=macro_auc)
2026-09-19 00:33:22,090 INFO train epoch 145/200 batch 13/66 (20%) running_loss=0.3585
2026-09-19 00:33:25,619 INFO train epoch 145/200 batch 26/66 (39%) running_loss=0.3584
2026-09-19 00:33:29,181 INFO train epoch 145/200 batch 39/66 (59%) running_loss=0.3559
2026-09-19 00:33:32,736 INFO train epoch 145/200 batch 52/66 (79%) running_loss=0.3538
2026-09-19 00:33:36,278 INFO train epoch 145/200 batch 65/66 (98%) running_loss=0.3558
2026-09-19 00:33:36,501 INFO train epoch 145/200 batch 66/66 (100%) running_loss=0.3555
2026-09-19 00:33:39,038 INFO epoch 145/200 done: train_loss=0.3555 val_loss=0.2317 val_accuracy=0.9406 val_macro_f1=0.9193 val_macro_auc=0.9882 (checkpoint_metric=macro_auc)
2026-09-19 00:33:43,107 INFO train epoch 146/200 batch 13/66 (20%) running_loss=0.3552
2026-09-19 00:33:46,667 INFO train epoch 146/200 batch 26/66 (39%) running_loss=0.3533
2026-09-19 00:33:50,228 INFO train epoch 146/200 batch 39/66 (59%) running_loss=0.3596
2026-09-19 00:33:53,767 INFO train epoch 146/200 batch 52/66 (79%) running_loss=0.3614
2026-09-19 00:33:57,305 INFO train epoch 146/200 batch 65/66 (98%) running_loss=0.3631
2026-09-19 00:33:57,531 INFO train epoch 146/200 batch 66/66 (100%) running_loss=0.3629
2026-09-19 00:34:00,058 INFO epoch 146/200 done: train_loss=0.3629 val_loss=0.2458 val_accuracy=0.9406 val_macro_f1=0.9213 val_macro_auc=0.9890 (checkpoint_metric=macro_auc)
2026-09-19 00:34:04,135 INFO train epoch 147/200 batch 13/66 (20%) running_loss=0.3525
2026-09-19 00:34:07,701 INFO train epoch 147/200 batch 26/66 (39%) running_loss=0.3593
2026-09-19 00:34:11,249 INFO train epoch 147/200 batch 39/66 (59%) running_loss=0.3636
2026-09-19 00:34:14,796 INFO train epoch 147/200 batch 52/66 (79%) running_loss=0.3631
2026-09-19 00:34:18,346 INFO train epoch 147/200 batch 65/66 (98%) running_loss=0.3636
2026-09-19 00:34:18,567 INFO train epoch 147/200 batch 66/66 (100%) running_loss=0.3633
2026-09-19 00:34:21,088 INFO epoch 147/200 done: train_loss=0.3633 val_loss=0.2030 val_accuracy=0.9467 val_macro_f1=0.9256 val_macro_auc=0.9908 (checkpoint_metric=macro_auc)
2026-09-19 00:34:25,239 INFO train epoch 148/200 batch 13/66 (20%) running_loss=0.3377
2026-09-19 00:34:28,844 INFO train epoch 148/200 batch 26/66 (39%) running_loss=0.3536
2026-09-19 00:34:32,434 INFO train epoch 148/200 batch 39/66 (59%) running_loss=0.3543
2026-09-19 00:34:36,019 INFO train epoch 148/200 batch 52/66 (79%) running_loss=0.3566
2026-09-19 00:34:39,577 INFO train epoch 148/200 batch 65/66 (98%) running_loss=0.3530
2026-09-19 00:34:39,799 INFO train epoch 148/200 batch 66/66 (100%) running_loss=0.3527
2026-09-19 00:34:42,348 INFO epoch 148/200 done: train_loss=0.3527 val_loss=0.2650 val_accuracy=0.9242 val_macro_f1=0.9019 val_macro_auc=0.9855 (checkpoint_metric=macro_auc)
2026-09-19 00:34:46,395 INFO train epoch 149/200 batch 13/66 (20%) running_loss=0.3497
2026-09-19 00:34:49,941 INFO train epoch 149/200 batch 26/66 (39%) running_loss=0.3501
2026-09-19 00:34:53,485 INFO train epoch 149/200 batch 39/66 (59%) running_loss=0.3521
2026-09-19 00:34:57,032 INFO train epoch 149/200 batch 52/66 (79%) running_loss=0.3557
2026-09-19 00:35:00,592 INFO train epoch 149/200 batch 65/66 (98%) running_loss=0.3573
2026-09-19 00:35:00,815 INFO train epoch 149/200 batch 66/66 (100%) running_loss=0.3569
2026-09-19 00:35:03,332 INFO epoch 149/200 done: train_loss=0.3569 val_loss=0.2763 val_accuracy=0.9303 val_macro_f1=0.9086 val_macro_auc=0.9818 (checkpoint_metric=macro_auc)
2026-09-19 00:35:07,361 INFO train epoch 150/200 batch 13/66 (20%) running_loss=0.3463
2026-09-19 00:35:10,926 INFO train epoch 150/200 batch 26/66 (39%) running_loss=0.3569
2026-09-19 00:35:14,472 INFO train epoch 150/200 batch 39/66 (59%) running_loss=0.3526
2026-09-19 00:35:18,023 INFO train epoch 150/200 batch 52/66 (79%) running_loss=0.3609
2026-09-19 00:35:21,743 INFO train epoch 150/200 batch 65/66 (98%) running_loss=0.3602
2026-09-19 00:35:21,968 INFO train epoch 150/200 batch 66/66 (100%) running_loss=0.3598
2026-09-19 00:35:24,513 INFO epoch 150/200 done: train_loss=0.3598 val_loss=0.2237 val_accuracy=0.9467 val_macro_f1=0.9284 val_macro_auc=0.9891 (checkpoint_metric=macro_auc)
2026-09-19 00:35:28,601 INFO train epoch 151/200 batch 13/66 (20%) running_loss=0.3462
2026-09-19 00:35:32,155 INFO train epoch 151/200 batch 26/66 (39%) running_loss=0.3539
2026-09-19 00:35:35,699 INFO train epoch 151/200 batch 39/66 (59%) running_loss=0.3535
2026-09-19 00:35:39,245 INFO train epoch 151/200 batch 52/66 (79%) running_loss=0.3545
2026-09-19 00:35:42,788 INFO train epoch 151/200 batch 65/66 (98%) running_loss=0.3527
2026-09-19 00:35:43,011 INFO train epoch 151/200 batch 66/66 (100%) running_loss=0.3537
2026-09-19 00:35:45,534 INFO epoch 151/200 done: train_loss=0.3537 val_loss=0.2052 val_accuracy=0.9549 val_macro_f1=0.9389 val_macro_auc=0.9888 (checkpoint_metric=macro_auc)
2026-09-19 00:35:49,497 INFO train epoch 152/200 batch 13/66 (20%) running_loss=0.3503
2026-09-19 00:35:53,065 INFO train epoch 152/200 batch 26/66 (39%) running_loss=0.3603
2026-09-19 00:35:56,647 INFO train epoch 152/200 batch 39/66 (59%) running_loss=0.3575
2026-09-19 00:36:00,223 INFO train epoch 152/200 batch 52/66 (79%) running_loss=0.3542
2026-09-19 00:36:03,782 INFO train epoch 152/200 batch 65/66 (98%) running_loss=0.3530
2026-09-19 00:36:04,005 INFO train epoch 152/200 batch 66/66 (100%) running_loss=0.3525
2026-09-19 00:36:06,542 INFO epoch 152/200 done: train_loss=0.3525 val_loss=0.2203 val_accuracy=0.9467 val_macro_f1=0.9280 val_macro_auc=0.9866 (checkpoint_metric=macro_auc)
2026-09-19 00:36:10,569 INFO train epoch 153/200 batch 13/66 (20%) running_loss=0.3519
2026-09-19 00:36:14,116 INFO train epoch 153/200 batch 26/66 (39%) running_loss=0.3484
2026-09-19 00:36:17,681 INFO train epoch 153/200 batch 39/66 (59%) running_loss=0.3522
2026-09-19 00:36:21,246 INFO train epoch 153/200 batch 52/66 (79%) running_loss=0.3530
2026-09-19 00:36:24,804 INFO train epoch 153/200 batch 65/66 (98%) running_loss=0.3515
2026-09-19 00:36:25,028 INFO train epoch 153/200 batch 66/66 (100%) running_loss=0.3510
2026-09-19 00:36:27,548 INFO epoch 153/200 done: train_loss=0.3510 val_loss=0.2338 val_accuracy=0.9385 val_macro_f1=0.9183 val_macro_auc=0.9885 (checkpoint_metric=macro_auc)
2026-09-19 00:36:31,749 INFO train epoch 154/200 batch 13/66 (20%) running_loss=0.3704
2026-09-19 00:36:35,303 INFO train epoch 154/200 batch 26/66 (39%) running_loss=0.3667
2026-09-19 00:36:38,853 INFO train epoch 154/200 batch 39/66 (59%) running_loss=0.3594
2026-09-19 00:36:42,382 INFO train epoch 154/200 batch 52/66 (79%) running_loss=0.3612
2026-09-19 00:36:45,923 INFO train epoch 154/200 batch 65/66 (98%) running_loss=0.3662
2026-09-19 00:36:46,144 INFO train epoch 154/200 batch 66/66 (100%) running_loss=0.3658
2026-09-19 00:36:48,655 INFO epoch 154/200 done: train_loss=0.3658 val_loss=0.2101 val_accuracy=0.9508 val_macro_f1=0.9335 val_macro_auc=0.9903 (checkpoint_metric=macro_auc)
2026-09-19 00:36:52,697 INFO train epoch 155/200 batch 13/66 (20%) running_loss=0.3451
2026-09-19 00:36:56,225 INFO train epoch 155/200 batch 26/66 (39%) running_loss=0.3490
2026-09-19 00:36:59,773 INFO train epoch 155/200 batch 39/66 (59%) running_loss=0.3507
2026-09-19 00:37:03,307 INFO train epoch 155/200 batch 52/66 (79%) running_loss=0.3514
2026-09-19 00:37:06,836 INFO train epoch 155/200 batch 65/66 (98%) running_loss=0.3501
2026-09-19 00:37:07,056 INFO train epoch 155/200 batch 66/66 (100%) running_loss=0.3501
2026-09-19 00:37:09,584 INFO epoch 155/200 done: train_loss=0.3501 val_loss=0.2476 val_accuracy=0.9365 val_macro_f1=0.9162 val_macro_auc=0.9869 (checkpoint_metric=macro_auc)
2026-09-19 00:37:13,636 INFO train epoch 156/200 batch 13/66 (20%) running_loss=0.3336
2026-09-19 00:37:17,184 INFO train epoch 156/200 batch 26/66 (39%) running_loss=0.3476
2026-09-19 00:37:20,721 INFO train epoch 156/200 batch 39/66 (59%) running_loss=0.3469
2026-09-19 00:37:24,259 INFO train epoch 156/200 batch 52/66 (79%) running_loss=0.3456
2026-09-19 00:37:27,951 INFO train epoch 156/200 batch 65/66 (98%) running_loss=0.3473
2026-09-19 00:37:28,174 INFO train epoch 156/200 batch 66/66 (100%) running_loss=0.3474
2026-09-19 00:37:30,683 INFO epoch 156/200 done: train_loss=0.3474 val_loss=0.2059 val_accuracy=0.9529 val_macro_f1=0.9354 val_macro_auc=0.9895 (checkpoint_metric=macro_auc)
2026-09-19 00:37:34,673 INFO train epoch 157/200 batch 13/66 (20%) running_loss=0.3497
2026-09-19 00:37:38,224 INFO train epoch 157/200 batch 26/66 (39%) running_loss=0.3474
2026-09-19 00:37:41,789 INFO train epoch 157/200 batch 39/66 (59%) running_loss=0.3481
2026-09-19 00:37:45,353 INFO train epoch 157/200 batch 52/66 (79%) running_loss=0.3443
2026-09-19 00:37:48,887 INFO train epoch 157/200 batch 65/66 (98%) running_loss=0.3444
2026-09-19 00:37:49,108 INFO train epoch 157/200 batch 66/66 (100%) running_loss=0.3447
2026-09-19 00:37:51,633 INFO epoch 157/200 done: train_loss=0.3447 val_loss=0.2013 val_accuracy=0.9611 val_macro_f1=0.9456 val_macro_auc=0.9915 (checkpoint_metric=macro_auc)
2026-09-19 00:37:55,626 INFO train epoch 158/200 batch 13/66 (20%) running_loss=0.3487
2026-09-19 00:37:59,145 INFO train epoch 158/200 batch 26/66 (39%) running_loss=0.3501
2026-09-19 00:38:02,670 INFO train epoch 158/200 batch 39/66 (59%) running_loss=0.3516
2026-09-19 00:38:06,212 INFO train epoch 158/200 batch 52/66 (79%) running_loss=0.3552
2026-09-19 00:38:09,751 INFO train epoch 158/200 batch 65/66 (98%) running_loss=0.3534
2026-09-19 00:38:09,971 INFO train epoch 158/200 batch 66/66 (100%) running_loss=0.3536
2026-09-19 00:38:12,483 INFO epoch 158/200 done: train_loss=0.3536 val_loss=0.2244 val_accuracy=0.9467 val_macro_f1=0.9272 val_macro_auc=0.9888 (checkpoint_metric=macro_auc)
2026-09-19 00:38:16,439 INFO train epoch 159/200 batch 13/66 (20%) running_loss=0.3517
2026-09-19 00:38:19,986 INFO train epoch 159/200 batch 26/66 (39%) running_loss=0.3603
2026-09-19 00:38:23,524 INFO train epoch 159/200 batch 39/66 (59%) running_loss=0.3607
2026-09-19 00:38:27,059 INFO train epoch 159/200 batch 52/66 (79%) running_loss=0.3580
2026-09-19 00:38:30,610 INFO train epoch 159/200 batch 65/66 (98%) running_loss=0.3567
2026-09-19 00:38:30,834 INFO train epoch 159/200 batch 66/66 (100%) running_loss=0.3562
2026-09-19 00:38:33,372 INFO epoch 159/200 done: train_loss=0.3562 val_loss=0.2728 val_accuracy=0.9098 val_macro_f1=0.8867 val_macro_auc=0.9860 (checkpoint_metric=macro_auc)
2026-09-19 00:38:37,346 INFO train epoch 160/200 batch 13/66 (20%) running_loss=0.3557
2026-09-19 00:38:41,068 INFO train epoch 160/200 batch 26/66 (39%) running_loss=0.3480
2026-09-19 00:38:44,605 INFO train epoch 160/200 batch 39/66 (59%) running_loss=0.3477
2026-09-19 00:38:48,146 INFO train epoch 160/200 batch 52/66 (79%) running_loss=0.3517
2026-09-19 00:38:51,676 INFO train epoch 160/200 batch 65/66 (98%) running_loss=0.3508
2026-09-19 00:38:51,896 INFO train epoch 160/200 batch 66/66 (100%) running_loss=0.3504
2026-09-19 00:38:54,404 INFO epoch 160/200 done: train_loss=0.3504 val_loss=0.2453 val_accuracy=0.9324 val_macro_f1=0.9117 val_macro_auc=0.9861 (checkpoint_metric=macro_auc)
2026-09-19 00:38:58,418 INFO train epoch 161/200 batch 13/66 (20%) running_loss=0.3509
2026-09-19 00:39:01,978 INFO train epoch 161/200 batch 26/66 (39%) running_loss=0.3472
2026-09-19 00:39:05,505 INFO train epoch 161/200 batch 39/66 (59%) running_loss=0.3447
2026-09-19 00:39:09,044 INFO train epoch 161/200 batch 52/66 (79%) running_loss=0.3429
2026-09-19 00:39:12,581 INFO train epoch 161/200 batch 65/66 (98%) running_loss=0.3463
2026-09-19 00:39:12,803 INFO train epoch 161/200 batch 66/66 (100%) running_loss=0.3463
2026-09-19 00:39:15,321 INFO epoch 161/200 done: train_loss=0.3463 val_loss=0.1912 val_accuracy=0.9611 val_macro_f1=0.9444 val_macro_auc=0.9907 (checkpoint_metric=macro_auc)
2026-09-19 00:39:19,367 INFO train epoch 162/200 batch 13/66 (20%) running_loss=0.3515
2026-09-19 00:39:22,900 INFO train epoch 162/200 batch 26/66 (39%) running_loss=0.3491
2026-09-19 00:39:26,427 INFO train epoch 162/200 batch 39/66 (59%) running_loss=0.3533
2026-09-19 00:39:29,948 INFO train epoch 162/200 batch 52/66 (79%) running_loss=0.3525
2026-09-19 00:39:33,633 INFO train epoch 162/200 batch 65/66 (98%) running_loss=0.3503
2026-09-19 00:39:33,854 INFO train epoch 162/200 batch 66/66 (100%) running_loss=0.3506
2026-09-19 00:39:36,367 INFO epoch 162/200 done: train_loss=0.3506 val_loss=0.2432 val_accuracy=0.9344 val_macro_f1=0.9154 val_macro_auc=0.9866 (checkpoint_metric=macro_auc)
2026-09-19 00:39:40,396 INFO train epoch 163/200 batch 13/66 (20%) running_loss=0.3573
2026-09-19 00:39:43,941 INFO train epoch 163/200 batch 26/66 (39%) running_loss=0.3428
2026-09-19 00:39:47,489 INFO train epoch 163/200 batch 39/66 (59%) running_loss=0.3449
2026-09-19 00:39:51,032 INFO train epoch 163/200 batch 52/66 (79%) running_loss=0.3472
2026-09-19 00:39:54,557 INFO train epoch 163/200 batch 65/66 (98%) running_loss=0.3433
2026-09-19 00:39:54,779 INFO train epoch 163/200 batch 66/66 (100%) running_loss=0.3433
2026-09-19 00:39:57,315 INFO epoch 163/200 done: train_loss=0.3433 val_loss=0.2197 val_accuracy=0.9406 val_macro_f1=0.9204 val_macro_auc=0.9883 (checkpoint_metric=macro_auc)
2026-09-19 00:40:01,327 INFO train epoch 164/200 batch 13/66 (20%) running_loss=0.3440
2026-09-19 00:40:04,859 INFO train epoch 164/200 batch 26/66 (39%) running_loss=0.3493
2026-09-19 00:40:08,397 INFO train epoch 164/200 batch 39/66 (59%) running_loss=0.3489
2026-09-19 00:40:11,963 INFO train epoch 164/200 batch 52/66 (79%) running_loss=0.3493
2026-09-19 00:40:15,507 INFO train epoch 164/200 batch 65/66 (98%) running_loss=0.3488
2026-09-19 00:40:15,727 INFO train epoch 164/200 batch 66/66 (100%) running_loss=0.3486
2026-09-19 00:40:18,247 INFO epoch 164/200 done: train_loss=0.3486 val_loss=0.2288 val_accuracy=0.9406 val_macro_f1=0.9214 val_macro_auc=0.9863 (checkpoint_metric=macro_auc)
2026-09-19 00:40:22,270 INFO train epoch 165/200 batch 13/66 (20%) running_loss=0.3414
2026-09-19 00:40:25,797 INFO train epoch 165/200 batch 26/66 (39%) running_loss=0.3522
2026-09-19 00:40:29,328 INFO train epoch 165/200 batch 39/66 (59%) running_loss=0.3491
2026-09-19 00:40:32,855 INFO train epoch 165/200 batch 52/66 (79%) running_loss=0.3490
2026-09-19 00:40:36,381 INFO train epoch 165/200 batch 65/66 (98%) running_loss=0.3471
2026-09-19 00:40:36,600 INFO train epoch 165/200 batch 66/66 (100%) running_loss=0.3467
2026-09-19 00:40:39,115 INFO epoch 165/200 done: train_loss=0.3467 val_loss=0.2030 val_accuracy=0.9508 val_macro_f1=0.9315 val_macro_auc=0.9897 (checkpoint_metric=macro_auc)
2026-09-19 00:40:43,135 INFO train epoch 166/200 batch 13/66 (20%) running_loss=0.3537
2026-09-19 00:40:46,834 INFO train epoch 166/200 batch 26/66 (39%) running_loss=0.3508
2026-09-19 00:40:50,361 INFO train epoch 166/200 batch 39/66 (59%) running_loss=0.3446
2026-09-19 00:40:53,878 INFO train epoch 166/200 batch 52/66 (79%) running_loss=0.3434
2026-09-19 00:40:57,392 INFO train epoch 166/200 batch 65/66 (98%) running_loss=0.3434
2026-09-19 00:40:57,611 INFO train epoch 166/200 batch 66/66 (100%) running_loss=0.3438
2026-09-19 00:41:00,124 INFO epoch 166/200 done: train_loss=0.3438 val_loss=0.2061 val_accuracy=0.9447 val_macro_f1=0.9243 val_macro_auc=0.9899 (checkpoint_metric=macro_auc)
2026-09-19 00:41:04,138 INFO train epoch 167/200 batch 13/66 (20%) running_loss=0.3476
2026-09-19 00:41:07,679 INFO train epoch 167/200 batch 26/66 (39%) running_loss=0.3381
2026-09-19 00:41:11,233 INFO train epoch 167/200 batch 39/66 (59%) running_loss=0.3405
2026-09-19 00:41:14,768 INFO train epoch 167/200 batch 52/66 (79%) running_loss=0.3415
2026-09-19 00:41:18,300 INFO train epoch 167/200 batch 65/66 (98%) running_loss=0.3411
2026-09-19 00:41:18,520 INFO train epoch 167/200 batch 66/66 (100%) running_loss=0.3409
2026-09-19 00:41:21,031 INFO epoch 167/200 done: train_loss=0.3409 val_loss=0.2406 val_accuracy=0.9324 val_macro_f1=0.9092 val_macro_auc=0.9874 (checkpoint_metric=macro_auc)
2026-09-19 00:41:25,049 INFO train epoch 168/200 batch 13/66 (20%) running_loss=0.3433
2026-09-19 00:41:28,584 INFO train epoch 168/200 batch 26/66 (39%) running_loss=0.3445
2026-09-19 00:41:32,121 INFO train epoch 168/200 batch 39/66 (59%) running_loss=0.3429
2026-09-19 00:41:35,660 INFO train epoch 168/200 batch 52/66 (79%) running_loss=0.3417
2026-09-19 00:41:39,347 INFO train epoch 168/200 batch 65/66 (98%) running_loss=0.3431
2026-09-19 00:41:39,567 INFO train epoch 168/200 batch 66/66 (100%) running_loss=0.3429
2026-09-19 00:41:42,098 INFO epoch 168/200 done: train_loss=0.3429 val_loss=0.2108 val_accuracy=0.9447 val_macro_f1=0.9248 val_macro_auc=0.9875 (checkpoint_metric=macro_auc)
2026-09-19 00:41:46,122 INFO train epoch 169/200 batch 13/66 (20%) running_loss=0.3464
2026-09-19 00:41:49,698 INFO train epoch 169/200 batch 26/66 (39%) running_loss=0.3407
2026-09-19 00:41:53,261 INFO train epoch 169/200 batch 39/66 (59%) running_loss=0.3383
2026-09-19 00:41:56,810 INFO train epoch 169/200 batch 52/66 (79%) running_loss=0.3409
2026-09-19 00:42:00,352 INFO train epoch 169/200 batch 65/66 (98%) running_loss=0.3426
2026-09-19 00:42:00,572 INFO train epoch 169/200 batch 66/66 (100%) running_loss=0.3433
2026-09-19 00:42:03,096 INFO epoch 169/200 done: train_loss=0.3433 val_loss=0.2215 val_accuracy=0.9385 val_macro_f1=0.9183 val_macro_auc=0.9876 (checkpoint_metric=macro_auc)
2026-09-19 00:42:07,167 INFO train epoch 170/200 batch 13/66 (20%) running_loss=0.3410
2026-09-19 00:42:10,701 INFO train epoch 170/200 batch 26/66 (39%) running_loss=0.3346
2026-09-19 00:42:14,238 INFO train epoch 170/200 batch 39/66 (59%) running_loss=0.3382
2026-09-19 00:42:17,781 INFO train epoch 170/200 batch 52/66 (79%) running_loss=0.3386
2026-09-19 00:42:21,300 INFO train epoch 170/200 batch 65/66 (98%) running_loss=0.3401
2026-09-19 00:42:21,521 INFO train epoch 170/200 batch 66/66 (100%) running_loss=0.3400
2026-09-19 00:42:24,027 INFO epoch 170/200 done: train_loss=0.3400 val_loss=0.2132 val_accuracy=0.9488 val_macro_f1=0.9312 val_macro_auc=0.9887 (checkpoint_metric=macro_auc)
2026-09-19 00:42:27,988 INFO train epoch 171/200 batch 13/66 (20%) running_loss=0.3405
2026-09-19 00:42:31,529 INFO train epoch 171/200 batch 26/66 (39%) running_loss=0.3457
2026-09-19 00:42:35,067 INFO train epoch 171/200 batch 39/66 (59%) running_loss=0.3381
2026-09-19 00:42:38,602 INFO train epoch 171/200 batch 52/66 (79%) running_loss=0.3400
2026-09-19 00:42:42,145 INFO train epoch 171/200 batch 65/66 (98%) running_loss=0.3420
2026-09-19 00:42:42,364 INFO train epoch 171/200 batch 66/66 (100%) running_loss=0.3423
2026-09-19 00:42:44,877 INFO epoch 171/200 done: train_loss=0.3423 val_loss=0.2289 val_accuracy=0.9406 val_macro_f1=0.9199 val_macro_auc=0.9863 (checkpoint_metric=macro_auc)
2026-09-19 00:42:48,887 INFO train epoch 172/200 batch 13/66 (20%) running_loss=0.3640
2026-09-19 00:42:52,591 INFO train epoch 172/200 batch 26/66 (39%) running_loss=0.3512
2026-09-19 00:42:56,124 INFO train epoch 172/200 batch 39/66 (59%) running_loss=0.3505
2026-09-19 00:42:59,673 INFO train epoch 172/200 batch 52/66 (79%) running_loss=0.3485
2026-09-19 00:43:03,207 INFO train epoch 172/200 batch 65/66 (98%) running_loss=0.3466
2026-09-19 00:43:03,426 INFO train epoch 172/200 batch 66/66 (100%) running_loss=0.3464
2026-09-19 00:43:05,941 INFO epoch 172/200 done: train_loss=0.3464 val_loss=0.2156 val_accuracy=0.9447 val_macro_f1=0.9238 val_macro_auc=0.9884 (checkpoint_metric=macro_auc)
2026-09-19 00:43:09,946 INFO train epoch 173/200 batch 13/66 (20%) running_loss=0.3374
2026-09-19 00:43:13,485 INFO train epoch 173/200 batch 26/66 (39%) running_loss=0.3335
2026-09-19 00:43:17,013 INFO train epoch 173/200 batch 39/66 (59%) running_loss=0.3346
2026-09-19 00:43:20,562 INFO train epoch 173/200 batch 52/66 (79%) running_loss=0.3355
2026-09-19 00:43:24,101 INFO train epoch 173/200 batch 65/66 (98%) running_loss=0.3413
2026-09-19 00:43:24,322 INFO train epoch 173/200 batch 66/66 (100%) running_loss=0.3417
2026-09-19 00:43:26,858 INFO epoch 173/200 done: train_loss=0.3417 val_loss=0.2267 val_accuracy=0.9426 val_macro_f1=0.9223 val_macro_auc=0.9888 (checkpoint_metric=macro_auc)
2026-09-19 00:43:30,888 INFO train epoch 174/200 batch 13/66 (20%) running_loss=0.3301
2026-09-19 00:43:34,430 INFO train epoch 174/200 batch 26/66 (39%) running_loss=0.3366
2026-09-19 00:43:37,966 INFO train epoch 174/200 batch 39/66 (59%) running_loss=0.3373
2026-09-19 00:43:41,505 INFO train epoch 174/200 batch 52/66 (79%) running_loss=0.3395
2026-09-19 00:43:45,038 INFO train epoch 174/200 batch 65/66 (98%) running_loss=0.3394
2026-09-19 00:43:45,421 INFO train epoch 174/200 batch 66/66 (100%) running_loss=0.3391
2026-09-19 00:43:47,956 INFO epoch 174/200 done: train_loss=0.3391 val_loss=0.2091 val_accuracy=0.9488 val_macro_f1=0.9295 val_macro_auc=0.9891 (checkpoint_metric=macro_auc)
2026-09-19 00:43:51,981 INFO train epoch 175/200 batch 13/66 (20%) running_loss=0.3363
2026-09-19 00:43:55,531 INFO train epoch 175/200 batch 26/66 (39%) running_loss=0.3394
2026-09-19 00:43:59,077 INFO train epoch 175/200 batch 39/66 (59%) running_loss=0.3383
2026-09-19 00:44:02,631 INFO train epoch 175/200 batch 52/66 (79%) running_loss=0.3385
2026-09-19 00:44:06,168 INFO train epoch 175/200 batch 65/66 (98%) running_loss=0.3374
2026-09-19 00:44:06,390 INFO train epoch 175/200 batch 66/66 (100%) running_loss=0.3375
2026-09-19 00:44:08,922 INFO epoch 175/200 done: train_loss=0.3375 val_loss=0.2157 val_accuracy=0.9488 val_macro_f1=0.9301 val_macro_auc=0.9885 (checkpoint_metric=macro_auc)
2026-09-19 00:44:12,942 INFO train epoch 176/200 batch 13/66 (20%) running_loss=0.3249
2026-09-19 00:44:16,489 INFO train epoch 176/200 batch 26/66 (39%) running_loss=0.3303
2026-09-19 00:44:20,024 INFO train epoch 176/200 batch 39/66 (59%) running_loss=0.3310
2026-09-19 00:44:23,557 INFO train epoch 176/200 batch 52/66 (79%) running_loss=0.3338
2026-09-19 00:44:27,084 INFO train epoch 176/200 batch 65/66 (98%) running_loss=0.3338
2026-09-19 00:44:27,305 INFO train epoch 176/200 batch 66/66 (100%) running_loss=0.3337
2026-09-19 00:44:29,828 INFO epoch 176/200 done: train_loss=0.3337 val_loss=0.2002 val_accuracy=0.9549 val_macro_f1=0.9372 val_macro_auc=0.9891 (checkpoint_metric=macro_auc)
2026-09-19 00:44:33,835 INFO train epoch 177/200 batch 13/66 (20%) running_loss=0.3475
2026-09-19 00:44:37,372 INFO train epoch 177/200 batch 26/66 (39%) running_loss=0.3456
2026-09-19 00:44:40,900 INFO train epoch 177/200 batch 39/66 (59%) running_loss=0.3417
2026-09-19 00:44:44,433 INFO train epoch 177/200 batch 52/66 (79%) running_loss=0.3459
2026-09-19 00:44:47,960 INFO train epoch 177/200 batch 65/66 (98%) running_loss=0.3465
2026-09-19 00:44:48,181 INFO train epoch 177/200 batch 66/66 (100%) running_loss=0.3461
2026-09-19 00:44:50,693 INFO epoch 177/200 done: train_loss=0.3461 val_loss=0.2016 val_accuracy=0.9549 val_macro_f1=0.9374 val_macro_auc=0.9889 (checkpoint_metric=macro_auc)
2026-09-19 00:44:54,754 INFO train epoch 178/200 batch 13/66 (20%) running_loss=0.3362
2026-09-19 00:44:58,479 INFO train epoch 178/200 batch 26/66 (39%) running_loss=0.3368
2026-09-19 00:45:02,020 INFO train epoch 178/200 batch 39/66 (59%) running_loss=0.3425
2026-09-19 00:45:05,558 INFO train epoch 178/200 batch 52/66 (79%) running_loss=0.3440
2026-09-19 00:45:09,087 INFO train epoch 178/200 batch 65/66 (98%) running_loss=0.3430
2026-09-19 00:45:09,310 INFO train epoch 178/200 batch 66/66 (100%) running_loss=0.3436
2026-09-19 00:45:11,824 INFO epoch 178/200 done: train_loss=0.3436 val_loss=0.2247 val_accuracy=0.9406 val_macro_f1=0.9225 val_macro_auc=0.9892 (checkpoint_metric=macro_auc)
2026-09-19 00:45:15,847 INFO train epoch 179/200 batch 13/66 (20%) running_loss=0.3531
2026-09-19 00:45:19,391 INFO train epoch 179/200 batch 26/66 (39%) running_loss=0.3401
2026-09-19 00:45:22,922 INFO train epoch 179/200 batch 39/66 (59%) running_loss=0.3381
2026-09-19 00:45:26,465 INFO train epoch 179/200 batch 52/66 (79%) running_loss=0.3392
2026-09-19 00:45:29,985 INFO train epoch 179/200 batch 65/66 (98%) running_loss=0.3400
2026-09-19 00:45:30,205 INFO train epoch 179/200 batch 66/66 (100%) running_loss=0.3400
2026-09-19 00:45:32,737 INFO epoch 179/200 done: train_loss=0.3400 val_loss=0.2173 val_accuracy=0.9508 val_macro_f1=0.9332 val_macro_auc=0.9891 (checkpoint_metric=macro_auc)
2026-09-19 00:45:36,756 INFO train epoch 180/200 batch 13/66 (20%) running_loss=0.3421
2026-09-19 00:45:40,288 INFO train epoch 180/200 batch 26/66 (39%) running_loss=0.3360
2026-09-19 00:45:43,817 INFO train epoch 180/200 batch 39/66 (59%) running_loss=0.3356
2026-09-19 00:45:47,342 INFO train epoch 180/200 batch 52/66 (79%) running_loss=0.3341
2026-09-19 00:45:51,052 INFO train epoch 180/200 batch 65/66 (98%) running_loss=0.3348
2026-09-19 00:45:51,274 INFO train epoch 180/200 batch 66/66 (100%) running_loss=0.3352
2026-09-19 00:45:53,800 INFO epoch 180/200 done: train_loss=0.3352 val_loss=0.2200 val_accuracy=0.9467 val_macro_f1=0.9270 val_macro_auc=0.9889 (checkpoint_metric=macro_auc)
2026-09-19 00:45:57,858 INFO train epoch 181/200 batch 13/66 (20%) running_loss=0.3394
2026-09-19 00:46:01,409 INFO train epoch 181/200 batch 26/66 (39%) running_loss=0.3348
2026-09-19 00:46:04,947 INFO train epoch 181/200 batch 39/66 (59%) running_loss=0.3402
2026-09-19 00:46:08,546 INFO train epoch 181/200 batch 52/66 (79%) running_loss=0.3398
2026-09-19 00:46:12,086 INFO train epoch 181/200 batch 65/66 (98%) running_loss=0.3418
2026-09-19 00:46:12,305 INFO train epoch 181/200 batch 66/66 (100%) running_loss=0.3415
2026-09-19 00:46:14,808 INFO epoch 181/200 done: train_loss=0.3415 val_loss=0.2034 val_accuracy=0.9529 val_macro_f1=0.9360 val_macro_auc=0.9893 (checkpoint_metric=macro_auc)
2026-09-19 00:46:18,808 INFO train epoch 182/200 batch 13/66 (20%) running_loss=0.3475
2026-09-19 00:46:22,334 INFO train epoch 182/200 batch 26/66 (39%) running_loss=0.3397
2026-09-19 00:46:25,866 INFO train epoch 182/200 batch 39/66 (59%) running_loss=0.3364
2026-09-19 00:46:29,391 INFO train epoch 182/200 batch 52/66 (79%) running_loss=0.3377
2026-09-19 00:46:32,929 INFO train epoch 182/200 batch 65/66 (98%) running_loss=0.3404
2026-09-19 00:46:33,150 INFO train epoch 182/200 batch 66/66 (100%) running_loss=0.3404
2026-09-19 00:46:35,655 INFO epoch 182/200 done: train_loss=0.3404 val_loss=0.2188 val_accuracy=0.9488 val_macro_f1=0.9307 val_macro_auc=0.9890 (checkpoint_metric=macro_auc)
2026-09-19 00:46:39,629 INFO train epoch 183/200 batch 13/66 (20%) running_loss=0.3300
2026-09-19 00:46:43,171 INFO train epoch 183/200 batch 26/66 (39%) running_loss=0.3303
2026-09-19 00:46:46,712 INFO train epoch 183/200 batch 39/66 (59%) running_loss=0.3353
2026-09-19 00:46:50,244 INFO train epoch 183/200 batch 52/66 (79%) running_loss=0.3350
2026-09-19 00:46:53,761 INFO train epoch 183/200 batch 65/66 (98%) running_loss=0.3340
2026-09-19 00:46:53,981 INFO train epoch 183/200 batch 66/66 (100%) running_loss=0.3338
2026-09-19 00:46:56,491 INFO epoch 183/200 done: train_loss=0.3338 val_loss=0.2201 val_accuracy=0.9488 val_macro_f1=0.9301 val_macro_auc=0.9888 (checkpoint_metric=macro_auc)
2026-09-19 00:47:00,494 INFO train epoch 184/200 batch 13/66 (20%) running_loss=0.3456
2026-09-19 00:47:04,191 INFO train epoch 184/200 batch 26/66 (39%) running_loss=0.3356
2026-09-19 00:47:07,740 INFO train epoch 184/200 batch 39/66 (59%) running_loss=0.3354
2026-09-19 00:47:11,305 INFO train epoch 184/200 batch 52/66 (79%) running_loss=0.3395
2026-09-19 00:47:14,839 INFO train epoch 184/200 batch 65/66 (98%) running_loss=0.3406
2026-09-19 00:47:15,059 INFO train epoch 184/200 batch 66/66 (100%) running_loss=0.3411
2026-09-19 00:47:17,582 INFO epoch 184/200 done: train_loss=0.3411 val_loss=0.2125 val_accuracy=0.9488 val_macro_f1=0.9295 val_macro_auc=0.9891 (checkpoint_metric=macro_auc)
2026-09-19 00:47:21,565 INFO train epoch 185/200 batch 13/66 (20%) running_loss=0.3379
2026-09-19 00:47:25,109 INFO train epoch 185/200 batch 26/66 (39%) running_loss=0.3410
2026-09-19 00:47:28,637 INFO train epoch 185/200 batch 39/66 (59%) running_loss=0.3423
2026-09-19 00:47:32,164 INFO train epoch 185/200 batch 52/66 (79%) running_loss=0.3410
2026-09-19 00:47:35,683 INFO train epoch 185/200 batch 65/66 (98%) running_loss=0.3386
2026-09-19 00:47:35,904 INFO train epoch 185/200 batch 66/66 (100%) running_loss=0.3384
2026-09-19 00:47:38,420 INFO epoch 185/200 done: train_loss=0.3384 val_loss=0.2151 val_accuracy=0.9508 val_macro_f1=0.9334 val_macro_auc=0.9889 (checkpoint_metric=macro_auc)
2026-09-19 00:47:42,417 INFO train epoch 186/200 batch 13/66 (20%) running_loss=0.3250
2026-09-19 00:47:45,949 INFO train epoch 186/200 batch 26/66 (39%) running_loss=0.3340
2026-09-19 00:47:49,477 INFO train epoch 186/200 batch 39/66 (59%) running_loss=0.3341
2026-09-19 00:47:53,017 INFO train epoch 186/200 batch 52/66 (79%) running_loss=0.3340
2026-09-19 00:47:56,700 INFO train epoch 186/200 batch 65/66 (98%) running_loss=0.3348
2026-09-19 00:47:56,921 INFO train epoch 186/200 batch 66/66 (100%) running_loss=0.3348
2026-09-19 00:47:59,450 INFO epoch 186/200 done: train_loss=0.3348 val_loss=0.2197 val_accuracy=0.9447 val_macro_f1=0.9251 val_macro_auc=0.9884 (checkpoint_metric=macro_auc)
2026-09-19 00:48:03,444 INFO train epoch 187/200 batch 13/66 (20%) running_loss=0.3299
2026-09-19 00:48:06,994 INFO train epoch 187/200 batch 26/66 (39%) running_loss=0.3384
2026-09-19 00:48:10,528 INFO train epoch 187/200 batch 39/66 (59%) running_loss=0.3382
2026-09-19 00:48:14,077 INFO train epoch 187/200 batch 52/66 (79%) running_loss=0.3353
2026-09-19 00:48:17,625 INFO train epoch 187/200 batch 65/66 (98%) running_loss=0.3359
2026-09-19 00:48:17,848 INFO train epoch 187/200 batch 66/66 (100%) running_loss=0.3359
2026-09-19 00:48:20,388 INFO epoch 187/200 done: train_loss=0.3359 val_loss=0.2168 val_accuracy=0.9508 val_macro_f1=0.9326 val_macro_auc=0.9883 (checkpoint_metric=macro_auc)
2026-09-19 00:48:24,402 INFO train epoch 188/200 batch 13/66 (20%) running_loss=0.3442
2026-09-19 00:48:27,931 INFO train epoch 188/200 batch 26/66 (39%) running_loss=0.3481
2026-09-19 00:48:31,470 INFO train epoch 188/200 batch 39/66 (59%) running_loss=0.3483
2026-09-19 00:48:35,006 INFO train epoch 188/200 batch 52/66 (79%) running_loss=0.3463
2026-09-19 00:48:38,522 INFO train epoch 188/200 batch 65/66 (98%) running_loss=0.3452
2026-09-19 00:48:38,742 INFO train epoch 188/200 batch 66/66 (100%) running_loss=0.3457
2026-09-19 00:48:41,289 INFO epoch 188/200 done: train_loss=0.3457 val_loss=0.2118 val_accuracy=0.9529 val_macro_f1=0.9351 val_macro_auc=0.9884 (checkpoint_metric=macro_auc)
2026-09-19 00:48:45,327 INFO train epoch 189/200 batch 13/66 (20%) running_loss=0.3411
2026-09-19 00:48:48,878 INFO train epoch 189/200 batch 26/66 (39%) running_loss=0.3408
2026-09-19 00:48:52,465 INFO train epoch 189/200 batch 39/66 (59%) running_loss=0.3410
2026-09-19 00:48:56,126 INFO train epoch 189/200 batch 52/66 (79%) running_loss=0.3393
2026-09-19 00:48:59,651 INFO train epoch 189/200 batch 65/66 (98%) running_loss=0.3393
2026-09-19 00:48:59,872 INFO train epoch 189/200 batch 66/66 (100%) running_loss=0.3393
2026-09-19 00:49:02,420 INFO epoch 189/200 done: train_loss=0.3393 val_loss=0.2083 val_accuracy=0.9549 val_macro_f1=0.9385 val_macro_auc=0.9885 (checkpoint_metric=macro_auc)
2026-09-19 00:49:06,431 INFO train epoch 190/200 batch 13/66 (20%) running_loss=0.3542
2026-09-19 00:49:09,970 INFO train epoch 190/200 batch 26/66 (39%) running_loss=0.3416
2026-09-19 00:49:13,506 INFO train epoch 190/200 batch 39/66 (59%) running_loss=0.3392
2026-09-19 00:49:17,037 INFO train epoch 190/200 batch 52/66 (79%) running_loss=0.3374
2026-09-19 00:49:20,563 INFO train epoch 190/200 batch 65/66 (98%) running_loss=0.3384
2026-09-19 00:49:20,784 INFO train epoch 190/200 batch 66/66 (100%) running_loss=0.3384
2026-09-19 00:49:23,285 INFO epoch 190/200 done: train_loss=0.3384 val_loss=0.2187 val_accuracy=0.9488 val_macro_f1=0.9301 val_macro_auc=0.9888 (checkpoint_metric=macro_auc)
2026-09-19 00:49:27,292 INFO train epoch 191/200 batch 13/66 (20%) running_loss=0.3369
2026-09-19 00:49:30,809 INFO train epoch 191/200 batch 26/66 (39%) running_loss=0.3364
2026-09-19 00:49:34,348 INFO train epoch 191/200 batch 39/66 (59%) running_loss=0.3333
2026-09-19 00:49:37,887 INFO train epoch 191/200 batch 52/66 (79%) running_loss=0.3345
2026-09-19 00:49:41,427 INFO train epoch 191/200 batch 65/66 (98%) running_loss=0.3341
2026-09-19 00:49:41,649 INFO train epoch 191/200 batch 66/66 (100%) running_loss=0.3343
2026-09-19 00:49:44,177 INFO epoch 191/200 done: train_loss=0.3343 val_loss=0.2122 val_accuracy=0.9508 val_macro_f1=0.9326 val_macro_auc=0.9887 (checkpoint_metric=macro_auc)
2026-09-19 00:49:48,182 INFO train epoch 192/200 batch 13/66 (20%) running_loss=0.3326
2026-09-19 00:49:51,718 INFO train epoch 192/200 batch 26/66 (39%) running_loss=0.3359
2026-09-19 00:49:55,257 INFO train epoch 192/200 batch 39/66 (59%) running_loss=0.3333
2026-09-19 00:49:58,790 INFO train epoch 192/200 batch 52/66 (79%) running_loss=0.3356
2026-09-19 00:50:02,310 INFO train epoch 192/200 batch 65/66 (98%) running_loss=0.3348
2026-09-19 00:50:02,530 INFO train epoch 192/200 batch 66/66 (100%) running_loss=0.3348
2026-09-19 00:50:05,237 INFO epoch 192/200 done: train_loss=0.3348 val_loss=0.2101 val_accuracy=0.9529 val_macro_f1=0.9351 val_macro_auc=0.9883 (checkpoint_metric=macro_auc)
2026-09-19 00:50:09,554 INFO train epoch 193/200 batch 13/66 (20%) running_loss=0.3235
2026-09-19 00:50:13,089 INFO train epoch 193/200 batch 26/66 (39%) running_loss=0.3299
2026-09-19 00:50:16,616 INFO train epoch 193/200 batch 39/66 (59%) running_loss=0.3289
2026-09-19 00:50:20,151 INFO train epoch 193/200 batch 52/66 (79%) running_loss=0.3317
2026-09-19 00:50:23,684 INFO train epoch 193/200 batch 65/66 (98%) running_loss=0.3328
2026-09-19 00:50:23,906 INFO train epoch 193/200 batch 66/66 (100%) running_loss=0.3333
2026-09-19 00:50:26,440 INFO epoch 193/200 done: train_loss=0.3333 val_loss=0.2174 val_accuracy=0.9488 val_macro_f1=0.9307 val_macro_auc=0.9882 (checkpoint_metric=macro_auc)
2026-09-19 00:50:30,460 INFO train epoch 194/200 batch 13/66 (20%) running_loss=0.3404
2026-09-19 00:50:34,002 INFO train epoch 194/200 batch 26/66 (39%) running_loss=0.3403
2026-09-19 00:50:37,535 INFO train epoch 194/200 batch 39/66 (59%) running_loss=0.3419
2026-09-19 00:50:41,059 INFO train epoch 194/200 batch 52/66 (79%) running_loss=0.3391
2026-09-19 00:50:44,580 INFO train epoch 194/200 batch 65/66 (98%) running_loss=0.3407
2026-09-19 00:50:44,800 INFO train epoch 194/200 batch 66/66 (100%) running_loss=0.3405
2026-09-19 00:50:47,313 INFO epoch 194/200 done: train_loss=0.3405 val_loss=0.2143 val_accuracy=0.9529 val_macro_f1=0.9360 val_macro_auc=0.9884 (checkpoint_metric=macro_auc)
2026-09-19 00:50:51,313 INFO train epoch 195/200 batch 13/66 (20%) running_loss=0.3457
2026-09-19 00:50:54,845 INFO train epoch 195/200 batch 26/66 (39%) running_loss=0.3395
2026-09-19 00:50:58,373 INFO train epoch 195/200 batch 39/66 (59%) running_loss=0.3364
2026-09-19 00:51:01,982 INFO train epoch 195/200 batch 52/66 (79%) running_loss=0.3336
2026-09-19 00:51:05,519 INFO train epoch 195/200 batch 65/66 (98%) running_loss=0.3332
2026-09-19 00:51:05,740 INFO train epoch 195/200 batch 66/66 (100%) running_loss=0.3335
2026-09-19 00:51:08,268 INFO epoch 195/200 done: train_loss=0.3335 val_loss=0.2171 val_accuracy=0.9529 val_macro_f1=0.9360 val_macro_auc=0.9881 (checkpoint_metric=macro_auc)
2026-09-19 00:51:12,296 INFO train epoch 196/200 batch 13/66 (20%) running_loss=0.3513
2026-09-19 00:51:15,846 INFO train epoch 196/200 batch 26/66 (39%) running_loss=0.3392
2026-09-19 00:51:19,384 INFO train epoch 196/200 batch 39/66 (59%) running_loss=0.3377
2026-09-19 00:51:22,916 INFO train epoch 196/200 batch 52/66 (79%) running_loss=0.3374
2026-09-19 00:51:26,448 INFO train epoch 196/200 batch 65/66 (98%) running_loss=0.3367
2026-09-19 00:51:26,667 INFO train epoch 196/200 batch 66/66 (100%) running_loss=0.3364
2026-09-19 00:51:29,197 INFO epoch 196/200 done: train_loss=0.3364 val_loss=0.2130 val_accuracy=0.9508 val_macro_f1=0.9334 val_macro_auc=0.9885 (checkpoint_metric=macro_auc)
2026-09-19 00:51:33,200 INFO train epoch 197/200 batch 13/66 (20%) running_loss=0.3330
2026-09-19 00:51:36,732 INFO train epoch 197/200 batch 26/66 (39%) running_loss=0.3357
2026-09-19 00:51:40,269 INFO train epoch 197/200 batch 39/66 (59%) running_loss=0.3334
2026-09-19 00:51:43,795 INFO train epoch 197/200 batch 52/66 (79%) running_loss=0.3332
2026-09-19 00:51:47,330 INFO train epoch 197/200 batch 65/66 (98%) running_loss=0.3338
2026-09-19 00:51:47,550 INFO train epoch 197/200 batch 66/66 (100%) running_loss=0.3338
2026-09-19 00:51:50,113 INFO epoch 197/200 done: train_loss=0.3338 val_loss=0.2123 val_accuracy=0.9508 val_macro_f1=0.9326 val_macro_auc=0.9883 (checkpoint_metric=macro_auc)
2026-09-19 00:51:54,208 INFO train epoch 198/200 batch 13/66 (20%) running_loss=0.3406
2026-09-19 00:51:57,746 INFO train epoch 198/200 batch 26/66 (39%) running_loss=0.3402
2026-09-19 00:52:01,292 INFO train epoch 198/200 batch 39/66 (59%) running_loss=0.3364
2026-09-19 00:52:04,825 INFO train epoch 198/200 batch 52/66 (79%) running_loss=0.3388
2026-09-19 00:52:08,524 INFO train epoch 198/200 batch 65/66 (98%) running_loss=0.3380
2026-09-19 00:52:08,746 INFO train epoch 198/200 batch 66/66 (100%) running_loss=0.3381
2026-09-19 00:52:11,268 INFO epoch 198/200 done: train_loss=0.3381 val_loss=0.2091 val_accuracy=0.9549 val_macro_f1=0.9385 val_macro_auc=0.9883 (checkpoint_metric=macro_auc)
2026-09-19 00:52:15,297 INFO train epoch 199/200 batch 13/66 (20%) running_loss=0.3343
2026-09-19 00:52:18,818 INFO train epoch 199/200 batch 26/66 (39%) running_loss=0.3385
2026-09-19 00:52:22,345 INFO train epoch 199/200 batch 39/66 (59%) running_loss=0.3381
2026-09-19 00:52:25,880 INFO train epoch 199/200 batch 52/66 (79%) running_loss=0.3374
2026-09-19 00:52:29,419 INFO train epoch 199/200 batch 65/66 (98%) running_loss=0.3362
2026-09-19 00:52:29,640 INFO train epoch 199/200 batch 66/66 (100%) running_loss=0.3360
2026-09-19 00:52:32,153 INFO epoch 199/200 done: train_loss=0.3360 val_loss=0.2171 val_accuracy=0.9467 val_macro_f1=0.9276 val_macro_auc=0.9881 (checkpoint_metric=macro_auc)
2026-09-19 00:52:36,187 INFO train epoch 200/200 batch 13/66 (20%) running_loss=0.3371
2026-09-19 00:52:39,765 INFO train epoch 200/200 batch 26/66 (39%) running_loss=0.3393
2026-09-19 00:52:43,299 INFO train epoch 200/200 batch 39/66 (59%) running_loss=0.3362
2026-09-19 00:52:46,825 INFO train epoch 200/200 batch 52/66 (79%) running_loss=0.3396
2026-09-19 00:52:50,354 INFO train epoch 200/200 batch 65/66 (98%) running_loss=0.3398
2026-09-19 00:52:50,574 INFO train epoch 200/200 batch 66/66 (100%) running_loss=0.3396
2026-09-19 00:52:53,093 INFO epoch 200/200 done: train_loss=0.3396 val_loss=0.2128 val_accuracy=0.9508 val_macro_f1=0.9334 val_macro_auc=0.9882 (checkpoint_metric=macro_auc)
2026-09-19 00:52:53,334 INFO Training finished. Best epoch=88, smoothed macro_auc=0.9909 (window=3)
2026-09-19 00:52:55,909 INFO Test set evaluated once: accuracy=0.8608 macro_f1=0.8388 macro_auc=0.9746
