2026-08-13 07:14:57,576 INFO Starting augmentation policy search on device=cuda
2026-08-13 07:14:57,833 INFO Reused split from outputs/figshare_run1/search_run/split_indices.json: 2102 train / 488 val samples
2026-08-13 07:14:58,030 INFO Captured shared initial weights for policy trials
2026-08-13 07:14:58,033 INFO Trial 1/25: starting (10 trial epochs)
2026-08-13 07:15:01,347 INFO trial epoch 1/10 batch 13/66 (20%) running_loss=1.0788
2026-08-13 07:15:03,854 INFO trial epoch 1/10 batch 26/66 (39%) running_loss=1.0944
2026-08-13 07:15:06,381 INFO trial epoch 1/10 batch 39/66 (59%) running_loss=1.0934
2026-08-13 07:15:08,910 INFO trial epoch 1/10 batch 52/66 (79%) running_loss=1.0888
2026-08-13 07:15:11,436 INFO trial epoch 1/10 batch 65/66 (98%) running_loss=1.0876
2026-08-13 07:15:11,714 INFO trial epoch 1/10 batch 66/66 (100%) running_loss=1.0869
2026-08-13 07:15:13,133 INFO trial epoch 1/10 done: train_loss=1.0869 val_macro_auc=0.6984
2026-08-13 07:15:16,163 INFO trial epoch 2/10 batch 13/66 (20%) running_loss=1.0656
2026-08-13 07:15:18,695 INFO trial epoch 2/10 batch 26/66 (39%) running_loss=1.0468
2026-08-13 07:15:21,240 INFO trial epoch 2/10 batch 39/66 (59%) running_loss=1.0480
2026-08-13 07:15:23,776 INFO trial epoch 2/10 batch 52/66 (79%) running_loss=1.0326
2026-08-13 07:15:26,297 INFO trial epoch 2/10 batch 65/66 (98%) running_loss=1.0184
2026-08-13 07:15:26,465 INFO trial epoch 2/10 batch 66/66 (100%) running_loss=1.0176
2026-08-13 07:15:27,829 INFO trial epoch 2/10 done: train_loss=1.0176 val_macro_auc=0.7605
2026-08-13 07:15:30,887 INFO trial epoch 3/10 batch 13/66 (20%) running_loss=0.9052
2026-08-13 07:15:33,650 INFO trial epoch 3/10 batch 26/66 (39%) running_loss=0.9308
2026-08-13 07:15:36,195 INFO trial epoch 3/10 batch 39/66 (59%) running_loss=0.9264
2026-08-13 07:15:38,786 INFO trial epoch 3/10 batch 52/66 (79%) running_loss=0.9126
2026-08-13 07:15:41,311 INFO trial epoch 3/10 batch 65/66 (98%) running_loss=0.8978
2026-08-13 07:15:41,479 INFO trial epoch 3/10 batch 66/66 (100%) running_loss=0.8963
2026-08-13 07:15:42,838 INFO trial epoch 3/10 done: train_loss=0.8963 val_macro_auc=0.8162
2026-08-13 07:15:45,891 INFO trial epoch 4/10 batch 13/66 (20%) running_loss=0.8725
2026-08-13 07:15:48,470 INFO trial epoch 4/10 batch 26/66 (39%) running_loss=0.8735
2026-08-13 07:15:51,017 INFO trial epoch 4/10 batch 39/66 (59%) running_loss=0.8662
2026-08-13 07:15:53,591 INFO trial epoch 4/10 batch 52/66 (79%) running_loss=0.8488
2026-08-13 07:15:56,117 INFO trial epoch 4/10 batch 65/66 (98%) running_loss=0.8379
2026-08-13 07:15:56,284 INFO trial epoch 4/10 batch 66/66 (100%) running_loss=0.8383
2026-08-13 07:15:57,678 INFO trial epoch 4/10 done: train_loss=0.8383 val_macro_auc=0.8069
2026-08-13 07:16:00,781 INFO trial epoch 5/10 batch 13/66 (20%) running_loss=0.7738
2026-08-13 07:16:03,327 INFO trial epoch 5/10 batch 26/66 (39%) running_loss=0.8042
2026-08-13 07:16:05,857 INFO trial epoch 5/10 batch 39/66 (59%) running_loss=0.7998
2026-08-13 07:16:08,378 INFO trial epoch 5/10 batch 52/66 (79%) running_loss=0.7969
2026-08-13 07:16:10,892 INFO trial epoch 5/10 batch 65/66 (98%) running_loss=0.7881
2026-08-13 07:16:11,056 INFO trial epoch 5/10 batch 66/66 (100%) running_loss=0.7880
2026-08-13 07:16:12,400 INFO trial epoch 5/10 done: train_loss=0.7880 val_macro_auc=0.8322
2026-08-13 07:16:15,477 INFO trial epoch 6/10 batch 13/66 (20%) running_loss=0.7574
2026-08-13 07:16:18,050 INFO trial epoch 6/10 batch 26/66 (39%) running_loss=0.7566
2026-08-13 07:16:20,624 INFO trial epoch 6/10 batch 39/66 (59%) running_loss=0.7577
2026-08-13 07:16:23,184 INFO trial epoch 6/10 batch 52/66 (79%) running_loss=0.7485
2026-08-13 07:16:25,701 INFO trial epoch 6/10 batch 65/66 (98%) running_loss=0.7456
2026-08-13 07:16:25,867 INFO trial epoch 6/10 batch 66/66 (100%) running_loss=0.7464
2026-08-13 07:16:27,214 INFO trial epoch 6/10 done: train_loss=0.7464 val_macro_auc=0.8332
2026-08-13 07:16:30,213 INFO trial epoch 7/10 batch 13/66 (20%) running_loss=0.7619
2026-08-13 07:16:32,757 INFO trial epoch 7/10 batch 26/66 (39%) running_loss=0.7382
2026-08-13 07:16:35,315 INFO trial epoch 7/10 batch 39/66 (59%) running_loss=0.7252
2026-08-13 07:16:37,918 INFO trial epoch 7/10 batch 52/66 (79%) running_loss=0.7299
2026-08-13 07:16:40,451 INFO trial epoch 7/10 batch 65/66 (98%) running_loss=0.7400
2026-08-13 07:16:40,618 INFO trial epoch 7/10 batch 66/66 (100%) running_loss=0.7387
2026-08-13 07:16:42,006 INFO trial epoch 7/10 done: train_loss=0.7387 val_macro_auc=0.8210
2026-08-13 07:16:45,040 INFO trial epoch 8/10 batch 13/66 (20%) running_loss=0.7153
2026-08-13 07:16:47,578 INFO trial epoch 8/10 batch 26/66 (39%) running_loss=0.7286
2026-08-13 07:16:50,115 INFO trial epoch 8/10 batch 39/66 (59%) running_loss=0.7100
2026-08-13 07:16:52,655 INFO trial epoch 8/10 batch 52/66 (79%) running_loss=0.7037
2026-08-13 07:16:55,176 INFO trial epoch 8/10 batch 65/66 (98%) running_loss=0.6924
2026-08-13 07:16:55,342 INFO trial epoch 8/10 batch 66/66 (100%) running_loss=0.6928
2026-08-13 07:16:56,740 INFO trial epoch 8/10 done: train_loss=0.6928 val_macro_auc=0.8374
2026-08-13 07:16:59,712 INFO trial epoch 9/10 batch 13/66 (20%) running_loss=0.6479
2026-08-13 07:17:02,228 INFO trial epoch 9/10 batch 26/66 (39%) running_loss=0.6739
2026-08-13 07:17:04,766 INFO trial epoch 9/10 batch 39/66 (59%) running_loss=0.6742
2026-08-13 07:17:07,309 INFO trial epoch 9/10 batch 52/66 (79%) running_loss=0.6712
2026-08-13 07:17:09,834 INFO trial epoch 9/10 batch 65/66 (98%) running_loss=0.6742
2026-08-13 07:17:10,001 INFO trial epoch 9/10 batch 66/66 (100%) running_loss=0.6749
2026-08-13 07:17:11,412 INFO trial epoch 9/10 done: train_loss=0.6749 val_macro_auc=0.8424
2026-08-13 07:17:14,586 INFO trial epoch 10/10 batch 13/66 (20%) running_loss=0.6681
2026-08-13 07:17:17,121 INFO trial epoch 10/10 batch 26/66 (39%) running_loss=0.6678
2026-08-13 07:17:19,638 INFO trial epoch 10/10 batch 39/66 (59%) running_loss=0.6531
2026-08-13 07:17:22,170 INFO trial epoch 10/10 batch 52/66 (79%) running_loss=0.6472
2026-08-13 07:17:24,717 INFO trial epoch 10/10 batch 65/66 (98%) running_loss=0.6496
2026-08-13 07:17:24,883 INFO trial epoch 10/10 batch 66/66 (100%) running_loss=0.6496
2026-08-13 07:17:26,273 INFO trial epoch 10/10 done: train_loss=0.6496 val_macro_auc=0.8521
2026-08-13 07:17:26,420 INFO Trial 1/25: finished val_macro_auc=0.8440 (best so far: 0.8440)
2026-08-13 07:17:26,423 INFO Trial 2/25: starting (10 trial epochs)
2026-08-13 07:17:29,638 INFO trial epoch 1/10 batch 13/66 (20%) running_loss=1.0939
2026-08-13 07:17:32,208 INFO trial epoch 1/10 batch 26/66 (39%) running_loss=1.0812
2026-08-13 07:17:34,764 INFO trial epoch 1/10 batch 39/66 (59%) running_loss=1.0793
2026-08-13 07:17:37,315 INFO trial epoch 1/10 batch 52/66 (79%) running_loss=1.0692
2026-08-13 07:17:39,845 INFO trial epoch 1/10 batch 65/66 (98%) running_loss=1.0773
2026-08-13 07:17:40,014 INFO trial epoch 1/10 batch 66/66 (100%) running_loss=1.0764
2026-08-13 07:17:41,416 INFO trial epoch 1/10 done: train_loss=1.0764 val_macro_auc=0.7804
2026-08-13 07:17:44,433 INFO trial epoch 2/10 batch 13/66 (20%) running_loss=0.9784
2026-08-13 07:17:47,017 INFO trial epoch 2/10 batch 26/66 (39%) running_loss=0.9970
2026-08-13 07:17:49,561 INFO trial epoch 2/10 batch 39/66 (59%) running_loss=0.9865
2026-08-13 07:17:52,097 INFO trial epoch 2/10 batch 52/66 (79%) running_loss=0.9722
2026-08-13 07:17:54,633 INFO trial epoch 2/10 batch 65/66 (98%) running_loss=0.9717
2026-08-13 07:17:54,800 INFO trial epoch 2/10 batch 66/66 (100%) running_loss=0.9715
2026-08-13 07:17:56,144 INFO trial epoch 2/10 done: train_loss=0.9715 val_macro_auc=0.7867
2026-08-13 07:17:59,147 INFO trial epoch 3/10 batch 13/66 (20%) running_loss=0.9297
2026-08-13 07:18:01,912 INFO trial epoch 3/10 batch 26/66 (39%) running_loss=0.9088
2026-08-13 07:18:04,516 INFO trial epoch 3/10 batch 39/66 (59%) running_loss=0.8875
2026-08-13 07:18:07,067 INFO trial epoch 3/10 batch 52/66 (79%) running_loss=0.8767
2026-08-13 07:18:09,614 INFO trial epoch 3/10 batch 65/66 (98%) running_loss=0.8799
2026-08-13 07:18:09,797 INFO trial epoch 3/10 batch 66/66 (100%) running_loss=0.8820
2026-08-13 07:18:11,194 INFO trial epoch 3/10 done: train_loss=0.8820 val_macro_auc=0.7787
2026-08-13 07:18:14,287 INFO trial epoch 4/10 batch 13/66 (20%) running_loss=0.8945
2026-08-13 07:18:16,891 INFO trial epoch 4/10 batch 26/66 (39%) running_loss=0.8778
2026-08-13 07:18:19,457 INFO trial epoch 4/10 batch 39/66 (59%) running_loss=0.8764
2026-08-13 07:18:22,007 INFO trial epoch 4/10 batch 52/66 (79%) running_loss=0.8691
2026-08-13 07:18:24,556 INFO trial epoch 4/10 batch 65/66 (98%) running_loss=0.8586
2026-08-13 07:18:24,723 INFO trial epoch 4/10 batch 66/66 (100%) running_loss=0.8571
2026-08-13 07:18:26,130 INFO trial epoch 4/10 done: train_loss=0.8571 val_macro_auc=0.8132
2026-08-13 07:18:29,230 INFO trial epoch 5/10 batch 13/66 (20%) running_loss=0.8223
2026-08-13 07:18:31,759 INFO trial epoch 5/10 batch 26/66 (39%) running_loss=0.8343
2026-08-13 07:18:34,321 INFO trial epoch 5/10 batch 39/66 (59%) running_loss=0.8185
2026-08-13 07:18:36,859 INFO trial epoch 5/10 batch 52/66 (79%) running_loss=0.8192
2026-08-13 07:18:39,387 INFO trial epoch 5/10 batch 65/66 (98%) running_loss=0.8078
2026-08-13 07:18:39,554 INFO trial epoch 5/10 batch 66/66 (100%) running_loss=0.8073
2026-08-13 07:18:40,891 INFO trial epoch 5/10 done: train_loss=0.8073 val_macro_auc=0.8106
2026-08-13 07:18:43,957 INFO trial epoch 6/10 batch 13/66 (20%) running_loss=0.7694
2026-08-13 07:18:46,525 INFO trial epoch 6/10 batch 26/66 (39%) running_loss=0.7814
2026-08-13 07:18:49,071 INFO trial epoch 6/10 batch 39/66 (59%) running_loss=0.7883
2026-08-13 07:18:51,617 INFO trial epoch 6/10 batch 52/66 (79%) running_loss=0.7807
2026-08-13 07:18:54,147 INFO trial epoch 6/10 batch 65/66 (98%) running_loss=0.7719
2026-08-13 07:18:54,315 INFO trial epoch 6/10 batch 66/66 (100%) running_loss=0.7737
2026-08-13 07:18:55,679 INFO trial epoch 6/10 done: train_loss=0.7737 val_macro_auc=0.8291
2026-08-13 07:18:58,727 INFO trial epoch 7/10 batch 13/66 (20%) running_loss=0.8228
2026-08-13 07:19:01,302 INFO trial epoch 7/10 batch 26/66 (39%) running_loss=0.7841
2026-08-13 07:19:03,862 INFO trial epoch 7/10 batch 39/66 (59%) running_loss=0.7673
2026-08-13 07:19:06,405 INFO trial epoch 7/10 batch 52/66 (79%) running_loss=0.7562
2026-08-13 07:19:08,940 INFO trial epoch 7/10 batch 65/66 (98%) running_loss=0.7414
2026-08-13 07:19:09,107 INFO trial epoch 7/10 batch 66/66 (100%) running_loss=0.7423
2026-08-13 07:19:10,502 INFO trial epoch 7/10 done: train_loss=0.7423 val_macro_auc=0.8562
2026-08-13 07:19:13,561 INFO trial epoch 8/10 batch 13/66 (20%) running_loss=0.6973
2026-08-13 07:19:16,069 INFO trial epoch 8/10 batch 26/66 (39%) running_loss=0.6855
2026-08-13 07:19:18,632 INFO trial epoch 8/10 batch 39/66 (59%) running_loss=0.6957
2026-08-13 07:19:21,178 INFO trial epoch 8/10 batch 52/66 (79%) running_loss=0.6917
2026-08-13 07:19:23,711 INFO trial epoch 8/10 batch 65/66 (98%) running_loss=0.7053
2026-08-13 07:19:23,877 INFO trial epoch 8/10 batch 66/66 (100%) running_loss=0.7053
2026-08-13 07:19:25,262 INFO trial epoch 8/10 done: train_loss=0.7053 val_macro_auc=0.8420
2026-08-13 07:19:28,302 INFO trial epoch 9/10 batch 13/66 (20%) running_loss=0.7218
2026-08-13 07:19:30,862 INFO trial epoch 9/10 batch 26/66 (39%) running_loss=0.6916
2026-08-13 07:19:33,425 INFO trial epoch 9/10 batch 39/66 (59%) running_loss=0.6785
2026-08-13 07:19:35,976 INFO trial epoch 9/10 batch 52/66 (79%) running_loss=0.6771
2026-08-13 07:19:38,516 INFO trial epoch 9/10 batch 65/66 (98%) running_loss=0.6732
2026-08-13 07:19:38,684 INFO trial epoch 9/10 batch 66/66 (100%) running_loss=0.6721
2026-08-13 07:19:40,021 INFO trial epoch 9/10 done: train_loss=0.6721 val_macro_auc=0.8546
2026-08-13 07:19:43,263 INFO trial epoch 10/10 batch 13/66 (20%) running_loss=0.6728
2026-08-13 07:19:45,831 INFO trial epoch 10/10 batch 26/66 (39%) running_loss=0.6526
2026-08-13 07:19:48,357 INFO trial epoch 10/10 batch 39/66 (59%) running_loss=0.6452
2026-08-13 07:19:50,895 INFO trial epoch 10/10 batch 52/66 (79%) running_loss=0.6616
2026-08-13 07:19:53,418 INFO trial epoch 10/10 batch 65/66 (98%) running_loss=0.6785
2026-08-13 07:19:53,585 INFO trial epoch 10/10 batch 66/66 (100%) running_loss=0.6764
2026-08-13 07:19:55,012 INFO trial epoch 10/10 done: train_loss=0.6764 val_macro_auc=0.8519
2026-08-13 07:19:55,155 INFO Trial 2/25: finished val_macro_auc=0.8495 (best so far: 0.8495)
2026-08-13 07:19:55,158 INFO Trial 3/25: starting (10 trial epochs)
2026-08-13 07:19:58,367 INFO trial epoch 1/10 batch 13/66 (20%) running_loss=1.0770
2026-08-13 07:20:00,909 INFO trial epoch 1/10 batch 26/66 (39%) running_loss=1.0885
2026-08-13 07:20:03,448 INFO trial epoch 1/10 batch 39/66 (59%) running_loss=1.0920
2026-08-13 07:20:05,980 INFO trial epoch 1/10 batch 52/66 (79%) running_loss=1.0903
2026-08-13 07:20:08,522 INFO trial epoch 1/10 batch 65/66 (98%) running_loss=1.0855
2026-08-13 07:20:08,698 INFO trial epoch 1/10 batch 66/66 (100%) running_loss=1.0866
2026-08-13 07:20:10,063 INFO trial epoch 1/10 done: train_loss=1.0866 val_macro_auc=0.6792
2026-08-13 07:20:13,128 INFO trial epoch 2/10 batch 13/66 (20%) running_loss=1.0687
2026-08-13 07:20:15,663 INFO trial epoch 2/10 batch 26/66 (39%) running_loss=1.0351
2026-08-13 07:20:18,214 INFO trial epoch 2/10 batch 39/66 (59%) running_loss=1.0124
2026-08-13 07:20:20,754 INFO trial epoch 2/10 batch 52/66 (79%) running_loss=1.0039
2026-08-13 07:20:23,305 INFO trial epoch 2/10 batch 65/66 (98%) running_loss=0.9948
2026-08-13 07:20:23,472 INFO trial epoch 2/10 batch 66/66 (100%) running_loss=0.9936
2026-08-13 07:20:24,813 INFO trial epoch 2/10 done: train_loss=0.9936 val_macro_auc=0.7376
2026-08-13 07:20:27,869 INFO trial epoch 3/10 batch 13/66 (20%) running_loss=0.9272
2026-08-13 07:20:30,623 INFO trial epoch 3/10 batch 26/66 (39%) running_loss=0.9379
2026-08-13 07:20:33,168 INFO trial epoch 3/10 batch 39/66 (59%) running_loss=0.9327
2026-08-13 07:20:35,686 INFO trial epoch 3/10 batch 52/66 (79%) running_loss=0.9281
2026-08-13 07:20:38,208 INFO trial epoch 3/10 batch 65/66 (98%) running_loss=0.9304
2026-08-13 07:20:38,376 INFO trial epoch 3/10 batch 66/66 (100%) running_loss=0.9311
2026-08-13 07:20:39,756 INFO trial epoch 3/10 done: train_loss=0.9311 val_macro_auc=0.7087
2026-08-13 07:20:42,790 INFO trial epoch 4/10 batch 13/66 (20%) running_loss=0.8932
2026-08-13 07:20:45,369 INFO trial epoch 4/10 batch 26/66 (39%) running_loss=0.9112
2026-08-13 07:20:47,939 INFO trial epoch 4/10 batch 39/66 (59%) running_loss=0.8989
2026-08-13 07:20:50,493 INFO trial epoch 4/10 batch 52/66 (79%) running_loss=0.8960
2026-08-13 07:20:53,034 INFO trial epoch 4/10 batch 65/66 (98%) running_loss=0.8872
2026-08-13 07:20:53,201 INFO trial epoch 4/10 batch 66/66 (100%) running_loss=0.8892
2026-08-13 07:20:54,585 INFO trial epoch 4/10 done: train_loss=0.8892 val_macro_auc=0.7550
2026-08-13 07:20:57,625 INFO trial epoch 5/10 batch 13/66 (20%) running_loss=0.8786
2026-08-13 07:21:00,198 INFO trial epoch 5/10 batch 26/66 (39%) running_loss=0.8642
2026-08-13 07:21:02,751 INFO trial epoch 5/10 batch 39/66 (59%) running_loss=0.8612
2026-08-13 07:21:05,307 INFO trial epoch 5/10 batch 52/66 (79%) running_loss=0.8556
2026-08-13 07:21:07,857 INFO trial epoch 5/10 batch 65/66 (98%) running_loss=0.8612
2026-08-13 07:21:08,023 INFO trial epoch 5/10 batch 66/66 (100%) running_loss=0.8623
2026-08-13 07:21:09,446 INFO trial epoch 5/10 done: train_loss=0.8623 val_macro_auc=0.7546
2026-08-13 07:21:12,510 INFO trial epoch 6/10 batch 13/66 (20%) running_loss=0.7562
2026-08-13 07:21:15,053 INFO trial epoch 6/10 batch 26/66 (39%) running_loss=0.8327
2026-08-13 07:21:17,594 INFO trial epoch 6/10 batch 39/66 (59%) running_loss=0.8342
2026-08-13 07:21:20,114 INFO trial epoch 6/10 batch 52/66 (79%) running_loss=0.8405
2026-08-13 07:21:22,648 INFO trial epoch 6/10 batch 65/66 (98%) running_loss=0.8386
2026-08-13 07:21:22,814 INFO trial epoch 6/10 batch 66/66 (100%) running_loss=0.8379
2026-08-13 07:21:24,155 INFO trial epoch 6/10 done: train_loss=0.8379 val_macro_auc=0.7734
2026-08-13 07:21:27,183 INFO trial epoch 7/10 batch 13/66 (20%) running_loss=0.8248
2026-08-13 07:21:29,703 INFO trial epoch 7/10 batch 26/66 (39%) running_loss=0.7961
2026-08-13 07:21:32,233 INFO trial epoch 7/10 batch 39/66 (59%) running_loss=0.7975
2026-08-13 07:21:34,764 INFO trial epoch 7/10 batch 52/66 (79%) running_loss=0.8033
2026-08-13 07:21:37,289 INFO trial epoch 7/10 batch 65/66 (98%) running_loss=0.7985
2026-08-13 07:21:37,455 INFO trial epoch 7/10 batch 66/66 (100%) running_loss=0.8000
2026-08-13 07:21:38,809 INFO trial epoch 7/10 done: train_loss=0.8000 val_macro_auc=0.7516
2026-08-13 07:21:41,825 INFO trial epoch 8/10 batch 13/66 (20%) running_loss=0.8270
2026-08-13 07:21:44,384 INFO trial epoch 8/10 batch 26/66 (39%) running_loss=0.8101
2026-08-13 07:21:46,949 INFO trial epoch 8/10 batch 39/66 (59%) running_loss=0.8043
2026-08-13 07:21:49,495 INFO trial epoch 8/10 batch 52/66 (79%) running_loss=0.7934
2026-08-13 07:21:52,018 INFO trial epoch 8/10 batch 65/66 (98%) running_loss=0.7844
2026-08-13 07:21:52,184 INFO trial epoch 8/10 batch 66/66 (100%) running_loss=0.7859
2026-08-13 07:21:53,615 INFO trial epoch 8/10 done: train_loss=0.7859 val_macro_auc=0.7329
2026-08-13 07:21:56,637 INFO trial epoch 9/10 batch 13/66 (20%) running_loss=0.8059
2026-08-13 07:21:59,192 INFO trial epoch 9/10 batch 26/66 (39%) running_loss=0.7700
2026-08-13 07:22:01,763 INFO trial epoch 9/10 batch 39/66 (59%) running_loss=0.7702
2026-08-13 07:22:04,343 INFO trial epoch 9/10 batch 52/66 (79%) running_loss=0.7622
2026-08-13 07:22:06,890 INFO trial epoch 9/10 batch 65/66 (98%) running_loss=0.7567
2026-08-13 07:22:07,058 INFO trial epoch 9/10 batch 66/66 (100%) running_loss=0.7606
2026-08-13 07:22:08,437 INFO trial epoch 9/10 done: train_loss=0.7606 val_macro_auc=0.7615
2026-08-13 07:22:11,688 INFO trial epoch 10/10 batch 13/66 (20%) running_loss=0.7537
2026-08-13 07:22:14,278 INFO trial epoch 10/10 batch 26/66 (39%) running_loss=0.7387
2026-08-13 07:22:16,870 INFO trial epoch 10/10 batch 39/66 (59%) running_loss=0.7550
2026-08-13 07:22:19,419 INFO trial epoch 10/10 batch 52/66 (79%) running_loss=0.7502
2026-08-13 07:22:21,933 INFO trial epoch 10/10 batch 65/66 (98%) running_loss=0.7575
2026-08-13 07:22:22,101 INFO trial epoch 10/10 batch 66/66 (100%) running_loss=0.7588
2026-08-13 07:22:23,495 INFO trial epoch 10/10 done: train_loss=0.7588 val_macro_auc=0.7209
2026-08-13 07:22:23,641 INFO Trial 3/25: finished val_macro_auc=0.7384 (best so far: 0.8495)
2026-08-13 07:22:23,642 INFO Trial 4/25: starting (10 trial epochs)
2026-08-13 07:22:26,848 INFO trial epoch 1/10 batch 13/66 (20%) running_loss=1.1078
2026-08-13 07:22:29,395 INFO trial epoch 1/10 batch 26/66 (39%) running_loss=1.1144
2026-08-13 07:22:31,972 INFO trial epoch 1/10 batch 39/66 (59%) running_loss=1.1096
2026-08-13 07:22:34,509 INFO trial epoch 1/10 batch 52/66 (79%) running_loss=1.1145
2026-08-13 07:22:37,032 INFO trial epoch 1/10 batch 65/66 (98%) running_loss=1.1046
2026-08-13 07:22:37,202 INFO trial epoch 1/10 batch 66/66 (100%) running_loss=1.1046
2026-08-13 07:22:38,655 INFO trial epoch 1/10 done: train_loss=1.1046 val_macro_auc=0.6675
2026-08-13 07:22:41,718 INFO trial epoch 2/10 batch 13/66 (20%) running_loss=1.0598
2026-08-13 07:22:44,275 INFO trial epoch 2/10 batch 26/66 (39%) running_loss=1.0693
2026-08-13 07:22:46,819 INFO trial epoch 2/10 batch 39/66 (59%) running_loss=1.0636
2026-08-13 07:22:49,397 INFO trial epoch 2/10 batch 52/66 (79%) running_loss=1.0532
2026-08-13 07:22:51,957 INFO trial epoch 2/10 batch 65/66 (98%) running_loss=1.0451
2026-08-13 07:22:52,124 INFO trial epoch 2/10 batch 66/66 (100%) running_loss=1.0446
2026-08-13 07:22:53,493 INFO trial epoch 2/10 done: train_loss=1.0446 val_macro_auc=0.7664
2026-08-13 07:22:56,561 INFO trial epoch 3/10 batch 13/66 (20%) running_loss=0.9726
2026-08-13 07:22:59,336 INFO trial epoch 3/10 batch 26/66 (39%) running_loss=0.9553
2026-08-13 07:23:01,900 INFO trial epoch 3/10 batch 39/66 (59%) running_loss=0.9526
2026-08-13 07:23:04,457 INFO trial epoch 3/10 batch 52/66 (79%) running_loss=0.9351
2026-08-13 07:23:06,989 INFO trial epoch 3/10 batch 65/66 (98%) running_loss=0.9229
2026-08-13 07:23:07,156 INFO trial epoch 3/10 batch 66/66 (100%) running_loss=0.9245
2026-08-13 07:23:08,564 INFO trial epoch 3/10 done: train_loss=0.9245 val_macro_auc=0.7594
2026-08-13 07:23:11,631 INFO trial epoch 4/10 batch 13/66 (20%) running_loss=0.8592
2026-08-13 07:23:14,171 INFO trial epoch 4/10 batch 26/66 (39%) running_loss=0.8218
2026-08-13 07:23:16,694 INFO trial epoch 4/10 batch 39/66 (59%) running_loss=0.8440
2026-08-13 07:23:19,210 INFO trial epoch 4/10 batch 52/66 (79%) running_loss=0.8460
2026-08-13 07:23:21,737 INFO trial epoch 4/10 batch 65/66 (98%) running_loss=0.8493
2026-08-13 07:23:21,905 INFO trial epoch 4/10 batch 66/66 (100%) running_loss=0.8482
2026-08-13 07:23:23,256 INFO trial epoch 4/10 done: train_loss=0.8482 val_macro_auc=0.8202
2026-08-13 07:23:26,329 INFO trial epoch 5/10 batch 13/66 (20%) running_loss=0.8428
2026-08-13 07:23:28,892 INFO trial epoch 5/10 batch 26/66 (39%) running_loss=0.8404
2026-08-13 07:23:31,440 INFO trial epoch 5/10 batch 39/66 (59%) running_loss=0.8062
2026-08-13 07:23:33,981 INFO trial epoch 5/10 batch 52/66 (79%) running_loss=0.8103
2026-08-13 07:23:36,505 INFO trial epoch 5/10 batch 65/66 (98%) running_loss=0.8027
2026-08-13 07:23:36,672 INFO trial epoch 5/10 batch 66/66 (100%) running_loss=0.8006
2026-08-13 07:23:38,005 INFO trial epoch 5/10 done: train_loss=0.8006 val_macro_auc=0.7888
2026-08-13 07:23:41,067 INFO trial epoch 6/10 batch 13/66 (20%) running_loss=0.7709
2026-08-13 07:23:43,648 INFO trial epoch 6/10 batch 26/66 (39%) running_loss=0.7673
2026-08-13 07:23:46,190 INFO trial epoch 6/10 batch 39/66 (59%) running_loss=0.7562
2026-08-13 07:23:48,753 INFO trial epoch 6/10 batch 52/66 (79%) running_loss=0.7557
2026-08-13 07:23:51,287 INFO trial epoch 6/10 batch 65/66 (98%) running_loss=0.7488
2026-08-13 07:23:51,455 INFO trial epoch 6/10 batch 66/66 (100%) running_loss=0.7506
2026-08-13 07:23:52,853 INFO trial epoch 6/10 done: train_loss=0.7506 val_macro_auc=0.8138
2026-08-13 07:23:55,894 INFO trial epoch 7/10 batch 13/66 (20%) running_loss=0.7245
2026-08-13 07:23:58,443 INFO trial epoch 7/10 batch 26/66 (39%) running_loss=0.7064
2026-08-13 07:24:00,994 INFO trial epoch 7/10 batch 39/66 (59%) running_loss=0.7050
2026-08-13 07:24:03,572 INFO trial epoch 7/10 batch 52/66 (79%) running_loss=0.7099
2026-08-13 07:24:06,108 INFO trial epoch 7/10 batch 65/66 (98%) running_loss=0.7182
2026-08-13 07:24:06,279 INFO trial epoch 7/10 batch 66/66 (100%) running_loss=0.7191
2026-08-13 07:24:07,724 INFO trial epoch 7/10 done: train_loss=0.7191 val_macro_auc=0.8245
2026-08-13 07:24:10,819 INFO trial epoch 8/10 batch 13/66 (20%) running_loss=0.6988
2026-08-13 07:24:13,387 INFO trial epoch 8/10 batch 26/66 (39%) running_loss=0.6944
2026-08-13 07:24:15,947 INFO trial epoch 8/10 batch 39/66 (59%) running_loss=0.6921
2026-08-13 07:24:18,495 INFO trial epoch 8/10 batch 52/66 (79%) running_loss=0.6768
2026-08-13 07:24:21,009 INFO trial epoch 8/10 batch 65/66 (98%) running_loss=0.6792
2026-08-13 07:24:21,174 INFO trial epoch 8/10 batch 66/66 (100%) running_loss=0.6790
2026-08-13 07:24:22,603 INFO trial epoch 8/10 done: train_loss=0.6790 val_macro_auc=0.8119
2026-08-13 07:24:25,662 INFO trial epoch 9/10 batch 13/66 (20%) running_loss=0.6639
2026-08-13 07:24:28,206 INFO trial epoch 9/10 batch 26/66 (39%) running_loss=0.6930
2026-08-13 07:24:30,771 INFO trial epoch 9/10 batch 39/66 (59%) running_loss=0.6853
2026-08-13 07:24:33,314 INFO trial epoch 9/10 batch 52/66 (79%) running_loss=0.6821
2026-08-13 07:24:35,849 INFO trial epoch 9/10 batch 65/66 (98%) running_loss=0.6844
2026-08-13 07:24:36,015 INFO trial epoch 9/10 batch 66/66 (100%) running_loss=0.6858
2026-08-13 07:24:37,433 INFO trial epoch 9/10 done: train_loss=0.6858 val_macro_auc=0.8227
2026-08-13 07:24:40,610 INFO trial epoch 10/10 batch 13/66 (20%) running_loss=0.6979
2026-08-13 07:24:43,169 INFO trial epoch 10/10 batch 26/66 (39%) running_loss=0.6771
2026-08-13 07:24:45,746 INFO trial epoch 10/10 batch 39/66 (59%) running_loss=0.6740
2026-08-13 07:24:48,295 INFO trial epoch 10/10 batch 52/66 (79%) running_loss=0.6725
2026-08-13 07:24:50,849 INFO trial epoch 10/10 batch 65/66 (98%) running_loss=0.6746
2026-08-13 07:24:51,017 INFO trial epoch 10/10 batch 66/66 (100%) running_loss=0.6771
2026-08-13 07:24:52,428 INFO trial epoch 10/10 done: train_loss=0.6771 val_macro_auc=0.8200
2026-08-13 07:24:52,576 INFO Trial 4/25: finished val_macro_auc=0.8182 (best so far: 0.8495)
2026-08-13 07:24:52,579 INFO Trial 5/25: starting (10 trial epochs)
2026-08-13 07:24:55,763 INFO trial epoch 1/10 batch 13/66 (20%) running_loss=1.1128
2026-08-13 07:24:58,320 INFO trial epoch 1/10 batch 26/66 (39%) running_loss=1.1068
2026-08-13 07:25:00,846 INFO trial epoch 1/10 batch 39/66 (59%) running_loss=1.1002
2026-08-13 07:25:03,382 INFO trial epoch 1/10 batch 52/66 (79%) running_loss=1.0949
2026-08-13 07:25:05,913 INFO trial epoch 1/10 batch 65/66 (98%) running_loss=1.0964
2026-08-13 07:25:06,079 INFO trial epoch 1/10 batch 66/66 (100%) running_loss=1.0950
2026-08-13 07:25:07,444 INFO trial epoch 1/10 done: train_loss=1.0950 val_macro_auc=0.6820
2026-08-13 07:25:10,486 INFO trial epoch 2/10 batch 13/66 (20%) running_loss=1.0695
2026-08-13 07:25:13,039 INFO trial epoch 2/10 batch 26/66 (39%) running_loss=1.0381
2026-08-13 07:25:15,565 INFO trial epoch 2/10 batch 39/66 (59%) running_loss=1.0170
2026-08-13 07:25:18,124 INFO trial epoch 2/10 batch 52/66 (79%) running_loss=1.0008
2026-08-13 07:25:20,655 INFO trial epoch 2/10 batch 65/66 (98%) running_loss=0.9960
2026-08-13 07:25:20,823 INFO trial epoch 2/10 batch 66/66 (100%) running_loss=0.9958
2026-08-13 07:25:22,238 INFO trial epoch 2/10 done: train_loss=0.9958 val_macro_auc=0.7673
2026-08-13 07:25:25,306 INFO trial epoch 3/10 batch 13/66 (20%) running_loss=0.9381
2026-08-13 07:25:28,037 INFO trial epoch 3/10 batch 26/66 (39%) running_loss=0.9532
2026-08-13 07:25:30,581 INFO trial epoch 3/10 batch 39/66 (59%) running_loss=0.9396
2026-08-13 07:25:33,156 INFO trial epoch 3/10 batch 52/66 (79%) running_loss=0.9338
2026-08-13 07:25:35,675 INFO trial epoch 3/10 batch 65/66 (98%) running_loss=0.9196
2026-08-13 07:25:35,842 INFO trial epoch 3/10 batch 66/66 (100%) running_loss=0.9181
2026-08-13 07:25:37,271 INFO trial epoch 3/10 done: train_loss=0.9181 val_macro_auc=0.7935
2026-08-13 07:25:40,320 INFO trial epoch 4/10 batch 13/66 (20%) running_loss=0.8543
2026-08-13 07:25:42,875 INFO trial epoch 4/10 batch 26/66 (39%) running_loss=0.8751
2026-08-13 07:25:45,419 INFO trial epoch 4/10 batch 39/66 (59%) running_loss=0.8560
2026-08-13 07:25:47,966 INFO trial epoch 4/10 batch 52/66 (79%) running_loss=0.8585
2026-08-13 07:25:50,500 INFO trial epoch 4/10 batch 65/66 (98%) running_loss=0.8443
2026-08-13 07:25:50,669 INFO trial epoch 4/10 batch 66/66 (100%) running_loss=0.8446
2026-08-13 07:25:52,010 INFO trial epoch 4/10 done: train_loss=0.8446 val_macro_auc=0.7606
2026-08-13 07:25:55,074 INFO trial epoch 5/10 batch 13/66 (20%) running_loss=0.8764
2026-08-13 07:25:57,618 INFO trial epoch 5/10 batch 26/66 (39%) running_loss=0.8329
2026-08-13 07:26:00,142 INFO trial epoch 5/10 batch 39/66 (59%) running_loss=0.8175
2026-08-13 07:26:02,682 INFO trial epoch 5/10 batch 52/66 (79%) running_loss=0.8077
2026-08-13 07:26:05,222 INFO trial epoch 5/10 batch 65/66 (98%) running_loss=0.7958
2026-08-13 07:26:05,390 INFO trial epoch 5/10 batch 66/66 (100%) running_loss=0.7944
2026-08-13 07:26:06,771 INFO trial epoch 5/10 done: train_loss=0.7944 val_macro_auc=0.7888
2026-08-13 07:26:09,750 INFO trial epoch 6/10 batch 13/66 (20%) running_loss=0.7768
2026-08-13 07:26:12,333 INFO trial epoch 6/10 batch 26/66 (39%) running_loss=0.7735
2026-08-13 07:26:14,915 INFO trial epoch 6/10 batch 39/66 (59%) running_loss=0.7861
2026-08-13 07:26:17,485 INFO trial epoch 6/10 batch 52/66 (79%) running_loss=0.7756
2026-08-13 07:26:20,020 INFO trial epoch 6/10 batch 65/66 (98%) running_loss=0.7772
2026-08-13 07:26:20,188 INFO trial epoch 6/10 batch 66/66 (100%) running_loss=0.7788
2026-08-13 07:26:21,582 INFO trial epoch 6/10 done: train_loss=0.7788 val_macro_auc=0.8374
2026-08-13 07:26:24,695 INFO trial epoch 7/10 batch 13/66 (20%) running_loss=0.7810
2026-08-13 07:26:27,244 INFO trial epoch 7/10 batch 26/66 (39%) running_loss=0.7440
2026-08-13 07:26:29,837 INFO trial epoch 7/10 batch 39/66 (59%) running_loss=0.7380
2026-08-13 07:26:32,400 INFO trial epoch 7/10 batch 52/66 (79%) running_loss=0.7355
2026-08-13 07:26:34,938 INFO trial epoch 7/10 batch 65/66 (98%) running_loss=0.7400
2026-08-13 07:26:35,105 INFO trial epoch 7/10 batch 66/66 (100%) running_loss=0.7396
2026-08-13 07:26:36,485 INFO trial epoch 7/10 done: train_loss=0.7396 val_macro_auc=0.8187
2026-08-13 07:26:39,500 INFO trial epoch 8/10 batch 13/66 (20%) running_loss=0.7312
2026-08-13 07:26:42,080 INFO trial epoch 8/10 batch 26/66 (39%) running_loss=0.6999
2026-08-13 07:26:44,691 INFO trial epoch 8/10 batch 39/66 (59%) running_loss=0.7218
2026-08-13 07:26:47,226 INFO trial epoch 8/10 batch 52/66 (79%) running_loss=0.7238
2026-08-13 07:26:49,783 INFO trial epoch 8/10 batch 65/66 (98%) running_loss=0.7169
2026-08-13 07:26:49,949 INFO trial epoch 8/10 batch 66/66 (100%) running_loss=0.7165
2026-08-13 07:26:51,346 INFO trial epoch 8/10 done: train_loss=0.7165 val_macro_auc=0.8511
2026-08-13 07:26:54,333 INFO trial epoch 9/10 batch 13/66 (20%) running_loss=0.6797
2026-08-13 07:26:56,891 INFO trial epoch 9/10 batch 26/66 (39%) running_loss=0.6671
2026-08-13 07:26:59,443 INFO trial epoch 9/10 batch 39/66 (59%) running_loss=0.6885
2026-08-13 07:27:01,982 INFO trial epoch 9/10 batch 52/66 (79%) running_loss=0.6882
2026-08-13 07:27:04,500 INFO trial epoch 9/10 batch 65/66 (98%) running_loss=0.6813
2026-08-13 07:27:04,669 INFO trial epoch 9/10 batch 66/66 (100%) running_loss=0.6832
2026-08-13 07:27:06,096 INFO trial epoch 9/10 done: train_loss=0.6832 val_macro_auc=0.8355
2026-08-13 07:27:09,311 INFO trial epoch 10/10 batch 13/66 (20%) running_loss=0.7090
2026-08-13 07:27:11,898 INFO trial epoch 10/10 batch 26/66 (39%) running_loss=0.6859
2026-08-13 07:27:14,463 INFO trial epoch 10/10 batch 39/66 (59%) running_loss=0.6863
2026-08-13 07:27:17,050 INFO trial epoch 10/10 batch 52/66 (79%) running_loss=0.6806
2026-08-13 07:27:19,564 INFO trial epoch 10/10 batch 65/66 (98%) running_loss=0.6782
2026-08-13 07:27:19,732 INFO trial epoch 10/10 batch 66/66 (100%) running_loss=0.6784
2026-08-13 07:27:21,133 INFO trial epoch 10/10 done: train_loss=0.6784 val_macro_auc=0.8487
2026-08-13 07:27:21,284 INFO Trial 5/25: finished val_macro_auc=0.8451 (best so far: 0.8495)
2026-08-13 07:27:21,290 INFO Trial 6/25: starting (10 trial epochs)
2026-08-13 07:27:24,533 INFO trial epoch 1/10 batch 13/66 (20%) running_loss=1.0911
2026-08-13 07:27:27,122 INFO trial epoch 1/10 batch 26/66 (39%) running_loss=1.0946
2026-08-13 07:27:29,646 INFO trial epoch 1/10 batch 39/66 (59%) running_loss=1.0965
2026-08-13 07:27:32,195 INFO trial epoch 1/10 batch 52/66 (79%) running_loss=1.0921
2026-08-13 07:27:34,727 INFO trial epoch 1/10 batch 65/66 (98%) running_loss=1.0902
2026-08-13 07:27:34,895 INFO trial epoch 1/10 batch 66/66 (100%) running_loss=1.0911
2026-08-13 07:27:36,298 INFO trial epoch 1/10 done: train_loss=1.0911 val_macro_auc=0.7118
2026-08-13 07:27:39,353 INFO trial epoch 2/10 batch 13/66 (20%) running_loss=1.0716
2026-08-13 07:27:41,911 INFO trial epoch 2/10 batch 26/66 (39%) running_loss=1.0239
2026-08-13 07:27:44,486 INFO trial epoch 2/10 batch 39/66 (59%) running_loss=1.0379
2026-08-13 07:27:47,027 INFO trial epoch 2/10 batch 52/66 (79%) running_loss=1.0289
2026-08-13 07:27:49,563 INFO trial epoch 2/10 batch 65/66 (98%) running_loss=1.0203
2026-08-13 07:27:49,730 INFO trial epoch 2/10 batch 66/66 (100%) running_loss=1.0201
2026-08-13 07:27:51,141 INFO trial epoch 2/10 done: train_loss=1.0201 val_macro_auc=0.7862
2026-08-13 07:27:54,225 INFO trial epoch 3/10 batch 13/66 (20%) running_loss=0.9195
2026-08-13 07:27:57,006 INFO trial epoch 3/10 batch 26/66 (39%) running_loss=0.9103
2026-08-13 07:27:59,574 INFO trial epoch 3/10 batch 39/66 (59%) running_loss=0.9231
2026-08-13 07:28:02,147 INFO trial epoch 3/10 batch 52/66 (79%) running_loss=0.9158
2026-08-13 07:28:04,694 INFO trial epoch 3/10 batch 65/66 (98%) running_loss=0.8997
2026-08-13 07:28:04,864 INFO trial epoch 3/10 batch 66/66 (100%) running_loss=0.9003
2026-08-13 07:28:06,270 INFO trial epoch 3/10 done: train_loss=0.9003 val_macro_auc=0.8014
2026-08-13 07:28:09,356 INFO trial epoch 4/10 batch 13/66 (20%) running_loss=0.8946
2026-08-13 07:28:11,920 INFO trial epoch 4/10 batch 26/66 (39%) running_loss=0.8673
2026-08-13 07:28:14,471 INFO trial epoch 4/10 batch 39/66 (59%) running_loss=0.8458
2026-08-13 07:28:17,035 INFO trial epoch 4/10 batch 52/66 (79%) running_loss=0.8555
2026-08-13 07:28:19,591 INFO trial epoch 4/10 batch 65/66 (98%) running_loss=0.8577
2026-08-13 07:28:19,757 INFO trial epoch 4/10 batch 66/66 (100%) running_loss=0.8572
2026-08-13 07:28:21,141 INFO trial epoch 4/10 done: train_loss=0.8572 val_macro_auc=0.8008
2026-08-13 07:28:24,233 INFO trial epoch 5/10 batch 13/66 (20%) running_loss=0.8137
2026-08-13 07:28:26,796 INFO trial epoch 5/10 batch 26/66 (39%) running_loss=0.8500
2026-08-13 07:28:29,382 INFO trial epoch 5/10 batch 39/66 (59%) running_loss=0.8422
2026-08-13 07:28:31,939 INFO trial epoch 5/10 batch 52/66 (79%) running_loss=0.8163
2026-08-13 07:28:34,501 INFO trial epoch 5/10 batch 65/66 (98%) running_loss=0.8066
2026-08-13 07:28:34,668 INFO trial epoch 5/10 batch 66/66 (100%) running_loss=0.8058
2026-08-13 07:28:36,096 INFO trial epoch 5/10 done: train_loss=0.8058 val_macro_auc=0.8138
2026-08-13 07:28:39,194 INFO trial epoch 6/10 batch 13/66 (20%) running_loss=0.8043
2026-08-13 07:28:41,797 INFO trial epoch 6/10 batch 26/66 (39%) running_loss=0.7598
2026-08-13 07:28:44,367 INFO trial epoch 6/10 batch 39/66 (59%) running_loss=0.7676
2026-08-13 07:28:46,948 INFO trial epoch 6/10 batch 52/66 (79%) running_loss=0.7647
2026-08-13 07:28:49,488 INFO trial epoch 6/10 batch 65/66 (98%) running_loss=0.7619
2026-08-13 07:28:49,655 INFO trial epoch 6/10 batch 66/66 (100%) running_loss=0.7640
2026-08-13 07:28:51,088 INFO trial epoch 6/10 done: train_loss=0.7640 val_macro_auc=0.8068
2026-08-13 07:28:54,177 INFO trial epoch 7/10 batch 13/66 (20%) running_loss=0.7255
2026-08-13 07:28:56,726 INFO trial epoch 7/10 batch 26/66 (39%) running_loss=0.7062
2026-08-13 07:28:59,249 INFO trial epoch 7/10 batch 39/66 (59%) running_loss=0.7118
2026-08-13 07:29:01,794 INFO trial epoch 7/10 batch 52/66 (79%) running_loss=0.7139
2026-08-13 07:29:04,341 INFO trial epoch 7/10 batch 65/66 (98%) running_loss=0.7128
2026-08-13 07:29:04,508 INFO trial epoch 7/10 batch 66/66 (100%) running_loss=0.7137
2026-08-13 07:29:05,849 INFO trial epoch 7/10 done: train_loss=0.7137 val_macro_auc=0.8059
2026-08-13 07:29:08,927 INFO trial epoch 8/10 batch 13/66 (20%) running_loss=0.6920
2026-08-13 07:29:11,464 INFO trial epoch 8/10 batch 26/66 (39%) running_loss=0.6716
2026-08-13 07:29:14,022 INFO trial epoch 8/10 batch 39/66 (59%) running_loss=0.6634
2026-08-13 07:29:16,558 INFO trial epoch 8/10 batch 52/66 (79%) running_loss=0.6890
2026-08-13 07:29:19,112 INFO trial epoch 8/10 batch 65/66 (98%) running_loss=0.6995
2026-08-13 07:29:19,278 INFO trial epoch 8/10 batch 66/66 (100%) running_loss=0.6985
2026-08-13 07:29:20,703 INFO trial epoch 8/10 done: train_loss=0.6985 val_macro_auc=0.8248
2026-08-13 07:29:23,778 INFO trial epoch 9/10 batch 13/66 (20%) running_loss=0.6818
2026-08-13 07:29:26,331 INFO trial epoch 9/10 batch 26/66 (39%) running_loss=0.6617
2026-08-13 07:29:28,866 INFO trial epoch 9/10 batch 39/66 (59%) running_loss=0.6533
2026-08-13 07:29:31,399 INFO trial epoch 9/10 batch 52/66 (79%) running_loss=0.6628
2026-08-13 07:29:33,948 INFO trial epoch 9/10 batch 65/66 (98%) running_loss=0.6738
2026-08-13 07:29:34,116 INFO trial epoch 9/10 batch 66/66 (100%) running_loss=0.6762
2026-08-13 07:29:35,522 INFO trial epoch 9/10 done: train_loss=0.6762 val_macro_auc=0.8255
2026-08-13 07:29:38,794 INFO trial epoch 10/10 batch 13/66 (20%) running_loss=0.6354
2026-08-13 07:29:41,348 INFO trial epoch 10/10 batch 26/66 (39%) running_loss=0.6430
2026-08-13 07:29:43,914 INFO trial epoch 10/10 batch 39/66 (59%) running_loss=0.6549
2026-08-13 07:29:46,466 INFO trial epoch 10/10 batch 52/66 (79%) running_loss=0.6627
2026-08-13 07:29:49,004 INFO trial epoch 10/10 batch 65/66 (98%) running_loss=0.6676
2026-08-13 07:29:49,171 INFO trial epoch 10/10 batch 66/66 (100%) running_loss=0.6696
2026-08-13 07:29:50,540 INFO trial epoch 10/10 done: train_loss=0.6696 val_macro_auc=0.8234
2026-08-13 07:29:50,687 INFO Trial 6/25: finished val_macro_auc=0.8246 (best so far: 0.8495)
2026-08-13 07:29:50,688 INFO Trial 7/25: starting (10 trial epochs)
2026-08-13 07:29:53,824 INFO trial epoch 1/10 batch 13/66 (20%) running_loss=1.0848
2026-08-13 07:29:56,365 INFO trial epoch 1/10 batch 26/66 (39%) running_loss=1.0896
2026-08-13 07:29:58,912 INFO trial epoch 1/10 batch 39/66 (59%) running_loss=1.0943
2026-08-13 07:30:01,447 INFO trial epoch 1/10 batch 52/66 (79%) running_loss=1.0964
2026-08-13 07:30:03,991 INFO trial epoch 1/10 batch 65/66 (98%) running_loss=1.0860
2026-08-13 07:30:04,158 INFO trial epoch 1/10 batch 66/66 (100%) running_loss=1.0858
2026-08-13 07:30:05,500 INFO trial epoch 1/10 done: train_loss=1.0858 val_macro_auc=0.6902
2026-08-13 07:30:08,541 INFO trial epoch 2/10 batch 13/66 (20%) running_loss=1.0471
2026-08-13 07:30:11,112 INFO trial epoch 2/10 batch 26/66 (39%) running_loss=1.0019
2026-08-13 07:30:13,685 INFO trial epoch 2/10 batch 39/66 (59%) running_loss=0.9883
2026-08-13 07:30:16,226 INFO trial epoch 2/10 batch 52/66 (79%) running_loss=0.9791
2026-08-13 07:30:18,748 INFO trial epoch 2/10 batch 65/66 (98%) running_loss=0.9760
2026-08-13 07:30:18,916 INFO trial epoch 2/10 batch 66/66 (100%) running_loss=0.9763
2026-08-13 07:30:20,277 INFO trial epoch 2/10 done: train_loss=0.9763 val_macro_auc=0.7651
2026-08-13 07:30:23,329 INFO trial epoch 3/10 batch 13/66 (20%) running_loss=0.9313
2026-08-13 07:30:26,059 INFO trial epoch 3/10 batch 26/66 (39%) running_loss=0.9203
2026-08-13 07:30:28,618 INFO trial epoch 3/10 batch 39/66 (59%) running_loss=0.9013
2026-08-13 07:30:31,149 INFO trial epoch 3/10 batch 52/66 (79%) running_loss=0.8859
2026-08-13 07:30:33,692 INFO trial epoch 3/10 batch 65/66 (98%) running_loss=0.8730
2026-08-13 07:30:33,860 INFO trial epoch 3/10 batch 66/66 (100%) running_loss=0.8761
2026-08-13 07:30:35,261 INFO trial epoch 3/10 done: train_loss=0.8761 val_macro_auc=0.7964
2026-08-13 07:30:38,325 INFO trial epoch 4/10 batch 13/66 (20%) running_loss=0.8885
2026-08-13 07:30:40,853 INFO trial epoch 4/10 batch 26/66 (39%) running_loss=0.9170
2026-08-13 07:30:43,408 INFO trial epoch 4/10 batch 39/66 (59%) running_loss=0.8998
2026-08-13 07:30:45,969 INFO trial epoch 4/10 batch 52/66 (79%) running_loss=0.8847
2026-08-13 07:30:48,491 INFO trial epoch 4/10 batch 65/66 (98%) running_loss=0.8892
2026-08-13 07:30:48,667 INFO trial epoch 4/10 batch 66/66 (100%) running_loss=0.8882
2026-08-13 07:30:50,030 INFO trial epoch 4/10 done: train_loss=0.8882 val_macro_auc=0.7833
2026-08-13 07:30:53,104 INFO trial epoch 5/10 batch 13/66 (20%) running_loss=0.8190
2026-08-13 07:30:55,667 INFO trial epoch 5/10 batch 26/66 (39%) running_loss=0.8369
2026-08-13 07:30:58,202 INFO trial epoch 5/10 batch 39/66 (59%) running_loss=0.8267
2026-08-13 07:31:00,735 INFO trial epoch 5/10 batch 52/66 (79%) running_loss=0.8252
2026-08-13 07:31:03,269 INFO trial epoch 5/10 batch 65/66 (98%) running_loss=0.8224
2026-08-13 07:31:03,435 INFO trial epoch 5/10 batch 66/66 (100%) running_loss=0.8221
2026-08-13 07:31:04,830 INFO trial epoch 5/10 done: train_loss=0.8221 val_macro_auc=0.7634
2026-08-13 07:31:07,865 INFO trial epoch 6/10 batch 13/66 (20%) running_loss=0.7790
2026-08-13 07:31:10,380 INFO trial epoch 6/10 batch 26/66 (39%) running_loss=0.7839
2026-08-13 07:31:12,919 INFO trial epoch 6/10 batch 39/66 (59%) running_loss=0.7976
2026-08-13 07:31:15,500 INFO trial epoch 6/10 batch 52/66 (79%) running_loss=0.7912
2026-08-13 07:31:18,039 INFO trial epoch 6/10 batch 65/66 (98%) running_loss=0.7864
2026-08-13 07:31:18,204 INFO trial epoch 6/10 batch 66/66 (100%) running_loss=0.7871
2026-08-13 07:31:19,623 INFO trial epoch 6/10 done: train_loss=0.7871 val_macro_auc=0.8301
2026-08-13 07:31:22,676 INFO trial epoch 7/10 batch 13/66 (20%) running_loss=0.7814
2026-08-13 07:31:25,215 INFO trial epoch 7/10 batch 26/66 (39%) running_loss=0.7620
2026-08-13 07:31:27,771 INFO trial epoch 7/10 batch 39/66 (59%) running_loss=0.7546
2026-08-13 07:31:30,312 INFO trial epoch 7/10 batch 52/66 (79%) running_loss=0.7565
2026-08-13 07:31:32,851 INFO trial epoch 7/10 batch 65/66 (98%) running_loss=0.7588
2026-08-13 07:31:33,016 INFO trial epoch 7/10 batch 66/66 (100%) running_loss=0.7578
2026-08-13 07:31:34,357 INFO trial epoch 7/10 done: train_loss=0.7578 val_macro_auc=0.8250
2026-08-13 07:31:37,416 INFO trial epoch 8/10 batch 13/66 (20%) running_loss=0.6999
2026-08-13 07:31:39,991 INFO trial epoch 8/10 batch 26/66 (39%) running_loss=0.7163
2026-08-13 07:31:42,557 INFO trial epoch 8/10 batch 39/66 (59%) running_loss=0.7170
2026-08-13 07:31:45,093 INFO trial epoch 8/10 batch 52/66 (79%) running_loss=0.7222
2026-08-13 07:31:47,639 INFO trial epoch 8/10 batch 65/66 (98%) running_loss=0.7168
2026-08-13 07:31:47,805 INFO trial epoch 8/10 batch 66/66 (100%) running_loss=0.7157
2026-08-13 07:31:49,131 INFO trial epoch 8/10 done: train_loss=0.7157 val_macro_auc=0.8311
2026-08-13 07:31:52,160 INFO trial epoch 9/10 batch 13/66 (20%) running_loss=0.6883
2026-08-13 07:31:54,709 INFO trial epoch 9/10 batch 26/66 (39%) running_loss=0.6991
2026-08-13 07:31:57,251 INFO trial epoch 9/10 batch 39/66 (59%) running_loss=0.7103
2026-08-13 07:31:59,805 INFO trial epoch 9/10 batch 52/66 (79%) running_loss=0.7110
2026-08-13 07:32:02,352 INFO trial epoch 9/10 batch 65/66 (98%) running_loss=0.7101
2026-08-13 07:32:02,520 INFO trial epoch 9/10 batch 66/66 (100%) running_loss=0.7109
2026-08-13 07:32:03,882 INFO trial epoch 9/10 done: train_loss=0.7109 val_macro_auc=0.8242
2026-08-13 07:32:07,119 INFO trial epoch 10/10 batch 13/66 (20%) running_loss=0.7000
2026-08-13 07:32:09,717 INFO trial epoch 10/10 batch 26/66 (39%) running_loss=0.7459
2026-08-13 07:32:12,267 INFO trial epoch 10/10 batch 39/66 (59%) running_loss=0.7151
2026-08-13 07:32:14,880 INFO trial epoch 10/10 batch 52/66 (79%) running_loss=0.7043
2026-08-13 07:32:17,457 INFO trial epoch 10/10 batch 65/66 (98%) running_loss=0.6986
2026-08-13 07:32:17,630 INFO trial epoch 10/10 batch 66/66 (100%) running_loss=0.6985
2026-08-13 07:32:18,983 INFO trial epoch 10/10 done: train_loss=0.6985 val_macro_auc=0.8195
2026-08-13 07:32:19,125 INFO Trial 7/25: finished val_macro_auc=0.8250 (best so far: 0.8495)
2026-08-13 07:32:19,128 INFO Trial 8/25: starting (10 trial epochs)
2026-08-13 07:32:22,260 INFO trial epoch 1/10 batch 13/66 (20%) running_loss=1.0920
2026-08-13 07:32:24,818 INFO trial epoch 1/10 batch 26/66 (39%) running_loss=1.0903
2026-08-13 07:32:27,347 INFO trial epoch 1/10 batch 39/66 (59%) running_loss=1.0837
2026-08-13 07:32:29,908 INFO trial epoch 1/10 batch 52/66 (79%) running_loss=1.0833
2026-08-13 07:32:32,437 INFO trial epoch 1/10 batch 65/66 (98%) running_loss=1.0795
2026-08-13 07:32:32,603 INFO trial epoch 1/10 batch 66/66 (100%) running_loss=1.0803
2026-08-13 07:32:34,030 INFO trial epoch 1/10 done: train_loss=1.0803 val_macro_auc=0.7379
2026-08-13 07:32:37,115 INFO trial epoch 2/10 batch 13/66 (20%) running_loss=1.0374
2026-08-13 07:32:39,633 INFO trial epoch 2/10 batch 26/66 (39%) running_loss=1.0254
2026-08-13 07:32:42,163 INFO trial epoch 2/10 batch 39/66 (59%) running_loss=0.9926
2026-08-13 07:32:44,714 INFO trial epoch 2/10 batch 52/66 (79%) running_loss=0.9835
2026-08-13 07:32:47,245 INFO trial epoch 2/10 batch 65/66 (98%) running_loss=0.9852
2026-08-13 07:32:47,414 INFO trial epoch 2/10 batch 66/66 (100%) running_loss=0.9839
2026-08-13 07:32:48,834 INFO trial epoch 2/10 done: train_loss=0.9839 val_macro_auc=0.7711
2026-08-13 07:32:51,893 INFO trial epoch 3/10 batch 13/66 (20%) running_loss=0.9506
2026-08-13 07:32:54,427 INFO trial epoch 3/10 batch 26/66 (39%) running_loss=0.9123
2026-08-13 07:32:56,992 INFO trial epoch 3/10 batch 39/66 (59%) running_loss=0.9151
2026-08-13 07:32:59,542 INFO trial epoch 3/10 batch 52/66 (79%) running_loss=0.8936
2026-08-13 07:33:02,057 INFO trial epoch 3/10 batch 65/66 (98%) running_loss=0.9040
2026-08-13 07:33:02,239 INFO trial epoch 3/10 batch 66/66 (100%) running_loss=0.9024
2026-08-13 07:33:03,589 INFO trial epoch 3/10 done: train_loss=0.9024 val_macro_auc=0.8073
2026-08-13 07:33:06,623 INFO trial epoch 4/10 batch 13/66 (20%) running_loss=0.8745
2026-08-13 07:33:09,153 INFO trial epoch 4/10 batch 26/66 (39%) running_loss=0.8484
2026-08-13 07:33:11,688 INFO trial epoch 4/10 batch 39/66 (59%) running_loss=0.8421
2026-08-13 07:33:14,235 INFO trial epoch 4/10 batch 52/66 (79%) running_loss=0.8230
2026-08-13 07:33:16,772 INFO trial epoch 4/10 batch 65/66 (98%) running_loss=0.8257
2026-08-13 07:33:16,939 INFO trial epoch 4/10 batch 66/66 (100%) running_loss=0.8281
2026-08-13 07:33:18,360 INFO trial epoch 4/10 done: train_loss=0.8281 val_macro_auc=0.8249
2026-08-13 07:33:21,384 INFO trial epoch 5/10 batch 13/66 (20%) running_loss=0.8708
2026-08-13 07:33:23,902 INFO trial epoch 5/10 batch 26/66 (39%) running_loss=0.8339
2026-08-13 07:33:26,601 INFO trial epoch 5/10 batch 39/66 (59%) running_loss=0.8209
2026-08-13 07:33:29,184 INFO trial epoch 5/10 batch 52/66 (79%) running_loss=0.8175
2026-08-13 07:33:31,724 INFO trial epoch 5/10 batch 65/66 (98%) running_loss=0.8023
2026-08-13 07:33:31,897 INFO trial epoch 5/10 batch 66/66 (100%) running_loss=0.8048
2026-08-13 07:33:33,264 INFO trial epoch 5/10 done: train_loss=0.8048 val_macro_auc=0.8154
2026-08-13 07:33:36,353 INFO trial epoch 6/10 batch 13/66 (20%) running_loss=0.8050
2026-08-13 07:33:38,903 INFO trial epoch 6/10 batch 26/66 (39%) running_loss=0.7852
2026-08-13 07:33:41,449 INFO trial epoch 6/10 batch 39/66 (59%) running_loss=0.7864
2026-08-13 07:33:44,001 INFO trial epoch 6/10 batch 52/66 (79%) running_loss=0.7739
2026-08-13 07:33:46,510 INFO trial epoch 6/10 batch 65/66 (98%) running_loss=0.7617
2026-08-13 07:33:46,676 INFO trial epoch 6/10 batch 66/66 (100%) running_loss=0.7615
2026-08-13 07:33:48,013 INFO trial epoch 6/10 done: train_loss=0.7615 val_macro_auc=0.8264
2026-08-13 07:33:51,035 INFO trial epoch 7/10 batch 13/66 (20%) running_loss=0.7005
2026-08-13 07:33:53,564 INFO trial epoch 7/10 batch 26/66 (39%) running_loss=0.7169
2026-08-13 07:33:56,118 INFO trial epoch 7/10 batch 39/66 (59%) running_loss=0.7032
2026-08-13 07:33:58,669 INFO trial epoch 7/10 batch 52/66 (79%) running_loss=0.7051
2026-08-13 07:34:01,207 INFO trial epoch 7/10 batch 65/66 (98%) running_loss=0.7214
2026-08-13 07:34:01,375 INFO trial epoch 7/10 batch 66/66 (100%) running_loss=0.7236
2026-08-13 07:34:02,807 INFO trial epoch 7/10 done: train_loss=0.7236 val_macro_auc=0.8384
2026-08-13 07:34:05,907 INFO trial epoch 8/10 batch 13/66 (20%) running_loss=0.7522
2026-08-13 07:34:08,477 INFO trial epoch 8/10 batch 26/66 (39%) running_loss=0.7128
2026-08-13 07:34:11,000 INFO trial epoch 8/10 batch 39/66 (59%) running_loss=0.6951
2026-08-13 07:34:13,575 INFO trial epoch 8/10 batch 52/66 (79%) running_loss=0.6954
2026-08-13 07:34:16,098 INFO trial epoch 8/10 batch 65/66 (98%) running_loss=0.6979
2026-08-13 07:34:16,265 INFO trial epoch 8/10 batch 66/66 (100%) running_loss=0.6970
2026-08-13 07:34:17,694 INFO trial epoch 8/10 done: train_loss=0.6970 val_macro_auc=0.8428
2026-08-13 07:34:20,747 INFO trial epoch 9/10 batch 13/66 (20%) running_loss=0.6976
2026-08-13 07:34:23,327 INFO trial epoch 9/10 batch 26/66 (39%) running_loss=0.6784
2026-08-13 07:34:25,921 INFO trial epoch 9/10 batch 39/66 (59%) running_loss=0.6712
2026-08-13 07:34:28,458 INFO trial epoch 9/10 batch 52/66 (79%) running_loss=0.6663
2026-08-13 07:34:30,980 INFO trial epoch 9/10 batch 65/66 (98%) running_loss=0.6842
2026-08-13 07:34:31,147 INFO trial epoch 9/10 batch 66/66 (100%) running_loss=0.6856
2026-08-13 07:34:32,534 INFO trial epoch 9/10 done: train_loss=0.6856 val_macro_auc=0.8460
2026-08-13 07:34:35,572 INFO trial epoch 10/10 batch 13/66 (20%) running_loss=0.6669
2026-08-13 07:34:38,117 INFO trial epoch 10/10 batch 26/66 (39%) running_loss=0.6850
2026-08-13 07:34:40,642 INFO trial epoch 10/10 batch 39/66 (59%) running_loss=0.6749
2026-08-13 07:34:43,171 INFO trial epoch 10/10 batch 52/66 (79%) running_loss=0.6775
2026-08-13 07:34:45,687 INFO trial epoch 10/10 batch 65/66 (98%) running_loss=0.6710
2026-08-13 07:34:45,854 INFO trial epoch 10/10 batch 66/66 (100%) running_loss=0.6733
2026-08-13 07:34:47,270 INFO trial epoch 10/10 done: train_loss=0.6733 val_macro_auc=0.8441
2026-08-13 07:34:47,417 INFO Trial 8/25: finished val_macro_auc=0.8443 (best so far: 0.8495)
2026-08-13 07:34:47,419 INFO Trial 9/25: starting (10 trial epochs)
2026-08-13 07:34:50,601 INFO trial epoch 1/10 batch 13/66 (20%) running_loss=1.1111
2026-08-13 07:34:53,156 INFO trial epoch 1/10 batch 26/66 (39%) running_loss=1.1086
2026-08-13 07:34:55,696 INFO trial epoch 1/10 batch 39/66 (59%) running_loss=1.1026
2026-08-13 07:34:58,234 INFO trial epoch 1/10 batch 52/66 (79%) running_loss=1.0936
2026-08-13 07:35:00,768 INFO trial epoch 1/10 batch 65/66 (98%) running_loss=1.0800
2026-08-13 07:35:00,934 INFO trial epoch 1/10 batch 66/66 (100%) running_loss=1.0788
2026-08-13 07:35:02,346 INFO trial epoch 1/10 done: train_loss=1.0788 val_macro_auc=0.7287
2026-08-13 07:35:05,364 INFO trial epoch 2/10 batch 13/66 (20%) running_loss=1.0729
2026-08-13 07:35:07,941 INFO trial epoch 2/10 batch 26/66 (39%) running_loss=1.0416
2026-08-13 07:35:10,500 INFO trial epoch 2/10 batch 39/66 (59%) running_loss=1.0314
2026-08-13 07:35:13,046 INFO trial epoch 2/10 batch 52/66 (79%) running_loss=1.0161
2026-08-13 07:35:15,565 INFO trial epoch 2/10 batch 65/66 (98%) running_loss=0.9979
2026-08-13 07:35:15,743 INFO trial epoch 2/10 batch 66/66 (100%) running_loss=0.9978
2026-08-13 07:35:17,108 INFO trial epoch 2/10 done: train_loss=0.9978 val_macro_auc=0.7741
2026-08-13 07:35:20,153 INFO trial epoch 3/10 batch 13/66 (20%) running_loss=0.9245
2026-08-13 07:35:22,921 INFO trial epoch 3/10 batch 26/66 (39%) running_loss=0.9433
2026-08-13 07:35:25,444 INFO trial epoch 3/10 batch 39/66 (59%) running_loss=0.9283
2026-08-13 07:35:27,978 INFO trial epoch 3/10 batch 52/66 (79%) running_loss=0.9169
2026-08-13 07:35:30,505 INFO trial epoch 3/10 batch 65/66 (98%) running_loss=0.9070
2026-08-13 07:35:30,674 INFO trial epoch 3/10 batch 66/66 (100%) running_loss=0.9056
2026-08-13 07:35:32,092 INFO trial epoch 3/10 done: train_loss=0.9056 val_macro_auc=0.7839
2026-08-13 07:35:35,130 INFO trial epoch 4/10 batch 13/66 (20%) running_loss=0.9220
2026-08-13 07:35:37,669 INFO trial epoch 4/10 batch 26/66 (39%) running_loss=0.8987
2026-08-13 07:35:40,192 INFO trial epoch 4/10 batch 39/66 (59%) running_loss=0.8575
2026-08-13 07:35:42,749 INFO trial epoch 4/10 batch 52/66 (79%) running_loss=0.8609
2026-08-13 07:35:45,272 INFO trial epoch 4/10 batch 65/66 (98%) running_loss=0.8498
2026-08-13 07:35:45,443 INFO trial epoch 4/10 batch 66/66 (100%) running_loss=0.8493
2026-08-13 07:35:46,854 INFO trial epoch 4/10 done: train_loss=0.8493 val_macro_auc=0.8105
2026-08-13 07:35:49,912 INFO trial epoch 5/10 batch 13/66 (20%) running_loss=0.8352
2026-08-13 07:35:52,490 INFO trial epoch 5/10 batch 26/66 (39%) running_loss=0.8424
2026-08-13 07:35:55,050 INFO trial epoch 5/10 batch 39/66 (59%) running_loss=0.8340
2026-08-13 07:35:57,612 INFO trial epoch 5/10 batch 52/66 (79%) running_loss=0.8196
2026-08-13 07:36:00,170 INFO trial epoch 5/10 batch 65/66 (98%) running_loss=0.8079
2026-08-13 07:36:00,337 INFO trial epoch 5/10 batch 66/66 (100%) running_loss=0.8057
2026-08-13 07:36:01,747 INFO trial epoch 5/10 done: train_loss=0.8057 val_macro_auc=0.8399
2026-08-13 07:36:04,827 INFO trial epoch 6/10 batch 13/66 (20%) running_loss=0.7959
2026-08-13 07:36:07,367 INFO trial epoch 6/10 batch 26/66 (39%) running_loss=0.7887
2026-08-13 07:36:09,895 INFO trial epoch 6/10 batch 39/66 (59%) running_loss=0.7856
2026-08-13 07:36:12,420 INFO trial epoch 6/10 batch 52/66 (79%) running_loss=0.7809
2026-08-13 07:36:14,936 INFO trial epoch 6/10 batch 65/66 (98%) running_loss=0.7823
2026-08-13 07:36:15,102 INFO trial epoch 6/10 batch 66/66 (100%) running_loss=0.7833
2026-08-13 07:36:16,473 INFO trial epoch 6/10 done: train_loss=0.7833 val_macro_auc=0.8532
2026-08-13 07:36:19,512 INFO trial epoch 7/10 batch 13/66 (20%) running_loss=0.7414
2026-08-13 07:36:22,092 INFO trial epoch 7/10 batch 26/66 (39%) running_loss=0.7475
2026-08-13 07:36:24,659 INFO trial epoch 7/10 batch 39/66 (59%) running_loss=0.7479
2026-08-13 07:36:27,196 INFO trial epoch 7/10 batch 52/66 (79%) running_loss=0.7456
2026-08-13 07:36:29,731 INFO trial epoch 7/10 batch 65/66 (98%) running_loss=0.7305
2026-08-13 07:36:29,897 INFO trial epoch 7/10 batch 66/66 (100%) running_loss=0.7301
2026-08-13 07:36:31,237 INFO trial epoch 7/10 done: train_loss=0.7301 val_macro_auc=0.8509
2026-08-13 07:36:34,344 INFO trial epoch 8/10 batch 13/66 (20%) running_loss=0.6912
2026-08-13 07:36:36,887 INFO trial epoch 8/10 batch 26/66 (39%) running_loss=0.7044
2026-08-13 07:36:39,455 INFO trial epoch 8/10 batch 39/66 (59%) running_loss=0.7073
2026-08-13 07:36:42,017 INFO trial epoch 8/10 batch 52/66 (79%) running_loss=0.7024
2026-08-13 07:36:44,562 INFO trial epoch 8/10 batch 65/66 (98%) running_loss=0.7179
2026-08-13 07:36:44,729 INFO trial epoch 8/10 batch 66/66 (100%) running_loss=0.7179
2026-08-13 07:36:46,076 INFO trial epoch 8/10 done: train_loss=0.7179 val_macro_auc=0.8572
2026-08-13 07:36:49,167 INFO trial epoch 9/10 batch 13/66 (20%) running_loss=0.7329
2026-08-13 07:36:51,742 INFO trial epoch 9/10 batch 26/66 (39%) running_loss=0.6883
2026-08-13 07:36:54,284 INFO trial epoch 9/10 batch 39/66 (59%) running_loss=0.7047
2026-08-13 07:36:56,822 INFO trial epoch 9/10 batch 52/66 (79%) running_loss=0.7001
2026-08-13 07:36:59,348 INFO trial epoch 9/10 batch 65/66 (98%) running_loss=0.6917
2026-08-13 07:36:59,515 INFO trial epoch 9/10 batch 66/66 (100%) running_loss=0.6896
2026-08-13 07:37:00,888 INFO trial epoch 9/10 done: train_loss=0.6896 val_macro_auc=0.8689
2026-08-13 07:37:04,132 INFO trial epoch 10/10 batch 13/66 (20%) running_loss=0.6892
2026-08-13 07:37:06,700 INFO trial epoch 10/10 batch 26/66 (39%) running_loss=0.6896
2026-08-13 07:37:09,234 INFO trial epoch 10/10 batch 39/66 (59%) running_loss=0.6780
2026-08-13 07:37:11,823 INFO trial epoch 10/10 batch 52/66 (79%) running_loss=0.6733
2026-08-13 07:37:14,389 INFO trial epoch 10/10 batch 65/66 (98%) running_loss=0.6668
2026-08-13 07:37:14,555 INFO trial epoch 10/10 batch 66/66 (100%) running_loss=0.6648
2026-08-13 07:37:15,994 INFO trial epoch 10/10 done: train_loss=0.6648 val_macro_auc=0.8599
2026-08-13 07:37:16,139 INFO Trial 9/25: finished val_macro_auc=0.8620 (best so far: 0.8620)
2026-08-13 07:37:16,142 INFO Trial 10/25: starting (10 trial epochs)
2026-08-13 07:37:19,360 INFO trial epoch 1/10 batch 13/66 (20%) running_loss=1.0996
2026-08-13 07:37:21,901 INFO trial epoch 1/10 batch 26/66 (39%) running_loss=1.1046
2026-08-13 07:37:24,447 INFO trial epoch 1/10 batch 39/66 (59%) running_loss=1.0933
2026-08-13 07:37:27,037 INFO trial epoch 1/10 batch 52/66 (79%) running_loss=1.0862
2026-08-13 07:37:29,571 INFO trial epoch 1/10 batch 65/66 (98%) running_loss=1.0813
2026-08-13 07:37:29,738 INFO trial epoch 1/10 batch 66/66 (100%) running_loss=1.0824
2026-08-13 07:37:31,163 INFO trial epoch 1/10 done: train_loss=1.0824 val_macro_auc=0.7229
2026-08-13 07:37:34,288 INFO trial epoch 2/10 batch 13/66 (20%) running_loss=1.0765
2026-08-13 07:37:36,885 INFO trial epoch 2/10 batch 26/66 (39%) running_loss=1.0462
2026-08-13 07:37:39,520 INFO trial epoch 2/10 batch 39/66 (59%) running_loss=1.0187
2026-08-13 07:37:42,092 INFO trial epoch 2/10 batch 52/66 (79%) running_loss=0.9895
2026-08-13 07:37:44,636 INFO trial epoch 2/10 batch 65/66 (98%) running_loss=0.9836
2026-08-13 07:37:44,802 INFO trial epoch 2/10 batch 66/66 (100%) running_loss=0.9821
2026-08-13 07:37:46,156 INFO trial epoch 2/10 done: train_loss=0.9821 val_macro_auc=0.7682
2026-08-13 07:37:49,210 INFO trial epoch 3/10 batch 13/66 (20%) running_loss=0.8908
2026-08-13 07:37:51,935 INFO trial epoch 3/10 batch 26/66 (39%) running_loss=0.8952
2026-08-13 07:37:54,470 INFO trial epoch 3/10 batch 39/66 (59%) running_loss=0.8916
2026-08-13 07:37:57,000 INFO trial epoch 3/10 batch 52/66 (79%) running_loss=0.8944
2026-08-13 07:37:59,534 INFO trial epoch 3/10 batch 65/66 (98%) running_loss=0.8891
2026-08-13 07:37:59,708 INFO trial epoch 3/10 batch 66/66 (100%) running_loss=0.8909
2026-08-13 07:38:01,094 INFO trial epoch 3/10 done: train_loss=0.8909 val_macro_auc=0.7939
2026-08-13 07:38:04,077 INFO trial epoch 4/10 batch 13/66 (20%) running_loss=0.9122
2026-08-13 07:38:06,633 INFO trial epoch 4/10 batch 26/66 (39%) running_loss=0.8503
2026-08-13 07:38:09,160 INFO trial epoch 4/10 batch 39/66 (59%) running_loss=0.8532
2026-08-13 07:38:11,686 INFO trial epoch 4/10 batch 52/66 (79%) running_loss=0.8733
2026-08-13 07:38:14,208 INFO trial epoch 4/10 batch 65/66 (98%) running_loss=0.8596
2026-08-13 07:38:14,374 INFO trial epoch 4/10 batch 66/66 (100%) running_loss=0.8587
2026-08-13 07:38:15,770 INFO trial epoch 4/10 done: train_loss=0.8587 val_macro_auc=0.7758
2026-08-13 07:38:18,827 INFO trial epoch 5/10 batch 13/66 (20%) running_loss=0.8024
2026-08-13 07:38:21,348 INFO trial epoch 5/10 batch 26/66 (39%) running_loss=0.7892
2026-08-13 07:38:23,897 INFO trial epoch 5/10 batch 39/66 (59%) running_loss=0.7868
2026-08-13 07:38:26,457 INFO trial epoch 5/10 batch 52/66 (79%) running_loss=0.7931
2026-08-13 07:38:28,995 INFO trial epoch 5/10 batch 65/66 (98%) running_loss=0.7949
2026-08-13 07:38:29,161 INFO trial epoch 5/10 batch 66/66 (100%) running_loss=0.7960
2026-08-13 07:38:30,503 INFO trial epoch 5/10 done: train_loss=0.7960 val_macro_auc=0.8224
2026-08-13 07:38:33,541 INFO trial epoch 6/10 batch 13/66 (20%) running_loss=0.7528
2026-08-13 07:38:36,102 INFO trial epoch 6/10 batch 26/66 (39%) running_loss=0.7745
2026-08-13 07:38:38,668 INFO trial epoch 6/10 batch 39/66 (59%) running_loss=0.7426
2026-08-13 07:38:41,224 INFO trial epoch 6/10 batch 52/66 (79%) running_loss=0.7517
2026-08-13 07:38:43,760 INFO trial epoch 6/10 batch 65/66 (98%) running_loss=0.7594
2026-08-13 07:38:43,925 INFO trial epoch 6/10 batch 66/66 (100%) running_loss=0.7595
2026-08-13 07:38:45,306 INFO trial epoch 6/10 done: train_loss=0.7595 val_macro_auc=0.8486
2026-08-13 07:38:48,365 INFO trial epoch 7/10 batch 13/66 (20%) running_loss=0.7412
2026-08-13 07:38:50,907 INFO trial epoch 7/10 batch 26/66 (39%) running_loss=0.7471
2026-08-13 07:38:53,447 INFO trial epoch 7/10 batch 39/66 (59%) running_loss=0.7373
2026-08-13 07:38:55,986 INFO trial epoch 7/10 batch 52/66 (79%) running_loss=0.7302
2026-08-13 07:38:58,512 INFO trial epoch 7/10 batch 65/66 (98%) running_loss=0.7260
2026-08-13 07:38:58,678 INFO trial epoch 7/10 batch 66/66 (100%) running_loss=0.7278
2026-08-13 07:39:00,018 INFO trial epoch 7/10 done: train_loss=0.7278 val_macro_auc=0.8276
2026-08-13 07:39:03,125 INFO trial epoch 8/10 batch 13/66 (20%) running_loss=0.6808
2026-08-13 07:39:05,729 INFO trial epoch 8/10 batch 26/66 (39%) running_loss=0.7011
2026-08-13 07:39:08,342 INFO trial epoch 8/10 batch 39/66 (59%) running_loss=0.6902
2026-08-13 07:39:10,906 INFO trial epoch 8/10 batch 52/66 (79%) running_loss=0.6864
2026-08-13 07:39:13,429 INFO trial epoch 8/10 batch 65/66 (98%) running_loss=0.6840
2026-08-13 07:39:13,594 INFO trial epoch 8/10 batch 66/66 (100%) running_loss=0.6826
2026-08-13 07:39:14,958 INFO trial epoch 8/10 done: train_loss=0.6826 val_macro_auc=0.8289
2026-08-13 07:39:17,967 INFO trial epoch 9/10 batch 13/66 (20%) running_loss=0.7153
2026-08-13 07:39:20,507 INFO trial epoch 9/10 batch 26/66 (39%) running_loss=0.7276
2026-08-13 07:39:23,054 INFO trial epoch 9/10 batch 39/66 (59%) running_loss=0.7079
2026-08-13 07:39:25,630 INFO trial epoch 9/10 batch 52/66 (79%) running_loss=0.6818
2026-08-13 07:39:28,160 INFO trial epoch 9/10 batch 65/66 (98%) running_loss=0.6844
2026-08-13 07:39:28,325 INFO trial epoch 9/10 batch 66/66 (100%) running_loss=0.6838
2026-08-13 07:39:29,653 INFO trial epoch 9/10 done: train_loss=0.6838 val_macro_auc=0.8423
2026-08-13 07:39:32,869 INFO trial epoch 10/10 batch 13/66 (20%) running_loss=0.6400
2026-08-13 07:39:35,415 INFO trial epoch 10/10 batch 26/66 (39%) running_loss=0.6471
2026-08-13 07:39:37,973 INFO trial epoch 10/10 batch 39/66 (59%) running_loss=0.6516
2026-08-13 07:39:40,550 INFO trial epoch 10/10 batch 52/66 (79%) running_loss=0.6558
2026-08-13 07:39:43,108 INFO trial epoch 10/10 batch 65/66 (98%) running_loss=0.6522
2026-08-13 07:39:43,274 INFO trial epoch 10/10 batch 66/66 (100%) running_loss=0.6518
2026-08-13 07:39:44,608 INFO trial epoch 10/10 done: train_loss=0.6518 val_macro_auc=0.8386
2026-08-13 07:39:44,750 INFO Trial 10/25: finished val_macro_auc=0.8366 (best so far: 0.8620)
2026-08-13 07:39:44,756 INFO Trial 11/25: starting (10 trial epochs)
2026-08-13 07:39:47,868 INFO trial epoch 1/10 batch 13/66 (20%) running_loss=1.0961
2026-08-13 07:39:50,405 INFO trial epoch 1/10 batch 26/66 (39%) running_loss=1.1201
2026-08-13 07:39:52,974 INFO trial epoch 1/10 batch 39/66 (59%) running_loss=1.1058
2026-08-13 07:39:55,534 INFO trial epoch 1/10 batch 52/66 (79%) running_loss=1.0986
2026-08-13 07:39:58,065 INFO trial epoch 1/10 batch 65/66 (98%) running_loss=1.0951
2026-08-13 07:39:58,231 INFO trial epoch 1/10 batch 66/66 (100%) running_loss=1.0943
2026-08-13 07:39:59,580 INFO trial epoch 1/10 done: train_loss=1.0943 val_macro_auc=0.6646
2026-08-13 07:40:02,587 INFO trial epoch 2/10 batch 13/66 (20%) running_loss=1.0673
2026-08-13 07:40:05,141 INFO trial epoch 2/10 batch 26/66 (39%) running_loss=1.0487
2026-08-13 07:40:07,681 INFO trial epoch 2/10 batch 39/66 (59%) running_loss=1.0416
2026-08-13 07:40:10,212 INFO trial epoch 2/10 batch 52/66 (79%) running_loss=1.0427
2026-08-13 07:40:12,739 INFO trial epoch 2/10 batch 65/66 (98%) running_loss=1.0357
2026-08-13 07:40:12,905 INFO trial epoch 2/10 batch 66/66 (100%) running_loss=1.0360
2026-08-13 07:40:14,321 INFO trial epoch 2/10 done: train_loss=1.0360 val_macro_auc=0.7492
2026-08-13 07:40:17,406 INFO trial epoch 3/10 batch 13/66 (20%) running_loss=0.9670
2026-08-13 07:40:20,167 INFO trial epoch 3/10 batch 26/66 (39%) running_loss=0.9503
2026-08-13 07:40:22,730 INFO trial epoch 3/10 batch 39/66 (59%) running_loss=0.9373
2026-08-13 07:40:25,267 INFO trial epoch 3/10 batch 52/66 (79%) running_loss=0.9401
2026-08-13 07:40:27,797 INFO trial epoch 3/10 batch 65/66 (98%) running_loss=0.9346
2026-08-13 07:40:27,964 INFO trial epoch 3/10 batch 66/66 (100%) running_loss=0.9362
2026-08-13 07:40:29,369 INFO trial epoch 3/10 done: train_loss=0.9362 val_macro_auc=0.7667
2026-08-13 07:40:32,454 INFO trial epoch 4/10 batch 13/66 (20%) running_loss=0.9136
2026-08-13 07:40:35,037 INFO trial epoch 4/10 batch 26/66 (39%) running_loss=0.9242
2026-08-13 07:40:37,626 INFO trial epoch 4/10 batch 39/66 (59%) running_loss=0.8971
2026-08-13 07:40:40,170 INFO trial epoch 4/10 batch 52/66 (79%) running_loss=0.8792
2026-08-13 07:40:42,723 INFO trial epoch 4/10 batch 65/66 (98%) running_loss=0.8815
2026-08-13 07:40:42,892 INFO trial epoch 4/10 batch 66/66 (100%) running_loss=0.8806
2026-08-13 07:40:44,229 INFO trial epoch 4/10 done: train_loss=0.8806 val_macro_auc=0.7816
2026-08-13 07:40:47,278 INFO trial epoch 5/10 batch 13/66 (20%) running_loss=0.8287
2026-08-13 07:40:49,801 INFO trial epoch 5/10 batch 26/66 (39%) running_loss=0.8610
2026-08-13 07:40:52,323 INFO trial epoch 5/10 batch 39/66 (59%) running_loss=0.8594
2026-08-13 07:40:54,850 INFO trial epoch 5/10 batch 52/66 (79%) running_loss=0.8662
2026-08-13 07:40:57,377 INFO trial epoch 5/10 batch 65/66 (98%) running_loss=0.8571
2026-08-13 07:40:57,545 INFO trial epoch 5/10 batch 66/66 (100%) running_loss=0.8570
2026-08-13 07:40:58,900 INFO trial epoch 5/10 done: train_loss=0.8570 val_macro_auc=0.8071
2026-08-13 07:41:01,950 INFO trial epoch 6/10 batch 13/66 (20%) running_loss=0.8441
2026-08-13 07:41:04,512 INFO trial epoch 6/10 batch 26/66 (39%) running_loss=0.8222
2026-08-13 07:41:07,078 INFO trial epoch 6/10 batch 39/66 (59%) running_loss=0.7961
2026-08-13 07:41:09,637 INFO trial epoch 6/10 batch 52/66 (79%) running_loss=0.7939
2026-08-13 07:41:12,181 INFO trial epoch 6/10 batch 65/66 (98%) running_loss=0.7902
2026-08-13 07:41:12,350 INFO trial epoch 6/10 batch 66/66 (100%) running_loss=0.7901
2026-08-13 07:41:13,788 INFO trial epoch 6/10 done: train_loss=0.7901 val_macro_auc=0.8264
2026-08-13 07:41:16,834 INFO trial epoch 7/10 batch 13/66 (20%) running_loss=0.7780
2026-08-13 07:41:19,368 INFO trial epoch 7/10 batch 26/66 (39%) running_loss=0.7580
2026-08-13 07:41:21,892 INFO trial epoch 7/10 batch 39/66 (59%) running_loss=0.7297
2026-08-13 07:41:24,444 INFO trial epoch 7/10 batch 52/66 (79%) running_loss=0.7375
2026-08-13 07:41:26,955 INFO trial epoch 7/10 batch 65/66 (98%) running_loss=0.7333
2026-08-13 07:41:27,119 INFO trial epoch 7/10 batch 66/66 (100%) running_loss=0.7359
2026-08-13 07:41:28,540 INFO trial epoch 7/10 done: train_loss=0.7359 val_macro_auc=0.8225
2026-08-13 07:41:31,630 INFO trial epoch 8/10 batch 13/66 (20%) running_loss=0.7672
2026-08-13 07:41:34,173 INFO trial epoch 8/10 batch 26/66 (39%) running_loss=0.7749
2026-08-13 07:41:36,714 INFO trial epoch 8/10 batch 39/66 (59%) running_loss=0.7487
2026-08-13 07:41:39,253 INFO trial epoch 8/10 batch 52/66 (79%) running_loss=0.7293
2026-08-13 07:41:41,778 INFO trial epoch 8/10 batch 65/66 (98%) running_loss=0.7103
2026-08-13 07:41:41,944 INFO trial epoch 8/10 batch 66/66 (100%) running_loss=0.7125
2026-08-13 07:41:43,389 INFO trial epoch 8/10 done: train_loss=0.7125 val_macro_auc=0.8193
2026-08-13 07:41:46,441 INFO trial epoch 9/10 batch 13/66 (20%) running_loss=0.6978
2026-08-13 07:41:48,962 INFO trial epoch 9/10 batch 26/66 (39%) running_loss=0.6689
2026-08-13 07:41:51,478 INFO trial epoch 9/10 batch 39/66 (59%) running_loss=0.6649
2026-08-13 07:41:54,004 INFO trial epoch 9/10 batch 52/66 (79%) running_loss=0.6871
2026-08-13 07:41:56,515 INFO trial epoch 9/10 batch 65/66 (98%) running_loss=0.6870
2026-08-13 07:41:56,681 INFO trial epoch 9/10 batch 66/66 (100%) running_loss=0.6878
2026-08-13 07:41:58,027 INFO trial epoch 9/10 done: train_loss=0.6878 val_macro_auc=0.8250
2026-08-13 07:42:01,251 INFO trial epoch 10/10 batch 13/66 (20%) running_loss=0.6372
2026-08-13 07:42:03,796 INFO trial epoch 10/10 batch 26/66 (39%) running_loss=0.6662
2026-08-13 07:42:06,302 INFO trial epoch 10/10 batch 39/66 (59%) running_loss=0.6684
2026-08-13 07:42:08,844 INFO trial epoch 10/10 batch 52/66 (79%) running_loss=0.6624
2026-08-13 07:42:11,399 INFO trial epoch 10/10 batch 65/66 (98%) running_loss=0.6730
2026-08-13 07:42:11,565 INFO trial epoch 10/10 batch 66/66 (100%) running_loss=0.6735
2026-08-13 07:42:13,002 INFO trial epoch 10/10 done: train_loss=0.6735 val_macro_auc=0.8262
2026-08-13 07:42:13,147 INFO Trial 11/25: finished val_macro_auc=0.8235 (best so far: 0.8620)
2026-08-13 07:42:13,149 INFO Trial 12/25: starting (10 trial epochs)
2026-08-13 07:42:16,355 INFO trial epoch 1/10 batch 13/66 (20%) running_loss=1.0955
2026-08-13 07:42:18,899 INFO trial epoch 1/10 batch 26/66 (39%) running_loss=1.1177
2026-08-13 07:42:21,437 INFO trial epoch 1/10 batch 39/66 (59%) running_loss=1.1047
2026-08-13 07:42:23,991 INFO trial epoch 1/10 batch 52/66 (79%) running_loss=1.0984
2026-08-13 07:42:26,525 INFO trial epoch 1/10 batch 65/66 (98%) running_loss=1.0966
2026-08-13 07:42:26,700 INFO trial epoch 1/10 batch 66/66 (100%) running_loss=1.0955
2026-08-13 07:42:28,076 INFO trial epoch 1/10 done: train_loss=1.0955 val_macro_auc=0.7330
2026-08-13 07:42:31,072 INFO trial epoch 2/10 batch 13/66 (20%) running_loss=1.0325
2026-08-13 07:42:33,629 INFO trial epoch 2/10 batch 26/66 (39%) running_loss=1.0332
2026-08-13 07:42:36,169 INFO trial epoch 2/10 batch 39/66 (59%) running_loss=1.0126
2026-08-13 07:42:38,711 INFO trial epoch 2/10 batch 52/66 (79%) running_loss=0.9923
2026-08-13 07:42:41,227 INFO trial epoch 2/10 batch 65/66 (98%) running_loss=1.0034
2026-08-13 07:42:41,395 INFO trial epoch 2/10 batch 66/66 (100%) running_loss=1.0039
2026-08-13 07:42:42,781 INFO trial epoch 2/10 done: train_loss=1.0039 val_macro_auc=0.7705
2026-08-13 07:42:45,848 INFO trial epoch 3/10 batch 13/66 (20%) running_loss=0.9650
2026-08-13 07:42:48,572 INFO trial epoch 3/10 batch 26/66 (39%) running_loss=0.9387
2026-08-13 07:42:51,103 INFO trial epoch 3/10 batch 39/66 (59%) running_loss=0.9322
2026-08-13 07:42:53,664 INFO trial epoch 3/10 batch 52/66 (79%) running_loss=0.9271
2026-08-13 07:42:56,192 INFO trial epoch 3/10 batch 65/66 (98%) running_loss=0.9188
2026-08-13 07:42:56,360 INFO trial epoch 3/10 batch 66/66 (100%) running_loss=0.9196
2026-08-13 07:42:57,741 INFO trial epoch 3/10 done: train_loss=0.9196 val_macro_auc=0.7789
2026-08-13 07:43:00,822 INFO trial epoch 4/10 batch 13/66 (20%) running_loss=0.8758
2026-08-13 07:43:03,385 INFO trial epoch 4/10 batch 26/66 (39%) running_loss=0.8788
2026-08-13 07:43:05,939 INFO trial epoch 4/10 batch 39/66 (59%) running_loss=0.8726
2026-08-13 07:43:08,478 INFO trial epoch 4/10 batch 52/66 (79%) running_loss=0.8655
2026-08-13 07:43:11,008 INFO trial epoch 4/10 batch 65/66 (98%) running_loss=0.8511
2026-08-13 07:43:11,174 INFO trial epoch 4/10 batch 66/66 (100%) running_loss=0.8507
2026-08-13 07:43:12,527 INFO trial epoch 4/10 done: train_loss=0.8507 val_macro_auc=0.7898
2026-08-13 07:43:15,596 INFO trial epoch 5/10 batch 13/66 (20%) running_loss=0.7784
2026-08-13 07:43:18,145 INFO trial epoch 5/10 batch 26/66 (39%) running_loss=0.7983
2026-08-13 07:43:20,691 INFO trial epoch 5/10 batch 39/66 (59%) running_loss=0.7945
2026-08-13 07:43:23,231 INFO trial epoch 5/10 batch 52/66 (79%) running_loss=0.7945
2026-08-13 07:43:25,741 INFO trial epoch 5/10 batch 65/66 (98%) running_loss=0.7801
2026-08-13 07:43:25,906 INFO trial epoch 5/10 batch 66/66 (100%) running_loss=0.7812
2026-08-13 07:43:27,255 INFO trial epoch 5/10 done: train_loss=0.7812 val_macro_auc=0.7987
2026-08-13 07:43:30,344 INFO trial epoch 6/10 batch 13/66 (20%) running_loss=0.8259
2026-08-13 07:43:32,891 INFO trial epoch 6/10 batch 26/66 (39%) running_loss=0.7892
2026-08-13 07:43:35,427 INFO trial epoch 6/10 batch 39/66 (59%) running_loss=0.7741
2026-08-13 07:43:37,983 INFO trial epoch 6/10 batch 52/66 (79%) running_loss=0.7693
2026-08-13 07:43:40,523 INFO trial epoch 6/10 batch 65/66 (98%) running_loss=0.7691
2026-08-13 07:43:40,689 INFO trial epoch 6/10 batch 66/66 (100%) running_loss=0.7692
2026-08-13 07:43:42,130 INFO trial epoch 6/10 done: train_loss=0.7692 val_macro_auc=0.8288
2026-08-13 07:43:45,200 INFO trial epoch 7/10 batch 13/66 (20%) running_loss=0.7740
2026-08-13 07:43:47,747 INFO trial epoch 7/10 batch 26/66 (39%) running_loss=0.7502
2026-08-13 07:43:50,324 INFO trial epoch 7/10 batch 39/66 (59%) running_loss=0.7429
2026-08-13 07:43:52,904 INFO trial epoch 7/10 batch 52/66 (79%) running_loss=0.7292
2026-08-13 07:43:55,448 INFO trial epoch 7/10 batch 65/66 (98%) running_loss=0.7197
2026-08-13 07:43:55,617 INFO trial epoch 7/10 batch 66/66 (100%) running_loss=0.7236
2026-08-13 07:43:57,027 INFO trial epoch 7/10 done: train_loss=0.7236 val_macro_auc=0.8409
2026-08-13 07:44:00,087 INFO trial epoch 8/10 batch 13/66 (20%) running_loss=0.7197
2026-08-13 07:44:02,681 INFO trial epoch 8/10 batch 26/66 (39%) running_loss=0.7035
2026-08-13 07:44:05,240 INFO trial epoch 8/10 batch 39/66 (59%) running_loss=0.7013
2026-08-13 07:44:07,768 INFO trial epoch 8/10 batch 52/66 (79%) running_loss=0.7154
2026-08-13 07:44:10,285 INFO trial epoch 8/10 batch 65/66 (98%) running_loss=0.7077
2026-08-13 07:44:10,452 INFO trial epoch 8/10 batch 66/66 (100%) running_loss=0.7075
2026-08-13 07:44:11,827 INFO trial epoch 8/10 done: train_loss=0.7075 val_macro_auc=0.8496
2026-08-13 07:44:14,911 INFO trial epoch 9/10 batch 13/66 (20%) running_loss=0.6386
2026-08-13 07:44:17,495 INFO trial epoch 9/10 batch 26/66 (39%) running_loss=0.6333
2026-08-13 07:44:20,073 INFO trial epoch 9/10 batch 39/66 (59%) running_loss=0.6559
2026-08-13 07:44:22,614 INFO trial epoch 9/10 batch 52/66 (79%) running_loss=0.6645
2026-08-13 07:44:25,149 INFO trial epoch 9/10 batch 65/66 (98%) running_loss=0.6709
2026-08-13 07:44:25,315 INFO trial epoch 9/10 batch 66/66 (100%) running_loss=0.6708
2026-08-13 07:44:26,688 INFO trial epoch 9/10 done: train_loss=0.6708 val_macro_auc=0.8339
2026-08-13 07:44:29,916 INFO trial epoch 10/10 batch 13/66 (20%) running_loss=0.6818
2026-08-13 07:44:32,472 INFO trial epoch 10/10 batch 26/66 (39%) running_loss=0.6796
2026-08-13 07:44:35,019 INFO trial epoch 10/10 batch 39/66 (59%) running_loss=0.6847
2026-08-13 07:44:37,573 INFO trial epoch 10/10 batch 52/66 (79%) running_loss=0.6791
2026-08-13 07:44:40,110 INFO trial epoch 10/10 batch 65/66 (98%) running_loss=0.6755
2026-08-13 07:44:40,277 INFO trial epoch 10/10 batch 66/66 (100%) running_loss=0.6753
2026-08-13 07:44:41,655 INFO trial epoch 10/10 done: train_loss=0.6753 val_macro_auc=0.8413
2026-08-13 07:44:41,800 INFO Trial 12/25: finished val_macro_auc=0.8416 (best so far: 0.8620)
2026-08-13 07:44:41,802 INFO Trial 13/25: starting (10 trial epochs)
2026-08-13 07:44:44,982 INFO trial epoch 1/10 batch 13/66 (20%) running_loss=1.1165
2026-08-13 07:44:47,545 INFO trial epoch 1/10 batch 26/66 (39%) running_loss=1.0999
2026-08-13 07:44:50,091 INFO trial epoch 1/10 batch 39/66 (59%) running_loss=1.1021
2026-08-13 07:44:52,685 INFO trial epoch 1/10 batch 52/66 (79%) running_loss=1.0971
2026-08-13 07:44:55,217 INFO trial epoch 1/10 batch 65/66 (98%) running_loss=1.0909
2026-08-13 07:44:55,386 INFO trial epoch 1/10 batch 66/66 (100%) running_loss=1.0905
2026-08-13 07:44:56,772 INFO trial epoch 1/10 done: train_loss=1.0905 val_macro_auc=0.7255
2026-08-13 07:44:59,807 INFO trial epoch 2/10 batch 13/66 (20%) running_loss=1.0328
2026-08-13 07:45:02,363 INFO trial epoch 2/10 batch 26/66 (39%) running_loss=1.0257
2026-08-13 07:45:04,941 INFO trial epoch 2/10 batch 39/66 (59%) running_loss=1.0194
2026-08-13 07:45:07,525 INFO trial epoch 2/10 batch 52/66 (79%) running_loss=1.0135
2026-08-13 07:45:10,049 INFO trial epoch 2/10 batch 65/66 (98%) running_loss=1.0168
2026-08-13 07:45:10,216 INFO trial epoch 2/10 batch 66/66 (100%) running_loss=1.0155
2026-08-13 07:45:11,653 INFO trial epoch 2/10 done: train_loss=1.0155 val_macro_auc=0.7801
2026-08-13 07:45:14,694 INFO trial epoch 3/10 batch 13/66 (20%) running_loss=0.9316
2026-08-13 07:45:17,427 INFO trial epoch 3/10 batch 26/66 (39%) running_loss=0.9511
2026-08-13 07:45:19,975 INFO trial epoch 3/10 batch 39/66 (59%) running_loss=0.9435
2026-08-13 07:45:22,569 INFO trial epoch 3/10 batch 52/66 (79%) running_loss=0.9347
2026-08-13 07:45:25,125 INFO trial epoch 3/10 batch 65/66 (98%) running_loss=0.9360
2026-08-13 07:45:25,291 INFO trial epoch 3/10 batch 66/66 (100%) running_loss=0.9331
2026-08-13 07:45:26,674 INFO trial epoch 3/10 done: train_loss=0.9331 val_macro_auc=0.7900
2026-08-13 07:45:29,715 INFO trial epoch 4/10 batch 13/66 (20%) running_loss=0.8669
2026-08-13 07:45:32,246 INFO trial epoch 4/10 batch 26/66 (39%) running_loss=0.8549
2026-08-13 07:45:34,796 INFO trial epoch 4/10 batch 39/66 (59%) running_loss=0.8497
2026-08-13 07:45:37,357 INFO trial epoch 4/10 batch 52/66 (79%) running_loss=0.8568
2026-08-13 07:45:39,883 INFO trial epoch 4/10 batch 65/66 (98%) running_loss=0.8662
2026-08-13 07:45:40,049 INFO trial epoch 4/10 batch 66/66 (100%) running_loss=0.8668
2026-08-13 07:45:41,444 INFO trial epoch 4/10 done: train_loss=0.8668 val_macro_auc=0.8068
2026-08-13 07:45:44,556 INFO trial epoch 5/10 batch 13/66 (20%) running_loss=0.8964
2026-08-13 07:45:47,125 INFO trial epoch 5/10 batch 26/66 (39%) running_loss=0.8400
2026-08-13 07:45:49,691 INFO trial epoch 5/10 batch 39/66 (59%) running_loss=0.8466
2026-08-13 07:45:52,224 INFO trial epoch 5/10 batch 52/66 (79%) running_loss=0.8368
2026-08-13 07:45:54,761 INFO trial epoch 5/10 batch 65/66 (98%) running_loss=0.8319
2026-08-13 07:45:54,928 INFO trial epoch 5/10 batch 66/66 (100%) running_loss=0.8315
2026-08-13 07:45:56,257 INFO trial epoch 5/10 done: train_loss=0.8315 val_macro_auc=0.8208
2026-08-13 07:45:59,290 INFO trial epoch 6/10 batch 13/66 (20%) running_loss=0.8237
2026-08-13 07:46:01,825 INFO trial epoch 6/10 batch 26/66 (39%) running_loss=0.7850
2026-08-13 07:46:04,388 INFO trial epoch 6/10 batch 39/66 (59%) running_loss=0.7940
2026-08-13 07:46:06,915 INFO trial epoch 6/10 batch 52/66 (79%) running_loss=0.7882
2026-08-13 07:46:09,433 INFO trial epoch 6/10 batch 65/66 (98%) running_loss=0.7818
2026-08-13 07:46:09,601 INFO trial epoch 6/10 batch 66/66 (100%) running_loss=0.7817
2026-08-13 07:46:10,924 INFO trial epoch 6/10 done: train_loss=0.7817 val_macro_auc=0.8146
2026-08-13 07:46:14,038 INFO trial epoch 7/10 batch 13/66 (20%) running_loss=0.7323
2026-08-13 07:46:16,582 INFO trial epoch 7/10 batch 26/66 (39%) running_loss=0.7574
2026-08-13 07:46:19,128 INFO trial epoch 7/10 batch 39/66 (59%) running_loss=0.7488
2026-08-13 07:46:21,678 INFO trial epoch 7/10 batch 52/66 (79%) running_loss=0.7618
2026-08-13 07:46:24,223 INFO trial epoch 7/10 batch 65/66 (98%) running_loss=0.7581
2026-08-13 07:46:24,391 INFO trial epoch 7/10 batch 66/66 (100%) running_loss=0.7565
2026-08-13 07:46:25,828 INFO trial epoch 7/10 done: train_loss=0.7565 val_macro_auc=0.8282
2026-08-13 07:46:28,903 INFO trial epoch 8/10 batch 13/66 (20%) running_loss=0.7949
2026-08-13 07:46:31,495 INFO trial epoch 8/10 batch 26/66 (39%) running_loss=0.7278
2026-08-13 07:46:34,088 INFO trial epoch 8/10 batch 39/66 (59%) running_loss=0.7230
2026-08-13 07:46:36,622 INFO trial epoch 8/10 batch 52/66 (79%) running_loss=0.7358
2026-08-13 07:46:39,166 INFO trial epoch 8/10 batch 65/66 (98%) running_loss=0.7176
2026-08-13 07:46:39,338 INFO trial epoch 8/10 batch 66/66 (100%) running_loss=0.7159
2026-08-13 07:46:40,699 INFO trial epoch 8/10 done: train_loss=0.7159 val_macro_auc=0.8435
2026-08-13 07:46:43,799 INFO trial epoch 9/10 batch 13/66 (20%) running_loss=0.7388
2026-08-13 07:46:46,399 INFO trial epoch 9/10 batch 26/66 (39%) running_loss=0.6957
2026-08-13 07:46:48,950 INFO trial epoch 9/10 batch 39/66 (59%) running_loss=0.7000
2026-08-13 07:46:51,498 INFO trial epoch 9/10 batch 52/66 (79%) running_loss=0.7036
2026-08-13 07:46:54,020 INFO trial epoch 9/10 batch 65/66 (98%) running_loss=0.7001
2026-08-13 07:46:54,185 INFO trial epoch 9/10 batch 66/66 (100%) running_loss=0.6984
2026-08-13 07:46:55,588 INFO trial epoch 9/10 done: train_loss=0.6984 val_macro_auc=0.8517
2026-08-13 07:46:58,833 INFO trial epoch 10/10 batch 13/66 (20%) running_loss=0.7037
2026-08-13 07:47:01,440 INFO trial epoch 10/10 batch 26/66 (39%) running_loss=0.7039
2026-08-13 07:47:04,050 INFO trial epoch 10/10 batch 39/66 (59%) running_loss=0.6978
2026-08-13 07:47:06,579 INFO trial epoch 10/10 batch 52/66 (79%) running_loss=0.6943
2026-08-13 07:47:09,123 INFO trial epoch 10/10 batch 65/66 (98%) running_loss=0.6923
2026-08-13 07:47:09,289 INFO trial epoch 10/10 batch 66/66 (100%) running_loss=0.6915
2026-08-13 07:47:10,705 INFO trial epoch 10/10 done: train_loss=0.6915 val_macro_auc=0.8488
2026-08-13 07:47:10,850 INFO Trial 13/25: finished val_macro_auc=0.8480 (best so far: 0.8620)
2026-08-13 07:47:10,851 INFO Trial 14/25: starting (10 trial epochs)
2026-08-13 07:47:14,069 INFO trial epoch 1/10 batch 13/66 (20%) running_loss=1.1053
2026-08-13 07:47:16,626 INFO trial epoch 1/10 batch 26/66 (39%) running_loss=1.1042
2026-08-13 07:47:19,159 INFO trial epoch 1/10 batch 39/66 (59%) running_loss=1.1052
2026-08-13 07:47:21,694 INFO trial epoch 1/10 batch 52/66 (79%) running_loss=1.1013
2026-08-13 07:47:24,226 INFO trial epoch 1/10 batch 65/66 (98%) running_loss=1.0990
2026-08-13 07:47:24,392 INFO trial epoch 1/10 batch 66/66 (100%) running_loss=1.0964
2026-08-13 07:47:25,791 INFO trial epoch 1/10 done: train_loss=1.0964 val_macro_auc=0.7401
2026-08-13 07:47:28,875 INFO trial epoch 2/10 batch 13/66 (20%) running_loss=1.0369
2026-08-13 07:47:31,483 INFO trial epoch 2/10 batch 26/66 (39%) running_loss=1.0241
2026-08-13 07:47:34,041 INFO trial epoch 2/10 batch 39/66 (59%) running_loss=1.0244
2026-08-13 07:47:36,584 INFO trial epoch 2/10 batch 52/66 (79%) running_loss=1.0277
2026-08-13 07:47:39,139 INFO trial epoch 2/10 batch 65/66 (98%) running_loss=1.0144
2026-08-13 07:47:39,306 INFO trial epoch 2/10 batch 66/66 (100%) running_loss=1.0115
2026-08-13 07:47:40,738 INFO trial epoch 2/10 done: train_loss=1.0115 val_macro_auc=0.7579
2026-08-13 07:47:43,823 INFO trial epoch 3/10 batch 13/66 (20%) running_loss=0.9041
2026-08-13 07:47:46,363 INFO trial epoch 3/10 batch 26/66 (39%) running_loss=0.9031
2026-08-13 07:47:48,901 INFO trial epoch 3/10 batch 39/66 (59%) running_loss=0.9075
2026-08-13 07:47:51,451 INFO trial epoch 3/10 batch 52/66 (79%) running_loss=0.9001
2026-08-13 07:47:54,006 INFO trial epoch 3/10 batch 65/66 (98%) running_loss=0.8817
2026-08-13 07:47:54,174 INFO trial epoch 3/10 batch 66/66 (100%) running_loss=0.8824
2026-08-13 07:47:55,557 INFO trial epoch 3/10 done: train_loss=0.8824 val_macro_auc=0.7561
2026-08-13 07:47:58,647 INFO trial epoch 4/10 batch 13/66 (20%) running_loss=0.8680
2026-08-13 07:48:01,228 INFO trial epoch 4/10 batch 26/66 (39%) running_loss=0.8420
2026-08-13 07:48:03,815 INFO trial epoch 4/10 batch 39/66 (59%) running_loss=0.8355
2026-08-13 07:48:06,376 INFO trial epoch 4/10 batch 52/66 (79%) running_loss=0.8292
2026-08-13 07:48:08,949 INFO trial epoch 4/10 batch 65/66 (98%) running_loss=0.8198
2026-08-13 07:48:09,114 INFO trial epoch 4/10 batch 66/66 (100%) running_loss=0.8182
2026-08-13 07:48:10,521 INFO trial epoch 4/10 done: train_loss=0.8182 val_macro_auc=0.8171
2026-08-13 07:48:13,628 INFO trial epoch 5/10 batch 13/66 (20%) running_loss=0.8030
2026-08-13 07:48:16,193 INFO trial epoch 5/10 batch 26/66 (39%) running_loss=0.7900
2026-08-13 07:48:18,956 INFO trial epoch 5/10 batch 39/66 (59%) running_loss=0.7687
2026-08-13 07:48:21,532 INFO trial epoch 5/10 batch 52/66 (79%) running_loss=0.7717
2026-08-13 07:48:24,099 INFO trial epoch 5/10 batch 65/66 (98%) running_loss=0.7755
2026-08-13 07:48:24,271 INFO trial epoch 5/10 batch 66/66 (100%) running_loss=0.7765
2026-08-13 07:48:25,628 INFO trial epoch 5/10 done: train_loss=0.7765 val_macro_auc=0.8186
2026-08-13 07:48:28,734 INFO trial epoch 6/10 batch 13/66 (20%) running_loss=0.7512
2026-08-13 07:48:31,310 INFO trial epoch 6/10 batch 26/66 (39%) running_loss=0.7432
2026-08-13 07:48:33,851 INFO trial epoch 6/10 batch 39/66 (59%) running_loss=0.7496
2026-08-13 07:48:36,384 INFO trial epoch 6/10 batch 52/66 (79%) running_loss=0.7430
2026-08-13 07:48:38,934 INFO trial epoch 6/10 batch 65/66 (98%) running_loss=0.7358
2026-08-13 07:48:39,105 INFO trial epoch 6/10 batch 66/66 (100%) running_loss=0.7370
2026-08-13 07:48:40,546 INFO trial epoch 6/10 done: train_loss=0.7370 val_macro_auc=0.8244
2026-08-13 07:48:43,606 INFO trial epoch 7/10 batch 13/66 (20%) running_loss=0.7797
2026-08-13 07:48:46,140 INFO trial epoch 7/10 batch 26/66 (39%) running_loss=0.7521
2026-08-13 07:48:48,742 INFO trial epoch 7/10 batch 39/66 (59%) running_loss=0.7363
2026-08-13 07:48:51,326 INFO trial epoch 7/10 batch 52/66 (79%) running_loss=0.7237
2026-08-13 07:48:53,897 INFO trial epoch 7/10 batch 65/66 (98%) running_loss=0.7154
2026-08-13 07:48:54,064 INFO trial epoch 7/10 batch 66/66 (100%) running_loss=0.7165
2026-08-13 07:48:55,517 INFO trial epoch 7/10 done: train_loss=0.7165 val_macro_auc=0.8224
2026-08-13 07:48:58,590 INFO trial epoch 8/10 batch 13/66 (20%) running_loss=0.7305
2026-08-13 07:49:01,163 INFO trial epoch 8/10 batch 26/66 (39%) running_loss=0.7152
2026-08-13 07:49:03,775 INFO trial epoch 8/10 batch 39/66 (59%) running_loss=0.6982
2026-08-13 07:49:06,357 INFO trial epoch 8/10 batch 52/66 (79%) running_loss=0.6969
2026-08-13 07:49:08,892 INFO trial epoch 8/10 batch 65/66 (98%) running_loss=0.7047
2026-08-13 07:49:09,060 INFO trial epoch 8/10 batch 66/66 (100%) running_loss=0.7034
2026-08-13 07:49:10,483 INFO trial epoch 8/10 done: train_loss=0.7034 val_macro_auc=0.8215
2026-08-13 07:49:13,580 INFO trial epoch 9/10 batch 13/66 (20%) running_loss=0.6947
2026-08-13 07:49:16,169 INFO trial epoch 9/10 batch 26/66 (39%) running_loss=0.7001
2026-08-13 07:49:18,758 INFO trial epoch 9/10 batch 39/66 (59%) running_loss=0.6868
2026-08-13 07:49:21,342 INFO trial epoch 9/10 batch 52/66 (79%) running_loss=0.6723
2026-08-13 07:49:23,939 INFO trial epoch 9/10 batch 65/66 (98%) running_loss=0.6717
2026-08-13 07:49:24,106 INFO trial epoch 9/10 batch 66/66 (100%) running_loss=0.6718
2026-08-13 07:49:25,558 INFO trial epoch 9/10 done: train_loss=0.6718 val_macro_auc=0.8340
2026-08-13 07:49:28,621 INFO trial epoch 10/10 batch 13/66 (20%) running_loss=0.7213
2026-08-13 07:49:31,151 INFO trial epoch 10/10 batch 26/66 (39%) running_loss=0.6924
2026-08-13 07:49:33,686 INFO trial epoch 10/10 batch 39/66 (59%) running_loss=0.6913
2026-08-13 07:49:36,273 INFO trial epoch 10/10 batch 52/66 (79%) running_loss=0.6731
2026-08-13 07:49:38,855 INFO trial epoch 10/10 batch 65/66 (98%) running_loss=0.6693
2026-08-13 07:49:39,022 INFO trial epoch 10/10 batch 66/66 (100%) running_loss=0.6681
2026-08-13 07:49:40,441 INFO trial epoch 10/10 done: train_loss=0.6681 val_macro_auc=0.8342
2026-08-13 07:49:40,589 INFO Trial 14/25: finished val_macro_auc=0.8299 (best so far: 0.8620)
2026-08-13 07:49:40,590 INFO Trial 15/25: starting (10 trial epochs)
2026-08-13 07:49:43,874 INFO trial epoch 1/10 batch 13/66 (20%) running_loss=1.0973
2026-08-13 07:49:46,458 INFO trial epoch 1/10 batch 26/66 (39%) running_loss=1.1054
2026-08-13 07:49:49,014 INFO trial epoch 1/10 batch 39/66 (59%) running_loss=1.0761
2026-08-13 07:49:51,636 INFO trial epoch 1/10 batch 52/66 (79%) running_loss=1.0687
2026-08-13 07:49:54,178 INFO trial epoch 1/10 batch 65/66 (98%) running_loss=1.0599
2026-08-13 07:49:54,344 INFO trial epoch 1/10 batch 66/66 (100%) running_loss=1.0590
2026-08-13 07:49:55,721 INFO trial epoch 1/10 done: train_loss=1.0590 val_macro_auc=0.7483
2026-08-13 07:49:58,802 INFO trial epoch 2/10 batch 13/66 (20%) running_loss=1.0307
2026-08-13 07:50:01,365 INFO trial epoch 2/10 batch 26/66 (39%) running_loss=1.0281
2026-08-13 07:50:03,899 INFO trial epoch 2/10 batch 39/66 (59%) running_loss=1.0188
2026-08-13 07:50:06,439 INFO trial epoch 2/10 batch 52/66 (79%) running_loss=1.0348
2026-08-13 07:50:08,986 INFO trial epoch 2/10 batch 65/66 (98%) running_loss=1.0199
2026-08-13 07:50:09,152 INFO trial epoch 2/10 batch 66/66 (100%) running_loss=1.0193
2026-08-13 07:50:10,509 INFO trial epoch 2/10 done: train_loss=1.0193 val_macro_auc=0.7567
2026-08-13 07:50:13,643 INFO trial epoch 3/10 batch 13/66 (20%) running_loss=1.0052
2026-08-13 07:50:16,417 INFO trial epoch 3/10 batch 26/66 (39%) running_loss=1.0102
2026-08-13 07:50:18,981 INFO trial epoch 3/10 batch 39/66 (59%) running_loss=0.9956
2026-08-13 07:50:21,535 INFO trial epoch 3/10 batch 52/66 (79%) running_loss=0.9868
2026-08-13 07:50:24,087 INFO trial epoch 3/10 batch 65/66 (98%) running_loss=0.9689
2026-08-13 07:50:24,254 INFO trial epoch 3/10 batch 66/66 (100%) running_loss=0.9674
2026-08-13 07:50:25,714 INFO trial epoch 3/10 done: train_loss=0.9674 val_macro_auc=0.7838
2026-08-13 07:50:28,814 INFO trial epoch 4/10 batch 13/66 (20%) running_loss=0.9646
2026-08-13 07:50:31,362 INFO trial epoch 4/10 batch 26/66 (39%) running_loss=0.9447
2026-08-13 07:50:33,989 INFO trial epoch 4/10 batch 39/66 (59%) running_loss=0.9312
2026-08-13 07:50:36,582 INFO trial epoch 4/10 batch 52/66 (79%) running_loss=0.9333
2026-08-13 07:50:39,160 INFO trial epoch 4/10 batch 65/66 (98%) running_loss=0.9225
2026-08-13 07:50:39,326 INFO trial epoch 4/10 batch 66/66 (100%) running_loss=0.9207
2026-08-13 07:50:40,751 INFO trial epoch 4/10 done: train_loss=0.9207 val_macro_auc=0.6891
2026-08-13 07:50:43,847 INFO trial epoch 5/10 batch 13/66 (20%) running_loss=0.8788
2026-08-13 07:50:46,430 INFO trial epoch 5/10 batch 26/66 (39%) running_loss=0.8955
2026-08-13 07:50:49,011 INFO trial epoch 5/10 batch 39/66 (59%) running_loss=0.8957
2026-08-13 07:50:51,562 INFO trial epoch 5/10 batch 52/66 (79%) running_loss=0.8772
2026-08-13 07:50:54,098 INFO trial epoch 5/10 batch 65/66 (98%) running_loss=0.8753
2026-08-13 07:50:54,264 INFO trial epoch 5/10 batch 66/66 (100%) running_loss=0.8769
2026-08-13 07:50:55,681 INFO trial epoch 5/10 done: train_loss=0.8769 val_macro_auc=0.6989
2026-08-13 07:50:58,736 INFO trial epoch 6/10 batch 13/66 (20%) running_loss=0.8668
2026-08-13 07:51:01,293 INFO trial epoch 6/10 batch 26/66 (39%) running_loss=0.8370
2026-08-13 07:51:03,926 INFO trial epoch 6/10 batch 39/66 (59%) running_loss=0.8335
2026-08-13 07:51:06,515 INFO trial epoch 6/10 batch 52/66 (79%) running_loss=0.8300
2026-08-13 07:51:09,076 INFO trial epoch 6/10 batch 65/66 (98%) running_loss=0.8246
2026-08-13 07:51:09,241 INFO trial epoch 6/10 batch 66/66 (100%) running_loss=0.8226
2026-08-13 07:51:10,679 INFO trial epoch 6/10 done: train_loss=0.8226 val_macro_auc=0.6964
2026-08-13 07:51:13,774 INFO trial epoch 7/10 batch 13/66 (20%) running_loss=0.8139
2026-08-13 07:51:16,386 INFO trial epoch 7/10 batch 26/66 (39%) running_loss=0.8165
2026-08-13 07:51:18,963 INFO trial epoch 7/10 batch 39/66 (59%) running_loss=0.8004
2026-08-13 07:51:21,522 INFO trial epoch 7/10 batch 52/66 (79%) running_loss=0.8084
2026-08-13 07:51:24,066 INFO trial epoch 7/10 batch 65/66 (98%) running_loss=0.8042
2026-08-13 07:51:24,234 INFO trial epoch 7/10 batch 66/66 (100%) running_loss=0.8037
2026-08-13 07:51:25,628 INFO trial epoch 7/10 done: train_loss=0.8037 val_macro_auc=0.7526
2026-08-13 07:51:28,704 INFO trial epoch 8/10 batch 13/66 (20%) running_loss=0.7582
2026-08-13 07:51:31,298 INFO trial epoch 8/10 batch 26/66 (39%) running_loss=0.7653
2026-08-13 07:51:33,903 INFO trial epoch 8/10 batch 39/66 (59%) running_loss=0.7749
2026-08-13 07:51:36,471 INFO trial epoch 8/10 batch 52/66 (79%) running_loss=0.7783
2026-08-13 07:51:39,050 INFO trial epoch 8/10 batch 65/66 (98%) running_loss=0.7908
2026-08-13 07:51:39,215 INFO trial epoch 8/10 batch 66/66 (100%) running_loss=0.7914
2026-08-13 07:51:40,584 INFO trial epoch 8/10 done: train_loss=0.7914 val_macro_auc=0.7553
2026-08-13 07:51:43,587 INFO trial epoch 9/10 batch 13/66 (20%) running_loss=0.7699
2026-08-13 07:51:46,147 INFO trial epoch 9/10 batch 26/66 (39%) running_loss=0.7832
2026-08-13 07:51:48,716 INFO trial epoch 9/10 batch 39/66 (59%) running_loss=0.7772
2026-08-13 07:51:51,266 INFO trial epoch 9/10 batch 52/66 (79%) running_loss=0.7679
2026-08-13 07:51:53,819 INFO trial epoch 9/10 batch 65/66 (98%) running_loss=0.7593
2026-08-13 07:51:53,987 INFO trial epoch 9/10 batch 66/66 (100%) running_loss=0.7587
2026-08-13 07:51:55,338 INFO trial epoch 9/10 done: train_loss=0.7587 val_macro_auc=0.6928
2026-08-13 07:51:58,593 INFO trial epoch 10/10 batch 13/66 (20%) running_loss=0.7605
2026-08-13 07:52:01,206 INFO trial epoch 10/10 batch 26/66 (39%) running_loss=0.7612
2026-08-13 07:52:03,813 INFO trial epoch 10/10 batch 39/66 (59%) running_loss=0.7724
2026-08-13 07:52:06,401 INFO trial epoch 10/10 batch 52/66 (79%) running_loss=0.7634
2026-08-13 07:52:08,927 INFO trial epoch 10/10 batch 65/66 (98%) running_loss=0.7536
2026-08-13 07:52:09,095 INFO trial epoch 10/10 batch 66/66 (100%) running_loss=0.7527
2026-08-13 07:52:10,524 INFO trial epoch 10/10 done: train_loss=0.7527 val_macro_auc=0.6974
2026-08-13 07:52:10,673 INFO Trial 15/25: finished val_macro_auc=0.7152 (best so far: 0.8620)
2026-08-13 07:52:10,680 INFO Trial 16/25: starting (10 trial epochs)
2026-08-13 07:52:13,905 INFO trial epoch 1/10 batch 13/66 (20%) running_loss=1.0742
2026-08-13 07:52:16,453 INFO trial epoch 1/10 batch 26/66 (39%) running_loss=1.1016
2026-08-13 07:52:19,026 INFO trial epoch 1/10 batch 39/66 (59%) running_loss=1.0922
2026-08-13 07:52:21,577 INFO trial epoch 1/10 batch 52/66 (79%) running_loss=1.0858
2026-08-13 07:52:24,180 INFO trial epoch 1/10 batch 65/66 (98%) running_loss=1.0799
2026-08-13 07:52:24,347 INFO trial epoch 1/10 batch 66/66 (100%) running_loss=1.0816
2026-08-13 07:52:25,781 INFO trial epoch 1/10 done: train_loss=1.0816 val_macro_auc=0.7459
2026-08-13 07:52:28,857 INFO trial epoch 2/10 batch 13/66 (20%) running_loss=1.0054
2026-08-13 07:52:31,449 INFO trial epoch 2/10 batch 26/66 (39%) running_loss=0.9917
2026-08-13 07:52:34,026 INFO trial epoch 2/10 batch 39/66 (59%) running_loss=0.9906
2026-08-13 07:52:36,566 INFO trial epoch 2/10 batch 52/66 (79%) running_loss=0.9856
2026-08-13 07:52:39,156 INFO trial epoch 2/10 batch 65/66 (98%) running_loss=0.9696
2026-08-13 07:52:39,322 INFO trial epoch 2/10 batch 66/66 (100%) running_loss=0.9712
2026-08-13 07:52:40,745 INFO trial epoch 2/10 done: train_loss=0.9712 val_macro_auc=0.7979
2026-08-13 07:52:43,814 INFO trial epoch 3/10 batch 13/66 (20%) running_loss=0.9323
2026-08-13 07:52:46,601 INFO trial epoch 3/10 batch 26/66 (39%) running_loss=0.9075
2026-08-13 07:52:49,201 INFO trial epoch 3/10 batch 39/66 (59%) running_loss=0.9055
2026-08-13 07:52:51,843 INFO trial epoch 3/10 batch 52/66 (79%) running_loss=0.9027
2026-08-13 07:52:54,388 INFO trial epoch 3/10 batch 65/66 (98%) running_loss=0.8925
2026-08-13 07:52:54,559 INFO trial epoch 3/10 batch 66/66 (100%) running_loss=0.8915
2026-08-13 07:52:56,008 INFO trial epoch 3/10 done: train_loss=0.8915 val_macro_auc=0.7820
2026-08-13 07:52:59,040 INFO trial epoch 4/10 batch 13/66 (20%) running_loss=0.8688
2026-08-13 07:53:01,606 INFO trial epoch 4/10 batch 26/66 (39%) running_loss=0.8679
2026-08-13 07:53:04,191 INFO trial epoch 4/10 batch 39/66 (59%) running_loss=0.8586
2026-08-13 07:53:06,744 INFO trial epoch 4/10 batch 52/66 (79%) running_loss=0.8508
2026-08-13 07:53:09,267 INFO trial epoch 4/10 batch 65/66 (98%) running_loss=0.8601
2026-08-13 07:53:09,441 INFO trial epoch 4/10 batch 66/66 (100%) running_loss=0.8594
2026-08-13 07:53:10,826 INFO trial epoch 4/10 done: train_loss=0.8594 val_macro_auc=0.7594
2026-08-13 07:53:13,916 INFO trial epoch 5/10 batch 13/66 (20%) running_loss=0.7907
2026-08-13 07:53:16,483 INFO trial epoch 5/10 batch 26/66 (39%) running_loss=0.8082
2026-08-13 07:53:19,051 INFO trial epoch 5/10 batch 39/66 (59%) running_loss=0.8162
2026-08-13 07:53:21,629 INFO trial epoch 5/10 batch 52/66 (79%) running_loss=0.8139
2026-08-13 07:53:24,180 INFO trial epoch 5/10 batch 65/66 (98%) running_loss=0.8096
2026-08-13 07:53:24,352 INFO trial epoch 5/10 batch 66/66 (100%) running_loss=0.8100
2026-08-13 07:53:25,687 INFO trial epoch 5/10 done: train_loss=0.8100 val_macro_auc=0.8158
2026-08-13 07:53:28,707 INFO trial epoch 6/10 batch 13/66 (20%) running_loss=0.7845
2026-08-13 07:53:31,227 INFO trial epoch 6/10 batch 26/66 (39%) running_loss=0.7614
2026-08-13 07:53:33,752 INFO trial epoch 6/10 batch 39/66 (59%) running_loss=0.7425
2026-08-13 07:53:36,290 INFO trial epoch 6/10 batch 52/66 (79%) running_loss=0.7378
2026-08-13 07:53:38,848 INFO trial epoch 6/10 batch 65/66 (98%) running_loss=0.7444
2026-08-13 07:53:39,013 INFO trial epoch 6/10 batch 66/66 (100%) running_loss=0.7464
2026-08-13 07:53:40,376 INFO trial epoch 6/10 done: train_loss=0.7464 val_macro_auc=0.8137
2026-08-13 07:53:43,464 INFO trial epoch 7/10 batch 13/66 (20%) running_loss=0.7106
2026-08-13 07:53:46,032 INFO trial epoch 7/10 batch 26/66 (39%) running_loss=0.7142
2026-08-13 07:53:48,594 INFO trial epoch 7/10 batch 39/66 (59%) running_loss=0.7171
2026-08-13 07:53:51,143 INFO trial epoch 7/10 batch 52/66 (79%) running_loss=0.7225
2026-08-13 07:53:53,676 INFO trial epoch 7/10 batch 65/66 (98%) running_loss=0.7256
2026-08-13 07:53:53,841 INFO trial epoch 7/10 batch 66/66 (100%) running_loss=0.7252
2026-08-13 07:53:55,178 INFO trial epoch 7/10 done: train_loss=0.7252 val_macro_auc=0.8068
2026-08-13 07:53:58,234 INFO trial epoch 8/10 batch 13/66 (20%) running_loss=0.7658
2026-08-13 07:54:00,821 INFO trial epoch 8/10 batch 26/66 (39%) running_loss=0.7476
2026-08-13 07:54:03,367 INFO trial epoch 8/10 batch 39/66 (59%) running_loss=0.7284
2026-08-13 07:54:05,905 INFO trial epoch 8/10 batch 52/66 (79%) running_loss=0.7297
2026-08-13 07:54:08,430 INFO trial epoch 8/10 batch 65/66 (98%) running_loss=0.7339
2026-08-13 07:54:08,609 INFO trial epoch 8/10 batch 66/66 (100%) running_loss=0.7337
2026-08-13 07:54:09,991 INFO trial epoch 8/10 done: train_loss=0.7337 val_macro_auc=0.8205
2026-08-13 07:54:13,029 INFO trial epoch 9/10 batch 13/66 (20%) running_loss=0.7390
2026-08-13 07:54:15,556 INFO trial epoch 9/10 batch 26/66 (39%) running_loss=0.7192
2026-08-13 07:54:18,082 INFO trial epoch 9/10 batch 39/66 (59%) running_loss=0.7030
2026-08-13 07:54:20,609 INFO trial epoch 9/10 batch 52/66 (79%) running_loss=0.6970
2026-08-13 07:54:23,158 INFO trial epoch 9/10 batch 65/66 (98%) running_loss=0.6954
2026-08-13 07:54:23,324 INFO trial epoch 9/10 batch 66/66 (100%) running_loss=0.6954
2026-08-13 07:54:24,676 INFO trial epoch 9/10 done: train_loss=0.6954 val_macro_auc=0.8250
2026-08-13 07:54:27,916 INFO trial epoch 10/10 batch 13/66 (20%) running_loss=0.6538
2026-08-13 07:54:30,531 INFO trial epoch 10/10 batch 26/66 (39%) running_loss=0.6868
2026-08-13 07:54:33,088 INFO trial epoch 10/10 batch 39/66 (59%) running_loss=0.6689
2026-08-13 07:54:35,603 INFO trial epoch 10/10 batch 52/66 (79%) running_loss=0.6713
2026-08-13 07:54:38,143 INFO trial epoch 10/10 batch 65/66 (98%) running_loss=0.6704
2026-08-13 07:54:38,309 INFO trial epoch 10/10 batch 66/66 (100%) running_loss=0.6718
2026-08-13 07:54:39,696 INFO trial epoch 10/10 done: train_loss=0.6718 val_macro_auc=0.8317
2026-08-13 07:54:39,845 INFO Trial 16/25: finished val_macro_auc=0.8257 (best so far: 0.8620)
2026-08-13 07:54:39,848 INFO Trial 17/25: starting (10 trial epochs)
2026-08-13 07:54:43,083 INFO trial epoch 1/10 batch 13/66 (20%) running_loss=1.1069
2026-08-13 07:54:45,618 INFO trial epoch 1/10 batch 26/66 (39%) running_loss=1.1072
2026-08-13 07:54:48,139 INFO trial epoch 1/10 batch 39/66 (59%) running_loss=1.0967
2026-08-13 07:54:50,677 INFO trial epoch 1/10 batch 52/66 (79%) running_loss=1.0780
2026-08-13 07:54:53,223 INFO trial epoch 1/10 batch 65/66 (98%) running_loss=1.0682
2026-08-13 07:54:53,391 INFO trial epoch 1/10 batch 66/66 (100%) running_loss=1.0662
2026-08-13 07:54:54,728 INFO trial epoch 1/10 done: train_loss=1.0662 val_macro_auc=0.7592
2026-08-13 07:54:57,700 INFO trial epoch 2/10 batch 13/66 (20%) running_loss=1.0123
2026-08-13 07:55:00,235 INFO trial epoch 2/10 batch 26/66 (39%) running_loss=0.9846
2026-08-13 07:55:02,773 INFO trial epoch 2/10 batch 39/66 (59%) running_loss=0.9788
2026-08-13 07:55:05,328 INFO trial epoch 2/10 batch 52/66 (79%) running_loss=0.9843
2026-08-13 07:55:07,847 INFO trial epoch 2/10 batch 65/66 (98%) running_loss=0.9834
2026-08-13 07:55:08,014 INFO trial epoch 2/10 batch 66/66 (100%) running_loss=0.9846
2026-08-13 07:55:09,429 INFO trial epoch 2/10 done: train_loss=0.9846 val_macro_auc=0.7588
2026-08-13 07:55:12,519 INFO trial epoch 3/10 batch 13/66 (20%) running_loss=0.9146
2026-08-13 07:55:15,301 INFO trial epoch 3/10 batch 26/66 (39%) running_loss=0.9175
2026-08-13 07:55:17,885 INFO trial epoch 3/10 batch 39/66 (59%) running_loss=0.9359
2026-08-13 07:55:20,424 INFO trial epoch 3/10 batch 52/66 (79%) running_loss=0.9255
2026-08-13 07:55:22,958 INFO trial epoch 3/10 batch 65/66 (98%) running_loss=0.9069
2026-08-13 07:55:23,124 INFO trial epoch 3/10 batch 66/66 (100%) running_loss=0.9088
2026-08-13 07:55:24,545 INFO trial epoch 3/10 done: train_loss=0.9088 val_macro_auc=0.7306
2026-08-13 07:55:27,600 INFO trial epoch 4/10 batch 13/66 (20%) running_loss=0.8608
2026-08-13 07:55:30,132 INFO trial epoch 4/10 batch 26/66 (39%) running_loss=0.8450
2026-08-13 07:55:32,667 INFO trial epoch 4/10 batch 39/66 (59%) running_loss=0.8715
2026-08-13 07:55:35,242 INFO trial epoch 4/10 batch 52/66 (79%) running_loss=0.8728
2026-08-13 07:55:37,775 INFO trial epoch 4/10 batch 65/66 (98%) running_loss=0.8665
2026-08-13 07:55:37,941 INFO trial epoch 4/10 batch 66/66 (100%) running_loss=0.8665
2026-08-13 07:55:39,328 INFO trial epoch 4/10 done: train_loss=0.8665 val_macro_auc=0.7288
2026-08-13 07:55:42,411 INFO trial epoch 5/10 batch 13/66 (20%) running_loss=0.7941
2026-08-13 07:55:44,965 INFO trial epoch 5/10 batch 26/66 (39%) running_loss=0.7814
2026-08-13 07:55:47,516 INFO trial epoch 5/10 batch 39/66 (59%) running_loss=0.8115
2026-08-13 07:55:50,043 INFO trial epoch 5/10 batch 52/66 (79%) running_loss=0.8219
2026-08-13 07:55:52,570 INFO trial epoch 5/10 batch 65/66 (98%) running_loss=0.8092
2026-08-13 07:55:52,737 INFO trial epoch 5/10 batch 66/66 (100%) running_loss=0.8097
2026-08-13 07:55:54,078 INFO trial epoch 5/10 done: train_loss=0.8097 val_macro_auc=0.7465
2026-08-13 07:55:57,118 INFO trial epoch 6/10 batch 13/66 (20%) running_loss=0.7919
2026-08-13 07:55:59,645 INFO trial epoch 6/10 batch 26/66 (39%) running_loss=0.7602
2026-08-13 07:56:02,159 INFO trial epoch 6/10 batch 39/66 (59%) running_loss=0.7641
2026-08-13 07:56:04,698 INFO trial epoch 6/10 batch 52/66 (79%) running_loss=0.7688
2026-08-13 07:56:07,218 INFO trial epoch 6/10 batch 65/66 (98%) running_loss=0.7719
2026-08-13 07:56:07,383 INFO trial epoch 6/10 batch 66/66 (100%) running_loss=0.7705
2026-08-13 07:56:08,733 INFO trial epoch 6/10 done: train_loss=0.7705 val_macro_auc=0.8109
2026-08-13 07:56:11,755 INFO trial epoch 7/10 batch 13/66 (20%) running_loss=0.7963
2026-08-13 07:56:14,288 INFO trial epoch 7/10 batch 26/66 (39%) running_loss=0.7680
2026-08-13 07:56:16,863 INFO trial epoch 7/10 batch 39/66 (59%) running_loss=0.7507
2026-08-13 07:56:19,446 INFO trial epoch 7/10 batch 52/66 (79%) running_loss=0.7461
2026-08-13 07:56:21,999 INFO trial epoch 7/10 batch 65/66 (98%) running_loss=0.7495
2026-08-13 07:56:22,164 INFO trial epoch 7/10 batch 66/66 (100%) running_loss=0.7477
2026-08-13 07:56:23,505 INFO trial epoch 7/10 done: train_loss=0.7477 val_macro_auc=0.8157
2026-08-13 07:56:26,578 INFO trial epoch 8/10 batch 13/66 (20%) running_loss=0.7535
2026-08-13 07:56:29,111 INFO trial epoch 8/10 batch 26/66 (39%) running_loss=0.7470
2026-08-13 07:56:31,663 INFO trial epoch 8/10 batch 39/66 (59%) running_loss=0.7372
2026-08-13 07:56:34,211 INFO trial epoch 8/10 batch 52/66 (79%) running_loss=0.7298
2026-08-13 07:56:36,731 INFO trial epoch 8/10 batch 65/66 (98%) running_loss=0.7186
2026-08-13 07:56:36,898 INFO trial epoch 8/10 batch 66/66 (100%) running_loss=0.7186
2026-08-13 07:56:38,244 INFO trial epoch 8/10 done: train_loss=0.7186 val_macro_auc=0.8141
2026-08-13 07:56:41,293 INFO trial epoch 9/10 batch 13/66 (20%) running_loss=0.7104
2026-08-13 07:56:43,834 INFO trial epoch 9/10 batch 26/66 (39%) running_loss=0.7091
2026-08-13 07:56:46,371 INFO trial epoch 9/10 batch 39/66 (59%) running_loss=0.7137
2026-08-13 07:56:48,900 INFO trial epoch 9/10 batch 52/66 (79%) running_loss=0.7054
2026-08-13 07:56:51,443 INFO trial epoch 9/10 batch 65/66 (98%) running_loss=0.6909
2026-08-13 07:56:51,609 INFO trial epoch 9/10 batch 66/66 (100%) running_loss=0.6892
2026-08-13 07:56:52,982 INFO trial epoch 9/10 done: train_loss=0.6892 val_macro_auc=0.8274
2026-08-13 07:56:56,255 INFO trial epoch 10/10 batch 13/66 (20%) running_loss=0.6336
2026-08-13 07:56:58,822 INFO trial epoch 10/10 batch 26/66 (39%) running_loss=0.6605
2026-08-13 07:57:01,356 INFO trial epoch 10/10 batch 39/66 (59%) running_loss=0.6853
2026-08-13 07:57:03,922 INFO trial epoch 10/10 batch 52/66 (79%) running_loss=0.7021
2026-08-13 07:57:06,458 INFO trial epoch 10/10 batch 65/66 (98%) running_loss=0.6957
2026-08-13 07:57:06,626 INFO trial epoch 10/10 batch 66/66 (100%) running_loss=0.6962
2026-08-13 07:57:08,068 INFO trial epoch 10/10 done: train_loss=0.6962 val_macro_auc=0.8252
2026-08-13 07:57:08,213 INFO Trial 17/25: finished val_macro_auc=0.8222 (best so far: 0.8620)
2026-08-13 07:57:08,216 INFO Trial 18/25: starting (10 trial epochs)
2026-08-13 07:57:11,402 INFO trial epoch 1/10 batch 13/66 (20%) running_loss=1.0895
2026-08-13 07:57:13,941 INFO trial epoch 1/10 batch 26/66 (39%) running_loss=1.1005
2026-08-13 07:57:16,476 INFO trial epoch 1/10 batch 39/66 (59%) running_loss=1.1022
2026-08-13 07:57:18,997 INFO trial epoch 1/10 batch 52/66 (79%) running_loss=1.0984
2026-08-13 07:57:21,523 INFO trial epoch 1/10 batch 65/66 (98%) running_loss=1.0923
2026-08-13 07:57:21,689 INFO trial epoch 1/10 batch 66/66 (100%) running_loss=1.0916
2026-08-13 07:57:23,061 INFO trial epoch 1/10 done: train_loss=1.0916 val_macro_auc=0.6937
2026-08-13 07:57:26,075 INFO trial epoch 2/10 batch 13/66 (20%) running_loss=1.0408
2026-08-13 07:57:28,606 INFO trial epoch 2/10 batch 26/66 (39%) running_loss=1.0421
2026-08-13 07:57:31,132 INFO trial epoch 2/10 batch 39/66 (59%) running_loss=1.0296
2026-08-13 07:57:33,684 INFO trial epoch 2/10 batch 52/66 (79%) running_loss=1.0298
2026-08-13 07:57:36,197 INFO trial epoch 2/10 batch 65/66 (98%) running_loss=1.0179
2026-08-13 07:57:36,365 INFO trial epoch 2/10 batch 66/66 (100%) running_loss=1.0167
2026-08-13 07:57:37,756 INFO trial epoch 2/10 done: train_loss=1.0167 val_macro_auc=0.7029
2026-08-13 07:57:40,809 INFO trial epoch 3/10 batch 13/66 (20%) running_loss=0.9827
2026-08-13 07:57:43,545 INFO trial epoch 3/10 batch 26/66 (39%) running_loss=0.9667
2026-08-13 07:57:46,071 INFO trial epoch 3/10 batch 39/66 (59%) running_loss=0.9639
2026-08-13 07:57:48,614 INFO trial epoch 3/10 batch 52/66 (79%) running_loss=0.9485
2026-08-13 07:57:51,136 INFO trial epoch 3/10 batch 65/66 (98%) running_loss=0.9309
2026-08-13 07:57:51,305 INFO trial epoch 3/10 batch 66/66 (100%) running_loss=0.9324
2026-08-13 07:57:52,723 INFO trial epoch 3/10 done: train_loss=0.9324 val_macro_auc=0.7944
2026-08-13 07:57:55,786 INFO trial epoch 4/10 batch 13/66 (20%) running_loss=0.8875
2026-08-13 07:57:58,323 INFO trial epoch 4/10 batch 26/66 (39%) running_loss=0.8780
2026-08-13 07:58:00,852 INFO trial epoch 4/10 batch 39/66 (59%) running_loss=0.8785
2026-08-13 07:58:03,415 INFO trial epoch 4/10 batch 52/66 (79%) running_loss=0.8629
2026-08-13 07:58:05,936 INFO trial epoch 4/10 batch 65/66 (98%) running_loss=0.8523
2026-08-13 07:58:06,103 INFO trial epoch 4/10 batch 66/66 (100%) running_loss=0.8529
2026-08-13 07:58:07,491 INFO trial epoch 4/10 done: train_loss=0.8529 val_macro_auc=0.7860
2026-08-13 07:58:10,515 INFO trial epoch 5/10 batch 13/66 (20%) running_loss=0.7235
2026-08-13 07:58:13,032 INFO trial epoch 5/10 batch 26/66 (39%) running_loss=0.8000
2026-08-13 07:58:15,534 INFO trial epoch 5/10 batch 39/66 (59%) running_loss=0.7951
2026-08-13 07:58:18,108 INFO trial epoch 5/10 batch 52/66 (79%) running_loss=0.7915
2026-08-13 07:58:20,625 INFO trial epoch 5/10 batch 65/66 (98%) running_loss=0.8011
2026-08-13 07:58:20,791 INFO trial epoch 5/10 batch 66/66 (100%) running_loss=0.8004
2026-08-13 07:58:22,194 INFO trial epoch 5/10 done: train_loss=0.8004 val_macro_auc=0.8211
2026-08-13 07:58:25,242 INFO trial epoch 6/10 batch 13/66 (20%) running_loss=0.7177
2026-08-13 07:58:27,801 INFO trial epoch 6/10 batch 26/66 (39%) running_loss=0.7544
2026-08-13 07:58:30,322 INFO trial epoch 6/10 batch 39/66 (59%) running_loss=0.7745
2026-08-13 07:58:32,853 INFO trial epoch 6/10 batch 52/66 (79%) running_loss=0.7715
2026-08-13 07:58:35,376 INFO trial epoch 6/10 batch 65/66 (98%) running_loss=0.7693
2026-08-13 07:58:35,542 INFO trial epoch 6/10 batch 66/66 (100%) running_loss=0.7707
2026-08-13 07:58:36,941 INFO trial epoch 6/10 done: train_loss=0.7707 val_macro_auc=0.8159
2026-08-13 07:58:40,006 INFO trial epoch 7/10 batch 13/66 (20%) running_loss=0.7486
2026-08-13 07:58:42,562 INFO trial epoch 7/10 batch 26/66 (39%) running_loss=0.7485
2026-08-13 07:58:45,152 INFO trial epoch 7/10 batch 39/66 (59%) running_loss=0.7241
2026-08-13 07:58:47,706 INFO trial epoch 7/10 batch 52/66 (79%) running_loss=0.7084
2026-08-13 07:58:50,225 INFO trial epoch 7/10 batch 65/66 (98%) running_loss=0.7120
2026-08-13 07:58:50,391 INFO trial epoch 7/10 batch 66/66 (100%) running_loss=0.7121
2026-08-13 07:58:51,793 INFO trial epoch 7/10 done: train_loss=0.7121 val_macro_auc=0.8300
2026-08-13 07:58:54,850 INFO trial epoch 8/10 batch 13/66 (20%) running_loss=0.7417
2026-08-13 07:58:57,400 INFO trial epoch 8/10 batch 26/66 (39%) running_loss=0.7346
2026-08-13 07:58:59,914 INFO trial epoch 8/10 batch 39/66 (59%) running_loss=0.7219
2026-08-13 07:59:02,450 INFO trial epoch 8/10 batch 52/66 (79%) running_loss=0.7178
2026-08-13 07:59:04,971 INFO trial epoch 8/10 batch 65/66 (98%) running_loss=0.7136
2026-08-13 07:59:05,136 INFO trial epoch 8/10 batch 66/66 (100%) running_loss=0.7123
2026-08-13 07:59:06,511 INFO trial epoch 8/10 done: train_loss=0.7123 val_macro_auc=0.8103
2026-08-13 07:59:09,555 INFO trial epoch 9/10 batch 13/66 (20%) running_loss=0.6746
2026-08-13 07:59:12,147 INFO trial epoch 9/10 batch 26/66 (39%) running_loss=0.6798
2026-08-13 07:59:14,662 INFO trial epoch 9/10 batch 39/66 (59%) running_loss=0.6695
2026-08-13 07:59:17,198 INFO trial epoch 9/10 batch 52/66 (79%) running_loss=0.6774
2026-08-13 07:59:19,740 INFO trial epoch 9/10 batch 65/66 (98%) running_loss=0.6804
2026-08-13 07:59:19,907 INFO trial epoch 9/10 batch 66/66 (100%) running_loss=0.6786
2026-08-13 07:59:21,239 INFO trial epoch 9/10 done: train_loss=0.6786 val_macro_auc=0.8245
2026-08-13 07:59:24,411 INFO trial epoch 10/10 batch 13/66 (20%) running_loss=0.6545
2026-08-13 07:59:26,998 INFO trial epoch 10/10 batch 26/66 (39%) running_loss=0.7082
2026-08-13 07:59:29,538 INFO trial epoch 10/10 batch 39/66 (59%) running_loss=0.6825
2026-08-13 07:59:32,134 INFO trial epoch 10/10 batch 52/66 (79%) running_loss=0.6694
2026-08-13 07:59:34,676 INFO trial epoch 10/10 batch 65/66 (98%) running_loss=0.6702
2026-08-13 07:59:34,844 INFO trial epoch 10/10 batch 66/66 (100%) running_loss=0.6684
2026-08-13 07:59:36,243 INFO trial epoch 10/10 done: train_loss=0.6684 val_macro_auc=0.8293
2026-08-13 07:59:36,394 INFO Trial 18/25: finished val_macro_auc=0.8214 (best so far: 0.8620)
2026-08-13 07:59:36,397 INFO Trial 19/25: starting (10 trial epochs)
2026-08-13 07:59:39,576 INFO trial epoch 1/10 batch 13/66 (20%) running_loss=1.1002
2026-08-13 07:59:42,133 INFO trial epoch 1/10 batch 26/66 (39%) running_loss=1.0949
2026-08-13 07:59:44,705 INFO trial epoch 1/10 batch 39/66 (59%) running_loss=1.0833
2026-08-13 07:59:47,237 INFO trial epoch 1/10 batch 52/66 (79%) running_loss=1.0849
2026-08-13 07:59:49,779 INFO trial epoch 1/10 batch 65/66 (98%) running_loss=1.0718
2026-08-13 07:59:49,946 INFO trial epoch 1/10 batch 66/66 (100%) running_loss=1.0731
2026-08-13 07:59:51,346 INFO trial epoch 1/10 done: train_loss=1.0731 val_macro_auc=0.7664
2026-08-13 07:59:54,372 INFO trial epoch 2/10 batch 13/66 (20%) running_loss=0.9671
2026-08-13 07:59:56,911 INFO trial epoch 2/10 batch 26/66 (39%) running_loss=0.9754
2026-08-13 07:59:59,450 INFO trial epoch 2/10 batch 39/66 (59%) running_loss=0.9694
2026-08-13 08:00:01,973 INFO trial epoch 2/10 batch 52/66 (79%) running_loss=0.9665
2026-08-13 08:00:04,489 INFO trial epoch 2/10 batch 65/66 (98%) running_loss=0.9553
2026-08-13 08:00:04,654 INFO trial epoch 2/10 batch 66/66 (100%) running_loss=0.9556
2026-08-13 08:00:05,977 INFO trial epoch 2/10 done: train_loss=0.9556 val_macro_auc=0.7785
2026-08-13 08:00:09,028 INFO trial epoch 3/10 batch 13/66 (20%) running_loss=0.9180
2026-08-13 08:00:11,760 INFO trial epoch 3/10 batch 26/66 (39%) running_loss=0.8830
2026-08-13 08:00:14,291 INFO trial epoch 3/10 batch 39/66 (59%) running_loss=0.8845
2026-08-13 08:00:16,816 INFO trial epoch 3/10 batch 52/66 (79%) running_loss=0.8772
2026-08-13 08:00:19,400 INFO trial epoch 3/10 batch 65/66 (98%) running_loss=0.8829
2026-08-13 08:00:19,565 INFO trial epoch 3/10 batch 66/66 (100%) running_loss=0.8818
2026-08-13 08:00:20,953 INFO trial epoch 3/10 done: train_loss=0.8818 val_macro_auc=0.8145
2026-08-13 08:00:23,951 INFO trial epoch 4/10 batch 13/66 (20%) running_loss=0.8494
2026-08-13 08:00:26,523 INFO trial epoch 4/10 batch 26/66 (39%) running_loss=0.8562
2026-08-13 08:00:29,076 INFO trial epoch 4/10 batch 39/66 (59%) running_loss=0.8275
2026-08-13 08:00:31,614 INFO trial epoch 4/10 batch 52/66 (79%) running_loss=0.8254
2026-08-13 08:00:34,137 INFO trial epoch 4/10 batch 65/66 (98%) running_loss=0.8163
2026-08-13 08:00:34,303 INFO trial epoch 4/10 batch 66/66 (100%) running_loss=0.8172
2026-08-13 08:00:35,681 INFO trial epoch 4/10 done: train_loss=0.8172 val_macro_auc=0.8136
2026-08-13 08:00:38,746 INFO trial epoch 5/10 batch 13/66 (20%) running_loss=0.7689
2026-08-13 08:00:41,301 INFO trial epoch 5/10 batch 26/66 (39%) running_loss=0.7630
2026-08-13 08:00:43,834 INFO trial epoch 5/10 batch 39/66 (59%) running_loss=0.7640
2026-08-13 08:00:46,367 INFO trial epoch 5/10 batch 52/66 (79%) running_loss=0.7631
2026-08-13 08:00:48,922 INFO trial epoch 5/10 batch 65/66 (98%) running_loss=0.7658
2026-08-13 08:00:49,102 INFO trial epoch 5/10 batch 66/66 (100%) running_loss=0.7658
2026-08-13 08:00:50,513 INFO trial epoch 5/10 done: train_loss=0.7658 val_macro_auc=0.8274
2026-08-13 08:00:53,542 INFO trial epoch 6/10 batch 13/66 (20%) running_loss=0.7210
2026-08-13 08:00:56,063 INFO trial epoch 6/10 batch 26/66 (39%) running_loss=0.7200
2026-08-13 08:00:58,598 INFO trial epoch 6/10 batch 39/66 (59%) running_loss=0.7359
2026-08-13 08:01:01,167 INFO trial epoch 6/10 batch 52/66 (79%) running_loss=0.7317
2026-08-13 08:01:03,715 INFO trial epoch 6/10 batch 65/66 (98%) running_loss=0.7242
2026-08-13 08:01:03,882 INFO trial epoch 6/10 batch 66/66 (100%) running_loss=0.7237
2026-08-13 08:01:05,261 INFO trial epoch 6/10 done: train_loss=0.7237 val_macro_auc=0.8388
2026-08-13 08:01:08,325 INFO trial epoch 7/10 batch 13/66 (20%) running_loss=0.6761
2026-08-13 08:01:10,893 INFO trial epoch 7/10 batch 26/66 (39%) running_loss=0.6890
2026-08-13 08:01:13,429 INFO trial epoch 7/10 batch 39/66 (59%) running_loss=0.6913
2026-08-13 08:01:15,945 INFO trial epoch 7/10 batch 52/66 (79%) running_loss=0.6840
2026-08-13 08:01:18,460 INFO trial epoch 7/10 batch 65/66 (98%) running_loss=0.6883
2026-08-13 08:01:18,626 INFO trial epoch 7/10 batch 66/66 (100%) running_loss=0.6916
2026-08-13 08:01:19,992 INFO trial epoch 7/10 done: train_loss=0.6916 val_macro_auc=0.8547
2026-08-13 08:01:23,039 INFO trial epoch 8/10 batch 13/66 (20%) running_loss=0.6559
2026-08-13 08:01:25,604 INFO trial epoch 8/10 batch 26/66 (39%) running_loss=0.6857
2026-08-13 08:01:28,151 INFO trial epoch 8/10 batch 39/66 (59%) running_loss=0.6684
2026-08-13 08:01:30,741 INFO trial epoch 8/10 batch 52/66 (79%) running_loss=0.6544
2026-08-13 08:01:33,290 INFO trial epoch 8/10 batch 65/66 (98%) running_loss=0.6509
2026-08-13 08:01:33,455 INFO trial epoch 8/10 batch 66/66 (100%) running_loss=0.6528
2026-08-13 08:01:34,886 INFO trial epoch 8/10 done: train_loss=0.6528 val_macro_auc=0.8464
2026-08-13 08:01:37,931 INFO trial epoch 9/10 batch 13/66 (20%) running_loss=0.6367
2026-08-13 08:01:40,464 INFO trial epoch 9/10 batch 26/66 (39%) running_loss=0.6287
2026-08-13 08:01:42,990 INFO trial epoch 9/10 batch 39/66 (59%) running_loss=0.6295
2026-08-13 08:01:45,521 INFO trial epoch 9/10 batch 52/66 (79%) running_loss=0.6312
2026-08-13 08:01:48,041 INFO trial epoch 9/10 batch 65/66 (98%) running_loss=0.6330
2026-08-13 08:01:48,206 INFO trial epoch 9/10 batch 66/66 (100%) running_loss=0.6318
2026-08-13 08:01:49,599 INFO trial epoch 9/10 done: train_loss=0.6318 val_macro_auc=0.8503
2026-08-13 08:01:52,834 INFO trial epoch 10/10 batch 13/66 (20%) running_loss=0.6877
2026-08-13 08:01:55,406 INFO trial epoch 10/10 batch 26/66 (39%) running_loss=0.6609
2026-08-13 08:01:57,952 INFO trial epoch 10/10 batch 39/66 (59%) running_loss=0.6453
2026-08-13 08:02:00,479 INFO trial epoch 10/10 batch 52/66 (79%) running_loss=0.6320
2026-08-13 08:02:03,002 INFO trial epoch 10/10 batch 65/66 (98%) running_loss=0.6343
2026-08-13 08:02:03,167 INFO trial epoch 10/10 batch 66/66 (100%) running_loss=0.6339
2026-08-13 08:02:04,560 INFO trial epoch 10/10 done: train_loss=0.6339 val_macro_auc=0.8581
2026-08-13 08:02:04,705 INFO Trial 19/25: finished val_macro_auc=0.8516 (best so far: 0.8620)
2026-08-13 08:02:04,708 INFO Trial 20/25: starting (10 trial epochs)
2026-08-13 08:02:07,916 INFO trial epoch 1/10 batch 13/66 (20%) running_loss=1.1127
2026-08-13 08:02:10,465 INFO trial epoch 1/10 batch 26/66 (39%) running_loss=1.0913
2026-08-13 08:02:13,027 INFO trial epoch 1/10 batch 39/66 (59%) running_loss=1.0777
2026-08-13 08:02:15,574 INFO trial epoch 1/10 batch 52/66 (79%) running_loss=1.0588
2026-08-13 08:02:18,097 INFO trial epoch 1/10 batch 65/66 (98%) running_loss=1.0463
2026-08-13 08:02:18,261 INFO trial epoch 1/10 batch 66/66 (100%) running_loss=1.0482
2026-08-13 08:02:19,594 INFO trial epoch 1/10 done: train_loss=1.0482 val_macro_auc=0.7710
2026-08-13 08:02:22,656 INFO trial epoch 2/10 batch 13/66 (20%) running_loss=0.8540
2026-08-13 08:02:25,183 INFO trial epoch 2/10 batch 26/66 (39%) running_loss=0.9015
2026-08-13 08:02:27,705 INFO trial epoch 2/10 batch 39/66 (59%) running_loss=0.9141
2026-08-13 08:02:30,241 INFO trial epoch 2/10 batch 52/66 (79%) running_loss=0.9160
2026-08-13 08:02:32,769 INFO trial epoch 2/10 batch 65/66 (98%) running_loss=0.9052
2026-08-13 08:02:32,936 INFO trial epoch 2/10 batch 66/66 (100%) running_loss=0.9060
2026-08-13 08:02:34,319 INFO trial epoch 2/10 done: train_loss=0.9060 val_macro_auc=0.7856
2026-08-13 08:02:37,381 INFO trial epoch 3/10 batch 13/66 (20%) running_loss=0.9048
2026-08-13 08:02:40,164 INFO trial epoch 3/10 batch 26/66 (39%) running_loss=0.8884
2026-08-13 08:02:42,738 INFO trial epoch 3/10 batch 39/66 (59%) running_loss=0.8754
2026-08-13 08:02:45,294 INFO trial epoch 3/10 batch 52/66 (79%) running_loss=0.8682
2026-08-13 08:02:47,829 INFO trial epoch 3/10 batch 65/66 (98%) running_loss=0.8595
2026-08-13 08:02:47,996 INFO trial epoch 3/10 batch 66/66 (100%) running_loss=0.8579
2026-08-13 08:02:49,421 INFO trial epoch 3/10 done: train_loss=0.8579 val_macro_auc=0.7971
2026-08-13 08:02:52,498 INFO trial epoch 4/10 batch 13/66 (20%) running_loss=0.8159
2026-08-13 08:02:55,093 INFO trial epoch 4/10 batch 26/66 (39%) running_loss=0.8225
2026-08-13 08:02:57,666 INFO trial epoch 4/10 batch 39/66 (59%) running_loss=0.7983
2026-08-13 08:03:00,243 INFO trial epoch 4/10 batch 52/66 (79%) running_loss=0.7840
2026-08-13 08:03:02,777 INFO trial epoch 4/10 batch 65/66 (98%) running_loss=0.7790
2026-08-13 08:03:02,942 INFO trial epoch 4/10 batch 66/66 (100%) running_loss=0.7800
2026-08-13 08:03:04,383 INFO trial epoch 4/10 done: train_loss=0.7800 val_macro_auc=0.8285
2026-08-13 08:03:07,420 INFO trial epoch 5/10 batch 13/66 (20%) running_loss=0.8175
2026-08-13 08:03:09,937 INFO trial epoch 5/10 batch 26/66 (39%) running_loss=0.7893
2026-08-13 08:03:12,461 INFO trial epoch 5/10 batch 39/66 (59%) running_loss=0.7897
2026-08-13 08:03:14,990 INFO trial epoch 5/10 batch 52/66 (79%) running_loss=0.7831
2026-08-13 08:03:17,520 INFO trial epoch 5/10 batch 65/66 (98%) running_loss=0.7831
2026-08-13 08:03:17,686 INFO trial epoch 5/10 batch 66/66 (100%) running_loss=0.7806
2026-08-13 08:03:19,058 INFO trial epoch 5/10 done: train_loss=0.7806 val_macro_auc=0.8333
2026-08-13 08:03:22,152 INFO trial epoch 6/10 batch 13/66 (20%) running_loss=0.7887
2026-08-13 08:03:24,724 INFO trial epoch 6/10 batch 26/66 (39%) running_loss=0.7372
2026-08-13 08:03:27,256 INFO trial epoch 6/10 batch 39/66 (59%) running_loss=0.7318
2026-08-13 08:03:29,803 INFO trial epoch 6/10 batch 52/66 (79%) running_loss=0.7309
2026-08-13 08:03:32,343 INFO trial epoch 6/10 batch 65/66 (98%) running_loss=0.7236
2026-08-13 08:03:32,511 INFO trial epoch 6/10 batch 66/66 (100%) running_loss=0.7228
2026-08-13 08:03:33,916 INFO trial epoch 6/10 done: train_loss=0.7228 val_macro_auc=0.8304
2026-08-13 08:03:36,958 INFO trial epoch 7/10 batch 13/66 (20%) running_loss=0.6990
2026-08-13 08:03:39,524 INFO trial epoch 7/10 batch 26/66 (39%) running_loss=0.6960
2026-08-13 08:03:42,069 INFO trial epoch 7/10 batch 39/66 (59%) running_loss=0.6690
2026-08-13 08:03:44,632 INFO trial epoch 7/10 batch 52/66 (79%) running_loss=0.6765
2026-08-13 08:03:47,153 INFO trial epoch 7/10 batch 65/66 (98%) running_loss=0.6917
2026-08-13 08:03:47,320 INFO trial epoch 7/10 batch 66/66 (100%) running_loss=0.6913
2026-08-13 08:03:48,748 INFO trial epoch 7/10 done: train_loss=0.6913 val_macro_auc=0.8648
2026-08-13 08:03:51,803 INFO trial epoch 8/10 batch 13/66 (20%) running_loss=0.6853
2026-08-13 08:03:54,387 INFO trial epoch 8/10 batch 26/66 (39%) running_loss=0.6724
2026-08-13 08:03:56,930 INFO trial epoch 8/10 batch 39/66 (59%) running_loss=0.6522
2026-08-13 08:03:59,467 INFO trial epoch 8/10 batch 52/66 (79%) running_loss=0.6788
2026-08-13 08:04:01,999 INFO trial epoch 8/10 batch 65/66 (98%) running_loss=0.6721
2026-08-13 08:04:02,164 INFO trial epoch 8/10 batch 66/66 (100%) running_loss=0.6716
2026-08-13 08:04:03,588 INFO trial epoch 8/10 done: train_loss=0.6716 val_macro_auc=0.8547
2026-08-13 08:04:06,620 INFO trial epoch 9/10 batch 13/66 (20%) running_loss=0.6244
2026-08-13 08:04:09,136 INFO trial epoch 9/10 batch 26/66 (39%) running_loss=0.6511
2026-08-13 08:04:11,703 INFO trial epoch 9/10 batch 39/66 (59%) running_loss=0.6504
2026-08-13 08:04:14,214 INFO trial epoch 9/10 batch 52/66 (79%) running_loss=0.6475
2026-08-13 08:04:16,746 INFO trial epoch 9/10 batch 65/66 (98%) running_loss=0.6466
2026-08-13 08:04:16,912 INFO trial epoch 9/10 batch 66/66 (100%) running_loss=0.6473
2026-08-13 08:04:18,328 INFO trial epoch 9/10 done: train_loss=0.6473 val_macro_auc=0.8479
2026-08-13 08:04:21,586 INFO trial epoch 10/10 batch 13/66 (20%) running_loss=0.6351
2026-08-13 08:04:24,156 INFO trial epoch 10/10 batch 26/66 (39%) running_loss=0.6452
2026-08-13 08:04:26,698 INFO trial epoch 10/10 batch 39/66 (59%) running_loss=0.6396
2026-08-13 08:04:29,212 INFO trial epoch 10/10 batch 52/66 (79%) running_loss=0.6395
2026-08-13 08:04:31,727 INFO trial epoch 10/10 batch 65/66 (98%) running_loss=0.6373
2026-08-13 08:04:31,895 INFO trial epoch 10/10 batch 66/66 (100%) running_loss=0.6374
2026-08-13 08:04:33,335 INFO trial epoch 10/10 done: train_loss=0.6374 val_macro_auc=0.8483
2026-08-13 08:04:33,478 INFO Trial 20/25: finished val_macro_auc=0.8503 (best so far: 0.8620)
2026-08-13 08:04:33,483 INFO Trial 21/25: starting (10 trial epochs)
2026-08-13 08:04:36,689 INFO trial epoch 1/10 batch 13/66 (20%) running_loss=1.1116
2026-08-13 08:04:39,226 INFO trial epoch 1/10 batch 26/66 (39%) running_loss=1.0939
2026-08-13 08:04:41,766 INFO trial epoch 1/10 batch 39/66 (59%) running_loss=1.0890
2026-08-13 08:04:44,317 INFO trial epoch 1/10 batch 52/66 (79%) running_loss=1.0879
2026-08-13 08:04:46,849 INFO trial epoch 1/10 batch 65/66 (98%) running_loss=1.0877
2026-08-13 08:04:47,014 INFO trial epoch 1/10 batch 66/66 (100%) running_loss=1.0869
2026-08-13 08:04:48,425 INFO trial epoch 1/10 done: train_loss=1.0869 val_macro_auc=0.7721
2026-08-13 08:04:51,474 INFO trial epoch 2/10 batch 13/66 (20%) running_loss=1.0842
2026-08-13 08:04:54,044 INFO trial epoch 2/10 batch 26/66 (39%) running_loss=1.0538
2026-08-13 08:04:56,649 INFO trial epoch 2/10 batch 39/66 (59%) running_loss=1.0355
2026-08-13 08:04:59,242 INFO trial epoch 2/10 batch 52/66 (79%) running_loss=1.0270
2026-08-13 08:05:01,770 INFO trial epoch 2/10 batch 65/66 (98%) running_loss=1.0181
2026-08-13 08:05:01,937 INFO trial epoch 2/10 batch 66/66 (100%) running_loss=1.0183
2026-08-13 08:05:03,320 INFO trial epoch 2/10 done: train_loss=1.0183 val_macro_auc=0.7695
2026-08-13 08:05:06,348 INFO trial epoch 3/10 batch 13/66 (20%) running_loss=0.9893
2026-08-13 08:05:09,092 INFO trial epoch 3/10 batch 26/66 (39%) running_loss=0.9784
2026-08-13 08:05:11,626 INFO trial epoch 3/10 batch 39/66 (59%) running_loss=0.9624
2026-08-13 08:05:14,156 INFO trial epoch 3/10 batch 52/66 (79%) running_loss=0.9525
2026-08-13 08:05:16,716 INFO trial epoch 3/10 batch 65/66 (98%) running_loss=0.9421
2026-08-13 08:05:16,884 INFO trial epoch 3/10 batch 66/66 (100%) running_loss=0.9413
2026-08-13 08:05:18,213 INFO trial epoch 3/10 done: train_loss=0.9413 val_macro_auc=0.7820
2026-08-13 08:05:21,262 INFO trial epoch 4/10 batch 13/66 (20%) running_loss=0.8993
2026-08-13 08:05:23,819 INFO trial epoch 4/10 batch 26/66 (39%) running_loss=0.8651
2026-08-13 08:05:26,403 INFO trial epoch 4/10 batch 39/66 (59%) running_loss=0.8661
2026-08-13 08:05:28,942 INFO trial epoch 4/10 batch 52/66 (79%) running_loss=0.8679
2026-08-13 08:05:31,457 INFO trial epoch 4/10 batch 65/66 (98%) running_loss=0.8670
2026-08-13 08:05:31,626 INFO trial epoch 4/10 batch 66/66 (100%) running_loss=0.8659
2026-08-13 08:05:32,953 INFO trial epoch 4/10 done: train_loss=0.8659 val_macro_auc=0.7969
2026-08-13 08:05:36,030 INFO trial epoch 5/10 batch 13/66 (20%) running_loss=0.8868
2026-08-13 08:05:38,546 INFO trial epoch 5/10 batch 26/66 (39%) running_loss=0.8536
2026-08-13 08:05:41,065 INFO trial epoch 5/10 batch 39/66 (59%) running_loss=0.8376
2026-08-13 08:05:43,603 INFO trial epoch 5/10 batch 52/66 (79%) running_loss=0.8278
2026-08-13 08:05:46,134 INFO trial epoch 5/10 batch 65/66 (98%) running_loss=0.8272
2026-08-13 08:05:46,304 INFO trial epoch 5/10 batch 66/66 (100%) running_loss=0.8290
2026-08-13 08:05:47,676 INFO trial epoch 5/10 done: train_loss=0.8290 val_macro_auc=0.8023
2026-08-13 08:05:50,723 INFO trial epoch 6/10 batch 13/66 (20%) running_loss=0.8645
2026-08-13 08:05:53,246 INFO trial epoch 6/10 batch 26/66 (39%) running_loss=0.8357
2026-08-13 08:05:55,767 INFO trial epoch 6/10 batch 39/66 (59%) running_loss=0.8327
2026-08-13 08:05:58,287 INFO trial epoch 6/10 batch 52/66 (79%) running_loss=0.8199
2026-08-13 08:06:00,800 INFO trial epoch 6/10 batch 65/66 (98%) running_loss=0.8010
2026-08-13 08:06:00,967 INFO trial epoch 6/10 batch 66/66 (100%) running_loss=0.8008
2026-08-13 08:06:02,367 INFO trial epoch 6/10 done: train_loss=0.8008 val_macro_auc=0.7929
2026-08-13 08:06:05,413 INFO trial epoch 7/10 batch 13/66 (20%) running_loss=0.7579
2026-08-13 08:06:07,948 INFO trial epoch 7/10 batch 26/66 (39%) running_loss=0.7459
2026-08-13 08:06:10,476 INFO trial epoch 7/10 batch 39/66 (59%) running_loss=0.7623
2026-08-13 08:06:13,014 INFO trial epoch 7/10 batch 52/66 (79%) running_loss=0.7681
2026-08-13 08:06:15,540 INFO trial epoch 7/10 batch 65/66 (98%) running_loss=0.7586
2026-08-13 08:06:15,706 INFO trial epoch 7/10 batch 66/66 (100%) running_loss=0.7576
2026-08-13 08:06:17,083 INFO trial epoch 7/10 done: train_loss=0.7576 val_macro_auc=0.8205
2026-08-13 08:06:20,111 INFO trial epoch 8/10 batch 13/66 (20%) running_loss=0.7709
2026-08-13 08:06:22,683 INFO trial epoch 8/10 batch 26/66 (39%) running_loss=0.7433
2026-08-13 08:06:25,209 INFO trial epoch 8/10 batch 39/66 (59%) running_loss=0.7439
2026-08-13 08:06:27,774 INFO trial epoch 8/10 batch 52/66 (79%) running_loss=0.7354
2026-08-13 08:06:30,322 INFO trial epoch 8/10 batch 65/66 (98%) running_loss=0.7250
2026-08-13 08:06:30,495 INFO trial epoch 8/10 batch 66/66 (100%) running_loss=0.7250
2026-08-13 08:06:31,875 INFO trial epoch 8/10 done: train_loss=0.7250 val_macro_auc=0.8240
2026-08-13 08:06:34,930 INFO trial epoch 9/10 batch 13/66 (20%) running_loss=0.7560
2026-08-13 08:06:37,515 INFO trial epoch 9/10 batch 26/66 (39%) running_loss=0.7427
2026-08-13 08:06:40,065 INFO trial epoch 9/10 batch 39/66 (59%) running_loss=0.7378
2026-08-13 08:06:42,636 INFO trial epoch 9/10 batch 52/66 (79%) running_loss=0.7401
2026-08-13 08:06:45,171 INFO trial epoch 9/10 batch 65/66 (98%) running_loss=0.7264
2026-08-13 08:06:45,338 INFO trial epoch 9/10 batch 66/66 (100%) running_loss=0.7261
2026-08-13 08:06:46,679 INFO trial epoch 9/10 done: train_loss=0.7261 val_macro_auc=0.8273
2026-08-13 08:06:49,906 INFO trial epoch 10/10 batch 13/66 (20%) running_loss=0.6602
2026-08-13 08:06:52,499 INFO trial epoch 10/10 batch 26/66 (39%) running_loss=0.6752
2026-08-13 08:06:55,029 INFO trial epoch 10/10 batch 39/66 (59%) running_loss=0.6856
2026-08-13 08:06:57,568 INFO trial epoch 10/10 batch 52/66 (79%) running_loss=0.6880
2026-08-13 08:07:00,103 INFO trial epoch 10/10 batch 65/66 (98%) running_loss=0.6872
2026-08-13 08:07:00,269 INFO trial epoch 10/10 batch 66/66 (100%) running_loss=0.6872
2026-08-13 08:07:01,654 INFO trial epoch 10/10 done: train_loss=0.6872 val_macro_auc=0.8314
2026-08-13 08:07:01,798 INFO Trial 21/25: finished val_macro_auc=0.8275 (best so far: 0.8620)
2026-08-13 08:07:01,801 INFO Trial 22/25: starting (10 trial epochs)
2026-08-13 08:07:04,975 INFO trial epoch 1/10 batch 13/66 (20%) running_loss=1.0897
2026-08-13 08:07:07,528 INFO trial epoch 1/10 batch 26/66 (39%) running_loss=1.0874
2026-08-13 08:07:10,065 INFO trial epoch 1/10 batch 39/66 (59%) running_loss=1.0842
2026-08-13 08:07:12,600 INFO trial epoch 1/10 batch 52/66 (79%) running_loss=1.0917
2026-08-13 08:07:15,116 INFO trial epoch 1/10 batch 65/66 (98%) running_loss=1.0978
2026-08-13 08:07:15,282 INFO trial epoch 1/10 batch 66/66 (100%) running_loss=1.0985
2026-08-13 08:07:16,613 INFO trial epoch 1/10 done: train_loss=1.0985 val_macro_auc=0.6566
2026-08-13 08:07:19,681 INFO trial epoch 2/10 batch 13/66 (20%) running_loss=1.0447
2026-08-13 08:07:22,220 INFO trial epoch 2/10 batch 26/66 (39%) running_loss=1.0420
2026-08-13 08:07:24,742 INFO trial epoch 2/10 batch 39/66 (59%) running_loss=1.0383
2026-08-13 08:07:27,271 INFO trial epoch 2/10 batch 52/66 (79%) running_loss=1.0363
2026-08-13 08:07:29,814 INFO trial epoch 2/10 batch 65/66 (98%) running_loss=1.0381
2026-08-13 08:07:29,981 INFO trial epoch 2/10 batch 66/66 (100%) running_loss=1.0377
2026-08-13 08:07:31,361 INFO trial epoch 2/10 done: train_loss=1.0377 val_macro_auc=0.7375
2026-08-13 08:07:34,373 INFO trial epoch 3/10 batch 13/66 (20%) running_loss=1.0083
2026-08-13 08:07:36,945 INFO trial epoch 3/10 batch 26/66 (39%) running_loss=1.0006
2026-08-13 08:07:39,504 INFO trial epoch 3/10 batch 39/66 (59%) running_loss=0.9917
2026-08-13 08:07:42,083 INFO trial epoch 3/10 batch 52/66 (79%) running_loss=0.9767
2026-08-13 08:07:44,625 INFO trial epoch 3/10 batch 65/66 (98%) running_loss=0.9805
2026-08-13 08:07:44,789 INFO trial epoch 3/10 batch 66/66 (100%) running_loss=0.9803
2026-08-13 08:07:46,173 INFO trial epoch 3/10 done: train_loss=0.9803 val_macro_auc=0.7945
2026-08-13 08:07:49,258 INFO trial epoch 4/10 batch 13/66 (20%) running_loss=0.9169
2026-08-13 08:07:51,832 INFO trial epoch 4/10 batch 26/66 (39%) running_loss=0.9410
2026-08-13 08:07:54,381 INFO trial epoch 4/10 batch 39/66 (59%) running_loss=0.9250
2026-08-13 08:07:56,924 INFO trial epoch 4/10 batch 52/66 (79%) running_loss=0.9187
2026-08-13 08:07:59,437 INFO trial epoch 4/10 batch 65/66 (98%) running_loss=0.9116
2026-08-13 08:07:59,602 INFO trial epoch 4/10 batch 66/66 (100%) running_loss=0.9093
2026-08-13 08:08:01,027 INFO trial epoch 4/10 done: train_loss=0.9093 val_macro_auc=0.7740
2026-08-13 08:08:04,089 INFO trial epoch 5/10 batch 13/66 (20%) running_loss=0.8948
2026-08-13 08:08:06,627 INFO trial epoch 5/10 batch 26/66 (39%) running_loss=0.8730
2026-08-13 08:08:09,327 INFO trial epoch 5/10 batch 39/66 (59%) running_loss=0.8699
2026-08-13 08:08:11,862 INFO trial epoch 5/10 batch 52/66 (79%) running_loss=0.8703
2026-08-13 08:08:14,390 INFO trial epoch 5/10 batch 65/66 (98%) running_loss=0.8580
2026-08-13 08:08:14,559 INFO trial epoch 5/10 batch 66/66 (100%) running_loss=0.8568
2026-08-13 08:08:15,937 INFO trial epoch 5/10 done: train_loss=0.8568 val_macro_auc=0.7902
2026-08-13 08:08:18,951 INFO trial epoch 6/10 batch 13/66 (20%) running_loss=0.8224
2026-08-13 08:08:21,482 INFO trial epoch 6/10 batch 26/66 (39%) running_loss=0.8375
2026-08-13 08:08:24,014 INFO trial epoch 6/10 batch 39/66 (59%) running_loss=0.8264
2026-08-13 08:08:26,556 INFO trial epoch 6/10 batch 52/66 (79%) running_loss=0.8250
2026-08-13 08:08:29,100 INFO trial epoch 6/10 batch 65/66 (98%) running_loss=0.8284
2026-08-13 08:08:29,266 INFO trial epoch 6/10 batch 66/66 (100%) running_loss=0.8267
2026-08-13 08:08:30,651 INFO trial epoch 6/10 done: train_loss=0.8267 val_macro_auc=0.8107
2026-08-13 08:08:33,727 INFO trial epoch 7/10 batch 13/66 (20%) running_loss=0.8102
2026-08-13 08:08:36,259 INFO trial epoch 7/10 batch 26/66 (39%) running_loss=0.8079
2026-08-13 08:08:38,809 INFO trial epoch 7/10 batch 39/66 (59%) running_loss=0.7978
2026-08-13 08:08:41,349 INFO trial epoch 7/10 batch 52/66 (79%) running_loss=0.7850
2026-08-13 08:08:43,872 INFO trial epoch 7/10 batch 65/66 (98%) running_loss=0.7790
2026-08-13 08:08:44,037 INFO trial epoch 7/10 batch 66/66 (100%) running_loss=0.7774
2026-08-13 08:08:45,377 INFO trial epoch 7/10 done: train_loss=0.7774 val_macro_auc=0.8109
2026-08-13 08:08:48,396 INFO trial epoch 8/10 batch 13/66 (20%) running_loss=0.7539
2026-08-13 08:08:50,971 INFO trial epoch 8/10 batch 26/66 (39%) running_loss=0.7514
2026-08-13 08:08:53,502 INFO trial epoch 8/10 batch 39/66 (59%) running_loss=0.7369
2026-08-13 08:08:56,059 INFO trial epoch 8/10 batch 52/66 (79%) running_loss=0.7282
2026-08-13 08:08:58,596 INFO trial epoch 8/10 batch 65/66 (98%) running_loss=0.7350
2026-08-13 08:08:58,763 INFO trial epoch 8/10 batch 66/66 (100%) running_loss=0.7341
2026-08-13 08:09:00,144 INFO trial epoch 8/10 done: train_loss=0.7341 val_macro_auc=0.8340
2026-08-13 08:09:03,163 INFO trial epoch 9/10 batch 13/66 (20%) running_loss=0.6917
2026-08-13 08:09:05,691 INFO trial epoch 9/10 batch 26/66 (39%) running_loss=0.7028
2026-08-13 08:09:08,220 INFO trial epoch 9/10 batch 39/66 (59%) running_loss=0.7224
2026-08-13 08:09:10,745 INFO trial epoch 9/10 batch 52/66 (79%) running_loss=0.7284
2026-08-13 08:09:13,275 INFO trial epoch 9/10 batch 65/66 (98%) running_loss=0.7188
2026-08-13 08:09:13,442 INFO trial epoch 9/10 batch 66/66 (100%) running_loss=0.7178
2026-08-13 08:09:14,835 INFO trial epoch 9/10 done: train_loss=0.7178 val_macro_auc=0.8328
2026-08-13 08:09:17,896 INFO trial epoch 10/10 batch 13/66 (20%) running_loss=0.6811
2026-08-13 08:09:20,447 INFO trial epoch 10/10 batch 26/66 (39%) running_loss=0.7052
2026-08-13 08:09:23,010 INFO trial epoch 10/10 batch 39/66 (59%) running_loss=0.6957
2026-08-13 08:09:25,562 INFO trial epoch 10/10 batch 52/66 (79%) running_loss=0.7024
2026-08-13 08:09:28,083 INFO trial epoch 10/10 batch 65/66 (98%) running_loss=0.7079
2026-08-13 08:09:28,247 INFO trial epoch 10/10 batch 66/66 (100%) running_loss=0.7079
2026-08-13 08:09:29,664 INFO trial epoch 10/10 done: train_loss=0.7079 val_macro_auc=0.8336
2026-08-13 08:09:29,815 INFO Trial 22/25: finished val_macro_auc=0.8335 (best so far: 0.8620)
2026-08-13 08:09:29,818 INFO Trial 23/25: starting (10 trial epochs)
2026-08-13 08:09:32,954 INFO trial epoch 1/10 batch 13/66 (20%) running_loss=1.1087
2026-08-13 08:09:35,522 INFO trial epoch 1/10 batch 26/66 (39%) running_loss=1.0997
2026-08-13 08:09:38,065 INFO trial epoch 1/10 batch 39/66 (59%) running_loss=1.1034
2026-08-13 08:09:40,576 INFO trial epoch 1/10 batch 52/66 (79%) running_loss=1.1092
2026-08-13 08:09:43,115 INFO trial epoch 1/10 batch 65/66 (98%) running_loss=1.0993
2026-08-13 08:09:43,281 INFO trial epoch 1/10 batch 66/66 (100%) running_loss=1.0990
2026-08-13 08:09:44,637 INFO trial epoch 1/10 done: train_loss=1.0990 val_macro_auc=0.5590
2026-08-13 08:09:47,650 INFO trial epoch 2/10 batch 13/66 (20%) running_loss=1.0856
2026-08-13 08:09:50,179 INFO trial epoch 2/10 batch 26/66 (39%) running_loss=1.0609
2026-08-13 08:09:52,713 INFO trial epoch 2/10 batch 39/66 (59%) running_loss=1.0458
2026-08-13 08:09:55,233 INFO trial epoch 2/10 batch 52/66 (79%) running_loss=1.0370
2026-08-13 08:09:57,743 INFO trial epoch 2/10 batch 65/66 (98%) running_loss=1.0179
2026-08-13 08:09:57,909 INFO trial epoch 2/10 batch 66/66 (100%) running_loss=1.0163
2026-08-13 08:09:59,290 INFO trial epoch 2/10 done: train_loss=1.0163 val_macro_auc=0.6724
2026-08-13 08:10:02,342 INFO trial epoch 3/10 batch 13/66 (20%) running_loss=0.9365
2026-08-13 08:10:05,065 INFO trial epoch 3/10 batch 26/66 (39%) running_loss=0.9210
2026-08-13 08:10:07,626 INFO trial epoch 3/10 batch 39/66 (59%) running_loss=0.9363
2026-08-13 08:10:10,205 INFO trial epoch 3/10 batch 52/66 (79%) running_loss=0.9364
2026-08-13 08:10:12,733 INFO trial epoch 3/10 batch 65/66 (98%) running_loss=0.9369
2026-08-13 08:10:12,898 INFO trial epoch 3/10 batch 66/66 (100%) running_loss=0.9342
2026-08-13 08:10:14,274 INFO trial epoch 3/10 done: train_loss=0.9342 val_macro_auc=0.7199
2026-08-13 08:10:17,307 INFO trial epoch 4/10 batch 13/66 (20%) running_loss=0.8858
2026-08-13 08:10:19,848 INFO trial epoch 4/10 batch 26/66 (39%) running_loss=0.9224
2026-08-13 08:10:22,381 INFO trial epoch 4/10 batch 39/66 (59%) running_loss=0.9143
2026-08-13 08:10:24,936 INFO trial epoch 4/10 batch 52/66 (79%) running_loss=0.8998
2026-08-13 08:10:27,458 INFO trial epoch 4/10 batch 65/66 (98%) running_loss=0.8887
2026-08-13 08:10:27,625 INFO trial epoch 4/10 batch 66/66 (100%) running_loss=0.8908
2026-08-13 08:10:29,056 INFO trial epoch 4/10 done: train_loss=0.8908 val_macro_auc=0.7394
2026-08-13 08:10:32,127 INFO trial epoch 5/10 batch 13/66 (20%) running_loss=0.8591
2026-08-13 08:10:34,672 INFO trial epoch 5/10 batch 26/66 (39%) running_loss=0.8475
2026-08-13 08:10:37,210 INFO trial epoch 5/10 batch 39/66 (59%) running_loss=0.8444
2026-08-13 08:10:39,776 INFO trial epoch 5/10 batch 52/66 (79%) running_loss=0.8491
2026-08-13 08:10:42,328 INFO trial epoch 5/10 batch 65/66 (98%) running_loss=0.8441
2026-08-13 08:10:42,505 INFO trial epoch 5/10 batch 66/66 (100%) running_loss=0.8450
2026-08-13 08:10:43,922 INFO trial epoch 5/10 done: train_loss=0.8450 val_macro_auc=0.7945
2026-08-13 08:10:46,966 INFO trial epoch 6/10 batch 13/66 (20%) running_loss=0.8384
2026-08-13 08:10:49,492 INFO trial epoch 6/10 batch 26/66 (39%) running_loss=0.8169
2026-08-13 08:10:52,019 INFO trial epoch 6/10 batch 39/66 (59%) running_loss=0.8087
2026-08-13 08:10:54,562 INFO trial epoch 6/10 batch 52/66 (79%) running_loss=0.8035
2026-08-13 08:10:57,126 INFO trial epoch 6/10 batch 65/66 (98%) running_loss=0.8206
2026-08-13 08:10:57,294 INFO trial epoch 6/10 batch 66/66 (100%) running_loss=0.8243
2026-08-13 08:10:58,622 INFO trial epoch 6/10 done: train_loss=0.8243 val_macro_auc=0.7532
2026-08-13 08:11:01,669 INFO trial epoch 7/10 batch 13/66 (20%) running_loss=0.7600
2026-08-13 08:11:04,240 INFO trial epoch 7/10 batch 26/66 (39%) running_loss=0.7731
2026-08-13 08:11:06,791 INFO trial epoch 7/10 batch 39/66 (59%) running_loss=0.7718
2026-08-13 08:11:09,350 INFO trial epoch 7/10 batch 52/66 (79%) running_loss=0.7861
2026-08-13 08:11:11,904 INFO trial epoch 7/10 batch 65/66 (98%) running_loss=0.7863
2026-08-13 08:11:12,070 INFO trial epoch 7/10 batch 66/66 (100%) running_loss=0.7844
2026-08-13 08:11:13,528 INFO trial epoch 7/10 done: train_loss=0.7844 val_macro_auc=0.7553
2026-08-13 08:11:16,613 INFO trial epoch 8/10 batch 13/66 (20%) running_loss=0.8248
2026-08-13 08:11:19,128 INFO trial epoch 8/10 batch 26/66 (39%) running_loss=0.7935
2026-08-13 08:11:21,676 INFO trial epoch 8/10 batch 39/66 (59%) running_loss=0.7991
2026-08-13 08:11:24,249 INFO trial epoch 8/10 batch 52/66 (79%) running_loss=0.7937
2026-08-13 08:11:26,760 INFO trial epoch 8/10 batch 65/66 (98%) running_loss=0.7743
2026-08-13 08:11:26,927 INFO trial epoch 8/10 batch 66/66 (100%) running_loss=0.7778
2026-08-13 08:11:28,344 INFO trial epoch 8/10 done: train_loss=0.7778 val_macro_auc=0.7743
2026-08-13 08:11:31,481 INFO trial epoch 9/10 batch 13/66 (20%) running_loss=0.7124
2026-08-13 08:11:34,104 INFO trial epoch 9/10 batch 26/66 (39%) running_loss=0.7355
2026-08-13 08:11:36,666 INFO trial epoch 9/10 batch 39/66 (59%) running_loss=0.7281
2026-08-13 08:11:39,220 INFO trial epoch 9/10 batch 52/66 (79%) running_loss=0.7310
2026-08-13 08:11:41,752 INFO trial epoch 9/10 batch 65/66 (98%) running_loss=0.7377
2026-08-13 08:11:41,917 INFO trial epoch 9/10 batch 66/66 (100%) running_loss=0.7389
2026-08-13 08:11:43,244 INFO trial epoch 9/10 done: train_loss=0.7389 val_macro_auc=0.7515
2026-08-13 08:11:46,471 INFO trial epoch 10/10 batch 13/66 (20%) running_loss=0.7386
2026-08-13 08:11:49,011 INFO trial epoch 10/10 batch 26/66 (39%) running_loss=0.7345
2026-08-13 08:11:51,539 INFO trial epoch 10/10 batch 39/66 (59%) running_loss=0.7345
2026-08-13 08:11:54,066 INFO trial epoch 10/10 batch 52/66 (79%) running_loss=0.7304
2026-08-13 08:11:56,591 INFO trial epoch 10/10 batch 65/66 (98%) running_loss=0.7397
2026-08-13 08:11:56,763 INFO trial epoch 10/10 batch 66/66 (100%) running_loss=0.7371
2026-08-13 08:11:58,176 INFO trial epoch 10/10 done: train_loss=0.7371 val_macro_auc=0.7497
2026-08-13 08:11:58,323 INFO Trial 23/25: finished val_macro_auc=0.7585 (best so far: 0.8620)
2026-08-13 08:11:58,326 INFO Trial 24/25: starting (10 trial epochs)
2026-08-13 08:12:01,509 INFO trial epoch 1/10 batch 13/66 (20%) running_loss=1.0973
2026-08-13 08:12:04,072 INFO trial epoch 1/10 batch 26/66 (39%) running_loss=1.1020
2026-08-13 08:12:06,615 INFO trial epoch 1/10 batch 39/66 (59%) running_loss=1.0956
2026-08-13 08:12:09,163 INFO trial epoch 1/10 batch 52/66 (79%) running_loss=1.0858
2026-08-13 08:12:11,706 INFO trial epoch 1/10 batch 65/66 (98%) running_loss=1.0756
2026-08-13 08:12:11,873 INFO trial epoch 1/10 batch 66/66 (100%) running_loss=1.0739
2026-08-13 08:12:13,266 INFO trial epoch 1/10 done: train_loss=1.0739 val_macro_auc=0.7276
2026-08-13 08:12:16,241 INFO trial epoch 2/10 batch 13/66 (20%) running_loss=1.0354
2026-08-13 08:12:18,805 INFO trial epoch 2/10 batch 26/66 (39%) running_loss=1.0365
2026-08-13 08:12:21,360 INFO trial epoch 2/10 batch 39/66 (59%) running_loss=1.0312
2026-08-13 08:12:23,926 INFO trial epoch 2/10 batch 52/66 (79%) running_loss=1.0109
2026-08-13 08:12:26,457 INFO trial epoch 2/10 batch 65/66 (98%) running_loss=1.0052
2026-08-13 08:12:26,625 INFO trial epoch 2/10 batch 66/66 (100%) running_loss=1.0046
2026-08-13 08:12:27,971 INFO trial epoch 2/10 done: train_loss=1.0046 val_macro_auc=0.7939
2026-08-13 08:12:31,039 INFO trial epoch 3/10 batch 13/66 (20%) running_loss=0.9468
2026-08-13 08:12:33,794 INFO trial epoch 3/10 batch 26/66 (39%) running_loss=0.9229
2026-08-13 08:12:36,380 INFO trial epoch 3/10 batch 39/66 (59%) running_loss=0.9320
2026-08-13 08:12:38,951 INFO trial epoch 3/10 batch 52/66 (79%) running_loss=0.9084
2026-08-13 08:12:41,491 INFO trial epoch 3/10 batch 65/66 (98%) running_loss=0.9024
2026-08-13 08:12:41,657 INFO trial epoch 3/10 batch 66/66 (100%) running_loss=0.9055
2026-08-13 08:12:43,011 INFO trial epoch 3/10 done: train_loss=0.9055 val_macro_auc=0.8274
2026-08-13 08:12:46,023 INFO trial epoch 4/10 batch 13/66 (20%) running_loss=0.8378
2026-08-13 08:12:48,554 INFO trial epoch 4/10 batch 26/66 (39%) running_loss=0.8297
2026-08-13 08:12:51,112 INFO trial epoch 4/10 batch 39/66 (59%) running_loss=0.8193
2026-08-13 08:12:53,659 INFO trial epoch 4/10 batch 52/66 (79%) running_loss=0.8263
2026-08-13 08:12:56,176 INFO trial epoch 4/10 batch 65/66 (98%) running_loss=0.8277
2026-08-13 08:12:56,344 INFO trial epoch 4/10 batch 66/66 (100%) running_loss=0.8283
2026-08-13 08:12:57,790 INFO trial epoch 4/10 done: train_loss=0.8283 val_macro_auc=0.8329
2026-08-13 08:13:00,834 INFO trial epoch 5/10 batch 13/66 (20%) running_loss=0.7472
2026-08-13 08:13:03,387 INFO trial epoch 5/10 batch 26/66 (39%) running_loss=0.7741
2026-08-13 08:13:05,953 INFO trial epoch 5/10 batch 39/66 (59%) running_loss=0.7860
2026-08-13 08:13:08,531 INFO trial epoch 5/10 batch 52/66 (79%) running_loss=0.7847
2026-08-13 08:13:11,042 INFO trial epoch 5/10 batch 65/66 (98%) running_loss=0.7718
2026-08-13 08:13:11,208 INFO trial epoch 5/10 batch 66/66 (100%) running_loss=0.7730
2026-08-13 08:13:12,649 INFO trial epoch 5/10 done: train_loss=0.7730 val_macro_auc=0.8246
2026-08-13 08:13:15,717 INFO trial epoch 6/10 batch 13/66 (20%) running_loss=0.7569
2026-08-13 08:13:18,301 INFO trial epoch 6/10 batch 26/66 (39%) running_loss=0.7596
2026-08-13 08:13:20,884 INFO trial epoch 6/10 batch 39/66 (59%) running_loss=0.7510
2026-08-13 08:13:23,460 INFO trial epoch 6/10 batch 52/66 (79%) running_loss=0.7533
2026-08-13 08:13:26,007 INFO trial epoch 6/10 batch 65/66 (98%) running_loss=0.7448
2026-08-13 08:13:26,186 INFO trial epoch 6/10 batch 66/66 (100%) running_loss=0.7445
2026-08-13 08:13:27,579 INFO trial epoch 6/10 done: train_loss=0.7445 val_macro_auc=0.8240
2026-08-13 08:13:30,617 INFO trial epoch 7/10 batch 13/66 (20%) running_loss=0.6680
2026-08-13 08:13:33,150 INFO trial epoch 7/10 batch 26/66 (39%) running_loss=0.6952
2026-08-13 08:13:35,691 INFO trial epoch 7/10 batch 39/66 (59%) running_loss=0.6859
2026-08-13 08:13:38,213 INFO trial epoch 7/10 batch 52/66 (79%) running_loss=0.6874
2026-08-13 08:13:40,731 INFO trial epoch 7/10 batch 65/66 (98%) running_loss=0.7067
2026-08-13 08:13:40,898 INFO trial epoch 7/10 batch 66/66 (100%) running_loss=0.7077
2026-08-13 08:13:42,288 INFO trial epoch 7/10 done: train_loss=0.7077 val_macro_auc=0.8600
2026-08-13 08:13:45,288 INFO trial epoch 8/10 batch 13/66 (20%) running_loss=0.6953
2026-08-13 08:13:47,850 INFO trial epoch 8/10 batch 26/66 (39%) running_loss=0.6906
2026-08-13 08:13:50,429 INFO trial epoch 8/10 batch 39/66 (59%) running_loss=0.6916
2026-08-13 08:13:52,986 INFO trial epoch 8/10 batch 52/66 (79%) running_loss=0.6818
2026-08-13 08:13:55,494 INFO trial epoch 8/10 batch 65/66 (98%) running_loss=0.6723
2026-08-13 08:13:55,662 INFO trial epoch 8/10 batch 66/66 (100%) running_loss=0.6732
2026-08-13 08:13:57,096 INFO trial epoch 8/10 done: train_loss=0.6732 val_macro_auc=0.8466
2026-08-13 08:14:00,121 INFO trial epoch 9/10 batch 13/66 (20%) running_loss=0.6680
2026-08-13 08:14:02,658 INFO trial epoch 9/10 batch 26/66 (39%) running_loss=0.6849
2026-08-13 08:14:05,172 INFO trial epoch 9/10 batch 39/66 (59%) running_loss=0.6653
2026-08-13 08:14:07,736 INFO trial epoch 9/10 batch 52/66 (79%) running_loss=0.6689
2026-08-13 08:14:10,254 INFO trial epoch 9/10 batch 65/66 (98%) running_loss=0.6656
2026-08-13 08:14:10,421 INFO trial epoch 9/10 batch 66/66 (100%) running_loss=0.6655
2026-08-13 08:14:11,809 INFO trial epoch 9/10 done: train_loss=0.6655 val_macro_auc=0.8502
2026-08-13 08:14:15,076 INFO trial epoch 10/10 batch 13/66 (20%) running_loss=0.6682
2026-08-13 08:14:17,639 INFO trial epoch 10/10 batch 26/66 (39%) running_loss=0.6512
2026-08-13 08:14:20,186 INFO trial epoch 10/10 batch 39/66 (59%) running_loss=0.6547
2026-08-13 08:14:22,768 INFO trial epoch 10/10 batch 52/66 (79%) running_loss=0.6374
2026-08-13 08:14:25,302 INFO trial epoch 10/10 batch 65/66 (98%) running_loss=0.6439
2026-08-13 08:14:25,467 INFO trial epoch 10/10 batch 66/66 (100%) running_loss=0.6434
2026-08-13 08:14:26,863 INFO trial epoch 10/10 done: train_loss=0.6434 val_macro_auc=0.8452
2026-08-13 08:14:27,008 INFO Trial 24/25: finished val_macro_auc=0.8473 (best so far: 0.8620)
2026-08-13 08:14:27,011 INFO Trial 25/25: starting (10 trial epochs)
2026-08-13 08:14:30,167 INFO trial epoch 1/10 batch 13/66 (20%) running_loss=1.1818
2026-08-13 08:14:32,698 INFO trial epoch 1/10 batch 26/66 (39%) running_loss=1.1358
2026-08-13 08:14:35,241 INFO trial epoch 1/10 batch 39/66 (59%) running_loss=1.1205
2026-08-13 08:14:37,771 INFO trial epoch 1/10 batch 52/66 (79%) running_loss=1.1125
2026-08-13 08:14:40,293 INFO trial epoch 1/10 batch 65/66 (98%) running_loss=1.1046
2026-08-13 08:14:40,459 INFO trial epoch 1/10 batch 66/66 (100%) running_loss=1.1046
2026-08-13 08:14:41,851 INFO trial epoch 1/10 done: train_loss=1.1046 val_macro_auc=0.6241
2026-08-13 08:14:44,882 INFO trial epoch 2/10 batch 13/66 (20%) running_loss=1.0575
2026-08-13 08:14:47,432 INFO trial epoch 2/10 batch 26/66 (39%) running_loss=1.0425
2026-08-13 08:14:49,960 INFO trial epoch 2/10 batch 39/66 (59%) running_loss=1.0324
2026-08-13 08:14:52,498 INFO trial epoch 2/10 batch 52/66 (79%) running_loss=1.0193
2026-08-13 08:14:55,032 INFO trial epoch 2/10 batch 65/66 (98%) running_loss=1.0164
2026-08-13 08:14:55,199 INFO trial epoch 2/10 batch 66/66 (100%) running_loss=1.0155
2026-08-13 08:14:56,557 INFO trial epoch 2/10 done: train_loss=1.0155 val_macro_auc=0.7482
2026-08-13 08:14:59,579 INFO trial epoch 3/10 batch 13/66 (20%) running_loss=0.9598
2026-08-13 08:15:02,339 INFO trial epoch 3/10 batch 26/66 (39%) running_loss=0.9509
2026-08-13 08:15:04,871 INFO trial epoch 3/10 batch 39/66 (59%) running_loss=0.9360
2026-08-13 08:15:07,430 INFO trial epoch 3/10 batch 52/66 (79%) running_loss=0.9110
2026-08-13 08:15:09,974 INFO trial epoch 3/10 batch 65/66 (98%) running_loss=0.8979
2026-08-13 08:15:10,139 INFO trial epoch 3/10 batch 66/66 (100%) running_loss=0.9000
2026-08-13 08:15:11,523 INFO trial epoch 3/10 done: train_loss=0.9000 val_macro_auc=0.7788
2026-08-13 08:15:14,576 INFO trial epoch 4/10 batch 13/66 (20%) running_loss=0.8197
2026-08-13 08:15:17,145 INFO trial epoch 4/10 batch 26/66 (39%) running_loss=0.8412
2026-08-13 08:15:19,748 INFO trial epoch 4/10 batch 39/66 (59%) running_loss=0.8583
2026-08-13 08:15:22,313 INFO trial epoch 4/10 batch 52/66 (79%) running_loss=0.8525
2026-08-13 08:15:24,848 INFO trial epoch 4/10 batch 65/66 (98%) running_loss=0.8545
2026-08-13 08:15:25,015 INFO trial epoch 4/10 batch 66/66 (100%) running_loss=0.8543
2026-08-13 08:15:26,357 INFO trial epoch 4/10 done: train_loss=0.8543 val_macro_auc=0.7923
2026-08-13 08:15:29,407 INFO trial epoch 5/10 batch 13/66 (20%) running_loss=0.7897
2026-08-13 08:15:31,937 INFO trial epoch 5/10 batch 26/66 (39%) running_loss=0.8064
2026-08-13 08:15:34,451 INFO trial epoch 5/10 batch 39/66 (59%) running_loss=0.8032
2026-08-13 08:15:36,998 INFO trial epoch 5/10 batch 52/66 (79%) running_loss=0.7881
2026-08-13 08:15:39,509 INFO trial epoch 5/10 batch 65/66 (98%) running_loss=0.7855
2026-08-13 08:15:39,675 INFO trial epoch 5/10 batch 66/66 (100%) running_loss=0.7866
2026-08-13 08:15:41,060 INFO trial epoch 5/10 done: train_loss=0.7866 val_macro_auc=0.8082
2026-08-13 08:15:44,167 INFO trial epoch 6/10 batch 13/66 (20%) running_loss=0.7832
2026-08-13 08:15:46,682 INFO trial epoch 6/10 batch 26/66 (39%) running_loss=0.7499
2026-08-13 08:15:49,228 INFO trial epoch 6/10 batch 39/66 (59%) running_loss=0.7392
2026-08-13 08:15:51,760 INFO trial epoch 6/10 batch 52/66 (79%) running_loss=0.7263
2026-08-13 08:15:54,284 INFO trial epoch 6/10 batch 65/66 (98%) running_loss=0.7294
2026-08-13 08:15:54,451 INFO trial epoch 6/10 batch 66/66 (100%) running_loss=0.7308
2026-08-13 08:15:55,845 INFO trial epoch 6/10 done: train_loss=0.7308 val_macro_auc=0.8068
2026-08-13 08:15:58,904 INFO trial epoch 7/10 batch 13/66 (20%) running_loss=0.7235
2026-08-13 08:16:01,428 INFO trial epoch 7/10 batch 26/66 (39%) running_loss=0.7240
2026-08-13 08:16:03,954 INFO trial epoch 7/10 batch 39/66 (59%) running_loss=0.7342
2026-08-13 08:16:06,481 INFO trial epoch 7/10 batch 52/66 (79%) running_loss=0.7435
2026-08-13 08:16:09,031 INFO trial epoch 7/10 batch 65/66 (98%) running_loss=0.7405
2026-08-13 08:16:09,197 INFO trial epoch 7/10 batch 66/66 (100%) running_loss=0.7417
2026-08-13 08:16:10,529 INFO trial epoch 7/10 done: train_loss=0.7417 val_macro_auc=0.8233
2026-08-13 08:16:13,580 INFO trial epoch 8/10 batch 13/66 (20%) running_loss=0.6717
2026-08-13 08:16:16,127 INFO trial epoch 8/10 batch 26/66 (39%) running_loss=0.7110
2026-08-13 08:16:18,676 INFO trial epoch 8/10 batch 39/66 (59%) running_loss=0.7119
2026-08-13 08:16:21,209 INFO trial epoch 8/10 batch 52/66 (79%) running_loss=0.7078
2026-08-13 08:16:23,788 INFO trial epoch 8/10 batch 65/66 (98%) running_loss=0.7034
2026-08-13 08:16:23,959 INFO trial epoch 8/10 batch 66/66 (100%) running_loss=0.7025
2026-08-13 08:16:25,292 INFO trial epoch 8/10 done: train_loss=0.7025 val_macro_auc=0.8336
2026-08-13 08:16:28,351 INFO trial epoch 9/10 batch 13/66 (20%) running_loss=0.6425
2026-08-13 08:16:30,889 INFO trial epoch 9/10 batch 26/66 (39%) running_loss=0.6961
2026-08-13 08:16:33,419 INFO trial epoch 9/10 batch 39/66 (59%) running_loss=0.6993
2026-08-13 08:16:35,946 INFO trial epoch 9/10 batch 52/66 (79%) running_loss=0.6932
2026-08-13 08:16:38,471 INFO trial epoch 9/10 batch 65/66 (98%) running_loss=0.6875
2026-08-13 08:16:38,635 INFO trial epoch 9/10 batch 66/66 (100%) running_loss=0.6867
2026-08-13 08:16:40,068 INFO trial epoch 9/10 done: train_loss=0.6867 val_macro_auc=0.8299
2026-08-13 08:16:43,370 INFO trial epoch 10/10 batch 13/66 (20%) running_loss=0.6684
2026-08-13 08:16:45,997 INFO trial epoch 10/10 batch 26/66 (39%) running_loss=0.6718
2026-08-13 08:16:48,553 INFO trial epoch 10/10 batch 39/66 (59%) running_loss=0.6611
2026-08-13 08:16:51,113 INFO trial epoch 10/10 batch 52/66 (79%) running_loss=0.6669
2026-08-13 08:16:53,654 INFO trial epoch 10/10 batch 65/66 (98%) running_loss=0.6686
2026-08-13 08:16:53,819 INFO trial epoch 10/10 batch 66/66 (100%) running_loss=0.6691
2026-08-13 08:16:55,290 INFO trial epoch 10/10 done: train_loss=0.6691 val_macro_auc=0.8375
2026-08-13 08:16:55,436 INFO Trial 25/25: finished val_macro_auc=0.8337 (best so far: 0.8620)
2026-08-13 08:16:55,440 INFO Augmentation search finished: 25 trials evaluated
2026-08-13 08:16:55,447 INFO Selected policy val_macro_auc=0.8620
