2026-09-29 19:05:35,572 INFO Starting final training on device=cuda, amp=True, physical_batch_size=32, accumulation_steps=1, effective_batch_size=32
2026-09-29 19:05:35,572 INFO Augmentation policy: sample-adaptive, from outputs/main1/augmentation_run/selected_policy.json
2026-09-29 19:05:36,524 INFO Classes: {'fetal_abdomen': 0, 'fetal_brain': 1, 'fetal_femur': 2, 'fetal_thorax': 3, 'maternal_cervix': 4, 'other': 5}
2026-09-29 19:05:36,525 INFO Regularization: weight_decay=7.0e-04 classifier_dropout=0.30 label_smoothing=0.10 drop_path=0.20
2026-09-29 19:05:47,667 INFO train epoch 1/200 batch 35/178 (20%) running_loss=1.7882
2026-09-29 19:05:57,307 INFO train epoch 1/200 batch 70/178 (39%) running_loss=1.7689
2026-09-29 19:06:06,975 INFO train epoch 1/200 batch 105/178 (59%) running_loss=1.7729
2026-09-29 19:06:16,578 INFO train epoch 1/200 batch 140/178 (79%) running_loss=1.7668
2026-09-29 19:06:26,177 INFO train epoch 1/200 batch 175/178 (98%) running_loss=1.7449
2026-09-29 19:06:27,204 INFO train epoch 1/200 batch 178/178 (100%) running_loss=1.7446
2026-09-29 19:06:33,893 INFO epoch 1/200 done: train_loss=1.7446 val_loss=1.5863 val_accuracy=0.4643 val_macro_f1=0.2089 val_macro_auc=0.6835 (checkpoint_metric=macro_auc) [new best]
2026-09-29 19:06:43,797 INFO train epoch 2/200 batch 35/178 (20%) running_loss=1.6076
2026-09-29 19:06:53,305 INFO train epoch 2/200 batch 70/178 (39%) running_loss=1.5943
2026-09-29 19:07:02,846 INFO train epoch 2/200 batch 105/178 (59%) running_loss=1.5849
2026-09-29 19:07:12,353 INFO train epoch 2/200 batch 140/178 (79%) running_loss=1.5637
2026-09-29 19:07:21,861 INFO train epoch 2/200 batch 175/178 (98%) running_loss=1.5417
2026-09-29 19:07:22,600 INFO train epoch 2/200 batch 178/178 (100%) running_loss=1.5407
2026-09-29 19:07:29,057 INFO epoch 2/200 done: train_loss=1.5407 val_loss=1.9220 val_accuracy=0.1339 val_macro_f1=0.0531 val_macro_auc=0.6483 (checkpoint_metric=macro_auc)
2026-09-29 19:07:39,059 INFO train epoch 3/200 batch 35/178 (20%) running_loss=1.3944
2026-09-29 19:07:48,764 INFO train epoch 3/200 batch 70/178 (39%) running_loss=1.3852
2026-09-29 19:07:58,300 INFO train epoch 3/200 batch 105/178 (59%) running_loss=1.3689
2026-09-29 19:08:07,842 INFO train epoch 3/200 batch 140/178 (79%) running_loss=1.3633
2026-09-29 19:08:17,382 INFO train epoch 3/200 batch 175/178 (98%) running_loss=1.3553
2026-09-29 19:08:18,121 INFO train epoch 3/200 batch 178/178 (100%) running_loss=1.3535
2026-09-29 19:08:24,589 INFO epoch 3/200 done: train_loss=1.3535 val_loss=1.7806 val_accuracy=0.3159 val_macro_f1=0.2212 val_macro_auc=0.7016 (checkpoint_metric=macro_auc)
2026-09-29 19:08:34,559 INFO train epoch 4/200 batch 35/178 (20%) running_loss=1.3343
2026-09-29 19:08:44,097 INFO train epoch 4/200 batch 70/178 (39%) running_loss=1.2957
2026-09-29 19:08:53,806 INFO train epoch 4/200 batch 105/178 (59%) running_loss=1.2836
2026-09-29 19:09:03,352 INFO train epoch 4/200 batch 140/178 (79%) running_loss=1.2682
2026-09-29 19:09:12,888 INFO train epoch 4/200 batch 175/178 (98%) running_loss=1.2607
2026-09-29 19:09:13,628 INFO train epoch 4/200 batch 178/178 (100%) running_loss=1.2610
2026-09-29 19:09:20,073 INFO epoch 4/200 done: train_loss=1.2610 val_loss=1.9878 val_accuracy=0.2603 val_macro_f1=0.1349 val_macro_auc=0.6895 (checkpoint_metric=macro_auc)
2026-09-29 19:09:30,058 INFO train epoch 5/200 batch 35/178 (20%) running_loss=1.2137
2026-09-29 19:09:39,648 INFO train epoch 5/200 batch 70/178 (39%) running_loss=1.1885
2026-09-29 19:09:49,310 INFO train epoch 5/200 batch 105/178 (59%) running_loss=1.1890
2026-09-29 19:09:59,086 INFO train epoch 5/200 batch 140/178 (79%) running_loss=1.1763
2026-09-29 19:10:08,663 INFO train epoch 5/200 batch 175/178 (98%) running_loss=1.1711
2026-09-29 19:10:09,410 INFO train epoch 5/200 batch 178/178 (100%) running_loss=1.1728
2026-09-29 19:10:15,954 INFO epoch 5/200 done: train_loss=1.1728 val_loss=1.7028 val_accuracy=0.3166 val_macro_f1=0.2069 val_macro_auc=0.7205 (checkpoint_metric=macro_auc) [new best]
2026-09-29 19:10:25,933 INFO train epoch 6/200 batch 35/178 (20%) running_loss=1.1689
2026-09-29 19:10:35,511 INFO train epoch 6/200 batch 70/178 (39%) running_loss=1.1347
2026-09-29 19:10:45,094 INFO train epoch 6/200 batch 105/178 (59%) running_loss=1.1277
2026-09-29 19:10:54,803 INFO train epoch 6/200 batch 140/178 (79%) running_loss=1.1216
2026-09-29 19:11:04,405 INFO train epoch 6/200 batch 175/178 (98%) running_loss=1.1192
2026-09-29 19:11:05,144 INFO train epoch 6/200 batch 178/178 (100%) running_loss=1.1205
2026-09-29 19:11:11,707 INFO epoch 6/200 done: train_loss=1.1205 val_loss=1.3856 val_accuracy=0.4650 val_macro_f1=0.3632 val_macro_auc=0.7926 (checkpoint_metric=macro_auc) [new best]
2026-09-29 19:11:21,682 INFO train epoch 7/200 batch 35/178 (20%) running_loss=1.0772
2026-09-29 19:11:31,285 INFO train epoch 7/200 batch 70/178 (39%) running_loss=1.0763
2026-09-29 19:11:40,844 INFO train epoch 7/200 batch 105/178 (59%) running_loss=1.0769
2026-09-29 19:11:50,482 INFO train epoch 7/200 batch 140/178 (79%) running_loss=1.0838
2026-09-29 19:12:00,185 INFO train epoch 7/200 batch 175/178 (98%) running_loss=1.0780
2026-09-29 19:12:00,929 INFO train epoch 7/200 batch 178/178 (100%) running_loss=1.0783
2026-09-29 19:12:07,481 INFO epoch 7/200 done: train_loss=1.0783 val_loss=0.9261 val_accuracy=0.6360 val_macro_f1=0.4617 val_macro_auc=0.8941 (checkpoint_metric=macro_auc) [new best]
2026-09-29 19:12:17,563 INFO train epoch 8/200 batch 35/178 (20%) running_loss=1.0760
2026-09-29 19:12:27,121 INFO train epoch 8/200 batch 70/178 (39%) running_loss=1.0741
2026-09-29 19:12:36,681 INFO train epoch 8/200 batch 105/178 (59%) running_loss=1.0579
2026-09-29 19:12:46,256 INFO train epoch 8/200 batch 140/178 (79%) running_loss=1.0523
2026-09-29 19:12:55,816 INFO train epoch 8/200 batch 175/178 (98%) running_loss=1.0578
2026-09-29 19:12:56,571 INFO train epoch 8/200 batch 178/178 (100%) running_loss=1.0570
2026-09-29 19:13:03,161 INFO epoch 8/200 done: train_loss=1.0570 val_loss=0.9640 val_accuracy=0.6305 val_macro_f1=0.4965 val_macro_auc=0.9050 (checkpoint_metric=macro_auc) [new best]
2026-09-29 19:13:13,264 INFO train epoch 9/200 batch 35/178 (20%) running_loss=1.0418
2026-09-29 19:13:22,822 INFO train epoch 9/200 batch 70/178 (39%) running_loss=1.0255
2026-09-29 19:13:32,352 INFO train epoch 9/200 batch 105/178 (59%) running_loss=1.0264
2026-09-29 19:13:41,888 INFO train epoch 9/200 batch 140/178 (79%) running_loss=1.0230
2026-09-29 19:13:51,412 INFO train epoch 9/200 batch 175/178 (98%) running_loss=1.0226
2026-09-29 19:13:52,149 INFO train epoch 9/200 batch 178/178 (100%) running_loss=1.0220
2026-09-29 19:13:58,697 INFO epoch 9/200 done: train_loss=1.0220 val_loss=0.8119 val_accuracy=0.7232 val_macro_f1=0.5747 val_macro_auc=0.9295 (checkpoint_metric=macro_auc) [new best]
2026-09-29 19:14:08,668 INFO train epoch 10/200 batch 35/178 (20%) running_loss=0.9943
2026-09-29 19:14:18,372 INFO train epoch 10/200 batch 70/178 (39%) running_loss=1.0085
2026-09-29 19:14:27,911 INFO train epoch 10/200 batch 105/178 (59%) running_loss=1.0098
2026-09-29 19:14:37,461 INFO train epoch 10/200 batch 140/178 (79%) running_loss=1.0031
2026-09-29 19:14:46,984 INFO train epoch 10/200 batch 175/178 (98%) running_loss=1.0058
2026-09-29 19:14:47,722 INFO train epoch 10/200 batch 178/178 (100%) running_loss=1.0054
2026-09-29 19:14:54,270 INFO epoch 10/200 done: train_loss=1.0054 val_loss=0.7744 val_accuracy=0.7521 val_macro_f1=0.6050 val_macro_auc=0.9197 (checkpoint_metric=macro_auc) [new best]
2026-09-29 19:15:04,312 INFO train epoch 11/200 batch 35/178 (20%) running_loss=0.9581
2026-09-29 19:15:13,880 INFO train epoch 11/200 batch 70/178 (39%) running_loss=0.9697
2026-09-29 19:15:23,614 INFO train epoch 11/200 batch 105/178 (59%) running_loss=0.9666
2026-09-29 19:15:33,174 INFO train epoch 11/200 batch 140/178 (79%) running_loss=0.9706
2026-09-29 19:15:42,714 INFO train epoch 11/200 batch 175/178 (98%) running_loss=0.9751
2026-09-29 19:15:43,448 INFO train epoch 11/200 batch 178/178 (100%) running_loss=0.9750
2026-09-29 19:15:49,905 INFO epoch 11/200 done: train_loss=0.9750 val_loss=0.9187 val_accuracy=0.6923 val_macro_f1=0.5216 val_macro_auc=0.8993 (checkpoint_metric=macro_auc)
2026-09-29 19:15:59,933 INFO train epoch 12/200 batch 35/178 (20%) running_loss=0.9683
2026-09-29 19:16:09,670 INFO train epoch 12/200 batch 70/178 (39%) running_loss=0.9702
2026-09-29 19:16:19,271 INFO train epoch 12/200 batch 105/178 (59%) running_loss=0.9710
2026-09-29 19:16:28,835 INFO train epoch 12/200 batch 140/178 (79%) running_loss=0.9729
2026-09-29 19:16:38,404 INFO train epoch 12/200 batch 175/178 (98%) running_loss=0.9627
2026-09-29 19:16:39,139 INFO train epoch 12/200 batch 178/178 (100%) running_loss=0.9620
2026-09-29 19:16:45,599 INFO epoch 12/200 done: train_loss=0.9620 val_loss=1.2649 val_accuracy=0.4753 val_macro_f1=0.3821 val_macro_auc=0.8515 (checkpoint_metric=macro_auc)
2026-09-29 19:16:55,614 INFO train epoch 13/200 batch 35/178 (20%) running_loss=0.9829
2026-09-29 19:17:05,346 INFO train epoch 13/200 batch 70/178 (39%) running_loss=0.9541
2026-09-29 19:17:14,888 INFO train epoch 13/200 batch 105/178 (59%) running_loss=0.9595
2026-09-29 19:17:24,451 INFO train epoch 13/200 batch 140/178 (79%) running_loss=0.9469
2026-09-29 19:17:34,006 INFO train epoch 13/200 batch 175/178 (98%) running_loss=0.9443
2026-09-29 19:17:34,747 INFO train epoch 13/200 batch 178/178 (100%) running_loss=0.9448
2026-09-29 19:17:41,200 INFO epoch 13/200 done: train_loss=0.9448 val_loss=1.0308 val_accuracy=0.6236 val_macro_f1=0.4582 val_macro_auc=0.8900 (checkpoint_metric=macro_auc)
2026-09-29 19:17:51,290 INFO train epoch 14/200 batch 35/178 (20%) running_loss=0.9221
2026-09-29 19:18:00,847 INFO train epoch 14/200 batch 70/178 (39%) running_loss=0.9292
2026-09-29 19:18:10,380 INFO train epoch 14/200 batch 105/178 (59%) running_loss=0.9310
2026-09-29 19:18:19,956 INFO train epoch 14/200 batch 140/178 (79%) running_loss=0.9318
2026-09-29 19:18:29,628 INFO train epoch 14/200 batch 175/178 (98%) running_loss=0.9364
2026-09-29 19:18:30,365 INFO train epoch 14/200 batch 178/178 (100%) running_loss=0.9345
2026-09-29 19:18:36,828 INFO epoch 14/200 done: train_loss=0.9345 val_loss=1.0562 val_accuracy=0.6106 val_macro_f1=0.4465 val_macro_auc=0.8727 (checkpoint_metric=macro_auc)
2026-09-29 19:18:46,802 INFO train epoch 15/200 batch 35/178 (20%) running_loss=0.9440
2026-09-29 19:18:56,392 INFO train epoch 15/200 batch 70/178 (39%) running_loss=0.9341
2026-09-29 19:19:05,979 INFO train epoch 15/200 batch 105/178 (59%) running_loss=0.9191
2026-09-29 19:19:15,520 INFO train epoch 15/200 batch 140/178 (79%) running_loss=0.9213
2026-09-29 19:19:25,196 INFO train epoch 15/200 batch 175/178 (98%) running_loss=0.9191
2026-09-29 19:19:25,934 INFO train epoch 15/200 batch 178/178 (100%) running_loss=0.9190
2026-09-29 19:19:32,380 INFO epoch 15/200 done: train_loss=0.9190 val_loss=1.0035 val_accuracy=0.6126 val_macro_f1=0.4297 val_macro_auc=0.8951 (checkpoint_metric=macro_auc)
2026-09-29 19:19:42,452 INFO train epoch 16/200 batch 35/178 (20%) running_loss=0.8996
2026-09-29 19:19:52,057 INFO train epoch 16/200 batch 70/178 (39%) running_loss=0.9141
2026-09-29 19:20:01,652 INFO train epoch 16/200 batch 105/178 (59%) running_loss=0.9043
2026-09-29 19:20:11,431 INFO train epoch 16/200 batch 140/178 (79%) running_loss=0.9043
2026-09-29 19:20:21,030 INFO train epoch 16/200 batch 175/178 (98%) running_loss=0.9057
2026-09-29 19:20:21,783 INFO train epoch 16/200 batch 178/178 (100%) running_loss=0.9055
2026-09-29 19:20:28,265 INFO epoch 16/200 done: train_loss=0.9055 val_loss=0.8132 val_accuracy=0.7047 val_macro_f1=0.5218 val_macro_auc=0.9304 (checkpoint_metric=macro_auc)
2026-09-29 19:20:38,254 INFO train epoch 17/200 batch 35/178 (20%) running_loss=0.9185
2026-09-29 19:20:47,787 INFO train epoch 17/200 batch 70/178 (39%) running_loss=0.9252
2026-09-29 19:20:57,411 INFO train epoch 17/200 batch 105/178 (59%) running_loss=0.9110
2026-09-29 19:21:07,153 INFO train epoch 17/200 batch 140/178 (79%) running_loss=0.9035
2026-09-29 19:21:16,703 INFO train epoch 17/200 batch 175/178 (98%) running_loss=0.9000
2026-09-29 19:21:17,444 INFO train epoch 17/200 batch 178/178 (100%) running_loss=0.8994
2026-09-29 19:21:23,899 INFO epoch 17/200 done: train_loss=0.8994 val_loss=0.9101 val_accuracy=0.6662 val_macro_f1=0.5405 val_macro_auc=0.9267 (checkpoint_metric=macro_auc)
2026-09-29 19:21:33,883 INFO train epoch 18/200 batch 35/178 (20%) running_loss=0.8652
2026-09-29 19:21:43,430 INFO train epoch 18/200 batch 70/178 (39%) running_loss=0.8878
2026-09-29 19:21:53,292 INFO train epoch 18/200 batch 105/178 (59%) running_loss=0.8711
2026-09-29 19:22:02,881 INFO train epoch 18/200 batch 140/178 (79%) running_loss=0.8658
2026-09-29 19:22:12,499 INFO train epoch 18/200 batch 175/178 (98%) running_loss=0.8647
2026-09-29 19:22:13,246 INFO train epoch 18/200 batch 178/178 (100%) running_loss=0.8642
2026-09-29 19:22:19,802 INFO epoch 18/200 done: train_loss=0.8642 val_loss=0.9340 val_accuracy=0.6628 val_macro_f1=0.5279 val_macro_auc=0.9108 (checkpoint_metric=macro_auc) [new best]
2026-09-29 19:22:29,859 INFO train epoch 19/200 batch 35/178 (20%) running_loss=0.8191
2026-09-29 19:22:39,405 INFO train epoch 19/200 batch 70/178 (39%) running_loss=0.8409
2026-09-29 19:22:49,061 INFO train epoch 19/200 batch 105/178 (59%) running_loss=0.8531
2026-09-29 19:22:58,678 INFO train epoch 19/200 batch 140/178 (79%) running_loss=0.8580
2026-09-29 19:23:08,245 INFO train epoch 19/200 batch 175/178 (98%) running_loss=0.8605
2026-09-29 19:23:08,987 INFO train epoch 19/200 batch 178/178 (100%) running_loss=0.8602
2026-09-29 19:23:15,554 INFO epoch 19/200 done: train_loss=0.8602 val_loss=0.7627 val_accuracy=0.7452 val_macro_f1=0.6597 val_macro_auc=0.9415 (checkpoint_metric=macro_auc) [new best]
2026-09-29 19:23:25,590 INFO train epoch 20/200 batch 35/178 (20%) running_loss=0.8860
2026-09-29 19:23:35,180 INFO train epoch 20/200 batch 70/178 (39%) running_loss=0.8667
2026-09-29 19:23:44,771 INFO train epoch 20/200 batch 105/178 (59%) running_loss=0.8575
2026-09-29 19:23:54,423 INFO train epoch 20/200 batch 140/178 (79%) running_loss=0.8481
2026-09-29 19:24:03,977 INFO train epoch 20/200 batch 175/178 (98%) running_loss=0.8409
2026-09-29 19:24:04,717 INFO train epoch 20/200 batch 178/178 (100%) running_loss=0.8418
2026-09-29 19:24:11,276 INFO epoch 20/200 done: train_loss=0.8418 val_loss=0.6356 val_accuracy=0.7871 val_macro_f1=0.7271 val_macro_auc=0.9599 (checkpoint_metric=macro_auc) [new best]
2026-09-29 19:24:21,346 INFO train epoch 21/200 batch 35/178 (20%) running_loss=0.8544
2026-09-29 19:24:30,948 INFO train epoch 21/200 batch 70/178 (39%) running_loss=0.8692
2026-09-29 19:24:40,520 INFO train epoch 21/200 batch 105/178 (59%) running_loss=0.8628
2026-09-29 19:24:50,110 INFO train epoch 21/200 batch 140/178 (79%) running_loss=0.8648
2026-09-29 19:24:59,721 INFO train epoch 21/200 batch 175/178 (98%) running_loss=0.8545
2026-09-29 19:25:00,465 INFO train epoch 21/200 batch 178/178 (100%) running_loss=0.8537
2026-09-29 19:25:07,041 INFO epoch 21/200 done: train_loss=0.8537 val_loss=0.8930 val_accuracy=0.6758 val_macro_f1=0.5733 val_macro_auc=0.9317 (checkpoint_metric=macro_auc) [new best]
2026-09-29 19:25:17,209 INFO train epoch 22/200 batch 35/178 (20%) running_loss=0.8293
2026-09-29 19:25:26,816 INFO train epoch 22/200 batch 70/178 (39%) running_loss=0.8187
2026-09-29 19:25:36,438 INFO train epoch 22/200 batch 105/178 (59%) running_loss=0.8337
2026-09-29 19:25:46,047 INFO train epoch 22/200 batch 140/178 (79%) running_loss=0.8415
2026-09-29 19:25:55,599 INFO train epoch 22/200 batch 175/178 (98%) running_loss=0.8421
2026-09-29 19:25:56,338 INFO train epoch 22/200 batch 178/178 (100%) running_loss=0.8429
2026-09-29 19:26:02,899 INFO epoch 22/200 done: train_loss=0.8429 val_loss=0.5239 val_accuracy=0.8359 val_macro_f1=0.7221 val_macro_auc=0.9745 (checkpoint_metric=macro_auc) [new best]
2026-09-29 19:26:13,011 INFO train epoch 23/200 batch 35/178 (20%) running_loss=0.8203
2026-09-29 19:26:22,772 INFO train epoch 23/200 batch 70/178 (39%) running_loss=0.8346
2026-09-29 19:26:32,374 INFO train epoch 23/200 batch 105/178 (59%) running_loss=0.8298
2026-09-29 19:26:41,967 INFO train epoch 23/200 batch 140/178 (79%) running_loss=0.8321
2026-09-29 19:26:51,546 INFO train epoch 23/200 batch 175/178 (98%) running_loss=0.8340
2026-09-29 19:26:52,286 INFO train epoch 23/200 batch 178/178 (100%) running_loss=0.8348
2026-09-29 19:26:58,741 INFO epoch 23/200 done: train_loss=0.8348 val_loss=0.6926 val_accuracy=0.7596 val_macro_f1=0.6674 val_macro_auc=0.9506 (checkpoint_metric=macro_auc)
2026-09-29 19:27:08,787 INFO train epoch 24/200 batch 35/178 (20%) running_loss=0.8240
2026-09-29 19:27:18,326 INFO train epoch 24/200 batch 70/178 (39%) running_loss=0.8192
2026-09-29 19:27:28,034 INFO train epoch 24/200 batch 105/178 (59%) running_loss=0.8133
2026-09-29 19:27:37,564 INFO train epoch 24/200 batch 140/178 (79%) running_loss=0.8194
2026-09-29 19:27:47,118 INFO train epoch 24/200 batch 175/178 (98%) running_loss=0.8245
2026-09-29 19:27:47,864 INFO train epoch 24/200 batch 178/178 (100%) running_loss=0.8236
2026-09-29 19:27:54,421 INFO epoch 24/200 done: train_loss=0.8236 val_loss=0.7187 val_accuracy=0.7424 val_macro_f1=0.6469 val_macro_auc=0.9540 (checkpoint_metric=macro_auc) [new best]
2026-09-29 19:28:04,432 INFO train epoch 25/200 batch 35/178 (20%) running_loss=0.8101
2026-09-29 19:28:13,961 INFO train epoch 25/200 batch 70/178 (39%) running_loss=0.8086
2026-09-29 19:28:23,689 INFO train epoch 25/200 batch 105/178 (59%) running_loss=0.8056
2026-09-29 19:28:33,235 INFO train epoch 25/200 batch 140/178 (79%) running_loss=0.8089
2026-09-29 19:28:42,778 INFO train epoch 25/200 batch 175/178 (98%) running_loss=0.8069
2026-09-29 19:28:43,516 INFO train epoch 25/200 batch 178/178 (100%) running_loss=0.8067
2026-09-29 19:28:50,065 INFO epoch 25/200 done: train_loss=0.8067 val_loss=0.4958 val_accuracy=0.8400 val_macro_f1=0.8212 val_macro_auc=0.9792 (checkpoint_metric=macro_auc) [new best]
2026-09-29 19:29:00,068 INFO train epoch 26/200 batch 35/178 (20%) running_loss=0.8206
2026-09-29 19:29:09,611 INFO train epoch 26/200 batch 70/178 (39%) running_loss=0.8130
2026-09-29 19:29:19,173 INFO train epoch 26/200 batch 105/178 (59%) running_loss=0.8062
2026-09-29 19:29:28,852 INFO train epoch 26/200 batch 140/178 (79%) running_loss=0.8118
2026-09-29 19:29:38,414 INFO train epoch 26/200 batch 175/178 (98%) running_loss=0.8095
2026-09-29 19:29:39,163 INFO train epoch 26/200 batch 178/178 (100%) running_loss=0.8098
2026-09-29 19:29:45,725 INFO epoch 26/200 done: train_loss=0.8098 val_loss=0.5833 val_accuracy=0.8118 val_macro_f1=0.7554 val_macro_auc=0.9663 (checkpoint_metric=macro_auc) [new best]
2026-09-29 19:29:55,691 INFO train epoch 27/200 batch 35/178 (20%) running_loss=0.8080
2026-09-29 19:30:05,233 INFO train epoch 27/200 batch 70/178 (39%) running_loss=0.8136
2026-09-29 19:30:14,789 INFO train epoch 27/200 batch 105/178 (59%) running_loss=0.8127
2026-09-29 19:30:24,321 INFO train epoch 27/200 batch 140/178 (79%) running_loss=0.8173
2026-09-29 19:30:33,969 INFO train epoch 27/200 batch 175/178 (98%) running_loss=0.8046
2026-09-29 19:30:34,716 INFO train epoch 27/200 batch 178/178 (100%) running_loss=0.8041
2026-09-29 19:30:41,287 INFO epoch 27/200 done: train_loss=0.8041 val_loss=0.5188 val_accuracy=0.8365 val_macro_f1=0.7720 val_macro_auc=0.9730 (checkpoint_metric=macro_auc) [new best]
2026-09-29 19:30:51,358 INFO train epoch 28/200 batch 35/178 (20%) running_loss=0.8000
2026-09-29 19:31:00,932 INFO train epoch 28/200 batch 70/178 (39%) running_loss=0.7873
2026-09-29 19:31:10,539 INFO train epoch 28/200 batch 105/178 (59%) running_loss=0.7957
2026-09-29 19:31:20,346 INFO train epoch 28/200 batch 140/178 (79%) running_loss=0.7949
2026-09-29 19:31:29,979 INFO train epoch 28/200 batch 175/178 (98%) running_loss=0.7948
2026-09-29 19:31:30,727 INFO train epoch 28/200 batch 178/178 (100%) running_loss=0.7963
2026-09-29 19:31:37,177 INFO epoch 28/200 done: train_loss=0.7963 val_loss=0.5218 val_accuracy=0.8448 val_macro_f1=0.8139 val_macro_auc=0.9779 (checkpoint_metric=macro_auc)
2026-09-29 19:31:47,159 INFO train epoch 29/200 batch 35/178 (20%) running_loss=0.7825
2026-09-29 19:31:56,815 INFO train epoch 29/200 batch 70/178 (39%) running_loss=0.7943
2026-09-29 19:32:06,375 INFO train epoch 29/200 batch 105/178 (59%) running_loss=0.7972
2026-09-29 19:32:16,107 INFO train epoch 29/200 batch 140/178 (79%) running_loss=0.8018
2026-09-29 19:32:25,675 INFO train epoch 29/200 batch 175/178 (98%) running_loss=0.7922
2026-09-29 19:32:26,415 INFO train epoch 29/200 batch 178/178 (100%) running_loss=0.7924
2026-09-29 19:32:32,951 INFO epoch 29/200 done: train_loss=0.7924 val_loss=0.4617 val_accuracy=0.8633 val_macro_f1=0.8183 val_macro_auc=0.9790 (checkpoint_metric=macro_auc) [new best]
2026-09-29 19:32:42,924 INFO train epoch 30/200 batch 35/178 (20%) running_loss=0.7777
2026-09-29 19:32:52,460 INFO train epoch 30/200 batch 70/178 (39%) running_loss=0.7741
2026-09-29 19:33:02,034 INFO train epoch 30/200 batch 105/178 (59%) running_loss=0.7740
2026-09-29 19:33:11,805 INFO train epoch 30/200 batch 140/178 (79%) running_loss=0.7782
2026-09-29 19:33:21,382 INFO train epoch 30/200 batch 175/178 (98%) running_loss=0.7760
2026-09-29 19:33:22,120 INFO train epoch 30/200 batch 178/178 (100%) running_loss=0.7752
2026-09-29 19:33:28,673 INFO epoch 30/200 done: train_loss=0.7752 val_loss=0.4650 val_accuracy=0.8585 val_macro_f1=0.8296 val_macro_auc=0.9815 (checkpoint_metric=macro_auc) [new best]
2026-09-29 19:33:38,731 INFO train epoch 31/200 batch 35/178 (20%) running_loss=0.7679
2026-09-29 19:33:48,367 INFO train epoch 31/200 batch 70/178 (39%) running_loss=0.7712
2026-09-29 19:33:57,921 INFO train epoch 31/200 batch 105/178 (59%) running_loss=0.7669
2026-09-29 19:34:07,454 INFO train epoch 31/200 batch 140/178 (79%) running_loss=0.7672
2026-09-29 19:34:17,093 INFO train epoch 31/200 batch 175/178 (98%) running_loss=0.7645
2026-09-29 19:34:17,830 INFO train epoch 31/200 batch 178/178 (100%) running_loss=0.7650
2026-09-29 19:34:24,280 INFO epoch 31/200 done: train_loss=0.7650 val_loss=0.5559 val_accuracy=0.8015 val_macro_f1=0.6752 val_macro_auc=0.9692 (checkpoint_metric=macro_auc)
2026-09-29 19:34:34,268 INFO train epoch 32/200 batch 35/178 (20%) running_loss=0.7794
2026-09-29 19:34:43,815 INFO train epoch 32/200 batch 70/178 (39%) running_loss=0.7650
2026-09-29 19:34:53,351 INFO train epoch 32/200 batch 105/178 (59%) running_loss=0.7670
2026-09-29 19:35:02,875 INFO train epoch 32/200 batch 140/178 (79%) running_loss=0.7701
2026-09-29 19:35:12,418 INFO train epoch 32/200 batch 175/178 (98%) running_loss=0.7731
2026-09-29 19:35:13,159 INFO train epoch 32/200 batch 178/178 (100%) running_loss=0.7725
2026-09-29 19:35:19,617 INFO epoch 32/200 done: train_loss=0.7725 val_loss=0.5192 val_accuracy=0.8441 val_macro_f1=0.8135 val_macro_auc=0.9791 (checkpoint_metric=macro_auc)
2026-09-29 19:35:29,572 INFO train epoch 33/200 batch 35/178 (20%) running_loss=0.7692
2026-09-29 19:35:39,118 INFO train epoch 33/200 batch 70/178 (39%) running_loss=0.7734
2026-09-29 19:35:48,802 INFO train epoch 33/200 batch 105/178 (59%) running_loss=0.7696
2026-09-29 19:35:58,338 INFO train epoch 33/200 batch 140/178 (79%) running_loss=0.7659
2026-09-29 19:36:07,862 INFO train epoch 33/200 batch 175/178 (98%) running_loss=0.7632
2026-09-29 19:36:08,596 INFO train epoch 33/200 batch 178/178 (100%) running_loss=0.7634
2026-09-29 19:36:15,049 INFO epoch 33/200 done: train_loss=0.7634 val_loss=0.5055 val_accuracy=0.8462 val_macro_f1=0.8066 val_macro_auc=0.9768 (checkpoint_metric=macro_auc)
2026-09-29 19:36:24,962 INFO train epoch 34/200 batch 35/178 (20%) running_loss=0.7720
2026-09-29 19:36:34,494 INFO train epoch 34/200 batch 70/178 (39%) running_loss=0.7668
2026-09-29 19:36:44,052 INFO train epoch 34/200 batch 105/178 (59%) running_loss=0.7572
2026-09-29 19:36:53,598 INFO train epoch 34/200 batch 140/178 (79%) running_loss=0.7550
2026-09-29 19:37:03,147 INFO train epoch 34/200 batch 175/178 (98%) running_loss=0.7569
2026-09-29 19:37:03,887 INFO train epoch 34/200 batch 178/178 (100%) running_loss=0.7564
2026-09-29 19:37:10,336 INFO epoch 34/200 done: train_loss=0.7564 val_loss=0.6514 val_accuracy=0.7740 val_macro_f1=0.6927 val_macro_auc=0.9671 (checkpoint_metric=macro_auc)
2026-09-29 19:37:20,541 INFO train epoch 35/200 batch 35/178 (20%) running_loss=0.7379
2026-09-29 19:37:30,155 INFO train epoch 35/200 batch 70/178 (39%) running_loss=0.7433
2026-09-29 19:37:39,732 INFO train epoch 35/200 batch 105/178 (59%) running_loss=0.7544
2026-09-29 19:37:49,309 INFO train epoch 35/200 batch 140/178 (79%) running_loss=0.7562
2026-09-29 19:37:58,862 INFO train epoch 35/200 batch 175/178 (98%) running_loss=0.7554
2026-09-29 19:37:59,600 INFO train epoch 35/200 batch 178/178 (100%) running_loss=0.7555
2026-09-29 19:38:06,052 INFO epoch 35/200 done: train_loss=0.7555 val_loss=0.4453 val_accuracy=0.8681 val_macro_f1=0.8281 val_macro_auc=0.9793 (checkpoint_metric=macro_auc)
2026-09-29 19:38:16,095 INFO train epoch 36/200 batch 35/178 (20%) running_loss=0.7239
2026-09-29 19:38:25,867 INFO train epoch 36/200 batch 70/178 (39%) running_loss=0.7439
2026-09-29 19:38:35,484 INFO train epoch 36/200 batch 105/178 (59%) running_loss=0.7472
2026-09-29 19:38:45,077 INFO train epoch 36/200 batch 140/178 (79%) running_loss=0.7491
2026-09-29 19:38:54,669 INFO train epoch 36/200 batch 175/178 (98%) running_loss=0.7546
2026-09-29 19:38:55,411 INFO train epoch 36/200 batch 178/178 (100%) running_loss=0.7541
2026-09-29 19:39:01,864 INFO epoch 36/200 done: train_loss=0.7541 val_loss=0.4209 val_accuracy=0.8867 val_macro_f1=0.8726 val_macro_auc=0.9823 (checkpoint_metric=macro_auc)
2026-09-29 19:39:11,880 INFO train epoch 37/200 batch 35/178 (20%) running_loss=0.7399
2026-09-29 19:39:21,423 INFO train epoch 37/200 batch 70/178 (39%) running_loss=0.7474
2026-09-29 19:39:31,146 INFO train epoch 37/200 batch 105/178 (59%) running_loss=0.7480
2026-09-29 19:39:40,719 INFO train epoch 37/200 batch 140/178 (79%) running_loss=0.7451
2026-09-29 19:39:50,283 INFO train epoch 37/200 batch 175/178 (98%) running_loss=0.7469
2026-09-29 19:39:51,030 INFO train epoch 37/200 batch 178/178 (100%) running_loss=0.7478
2026-09-29 19:39:57,499 INFO epoch 37/200 done: train_loss=0.7478 val_loss=0.7219 val_accuracy=0.7527 val_macro_f1=0.7119 val_macro_auc=0.9687 (checkpoint_metric=macro_auc)
2026-09-29 19:40:07,533 INFO train epoch 38/200 batch 35/178 (20%) running_loss=0.7782
2026-09-29 19:40:17,143 INFO train epoch 38/200 batch 70/178 (39%) running_loss=0.7574
2026-09-29 19:40:26,727 INFO train epoch 38/200 batch 105/178 (59%) running_loss=0.7445
2026-09-29 19:40:36,482 INFO train epoch 38/200 batch 140/178 (79%) running_loss=0.7488
2026-09-29 19:40:46,058 INFO train epoch 38/200 batch 175/178 (98%) running_loss=0.7535
2026-09-29 19:40:46,798 INFO train epoch 38/200 batch 178/178 (100%) running_loss=0.7540
2026-09-29 19:40:53,242 INFO epoch 38/200 done: train_loss=0.7540 val_loss=0.5509 val_accuracy=0.8255 val_macro_f1=0.7373 val_macro_auc=0.9764 (checkpoint_metric=macro_auc)
2026-09-29 19:41:03,254 INFO train epoch 39/200 batch 35/178 (20%) running_loss=0.7413
2026-09-29 19:41:12,814 INFO train epoch 39/200 batch 70/178 (39%) running_loss=0.7402
2026-09-29 19:41:22,437 INFO train epoch 39/200 batch 105/178 (59%) running_loss=0.7369
2026-09-29 19:41:32,181 INFO train epoch 39/200 batch 140/178 (79%) running_loss=0.7383
2026-09-29 19:41:41,732 INFO train epoch 39/200 batch 175/178 (98%) running_loss=0.7327
2026-09-29 19:41:42,471 INFO train epoch 39/200 batch 178/178 (100%) running_loss=0.7314
2026-09-29 19:41:48,919 INFO epoch 39/200 done: train_loss=0.7314 val_loss=0.3713 val_accuracy=0.9032 val_macro_f1=0.8721 val_macro_auc=0.9843 (checkpoint_metric=macro_auc)
2026-09-29 19:41:58,993 INFO train epoch 40/200 batch 35/178 (20%) running_loss=0.7212
2026-09-29 19:42:08,587 INFO train epoch 40/200 batch 70/178 (39%) running_loss=0.7324
2026-09-29 19:42:18,197 INFO train epoch 40/200 batch 105/178 (59%) running_loss=0.7301
2026-09-29 19:42:27,929 INFO train epoch 40/200 batch 140/178 (79%) running_loss=0.7347
2026-09-29 19:42:37,521 INFO train epoch 40/200 batch 175/178 (98%) running_loss=0.7245
2026-09-29 19:42:38,263 INFO train epoch 40/200 batch 178/178 (100%) running_loss=0.7248
2026-09-29 19:42:44,814 INFO epoch 40/200 done: train_loss=0.7248 val_loss=0.3872 val_accuracy=0.8915 val_macro_f1=0.8580 val_macro_auc=0.9853 (checkpoint_metric=macro_auc) [new best]
2026-09-29 19:42:54,803 INFO train epoch 41/200 batch 35/178 (20%) running_loss=0.7057
2026-09-29 19:43:04,371 INFO train epoch 41/200 batch 70/178 (39%) running_loss=0.7169
2026-09-29 19:43:13,962 INFO train epoch 41/200 batch 105/178 (59%) running_loss=0.7162
2026-09-29 19:43:23,677 INFO train epoch 41/200 batch 140/178 (79%) running_loss=0.7145
2026-09-29 19:43:33,228 INFO train epoch 41/200 batch 175/178 (98%) running_loss=0.7160
2026-09-29 19:43:33,970 INFO train epoch 41/200 batch 178/178 (100%) running_loss=0.7145
2026-09-29 19:43:40,544 INFO epoch 41/200 done: train_loss=0.7145 val_loss=0.4620 val_accuracy=0.8812 val_macro_f1=0.8577 val_macro_auc=0.9847 (checkpoint_metric=macro_auc) [new best]
2026-09-29 19:43:50,616 INFO train epoch 42/200 batch 35/178 (20%) running_loss=0.7161
2026-09-29 19:44:00,214 INFO train epoch 42/200 batch 70/178 (39%) running_loss=0.7061
2026-09-29 19:44:09,792 INFO train epoch 42/200 batch 105/178 (59%) running_loss=0.7049
2026-09-29 19:44:19,382 INFO train epoch 42/200 batch 140/178 (79%) running_loss=0.7123
2026-09-29 19:44:29,030 INFO train epoch 42/200 batch 175/178 (98%) running_loss=0.7161
2026-09-29 19:44:29,768 INFO train epoch 42/200 batch 178/178 (100%) running_loss=0.7166
2026-09-29 19:44:36,211 INFO epoch 42/200 done: train_loss=0.7166 val_loss=0.4467 val_accuracy=0.8723 val_macro_f1=0.8476 val_macro_auc=0.9832 (checkpoint_metric=macro_auc)
2026-09-29 19:44:46,199 INFO train epoch 43/200 batch 35/178 (20%) running_loss=0.6908
2026-09-29 19:44:55,773 INFO train epoch 43/200 batch 70/178 (39%) running_loss=0.7043
2026-09-29 19:45:05,320 INFO train epoch 43/200 batch 105/178 (59%) running_loss=0.7129
2026-09-29 19:45:14,871 INFO train epoch 43/200 batch 140/178 (79%) running_loss=0.7180
2026-09-29 19:45:24,447 INFO train epoch 43/200 batch 175/178 (98%) running_loss=0.7095
2026-09-29 19:45:25,201 INFO train epoch 43/200 batch 178/178 (100%) running_loss=0.7088
2026-09-29 19:45:31,644 INFO epoch 43/200 done: train_loss=0.7088 val_loss=0.4442 val_accuracy=0.8716 val_macro_f1=0.8283 val_macro_auc=0.9843 (checkpoint_metric=macro_auc)
2026-09-29 19:45:41,665 INFO train epoch 44/200 batch 35/178 (20%) running_loss=0.7092
2026-09-29 19:45:51,226 INFO train epoch 44/200 batch 70/178 (39%) running_loss=0.6967
2026-09-29 19:46:00,899 INFO train epoch 44/200 batch 105/178 (59%) running_loss=0.7073
2026-09-29 19:46:10,460 INFO train epoch 44/200 batch 140/178 (79%) running_loss=0.7029
2026-09-29 19:46:19,977 INFO train epoch 44/200 batch 175/178 (98%) running_loss=0.7009
2026-09-29 19:46:20,718 INFO train epoch 44/200 batch 178/178 (100%) running_loss=0.7017
2026-09-29 19:46:27,168 INFO epoch 44/200 done: train_loss=0.7017 val_loss=0.3622 val_accuracy=0.9025 val_macro_f1=0.8802 val_macro_auc=0.9867 (checkpoint_metric=macro_auc)
2026-09-29 19:46:37,200 INFO train epoch 45/200 batch 35/178 (20%) running_loss=0.7207
2026-09-29 19:46:46,738 INFO train epoch 45/200 batch 70/178 (39%) running_loss=0.7266
2026-09-29 19:46:56,288 INFO train epoch 45/200 batch 105/178 (59%) running_loss=0.7241
2026-09-29 19:47:05,839 INFO train epoch 45/200 batch 140/178 (79%) running_loss=0.7202
2026-09-29 19:47:15,391 INFO train epoch 45/200 batch 175/178 (98%) running_loss=0.7152
2026-09-29 19:47:16,133 INFO train epoch 45/200 batch 178/178 (100%) running_loss=0.7151
2026-09-29 19:47:22,795 INFO epoch 45/200 done: train_loss=0.7151 val_loss=0.3309 val_accuracy=0.9190 val_macro_f1=0.9006 val_macro_auc=0.9885 (checkpoint_metric=macro_auc) [new best]
2026-09-29 19:47:32,793 INFO train epoch 46/200 batch 35/178 (20%) running_loss=0.7309
2026-09-29 19:47:42,350 INFO train epoch 46/200 batch 70/178 (39%) running_loss=0.7086
2026-09-29 19:47:51,886 INFO train epoch 46/200 batch 105/178 (59%) running_loss=0.6974
2026-09-29 19:48:01,459 INFO train epoch 46/200 batch 140/178 (79%) running_loss=0.6966
2026-09-29 19:48:11,163 INFO train epoch 46/200 batch 175/178 (98%) running_loss=0.6981
2026-09-29 19:48:11,898 INFO train epoch 46/200 batch 178/178 (100%) running_loss=0.6968
2026-09-29 19:48:18,445 INFO epoch 46/200 done: train_loss=0.6968 val_loss=0.4058 val_accuracy=0.8860 val_macro_f1=0.8553 val_macro_auc=0.9846 (checkpoint_metric=macro_auc) [new best]
2026-09-29 19:48:28,429 INFO train epoch 47/200 batch 35/178 (20%) running_loss=0.6760
2026-09-29 19:48:37,962 INFO train epoch 47/200 batch 70/178 (39%) running_loss=0.6861
2026-09-29 19:48:47,502 INFO train epoch 47/200 batch 105/178 (59%) running_loss=0.6976
2026-09-29 19:48:57,194 INFO train epoch 47/200 batch 140/178 (79%) running_loss=0.7048
2026-09-29 19:49:06,790 INFO train epoch 47/200 batch 175/178 (98%) running_loss=0.7021
2026-09-29 19:49:07,528 INFO train epoch 47/200 batch 178/178 (100%) running_loss=0.7026
2026-09-29 19:49:13,972 INFO epoch 47/200 done: train_loss=0.7026 val_loss=0.4795 val_accuracy=0.8434 val_macro_f1=0.7741 val_macro_auc=0.9795 (checkpoint_metric=macro_auc)
2026-09-29 19:49:24,006 INFO train epoch 48/200 batch 35/178 (20%) running_loss=0.6773
2026-09-29 19:49:33,583 INFO train epoch 48/200 batch 70/178 (39%) running_loss=0.6799
2026-09-29 19:49:43,142 INFO train epoch 48/200 batch 105/178 (59%) running_loss=0.6883
2026-09-29 19:49:52,870 INFO train epoch 48/200 batch 140/178 (79%) running_loss=0.6918
2026-09-29 19:50:02,428 INFO train epoch 48/200 batch 175/178 (98%) running_loss=0.7001
2026-09-29 19:50:03,168 INFO train epoch 48/200 batch 178/178 (100%) running_loss=0.7001
2026-09-29 19:50:09,610 INFO epoch 48/200 done: train_loss=0.7001 val_loss=0.3921 val_accuracy=0.9018 val_macro_f1=0.8800 val_macro_auc=0.9905 (checkpoint_metric=macro_auc)
2026-09-29 19:50:19,644 INFO train epoch 49/200 batch 35/178 (20%) running_loss=0.6767
2026-09-29 19:50:29,212 INFO train epoch 49/200 batch 70/178 (39%) running_loss=0.6839
2026-09-29 19:50:38,930 INFO train epoch 49/200 batch 105/178 (59%) running_loss=0.6934
2026-09-29 19:50:48,511 INFO train epoch 49/200 batch 140/178 (79%) running_loss=0.6944
2026-09-29 19:50:58,108 INFO train epoch 49/200 batch 175/178 (98%) running_loss=0.6966
2026-09-29 19:50:58,852 INFO train epoch 49/200 batch 178/178 (100%) running_loss=0.6964
2026-09-29 19:51:05,300 INFO epoch 49/200 done: train_loss=0.6964 val_loss=0.4340 val_accuracy=0.8771 val_macro_f1=0.8499 val_macro_auc=0.9822 (checkpoint_metric=macro_auc)
2026-09-29 19:51:15,341 INFO train epoch 50/200 batch 35/178 (20%) running_loss=0.6715
2026-09-29 19:51:25,053 INFO train epoch 50/200 batch 70/178 (39%) running_loss=0.6875
2026-09-29 19:51:34,598 INFO train epoch 50/200 batch 105/178 (59%) running_loss=0.6939
2026-09-29 19:51:44,140 INFO train epoch 50/200 batch 140/178 (79%) running_loss=0.6904
2026-09-29 19:51:53,793 INFO train epoch 50/200 batch 175/178 (98%) running_loss=0.6919
2026-09-29 19:51:54,548 INFO train epoch 50/200 batch 178/178 (100%) running_loss=0.6922
2026-09-29 19:52:01,098 INFO epoch 50/200 done: train_loss=0.6922 val_loss=0.3555 val_accuracy=0.9073 val_macro_f1=0.8758 val_macro_auc=0.9891 (checkpoint_metric=macro_auc) [new best]
2026-09-29 19:52:11,098 INFO train epoch 51/200 batch 35/178 (20%) running_loss=0.6853
2026-09-29 19:52:20,751 INFO train epoch 51/200 batch 70/178 (39%) running_loss=0.6938
2026-09-29 19:52:30,359 INFO train epoch 51/200 batch 105/178 (59%) running_loss=0.6889
2026-09-29 19:52:39,976 INFO train epoch 51/200 batch 140/178 (79%) running_loss=0.6891
2026-09-29 19:52:49,586 INFO train epoch 51/200 batch 175/178 (98%) running_loss=0.6867
2026-09-29 19:52:50,342 INFO train epoch 51/200 batch 178/178 (100%) running_loss=0.6870
2026-09-29 19:52:56,804 INFO epoch 51/200 done: train_loss=0.6870 val_loss=0.3227 val_accuracy=0.9196 val_macro_f1=0.9048 val_macro_auc=0.9901 (checkpoint_metric=macro_auc)
2026-09-29 19:53:06,905 INFO train epoch 52/200 batch 35/178 (20%) running_loss=0.6755
2026-09-29 19:53:16,540 INFO train epoch 52/200 batch 70/178 (39%) running_loss=0.6745
2026-09-29 19:53:26,230 INFO train epoch 52/200 batch 105/178 (59%) running_loss=0.6738
2026-09-29 19:53:35,809 INFO train epoch 52/200 batch 140/178 (79%) running_loss=0.6838
2026-09-29 19:53:45,394 INFO train epoch 52/200 batch 175/178 (98%) running_loss=0.6875
2026-09-29 19:53:46,136 INFO train epoch 52/200 batch 178/178 (100%) running_loss=0.6885
2026-09-29 19:53:52,699 INFO epoch 52/200 done: train_loss=0.6885 val_loss=0.3018 val_accuracy=0.9286 val_macro_f1=0.9134 val_macro_auc=0.9902 (checkpoint_metric=macro_auc) [new best]
2026-09-29 19:54:02,758 INFO train epoch 53/200 batch 35/178 (20%) running_loss=0.6755
2026-09-29 19:54:12,370 INFO train epoch 53/200 batch 70/178 (39%) running_loss=0.6674
2026-09-29 19:54:22,050 INFO train epoch 53/200 batch 105/178 (59%) running_loss=0.6744
2026-09-29 19:54:31,622 INFO train epoch 53/200 batch 140/178 (79%) running_loss=0.6866
2026-09-29 19:54:41,260 INFO train epoch 53/200 batch 175/178 (98%) running_loss=0.6803
2026-09-29 19:54:42,007 INFO train epoch 53/200 batch 178/178 (100%) running_loss=0.6806
2026-09-29 19:54:48,455 INFO epoch 53/200 done: train_loss=0.6806 val_loss=0.3998 val_accuracy=0.8832 val_macro_f1=0.8473 val_macro_auc=0.9860 (checkpoint_metric=macro_auc)
2026-09-29 19:54:58,447 INFO train epoch 54/200 batch 35/178 (20%) running_loss=0.6660
2026-09-29 19:55:07,986 INFO train epoch 54/200 batch 70/178 (39%) running_loss=0.6717
2026-09-29 19:55:17,520 INFO train epoch 54/200 batch 105/178 (59%) running_loss=0.6786
2026-09-29 19:55:27,045 INFO train epoch 54/200 batch 140/178 (79%) running_loss=0.6852
2026-09-29 19:55:36,570 INFO train epoch 54/200 batch 175/178 (98%) running_loss=0.6812
2026-09-29 19:55:37,308 INFO train epoch 54/200 batch 178/178 (100%) running_loss=0.6813
2026-09-29 19:55:43,752 INFO epoch 54/200 done: train_loss=0.6813 val_loss=0.3333 val_accuracy=0.9080 val_macro_f1=0.8851 val_macro_auc=0.9861 (checkpoint_metric=macro_auc)
2026-09-29 19:55:53,853 INFO train epoch 55/200 batch 35/178 (20%) running_loss=0.6854
2026-09-29 19:56:03,403 INFO train epoch 55/200 batch 70/178 (39%) running_loss=0.6827
2026-09-29 19:56:13,001 INFO train epoch 55/200 batch 105/178 (59%) running_loss=0.6843
2026-09-29 19:56:22,578 INFO train epoch 55/200 batch 140/178 (79%) running_loss=0.6865
2026-09-29 19:56:32,160 INFO train epoch 55/200 batch 175/178 (98%) running_loss=0.6844
2026-09-29 19:56:32,903 INFO train epoch 55/200 batch 178/178 (100%) running_loss=0.6837
2026-09-29 19:56:39,361 INFO epoch 55/200 done: train_loss=0.6837 val_loss=0.3048 val_accuracy=0.9293 val_macro_f1=0.9188 val_macro_auc=0.9898 (checkpoint_metric=macro_auc)
2026-09-29 19:56:49,369 INFO train epoch 56/200 batch 35/178 (20%) running_loss=0.6857
2026-09-29 19:56:58,966 INFO train epoch 56/200 batch 70/178 (39%) running_loss=0.6871
2026-09-29 19:57:08,698 INFO train epoch 56/200 batch 105/178 (59%) running_loss=0.6835
2026-09-29 19:57:18,267 INFO train epoch 56/200 batch 140/178 (79%) running_loss=0.6782
2026-09-29 19:57:27,822 INFO train epoch 56/200 batch 175/178 (98%) running_loss=0.6759
2026-09-29 19:57:28,561 INFO train epoch 56/200 batch 178/178 (100%) running_loss=0.6758
2026-09-29 19:57:35,003 INFO epoch 56/200 done: train_loss=0.6758 val_loss=0.6744 val_accuracy=0.7864 val_macro_f1=0.7840 val_macro_auc=0.9803 (checkpoint_metric=macro_auc)
2026-09-29 19:57:44,980 INFO train epoch 57/200 batch 35/178 (20%) running_loss=0.6799
2026-09-29 19:57:54,521 INFO train epoch 57/200 batch 70/178 (39%) running_loss=0.6681
2026-09-29 19:58:04,221 INFO train epoch 57/200 batch 105/178 (59%) running_loss=0.6709
2026-09-29 19:58:13,735 INFO train epoch 57/200 batch 140/178 (79%) running_loss=0.6678
2026-09-29 19:58:23,228 INFO train epoch 57/200 batch 175/178 (98%) running_loss=0.6678
2026-09-29 19:58:23,967 INFO train epoch 57/200 batch 178/178 (100%) running_loss=0.6686
2026-09-29 19:58:30,423 INFO epoch 57/200 done: train_loss=0.6686 val_loss=0.3532 val_accuracy=0.9093 val_macro_f1=0.8942 val_macro_auc=0.9880 (checkpoint_metric=macro_auc)
2026-09-29 19:58:40,363 INFO train epoch 58/200 batch 35/178 (20%) running_loss=0.6634
2026-09-29 19:58:49,958 INFO train epoch 58/200 batch 70/178 (39%) running_loss=0.6638
2026-09-29 19:58:59,539 INFO train epoch 58/200 batch 105/178 (59%) running_loss=0.6654
2026-09-29 19:59:09,115 INFO train epoch 58/200 batch 140/178 (79%) running_loss=0.6679
2026-09-29 19:59:18,700 INFO train epoch 58/200 batch 175/178 (98%) running_loss=0.6691
2026-09-29 19:59:19,435 INFO train epoch 58/200 batch 178/178 (100%) running_loss=0.6686
2026-09-29 19:59:25,879 INFO epoch 58/200 done: train_loss=0.6686 val_loss=0.3289 val_accuracy=0.9128 val_macro_f1=0.8895 val_macro_auc=0.9883 (checkpoint_metric=macro_auc)
2026-09-29 19:59:35,880 INFO train epoch 59/200 batch 35/178 (20%) running_loss=0.6683
2026-09-29 19:59:45,457 INFO train epoch 59/200 batch 70/178 (39%) running_loss=0.6591
2026-09-29 19:59:54,994 INFO train epoch 59/200 batch 105/178 (59%) running_loss=0.6618
2026-09-29 20:00:04,537 INFO train epoch 59/200 batch 140/178 (79%) running_loss=0.6641
2026-09-29 20:00:14,052 INFO train epoch 59/200 batch 175/178 (98%) running_loss=0.6655
2026-09-29 20:00:14,794 INFO train epoch 59/200 batch 178/178 (100%) running_loss=0.6653
2026-09-29 20:00:21,229 INFO epoch 59/200 done: train_loss=0.6653 val_loss=0.3517 val_accuracy=0.9141 val_macro_f1=0.9047 val_macro_auc=0.9890 (checkpoint_metric=macro_auc)
2026-09-29 20:00:31,236 INFO train epoch 60/200 batch 35/178 (20%) running_loss=0.6774
2026-09-29 20:00:40,943 INFO train epoch 60/200 batch 70/178 (39%) running_loss=0.6760
2026-09-29 20:00:50,518 INFO train epoch 60/200 batch 105/178 (59%) running_loss=0.6727
2026-09-29 20:01:00,106 INFO train epoch 60/200 batch 140/178 (79%) running_loss=0.6671
2026-09-29 20:01:09,718 INFO train epoch 60/200 batch 175/178 (98%) running_loss=0.6686
2026-09-29 20:01:10,460 INFO train epoch 60/200 batch 178/178 (100%) running_loss=0.6688
2026-09-29 20:01:16,903 INFO epoch 60/200 done: train_loss=0.6688 val_loss=0.2989 val_accuracy=0.9238 val_macro_f1=0.9095 val_macro_auc=0.9888 (checkpoint_metric=macro_auc)
2026-09-29 20:01:26,889 INFO train epoch 61/200 batch 35/178 (20%) running_loss=0.6420
2026-09-29 20:01:36,444 INFO train epoch 61/200 batch 70/178 (39%) running_loss=0.6437
2026-09-29 20:01:46,134 INFO train epoch 61/200 batch 105/178 (59%) running_loss=0.6534
2026-09-29 20:01:55,766 INFO train epoch 61/200 batch 140/178 (79%) running_loss=0.6670
2026-09-29 20:02:05,310 INFO train epoch 61/200 batch 175/178 (98%) running_loss=0.6599
2026-09-29 20:02:06,052 INFO train epoch 61/200 batch 178/178 (100%) running_loss=0.6594
2026-09-29 20:02:12,501 INFO epoch 61/200 done: train_loss=0.6594 val_loss=0.3558 val_accuracy=0.9018 val_macro_f1=0.8813 val_macro_auc=0.9864 (checkpoint_metric=macro_auc)
2026-09-29 20:02:22,474 INFO train epoch 62/200 batch 35/178 (20%) running_loss=0.6741
2026-09-29 20:02:31,984 INFO train epoch 62/200 batch 70/178 (39%) running_loss=0.6711
2026-09-29 20:02:41,469 INFO train epoch 62/200 batch 105/178 (59%) running_loss=0.6611
2026-09-29 20:02:51,112 INFO train epoch 62/200 batch 140/178 (79%) running_loss=0.6625
2026-09-29 20:03:00,622 INFO train epoch 62/200 batch 175/178 (98%) running_loss=0.6644
2026-09-29 20:03:01,359 INFO train epoch 62/200 batch 178/178 (100%) running_loss=0.6637
2026-09-29 20:03:07,811 INFO epoch 62/200 done: train_loss=0.6637 val_loss=0.3904 val_accuracy=0.8915 val_macro_f1=0.8744 val_macro_auc=0.9852 (checkpoint_metric=macro_auc)
2026-09-29 20:03:17,824 INFO train epoch 63/200 batch 35/178 (20%) running_loss=0.6807
2026-09-29 20:03:27,386 INFO train epoch 63/200 batch 70/178 (39%) running_loss=0.6694
2026-09-29 20:03:36,973 INFO train epoch 63/200 batch 105/178 (59%) running_loss=0.6626
2026-09-29 20:03:46,709 INFO train epoch 63/200 batch 140/178 (79%) running_loss=0.6567
2026-09-29 20:03:56,245 INFO train epoch 63/200 batch 175/178 (98%) running_loss=0.6629
2026-09-29 20:03:56,981 INFO train epoch 63/200 batch 178/178 (100%) running_loss=0.6633
2026-09-29 20:04:03,424 INFO epoch 63/200 done: train_loss=0.6633 val_loss=0.3504 val_accuracy=0.9121 val_macro_f1=0.9020 val_macro_auc=0.9889 (checkpoint_metric=macro_auc)
2026-09-29 20:04:13,433 INFO train epoch 64/200 batch 35/178 (20%) running_loss=0.6646
2026-09-29 20:04:22,962 INFO train epoch 64/200 batch 70/178 (39%) running_loss=0.6633
2026-09-29 20:04:32,507 INFO train epoch 64/200 batch 105/178 (59%) running_loss=0.6681
2026-09-29 20:04:42,197 INFO train epoch 64/200 batch 140/178 (79%) running_loss=0.6578
2026-09-29 20:04:51,709 INFO train epoch 64/200 batch 175/178 (98%) running_loss=0.6597
2026-09-29 20:04:52,450 INFO train epoch 64/200 batch 178/178 (100%) running_loss=0.6595
2026-09-29 20:04:58,906 INFO epoch 64/200 done: train_loss=0.6595 val_loss=0.3235 val_accuracy=0.9169 val_macro_f1=0.8980 val_macro_auc=0.9887 (checkpoint_metric=macro_auc)
2026-09-29 20:05:08,931 INFO train epoch 65/200 batch 35/178 (20%) running_loss=0.6469
2026-09-29 20:05:18,502 INFO train epoch 65/200 batch 70/178 (39%) running_loss=0.6444
2026-09-29 20:05:28,064 INFO train epoch 65/200 batch 105/178 (59%) running_loss=0.6463
2026-09-29 20:05:37,767 INFO train epoch 65/200 batch 140/178 (79%) running_loss=0.6443
2026-09-29 20:05:47,305 INFO train epoch 65/200 batch 175/178 (98%) running_loss=0.6501
2026-09-29 20:05:48,043 INFO train epoch 65/200 batch 178/178 (100%) running_loss=0.6514
2026-09-29 20:05:54,476 INFO epoch 65/200 done: train_loss=0.6514 val_loss=0.3513 val_accuracy=0.9080 val_macro_f1=0.8917 val_macro_auc=0.9889 (checkpoint_metric=macro_auc)
2026-09-29 20:06:04,470 INFO train epoch 66/200 batch 35/178 (20%) running_loss=0.6340
2026-09-29 20:06:14,063 INFO train epoch 66/200 batch 70/178 (39%) running_loss=0.6424
2026-09-29 20:06:23,639 INFO train epoch 66/200 batch 105/178 (59%) running_loss=0.6512
2026-09-29 20:06:33,213 INFO train epoch 66/200 batch 140/178 (79%) running_loss=0.6464
2026-09-29 20:06:42,895 INFO train epoch 66/200 batch 175/178 (98%) running_loss=0.6478
2026-09-29 20:06:43,635 INFO train epoch 66/200 batch 178/178 (100%) running_loss=0.6481
2026-09-29 20:06:50,191 INFO epoch 66/200 done: train_loss=0.6481 val_loss=0.2753 val_accuracy=0.9286 val_macro_f1=0.9131 val_macro_auc=0.9924 (checkpoint_metric=macro_auc) [new best]
2026-09-29 20:07:00,165 INFO train epoch 67/200 batch 35/178 (20%) running_loss=0.6781
2026-09-29 20:07:09,709 INFO train epoch 67/200 batch 70/178 (39%) running_loss=0.6632
2026-09-29 20:07:19,252 INFO train epoch 67/200 batch 105/178 (59%) running_loss=0.6627
2026-09-29 20:07:28,948 INFO train epoch 67/200 batch 140/178 (79%) running_loss=0.6622
2026-09-29 20:07:38,440 INFO train epoch 67/200 batch 175/178 (98%) running_loss=0.6601
2026-09-29 20:07:39,173 INFO train epoch 67/200 batch 178/178 (100%) running_loss=0.6603
2026-09-29 20:07:45,729 INFO epoch 67/200 done: train_loss=0.6603 val_loss=0.3082 val_accuracy=0.9293 val_macro_f1=0.9101 val_macro_auc=0.9906 (checkpoint_metric=macro_auc) [new best]
2026-09-29 20:07:55,768 INFO train epoch 68/200 batch 35/178 (20%) running_loss=0.6492
2026-09-29 20:08:05,367 INFO train epoch 68/200 batch 70/178 (39%) running_loss=0.6499
2026-09-29 20:08:14,947 INFO train epoch 68/200 batch 105/178 (59%) running_loss=0.6452
2026-09-29 20:08:24,677 INFO train epoch 68/200 batch 140/178 (79%) running_loss=0.6482
2026-09-29 20:08:34,215 INFO train epoch 68/200 batch 175/178 (98%) running_loss=0.6499
2026-09-29 20:08:34,953 INFO train epoch 68/200 batch 178/178 (100%) running_loss=0.6498
2026-09-29 20:08:41,394 INFO epoch 68/200 done: train_loss=0.6498 val_loss=0.3378 val_accuracy=0.9100 val_macro_f1=0.8996 val_macro_auc=0.9889 (checkpoint_metric=macro_auc)
2026-09-29 20:08:51,418 INFO train epoch 69/200 batch 35/178 (20%) running_loss=0.6402
2026-09-29 20:09:01,042 INFO train epoch 69/200 batch 70/178 (39%) running_loss=0.6510
2026-09-29 20:09:10,738 INFO train epoch 69/200 batch 105/178 (59%) running_loss=0.6440
2026-09-29 20:09:20,274 INFO train epoch 69/200 batch 140/178 (79%) running_loss=0.6408
2026-09-29 20:09:29,866 INFO train epoch 69/200 batch 175/178 (98%) running_loss=0.6435
2026-09-29 20:09:30,613 INFO train epoch 69/200 batch 178/178 (100%) running_loss=0.6433
2026-09-29 20:09:37,052 INFO epoch 69/200 done: train_loss=0.6433 val_loss=0.3457 val_accuracy=0.9245 val_macro_f1=0.9068 val_macro_auc=0.9904 (checkpoint_metric=macro_auc)
2026-09-29 20:09:47,046 INFO train epoch 70/200 batch 35/178 (20%) running_loss=0.6568
2026-09-29 20:09:56,586 INFO train epoch 70/200 batch 70/178 (39%) running_loss=0.6460
2026-09-29 20:10:06,300 INFO train epoch 70/200 batch 105/178 (59%) running_loss=0.6478
2026-09-29 20:10:15,819 INFO train epoch 70/200 batch 140/178 (79%) running_loss=0.6379
2026-09-29 20:10:25,322 INFO train epoch 70/200 batch 175/178 (98%) running_loss=0.6382
2026-09-29 20:10:26,059 INFO train epoch 70/200 batch 178/178 (100%) running_loss=0.6378
2026-09-29 20:10:32,494 INFO epoch 70/200 done: train_loss=0.6378 val_loss=0.3869 val_accuracy=0.8949 val_macro_f1=0.8543 val_macro_auc=0.9846 (checkpoint_metric=macro_auc)
2026-09-29 20:10:42,441 INFO train epoch 71/200 batch 35/178 (20%) running_loss=0.6352
2026-09-29 20:10:52,105 INFO train epoch 71/200 batch 70/178 (39%) running_loss=0.6372
2026-09-29 20:11:01,599 INFO train epoch 71/200 batch 105/178 (59%) running_loss=0.6435
2026-09-29 20:11:11,094 INFO train epoch 71/200 batch 140/178 (79%) running_loss=0.6471
2026-09-29 20:11:20,598 INFO train epoch 71/200 batch 175/178 (98%) running_loss=0.6452
2026-09-29 20:11:21,331 INFO train epoch 71/200 batch 178/178 (100%) running_loss=0.6463
2026-09-29 20:11:27,784 INFO epoch 71/200 done: train_loss=0.6463 val_loss=0.3354 val_accuracy=0.9107 val_macro_f1=0.8935 val_macro_auc=0.9878 (checkpoint_metric=macro_auc)
2026-09-29 20:11:37,923 INFO train epoch 72/200 batch 35/178 (20%) running_loss=0.6207
2026-09-29 20:11:47,456 INFO train epoch 72/200 batch 70/178 (39%) running_loss=0.6179
2026-09-29 20:11:57,074 INFO train epoch 72/200 batch 105/178 (59%) running_loss=0.6249
2026-09-29 20:12:06,660 INFO train epoch 72/200 batch 140/178 (79%) running_loss=0.6286
2026-09-29 20:12:16,205 INFO train epoch 72/200 batch 175/178 (98%) running_loss=0.6277
2026-09-29 20:12:16,944 INFO train epoch 72/200 batch 178/178 (100%) running_loss=0.6288
2026-09-29 20:12:23,386 INFO epoch 72/200 done: train_loss=0.6288 val_loss=0.3015 val_accuracy=0.9148 val_macro_f1=0.9054 val_macro_auc=0.9898 (checkpoint_metric=macro_auc)
2026-09-29 20:12:33,550 INFO train epoch 73/200 batch 35/178 (20%) running_loss=0.6494
2026-09-29 20:12:43,132 INFO train epoch 73/200 batch 70/178 (39%) running_loss=0.6352
2026-09-29 20:12:52,706 INFO train epoch 73/200 batch 105/178 (59%) running_loss=0.6349
2026-09-29 20:13:02,263 INFO train epoch 73/200 batch 140/178 (79%) running_loss=0.6444
2026-09-29 20:13:11,805 INFO train epoch 73/200 batch 175/178 (98%) running_loss=0.6473
2026-09-29 20:13:12,544 INFO train epoch 73/200 batch 178/178 (100%) running_loss=0.6471
2026-09-29 20:13:18,992 INFO epoch 73/200 done: train_loss=0.6471 val_loss=0.3226 val_accuracy=0.9100 val_macro_f1=0.8953 val_macro_auc=0.9875 (checkpoint_metric=macro_auc)
2026-09-29 20:13:29,142 INFO train epoch 74/200 batch 35/178 (20%) running_loss=0.6639
2026-09-29 20:13:38,716 INFO train epoch 74/200 batch 70/178 (39%) running_loss=0.6471
2026-09-29 20:13:48,267 INFO train epoch 74/200 batch 105/178 (59%) running_loss=0.6442
2026-09-29 20:13:57,795 INFO train epoch 74/200 batch 140/178 (79%) running_loss=0.6408
2026-09-29 20:14:07,330 INFO train epoch 74/200 batch 175/178 (98%) running_loss=0.6387
2026-09-29 20:14:08,069 INFO train epoch 74/200 batch 178/178 (100%) running_loss=0.6385
2026-09-29 20:14:14,514 INFO epoch 74/200 done: train_loss=0.6385 val_loss=0.3365 val_accuracy=0.9231 val_macro_f1=0.9149 val_macro_auc=0.9887 (checkpoint_metric=macro_auc)
2026-09-29 20:14:24,427 INFO train epoch 75/200 batch 35/178 (20%) running_loss=0.6308
2026-09-29 20:14:34,148 INFO train epoch 75/200 batch 70/178 (39%) running_loss=0.6299
2026-09-29 20:14:43,680 INFO train epoch 75/200 batch 105/178 (59%) running_loss=0.6316
2026-09-29 20:14:53,147 INFO train epoch 75/200 batch 140/178 (79%) running_loss=0.6283
2026-09-29 20:15:02,624 INFO train epoch 75/200 batch 175/178 (98%) running_loss=0.6295
2026-09-29 20:15:03,363 INFO train epoch 75/200 batch 178/178 (100%) running_loss=0.6283
2026-09-29 20:15:09,804 INFO epoch 75/200 done: train_loss=0.6283 val_loss=0.2915 val_accuracy=0.9320 val_macro_f1=0.9230 val_macro_auc=0.9899 (checkpoint_metric=macro_auc)
2026-09-29 20:15:19,804 INFO train epoch 76/200 batch 35/178 (20%) running_loss=0.6359
2026-09-29 20:15:29,345 INFO train epoch 76/200 batch 70/178 (39%) running_loss=0.6340
2026-09-29 20:15:39,097 INFO train epoch 76/200 batch 105/178 (59%) running_loss=0.6279
2026-09-29 20:15:48,673 INFO train epoch 76/200 batch 140/178 (79%) running_loss=0.6271
2026-09-29 20:15:58,253 INFO train epoch 76/200 batch 175/178 (98%) running_loss=0.6295
2026-09-29 20:15:58,999 INFO train epoch 76/200 batch 178/178 (100%) running_loss=0.6300
2026-09-29 20:16:05,446 INFO epoch 76/200 done: train_loss=0.6300 val_loss=0.3289 val_accuracy=0.9128 val_macro_f1=0.8858 val_macro_auc=0.9891 (checkpoint_metric=macro_auc)
2026-09-29 20:16:15,503 INFO train epoch 77/200 batch 35/178 (20%) running_loss=0.6228
2026-09-29 20:16:25,099 INFO train epoch 77/200 batch 70/178 (39%) running_loss=0.6194
2026-09-29 20:16:34,711 INFO train epoch 77/200 batch 105/178 (59%) running_loss=0.6294
2026-09-29 20:16:44,445 INFO train epoch 77/200 batch 140/178 (79%) running_loss=0.6288
2026-09-29 20:16:54,028 INFO train epoch 77/200 batch 175/178 (98%) running_loss=0.6266
2026-09-29 20:16:54,766 INFO train epoch 77/200 batch 178/178 (100%) running_loss=0.6261
2026-09-29 20:17:01,236 INFO epoch 77/200 done: train_loss=0.6261 val_loss=0.2948 val_accuracy=0.9327 val_macro_f1=0.9267 val_macro_auc=0.9914 (checkpoint_metric=macro_auc)
2026-09-29 20:17:11,227 INFO train epoch 78/200 batch 35/178 (20%) running_loss=0.6086
2026-09-29 20:17:20,777 INFO train epoch 78/200 batch 70/178 (39%) running_loss=0.6155
2026-09-29 20:17:30,296 INFO train epoch 78/200 batch 105/178 (59%) running_loss=0.6156
2026-09-29 20:17:39,985 INFO train epoch 78/200 batch 140/178 (79%) running_loss=0.6207
2026-09-29 20:17:49,516 INFO train epoch 78/200 batch 175/178 (98%) running_loss=0.6237
2026-09-29 20:17:50,254 INFO train epoch 78/200 batch 178/178 (100%) running_loss=0.6227
2026-09-29 20:17:56,716 INFO epoch 78/200 done: train_loss=0.6227 val_loss=0.3097 val_accuracy=0.9299 val_macro_f1=0.9130 val_macro_auc=0.9896 (checkpoint_metric=macro_auc)
2026-09-29 20:18:06,705 INFO train epoch 79/200 batch 35/178 (20%) running_loss=0.6080
2026-09-29 20:18:16,242 INFO train epoch 79/200 batch 70/178 (39%) running_loss=0.6215
2026-09-29 20:18:25,764 INFO train epoch 79/200 batch 105/178 (59%) running_loss=0.6204
2026-09-29 20:18:35,476 INFO train epoch 79/200 batch 140/178 (79%) running_loss=0.6196
2026-09-29 20:18:45,016 INFO train epoch 79/200 batch 175/178 (98%) running_loss=0.6222
2026-09-29 20:18:45,759 INFO train epoch 79/200 batch 178/178 (100%) running_loss=0.6224
2026-09-29 20:18:52,210 INFO epoch 79/200 done: train_loss=0.6224 val_loss=0.2963 val_accuracy=0.9238 val_macro_f1=0.9021 val_macro_auc=0.9895 (checkpoint_metric=macro_auc)
2026-09-29 20:19:02,161 INFO train epoch 80/200 batch 35/178 (20%) running_loss=0.6507
2026-09-29 20:19:11,676 INFO train epoch 80/200 batch 70/178 (39%) running_loss=0.6331
2026-09-29 20:19:21,399 INFO train epoch 80/200 batch 105/178 (59%) running_loss=0.6359
2026-09-29 20:19:31,538 INFO train epoch 80/200 batch 140/178 (79%) running_loss=0.6361
2026-09-29 20:19:41,233 INFO train epoch 80/200 batch 175/178 (98%) running_loss=0.6346
2026-09-29 20:19:41,987 INFO train epoch 80/200 batch 178/178 (100%) running_loss=0.6338
2026-09-29 20:19:48,459 INFO epoch 80/200 done: train_loss=0.6338 val_loss=0.2789 val_accuracy=0.9293 val_macro_f1=0.9238 val_macro_auc=0.9895 (checkpoint_metric=macro_auc)
2026-09-29 20:19:58,554 INFO train epoch 81/200 batch 35/178 (20%) running_loss=0.6286
2026-09-29 20:20:08,181 INFO train epoch 81/200 batch 70/178 (39%) running_loss=0.6242
2026-09-29 20:20:17,816 INFO train epoch 81/200 batch 105/178 (59%) running_loss=0.6312
2026-09-29 20:20:27,612 INFO train epoch 81/200 batch 140/178 (79%) running_loss=0.6339
2026-09-29 20:20:37,212 INFO train epoch 81/200 batch 175/178 (98%) running_loss=0.6266
2026-09-29 20:20:37,959 INFO train epoch 81/200 batch 178/178 (100%) running_loss=0.6263
2026-09-29 20:20:44,423 INFO epoch 81/200 done: train_loss=0.6263 val_loss=0.2898 val_accuracy=0.9361 val_macro_f1=0.9295 val_macro_auc=0.9915 (checkpoint_metric=macro_auc)
2026-09-29 20:20:54,526 INFO train epoch 82/200 batch 35/178 (20%) running_loss=0.6118
2026-09-29 20:21:04,179 INFO train epoch 82/200 batch 70/178 (39%) running_loss=0.6338
2026-09-29 20:21:13,782 INFO train epoch 82/200 batch 105/178 (59%) running_loss=0.6261
2026-09-29 20:21:23,546 INFO train epoch 82/200 batch 140/178 (79%) running_loss=0.6221
2026-09-29 20:21:33,164 INFO train epoch 82/200 batch 175/178 (98%) running_loss=0.6209
2026-09-29 20:21:33,913 INFO train epoch 82/200 batch 178/178 (100%) running_loss=0.6212
2026-09-29 20:21:40,475 INFO epoch 82/200 done: train_loss=0.6212 val_loss=0.3046 val_accuracy=0.9265 val_macro_f1=0.9146 val_macro_auc=0.9911 (checkpoint_metric=macro_auc) [new best]
2026-09-29 20:21:50,668 INFO train epoch 83/200 batch 35/178 (20%) running_loss=0.6128
2026-09-29 20:22:00,315 INFO train epoch 83/200 batch 70/178 (39%) running_loss=0.6187
2026-09-29 20:22:09,930 INFO train epoch 83/200 batch 105/178 (59%) running_loss=0.6253
2026-09-29 20:22:19,725 INFO train epoch 83/200 batch 140/178 (79%) running_loss=0.6220
2026-09-29 20:22:29,349 INFO train epoch 83/200 batch 175/178 (98%) running_loss=0.6165
2026-09-29 20:22:30,103 INFO train epoch 83/200 batch 178/178 (100%) running_loss=0.6166
2026-09-29 20:22:36,670 INFO epoch 83/200 done: train_loss=0.6166 val_loss=0.3091 val_accuracy=0.9231 val_macro_f1=0.9127 val_macro_auc=0.9907 (checkpoint_metric=macro_auc) [new best]
2026-09-29 20:22:46,697 INFO train epoch 84/200 batch 35/178 (20%) running_loss=0.5928
2026-09-29 20:22:56,339 INFO train epoch 84/200 batch 70/178 (39%) running_loss=0.5986
2026-09-29 20:23:05,958 INFO train epoch 84/200 batch 105/178 (59%) running_loss=0.6036
2026-09-29 20:23:15,618 INFO train epoch 84/200 batch 140/178 (79%) running_loss=0.6069
2026-09-29 20:23:25,301 INFO train epoch 84/200 batch 175/178 (98%) running_loss=0.6111
2026-09-29 20:23:26,046 INFO train epoch 84/200 batch 178/178 (100%) running_loss=0.6099
2026-09-29 20:23:32,615 INFO epoch 84/200 done: train_loss=0.6099 val_loss=0.2736 val_accuracy=0.9348 val_macro_f1=0.9260 val_macro_auc=0.9922 (checkpoint_metric=macro_auc) [new best]
2026-09-29 20:23:42,711 INFO train epoch 85/200 batch 35/178 (20%) running_loss=0.5930
2026-09-29 20:23:52,378 INFO train epoch 85/200 batch 70/178 (39%) running_loss=0.6140
2026-09-29 20:24:02,035 INFO train epoch 85/200 batch 105/178 (59%) running_loss=0.6141
2026-09-29 20:24:11,671 INFO train epoch 85/200 batch 140/178 (79%) running_loss=0.6176
2026-09-29 20:24:21,322 INFO train epoch 85/200 batch 175/178 (98%) running_loss=0.6165
2026-09-29 20:24:22,072 INFO train epoch 85/200 batch 178/178 (100%) running_loss=0.6178
2026-09-29 20:24:28,641 INFO epoch 85/200 done: train_loss=0.6178 val_loss=0.3138 val_accuracy=0.9203 val_macro_f1=0.9073 val_macro_auc=0.9912 (checkpoint_metric=macro_auc) [new best]
2026-09-29 20:24:38,865 INFO train epoch 86/200 batch 35/178 (20%) running_loss=0.6344
2026-09-29 20:24:48,535 INFO train epoch 86/200 batch 70/178 (39%) running_loss=0.6218
2026-09-29 20:24:58,203 INFO train epoch 86/200 batch 105/178 (59%) running_loss=0.6192
2026-09-29 20:25:07,870 INFO train epoch 86/200 batch 140/178 (79%) running_loss=0.6160
2026-09-29 20:25:17,546 INFO train epoch 86/200 batch 175/178 (98%) running_loss=0.6164
2026-09-29 20:25:18,295 INFO train epoch 86/200 batch 178/178 (100%) running_loss=0.6156
2026-09-29 20:25:24,870 INFO epoch 86/200 done: train_loss=0.6156 val_loss=0.2525 val_accuracy=0.9313 val_macro_f1=0.9161 val_macro_auc=0.9921 (checkpoint_metric=macro_auc) [new best]
2026-09-29 20:25:34,929 INFO train epoch 87/200 batch 35/178 (20%) running_loss=0.6305
2026-09-29 20:25:44,720 INFO train epoch 87/200 batch 70/178 (39%) running_loss=0.6279
2026-09-29 20:25:54,324 INFO train epoch 87/200 batch 105/178 (59%) running_loss=0.6183
2026-09-29 20:26:03,930 INFO train epoch 87/200 batch 140/178 (79%) running_loss=0.6153
2026-09-29 20:26:13,518 INFO train epoch 87/200 batch 175/178 (98%) running_loss=0.6164
2026-09-29 20:26:14,262 INFO train epoch 87/200 batch 178/178 (100%) running_loss=0.6165
2026-09-29 20:26:20,713 INFO epoch 87/200 done: train_loss=0.6165 val_loss=0.3118 val_accuracy=0.9217 val_macro_f1=0.8962 val_macro_auc=0.9904 (checkpoint_metric=macro_auc)
2026-09-29 20:26:30,829 INFO train epoch 88/200 batch 35/178 (20%) running_loss=0.6266
2026-09-29 20:26:40,497 INFO train epoch 88/200 batch 70/178 (39%) running_loss=0.6088
2026-09-29 20:26:50,287 INFO train epoch 88/200 batch 105/178 (59%) running_loss=0.6135
2026-09-29 20:26:59,888 INFO train epoch 88/200 batch 140/178 (79%) running_loss=0.6080
2026-09-29 20:27:09,484 INFO train epoch 88/200 batch 175/178 (98%) running_loss=0.6074
2026-09-29 20:27:10,228 INFO train epoch 88/200 batch 178/178 (100%) running_loss=0.6079
2026-09-29 20:27:16,693 INFO epoch 88/200 done: train_loss=0.6079 val_loss=0.2953 val_accuracy=0.9217 val_macro_f1=0.9014 val_macro_auc=0.9909 (checkpoint_metric=macro_auc)
2026-09-29 20:27:26,745 INFO train epoch 89/200 batch 35/178 (20%) running_loss=0.6179
2026-09-29 20:27:36,443 INFO train epoch 89/200 batch 70/178 (39%) running_loss=0.6153
2026-09-29 20:27:46,125 INFO train epoch 89/200 batch 105/178 (59%) running_loss=0.6139
2026-09-29 20:27:55,910 INFO train epoch 89/200 batch 140/178 (79%) running_loss=0.6094
2026-09-29 20:28:05,544 INFO train epoch 89/200 batch 175/178 (98%) running_loss=0.6083
2026-09-29 20:28:06,294 INFO train epoch 89/200 batch 178/178 (100%) running_loss=0.6077
2026-09-29 20:28:12,752 INFO epoch 89/200 done: train_loss=0.6077 val_loss=0.2530 val_accuracy=0.9423 val_macro_f1=0.9380 val_macro_auc=0.9921 (checkpoint_metric=macro_auc)
2026-09-29 20:28:22,798 INFO train epoch 90/200 batch 35/178 (20%) running_loss=0.6104
2026-09-29 20:28:32,394 INFO train epoch 90/200 batch 70/178 (39%) running_loss=0.6152
2026-09-29 20:28:41,990 INFO train epoch 90/200 batch 105/178 (59%) running_loss=0.6057
2026-09-29 20:28:51,740 INFO train epoch 90/200 batch 140/178 (79%) running_loss=0.6072
2026-09-29 20:29:01,345 INFO train epoch 90/200 batch 175/178 (98%) running_loss=0.6068
2026-09-29 20:29:02,099 INFO train epoch 90/200 batch 178/178 (100%) running_loss=0.6078
2026-09-29 20:29:08,545 INFO epoch 90/200 done: train_loss=0.6078 val_loss=0.3176 val_accuracy=0.9190 val_macro_f1=0.9073 val_macro_auc=0.9900 (checkpoint_metric=macro_auc)
2026-09-29 20:29:18,611 INFO train epoch 91/200 batch 35/178 (20%) running_loss=0.6273
2026-09-29 20:29:28,222 INFO train epoch 91/200 batch 70/178 (39%) running_loss=0.6148
2026-09-29 20:29:37,851 INFO train epoch 91/200 batch 105/178 (59%) running_loss=0.6087
2026-09-29 20:29:47,692 INFO train epoch 91/200 batch 140/178 (79%) running_loss=0.6112
2026-09-29 20:29:57,276 INFO train epoch 91/200 batch 175/178 (98%) running_loss=0.6074
2026-09-29 20:29:58,020 INFO train epoch 91/200 batch 178/178 (100%) running_loss=0.6072
2026-09-29 20:30:04,495 INFO epoch 91/200 done: train_loss=0.6072 val_loss=0.2721 val_accuracy=0.9402 val_macro_f1=0.9272 val_macro_auc=0.9914 (checkpoint_metric=macro_auc)
2026-09-29 20:30:14,591 INFO train epoch 92/200 batch 35/178 (20%) running_loss=0.5921
2026-09-29 20:30:24,243 INFO train epoch 92/200 batch 70/178 (39%) running_loss=0.5965
2026-09-29 20:30:33,912 INFO train epoch 92/200 batch 105/178 (59%) running_loss=0.6034
2026-09-29 20:30:43,728 INFO train epoch 92/200 batch 140/178 (79%) running_loss=0.5994
2026-09-29 20:30:53,360 INFO train epoch 92/200 batch 175/178 (98%) running_loss=0.6039
2026-09-29 20:30:54,110 INFO train epoch 92/200 batch 178/178 (100%) running_loss=0.6042
2026-09-29 20:31:00,560 INFO epoch 92/200 done: train_loss=0.6042 val_loss=0.3218 val_accuracy=0.9155 val_macro_f1=0.8986 val_macro_auc=0.9901 (checkpoint_metric=macro_auc)
2026-09-29 20:31:10,665 INFO train epoch 93/200 batch 35/178 (20%) running_loss=0.6039
2026-09-29 20:31:20,294 INFO train epoch 93/200 batch 70/178 (39%) running_loss=0.6006
2026-09-29 20:31:29,979 INFO train epoch 93/200 batch 105/178 (59%) running_loss=0.6049
2026-09-29 20:31:39,791 INFO train epoch 93/200 batch 140/178 (79%) running_loss=0.6043
2026-09-29 20:31:49,469 INFO train epoch 93/200 batch 175/178 (98%) running_loss=0.6047
2026-09-29 20:31:50,221 INFO train epoch 93/200 batch 178/178 (100%) running_loss=0.6043
2026-09-29 20:31:56,761 INFO epoch 93/200 done: train_loss=0.6043 val_loss=0.2965 val_accuracy=0.9334 val_macro_f1=0.9183 val_macro_auc=0.9888 (checkpoint_metric=macro_auc)
2026-09-29 20:32:06,873 INFO train epoch 94/200 batch 35/178 (20%) running_loss=0.5964
2026-09-29 20:32:16,533 INFO train epoch 94/200 batch 70/178 (39%) running_loss=0.6042
2026-09-29 20:32:26,212 INFO train epoch 94/200 batch 105/178 (59%) running_loss=0.6025
2026-09-29 20:32:36,015 INFO train epoch 94/200 batch 140/178 (79%) running_loss=0.6032
2026-09-29 20:32:45,678 INFO train epoch 94/200 batch 175/178 (98%) running_loss=0.6022
2026-09-29 20:32:46,427 INFO train epoch 94/200 batch 178/178 (100%) running_loss=0.6022
2026-09-29 20:32:52,880 INFO epoch 94/200 done: train_loss=0.6022 val_loss=0.2629 val_accuracy=0.9389 val_macro_f1=0.9290 val_macro_auc=0.9930 (checkpoint_metric=macro_auc)
2026-09-29 20:33:03,043 INFO train epoch 95/200 batch 35/178 (20%) running_loss=0.6205
2026-09-29 20:33:12,692 INFO train epoch 95/200 batch 70/178 (39%) running_loss=0.6102
2026-09-29 20:33:22,314 INFO train epoch 95/200 batch 105/178 (59%) running_loss=0.6078
2026-09-29 20:33:32,106 INFO train epoch 95/200 batch 140/178 (79%) running_loss=0.6090
2026-09-29 20:33:41,717 INFO train epoch 95/200 batch 175/178 (98%) running_loss=0.6047
2026-09-29 20:33:42,471 INFO train epoch 95/200 batch 178/178 (100%) running_loss=0.6043
2026-09-29 20:33:48,920 INFO epoch 95/200 done: train_loss=0.6043 val_loss=0.2663 val_accuracy=0.9375 val_macro_f1=0.9324 val_macro_auc=0.9925 (checkpoint_metric=macro_auc)
2026-09-29 20:33:59,066 INFO train epoch 96/200 batch 35/178 (20%) running_loss=0.5931
2026-09-29 20:34:08,722 INFO train epoch 96/200 batch 70/178 (39%) running_loss=0.5969
2026-09-29 20:34:18,275 INFO train epoch 96/200 batch 105/178 (59%) running_loss=0.5950
2026-09-29 20:34:27,916 INFO train epoch 96/200 batch 140/178 (79%) running_loss=0.5961
2026-09-29 20:34:37,679 INFO train epoch 96/200 batch 175/178 (98%) running_loss=0.5949
2026-09-29 20:34:38,431 INFO train epoch 96/200 batch 178/178 (100%) running_loss=0.5958
2026-09-29 20:34:44,991 INFO epoch 96/200 done: train_loss=0.5958 val_loss=0.3387 val_accuracy=0.9080 val_macro_f1=0.8889 val_macro_auc=0.9905 (checkpoint_metric=macro_auc) [new best]
2026-09-29 20:34:54,994 INFO train epoch 97/200 batch 35/178 (20%) running_loss=0.5976
2026-09-29 20:35:04,610 INFO train epoch 97/200 batch 70/178 (39%) running_loss=0.6143
2026-09-29 20:35:14,193 INFO train epoch 97/200 batch 105/178 (59%) running_loss=0.6175
2026-09-29 20:35:23,956 INFO train epoch 97/200 batch 140/178 (79%) running_loss=0.6104
2026-09-29 20:35:33,519 INFO train epoch 97/200 batch 175/178 (98%) running_loss=0.6102
2026-09-29 20:35:34,261 INFO train epoch 97/200 batch 178/178 (100%) running_loss=0.6098
2026-09-29 20:35:40,716 INFO epoch 97/200 done: train_loss=0.6098 val_loss=0.2929 val_accuracy=0.9265 val_macro_f1=0.9038 val_macro_auc=0.9909 (checkpoint_metric=macro_auc)
2026-09-29 20:35:50,808 INFO train epoch 98/200 batch 35/178 (20%) running_loss=0.6222
2026-09-29 20:36:00,413 INFO train epoch 98/200 batch 70/178 (39%) running_loss=0.6088
2026-09-29 20:36:10,025 INFO train epoch 98/200 batch 105/178 (59%) running_loss=0.6032
2026-09-29 20:36:19,682 INFO train epoch 98/200 batch 140/178 (79%) running_loss=0.5985
2026-09-29 20:36:29,243 INFO train epoch 98/200 batch 175/178 (98%) running_loss=0.5959
2026-09-29 20:36:29,990 INFO train epoch 98/200 batch 178/178 (100%) running_loss=0.5958
2026-09-29 20:36:36,445 INFO epoch 98/200 done: train_loss=0.5958 val_loss=0.2411 val_accuracy=0.9416 val_macro_f1=0.9338 val_macro_auc=0.9928 (checkpoint_metric=macro_auc)
2026-09-29 20:36:46,553 INFO train epoch 99/200 batch 35/178 (20%) running_loss=0.5765
2026-09-29 20:36:56,169 INFO train epoch 99/200 batch 70/178 (39%) running_loss=0.5917
2026-09-29 20:37:05,770 INFO train epoch 99/200 batch 105/178 (59%) running_loss=0.5968
2026-09-29 20:37:15,366 INFO train epoch 99/200 batch 140/178 (79%) running_loss=0.5988
2026-09-29 20:37:24,955 INFO train epoch 99/200 batch 175/178 (98%) running_loss=0.5973
2026-09-29 20:37:25,704 INFO train epoch 99/200 batch 178/178 (100%) running_loss=0.5978
2026-09-29 20:37:32,153 INFO epoch 99/200 done: train_loss=0.5978 val_loss=0.2678 val_accuracy=0.9348 val_macro_f1=0.9190 val_macro_auc=0.9916 (checkpoint_metric=macro_auc)
2026-09-29 20:37:42,185 INFO train epoch 100/200 batch 35/178 (20%) running_loss=0.5908
2026-09-29 20:37:51,923 INFO train epoch 100/200 batch 70/178 (39%) running_loss=0.5912
2026-09-29 20:38:01,541 INFO train epoch 100/200 batch 105/178 (59%) running_loss=0.5876
2026-09-29 20:38:11,139 INFO train epoch 100/200 batch 140/178 (79%) running_loss=0.5874
2026-09-29 20:38:20,756 INFO train epoch 100/200 batch 175/178 (98%) running_loss=0.5895
2026-09-29 20:38:21,507 INFO train epoch 100/200 batch 178/178 (100%) running_loss=0.5891
2026-09-29 20:38:27,959 INFO epoch 100/200 done: train_loss=0.5891 val_loss=0.2723 val_accuracy=0.9293 val_macro_f1=0.9143 val_macro_auc=0.9910 (checkpoint_metric=macro_auc)
2026-09-29 20:38:38,016 INFO train epoch 101/200 batch 35/178 (20%) running_loss=0.5844
2026-09-29 20:38:47,610 INFO train epoch 101/200 batch 70/178 (39%) running_loss=0.5975
2026-09-29 20:38:57,363 INFO train epoch 101/200 batch 105/178 (59%) running_loss=0.5975
2026-09-29 20:39:06,963 INFO train epoch 101/200 batch 140/178 (79%) running_loss=0.5996
2026-09-29 20:39:16,576 INFO train epoch 101/200 batch 175/178 (98%) running_loss=0.5954
2026-09-29 20:39:17,335 INFO train epoch 101/200 batch 178/178 (100%) running_loss=0.5952
2026-09-29 20:39:23,803 INFO epoch 101/200 done: train_loss=0.5952 val_loss=0.2631 val_accuracy=0.9368 val_macro_f1=0.9230 val_macro_auc=0.9913 (checkpoint_metric=macro_auc)
2026-09-29 20:39:33,844 INFO train epoch 102/200 batch 35/178 (20%) running_loss=0.5712
2026-09-29 20:39:43,434 INFO train epoch 102/200 batch 70/178 (39%) running_loss=0.5739
2026-09-29 20:39:53,041 INFO train epoch 102/200 batch 105/178 (59%) running_loss=0.5793
2026-09-29 20:40:02,849 INFO train epoch 102/200 batch 140/178 (79%) running_loss=0.5812
2026-09-29 20:40:12,509 INFO train epoch 102/200 batch 175/178 (98%) running_loss=0.5841
2026-09-29 20:40:13,256 INFO train epoch 102/200 batch 178/178 (100%) running_loss=0.5851
2026-09-29 20:40:19,709 INFO epoch 102/200 done: train_loss=0.5851 val_loss=0.2740 val_accuracy=0.9306 val_macro_f1=0.9147 val_macro_auc=0.9901 (checkpoint_metric=macro_auc)
2026-09-29 20:40:29,743 INFO train epoch 103/200 batch 35/178 (20%) running_loss=0.5930
2026-09-29 20:40:39,391 INFO train epoch 103/200 batch 70/178 (39%) running_loss=0.5942
2026-09-29 20:40:48,976 INFO train epoch 103/200 batch 105/178 (59%) running_loss=0.5865
2026-09-29 20:40:58,745 INFO train epoch 103/200 batch 140/178 (79%) running_loss=0.5849
2026-09-29 20:41:08,327 INFO train epoch 103/200 batch 175/178 (98%) running_loss=0.5884
2026-09-29 20:41:09,078 INFO train epoch 103/200 batch 178/178 (100%) running_loss=0.5890
2026-09-29 20:41:15,518 INFO epoch 103/200 done: train_loss=0.5890 val_loss=0.2509 val_accuracy=0.9505 val_macro_f1=0.9421 val_macro_auc=0.9934 (checkpoint_metric=macro_auc)
2026-09-29 20:41:25,575 INFO train epoch 104/200 batch 35/178 (20%) running_loss=0.6020
2026-09-29 20:41:35,181 INFO train epoch 104/200 batch 70/178 (39%) running_loss=0.5959
2026-09-29 20:41:44,778 INFO train epoch 104/200 batch 105/178 (59%) running_loss=0.5970
2026-09-29 20:41:54,653 INFO train epoch 104/200 batch 140/178 (79%) running_loss=0.5964
2026-09-29 20:42:04,256 INFO train epoch 104/200 batch 175/178 (98%) running_loss=0.5938
2026-09-29 20:42:05,002 INFO train epoch 104/200 batch 178/178 (100%) running_loss=0.5943
2026-09-29 20:42:11,576 INFO epoch 104/200 done: train_loss=0.5943 val_loss=0.2882 val_accuracy=0.9382 val_macro_f1=0.9302 val_macro_auc=0.9934 (checkpoint_metric=macro_auc) [new best]
2026-09-29 20:42:21,666 INFO train epoch 105/200 batch 35/178 (20%) running_loss=0.5903
2026-09-29 20:42:31,286 INFO train epoch 105/200 batch 70/178 (39%) running_loss=0.5866
2026-09-29 20:42:40,868 INFO train epoch 105/200 batch 105/178 (59%) running_loss=0.5903
2026-09-29 20:42:50,604 INFO train epoch 105/200 batch 140/178 (79%) running_loss=0.5862
2026-09-29 20:43:00,169 INFO train epoch 105/200 batch 175/178 (98%) running_loss=0.5812
2026-09-29 20:43:00,913 INFO train epoch 105/200 batch 178/178 (100%) running_loss=0.5814
2026-09-29 20:43:07,482 INFO epoch 105/200 done: train_loss=0.5814 val_loss=0.2414 val_accuracy=0.9396 val_macro_f1=0.9300 val_macro_auc=0.9931 (checkpoint_metric=macro_auc) [new best]
2026-09-29 20:43:17,608 INFO train epoch 106/200 batch 35/178 (20%) running_loss=0.5778
2026-09-29 20:43:27,256 INFO train epoch 106/200 batch 70/178 (39%) running_loss=0.5836
2026-09-29 20:43:36,854 INFO train epoch 106/200 batch 105/178 (59%) running_loss=0.5866
2026-09-29 20:43:46,518 INFO train epoch 106/200 batch 140/178 (79%) running_loss=0.5848
2026-09-29 20:43:56,206 INFO train epoch 106/200 batch 175/178 (98%) running_loss=0.5821
2026-09-29 20:43:56,955 INFO train epoch 106/200 batch 178/178 (100%) running_loss=0.5812
2026-09-29 20:44:03,417 INFO epoch 106/200 done: train_loss=0.5812 val_loss=0.2797 val_accuracy=0.9306 val_macro_f1=0.9108 val_macro_auc=0.9923 (checkpoint_metric=macro_auc)
2026-09-29 20:44:13,464 INFO train epoch 107/200 batch 35/178 (20%) running_loss=0.5736
2026-09-29 20:44:23,065 INFO train epoch 107/200 batch 70/178 (39%) running_loss=0.5766
2026-09-29 20:44:32,637 INFO train epoch 107/200 batch 105/178 (59%) running_loss=0.5787
2026-09-29 20:44:42,214 INFO train epoch 107/200 batch 140/178 (79%) running_loss=0.5823
2026-09-29 20:44:51,791 INFO train epoch 107/200 batch 175/178 (98%) running_loss=0.5841
2026-09-29 20:44:52,533 INFO train epoch 107/200 batch 178/178 (100%) running_loss=0.5845
2026-09-29 20:44:58,983 INFO epoch 107/200 done: train_loss=0.5845 val_loss=0.3054 val_accuracy=0.9279 val_macro_f1=0.9154 val_macro_auc=0.9919 (checkpoint_metric=macro_auc)
2026-09-29 20:45:09,116 INFO train epoch 108/200 batch 35/178 (20%) running_loss=0.5672
2026-09-29 20:45:18,754 INFO train epoch 108/200 batch 70/178 (39%) running_loss=0.5705
2026-09-29 20:45:28,484 INFO train epoch 108/200 batch 105/178 (59%) running_loss=0.5714
2026-09-29 20:45:38,088 INFO train epoch 108/200 batch 140/178 (79%) running_loss=0.5759
2026-09-29 20:45:47,684 INFO train epoch 108/200 batch 175/178 (98%) running_loss=0.5800
2026-09-29 20:45:48,430 INFO train epoch 108/200 batch 178/178 (100%) running_loss=0.5800
2026-09-29 20:45:54,876 INFO epoch 108/200 done: train_loss=0.5800 val_loss=0.2413 val_accuracy=0.9341 val_macro_f1=0.9197 val_macro_auc=0.9913 (checkpoint_metric=macro_auc)
2026-09-29 20:46:04,908 INFO train epoch 109/200 batch 35/178 (20%) running_loss=0.5659
2026-09-29 20:46:14,541 INFO train epoch 109/200 batch 70/178 (39%) running_loss=0.5789
2026-09-29 20:46:24,163 INFO train epoch 109/200 batch 105/178 (59%) running_loss=0.5886
2026-09-29 20:46:33,773 INFO train epoch 109/200 batch 140/178 (79%) running_loss=0.5835
2026-09-29 20:46:43,348 INFO train epoch 109/200 batch 175/178 (98%) running_loss=0.5784
2026-09-29 20:46:44,093 INFO train epoch 109/200 batch 178/178 (100%) running_loss=0.5780
2026-09-29 20:46:50,546 INFO epoch 109/200 done: train_loss=0.5780 val_loss=0.2570 val_accuracy=0.9471 val_macro_f1=0.9420 val_macro_auc=0.9913 (checkpoint_metric=macro_auc)
2026-09-29 20:47:00,795 INFO train epoch 110/200 batch 35/178 (20%) running_loss=0.5445
2026-09-29 20:47:10,368 INFO train epoch 110/200 batch 70/178 (39%) running_loss=0.5538
2026-09-29 20:47:19,946 INFO train epoch 110/200 batch 105/178 (59%) running_loss=0.5611
2026-09-29 20:47:29,528 INFO train epoch 110/200 batch 140/178 (79%) running_loss=0.5665
2026-09-29 20:47:39,080 INFO train epoch 110/200 batch 175/178 (98%) running_loss=0.5719
2026-09-29 20:47:39,820 INFO train epoch 110/200 batch 178/178 (100%) running_loss=0.5721
2026-09-29 20:47:46,259 INFO epoch 110/200 done: train_loss=0.5721 val_loss=0.2700 val_accuracy=0.9396 val_macro_f1=0.9304 val_macro_auc=0.9922 (checkpoint_metric=macro_auc)
2026-09-29 20:47:56,290 INFO train epoch 111/200 batch 35/178 (20%) running_loss=0.5852
2026-09-29 20:48:05,875 INFO train epoch 111/200 batch 70/178 (39%) running_loss=0.5751
2026-09-29 20:48:15,647 INFO train epoch 111/200 batch 105/178 (59%) running_loss=0.5738
2026-09-29 20:48:25,272 INFO train epoch 111/200 batch 140/178 (79%) running_loss=0.5740
2026-09-29 20:48:34,832 INFO train epoch 111/200 batch 175/178 (98%) running_loss=0.5773
2026-09-29 20:48:35,581 INFO train epoch 111/200 batch 178/178 (100%) running_loss=0.5775
2026-09-29 20:48:42,027 INFO epoch 111/200 done: train_loss=0.5775 val_loss=0.2685 val_accuracy=0.9299 val_macro_f1=0.9183 val_macro_auc=0.9914 (checkpoint_metric=macro_auc)
2026-09-29 20:48:52,031 INFO train epoch 112/200 batch 35/178 (20%) running_loss=0.5778
2026-09-29 20:49:01,618 INFO train epoch 112/200 batch 70/178 (39%) running_loss=0.5775
2026-09-29 20:49:11,341 INFO train epoch 112/200 batch 105/178 (59%) running_loss=0.5749
2026-09-29 20:49:20,876 INFO train epoch 112/200 batch 140/178 (79%) running_loss=0.5701
2026-09-29 20:49:30,529 INFO train epoch 112/200 batch 175/178 (98%) running_loss=0.5704
2026-09-29 20:49:31,280 INFO train epoch 112/200 batch 178/178 (100%) running_loss=0.5705
2026-09-29 20:49:37,732 INFO epoch 112/200 done: train_loss=0.5705 val_loss=0.2499 val_accuracy=0.9451 val_macro_f1=0.9362 val_macro_auc=0.9925 (checkpoint_metric=macro_auc)
2026-09-29 20:49:47,850 INFO train epoch 113/200 batch 35/178 (20%) running_loss=0.5696
2026-09-29 20:49:57,519 INFO train epoch 113/200 batch 70/178 (39%) running_loss=0.5858
2026-09-29 20:50:07,140 INFO train epoch 113/200 batch 105/178 (59%) running_loss=0.5840
2026-09-29 20:50:16,749 INFO train epoch 113/200 batch 140/178 (79%) running_loss=0.5828
2026-09-29 20:50:26,392 INFO train epoch 113/200 batch 175/178 (98%) running_loss=0.5788
2026-09-29 20:50:27,141 INFO train epoch 113/200 batch 178/178 (100%) running_loss=0.5777
2026-09-29 20:50:33,607 INFO epoch 113/200 done: train_loss=0.5777 val_loss=0.2419 val_accuracy=0.9478 val_macro_f1=0.9401 val_macro_auc=0.9918 (checkpoint_metric=macro_auc)
2026-09-29 20:50:43,816 INFO train epoch 114/200 batch 35/178 (20%) running_loss=0.5645
2026-09-29 20:50:53,414 INFO train epoch 114/200 batch 70/178 (39%) running_loss=0.5657
2026-09-29 20:51:03,012 INFO train epoch 114/200 batch 105/178 (59%) running_loss=0.5689
2026-09-29 20:51:12,605 INFO train epoch 114/200 batch 140/178 (79%) running_loss=0.5726
2026-09-29 20:51:22,271 INFO train epoch 114/200 batch 175/178 (98%) running_loss=0.5734
2026-09-29 20:51:23,010 INFO train epoch 114/200 batch 178/178 (100%) running_loss=0.5737
2026-09-29 20:51:29,468 INFO epoch 114/200 done: train_loss=0.5737 val_loss=0.3638 val_accuracy=0.9141 val_macro_f1=0.8859 val_macro_auc=0.9863 (checkpoint_metric=macro_auc)
2026-09-29 20:51:39,531 INFO train epoch 115/200 batch 35/178 (20%) running_loss=0.5643
2026-09-29 20:51:49,130 INFO train epoch 115/200 batch 70/178 (39%) running_loss=0.5607
2026-09-29 20:51:58,921 INFO train epoch 115/200 batch 105/178 (59%) running_loss=0.5634
2026-09-29 20:52:08,557 INFO train epoch 115/200 batch 140/178 (79%) running_loss=0.5670
2026-09-29 20:52:18,156 INFO train epoch 115/200 batch 175/178 (98%) running_loss=0.5653
2026-09-29 20:52:18,899 INFO train epoch 115/200 batch 178/178 (100%) running_loss=0.5657
2026-09-29 20:52:25,369 INFO epoch 115/200 done: train_loss=0.5657 val_loss=0.2469 val_accuracy=0.9382 val_macro_f1=0.9289 val_macro_auc=0.9924 (checkpoint_metric=macro_auc)
2026-09-29 20:52:35,434 INFO train epoch 116/200 batch 35/178 (20%) running_loss=0.5628
2026-09-29 20:52:45,001 INFO train epoch 116/200 batch 70/178 (39%) running_loss=0.5589
2026-09-29 20:52:54,770 INFO train epoch 116/200 batch 105/178 (59%) running_loss=0.5661
2026-09-29 20:53:04,410 INFO train epoch 116/200 batch 140/178 (79%) running_loss=0.5678
2026-09-29 20:53:13,994 INFO train epoch 116/200 batch 175/178 (98%) running_loss=0.5700
2026-09-29 20:53:14,739 INFO train epoch 116/200 batch 178/178 (100%) running_loss=0.5705
2026-09-29 20:53:21,203 INFO epoch 116/200 done: train_loss=0.5705 val_loss=0.2747 val_accuracy=0.9327 val_macro_f1=0.9222 val_macro_auc=0.9903 (checkpoint_metric=macro_auc)
2026-09-29 20:53:31,274 INFO train epoch 117/200 batch 35/178 (20%) running_loss=0.5578
2026-09-29 20:53:40,890 INFO train epoch 117/200 batch 70/178 (39%) running_loss=0.5570
2026-09-29 20:53:50,447 INFO train epoch 117/200 batch 105/178 (59%) running_loss=0.5583
2026-09-29 20:54:00,209 INFO train epoch 117/200 batch 140/178 (79%) running_loss=0.5609
2026-09-29 20:54:09,837 INFO train epoch 117/200 batch 175/178 (98%) running_loss=0.5579
2026-09-29 20:54:10,587 INFO train epoch 117/200 batch 178/178 (100%) running_loss=0.5578
2026-09-29 20:54:17,041 INFO epoch 117/200 done: train_loss=0.5578 val_loss=0.2552 val_accuracy=0.9423 val_macro_f1=0.9334 val_macro_auc=0.9933 (checkpoint_metric=macro_auc)
2026-09-29 20:54:27,094 INFO train epoch 118/200 batch 35/178 (20%) running_loss=0.5694
2026-09-29 20:54:36,688 INFO train epoch 118/200 batch 70/178 (39%) running_loss=0.5640
2026-09-29 20:54:46,265 INFO train epoch 118/200 batch 105/178 (59%) running_loss=0.5578
2026-09-29 20:54:55,973 INFO train epoch 118/200 batch 140/178 (79%) running_loss=0.5599
2026-09-29 20:55:05,549 INFO train epoch 118/200 batch 175/178 (98%) running_loss=0.5639
2026-09-29 20:55:06,290 INFO train epoch 118/200 batch 178/178 (100%) running_loss=0.5648
2026-09-29 20:55:12,751 INFO epoch 118/200 done: train_loss=0.5648 val_loss=0.2468 val_accuracy=0.9361 val_macro_f1=0.9264 val_macro_auc=0.9910 (checkpoint_metric=macro_auc)
2026-09-29 20:55:22,887 INFO train epoch 119/200 batch 35/178 (20%) running_loss=0.5694
2026-09-29 20:55:32,465 INFO train epoch 119/200 batch 70/178 (39%) running_loss=0.5584
2026-09-29 20:55:42,067 INFO train epoch 119/200 batch 105/178 (59%) running_loss=0.5604
2026-09-29 20:55:51,825 INFO train epoch 119/200 batch 140/178 (79%) running_loss=0.5558
2026-09-29 20:56:01,458 INFO train epoch 119/200 batch 175/178 (98%) running_loss=0.5577
2026-09-29 20:56:02,207 INFO train epoch 119/200 batch 178/178 (100%) running_loss=0.5570
2026-09-29 20:56:08,676 INFO epoch 119/200 done: train_loss=0.5570 val_loss=0.2557 val_accuracy=0.9396 val_macro_f1=0.9284 val_macro_auc=0.9935 (checkpoint_metric=macro_auc)
2026-09-29 20:56:18,756 INFO train epoch 120/200 batch 35/178 (20%) running_loss=0.5520
2026-09-29 20:56:28,382 INFO train epoch 120/200 batch 70/178 (39%) running_loss=0.5697
2026-09-29 20:56:38,012 INFO train epoch 120/200 batch 105/178 (59%) running_loss=0.5670
2026-09-29 20:56:47,847 INFO train epoch 120/200 batch 140/178 (79%) running_loss=0.5681
2026-09-29 20:56:57,469 INFO train epoch 120/200 batch 175/178 (98%) running_loss=0.5723
2026-09-29 20:56:58,221 INFO train epoch 120/200 batch 178/178 (100%) running_loss=0.5721
2026-09-29 20:57:04,708 INFO epoch 120/200 done: train_loss=0.5721 val_loss=0.2500 val_accuracy=0.9402 val_macro_f1=0.9248 val_macro_auc=0.9929 (checkpoint_metric=macro_auc)
2026-09-29 20:57:14,747 INFO train epoch 121/200 batch 35/178 (20%) running_loss=0.5882
2026-09-29 20:57:24,376 INFO train epoch 121/200 batch 70/178 (39%) running_loss=0.5689
2026-09-29 20:57:34,015 INFO train epoch 121/200 batch 105/178 (59%) running_loss=0.5654
2026-09-29 20:57:43,844 INFO train epoch 121/200 batch 140/178 (79%) running_loss=0.5638
2026-09-29 20:57:53,464 INFO train epoch 121/200 batch 175/178 (98%) running_loss=0.5581
2026-09-29 20:57:54,213 INFO train epoch 121/200 batch 178/178 (100%) running_loss=0.5585
2026-09-29 20:58:00,675 INFO epoch 121/200 done: train_loss=0.5585 val_loss=0.2553 val_accuracy=0.9451 val_macro_f1=0.9404 val_macro_auc=0.9918 (checkpoint_metric=macro_auc)
2026-09-29 20:58:10,755 INFO train epoch 122/200 batch 35/178 (20%) running_loss=0.5685
2026-09-29 20:58:20,356 INFO train epoch 122/200 batch 70/178 (39%) running_loss=0.5633
2026-09-29 20:58:29,968 INFO train epoch 122/200 batch 105/178 (59%) running_loss=0.5539
2026-09-29 20:58:39,754 INFO train epoch 122/200 batch 140/178 (79%) running_loss=0.5541
2026-09-29 20:58:49,349 INFO train epoch 122/200 batch 175/178 (98%) running_loss=0.5602
2026-09-29 20:58:50,090 INFO train epoch 122/200 batch 178/178 (100%) running_loss=0.5599
2026-09-29 20:58:56,557 INFO epoch 122/200 done: train_loss=0.5599 val_loss=0.2644 val_accuracy=0.9430 val_macro_f1=0.9332 val_macro_auc=0.9921 (checkpoint_metric=macro_auc)
2026-09-29 20:59:06,655 INFO train epoch 123/200 batch 35/178 (20%) running_loss=0.5763
2026-09-29 20:59:16,284 INFO train epoch 123/200 batch 70/178 (39%) running_loss=0.5629
2026-09-29 20:59:25,854 INFO train epoch 123/200 batch 105/178 (59%) running_loss=0.5630
2026-09-29 20:59:35,587 INFO train epoch 123/200 batch 140/178 (79%) running_loss=0.5687
2026-09-29 20:59:45,170 INFO train epoch 123/200 batch 175/178 (98%) running_loss=0.5679
2026-09-29 20:59:45,916 INFO train epoch 123/200 batch 178/178 (100%) running_loss=0.5679
2026-09-29 20:59:52,370 INFO epoch 123/200 done: train_loss=0.5679 val_loss=0.2702 val_accuracy=0.9368 val_macro_f1=0.9229 val_macro_auc=0.9935 (checkpoint_metric=macro_auc)
2026-09-29 21:00:02,510 INFO train epoch 124/200 batch 35/178 (20%) running_loss=0.5389
2026-09-29 21:00:12,173 INFO train epoch 124/200 batch 70/178 (39%) running_loss=0.5346
2026-09-29 21:00:21,822 INFO train epoch 124/200 batch 105/178 (59%) running_loss=0.5475
2026-09-29 21:00:31,641 INFO train epoch 124/200 batch 140/178 (79%) running_loss=0.5506
2026-09-29 21:00:41,250 INFO train epoch 124/200 batch 175/178 (98%) running_loss=0.5516
2026-09-29 21:00:42,000 INFO train epoch 124/200 batch 178/178 (100%) running_loss=0.5516
2026-09-29 21:00:48,459 INFO epoch 124/200 done: train_loss=0.5516 val_loss=0.2406 val_accuracy=0.9519 val_macro_f1=0.9443 val_macro_auc=0.9921 (checkpoint_metric=macro_auc)
2026-09-29 21:00:58,556 INFO train epoch 125/200 batch 35/178 (20%) running_loss=0.5482
2026-09-29 21:01:08,143 INFO train epoch 125/200 batch 70/178 (39%) running_loss=0.5518
2026-09-29 21:01:17,800 INFO train epoch 125/200 batch 105/178 (59%) running_loss=0.5493
2026-09-29 21:01:27,382 INFO train epoch 125/200 batch 140/178 (79%) running_loss=0.5515
2026-09-29 21:01:37,035 INFO train epoch 125/200 batch 175/178 (98%) running_loss=0.5507
2026-09-29 21:01:37,779 INFO train epoch 125/200 batch 178/178 (100%) running_loss=0.5516
2026-09-29 21:01:44,238 INFO epoch 125/200 done: train_loss=0.5516 val_loss=0.2557 val_accuracy=0.9485 val_macro_f1=0.9455 val_macro_auc=0.9913 (checkpoint_metric=macro_auc)
2026-09-29 21:01:54,521 INFO train epoch 126/200 batch 35/178 (20%) running_loss=0.5645
2026-09-29 21:02:04,127 INFO train epoch 126/200 batch 70/178 (39%) running_loss=0.5515
2026-09-29 21:02:13,803 INFO train epoch 126/200 batch 105/178 (59%) running_loss=0.5543
2026-09-29 21:02:23,464 INFO train epoch 126/200 batch 140/178 (79%) running_loss=0.5515
2026-09-29 21:02:33,135 INFO train epoch 126/200 batch 175/178 (98%) running_loss=0.5569
2026-09-29 21:02:33,887 INFO train epoch 126/200 batch 178/178 (100%) running_loss=0.5573
2026-09-29 21:02:40,363 INFO epoch 126/200 done: train_loss=0.5573 val_loss=0.2924 val_accuracy=0.9293 val_macro_f1=0.9104 val_macro_auc=0.9906 (checkpoint_metric=macro_auc)
2026-09-29 21:02:50,464 INFO train epoch 127/200 batch 35/178 (20%) running_loss=0.5441
2026-09-29 21:03:00,118 INFO train epoch 127/200 batch 70/178 (39%) running_loss=0.5468
2026-09-29 21:03:09,880 INFO train epoch 127/200 batch 105/178 (59%) running_loss=0.5498
2026-09-29 21:03:19,534 INFO train epoch 127/200 batch 140/178 (79%) running_loss=0.5486
2026-09-29 21:03:29,157 INFO train epoch 127/200 batch 175/178 (98%) running_loss=0.5529
2026-09-29 21:03:29,907 INFO train epoch 127/200 batch 178/178 (100%) running_loss=0.5537
2026-09-29 21:03:36,358 INFO epoch 127/200 done: train_loss=0.5537 val_loss=0.2491 val_accuracy=0.9451 val_macro_f1=0.9352 val_macro_auc=0.9922 (checkpoint_metric=macro_auc)
2026-09-29 21:03:46,406 INFO train epoch 128/200 batch 35/178 (20%) running_loss=0.5424
2026-09-29 21:03:55,996 INFO train epoch 128/200 batch 70/178 (39%) running_loss=0.5415
2026-09-29 21:04:05,765 INFO train epoch 128/200 batch 105/178 (59%) running_loss=0.5455
2026-09-29 21:04:15,371 INFO train epoch 128/200 batch 140/178 (79%) running_loss=0.5455
2026-09-29 21:04:24,942 INFO train epoch 128/200 batch 175/178 (98%) running_loss=0.5465
2026-09-29 21:04:25,690 INFO train epoch 128/200 batch 178/178 (100%) running_loss=0.5460
2026-09-29 21:04:32,138 INFO epoch 128/200 done: train_loss=0.5460 val_loss=0.2608 val_accuracy=0.9327 val_macro_f1=0.9166 val_macro_auc=0.9927 (checkpoint_metric=macro_auc)
2026-09-29 21:04:42,172 INFO train epoch 129/200 batch 35/178 (20%) running_loss=0.5300
2026-09-29 21:04:51,757 INFO train epoch 129/200 batch 70/178 (39%) running_loss=0.5456
2026-09-29 21:05:01,362 INFO train epoch 129/200 batch 105/178 (59%) running_loss=0.5515
2026-09-29 21:05:10,949 INFO train epoch 129/200 batch 140/178 (79%) running_loss=0.5530
2026-09-29 21:05:20,622 INFO train epoch 129/200 batch 175/178 (98%) running_loss=0.5482
2026-09-29 21:05:21,367 INFO train epoch 129/200 batch 178/178 (100%) running_loss=0.5485
2026-09-29 21:05:27,825 INFO epoch 129/200 done: train_loss=0.5485 val_loss=0.2518 val_accuracy=0.9375 val_macro_f1=0.9280 val_macro_auc=0.9915 (checkpoint_metric=macro_auc)
2026-09-29 21:05:37,921 INFO train epoch 130/200 batch 35/178 (20%) running_loss=0.5345
2026-09-29 21:05:47,543 INFO train epoch 130/200 batch 70/178 (39%) running_loss=0.5489
2026-09-29 21:05:57,161 INFO train epoch 130/200 batch 105/178 (59%) running_loss=0.5591
2026-09-29 21:06:06,749 INFO train epoch 130/200 batch 140/178 (79%) running_loss=0.5586
2026-09-29 21:06:16,512 INFO train epoch 130/200 batch 175/178 (98%) running_loss=0.5567
2026-09-29 21:06:17,255 INFO train epoch 130/200 batch 178/178 (100%) running_loss=0.5568
2026-09-29 21:06:23,710 INFO epoch 130/200 done: train_loss=0.5568 val_loss=0.2438 val_accuracy=0.9478 val_macro_f1=0.9375 val_macro_auc=0.9937 (checkpoint_metric=macro_auc)
2026-09-29 21:06:33,757 INFO train epoch 131/200 batch 35/178 (20%) running_loss=0.5444
2026-09-29 21:06:43,395 INFO train epoch 131/200 batch 70/178 (39%) running_loss=0.5382
2026-09-29 21:06:53,021 INFO train epoch 131/200 batch 105/178 (59%) running_loss=0.5429
2026-09-29 21:07:02,808 INFO train epoch 131/200 batch 140/178 (79%) running_loss=0.5470
2026-09-29 21:07:12,423 INFO train epoch 131/200 batch 175/178 (98%) running_loss=0.5495
2026-09-29 21:07:13,171 INFO train epoch 131/200 batch 178/178 (100%) running_loss=0.5500
2026-09-29 21:07:19,629 INFO epoch 131/200 done: train_loss=0.5500 val_loss=0.2558 val_accuracy=0.9389 val_macro_f1=0.9338 val_macro_auc=0.9922 (checkpoint_metric=macro_auc)
2026-09-29 21:07:29,669 INFO train epoch 132/200 batch 35/178 (20%) running_loss=0.5453
2026-09-29 21:07:39,258 INFO train epoch 132/200 batch 70/178 (39%) running_loss=0.5405
2026-09-29 21:07:48,827 INFO train epoch 132/200 batch 105/178 (59%) running_loss=0.5385
2026-09-29 21:07:58,566 INFO train epoch 132/200 batch 140/178 (79%) running_loss=0.5422
2026-09-29 21:08:08,146 INFO train epoch 132/200 batch 175/178 (98%) running_loss=0.5415
2026-09-29 21:08:08,891 INFO train epoch 132/200 batch 178/178 (100%) running_loss=0.5414
2026-09-29 21:08:15,338 INFO epoch 132/200 done: train_loss=0.5414 val_loss=0.2521 val_accuracy=0.9437 val_macro_f1=0.9350 val_macro_auc=0.9904 (checkpoint_metric=macro_auc)
2026-09-29 21:08:25,424 INFO train epoch 133/200 batch 35/178 (20%) running_loss=0.5341
2026-09-29 21:08:35,099 INFO train epoch 133/200 batch 70/178 (39%) running_loss=0.5370
2026-09-29 21:08:44,641 INFO train epoch 133/200 batch 105/178 (59%) running_loss=0.5360
2026-09-29 21:08:54,366 INFO train epoch 133/200 batch 140/178 (79%) running_loss=0.5367
2026-09-29 21:09:03,927 INFO train epoch 133/200 batch 175/178 (98%) running_loss=0.5388
2026-09-29 21:09:04,672 INFO train epoch 133/200 batch 178/178 (100%) running_loss=0.5393
2026-09-29 21:09:11,134 INFO epoch 133/200 done: train_loss=0.5393 val_loss=0.2659 val_accuracy=0.9313 val_macro_f1=0.9156 val_macro_auc=0.9920 (checkpoint_metric=macro_auc)
2026-09-29 21:09:21,194 INFO train epoch 134/200 batch 35/178 (20%) running_loss=0.5415
2026-09-29 21:09:30,854 INFO train epoch 134/200 batch 70/178 (39%) running_loss=0.5310
2026-09-29 21:09:40,428 INFO train epoch 134/200 batch 105/178 (59%) running_loss=0.5283
2026-09-29 21:09:50,218 INFO train epoch 134/200 batch 140/178 (79%) running_loss=0.5311
2026-09-29 21:09:59,816 INFO train epoch 134/200 batch 175/178 (98%) running_loss=0.5322
2026-09-29 21:10:00,566 INFO train epoch 134/200 batch 178/178 (100%) running_loss=0.5327
2026-09-29 21:10:07,027 INFO epoch 134/200 done: train_loss=0.5327 val_loss=0.2565 val_accuracy=0.9402 val_macro_f1=0.9210 val_macro_auc=0.9915 (checkpoint_metric=macro_auc)
2026-09-29 21:10:17,102 INFO train epoch 135/200 batch 35/178 (20%) running_loss=0.5083
2026-09-29 21:10:26,713 INFO train epoch 135/200 batch 70/178 (39%) running_loss=0.5189
2026-09-29 21:10:36,312 INFO train epoch 135/200 batch 105/178 (59%) running_loss=0.5281
2026-09-29 21:10:46,112 INFO train epoch 135/200 batch 140/178 (79%) running_loss=0.5324
2026-09-29 21:10:55,707 INFO train epoch 135/200 batch 175/178 (98%) running_loss=0.5326
2026-09-29 21:10:56,452 INFO train epoch 135/200 batch 178/178 (100%) running_loss=0.5327
2026-09-29 21:11:02,905 INFO epoch 135/200 done: train_loss=0.5327 val_loss=0.2410 val_accuracy=0.9478 val_macro_f1=0.9384 val_macro_auc=0.9936 (checkpoint_metric=macro_auc)
2026-09-29 21:11:12,887 INFO train epoch 136/200 batch 35/178 (20%) running_loss=0.5205
2026-09-29 21:11:22,493 INFO train epoch 136/200 batch 70/178 (39%) running_loss=0.5269
2026-09-29 21:11:32,075 INFO train epoch 136/200 batch 105/178 (59%) running_loss=0.5269
2026-09-29 21:11:41,863 INFO train epoch 136/200 batch 140/178 (79%) running_loss=0.5322
2026-09-29 21:11:51,523 INFO train epoch 136/200 batch 175/178 (98%) running_loss=0.5325
2026-09-29 21:11:52,270 INFO train epoch 136/200 batch 178/178 (100%) running_loss=0.5322
2026-09-29 21:11:58,725 INFO epoch 136/200 done: train_loss=0.5322 val_loss=0.2499 val_accuracy=0.9471 val_macro_f1=0.9402 val_macro_auc=0.9940 (checkpoint_metric=macro_auc)
2026-09-29 21:12:08,819 INFO train epoch 137/200 batch 35/178 (20%) running_loss=0.5285
2026-09-29 21:12:18,504 INFO train epoch 137/200 batch 70/178 (39%) running_loss=0.5361
2026-09-29 21:12:28,130 INFO train epoch 137/200 batch 105/178 (59%) running_loss=0.5329
2026-09-29 21:12:38,014 INFO train epoch 137/200 batch 140/178 (79%) running_loss=0.5341
2026-09-29 21:12:47,687 INFO train epoch 137/200 batch 175/178 (98%) running_loss=0.5331
2026-09-29 21:12:48,429 INFO train epoch 137/200 batch 178/178 (100%) running_loss=0.5333
2026-09-29 21:12:54,988 INFO epoch 137/200 done: train_loss=0.5333 val_loss=0.2381 val_accuracy=0.9492 val_macro_f1=0.9397 val_macro_auc=0.9934 (checkpoint_metric=macro_auc) [new best]
2026-09-29 21:13:05,071 INFO train epoch 138/200 batch 35/178 (20%) running_loss=0.5133
2026-09-29 21:13:14,666 INFO train epoch 138/200 batch 70/178 (39%) running_loss=0.5167
2026-09-29 21:13:24,247 INFO train epoch 138/200 batch 105/178 (59%) running_loss=0.5211
2026-09-29 21:13:34,061 INFO train epoch 138/200 batch 140/178 (79%) running_loss=0.5267
2026-09-29 21:13:43,644 INFO train epoch 138/200 batch 175/178 (98%) running_loss=0.5254
2026-09-29 21:13:44,391 INFO train epoch 138/200 batch 178/178 (100%) running_loss=0.5251
2026-09-29 21:13:50,835 INFO epoch 138/200 done: train_loss=0.5251 val_loss=0.2380 val_accuracy=0.9519 val_macro_f1=0.9424 val_macro_auc=0.9927 (checkpoint_metric=macro_auc)
2026-09-29 21:14:00,878 INFO train epoch 139/200 batch 35/178 (20%) running_loss=0.5558
2026-09-29 21:14:10,480 INFO train epoch 139/200 batch 70/178 (39%) running_loss=0.5430
2026-09-29 21:14:20,222 INFO train epoch 139/200 batch 105/178 (59%) running_loss=0.5414
2026-09-29 21:14:29,844 INFO train epoch 139/200 batch 140/178 (79%) running_loss=0.5354
2026-09-29 21:14:39,427 INFO train epoch 139/200 batch 175/178 (98%) running_loss=0.5317
2026-09-29 21:14:40,174 INFO train epoch 139/200 batch 178/178 (100%) running_loss=0.5310
2026-09-29 21:14:46,624 INFO epoch 139/200 done: train_loss=0.5310 val_loss=0.2637 val_accuracy=0.9375 val_macro_f1=0.9191 val_macro_auc=0.9902 (checkpoint_metric=macro_auc)
2026-09-29 21:14:56,720 INFO train epoch 140/200 batch 35/178 (20%) running_loss=0.5327
2026-09-29 21:15:06,492 INFO train epoch 140/200 batch 70/178 (39%) running_loss=0.5336
2026-09-29 21:15:16,099 INFO train epoch 140/200 batch 105/178 (59%) running_loss=0.5355
2026-09-29 21:15:25,676 INFO train epoch 140/200 batch 140/178 (79%) running_loss=0.5335
2026-09-29 21:15:35,268 INFO train epoch 140/200 batch 175/178 (98%) running_loss=0.5323
2026-09-29 21:15:36,018 INFO train epoch 140/200 batch 178/178 (100%) running_loss=0.5322
2026-09-29 21:15:42,463 INFO epoch 140/200 done: train_loss=0.5322 val_loss=0.2408 val_accuracy=0.9423 val_macro_f1=0.9312 val_macro_auc=0.9931 (checkpoint_metric=macro_auc)
2026-09-29 21:15:52,520 INFO train epoch 141/200 batch 35/178 (20%) running_loss=0.5347
2026-09-29 21:16:02,287 INFO train epoch 141/200 batch 70/178 (39%) running_loss=0.5298
2026-09-29 21:16:11,883 INFO train epoch 141/200 batch 105/178 (59%) running_loss=0.5331
2026-09-29 21:16:21,439 INFO train epoch 141/200 batch 140/178 (79%) running_loss=0.5357
2026-09-29 21:16:31,002 INFO train epoch 141/200 batch 175/178 (98%) running_loss=0.5357
2026-09-29 21:16:31,743 INFO train epoch 141/200 batch 178/178 (100%) running_loss=0.5355
2026-09-29 21:16:38,200 INFO epoch 141/200 done: train_loss=0.5355 val_loss=0.2292 val_accuracy=0.9485 val_macro_f1=0.9405 val_macro_auc=0.9919 (checkpoint_metric=macro_auc)
2026-09-29 21:16:48,441 INFO train epoch 142/200 batch 35/178 (20%) running_loss=0.5257
2026-09-29 21:16:58,079 INFO train epoch 142/200 batch 70/178 (39%) running_loss=0.5179
2026-09-29 21:17:07,784 INFO train epoch 142/200 batch 105/178 (59%) running_loss=0.5247
2026-09-29 21:17:17,394 INFO train epoch 142/200 batch 140/178 (79%) running_loss=0.5286
2026-09-29 21:17:27,113 INFO train epoch 142/200 batch 175/178 (98%) running_loss=0.5283
2026-09-29 21:17:27,864 INFO train epoch 142/200 batch 178/178 (100%) running_loss=0.5284
2026-09-29 21:17:34,331 INFO epoch 142/200 done: train_loss=0.5284 val_loss=0.2533 val_accuracy=0.9423 val_macro_f1=0.9313 val_macro_auc=0.9904 (checkpoint_metric=macro_auc)
2026-09-29 21:17:44,424 INFO train epoch 143/200 batch 35/178 (20%) running_loss=0.5288
2026-09-29 21:17:54,058 INFO train epoch 143/200 batch 70/178 (39%) running_loss=0.5232
2026-09-29 21:18:03,648 INFO train epoch 143/200 batch 105/178 (59%) running_loss=0.5249
2026-09-29 21:18:13,238 INFO train epoch 143/200 batch 140/178 (79%) running_loss=0.5245
2026-09-29 21:18:23,010 INFO train epoch 143/200 batch 175/178 (98%) running_loss=0.5261
2026-09-29 21:18:23,753 INFO train epoch 143/200 batch 178/178 (100%) running_loss=0.5258
2026-09-29 21:18:30,201 INFO epoch 143/200 done: train_loss=0.5258 val_loss=0.2513 val_accuracy=0.9402 val_macro_f1=0.9257 val_macro_auc=0.9926 (checkpoint_metric=macro_auc)
2026-09-29 21:18:40,275 INFO train epoch 144/200 batch 35/178 (20%) running_loss=0.5310
2026-09-29 21:18:49,891 INFO train epoch 144/200 batch 70/178 (39%) running_loss=0.5165
2026-09-29 21:18:59,505 INFO train epoch 144/200 batch 105/178 (59%) running_loss=0.5176
2026-09-29 21:19:09,323 INFO train epoch 144/200 batch 140/178 (79%) running_loss=0.5176
2026-09-29 21:19:18,999 INFO train epoch 144/200 batch 175/178 (98%) running_loss=0.5205
2026-09-29 21:19:19,759 INFO train epoch 144/200 batch 178/178 (100%) running_loss=0.5210
2026-09-29 21:19:26,229 INFO epoch 144/200 done: train_loss=0.5210 val_loss=0.2468 val_accuracy=0.9444 val_macro_f1=0.9323 val_macro_auc=0.9916 (checkpoint_metric=macro_auc)
2026-09-29 21:19:36,266 INFO train epoch 145/200 batch 35/178 (20%) running_loss=0.5087
2026-09-29 21:19:45,879 INFO train epoch 145/200 batch 70/178 (39%) running_loss=0.5161
2026-09-29 21:19:55,520 INFO train epoch 145/200 batch 105/178 (59%) running_loss=0.5184
2026-09-29 21:20:05,358 INFO train epoch 145/200 batch 140/178 (79%) running_loss=0.5187
2026-09-29 21:20:14,990 INFO train epoch 145/200 batch 175/178 (98%) running_loss=0.5189
2026-09-29 21:20:15,741 INFO train epoch 145/200 batch 178/178 (100%) running_loss=0.5184
2026-09-29 21:20:22,210 INFO epoch 145/200 done: train_loss=0.5184 val_loss=0.2470 val_accuracy=0.9471 val_macro_f1=0.9362 val_macro_auc=0.9928 (checkpoint_metric=macro_auc)
2026-09-29 21:20:32,250 INFO train epoch 146/200 batch 35/178 (20%) running_loss=0.5166
2026-09-29 21:20:41,826 INFO train epoch 146/200 batch 70/178 (39%) running_loss=0.5184
2026-09-29 21:20:51,426 INFO train epoch 146/200 batch 105/178 (59%) running_loss=0.5184
2026-09-29 21:21:01,188 INFO train epoch 146/200 batch 140/178 (79%) running_loss=0.5172
2026-09-29 21:21:10,754 INFO train epoch 146/200 batch 175/178 (98%) running_loss=0.5170
2026-09-29 21:21:11,498 INFO train epoch 146/200 batch 178/178 (100%) running_loss=0.5175
2026-09-29 21:21:17,942 INFO epoch 146/200 done: train_loss=0.5175 val_loss=0.2384 val_accuracy=0.9519 val_macro_f1=0.9441 val_macro_auc=0.9928 (checkpoint_metric=macro_auc)
2026-09-29 21:21:27,973 INFO train epoch 147/200 batch 35/178 (20%) running_loss=0.5113
2026-09-29 21:21:37,551 INFO train epoch 147/200 batch 70/178 (39%) running_loss=0.5144
2026-09-29 21:21:47,161 INFO train epoch 147/200 batch 105/178 (59%) running_loss=0.5187
2026-09-29 21:21:57,011 INFO train epoch 147/200 batch 140/178 (79%) running_loss=0.5153
2026-09-29 21:22:06,614 INFO train epoch 147/200 batch 175/178 (98%) running_loss=0.5173
2026-09-29 21:22:07,360 INFO train epoch 147/200 batch 178/178 (100%) running_loss=0.5181
2026-09-29 21:22:13,813 INFO epoch 147/200 done: train_loss=0.5181 val_loss=0.2423 val_accuracy=0.9437 val_macro_f1=0.9333 val_macro_auc=0.9920 (checkpoint_metric=macro_auc)
2026-09-29 21:22:23,838 INFO train epoch 148/200 batch 35/178 (20%) running_loss=0.5164
2026-09-29 21:22:33,543 INFO train epoch 148/200 batch 70/178 (39%) running_loss=0.5175
2026-09-29 21:22:43,216 INFO train epoch 148/200 batch 105/178 (59%) running_loss=0.5166
2026-09-29 21:22:53,036 INFO train epoch 148/200 batch 140/178 (79%) running_loss=0.5187
2026-09-29 21:23:02,754 INFO train epoch 148/200 batch 175/178 (98%) running_loss=0.5204
2026-09-29 21:23:03,500 INFO train epoch 148/200 batch 178/178 (100%) running_loss=0.5208
2026-09-29 21:23:09,969 INFO epoch 148/200 done: train_loss=0.5208 val_loss=0.2489 val_accuracy=0.9464 val_macro_f1=0.9337 val_macro_auc=0.9923 (checkpoint_metric=macro_auc)
2026-09-29 21:23:20,043 INFO train epoch 149/200 batch 35/178 (20%) running_loss=0.5085
2026-09-29 21:23:29,707 INFO train epoch 149/200 batch 70/178 (39%) running_loss=0.5170
2026-09-29 21:23:39,344 INFO train epoch 149/200 batch 105/178 (59%) running_loss=0.5172
2026-09-29 21:23:48,968 INFO train epoch 149/200 batch 140/178 (79%) running_loss=0.5163
2026-09-29 21:23:58,650 INFO train epoch 149/200 batch 175/178 (98%) running_loss=0.5171
2026-09-29 21:23:59,405 INFO train epoch 149/200 batch 178/178 (100%) running_loss=0.5171
2026-09-29 21:24:05,865 INFO epoch 149/200 done: train_loss=0.5171 val_loss=0.2467 val_accuracy=0.9464 val_macro_f1=0.9358 val_macro_auc=0.9917 (checkpoint_metric=macro_auc)
2026-09-29 21:24:16,017 INFO train epoch 150/200 batch 35/178 (20%) running_loss=0.5260
2026-09-29 21:24:25,917 INFO train epoch 150/200 batch 70/178 (39%) running_loss=0.5250
2026-09-29 21:24:35,573 INFO train epoch 150/200 batch 105/178 (59%) running_loss=0.5207
2026-09-29 21:24:45,240 INFO train epoch 150/200 batch 140/178 (79%) running_loss=0.5174
2026-09-29 21:24:54,906 INFO train epoch 150/200 batch 175/178 (98%) running_loss=0.5158
2026-09-29 21:24:55,663 INFO train epoch 150/200 batch 178/178 (100%) running_loss=0.5167
2026-09-29 21:25:02,130 INFO epoch 150/200 done: train_loss=0.5167 val_loss=0.2343 val_accuracy=0.9492 val_macro_f1=0.9403 val_macro_auc=0.9925 (checkpoint_metric=macro_auc)
2026-09-29 21:25:12,208 INFO train epoch 151/200 batch 35/178 (20%) running_loss=0.5294
2026-09-29 21:25:21,932 INFO train epoch 151/200 batch 70/178 (39%) running_loss=0.5196
2026-09-29 21:25:31,756 INFO train epoch 151/200 batch 105/178 (59%) running_loss=0.5205
2026-09-29 21:25:41,429 INFO train epoch 151/200 batch 140/178 (79%) running_loss=0.5177
2026-09-29 21:25:51,074 INFO train epoch 151/200 batch 175/178 (98%) running_loss=0.5179
2026-09-29 21:25:51,825 INFO train epoch 151/200 batch 178/178 (100%) running_loss=0.5185
2026-09-29 21:25:58,278 INFO epoch 151/200 done: train_loss=0.5185 val_loss=0.2394 val_accuracy=0.9464 val_macro_f1=0.9342 val_macro_auc=0.9928 (checkpoint_metric=macro_auc)
2026-09-29 21:26:08,440 INFO train epoch 152/200 batch 35/178 (20%) running_loss=0.5143
2026-09-29 21:26:18,092 INFO train epoch 152/200 batch 70/178 (39%) running_loss=0.5186
2026-09-29 21:26:27,885 INFO train epoch 152/200 batch 105/178 (59%) running_loss=0.5153
2026-09-29 21:26:37,515 INFO train epoch 152/200 batch 140/178 (79%) running_loss=0.5148
2026-09-29 21:26:47,189 INFO train epoch 152/200 batch 175/178 (98%) running_loss=0.5135
2026-09-29 21:26:47,943 INFO train epoch 152/200 batch 178/178 (100%) running_loss=0.5129
2026-09-29 21:26:54,407 INFO epoch 152/200 done: train_loss=0.5129 val_loss=0.2347 val_accuracy=0.9464 val_macro_f1=0.9358 val_macro_auc=0.9926 (checkpoint_metric=macro_auc)
2026-09-29 21:27:04,503 INFO train epoch 153/200 batch 35/178 (20%) running_loss=0.5151
2026-09-29 21:27:14,125 INFO train epoch 153/200 batch 70/178 (39%) running_loss=0.5113
2026-09-29 21:27:23,727 INFO train epoch 153/200 batch 105/178 (59%) running_loss=0.5173
2026-09-29 21:27:33,464 INFO train epoch 153/200 batch 140/178 (79%) running_loss=0.5140
2026-09-29 21:27:43,035 INFO train epoch 153/200 batch 175/178 (98%) running_loss=0.5132
2026-09-29 21:27:43,778 INFO train epoch 153/200 batch 178/178 (100%) running_loss=0.5134
2026-09-29 21:27:50,241 INFO epoch 153/200 done: train_loss=0.5134 val_loss=0.2300 val_accuracy=0.9519 val_macro_f1=0.9427 val_macro_auc=0.9918 (checkpoint_metric=macro_auc)
2026-09-29 21:28:00,278 INFO train epoch 154/200 batch 35/178 (20%) running_loss=0.5078
2026-09-29 21:28:09,867 INFO train epoch 154/200 batch 70/178 (39%) running_loss=0.5070
2026-09-29 21:28:19,434 INFO train epoch 154/200 batch 105/178 (59%) running_loss=0.5079
2026-09-29 21:28:29,154 INFO train epoch 154/200 batch 140/178 (79%) running_loss=0.5103
2026-09-29 21:28:38,714 INFO train epoch 154/200 batch 175/178 (98%) running_loss=0.5107
2026-09-29 21:28:39,457 INFO train epoch 154/200 batch 178/178 (100%) running_loss=0.5106
2026-09-29 21:28:45,930 INFO epoch 154/200 done: train_loss=0.5106 val_loss=0.2451 val_accuracy=0.9451 val_macro_f1=0.9409 val_macro_auc=0.9909 (checkpoint_metric=macro_auc)
2026-09-29 21:28:56,035 INFO train epoch 155/200 batch 35/178 (20%) running_loss=0.5274
2026-09-29 21:29:05,697 INFO train epoch 155/200 batch 70/178 (39%) running_loss=0.5224
2026-09-29 21:29:15,363 INFO train epoch 155/200 batch 105/178 (59%) running_loss=0.5192
2026-09-29 21:29:25,153 INFO train epoch 155/200 batch 140/178 (79%) running_loss=0.5144
2026-09-29 21:29:34,736 INFO train epoch 155/200 batch 175/178 (98%) running_loss=0.5133
2026-09-29 21:29:35,486 INFO train epoch 155/200 batch 178/178 (100%) running_loss=0.5126
2026-09-29 21:29:41,944 INFO epoch 155/200 done: train_loss=0.5126 val_loss=0.2340 val_accuracy=0.9526 val_macro_f1=0.9471 val_macro_auc=0.9925 (checkpoint_metric=macro_auc)
2026-09-29 21:29:52,115 INFO train epoch 156/200 batch 35/178 (20%) running_loss=0.5108
2026-09-29 21:30:01,765 INFO train epoch 156/200 batch 70/178 (39%) running_loss=0.5110
2026-09-29 21:30:11,412 INFO train epoch 156/200 batch 105/178 (59%) running_loss=0.5116
2026-09-29 21:30:21,200 INFO train epoch 156/200 batch 140/178 (79%) running_loss=0.5102
2026-09-29 21:30:30,824 INFO train epoch 156/200 batch 175/178 (98%) running_loss=0.5104
2026-09-29 21:30:31,574 INFO train epoch 156/200 batch 178/178 (100%) running_loss=0.5099
2026-09-29 21:30:38,034 INFO epoch 156/200 done: train_loss=0.5099 val_loss=0.2366 val_accuracy=0.9499 val_macro_f1=0.9423 val_macro_auc=0.9907 (checkpoint_metric=macro_auc)
2026-09-29 21:30:48,135 INFO train epoch 157/200 batch 35/178 (20%) running_loss=0.5191
2026-09-29 21:30:57,745 INFO train epoch 157/200 batch 70/178 (39%) running_loss=0.5155
2026-09-29 21:31:07,395 INFO train epoch 157/200 batch 105/178 (59%) running_loss=0.5105
2026-09-29 21:31:17,261 INFO train epoch 157/200 batch 140/178 (79%) running_loss=0.5133
2026-09-29 21:31:26,950 INFO train epoch 157/200 batch 175/178 (98%) running_loss=0.5108
2026-09-29 21:31:27,709 INFO train epoch 157/200 batch 178/178 (100%) running_loss=0.5110
2026-09-29 21:31:34,171 INFO epoch 157/200 done: train_loss=0.5110 val_loss=0.2343 val_accuracy=0.9471 val_macro_f1=0.9353 val_macro_auc=0.9915 (checkpoint_metric=macro_auc)
2026-09-29 21:31:44,346 INFO train epoch 158/200 batch 35/178 (20%) running_loss=0.4992
2026-09-29 21:31:54,144 INFO train epoch 158/200 batch 70/178 (39%) running_loss=0.5071
2026-09-29 21:32:03,864 INFO train epoch 158/200 batch 105/178 (59%) running_loss=0.5049
2026-09-29 21:32:13,612 INFO train epoch 158/200 batch 140/178 (79%) running_loss=0.5018
2026-09-29 21:32:23,334 INFO train epoch 158/200 batch 175/178 (98%) running_loss=0.5028
2026-09-29 21:32:24,090 INFO train epoch 158/200 batch 178/178 (100%) running_loss=0.5026
2026-09-29 21:32:30,543 INFO epoch 158/200 done: train_loss=0.5026 val_loss=0.2492 val_accuracy=0.9464 val_macro_f1=0.9340 val_macro_auc=0.9907 (checkpoint_metric=macro_auc)
2026-09-29 21:32:40,664 INFO train epoch 159/200 batch 35/178 (20%) running_loss=0.4972
2026-09-29 21:32:50,479 INFO train epoch 159/200 batch 70/178 (39%) running_loss=0.5080
2026-09-29 21:33:00,107 INFO train epoch 159/200 batch 105/178 (59%) running_loss=0.5079
2026-09-29 21:33:09,719 INFO train epoch 159/200 batch 140/178 (79%) running_loss=0.5042
2026-09-29 21:33:19,352 INFO train epoch 159/200 batch 175/178 (98%) running_loss=0.5029
2026-09-29 21:33:20,101 INFO train epoch 159/200 batch 178/178 (100%) running_loss=0.5026
2026-09-29 21:33:26,562 INFO epoch 159/200 done: train_loss=0.5026 val_loss=0.2478 val_accuracy=0.9451 val_macro_f1=0.9347 val_macro_auc=0.9902 (checkpoint_metric=macro_auc)
2026-09-29 21:33:36,668 INFO train epoch 160/200 batch 35/178 (20%) running_loss=0.5011
2026-09-29 21:33:46,321 INFO train epoch 160/200 batch 70/178 (39%) running_loss=0.5067
2026-09-29 21:33:56,143 INFO train epoch 160/200 batch 105/178 (59%) running_loss=0.5044
2026-09-29 21:34:05,801 INFO train epoch 160/200 batch 140/178 (79%) running_loss=0.5098
2026-09-29 21:34:15,409 INFO train epoch 160/200 batch 175/178 (98%) running_loss=0.5096
2026-09-29 21:34:16,153 INFO train epoch 160/200 batch 178/178 (100%) running_loss=0.5094
2026-09-29 21:34:22,619 INFO epoch 160/200 done: train_loss=0.5094 val_loss=0.2345 val_accuracy=0.9526 val_macro_f1=0.9440 val_macro_auc=0.9909 (checkpoint_metric=macro_auc)
2026-09-29 21:34:32,858 INFO train epoch 161/200 batch 35/178 (20%) running_loss=0.4937
2026-09-29 21:34:42,510 INFO train epoch 161/200 batch 70/178 (39%) running_loss=0.5025
2026-09-29 21:34:52,325 INFO train epoch 161/200 batch 105/178 (59%) running_loss=0.5011
2026-09-29 21:35:01,982 INFO train epoch 161/200 batch 140/178 (79%) running_loss=0.4980
2026-09-29 21:35:11,660 INFO train epoch 161/200 batch 175/178 (98%) running_loss=0.4961
2026-09-29 21:35:12,421 INFO train epoch 161/200 batch 178/178 (100%) running_loss=0.4958
2026-09-29 21:35:18,893 INFO epoch 161/200 done: train_loss=0.4958 val_loss=0.2456 val_accuracy=0.9478 val_macro_f1=0.9395 val_macro_auc=0.9904 (checkpoint_metric=macro_auc)
2026-09-29 21:35:29,022 INFO train epoch 162/200 batch 35/178 (20%) running_loss=0.4878
2026-09-29 21:35:38,692 INFO train epoch 162/200 batch 70/178 (39%) running_loss=0.4996
2026-09-29 21:35:48,370 INFO train epoch 162/200 batch 105/178 (59%) running_loss=0.5007
2026-09-29 21:35:58,160 INFO train epoch 162/200 batch 140/178 (79%) running_loss=0.5011
2026-09-29 21:36:07,782 INFO train epoch 162/200 batch 175/178 (98%) running_loss=0.4995
2026-09-29 21:36:08,532 INFO train epoch 162/200 batch 178/178 (100%) running_loss=0.4994
2026-09-29 21:36:14,993 INFO epoch 162/200 done: train_loss=0.4994 val_loss=0.2488 val_accuracy=0.9512 val_macro_f1=0.9420 val_macro_auc=0.9917 (checkpoint_metric=macro_auc)
2026-09-29 21:36:25,215 INFO train epoch 163/200 batch 35/178 (20%) running_loss=0.4954
2026-09-29 21:36:34,952 INFO train epoch 163/200 batch 70/178 (39%) running_loss=0.4931
2026-09-29 21:36:44,625 INFO train epoch 163/200 batch 105/178 (59%) running_loss=0.4946
2026-09-29 21:36:54,454 INFO train epoch 163/200 batch 140/178 (79%) running_loss=0.4991
2026-09-29 21:37:04,105 INFO train epoch 163/200 batch 175/178 (98%) running_loss=0.4982
2026-09-29 21:37:04,861 INFO train epoch 163/200 batch 178/178 (100%) running_loss=0.4985
2026-09-29 21:37:11,352 INFO epoch 163/200 done: train_loss=0.4985 val_loss=0.2311 val_accuracy=0.9519 val_macro_f1=0.9444 val_macro_auc=0.9938 (checkpoint_metric=macro_auc)
2026-09-29 21:37:21,478 INFO train epoch 164/200 batch 35/178 (20%) running_loss=0.4964
2026-09-29 21:37:31,114 INFO train epoch 164/200 batch 70/178 (39%) running_loss=0.4955
2026-09-29 21:37:40,763 INFO train epoch 164/200 batch 105/178 (59%) running_loss=0.4992
2026-09-29 21:37:50,547 INFO train epoch 164/200 batch 140/178 (79%) running_loss=0.5002
2026-09-29 21:38:00,151 INFO train epoch 164/200 batch 175/178 (98%) running_loss=0.4974
2026-09-29 21:38:00,908 INFO train epoch 164/200 batch 178/178 (100%) running_loss=0.4977
2026-09-29 21:38:07,372 INFO epoch 164/200 done: train_loss=0.4977 val_loss=0.2348 val_accuracy=0.9499 val_macro_f1=0.9424 val_macro_auc=0.9921 (checkpoint_metric=macro_auc)
2026-09-29 21:38:17,576 INFO train epoch 165/200 batch 35/178 (20%) running_loss=0.4981
2026-09-29 21:38:27,260 INFO train epoch 165/200 batch 70/178 (39%) running_loss=0.4978
2026-09-29 21:38:36,939 INFO train epoch 165/200 batch 105/178 (59%) running_loss=0.4944
2026-09-29 21:38:46,731 INFO train epoch 165/200 batch 140/178 (79%) running_loss=0.4957
2026-09-29 21:38:56,351 INFO train epoch 165/200 batch 175/178 (98%) running_loss=0.4972
2026-09-29 21:38:57,098 INFO train epoch 165/200 batch 178/178 (100%) running_loss=0.4974
2026-09-29 21:39:03,568 INFO epoch 165/200 done: train_loss=0.4974 val_loss=0.2375 val_accuracy=0.9499 val_macro_f1=0.9417 val_macro_auc=0.9923 (checkpoint_metric=macro_auc)
2026-09-29 21:39:13,605 INFO train epoch 166/200 batch 35/178 (20%) running_loss=0.5036
2026-09-29 21:39:23,297 INFO train epoch 166/200 batch 70/178 (39%) running_loss=0.5015
2026-09-29 21:39:32,963 INFO train epoch 166/200 batch 105/178 (59%) running_loss=0.5023
2026-09-29 21:39:42,779 INFO train epoch 166/200 batch 140/178 (79%) running_loss=0.4986
2026-09-29 21:39:52,407 INFO train epoch 166/200 batch 175/178 (98%) running_loss=0.4985
2026-09-29 21:39:53,157 INFO train epoch 166/200 batch 178/178 (100%) running_loss=0.4983
2026-09-29 21:39:59,621 INFO epoch 166/200 done: train_loss=0.4983 val_loss=0.2467 val_accuracy=0.9485 val_macro_f1=0.9377 val_macro_auc=0.9904 (checkpoint_metric=macro_auc)
2026-09-29 21:40:09,732 INFO train epoch 167/200 batch 35/178 (20%) running_loss=0.4870
2026-09-29 21:40:19,421 INFO train epoch 167/200 batch 70/178 (39%) running_loss=0.4870
2026-09-29 21:40:29,071 INFO train epoch 167/200 batch 105/178 (59%) running_loss=0.4901
2026-09-29 21:40:38,860 INFO train epoch 167/200 batch 140/178 (79%) running_loss=0.4933
2026-09-29 21:40:48,454 INFO train epoch 167/200 batch 175/178 (98%) running_loss=0.4909
2026-09-29 21:40:49,200 INFO train epoch 167/200 batch 178/178 (100%) running_loss=0.4906
2026-09-29 21:40:55,666 INFO epoch 167/200 done: train_loss=0.4906 val_loss=0.2302 val_accuracy=0.9512 val_macro_f1=0.9438 val_macro_auc=0.9926 (checkpoint_metric=macro_auc)
2026-09-29 21:41:05,785 INFO train epoch 168/200 batch 35/178 (20%) running_loss=0.4992
2026-09-29 21:41:15,421 INFO train epoch 168/200 batch 70/178 (39%) running_loss=0.4951
2026-09-29 21:41:25,086 INFO train epoch 168/200 batch 105/178 (59%) running_loss=0.4958
2026-09-29 21:41:34,911 INFO train epoch 168/200 batch 140/178 (79%) running_loss=0.4948
2026-09-29 21:41:44,569 INFO train epoch 168/200 batch 175/178 (98%) running_loss=0.4954
2026-09-29 21:41:45,328 INFO train epoch 168/200 batch 178/178 (100%) running_loss=0.4947
2026-09-29 21:41:51,807 INFO epoch 168/200 done: train_loss=0.4947 val_loss=0.2321 val_accuracy=0.9533 val_macro_f1=0.9462 val_macro_auc=0.9920 (checkpoint_metric=macro_auc)
2026-09-29 21:42:01,888 INFO train epoch 169/200 batch 35/178 (20%) running_loss=0.4983
2026-09-29 21:42:11,508 INFO train epoch 169/200 batch 70/178 (39%) running_loss=0.5008
2026-09-29 21:42:21,192 INFO train epoch 169/200 batch 105/178 (59%) running_loss=0.4962
2026-09-29 21:42:30,854 INFO train epoch 169/200 batch 140/178 (79%) running_loss=0.4947
2026-09-29 21:42:40,553 INFO train epoch 169/200 batch 175/178 (98%) running_loss=0.4946
2026-09-29 21:42:41,306 INFO train epoch 169/200 batch 178/178 (100%) running_loss=0.4947
2026-09-29 21:42:47,755 INFO epoch 169/200 done: train_loss=0.4947 val_loss=0.2406 val_accuracy=0.9499 val_macro_f1=0.9407 val_macro_auc=0.9919 (checkpoint_metric=macro_auc)
2026-09-29 21:42:58,007 INFO train epoch 170/200 batch 35/178 (20%) running_loss=0.4995
2026-09-29 21:43:07,715 INFO train epoch 170/200 batch 70/178 (39%) running_loss=0.5004
2026-09-29 21:43:17,408 INFO train epoch 170/200 batch 105/178 (59%) running_loss=0.4984
2026-09-29 21:43:27,068 INFO train epoch 170/200 batch 140/178 (79%) running_loss=0.4938
2026-09-29 21:43:36,689 INFO train epoch 170/200 batch 175/178 (98%) running_loss=0.4936
2026-09-29 21:43:37,435 INFO train epoch 170/200 batch 178/178 (100%) running_loss=0.4938
2026-09-29 21:43:43,908 INFO epoch 170/200 done: train_loss=0.4938 val_loss=0.2341 val_accuracy=0.9526 val_macro_f1=0.9446 val_macro_auc=0.9928 (checkpoint_metric=macro_auc)
2026-09-29 21:43:54,079 INFO train epoch 171/200 batch 35/178 (20%) running_loss=0.5075
2026-09-29 21:44:03,910 INFO train epoch 171/200 batch 70/178 (39%) running_loss=0.4984
2026-09-29 21:44:13,555 INFO train epoch 171/200 batch 105/178 (59%) running_loss=0.4959
2026-09-29 21:44:23,193 INFO train epoch 171/200 batch 140/178 (79%) running_loss=0.4930
2026-09-29 21:44:32,859 INFO train epoch 171/200 batch 175/178 (98%) running_loss=0.4935
2026-09-29 21:44:33,610 INFO train epoch 171/200 batch 178/178 (100%) running_loss=0.4941
2026-09-29 21:44:40,072 INFO epoch 171/200 done: train_loss=0.4941 val_loss=0.2383 val_accuracy=0.9533 val_macro_f1=0.9441 val_macro_auc=0.9926 (checkpoint_metric=macro_auc)
2026-09-29 21:44:50,179 INFO train epoch 172/200 batch 35/178 (20%) running_loss=0.4942
2026-09-29 21:44:59,819 INFO train epoch 172/200 batch 70/178 (39%) running_loss=0.4959
2026-09-29 21:45:09,690 INFO train epoch 172/200 batch 105/178 (59%) running_loss=0.4944
2026-09-29 21:45:19,385 INFO train epoch 172/200 batch 140/178 (79%) running_loss=0.4967
2026-09-29 21:45:29,006 INFO train epoch 172/200 batch 175/178 (98%) running_loss=0.4955
2026-09-29 21:45:29,758 INFO train epoch 172/200 batch 178/178 (100%) running_loss=0.4953
2026-09-29 21:45:36,225 INFO epoch 172/200 done: train_loss=0.4953 val_loss=0.2357 val_accuracy=0.9505 val_macro_f1=0.9414 val_macro_auc=0.9931 (checkpoint_metric=macro_auc)
2026-09-29 21:45:46,317 INFO train epoch 173/200 batch 35/178 (20%) running_loss=0.4860
2026-09-29 21:45:55,963 INFO train epoch 173/200 batch 70/178 (39%) running_loss=0.4871
2026-09-29 21:46:05,601 INFO train epoch 173/200 batch 105/178 (59%) running_loss=0.4857
2026-09-29 21:46:15,446 INFO train epoch 173/200 batch 140/178 (79%) running_loss=0.4875
2026-09-29 21:46:25,066 INFO train epoch 173/200 batch 175/178 (98%) running_loss=0.4856
2026-09-29 21:46:25,811 INFO train epoch 173/200 batch 178/178 (100%) running_loss=0.4861
2026-09-29 21:46:32,266 INFO epoch 173/200 done: train_loss=0.4861 val_loss=0.2387 val_accuracy=0.9492 val_macro_f1=0.9385 val_macro_auc=0.9917 (checkpoint_metric=macro_auc)
2026-09-29 21:46:42,369 INFO train epoch 174/200 batch 35/178 (20%) running_loss=0.4894
2026-09-29 21:46:52,002 INFO train epoch 174/200 batch 70/178 (39%) running_loss=0.4921
2026-09-29 21:47:01,633 INFO train epoch 174/200 batch 105/178 (59%) running_loss=0.4943
2026-09-29 21:47:11,443 INFO train epoch 174/200 batch 140/178 (79%) running_loss=0.4940
2026-09-29 21:47:21,135 INFO train epoch 174/200 batch 175/178 (98%) running_loss=0.4939
2026-09-29 21:47:21,893 INFO train epoch 174/200 batch 178/178 (100%) running_loss=0.4941
2026-09-29 21:47:28,359 INFO epoch 174/200 done: train_loss=0.4941 val_loss=0.2379 val_accuracy=0.9505 val_macro_f1=0.9416 val_macro_auc=0.9921 (checkpoint_metric=macro_auc)
2026-09-29 21:47:38,452 INFO train epoch 175/200 batch 35/178 (20%) running_loss=0.5060
2026-09-29 21:47:48,059 INFO train epoch 175/200 batch 70/178 (39%) running_loss=0.4945
2026-09-29 21:47:57,673 INFO train epoch 175/200 batch 105/178 (59%) running_loss=0.4926
2026-09-29 21:48:07,437 INFO train epoch 175/200 batch 140/178 (79%) running_loss=0.4941
2026-09-29 21:48:17,067 INFO train epoch 175/200 batch 175/178 (98%) running_loss=0.4926
2026-09-29 21:48:17,818 INFO train epoch 175/200 batch 178/178 (100%) running_loss=0.4924
2026-09-29 21:48:24,284 INFO epoch 175/200 done: train_loss=0.4924 val_loss=0.2330 val_accuracy=0.9512 val_macro_f1=0.9411 val_macro_auc=0.9927 (checkpoint_metric=macro_auc)
2026-09-29 21:48:34,349 INFO train epoch 176/200 batch 35/178 (20%) running_loss=0.5018
2026-09-29 21:48:43,940 INFO train epoch 176/200 batch 70/178 (39%) running_loss=0.4943
2026-09-29 21:48:53,555 INFO train epoch 176/200 batch 105/178 (59%) running_loss=0.4916
2026-09-29 21:49:03,339 INFO train epoch 176/200 batch 140/178 (79%) running_loss=0.4899
2026-09-29 21:49:12,958 INFO train epoch 176/200 batch 175/178 (98%) running_loss=0.4895
2026-09-29 21:49:13,708 INFO train epoch 176/200 batch 178/178 (100%) running_loss=0.4892
2026-09-29 21:49:20,168 INFO epoch 176/200 done: train_loss=0.4892 val_loss=0.2363 val_accuracy=0.9533 val_macro_f1=0.9424 val_macro_auc=0.9925 (checkpoint_metric=macro_auc)
2026-09-29 21:49:30,273 INFO train epoch 177/200 batch 35/178 (20%) running_loss=0.4944
2026-09-29 21:49:39,895 INFO train epoch 177/200 batch 70/178 (39%) running_loss=0.4888
2026-09-29 21:49:49,507 INFO train epoch 177/200 batch 105/178 (59%) running_loss=0.4885
2026-09-29 21:49:59,300 INFO train epoch 177/200 batch 140/178 (79%) running_loss=0.4901
2026-09-29 21:50:08,903 INFO train epoch 177/200 batch 175/178 (98%) running_loss=0.4890
2026-09-29 21:50:09,653 INFO train epoch 177/200 batch 178/178 (100%) running_loss=0.4892
2026-09-29 21:50:16,126 INFO epoch 177/200 done: train_loss=0.4892 val_loss=0.2314 val_accuracy=0.9512 val_macro_f1=0.9397 val_macro_auc=0.9928 (checkpoint_metric=macro_auc)
2026-09-29 21:50:26,266 INFO train epoch 178/200 batch 35/178 (20%) running_loss=0.4904
2026-09-29 21:50:35,927 INFO train epoch 178/200 batch 70/178 (39%) running_loss=0.4840
2026-09-29 21:50:45,581 INFO train epoch 178/200 batch 105/178 (59%) running_loss=0.4829
2026-09-29 21:50:55,199 INFO train epoch 178/200 batch 140/178 (79%) running_loss=0.4824
2026-09-29 21:51:04,822 INFO train epoch 178/200 batch 175/178 (98%) running_loss=0.4822
2026-09-29 21:51:05,576 INFO train epoch 178/200 batch 178/178 (100%) running_loss=0.4827
2026-09-29 21:51:12,042 INFO epoch 178/200 done: train_loss=0.4827 val_loss=0.2379 val_accuracy=0.9499 val_macro_f1=0.9393 val_macro_auc=0.9925 (checkpoint_metric=macro_auc)
2026-09-29 21:51:22,163 INFO train epoch 179/200 batch 35/178 (20%) running_loss=0.4794
2026-09-29 21:51:31,915 INFO train epoch 179/200 batch 70/178 (39%) running_loss=0.4834
2026-09-29 21:51:41,530 INFO train epoch 179/200 batch 105/178 (59%) running_loss=0.4845
2026-09-29 21:51:51,221 INFO train epoch 179/200 batch 140/178 (79%) running_loss=0.4850
2026-09-29 21:52:00,838 INFO train epoch 179/200 batch 175/178 (98%) running_loss=0.4865
2026-09-29 21:52:01,587 INFO train epoch 179/200 batch 178/178 (100%) running_loss=0.4876
2026-09-29 21:52:08,039 INFO epoch 179/200 done: train_loss=0.4876 val_loss=0.2353 val_accuracy=0.9526 val_macro_f1=0.9435 val_macro_auc=0.9931 (checkpoint_metric=macro_auc)
2026-09-29 21:52:18,168 INFO train epoch 180/200 batch 35/178 (20%) running_loss=0.4872
2026-09-29 21:52:27,833 INFO train epoch 180/200 batch 70/178 (39%) running_loss=0.4880
2026-09-29 21:52:37,665 INFO train epoch 180/200 batch 105/178 (59%) running_loss=0.4889
2026-09-29 21:52:47,342 INFO train epoch 180/200 batch 140/178 (79%) running_loss=0.4876
2026-09-29 21:52:57,017 INFO train epoch 180/200 batch 175/178 (98%) running_loss=0.4883
2026-09-29 21:52:57,767 INFO train epoch 180/200 batch 178/178 (100%) running_loss=0.4884
2026-09-29 21:53:04,244 INFO epoch 180/200 done: train_loss=0.4884 val_loss=0.2390 val_accuracy=0.9526 val_macro_f1=0.9428 val_macro_auc=0.9924 (checkpoint_metric=macro_auc)
2026-09-29 21:53:14,322 INFO train epoch 181/200 batch 35/178 (20%) running_loss=0.4757
2026-09-29 21:53:23,950 INFO train epoch 181/200 batch 70/178 (39%) running_loss=0.4823
2026-09-29 21:53:33,722 INFO train epoch 181/200 batch 105/178 (59%) running_loss=0.4894
2026-09-29 21:53:43,328 INFO train epoch 181/200 batch 140/178 (79%) running_loss=0.4896
2026-09-29 21:53:52,922 INFO train epoch 181/200 batch 175/178 (98%) running_loss=0.4877
2026-09-29 21:53:53,668 INFO train epoch 181/200 batch 178/178 (100%) running_loss=0.4874
2026-09-29 21:54:00,138 INFO epoch 181/200 done: train_loss=0.4874 val_loss=0.2333 val_accuracy=0.9526 val_macro_f1=0.9425 val_macro_auc=0.9926 (checkpoint_metric=macro_auc)
2026-09-29 21:54:10,250 INFO train epoch 182/200 batch 35/178 (20%) running_loss=0.4925
2026-09-29 21:54:19,916 INFO train epoch 182/200 batch 70/178 (39%) running_loss=0.4904
2026-09-29 21:54:29,603 INFO train epoch 182/200 batch 105/178 (59%) running_loss=0.4870
2026-09-29 21:54:39,483 INFO train epoch 182/200 batch 140/178 (79%) running_loss=0.4881
2026-09-29 21:54:49,110 INFO train epoch 182/200 batch 175/178 (98%) running_loss=0.4877
2026-09-29 21:54:49,861 INFO train epoch 182/200 batch 178/178 (100%) running_loss=0.4875
2026-09-29 21:54:56,314 INFO epoch 182/200 done: train_loss=0.4875 val_loss=0.2357 val_accuracy=0.9519 val_macro_f1=0.9431 val_macro_auc=0.9917 (checkpoint_metric=macro_auc)
2026-09-29 21:55:06,413 INFO train epoch 183/200 batch 35/178 (20%) running_loss=0.4848
2026-09-29 21:55:16,045 INFO train epoch 183/200 batch 70/178 (39%) running_loss=0.4871
2026-09-29 21:55:25,685 INFO train epoch 183/200 batch 105/178 (59%) running_loss=0.4892
2026-09-29 21:55:35,514 INFO train epoch 183/200 batch 140/178 (79%) running_loss=0.4901
2026-09-29 21:55:45,143 INFO train epoch 183/200 batch 175/178 (98%) running_loss=0.4877
2026-09-29 21:55:45,896 INFO train epoch 183/200 batch 178/178 (100%) running_loss=0.4876
2026-09-29 21:55:52,359 INFO epoch 183/200 done: train_loss=0.4876 val_loss=0.2359 val_accuracy=0.9554 val_macro_f1=0.9465 val_macro_auc=0.9917 (checkpoint_metric=macro_auc)
2026-09-29 21:56:02,526 INFO train epoch 184/200 batch 35/178 (20%) running_loss=0.4950
2026-09-29 21:56:12,165 INFO train epoch 184/200 batch 70/178 (39%) running_loss=0.4898
2026-09-29 21:56:21,774 INFO train epoch 184/200 batch 105/178 (59%) running_loss=0.4873
2026-09-29 21:56:31,631 INFO train epoch 184/200 batch 140/178 (79%) running_loss=0.4882
2026-09-29 21:56:41,268 INFO train epoch 184/200 batch 175/178 (98%) running_loss=0.4882
2026-09-29 21:56:42,021 INFO train epoch 184/200 batch 178/178 (100%) running_loss=0.4886
2026-09-29 21:56:48,475 INFO epoch 184/200 done: train_loss=0.4886 val_loss=0.2393 val_accuracy=0.9519 val_macro_f1=0.9425 val_macro_auc=0.9920 (checkpoint_metric=macro_auc)
2026-09-29 21:56:58,558 INFO train epoch 185/200 batch 35/178 (20%) running_loss=0.4834
2026-09-29 21:57:08,177 INFO train epoch 185/200 batch 70/178 (39%) running_loss=0.4880
2026-09-29 21:57:17,793 INFO train epoch 185/200 batch 105/178 (59%) running_loss=0.4853
2026-09-29 21:57:27,579 INFO train epoch 185/200 batch 140/178 (79%) running_loss=0.4848
2026-09-29 21:57:37,151 INFO train epoch 185/200 batch 175/178 (98%) running_loss=0.4827
2026-09-29 21:57:37,901 INFO train epoch 185/200 batch 178/178 (100%) running_loss=0.4825
2026-09-29 21:57:44,365 INFO epoch 185/200 done: train_loss=0.4825 val_loss=0.2330 val_accuracy=0.9533 val_macro_f1=0.9437 val_macro_auc=0.9920 (checkpoint_metric=macro_auc)
2026-09-29 21:57:54,535 INFO train epoch 186/200 batch 35/178 (20%) running_loss=0.4862
2026-09-29 21:58:04,202 INFO train epoch 186/200 batch 70/178 (39%) running_loss=0.4859
2026-09-29 21:58:13,784 INFO train epoch 186/200 batch 105/178 (59%) running_loss=0.4879
2026-09-29 21:58:23,553 INFO train epoch 186/200 batch 140/178 (79%) running_loss=0.4863
2026-09-29 21:58:33,139 INFO train epoch 186/200 batch 175/178 (98%) running_loss=0.4863
2026-09-29 21:58:33,888 INFO train epoch 186/200 batch 178/178 (100%) running_loss=0.4860
2026-09-29 21:58:40,344 INFO epoch 186/200 done: train_loss=0.4860 val_loss=0.2400 val_accuracy=0.9499 val_macro_f1=0.9392 val_macro_auc=0.9919 (checkpoint_metric=macro_auc)
2026-09-29 21:58:50,406 INFO train epoch 187/200 batch 35/178 (20%) running_loss=0.4860
2026-09-29 21:59:00,008 INFO train epoch 187/200 batch 70/178 (39%) running_loss=0.4859
2026-09-29 21:59:09,623 INFO train epoch 187/200 batch 105/178 (59%) running_loss=0.4860
2026-09-29 21:59:19,395 INFO train epoch 187/200 batch 140/178 (79%) running_loss=0.4857
2026-09-29 21:59:28,997 INFO train epoch 187/200 batch 175/178 (98%) running_loss=0.4855
2026-09-29 21:59:29,742 INFO train epoch 187/200 batch 178/178 (100%) running_loss=0.4854
2026-09-29 21:59:36,188 INFO epoch 187/200 done: train_loss=0.4854 val_loss=0.2332 val_accuracy=0.9526 val_macro_f1=0.9432 val_macro_auc=0.9918 (checkpoint_metric=macro_auc)
2026-09-29 21:59:46,246 INFO train epoch 188/200 batch 35/178 (20%) running_loss=0.4877
2026-09-29 21:59:55,872 INFO train epoch 188/200 batch 70/178 (39%) running_loss=0.4828
2026-09-29 22:00:05,549 INFO train epoch 188/200 batch 105/178 (59%) running_loss=0.4812
2026-09-29 22:00:15,379 INFO train epoch 188/200 batch 140/178 (79%) running_loss=0.4816
2026-09-29 22:00:25,040 INFO train epoch 188/200 batch 175/178 (98%) running_loss=0.4827
2026-09-29 22:00:25,793 INFO train epoch 188/200 batch 178/178 (100%) running_loss=0.4824
2026-09-29 22:00:32,261 INFO epoch 188/200 done: train_loss=0.4824 val_loss=0.2350 val_accuracy=0.9526 val_macro_f1=0.9433 val_macro_auc=0.9923 (checkpoint_metric=macro_auc)
2026-09-29 22:00:42,340 INFO train epoch 189/200 batch 35/178 (20%) running_loss=0.4920
2026-09-29 22:00:51,955 INFO train epoch 189/200 batch 70/178 (39%) running_loss=0.4920
2026-09-29 22:01:01,588 INFO train epoch 189/200 batch 105/178 (59%) running_loss=0.4918
2026-09-29 22:01:11,370 INFO train epoch 189/200 batch 140/178 (79%) running_loss=0.4901
2026-09-29 22:01:21,005 INFO train epoch 189/200 batch 175/178 (98%) running_loss=0.4899
2026-09-29 22:01:21,754 INFO train epoch 189/200 batch 178/178 (100%) running_loss=0.4899
2026-09-29 22:01:28,201 INFO epoch 189/200 done: train_loss=0.4899 val_loss=0.2367 val_accuracy=0.9533 val_macro_f1=0.9436 val_macro_auc=0.9919 (checkpoint_metric=macro_auc)
2026-09-29 22:01:38,283 INFO train epoch 190/200 batch 35/178 (20%) running_loss=0.4843
2026-09-29 22:01:47,920 INFO train epoch 190/200 batch 70/178 (39%) running_loss=0.4856
2026-09-29 22:01:57,577 INFO train epoch 190/200 batch 105/178 (59%) running_loss=0.4873
2026-09-29 22:02:07,380 INFO train epoch 190/200 batch 140/178 (79%) running_loss=0.4852
2026-09-29 22:02:16,982 INFO train epoch 190/200 batch 175/178 (98%) running_loss=0.4854
2026-09-29 22:02:17,726 INFO train epoch 190/200 batch 178/178 (100%) running_loss=0.4853
2026-09-29 22:02:24,169 INFO epoch 190/200 done: train_loss=0.4853 val_loss=0.2408 val_accuracy=0.9533 val_macro_f1=0.9431 val_macro_auc=0.9921 (checkpoint_metric=macro_auc)
2026-09-29 22:02:34,217 INFO train epoch 191/200 batch 35/178 (20%) running_loss=0.4964
2026-09-29 22:02:43,850 INFO train epoch 191/200 batch 70/178 (39%) running_loss=0.4922
2026-09-29 22:02:53,497 INFO train epoch 191/200 batch 105/178 (59%) running_loss=0.4879
2026-09-29 22:03:03,314 INFO train epoch 191/200 batch 140/178 (79%) running_loss=0.4876
2026-09-29 22:03:12,945 INFO train epoch 191/200 batch 175/178 (98%) running_loss=0.4853
2026-09-29 22:03:13,692 INFO train epoch 191/200 batch 178/178 (100%) running_loss=0.4850
2026-09-29 22:03:20,155 INFO epoch 191/200 done: train_loss=0.4850 val_loss=0.2328 val_accuracy=0.9547 val_macro_f1=0.9449 val_macro_auc=0.9918 (checkpoint_metric=macro_auc)
2026-09-29 22:03:30,204 INFO train epoch 192/200 batch 35/178 (20%) running_loss=0.4861
2026-09-29 22:03:39,777 INFO train epoch 192/200 batch 70/178 (39%) running_loss=0.4830
2026-09-29 22:03:49,381 INFO train epoch 192/200 batch 105/178 (59%) running_loss=0.4833
2026-09-29 22:03:59,163 INFO train epoch 192/200 batch 140/178 (79%) running_loss=0.4830
2026-09-29 22:04:08,728 INFO train epoch 192/200 batch 175/178 (98%) running_loss=0.4804
2026-09-29 22:04:09,474 INFO train epoch 192/200 batch 178/178 (100%) running_loss=0.4804
2026-09-29 22:04:15,937 INFO epoch 192/200 done: train_loss=0.4804 val_loss=0.2346 val_accuracy=0.9526 val_macro_f1=0.9432 val_macro_auc=0.9917 (checkpoint_metric=macro_auc)
2026-09-29 22:04:25,971 INFO train epoch 193/200 batch 35/178 (20%) running_loss=0.4818
2026-09-29 22:04:35,577 INFO train epoch 193/200 batch 70/178 (39%) running_loss=0.4801
2026-09-29 22:04:45,191 INFO train epoch 193/200 batch 105/178 (59%) running_loss=0.4797
2026-09-29 22:04:54,970 INFO train epoch 193/200 batch 140/178 (79%) running_loss=0.4799
2026-09-29 22:05:04,600 INFO train epoch 193/200 batch 175/178 (98%) running_loss=0.4799
2026-09-29 22:05:05,347 INFO train epoch 193/200 batch 178/178 (100%) running_loss=0.4799
2026-09-29 22:05:11,798 INFO epoch 193/200 done: train_loss=0.4799 val_loss=0.2351 val_accuracy=0.9533 val_macro_f1=0.9438 val_macro_auc=0.9918 (checkpoint_metric=macro_auc)
2026-09-29 22:05:21,940 INFO train epoch 194/200 batch 35/178 (20%) running_loss=0.4766
2026-09-29 22:05:31,616 INFO train epoch 194/200 batch 70/178 (39%) running_loss=0.4804
2026-09-29 22:05:41,277 INFO train epoch 194/200 batch 105/178 (59%) running_loss=0.4795
2026-09-29 22:05:51,133 INFO train epoch 194/200 batch 140/178 (79%) running_loss=0.4816
2026-09-29 22:06:00,797 INFO train epoch 194/200 batch 175/178 (98%) running_loss=0.4813
2026-09-29 22:06:01,552 INFO train epoch 194/200 batch 178/178 (100%) running_loss=0.4812
2026-09-29 22:06:08,015 INFO epoch 194/200 done: train_loss=0.4812 val_loss=0.2355 val_accuracy=0.9547 val_macro_f1=0.9455 val_macro_auc=0.9920 (checkpoint_metric=macro_auc)
2026-09-29 22:06:18,085 INFO train epoch 195/200 batch 35/178 (20%) running_loss=0.4829
2026-09-29 22:06:27,691 INFO train epoch 195/200 batch 70/178 (39%) running_loss=0.4829
2026-09-29 22:06:37,315 INFO train epoch 195/200 batch 105/178 (59%) running_loss=0.4840
2026-09-29 22:06:47,090 INFO train epoch 195/200 batch 140/178 (79%) running_loss=0.4830
2026-09-29 22:06:56,670 INFO train epoch 195/200 batch 175/178 (98%) running_loss=0.4830
2026-09-29 22:06:57,414 INFO train epoch 195/200 batch 178/178 (100%) running_loss=0.4828
2026-09-29 22:07:03,891 INFO epoch 195/200 done: train_loss=0.4828 val_loss=0.2346 val_accuracy=0.9540 val_macro_f1=0.9445 val_macro_auc=0.9919 (checkpoint_metric=macro_auc)
2026-09-29 22:07:14,030 INFO train epoch 196/200 batch 35/178 (20%) running_loss=0.4856
2026-09-29 22:07:23,698 INFO train epoch 196/200 batch 70/178 (39%) running_loss=0.4861
2026-09-29 22:07:33,337 INFO train epoch 196/200 batch 105/178 (59%) running_loss=0.4837
2026-09-29 22:07:43,138 INFO train epoch 196/200 batch 140/178 (79%) running_loss=0.4852
2026-09-29 22:07:52,746 INFO train epoch 196/200 batch 175/178 (98%) running_loss=0.4858
2026-09-29 22:07:53,492 INFO train epoch 196/200 batch 178/178 (100%) running_loss=0.4856
2026-09-29 22:07:59,951 INFO epoch 196/200 done: train_loss=0.4856 val_loss=0.2364 val_accuracy=0.9519 val_macro_f1=0.9419 val_macro_auc=0.9921 (checkpoint_metric=macro_auc)
2026-09-29 22:08:10,028 INFO train epoch 197/200 batch 35/178 (20%) running_loss=0.4879
2026-09-29 22:08:19,676 INFO train epoch 197/200 batch 70/178 (39%) running_loss=0.4858
2026-09-29 22:08:29,256 INFO train epoch 197/200 batch 105/178 (59%) running_loss=0.4879
2026-09-29 22:08:39,060 INFO train epoch 197/200 batch 140/178 (79%) running_loss=0.4857
2026-09-29 22:08:48,692 INFO train epoch 197/200 batch 175/178 (98%) running_loss=0.4850
2026-09-29 22:08:49,444 INFO train epoch 197/200 batch 178/178 (100%) running_loss=0.4855
2026-09-29 22:08:55,904 INFO epoch 197/200 done: train_loss=0.4855 val_loss=0.2366 val_accuracy=0.9540 val_macro_f1=0.9445 val_macro_auc=0.9921 (checkpoint_metric=macro_auc)
2026-09-29 22:09:05,939 INFO train epoch 198/200 batch 35/178 (20%) running_loss=0.4876
2026-09-29 22:09:15,562 INFO train epoch 198/200 batch 70/178 (39%) running_loss=0.4873
2026-09-29 22:09:25,183 INFO train epoch 198/200 batch 105/178 (59%) running_loss=0.4887
2026-09-29 22:09:34,978 INFO train epoch 198/200 batch 140/178 (79%) running_loss=0.4842
2026-09-29 22:09:44,575 INFO train epoch 198/200 batch 175/178 (98%) running_loss=0.4840
2026-09-29 22:09:45,329 INFO train epoch 198/200 batch 178/178 (100%) running_loss=0.4842
2026-09-29 22:09:51,794 INFO epoch 198/200 done: train_loss=0.4842 val_loss=0.2386 val_accuracy=0.9526 val_macro_f1=0.9426 val_macro_auc=0.9921 (checkpoint_metric=macro_auc)
2026-09-29 22:10:01,945 INFO train epoch 199/200 batch 35/178 (20%) running_loss=0.4823
2026-09-29 22:10:11,599 INFO train epoch 199/200 batch 70/178 (39%) running_loss=0.4834
2026-09-29 22:10:21,281 INFO train epoch 199/200 batch 105/178 (59%) running_loss=0.4831
2026-09-29 22:10:31,113 INFO train epoch 199/200 batch 140/178 (79%) running_loss=0.4858
2026-09-29 22:10:40,718 INFO train epoch 199/200 batch 175/178 (98%) running_loss=0.4830
2026-09-29 22:10:41,468 INFO train epoch 199/200 batch 178/178 (100%) running_loss=0.4832
2026-09-29 22:10:47,920 INFO epoch 199/200 done: train_loss=0.4832 val_loss=0.2357 val_accuracy=0.9519 val_macro_f1=0.9427 val_macro_auc=0.9914 (checkpoint_metric=macro_auc)
2026-09-29 22:10:57,917 INFO train epoch 200/200 batch 35/178 (20%) running_loss=0.4716
2026-09-29 22:11:07,512 INFO train epoch 200/200 batch 70/178 (39%) running_loss=0.4779
2026-09-29 22:11:17,195 INFO train epoch 200/200 batch 105/178 (59%) running_loss=0.4808
2026-09-29 22:11:26,899 INFO train epoch 200/200 batch 140/178 (79%) running_loss=0.4831
2026-09-29 22:11:36,598 INFO train epoch 200/200 batch 175/178 (98%) running_loss=0.4823
2026-09-29 22:11:37,343 INFO train epoch 200/200 batch 178/178 (100%) running_loss=0.4819
2026-09-29 22:11:43,810 INFO epoch 200/200 done: train_loss=0.4819 val_loss=0.2343 val_accuracy=0.9533 val_macro_f1=0.9438 val_macro_auc=0.9923 (checkpoint_metric=macro_auc)
2026-09-29 22:11:44,062 INFO Training finished. Best epoch=137, smoothed macro_auc=0.9936 (window=3)
2026-09-29 22:12:06,527 INFO Test set evaluated once: accuracy=0.9228 macro_f1=0.9159 macro_auc=0.9909
