2026-09-24 12:46:08,507 INFO Starting final training on device=cuda, amp=True, physical_batch_size=32, accumulation_steps=1, effective_batch_size=32
2026-09-24 12:46:08,508 INFO Augmentation policy: sample-adaptive, from outputs/main1/augmentation_run/selected_policy.json
2026-09-24 12:46:08,965 INFO Classes: {'glioma_tumor': 0, 'meningioma_tumor': 1, 'pituitary_tumor': 2}
2026-09-24 12:46:08,965 INFO Regularization: weight_decay=7.0e-04 classifier_dropout=0.30 label_smoothing=0.10 drop_path=0.20
2026-09-24 12:46:08,965 INFO Magnitude bounds from configs/bounds_mid.json: {'rotation': [0.0, 30.0], 'affine_translation': [0.0, 0.13], 'random_resized_crop': [0.0, 0.25]}
2026-09-24 12:46:14,329 INFO train epoch 1/200 batch 13/66 (20%) running_loss=1.1454
2026-09-24 12:46:17,936 INFO train epoch 1/200 batch 26/66 (39%) running_loss=1.1672
2026-09-24 12:46:21,551 INFO train epoch 1/200 batch 39/66 (59%) running_loss=1.1679
2026-09-24 12:46:25,160 INFO train epoch 1/200 batch 52/66 (79%) running_loss=1.1666
2026-09-24 12:46:28,771 INFO train epoch 1/200 batch 65/66 (98%) running_loss=1.1661
2026-09-24 12:46:29,151 INFO train epoch 1/200 batch 66/66 (100%) running_loss=1.1647
2026-09-24 12:46:31,961 INFO epoch 1/200 done: train_loss=1.1647 val_loss=1.0411 val_accuracy=0.5061 val_macro_f1=0.2240 val_macro_auc=0.5530 (checkpoint_metric=macro_auc) [new best]
2026-09-24 12:46:36,065 INFO train epoch 2/200 batch 13/66 (20%) running_loss=1.1000
2026-09-24 12:46:39,696 INFO train epoch 2/200 batch 26/66 (39%) running_loss=1.1102
2026-09-24 12:46:43,320 INFO train epoch 2/200 batch 39/66 (59%) running_loss=1.1097
2026-09-24 12:46:46,954 INFO train epoch 2/200 batch 52/66 (79%) running_loss=1.0994
2026-09-24 12:46:50,566 INFO train epoch 2/200 batch 65/66 (98%) running_loss=1.0979
2026-09-24 12:46:50,794 INFO train epoch 2/200 batch 66/66 (100%) running_loss=1.0972
2026-09-24 12:46:53,445 INFO epoch 2/200 done: train_loss=1.0972 val_loss=1.0367 val_accuracy=0.5061 val_macro_f1=0.2240 val_macro_auc=0.7595 (checkpoint_metric=macro_auc) [new best]
2026-09-24 12:46:57,608 INFO train epoch 3/200 batch 13/66 (20%) running_loss=1.0361
2026-09-24 12:47:01,295 INFO train epoch 3/200 batch 26/66 (39%) running_loss=1.0596
2026-09-24 12:47:05,112 INFO train epoch 3/200 batch 39/66 (59%) running_loss=1.0503
2026-09-24 12:47:08,735 INFO train epoch 3/200 batch 52/66 (79%) running_loss=1.0462
2026-09-24 12:47:12,346 INFO train epoch 3/200 batch 65/66 (98%) running_loss=1.0362
2026-09-24 12:47:12,574 INFO train epoch 3/200 batch 66/66 (100%) running_loss=1.0360
2026-09-24 12:47:15,224 INFO epoch 3/200 done: train_loss=1.0360 val_loss=1.1367 val_accuracy=0.5061 val_macro_f1=0.2240 val_macro_auc=0.6605 (checkpoint_metric=macro_auc) [new best]
2026-09-24 12:47:19,385 INFO train epoch 4/200 batch 13/66 (20%) running_loss=1.0372
2026-09-24 12:47:23,037 INFO train epoch 4/200 batch 26/66 (39%) running_loss=1.0002
2026-09-24 12:47:26,637 INFO train epoch 4/200 batch 39/66 (59%) running_loss=1.0014
2026-09-24 12:47:30,238 INFO train epoch 4/200 batch 52/66 (79%) running_loss=0.9947
2026-09-24 12:47:33,856 INFO train epoch 4/200 batch 65/66 (98%) running_loss=0.9911
2026-09-24 12:47:34,084 INFO train epoch 4/200 batch 66/66 (100%) running_loss=0.9910
2026-09-24 12:47:36,724 INFO epoch 4/200 done: train_loss=0.9910 val_loss=0.8972 val_accuracy=0.6762 val_macro_f1=0.4723 val_macro_auc=0.7659 (checkpoint_metric=macro_auc) [new best]
2026-09-24 12:47:40,858 INFO train epoch 5/200 batch 13/66 (20%) running_loss=0.9407
2026-09-24 12:47:44,501 INFO train epoch 5/200 batch 26/66 (39%) running_loss=0.9591
2026-09-24 12:47:48,136 INFO train epoch 5/200 batch 39/66 (59%) running_loss=0.9601
2026-09-24 12:47:51,781 INFO train epoch 5/200 batch 52/66 (79%) running_loss=0.9496
2026-09-24 12:47:55,426 INFO train epoch 5/200 batch 65/66 (98%) running_loss=0.9374
2026-09-24 12:47:55,653 INFO train epoch 5/200 batch 66/66 (100%) running_loss=0.9373
2026-09-24 12:47:58,189 INFO epoch 5/200 done: train_loss=0.9373 val_loss=0.8445 val_accuracy=0.6885 val_macro_f1=0.4867 val_macro_auc=0.7577 (checkpoint_metric=macro_auc)
2026-09-24 12:48:02,299 INFO train epoch 6/200 batch 13/66 (20%) running_loss=0.9981
2026-09-24 12:48:05,926 INFO train epoch 6/200 batch 26/66 (39%) running_loss=0.9747
2026-09-24 12:48:09,526 INFO train epoch 6/200 batch 39/66 (59%) running_loss=0.9483
2026-09-24 12:48:13,122 INFO train epoch 6/200 batch 52/66 (79%) running_loss=0.9310
2026-09-24 12:48:16,812 INFO train epoch 6/200 batch 65/66 (98%) running_loss=0.9274
2026-09-24 12:48:17,042 INFO train epoch 6/200 batch 66/66 (100%) running_loss=0.9261
2026-09-24 12:48:19,731 INFO epoch 6/200 done: train_loss=0.9261 val_loss=0.8006 val_accuracy=0.6906 val_macro_f1=0.4877 val_macro_auc=0.8049 (checkpoint_metric=macro_auc) [new best]
2026-09-24 12:48:23,869 INFO train epoch 7/200 batch 13/66 (20%) running_loss=0.9166
2026-09-24 12:48:27,474 INFO train epoch 7/200 batch 26/66 (39%) running_loss=0.9033
2026-09-24 12:48:31,068 INFO train epoch 7/200 batch 39/66 (59%) running_loss=0.8889
2026-09-24 12:48:34,682 INFO train epoch 7/200 batch 52/66 (79%) running_loss=0.8858
2026-09-24 12:48:38,287 INFO train epoch 7/200 batch 65/66 (98%) running_loss=0.8901
2026-09-24 12:48:38,514 INFO train epoch 7/200 batch 66/66 (100%) running_loss=0.8900
2026-09-24 12:48:41,193 INFO epoch 7/200 done: train_loss=0.8900 val_loss=0.7110 val_accuracy=0.7418 val_macro_f1=0.5343 val_macro_auc=0.8101 (checkpoint_metric=macro_auc) [new best]
2026-09-24 12:48:45,325 INFO train epoch 8/200 batch 13/66 (20%) running_loss=0.8693
2026-09-24 12:48:48,922 INFO train epoch 8/200 batch 26/66 (39%) running_loss=0.8878
2026-09-24 12:48:52,522 INFO train epoch 8/200 batch 39/66 (59%) running_loss=0.8859
2026-09-24 12:48:56,128 INFO train epoch 8/200 batch 52/66 (79%) running_loss=0.8812
2026-09-24 12:48:59,908 INFO train epoch 8/200 batch 65/66 (98%) running_loss=0.8751
2026-09-24 12:49:00,139 INFO train epoch 8/200 batch 66/66 (100%) running_loss=0.8752
2026-09-24 12:49:02,798 INFO epoch 8/200 done: train_loss=0.8752 val_loss=0.6505 val_accuracy=0.7643 val_macro_f1=0.5533 val_macro_auc=0.8371 (checkpoint_metric=macro_auc) [new best]
2026-09-24 12:49:06,964 INFO train epoch 9/200 batch 13/66 (20%) running_loss=0.8563
2026-09-24 12:49:10,574 INFO train epoch 9/200 batch 26/66 (39%) running_loss=0.8556
2026-09-24 12:49:14,181 INFO train epoch 9/200 batch 39/66 (59%) running_loss=0.8418
2026-09-24 12:49:17,782 INFO train epoch 9/200 batch 52/66 (79%) running_loss=0.8500
2026-09-24 12:49:21,373 INFO train epoch 9/200 batch 65/66 (98%) running_loss=0.8546
2026-09-24 12:49:21,597 INFO train epoch 9/200 batch 66/66 (100%) running_loss=0.8535
2026-09-24 12:49:24,245 INFO epoch 9/200 done: train_loss=0.8535 val_loss=0.9511 val_accuracy=0.6148 val_macro_f1=0.3999 val_macro_auc=0.8295 (checkpoint_metric=macro_auc) [new best]
2026-09-24 12:49:28,346 INFO train epoch 10/200 batch 13/66 (20%) running_loss=0.8369
2026-09-24 12:49:31,912 INFO train epoch 10/200 batch 26/66 (39%) running_loss=0.8201
2026-09-24 12:49:35,470 INFO train epoch 10/200 batch 39/66 (59%) running_loss=0.8277
2026-09-24 12:49:39,027 INFO train epoch 10/200 batch 52/66 (79%) running_loss=0.8273
2026-09-24 12:49:42,771 INFO train epoch 10/200 batch 65/66 (98%) running_loss=0.8328
2026-09-24 12:49:42,998 INFO train epoch 10/200 batch 66/66 (100%) running_loss=0.8314
2026-09-24 12:49:45,657 INFO epoch 10/200 done: train_loss=0.8314 val_loss=0.7173 val_accuracy=0.7029 val_macro_f1=0.4973 val_macro_auc=0.8238 (checkpoint_metric=macro_auc) [new best]
2026-09-24 12:49:49,804 INFO train epoch 11/200 batch 13/66 (20%) running_loss=0.8581
2026-09-24 12:49:53,376 INFO train epoch 11/200 batch 26/66 (39%) running_loss=0.8424
2026-09-24 12:49:56,940 INFO train epoch 11/200 batch 39/66 (59%) running_loss=0.8388
2026-09-24 12:50:00,496 INFO train epoch 11/200 batch 52/66 (79%) running_loss=0.8407
2026-09-24 12:50:04,079 INFO train epoch 11/200 batch 65/66 (98%) running_loss=0.8367
2026-09-24 12:50:04,305 INFO train epoch 11/200 batch 66/66 (100%) running_loss=0.8379
2026-09-24 12:50:06,849 INFO epoch 11/200 done: train_loss=0.8379 val_loss=0.6180 val_accuracy=0.7664 val_macro_f1=0.5531 val_macro_auc=0.8338 (checkpoint_metric=macro_auc)
2026-09-24 12:50:10,963 INFO train epoch 12/200 batch 13/66 (20%) running_loss=0.8135
2026-09-24 12:50:14,534 INFO train epoch 12/200 batch 26/66 (39%) running_loss=0.8031
2026-09-24 12:50:18,114 INFO train epoch 12/200 batch 39/66 (59%) running_loss=0.8083
2026-09-24 12:50:21,692 INFO train epoch 12/200 batch 52/66 (79%) running_loss=0.8027
2026-09-24 12:50:25,269 INFO train epoch 12/200 batch 65/66 (98%) running_loss=0.8041
2026-09-24 12:50:25,494 INFO train epoch 12/200 batch 66/66 (100%) running_loss=0.8039
2026-09-24 12:50:28,123 INFO epoch 12/200 done: train_loss=0.8039 val_loss=0.6380 val_accuracy=0.7746 val_macro_f1=0.5619 val_macro_auc=0.8502 (checkpoint_metric=macro_auc) [new best]
2026-09-24 12:50:32,226 INFO train epoch 13/200 batch 13/66 (20%) running_loss=0.8659
2026-09-24 12:50:35,796 INFO train epoch 13/200 batch 26/66 (39%) running_loss=0.8358
2026-09-24 12:50:39,360 INFO train epoch 13/200 batch 39/66 (59%) running_loss=0.8142
2026-09-24 12:50:42,930 INFO train epoch 13/200 batch 52/66 (79%) running_loss=0.8088
2026-09-24 12:50:46,593 INFO train epoch 13/200 batch 65/66 (98%) running_loss=0.8132
2026-09-24 12:50:46,817 INFO train epoch 13/200 batch 66/66 (100%) running_loss=0.8140
2026-09-24 12:50:49,473 INFO epoch 13/200 done: train_loss=0.8140 val_loss=0.6049 val_accuracy=0.7869 val_macro_f1=0.5719 val_macro_auc=0.8686 (checkpoint_metric=macro_auc) [new best]
2026-09-24 12:50:53,564 INFO train epoch 14/200 batch 13/66 (20%) running_loss=0.8223
2026-09-24 12:50:57,142 INFO train epoch 14/200 batch 26/66 (39%) running_loss=0.8066
2026-09-24 12:51:00,723 INFO train epoch 14/200 batch 39/66 (59%) running_loss=0.8036
2026-09-24 12:51:04,303 INFO train epoch 14/200 batch 52/66 (79%) running_loss=0.7971
2026-09-24 12:51:07,881 INFO train epoch 14/200 batch 65/66 (98%) running_loss=0.7934
2026-09-24 12:51:08,109 INFO train epoch 14/200 batch 66/66 (100%) running_loss=0.7955
2026-09-24 12:51:10,744 INFO epoch 14/200 done: train_loss=0.7955 val_loss=0.5354 val_accuracy=0.8053 val_macro_f1=0.5828 val_macro_auc=0.8795 (checkpoint_metric=macro_auc) [new best]
2026-09-24 12:51:14,835 INFO train epoch 15/200 batch 13/66 (20%) running_loss=0.7723
2026-09-24 12:51:18,411 INFO train epoch 15/200 batch 26/66 (39%) running_loss=0.7644
2026-09-24 12:51:21,993 INFO train epoch 15/200 batch 39/66 (59%) running_loss=0.7739
2026-09-24 12:51:25,577 INFO train epoch 15/200 batch 52/66 (79%) running_loss=0.7747
2026-09-24 12:51:29,155 INFO train epoch 15/200 batch 65/66 (98%) running_loss=0.7711
2026-09-24 12:51:29,382 INFO train epoch 15/200 batch 66/66 (100%) running_loss=0.7707
2026-09-24 12:51:32,032 INFO epoch 15/200 done: train_loss=0.7707 val_loss=0.5672 val_accuracy=0.8074 val_macro_f1=0.5882 val_macro_auc=0.8667 (checkpoint_metric=macro_auc) [new best]
2026-09-24 12:51:36,129 INFO train epoch 16/200 batch 13/66 (20%) running_loss=0.8069
2026-09-24 12:51:39,687 INFO train epoch 16/200 batch 26/66 (39%) running_loss=0.7982
2026-09-24 12:51:43,262 INFO train epoch 16/200 batch 39/66 (59%) running_loss=0.7761
2026-09-24 12:51:46,838 INFO train epoch 16/200 batch 52/66 (79%) running_loss=0.7769
2026-09-24 12:51:50,486 INFO train epoch 16/200 batch 65/66 (98%) running_loss=0.7817
2026-09-24 12:51:50,712 INFO train epoch 16/200 batch 66/66 (100%) running_loss=0.7809
2026-09-24 12:51:53,359 INFO epoch 16/200 done: train_loss=0.7809 val_loss=0.5413 val_accuracy=0.8156 val_macro_f1=0.5950 val_macro_auc=0.8851 (checkpoint_metric=macro_auc) [new best]
2026-09-24 12:51:57,598 INFO train epoch 17/200 batch 13/66 (20%) running_loss=0.7633
2026-09-24 12:52:01,195 INFO train epoch 17/200 batch 26/66 (39%) running_loss=0.7717
2026-09-24 12:52:04,774 INFO train epoch 17/200 batch 39/66 (59%) running_loss=0.7744
2026-09-24 12:52:08,349 INFO train epoch 17/200 batch 52/66 (79%) running_loss=0.7776
2026-09-24 12:52:11,925 INFO train epoch 17/200 batch 65/66 (98%) running_loss=0.7770
2026-09-24 12:52:12,150 INFO train epoch 17/200 batch 66/66 (100%) running_loss=0.7780
2026-09-24 12:52:14,706 INFO epoch 17/200 done: train_loss=0.7780 val_loss=0.5554 val_accuracy=0.8176 val_macro_f1=0.6056 val_macro_auc=0.8637 (checkpoint_metric=macro_auc)
2026-09-24 12:52:18,853 INFO train epoch 18/200 batch 13/66 (20%) running_loss=0.7728
2026-09-24 12:52:22,469 INFO train epoch 18/200 batch 26/66 (39%) running_loss=0.7760
2026-09-24 12:52:26,062 INFO train epoch 18/200 batch 39/66 (59%) running_loss=0.7726
2026-09-24 12:52:29,636 INFO train epoch 18/200 batch 52/66 (79%) running_loss=0.7699
2026-09-24 12:52:33,207 INFO train epoch 18/200 batch 65/66 (98%) running_loss=0.7634
2026-09-24 12:52:33,433 INFO train epoch 18/200 batch 66/66 (100%) running_loss=0.7644
2026-09-24 12:52:35,971 INFO epoch 18/200 done: train_loss=0.7644 val_loss=0.8191 val_accuracy=0.6721 val_macro_f1=0.4669 val_macro_auc=0.8305 (checkpoint_metric=macro_auc)
2026-09-24 12:52:40,054 INFO train epoch 19/200 batch 13/66 (20%) running_loss=0.7229
2026-09-24 12:52:43,637 INFO train epoch 19/200 batch 26/66 (39%) running_loss=0.7572
2026-09-24 12:52:47,216 INFO train epoch 19/200 batch 39/66 (59%) running_loss=0.7469
2026-09-24 12:52:50,815 INFO train epoch 19/200 batch 52/66 (79%) running_loss=0.7464
2026-09-24 12:52:54,404 INFO train epoch 19/200 batch 65/66 (98%) running_loss=0.7481
2026-09-24 12:52:54,629 INFO train epoch 19/200 batch 66/66 (100%) running_loss=0.7498
2026-09-24 12:52:57,158 INFO epoch 19/200 done: train_loss=0.7498 val_loss=0.5458 val_accuracy=0.8053 val_macro_f1=0.5941 val_macro_auc=0.8769 (checkpoint_metric=macro_auc)
2026-09-24 12:53:01,268 INFO train epoch 20/200 batch 13/66 (20%) running_loss=0.7895
2026-09-24 12:53:05,019 INFO train epoch 20/200 batch 26/66 (39%) running_loss=0.7663
2026-09-24 12:53:08,610 INFO train epoch 20/200 batch 39/66 (59%) running_loss=0.7654
2026-09-24 12:53:12,196 INFO train epoch 20/200 batch 52/66 (79%) running_loss=0.7572
2026-09-24 12:53:15,784 INFO train epoch 20/200 batch 65/66 (98%) running_loss=0.7595
2026-09-24 12:53:16,008 INFO train epoch 20/200 batch 66/66 (100%) running_loss=0.7601
2026-09-24 12:53:18,537 INFO epoch 20/200 done: train_loss=0.7601 val_loss=0.5381 val_accuracy=0.8176 val_macro_f1=0.5971 val_macro_auc=0.9050 (checkpoint_metric=macro_auc)
2026-09-24 12:53:22,685 INFO train epoch 21/200 batch 13/66 (20%) running_loss=0.7569
2026-09-24 12:53:26,268 INFO train epoch 21/200 batch 26/66 (39%) running_loss=0.7389
2026-09-24 12:53:29,843 INFO train epoch 21/200 batch 39/66 (59%) running_loss=0.7385
2026-09-24 12:53:33,407 INFO train epoch 21/200 batch 52/66 (79%) running_loss=0.7378
2026-09-24 12:53:36,961 INFO train epoch 21/200 batch 65/66 (98%) running_loss=0.7382
2026-09-24 12:53:37,185 INFO train epoch 21/200 batch 66/66 (100%) running_loss=0.7398
2026-09-24 12:53:39,850 INFO epoch 21/200 done: train_loss=0.7398 val_loss=0.6587 val_accuracy=0.7295 val_macro_f1=0.5235 val_macro_auc=0.8664 (checkpoint_metric=macro_auc) [new best]
2026-09-24 12:53:43,956 INFO train epoch 22/200 batch 13/66 (20%) running_loss=0.7510
2026-09-24 12:53:47,524 INFO train epoch 22/200 batch 26/66 (39%) running_loss=0.7213
2026-09-24 12:53:51,099 INFO train epoch 22/200 batch 39/66 (59%) running_loss=0.7333
2026-09-24 12:53:54,676 INFO train epoch 22/200 batch 52/66 (79%) running_loss=0.7294
2026-09-24 12:53:58,332 INFO train epoch 22/200 batch 65/66 (98%) running_loss=0.7221
2026-09-24 12:53:58,557 INFO train epoch 22/200 batch 66/66 (100%) running_loss=0.7221
2026-09-24 12:54:01,220 INFO epoch 22/200 done: train_loss=0.7221 val_loss=0.4319 val_accuracy=0.8361 val_macro_f1=0.6244 val_macro_auc=0.9145 (checkpoint_metric=macro_auc) [new best]
2026-09-24 12:54:05,359 INFO train epoch 23/200 batch 13/66 (20%) running_loss=0.7149
2026-09-24 12:54:09,014 INFO train epoch 23/200 batch 26/66 (39%) running_loss=0.7499
2026-09-24 12:54:12,620 INFO train epoch 23/200 batch 39/66 (59%) running_loss=0.7477
2026-09-24 12:54:16,213 INFO train epoch 23/200 batch 52/66 (79%) running_loss=0.7369
2026-09-24 12:54:19,804 INFO train epoch 23/200 batch 65/66 (98%) running_loss=0.7222
2026-09-24 12:54:20,030 INFO train epoch 23/200 batch 66/66 (100%) running_loss=0.7231
2026-09-24 12:54:22,561 INFO epoch 23/200 done: train_loss=0.7231 val_loss=0.5902 val_accuracy=0.7561 val_macro_f1=0.5467 val_macro_auc=0.9026 (checkpoint_metric=macro_auc)
2026-09-24 12:54:26,649 INFO train epoch 24/200 batch 13/66 (20%) running_loss=0.7201
2026-09-24 12:54:30,225 INFO train epoch 24/200 batch 26/66 (39%) running_loss=0.7306
2026-09-24 12:54:33,802 INFO train epoch 24/200 batch 39/66 (59%) running_loss=0.7353
2026-09-24 12:54:37,376 INFO train epoch 24/200 batch 52/66 (79%) running_loss=0.7322
2026-09-24 12:54:40,952 INFO train epoch 24/200 batch 65/66 (98%) running_loss=0.7354
2026-09-24 12:54:41,179 INFO train epoch 24/200 batch 66/66 (100%) running_loss=0.7337
2026-09-24 12:54:43,957 INFO epoch 24/200 done: train_loss=0.7337 val_loss=0.6019 val_accuracy=0.7582 val_macro_f1=0.6885 val_macro_auc=0.8844 (checkpoint_metric=macro_auc) [new best]
2026-09-24 12:54:48,070 INFO train epoch 25/200 batch 13/66 (20%) running_loss=0.6880
2026-09-24 12:54:51,627 INFO train epoch 25/200 batch 26/66 (39%) running_loss=0.7182
2026-09-24 12:54:55,202 INFO train epoch 25/200 batch 39/66 (59%) running_loss=0.7259
2026-09-24 12:54:58,802 INFO train epoch 25/200 batch 52/66 (79%) running_loss=0.7263
2026-09-24 12:55:02,380 INFO train epoch 25/200 batch 65/66 (98%) running_loss=0.7203
2026-09-24 12:55:02,607 INFO train epoch 25/200 batch 66/66 (100%) running_loss=0.7194
2026-09-24 12:55:05,264 INFO epoch 25/200 done: train_loss=0.7194 val_loss=0.4477 val_accuracy=0.8238 val_macro_f1=0.6954 val_macro_auc=0.9249 (checkpoint_metric=macro_auc) [new best]
2026-09-24 12:55:09,348 INFO train epoch 26/200 batch 13/66 (20%) running_loss=0.7023
2026-09-24 12:55:12,931 INFO train epoch 26/200 batch 26/66 (39%) running_loss=0.7058
2026-09-24 12:55:16,531 INFO train epoch 26/200 batch 39/66 (59%) running_loss=0.7033
2026-09-24 12:55:20,109 INFO train epoch 26/200 batch 52/66 (79%) running_loss=0.7011
2026-09-24 12:55:23,683 INFO train epoch 26/200 batch 65/66 (98%) running_loss=0.7023
2026-09-24 12:55:23,908 INFO train epoch 26/200 batch 66/66 (100%) running_loss=0.7027
2026-09-24 12:55:26,433 INFO epoch 26/200 done: train_loss=0.7027 val_loss=0.4878 val_accuracy=0.8279 val_macro_f1=0.6675 val_macro_auc=0.8792 (checkpoint_metric=macro_auc)
2026-09-24 12:55:30,486 INFO train epoch 27/200 batch 13/66 (20%) running_loss=0.6920
2026-09-24 12:55:34,070 INFO train epoch 27/200 batch 26/66 (39%) running_loss=0.6923
2026-09-24 12:55:37,640 INFO train epoch 27/200 batch 39/66 (59%) running_loss=0.6973
2026-09-24 12:55:41,228 INFO train epoch 27/200 batch 52/66 (79%) running_loss=0.7044
2026-09-24 12:55:44,790 INFO train epoch 27/200 batch 65/66 (98%) running_loss=0.7019
2026-09-24 12:55:45,016 INFO train epoch 27/200 batch 66/66 (100%) running_loss=0.7006
2026-09-24 12:55:47,568 INFO epoch 27/200 done: train_loss=0.7006 val_loss=0.4520 val_accuracy=0.8340 val_macro_f1=0.6997 val_macro_auc=0.9046 (checkpoint_metric=macro_auc)
2026-09-24 12:55:51,778 INFO train epoch 28/200 batch 13/66 (20%) running_loss=0.6480
2026-09-24 12:55:55,362 INFO train epoch 28/200 batch 26/66 (39%) running_loss=0.6674
2026-09-24 12:55:58,956 INFO train epoch 28/200 batch 39/66 (59%) running_loss=0.6827
2026-09-24 12:56:02,538 INFO train epoch 28/200 batch 52/66 (79%) running_loss=0.6899
2026-09-24 12:56:06,114 INFO train epoch 28/200 batch 65/66 (98%) running_loss=0.6956
2026-09-24 12:56:06,341 INFO train epoch 28/200 batch 66/66 (100%) running_loss=0.6955
2026-09-24 12:56:08,882 INFO epoch 28/200 done: train_loss=0.6955 val_loss=0.6100 val_accuracy=0.7295 val_macro_f1=0.5260 val_macro_auc=0.8902 (checkpoint_metric=macro_auc)
2026-09-24 12:56:12,972 INFO train epoch 29/200 batch 13/66 (20%) running_loss=0.6975
2026-09-24 12:56:16,549 INFO train epoch 29/200 batch 26/66 (39%) running_loss=0.7044
2026-09-24 12:56:20,117 INFO train epoch 29/200 batch 39/66 (59%) running_loss=0.7059
2026-09-24 12:56:23,691 INFO train epoch 29/200 batch 52/66 (79%) running_loss=0.7006
2026-09-24 12:56:27,273 INFO train epoch 29/200 batch 65/66 (98%) running_loss=0.6962
2026-09-24 12:56:27,498 INFO train epoch 29/200 batch 66/66 (100%) running_loss=0.6963
2026-09-24 12:56:30,158 INFO epoch 29/200 done: train_loss=0.6963 val_loss=0.4039 val_accuracy=0.8586 val_macro_f1=0.7751 val_macro_auc=0.9540 (checkpoint_metric=macro_auc) [new best]
2026-09-24 12:56:34,278 INFO train epoch 30/200 batch 13/66 (20%) running_loss=0.6897
2026-09-24 12:56:37,942 INFO train epoch 30/200 batch 26/66 (39%) running_loss=0.6680
2026-09-24 12:56:41,527 INFO train epoch 30/200 batch 39/66 (59%) running_loss=0.6747
2026-09-24 12:56:45,104 INFO train epoch 30/200 batch 52/66 (79%) running_loss=0.6829
2026-09-24 12:56:48,673 INFO train epoch 30/200 batch 65/66 (98%) running_loss=0.6835
2026-09-24 12:56:48,899 INFO train epoch 30/200 batch 66/66 (100%) running_loss=0.6835
2026-09-24 12:56:51,425 INFO epoch 30/200 done: train_loss=0.6835 val_loss=0.6249 val_accuracy=0.7418 val_macro_f1=0.5652 val_macro_auc=0.8918 (checkpoint_metric=macro_auc)
2026-09-24 12:56:55,528 INFO train epoch 31/200 batch 13/66 (20%) running_loss=0.6771
2026-09-24 12:56:59,103 INFO train epoch 31/200 batch 26/66 (39%) running_loss=0.6845
2026-09-24 12:57:02,674 INFO train epoch 31/200 batch 39/66 (59%) running_loss=0.6885
2026-09-24 12:57:06,253 INFO train epoch 31/200 batch 52/66 (79%) running_loss=0.6934
2026-09-24 12:57:09,827 INFO train epoch 31/200 batch 65/66 (98%) running_loss=0.6807
2026-09-24 12:57:10,053 INFO train epoch 31/200 batch 66/66 (100%) running_loss=0.6822
2026-09-24 12:57:12,680 INFO epoch 31/200 done: train_loss=0.6822 val_loss=0.4931 val_accuracy=0.8299 val_macro_f1=0.7866 val_macro_auc=0.9385 (checkpoint_metric=macro_auc) [new best]
2026-09-24 12:57:16,779 INFO train epoch 32/200 batch 13/66 (20%) running_loss=0.6904
2026-09-24 12:57:20,398 INFO train epoch 32/200 batch 26/66 (39%) running_loss=0.6825
2026-09-24 12:57:24,048 INFO train epoch 32/200 batch 39/66 (59%) running_loss=0.6795
2026-09-24 12:57:27,644 INFO train epoch 32/200 batch 52/66 (79%) running_loss=0.6653
2026-09-24 12:57:31,224 INFO train epoch 32/200 batch 65/66 (98%) running_loss=0.6639
2026-09-24 12:57:31,449 INFO train epoch 32/200 batch 66/66 (100%) running_loss=0.6652
2026-09-24 12:57:33,993 INFO epoch 32/200 done: train_loss=0.6652 val_loss=0.5760 val_accuracy=0.7520 val_macro_f1=0.6228 val_macro_auc=0.9075 (checkpoint_metric=macro_auc)
2026-09-24 12:57:38,124 INFO train epoch 33/200 batch 13/66 (20%) running_loss=0.6856
2026-09-24 12:57:41,887 INFO train epoch 33/200 batch 26/66 (39%) running_loss=0.6683
2026-09-24 12:57:45,464 INFO train epoch 33/200 batch 39/66 (59%) running_loss=0.6752
2026-09-24 12:57:49,047 INFO train epoch 33/200 batch 52/66 (79%) running_loss=0.6627
2026-09-24 12:57:52,624 INFO train epoch 33/200 batch 65/66 (98%) running_loss=0.6517
2026-09-24 12:57:52,850 INFO train epoch 33/200 batch 66/66 (100%) running_loss=0.6538
2026-09-24 12:57:55,526 INFO epoch 33/200 done: train_loss=0.6538 val_loss=0.4364 val_accuracy=0.8525 val_macro_f1=0.7805 val_macro_auc=0.9417 (checkpoint_metric=macro_auc) [new best]
2026-09-24 12:57:59,614 INFO train epoch 34/200 batch 13/66 (20%) running_loss=0.6756
2026-09-24 12:58:03,191 INFO train epoch 34/200 batch 26/66 (39%) running_loss=0.6665
2026-09-24 12:58:06,765 INFO train epoch 34/200 batch 39/66 (59%) running_loss=0.6521
2026-09-24 12:58:10,342 INFO train epoch 34/200 batch 52/66 (79%) running_loss=0.6514
2026-09-24 12:58:13,912 INFO train epoch 34/200 batch 65/66 (98%) running_loss=0.6514
2026-09-24 12:58:14,138 INFO train epoch 34/200 batch 66/66 (100%) running_loss=0.6502
2026-09-24 12:58:16,676 INFO epoch 34/200 done: train_loss=0.6502 val_loss=0.5521 val_accuracy=0.7725 val_macro_f1=0.6399 val_macro_auc=0.9135 (checkpoint_metric=macro_auc)
2026-09-24 12:58:20,727 INFO train epoch 35/200 batch 13/66 (20%) running_loss=0.6309
2026-09-24 12:58:24,318 INFO train epoch 35/200 batch 26/66 (39%) running_loss=0.6180
2026-09-24 12:58:27,897 INFO train epoch 35/200 batch 39/66 (59%) running_loss=0.6387
2026-09-24 12:58:31,467 INFO train epoch 35/200 batch 52/66 (79%) running_loss=0.6377
2026-09-24 12:58:35,049 INFO train epoch 35/200 batch 65/66 (98%) running_loss=0.6459
2026-09-24 12:58:35,273 INFO train epoch 35/200 batch 66/66 (100%) running_loss=0.6465
2026-09-24 12:58:37,787 INFO epoch 35/200 done: train_loss=0.6465 val_loss=0.5924 val_accuracy=0.7152 val_macro_f1=0.5712 val_macro_auc=0.9158 (checkpoint_metric=macro_auc)
2026-09-24 12:58:41,891 INFO train epoch 36/200 batch 13/66 (20%) running_loss=0.6828
2026-09-24 12:58:45,463 INFO train epoch 36/200 batch 26/66 (39%) running_loss=0.6498
2026-09-24 12:58:49,211 INFO train epoch 36/200 batch 39/66 (59%) running_loss=0.6583
2026-09-24 12:58:52,776 INFO train epoch 36/200 batch 52/66 (79%) running_loss=0.6599
2026-09-24 12:58:56,339 INFO train epoch 36/200 batch 65/66 (98%) running_loss=0.6492
2026-09-24 12:58:56,563 INFO train epoch 36/200 batch 66/66 (100%) running_loss=0.6490
2026-09-24 12:58:59,085 INFO epoch 36/200 done: train_loss=0.6490 val_loss=0.5119 val_accuracy=0.7828 val_macro_f1=0.6716 val_macro_auc=0.9267 (checkpoint_metric=macro_auc)
2026-09-24 12:59:03,152 INFO train epoch 37/200 batch 13/66 (20%) running_loss=0.6065
2026-09-24 12:59:06,725 INFO train epoch 37/200 batch 26/66 (39%) running_loss=0.6371
2026-09-24 12:59:10,302 INFO train epoch 37/200 batch 39/66 (59%) running_loss=0.6296
2026-09-24 12:59:13,885 INFO train epoch 37/200 batch 52/66 (79%) running_loss=0.6289
2026-09-24 12:59:17,469 INFO train epoch 37/200 batch 65/66 (98%) running_loss=0.6318
2026-09-24 12:59:17,695 INFO train epoch 37/200 batch 66/66 (100%) running_loss=0.6330
2026-09-24 12:59:20,342 INFO epoch 37/200 done: train_loss=0.6330 val_loss=0.4338 val_accuracy=0.8279 val_macro_f1=0.7658 val_macro_auc=0.9502 (checkpoint_metric=macro_auc) [new best]
2026-09-24 12:59:24,419 INFO train epoch 38/200 batch 13/66 (20%) running_loss=0.6983
2026-09-24 12:59:28,003 INFO train epoch 38/200 batch 26/66 (39%) running_loss=0.6932
2026-09-24 12:59:31,571 INFO train epoch 38/200 batch 39/66 (59%) running_loss=0.6678
2026-09-24 12:59:35,140 INFO train epoch 38/200 batch 52/66 (79%) running_loss=0.6590
2026-09-24 12:59:38,717 INFO train epoch 38/200 batch 65/66 (98%) running_loss=0.6466
2026-09-24 12:59:38,942 INFO train epoch 38/200 batch 66/66 (100%) running_loss=0.6498
2026-09-24 12:59:41,592 INFO epoch 38/200 done: train_loss=0.6498 val_loss=0.3916 val_accuracy=0.8463 val_macro_f1=0.8028 val_macro_auc=0.9674 (checkpoint_metric=macro_auc) [new best]
2026-09-24 12:59:45,637 INFO train epoch 39/200 batch 13/66 (20%) running_loss=0.6511
2026-09-24 12:59:49,310 INFO train epoch 39/200 batch 26/66 (39%) running_loss=0.6510
2026-09-24 12:59:52,877 INFO train epoch 39/200 batch 39/66 (59%) running_loss=0.6469
2026-09-24 12:59:56,446 INFO train epoch 39/200 batch 52/66 (79%) running_loss=0.6409
2026-09-24 13:00:00,028 INFO train epoch 39/200 batch 65/66 (98%) running_loss=0.6420
2026-09-24 13:00:00,254 INFO train epoch 39/200 batch 66/66 (100%) running_loss=0.6426
2026-09-24 13:00:02,885 INFO epoch 39/200 done: train_loss=0.6426 val_loss=0.3673 val_accuracy=0.8730 val_macro_f1=0.7938 val_macro_auc=0.9587 (checkpoint_metric=macro_auc) [new best]
2026-09-24 13:00:06,990 INFO train epoch 40/200 batch 13/66 (20%) running_loss=0.6335
2026-09-24 13:00:10,567 INFO train epoch 40/200 batch 26/66 (39%) running_loss=0.6249
2026-09-24 13:00:14,141 INFO train epoch 40/200 batch 39/66 (59%) running_loss=0.6275
2026-09-24 13:00:17,736 INFO train epoch 40/200 batch 52/66 (79%) running_loss=0.6318
2026-09-24 13:00:21,314 INFO train epoch 40/200 batch 65/66 (98%) running_loss=0.6337
2026-09-24 13:00:21,541 INFO train epoch 40/200 batch 66/66 (100%) running_loss=0.6325
2026-09-24 13:00:24,067 INFO epoch 40/200 done: train_loss=0.6325 val_loss=0.5479 val_accuracy=0.7500 val_macro_f1=0.6351 val_macro_auc=0.9139 (checkpoint_metric=macro_auc)
2026-09-24 13:00:28,176 INFO train epoch 41/200 batch 13/66 (20%) running_loss=0.6158
2026-09-24 13:00:31,759 INFO train epoch 41/200 batch 26/66 (39%) running_loss=0.6153
2026-09-24 13:00:35,337 INFO train epoch 41/200 batch 39/66 (59%) running_loss=0.6250
2026-09-24 13:00:38,917 INFO train epoch 41/200 batch 52/66 (79%) running_loss=0.6117
2026-09-24 13:00:42,664 INFO train epoch 41/200 batch 65/66 (98%) running_loss=0.6103
2026-09-24 13:00:42,890 INFO train epoch 41/200 batch 66/66 (100%) running_loss=0.6101
2026-09-24 13:00:45,407 INFO epoch 41/200 done: train_loss=0.6101 val_loss=0.5530 val_accuracy=0.7684 val_macro_f1=0.7053 val_macro_auc=0.9402 (checkpoint_metric=macro_auc)
2026-09-24 13:00:49,498 INFO train epoch 42/200 batch 13/66 (20%) running_loss=0.5941
2026-09-24 13:00:53,070 INFO train epoch 42/200 batch 26/66 (39%) running_loss=0.6203
2026-09-24 13:00:56,655 INFO train epoch 42/200 batch 39/66 (59%) running_loss=0.6235
2026-09-24 13:01:00,238 INFO train epoch 42/200 batch 52/66 (79%) running_loss=0.6170
2026-09-24 13:01:03,809 INFO train epoch 42/200 batch 65/66 (98%) running_loss=0.6160
2026-09-24 13:01:04,034 INFO train epoch 42/200 batch 66/66 (100%) running_loss=0.6151
2026-09-24 13:01:06,563 INFO epoch 42/200 done: train_loss=0.6151 val_loss=0.3427 val_accuracy=0.8975 val_macro_f1=0.8472 val_macro_auc=0.9719 (checkpoint_metric=macro_auc)
2026-09-24 13:01:10,623 INFO train epoch 43/200 batch 13/66 (20%) running_loss=0.6228
2026-09-24 13:01:14,213 INFO train epoch 43/200 batch 26/66 (39%) running_loss=0.6313
2026-09-24 13:01:17,802 INFO train epoch 43/200 batch 39/66 (59%) running_loss=0.6191
2026-09-24 13:01:21,367 INFO train epoch 43/200 batch 52/66 (79%) running_loss=0.6238
2026-09-24 13:01:24,946 INFO train epoch 43/200 batch 65/66 (98%) running_loss=0.6303
2026-09-24 13:01:25,171 INFO train epoch 43/200 batch 66/66 (100%) running_loss=0.6298
2026-09-24 13:01:27,834 INFO epoch 43/200 done: train_loss=0.6298 val_loss=0.3819 val_accuracy=0.8955 val_macro_f1=0.8456 val_macro_auc=0.9730 (checkpoint_metric=macro_auc) [new best]
2026-09-24 13:01:31,937 INFO train epoch 44/200 batch 13/66 (20%) running_loss=0.5938
2026-09-24 13:01:35,612 INFO train epoch 44/200 batch 26/66 (39%) running_loss=0.5971
2026-09-24 13:01:39,186 INFO train epoch 44/200 batch 39/66 (59%) running_loss=0.5971
2026-09-24 13:01:42,758 INFO train epoch 44/200 batch 52/66 (79%) running_loss=0.5928
2026-09-24 13:01:46,330 INFO train epoch 44/200 batch 65/66 (98%) running_loss=0.5999
2026-09-24 13:01:46,555 INFO train epoch 44/200 batch 66/66 (100%) running_loss=0.6010
2026-09-24 13:01:49,211 INFO epoch 44/200 done: train_loss=0.6010 val_loss=0.3459 val_accuracy=0.8955 val_macro_f1=0.8447 val_macro_auc=0.9712 (checkpoint_metric=macro_auc) [new best]
2026-09-24 13:01:53,374 INFO train epoch 45/200 batch 13/66 (20%) running_loss=0.5934
2026-09-24 13:01:56,938 INFO train epoch 45/200 batch 26/66 (39%) running_loss=0.5972
2026-09-24 13:02:00,502 INFO train epoch 45/200 batch 39/66 (59%) running_loss=0.6205
2026-09-24 13:02:04,077 INFO train epoch 45/200 batch 52/66 (79%) running_loss=0.6290
2026-09-24 13:02:07,642 INFO train epoch 45/200 batch 65/66 (98%) running_loss=0.6296
2026-09-24 13:02:07,866 INFO train epoch 45/200 batch 66/66 (100%) running_loss=0.6295
2026-09-24 13:02:10,387 INFO epoch 45/200 done: train_loss=0.6295 val_loss=0.4122 val_accuracy=0.8648 val_macro_f1=0.8161 val_macro_auc=0.9677 (checkpoint_metric=macro_auc)
2026-09-24 13:02:14,429 INFO train epoch 46/200 batch 13/66 (20%) running_loss=0.6193
2026-09-24 13:02:17,995 INFO train epoch 46/200 batch 26/66 (39%) running_loss=0.6229
2026-09-24 13:02:21,587 INFO train epoch 46/200 batch 39/66 (59%) running_loss=0.6100
2026-09-24 13:02:25,330 INFO train epoch 46/200 batch 52/66 (79%) running_loss=0.6201
2026-09-24 13:02:28,903 INFO train epoch 46/200 batch 65/66 (98%) running_loss=0.6191
2026-09-24 13:02:29,128 INFO train epoch 46/200 batch 66/66 (100%) running_loss=0.6178
2026-09-24 13:02:31,661 INFO epoch 46/200 done: train_loss=0.6178 val_loss=0.4505 val_accuracy=0.8094 val_macro_f1=0.7377 val_macro_auc=0.9496 (checkpoint_metric=macro_auc)
2026-09-24 13:02:35,707 INFO train epoch 47/200 batch 13/66 (20%) running_loss=0.5580
2026-09-24 13:02:39,284 INFO train epoch 47/200 batch 26/66 (39%) running_loss=0.5743
2026-09-24 13:02:42,854 INFO train epoch 47/200 batch 39/66 (59%) running_loss=0.5799
2026-09-24 13:02:46,426 INFO train epoch 47/200 batch 52/66 (79%) running_loss=0.5821
2026-09-24 13:02:50,000 INFO train epoch 47/200 batch 65/66 (98%) running_loss=0.5727
2026-09-24 13:02:50,226 INFO train epoch 47/200 batch 66/66 (100%) running_loss=0.5733
2026-09-24 13:02:52,747 INFO epoch 47/200 done: train_loss=0.5733 val_loss=0.3536 val_accuracy=0.8627 val_macro_f1=0.8165 val_macro_auc=0.9618 (checkpoint_metric=macro_auc)
2026-09-24 13:02:56,858 INFO train epoch 48/200 batch 13/66 (20%) running_loss=0.5959
2026-09-24 13:03:00,431 INFO train epoch 48/200 batch 26/66 (39%) running_loss=0.5829
2026-09-24 13:03:04,015 INFO train epoch 48/200 batch 39/66 (59%) running_loss=0.5908
2026-09-24 13:03:07,599 INFO train epoch 48/200 batch 52/66 (79%) running_loss=0.5789
2026-09-24 13:03:11,182 INFO train epoch 48/200 batch 65/66 (98%) running_loss=0.5909
2026-09-24 13:03:11,410 INFO train epoch 48/200 batch 66/66 (100%) running_loss=0.5905
2026-09-24 13:03:13,933 INFO epoch 48/200 done: train_loss=0.5905 val_loss=0.3947 val_accuracy=0.8484 val_macro_f1=0.7918 val_macro_auc=0.9666 (checkpoint_metric=macro_auc)
2026-09-24 13:03:17,975 INFO train epoch 49/200 batch 13/66 (20%) running_loss=0.5358
2026-09-24 13:03:21,660 INFO train epoch 49/200 batch 26/66 (39%) running_loss=0.5321
2026-09-24 13:03:25,250 INFO train epoch 49/200 batch 39/66 (59%) running_loss=0.5446
2026-09-24 13:03:28,861 INFO train epoch 49/200 batch 52/66 (79%) running_loss=0.5591
2026-09-24 13:03:32,443 INFO train epoch 49/200 batch 65/66 (98%) running_loss=0.5646
2026-09-24 13:03:32,668 INFO train epoch 49/200 batch 66/66 (100%) running_loss=0.5646
2026-09-24 13:03:35,205 INFO epoch 49/200 done: train_loss=0.5646 val_loss=0.3656 val_accuracy=0.9139 val_macro_f1=0.8693 val_macro_auc=0.9737 (checkpoint_metric=macro_auc)
2026-09-24 13:03:39,317 INFO train epoch 50/200 batch 13/66 (20%) running_loss=0.5410
2026-09-24 13:03:42,894 INFO train epoch 50/200 batch 26/66 (39%) running_loss=0.5364
2026-09-24 13:03:46,456 INFO train epoch 50/200 batch 39/66 (59%) running_loss=0.5510
2026-09-24 13:03:50,029 INFO train epoch 50/200 batch 52/66 (79%) running_loss=0.5696
2026-09-24 13:03:53,605 INFO train epoch 50/200 batch 65/66 (98%) running_loss=0.5814
2026-09-24 13:03:53,830 INFO train epoch 50/200 batch 66/66 (100%) running_loss=0.5808
2026-09-24 13:03:56,356 INFO epoch 50/200 done: train_loss=0.5808 val_loss=0.4443 val_accuracy=0.8443 val_macro_f1=0.8031 val_macro_auc=0.9651 (checkpoint_metric=macro_auc)
2026-09-24 13:04:00,433 INFO train epoch 51/200 batch 13/66 (20%) running_loss=0.6106
2026-09-24 13:04:04,005 INFO train epoch 51/200 batch 26/66 (39%) running_loss=0.5969
2026-09-24 13:04:07,569 INFO train epoch 51/200 batch 39/66 (59%) running_loss=0.5908
2026-09-24 13:04:11,134 INFO train epoch 51/200 batch 52/66 (79%) running_loss=0.5799
2026-09-24 13:04:14,709 INFO train epoch 51/200 batch 65/66 (98%) running_loss=0.5744
2026-09-24 13:04:14,938 INFO train epoch 51/200 batch 66/66 (100%) running_loss=0.5765
2026-09-24 13:04:17,465 INFO epoch 51/200 done: train_loss=0.5765 val_loss=0.6357 val_accuracy=0.7152 val_macro_f1=0.5784 val_macro_auc=0.9245 (checkpoint_metric=macro_auc)
2026-09-24 13:04:21,540 INFO train epoch 52/200 batch 13/66 (20%) running_loss=0.5411
2026-09-24 13:04:25,115 INFO train epoch 52/200 batch 26/66 (39%) running_loss=0.5501
2026-09-24 13:04:28,690 INFO train epoch 52/200 batch 39/66 (59%) running_loss=0.5570
2026-09-24 13:04:32,445 INFO train epoch 52/200 batch 52/66 (79%) running_loss=0.5539
2026-09-24 13:04:36,020 INFO train epoch 52/200 batch 65/66 (98%) running_loss=0.5520
2026-09-24 13:04:36,247 INFO train epoch 52/200 batch 66/66 (100%) running_loss=0.5514
2026-09-24 13:04:38,772 INFO epoch 52/200 done: train_loss=0.5514 val_loss=0.2903 val_accuracy=0.9303 val_macro_f1=0.8859 val_macro_auc=0.9799 (checkpoint_metric=macro_auc)
2026-09-24 13:04:42,933 INFO train epoch 53/200 batch 13/66 (20%) running_loss=0.6072
2026-09-24 13:04:46,524 INFO train epoch 53/200 batch 26/66 (39%) running_loss=0.5941
2026-09-24 13:04:50,101 INFO train epoch 53/200 batch 39/66 (59%) running_loss=0.5807
2026-09-24 13:04:53,702 INFO train epoch 53/200 batch 52/66 (79%) running_loss=0.5799
2026-09-24 13:04:57,279 INFO train epoch 53/200 batch 65/66 (98%) running_loss=0.5776
2026-09-24 13:04:57,503 INFO train epoch 53/200 batch 66/66 (100%) running_loss=0.5771
2026-09-24 13:05:00,038 INFO epoch 53/200 done: train_loss=0.5771 val_loss=0.3554 val_accuracy=0.8648 val_macro_f1=0.8197 val_macro_auc=0.9757 (checkpoint_metric=macro_auc)
2026-09-24 13:05:04,142 INFO train epoch 54/200 batch 13/66 (20%) running_loss=0.5665
2026-09-24 13:05:07,713 INFO train epoch 54/200 batch 26/66 (39%) running_loss=0.5795
2026-09-24 13:05:11,289 INFO train epoch 54/200 batch 39/66 (59%) running_loss=0.5711
2026-09-24 13:05:14,862 INFO train epoch 54/200 batch 52/66 (79%) running_loss=0.5621
2026-09-24 13:05:18,432 INFO train epoch 54/200 batch 65/66 (98%) running_loss=0.5622
2026-09-24 13:05:18,655 INFO train epoch 54/200 batch 66/66 (100%) running_loss=0.5632
2026-09-24 13:05:21,177 INFO epoch 54/200 done: train_loss=0.5632 val_loss=0.3952 val_accuracy=0.8402 val_macro_f1=0.7354 val_macro_auc=0.9514 (checkpoint_metric=macro_auc)
2026-09-24 13:05:25,248 INFO train epoch 55/200 batch 13/66 (20%) running_loss=0.6052
2026-09-24 13:05:28,916 INFO train epoch 55/200 batch 26/66 (39%) running_loss=0.5859
2026-09-24 13:05:32,486 INFO train epoch 55/200 batch 39/66 (59%) running_loss=0.5718
2026-09-24 13:05:36,067 INFO train epoch 55/200 batch 52/66 (79%) running_loss=0.5699
2026-09-24 13:05:39,643 INFO train epoch 55/200 batch 65/66 (98%) running_loss=0.5694
2026-09-24 13:05:39,867 INFO train epoch 55/200 batch 66/66 (100%) running_loss=0.5690
2026-09-24 13:05:42,401 INFO epoch 55/200 done: train_loss=0.5690 val_loss=0.3003 val_accuracy=0.8975 val_macro_f1=0.8487 val_macro_auc=0.9847 (checkpoint_metric=macro_auc)
2026-09-24 13:05:46,514 INFO train epoch 56/200 batch 13/66 (20%) running_loss=0.5498
2026-09-24 13:05:50,080 INFO train epoch 56/200 batch 26/66 (39%) running_loss=0.5483
2026-09-24 13:05:53,645 INFO train epoch 56/200 batch 39/66 (59%) running_loss=0.5561
2026-09-24 13:05:57,216 INFO train epoch 56/200 batch 52/66 (79%) running_loss=0.5633
2026-09-24 13:06:00,788 INFO train epoch 56/200 batch 65/66 (98%) running_loss=0.5606
2026-09-24 13:06:01,014 INFO train epoch 56/200 batch 66/66 (100%) running_loss=0.5609
2026-09-24 13:06:03,548 INFO epoch 56/200 done: train_loss=0.5609 val_loss=0.3060 val_accuracy=0.8893 val_macro_f1=0.8433 val_macro_auc=0.9780 (checkpoint_metric=macro_auc)
2026-09-24 13:06:07,614 INFO train epoch 57/200 batch 13/66 (20%) running_loss=0.5884
2026-09-24 13:06:11,191 INFO train epoch 57/200 batch 26/66 (39%) running_loss=0.5759
2026-09-24 13:06:14,768 INFO train epoch 57/200 batch 39/66 (59%) running_loss=0.5731
2026-09-24 13:06:18,336 INFO train epoch 57/200 batch 52/66 (79%) running_loss=0.5812
2026-09-24 13:06:21,910 INFO train epoch 57/200 batch 65/66 (98%) running_loss=0.5803
2026-09-24 13:06:22,137 INFO train epoch 57/200 batch 66/66 (100%) running_loss=0.5808
2026-09-24 13:06:24,648 INFO epoch 57/200 done: train_loss=0.5808 val_loss=0.4477 val_accuracy=0.7971 val_macro_f1=0.7184 val_macro_auc=0.9500 (checkpoint_metric=macro_auc)
2026-09-24 13:06:28,719 INFO train epoch 58/200 batch 13/66 (20%) running_loss=0.5576
2026-09-24 13:06:32,299 INFO train epoch 58/200 batch 26/66 (39%) running_loss=0.5540
2026-09-24 13:06:36,051 INFO train epoch 58/200 batch 39/66 (59%) running_loss=0.5556
2026-09-24 13:06:39,640 INFO train epoch 58/200 batch 52/66 (79%) running_loss=0.5549
2026-09-24 13:06:43,225 INFO train epoch 58/200 batch 65/66 (98%) running_loss=0.5517
2026-09-24 13:06:43,451 INFO train epoch 58/200 batch 66/66 (100%) running_loss=0.5521
2026-09-24 13:06:45,985 INFO epoch 58/200 done: train_loss=0.5521 val_loss=0.2942 val_accuracy=0.9242 val_macro_f1=0.8901 val_macro_auc=0.9833 (checkpoint_metric=macro_auc)
2026-09-24 13:06:50,039 INFO train epoch 59/200 batch 13/66 (20%) running_loss=0.5383
2026-09-24 13:06:53,625 INFO train epoch 59/200 batch 26/66 (39%) running_loss=0.5417
2026-09-24 13:06:57,201 INFO train epoch 59/200 batch 39/66 (59%) running_loss=0.5531
2026-09-24 13:07:00,796 INFO train epoch 59/200 batch 52/66 (79%) running_loss=0.5516
2026-09-24 13:07:04,365 INFO train epoch 59/200 batch 65/66 (98%) running_loss=0.5530
2026-09-24 13:07:04,591 INFO train epoch 59/200 batch 66/66 (100%) running_loss=0.5512
2026-09-24 13:07:07,110 INFO epoch 59/200 done: train_loss=0.5512 val_loss=0.2965 val_accuracy=0.9016 val_macro_f1=0.8577 val_macro_auc=0.9804 (checkpoint_metric=macro_auc)
2026-09-24 13:07:11,157 INFO train epoch 60/200 batch 13/66 (20%) running_loss=0.5519
2026-09-24 13:07:14,746 INFO train epoch 60/200 batch 26/66 (39%) running_loss=0.5448
2026-09-24 13:07:18,328 INFO train epoch 60/200 batch 39/66 (59%) running_loss=0.5469
2026-09-24 13:07:21,913 INFO train epoch 60/200 batch 52/66 (79%) running_loss=0.5517
2026-09-24 13:07:25,490 INFO train epoch 60/200 batch 65/66 (98%) running_loss=0.5611
2026-09-24 13:07:25,717 INFO train epoch 60/200 batch 66/66 (100%) running_loss=0.5608
2026-09-24 13:07:28,486 INFO epoch 60/200 done: train_loss=0.5608 val_loss=0.3826 val_accuracy=0.8484 val_macro_f1=0.7734 val_macro_auc=0.9694 (checkpoint_metric=macro_auc) [new best]
2026-09-24 13:07:32,610 INFO train epoch 61/200 batch 13/66 (20%) running_loss=0.5708
2026-09-24 13:07:36,208 INFO train epoch 61/200 batch 26/66 (39%) running_loss=0.5650
2026-09-24 13:07:39,772 INFO train epoch 61/200 batch 39/66 (59%) running_loss=0.5676
2026-09-24 13:07:43,351 INFO train epoch 61/200 batch 52/66 (79%) running_loss=0.5682
2026-09-24 13:07:46,923 INFO train epoch 61/200 batch 65/66 (98%) running_loss=0.5666
2026-09-24 13:07:47,148 INFO train epoch 61/200 batch 66/66 (100%) running_loss=0.5658
2026-09-24 13:07:49,674 INFO epoch 61/200 done: train_loss=0.5658 val_loss=0.3618 val_accuracy=0.8586 val_macro_f1=0.8186 val_macro_auc=0.9796 (checkpoint_metric=macro_auc)
2026-09-24 13:07:53,763 INFO train epoch 62/200 batch 13/66 (20%) running_loss=0.5480
2026-09-24 13:07:57,333 INFO train epoch 62/200 batch 26/66 (39%) running_loss=0.5612
2026-09-24 13:08:00,950 INFO train epoch 62/200 batch 39/66 (59%) running_loss=0.5530
2026-09-24 13:08:04,536 INFO train epoch 62/200 batch 52/66 (79%) running_loss=0.5480
2026-09-24 13:08:08,113 INFO train epoch 62/200 batch 65/66 (98%) running_loss=0.5432
2026-09-24 13:08:08,338 INFO train epoch 62/200 batch 66/66 (100%) running_loss=0.5420
2026-09-24 13:08:10,988 INFO epoch 62/200 done: train_loss=0.5420 val_loss=0.2866 val_accuracy=0.9221 val_macro_f1=0.8883 val_macro_auc=0.9879 (checkpoint_metric=macro_auc) [new best]
2026-09-24 13:08:15,099 INFO train epoch 63/200 batch 13/66 (20%) running_loss=0.5667
2026-09-24 13:08:18,662 INFO train epoch 63/200 batch 26/66 (39%) running_loss=0.5590
2026-09-24 13:08:22,232 INFO train epoch 63/200 batch 39/66 (59%) running_loss=0.5580
2026-09-24 13:08:25,804 INFO train epoch 63/200 batch 52/66 (79%) running_loss=0.5470
2026-09-24 13:08:29,366 INFO train epoch 63/200 batch 65/66 (98%) running_loss=0.5530
2026-09-24 13:08:29,591 INFO train epoch 63/200 batch 66/66 (100%) running_loss=0.5522
2026-09-24 13:08:32,117 INFO epoch 63/200 done: train_loss=0.5522 val_loss=0.6160 val_accuracy=0.7459 val_macro_f1=0.5612 val_macro_auc=0.9355 (checkpoint_metric=macro_auc)
2026-09-24 13:08:36,240 INFO train epoch 64/200 batch 13/66 (20%) running_loss=0.5562
2026-09-24 13:08:39,817 INFO train epoch 64/200 batch 26/66 (39%) running_loss=0.5427
2026-09-24 13:08:43,390 INFO train epoch 64/200 batch 39/66 (59%) running_loss=0.5337
2026-09-24 13:08:47,141 INFO train epoch 64/200 batch 52/66 (79%) running_loss=0.5378
2026-09-24 13:08:50,720 INFO train epoch 64/200 batch 65/66 (98%) running_loss=0.5359
2026-09-24 13:08:50,945 INFO train epoch 64/200 batch 66/66 (100%) running_loss=0.5349
2026-09-24 13:08:53,463 INFO epoch 64/200 done: train_loss=0.5349 val_loss=0.2933 val_accuracy=0.9324 val_macro_f1=0.9065 val_macro_auc=0.9909 (checkpoint_metric=macro_auc)
2026-09-24 13:08:57,505 INFO train epoch 65/200 batch 13/66 (20%) running_loss=0.5346
2026-09-24 13:09:01,100 INFO train epoch 65/200 batch 26/66 (39%) running_loss=0.5236
2026-09-24 13:09:04,663 INFO train epoch 65/200 batch 39/66 (59%) running_loss=0.5238
2026-09-24 13:09:08,238 INFO train epoch 65/200 batch 52/66 (79%) running_loss=0.5227
2026-09-24 13:09:11,813 INFO train epoch 65/200 batch 65/66 (98%) running_loss=0.5212
2026-09-24 13:09:12,039 INFO train epoch 65/200 batch 66/66 (100%) running_loss=0.5207
2026-09-24 13:09:14,590 INFO epoch 65/200 done: train_loss=0.5207 val_loss=0.2854 val_accuracy=0.9242 val_macro_f1=0.8903 val_macro_auc=0.9870 (checkpoint_metric=macro_auc)
2026-09-24 13:09:18,681 INFO train epoch 66/200 batch 13/66 (20%) running_loss=0.5078
2026-09-24 13:09:22,251 INFO train epoch 66/200 batch 26/66 (39%) running_loss=0.5114
2026-09-24 13:09:25,822 INFO train epoch 66/200 batch 39/66 (59%) running_loss=0.5135
2026-09-24 13:09:29,400 INFO train epoch 66/200 batch 52/66 (79%) running_loss=0.5201
2026-09-24 13:09:32,967 INFO train epoch 66/200 batch 65/66 (98%) running_loss=0.5296
2026-09-24 13:09:33,191 INFO train epoch 66/200 batch 66/66 (100%) running_loss=0.5291
2026-09-24 13:09:35,949 INFO epoch 66/200 done: train_loss=0.5291 val_loss=0.3695 val_accuracy=0.8361 val_macro_f1=0.7660 val_macro_auc=0.9691 (checkpoint_metric=macro_auc) [new best]
2026-09-24 13:09:40,060 INFO train epoch 67/200 batch 13/66 (20%) running_loss=0.4917
2026-09-24 13:09:43,640 INFO train epoch 67/200 batch 26/66 (39%) running_loss=0.5057
2026-09-24 13:09:47,225 INFO train epoch 67/200 batch 39/66 (59%) running_loss=0.5347
2026-09-24 13:09:50,809 INFO train epoch 67/200 batch 52/66 (79%) running_loss=0.5403
2026-09-24 13:09:54,387 INFO train epoch 67/200 batch 65/66 (98%) running_loss=0.5313
2026-09-24 13:09:54,610 INFO train epoch 67/200 batch 66/66 (100%) running_loss=0.5322
2026-09-24 13:09:57,134 INFO epoch 67/200 done: train_loss=0.5322 val_loss=0.3774 val_accuracy=0.8566 val_macro_f1=0.8096 val_macro_auc=0.9733 (checkpoint_metric=macro_auc)
2026-09-24 13:10:01,215 INFO train epoch 68/200 batch 13/66 (20%) running_loss=0.5447
2026-09-24 13:10:04,801 INFO train epoch 68/200 batch 26/66 (39%) running_loss=0.5376
2026-09-24 13:10:08,376 INFO train epoch 68/200 batch 39/66 (59%) running_loss=0.5344
2026-09-24 13:10:11,945 INFO train epoch 68/200 batch 52/66 (79%) running_loss=0.5338
2026-09-24 13:10:15,516 INFO train epoch 68/200 batch 65/66 (98%) running_loss=0.5264
2026-09-24 13:10:15,743 INFO train epoch 68/200 batch 66/66 (100%) running_loss=0.5271
2026-09-24 13:10:18,266 INFO epoch 68/200 done: train_loss=0.5271 val_loss=0.3281 val_accuracy=0.8689 val_macro_f1=0.8330 val_macro_auc=0.9844 (checkpoint_metric=macro_auc)
2026-09-24 13:10:22,377 INFO train epoch 69/200 batch 13/66 (20%) running_loss=0.5036
2026-09-24 13:10:25,966 INFO train epoch 69/200 batch 26/66 (39%) running_loss=0.5105
2026-09-24 13:10:29,542 INFO train epoch 69/200 batch 39/66 (59%) running_loss=0.5151
2026-09-24 13:10:33,120 INFO train epoch 69/200 batch 52/66 (79%) running_loss=0.5090
2026-09-24 13:10:36,695 INFO train epoch 69/200 batch 65/66 (98%) running_loss=0.5179
2026-09-24 13:10:36,918 INFO train epoch 69/200 batch 66/66 (100%) running_loss=0.5168
2026-09-24 13:10:39,449 INFO epoch 69/200 done: train_loss=0.5168 val_loss=0.3141 val_accuracy=0.8893 val_macro_f1=0.8568 val_macro_auc=0.9880 (checkpoint_metric=macro_auc)
2026-09-24 13:10:43,527 INFO train epoch 70/200 batch 13/66 (20%) running_loss=0.5444
2026-09-24 13:10:47,267 INFO train epoch 70/200 batch 26/66 (39%) running_loss=0.5269
2026-09-24 13:10:50,854 INFO train epoch 70/200 batch 39/66 (59%) running_loss=0.5423
2026-09-24 13:10:54,425 INFO train epoch 70/200 batch 52/66 (79%) running_loss=0.5368
2026-09-24 13:10:58,000 INFO train epoch 70/200 batch 65/66 (98%) running_loss=0.5326
2026-09-24 13:10:58,230 INFO train epoch 70/200 batch 66/66 (100%) running_loss=0.5318
2026-09-24 13:11:00,789 INFO epoch 70/200 done: train_loss=0.5318 val_loss=0.4019 val_accuracy=0.8504 val_macro_f1=0.8037 val_macro_auc=0.9664 (checkpoint_metric=macro_auc)
2026-09-24 13:11:04,888 INFO train epoch 71/200 batch 13/66 (20%) running_loss=0.5307
2026-09-24 13:11:08,467 INFO train epoch 71/200 batch 26/66 (39%) running_loss=0.5124
2026-09-24 13:11:12,041 INFO train epoch 71/200 batch 39/66 (59%) running_loss=0.5251
2026-09-24 13:11:15,623 INFO train epoch 71/200 batch 52/66 (79%) running_loss=0.5280
2026-09-24 13:11:19,196 INFO train epoch 71/200 batch 65/66 (98%) running_loss=0.5192
2026-09-24 13:11:19,422 INFO train epoch 71/200 batch 66/66 (100%) running_loss=0.5198
2026-09-24 13:11:21,944 INFO epoch 71/200 done: train_loss=0.5198 val_loss=0.2615 val_accuracy=0.9324 val_macro_f1=0.9097 val_macro_auc=0.9858 (checkpoint_metric=macro_auc)
2026-09-24 13:11:25,988 INFO train epoch 72/200 batch 13/66 (20%) running_loss=0.5032
2026-09-24 13:11:29,584 INFO train epoch 72/200 batch 26/66 (39%) running_loss=0.5187
2026-09-24 13:11:33,176 INFO train epoch 72/200 batch 39/66 (59%) running_loss=0.5125
2026-09-24 13:11:36,767 INFO train epoch 72/200 batch 52/66 (79%) running_loss=0.5155
2026-09-24 13:11:40,342 INFO train epoch 72/200 batch 65/66 (98%) running_loss=0.5144
2026-09-24 13:11:40,568 INFO train epoch 72/200 batch 66/66 (100%) running_loss=0.5138
2026-09-24 13:11:43,113 INFO epoch 72/200 done: train_loss=0.5138 val_loss=0.2711 val_accuracy=0.9221 val_macro_f1=0.8953 val_macro_auc=0.9824 (checkpoint_metric=macro_auc)
2026-09-24 13:11:47,337 INFO train epoch 73/200 batch 13/66 (20%) running_loss=0.4697
2026-09-24 13:11:50,977 INFO train epoch 73/200 batch 26/66 (39%) running_loss=0.4794
2026-09-24 13:11:54,588 INFO train epoch 73/200 batch 39/66 (59%) running_loss=0.4886
2026-09-24 13:11:58,191 INFO train epoch 73/200 batch 52/66 (79%) running_loss=0.4916
2026-09-24 13:12:01,772 INFO train epoch 73/200 batch 65/66 (98%) running_loss=0.5008
2026-09-24 13:12:01,998 INFO train epoch 73/200 batch 66/66 (100%) running_loss=0.5021
2026-09-24 13:12:04,653 INFO epoch 73/200 done: train_loss=0.5021 val_loss=0.3134 val_accuracy=0.9078 val_macro_f1=0.8762 val_macro_auc=0.9858 (checkpoint_metric=macro_auc) [new best]
2026-09-24 13:12:08,721 INFO train epoch 74/200 batch 13/66 (20%) running_loss=0.5316
2026-09-24 13:12:12,279 INFO train epoch 74/200 batch 26/66 (39%) running_loss=0.5187
2026-09-24 13:12:15,866 INFO train epoch 74/200 batch 39/66 (59%) running_loss=0.5034
2026-09-24 13:12:19,436 INFO train epoch 74/200 batch 52/66 (79%) running_loss=0.5000
2026-09-24 13:12:23,006 INFO train epoch 74/200 batch 65/66 (98%) running_loss=0.5107
2026-09-24 13:12:23,231 INFO train epoch 74/200 batch 66/66 (100%) running_loss=0.5116
2026-09-24 13:12:25,765 INFO epoch 74/200 done: train_loss=0.5116 val_loss=0.3705 val_accuracy=0.8689 val_macro_f1=0.8316 val_macro_auc=0.9816 (checkpoint_metric=macro_auc)
2026-09-24 13:12:29,813 INFO train epoch 75/200 batch 13/66 (20%) running_loss=0.4743
2026-09-24 13:12:33,399 INFO train epoch 75/200 batch 26/66 (39%) running_loss=0.4864
2026-09-24 13:12:36,984 INFO train epoch 75/200 batch 39/66 (59%) running_loss=0.4977
2026-09-24 13:12:40,762 INFO train epoch 75/200 batch 52/66 (79%) running_loss=0.5013
2026-09-24 13:12:44,341 INFO train epoch 75/200 batch 65/66 (98%) running_loss=0.5014
2026-09-24 13:12:44,566 INFO train epoch 75/200 batch 66/66 (100%) running_loss=0.5008
2026-09-24 13:12:47,105 INFO epoch 75/200 done: train_loss=0.5008 val_loss=0.2817 val_accuracy=0.9160 val_macro_f1=0.8807 val_macro_auc=0.9832 (checkpoint_metric=macro_auc)
2026-09-24 13:12:51,159 INFO train epoch 76/200 batch 13/66 (20%) running_loss=0.5167
2026-09-24 13:12:54,734 INFO train epoch 76/200 batch 26/66 (39%) running_loss=0.5101
2026-09-24 13:12:58,316 INFO train epoch 76/200 batch 39/66 (59%) running_loss=0.5123
2026-09-24 13:13:01,881 INFO train epoch 76/200 batch 52/66 (79%) running_loss=0.5113
2026-09-24 13:13:05,455 INFO train epoch 76/200 batch 65/66 (98%) running_loss=0.5089
2026-09-24 13:13:05,680 INFO train epoch 76/200 batch 66/66 (100%) running_loss=0.5091
2026-09-24 13:13:08,206 INFO epoch 76/200 done: train_loss=0.5091 val_loss=0.2988 val_accuracy=0.9262 val_macro_f1=0.8982 val_macro_auc=0.9861 (checkpoint_metric=macro_auc)
2026-09-24 13:13:12,329 INFO train epoch 77/200 batch 13/66 (20%) running_loss=0.5274
2026-09-24 13:13:15,921 INFO train epoch 77/200 batch 26/66 (39%) running_loss=0.5096
2026-09-24 13:13:19,482 INFO train epoch 77/200 batch 39/66 (59%) running_loss=0.5055
2026-09-24 13:13:23,077 INFO train epoch 77/200 batch 52/66 (79%) running_loss=0.5089
2026-09-24 13:13:26,659 INFO train epoch 77/200 batch 65/66 (98%) running_loss=0.5061
2026-09-24 13:13:26,885 INFO train epoch 77/200 batch 66/66 (100%) running_loss=0.5048
2026-09-24 13:13:29,664 INFO epoch 77/200 done: train_loss=0.5048 val_loss=0.2229 val_accuracy=0.9570 val_macro_f1=0.9366 val_macro_auc=0.9935 (checkpoint_metric=macro_auc) [new best]
2026-09-24 13:13:33,756 INFO train epoch 78/200 batch 13/66 (20%) running_loss=0.4637
2026-09-24 13:13:37,333 INFO train epoch 78/200 batch 26/66 (39%) running_loss=0.4693
2026-09-24 13:13:40,921 INFO train epoch 78/200 batch 39/66 (59%) running_loss=0.4674
2026-09-24 13:13:44,502 INFO train epoch 78/200 batch 52/66 (79%) running_loss=0.4776
2026-09-24 13:13:48,088 INFO train epoch 78/200 batch 65/66 (98%) running_loss=0.4754
2026-09-24 13:13:48,316 INFO train epoch 78/200 batch 66/66 (100%) running_loss=0.4771
2026-09-24 13:13:50,956 INFO epoch 78/200 done: train_loss=0.4771 val_loss=0.2187 val_accuracy=0.9426 val_macro_f1=0.9094 val_macro_auc=0.9901 (checkpoint_metric=macro_auc) [new best]
2026-09-24 13:13:55,058 INFO train epoch 79/200 batch 13/66 (20%) running_loss=0.4628
2026-09-24 13:13:58,663 INFO train epoch 79/200 batch 26/66 (39%) running_loss=0.4810
2026-09-24 13:14:02,258 INFO train epoch 79/200 batch 39/66 (59%) running_loss=0.4995
2026-09-24 13:14:05,841 INFO train epoch 79/200 batch 52/66 (79%) running_loss=0.4969
2026-09-24 13:14:09,419 INFO train epoch 79/200 batch 65/66 (98%) running_loss=0.4906
2026-09-24 13:14:09,644 INFO train epoch 79/200 batch 66/66 (100%) running_loss=0.4895
2026-09-24 13:14:12,288 INFO epoch 79/200 done: train_loss=0.4895 val_loss=0.2588 val_accuracy=0.9283 val_macro_f1=0.8828 val_macro_auc=0.9891 (checkpoint_metric=macro_auc) [new best]
2026-09-24 13:14:16,381 INFO train epoch 80/200 batch 13/66 (20%) running_loss=0.4647
2026-09-24 13:14:19,967 INFO train epoch 80/200 batch 26/66 (39%) running_loss=0.4752
2026-09-24 13:14:23,556 INFO train epoch 80/200 batch 39/66 (59%) running_loss=0.4704
2026-09-24 13:14:27,155 INFO train epoch 80/200 batch 52/66 (79%) running_loss=0.4654
2026-09-24 13:14:30,744 INFO train epoch 80/200 batch 65/66 (98%) running_loss=0.4709
2026-09-24 13:14:30,971 INFO train epoch 80/200 batch 66/66 (100%) running_loss=0.4725
2026-09-24 13:14:33,506 INFO epoch 80/200 done: train_loss=0.4725 val_loss=0.2566 val_accuracy=0.9426 val_macro_f1=0.9168 val_macro_auc=0.9899 (checkpoint_metric=macro_auc)
2026-09-24 13:14:37,646 INFO train epoch 81/200 batch 13/66 (20%) running_loss=0.4648
2026-09-24 13:14:41,238 INFO train epoch 81/200 batch 26/66 (39%) running_loss=0.4812
2026-09-24 13:14:44,810 INFO train epoch 81/200 batch 39/66 (59%) running_loss=0.4737
2026-09-24 13:14:48,379 INFO train epoch 81/200 batch 52/66 (79%) running_loss=0.4795
2026-09-24 13:14:51,967 INFO train epoch 81/200 batch 65/66 (98%) running_loss=0.4842
2026-09-24 13:14:52,350 INFO train epoch 81/200 batch 66/66 (100%) running_loss=0.4842
2026-09-24 13:14:54,897 INFO epoch 81/200 done: train_loss=0.4842 val_loss=0.2669 val_accuracy=0.9365 val_macro_f1=0.9091 val_macro_auc=0.9871 (checkpoint_metric=macro_auc)
2026-09-24 13:14:58,985 INFO train epoch 82/200 batch 13/66 (20%) running_loss=0.4854
2026-09-24 13:15:02,592 INFO train epoch 82/200 batch 26/66 (39%) running_loss=0.4642
2026-09-24 13:15:06,193 INFO train epoch 82/200 batch 39/66 (59%) running_loss=0.4785
2026-09-24 13:15:09,790 INFO train epoch 82/200 batch 52/66 (79%) running_loss=0.4821
2026-09-24 13:15:13,386 INFO train epoch 82/200 batch 65/66 (98%) running_loss=0.4862
2026-09-24 13:15:13,612 INFO train epoch 82/200 batch 66/66 (100%) running_loss=0.4867
2026-09-24 13:15:16,148 INFO epoch 82/200 done: train_loss=0.4867 val_loss=0.2774 val_accuracy=0.9385 val_macro_f1=0.9139 val_macro_auc=0.9884 (checkpoint_metric=macro_auc)
2026-09-24 13:15:20,240 INFO train epoch 83/200 batch 13/66 (20%) running_loss=0.4911
2026-09-24 13:15:23,820 INFO train epoch 83/200 batch 26/66 (39%) running_loss=0.4830
2026-09-24 13:15:27,395 INFO train epoch 83/200 batch 39/66 (59%) running_loss=0.4761
2026-09-24 13:15:30,969 INFO train epoch 83/200 batch 52/66 (79%) running_loss=0.4778
2026-09-24 13:15:34,540 INFO train epoch 83/200 batch 65/66 (98%) running_loss=0.4749
2026-09-24 13:15:34,763 INFO train epoch 83/200 batch 66/66 (100%) running_loss=0.4746
2026-09-24 13:15:37,301 INFO epoch 83/200 done: train_loss=0.4746 val_loss=0.2329 val_accuracy=0.9529 val_macro_f1=0.9324 val_macro_auc=0.9918 (checkpoint_metric=macro_auc)
2026-09-24 13:15:41,444 INFO train epoch 84/200 batch 13/66 (20%) running_loss=0.5005
2026-09-24 13:15:45,035 INFO train epoch 84/200 batch 26/66 (39%) running_loss=0.4978
2026-09-24 13:15:48,616 INFO train epoch 84/200 batch 39/66 (59%) running_loss=0.4834
2026-09-24 13:15:52,188 INFO train epoch 84/200 batch 52/66 (79%) running_loss=0.4879
2026-09-24 13:15:55,927 INFO train epoch 84/200 batch 65/66 (98%) running_loss=0.4865
2026-09-24 13:15:56,153 INFO train epoch 84/200 batch 66/66 (100%) running_loss=0.4858
2026-09-24 13:15:58,695 INFO epoch 84/200 done: train_loss=0.4858 val_loss=0.3497 val_accuracy=0.8648 val_macro_f1=0.8089 val_macro_auc=0.9803 (checkpoint_metric=macro_auc)
2026-09-24 13:16:02,804 INFO train epoch 85/200 batch 13/66 (20%) running_loss=0.4634
2026-09-24 13:16:06,395 INFO train epoch 85/200 batch 26/66 (39%) running_loss=0.4461
2026-09-24 13:16:09,974 INFO train epoch 85/200 batch 39/66 (59%) running_loss=0.4550
2026-09-24 13:16:13,559 INFO train epoch 85/200 batch 52/66 (79%) running_loss=0.4647
2026-09-24 13:16:17,141 INFO train epoch 85/200 batch 65/66 (98%) running_loss=0.4648
2026-09-24 13:16:17,366 INFO train epoch 85/200 batch 66/66 (100%) running_loss=0.4648
2026-09-24 13:16:19,900 INFO epoch 85/200 done: train_loss=0.4648 val_loss=0.2226 val_accuracy=0.9467 val_macro_f1=0.9299 val_macro_auc=0.9896 (checkpoint_metric=macro_auc)
2026-09-24 13:16:24,004 INFO train epoch 86/200 batch 13/66 (20%) running_loss=0.4836
2026-09-24 13:16:27,586 INFO train epoch 86/200 batch 26/66 (39%) running_loss=0.4712
2026-09-24 13:16:31,157 INFO train epoch 86/200 batch 39/66 (59%) running_loss=0.4769
2026-09-24 13:16:34,744 INFO train epoch 86/200 batch 52/66 (79%) running_loss=0.4761
2026-09-24 13:16:38,332 INFO train epoch 86/200 batch 65/66 (98%) running_loss=0.4767
2026-09-24 13:16:38,560 INFO train epoch 86/200 batch 66/66 (100%) running_loss=0.4770
2026-09-24 13:16:41,097 INFO epoch 86/200 done: train_loss=0.4770 val_loss=0.3340 val_accuracy=0.8770 val_macro_f1=0.8451 val_macro_auc=0.9812 (checkpoint_metric=macro_auc)
2026-09-24 13:16:45,221 INFO train epoch 87/200 batch 13/66 (20%) running_loss=0.4591
2026-09-24 13:16:48,786 INFO train epoch 87/200 batch 26/66 (39%) running_loss=0.4574
2026-09-24 13:16:52,358 INFO train epoch 87/200 batch 39/66 (59%) running_loss=0.4478
2026-09-24 13:16:55,925 INFO train epoch 87/200 batch 52/66 (79%) running_loss=0.4531
2026-09-24 13:16:59,507 INFO train epoch 87/200 batch 65/66 (98%) running_loss=0.4584
2026-09-24 13:16:59,732 INFO train epoch 87/200 batch 66/66 (100%) running_loss=0.4576
2026-09-24 13:17:02,259 INFO epoch 87/200 done: train_loss=0.4576 val_loss=0.3388 val_accuracy=0.8791 val_macro_f1=0.8270 val_macro_auc=0.9745 (checkpoint_metric=macro_auc)
2026-09-24 13:17:06,549 INFO train epoch 88/200 batch 13/66 (20%) running_loss=0.4804
2026-09-24 13:17:10,154 INFO train epoch 88/200 batch 26/66 (39%) running_loss=0.4726
2026-09-24 13:17:13,736 INFO train epoch 88/200 batch 39/66 (59%) running_loss=0.4717
2026-09-24 13:17:17,322 INFO train epoch 88/200 batch 52/66 (79%) running_loss=0.4704
2026-09-24 13:17:20,903 INFO train epoch 88/200 batch 65/66 (98%) running_loss=0.4721
2026-09-24 13:17:21,130 INFO train epoch 88/200 batch 66/66 (100%) running_loss=0.4736
2026-09-24 13:17:23,680 INFO epoch 88/200 done: train_loss=0.4736 val_loss=0.3555 val_accuracy=0.8791 val_macro_f1=0.8462 val_macro_auc=0.9832 (checkpoint_metric=macro_auc)
2026-09-24 13:17:27,763 INFO train epoch 89/200 batch 13/66 (20%) running_loss=0.4576
2026-09-24 13:17:31,344 INFO train epoch 89/200 batch 26/66 (39%) running_loss=0.4610
2026-09-24 13:17:34,934 INFO train epoch 89/200 batch 39/66 (59%) running_loss=0.4641
2026-09-24 13:17:38,521 INFO train epoch 89/200 batch 52/66 (79%) running_loss=0.4723
2026-09-24 13:17:42,109 INFO train epoch 89/200 batch 65/66 (98%) running_loss=0.4715
2026-09-24 13:17:42,336 INFO train epoch 89/200 batch 66/66 (100%) running_loss=0.4708
2026-09-24 13:17:44,860 INFO epoch 89/200 done: train_loss=0.4708 val_loss=0.2735 val_accuracy=0.9365 val_macro_f1=0.9099 val_macro_auc=0.9914 (checkpoint_metric=macro_auc)
2026-09-24 13:17:48,964 INFO train epoch 90/200 batch 13/66 (20%) running_loss=0.5047
2026-09-24 13:17:52,549 INFO train epoch 90/200 batch 26/66 (39%) running_loss=0.4717
2026-09-24 13:17:56,123 INFO train epoch 90/200 batch 39/66 (59%) running_loss=0.4836
2026-09-24 13:17:59,698 INFO train epoch 90/200 batch 52/66 (79%) running_loss=0.4860
2026-09-24 13:18:03,442 INFO train epoch 90/200 batch 65/66 (98%) running_loss=0.4847
2026-09-24 13:18:03,668 INFO train epoch 90/200 batch 66/66 (100%) running_loss=0.4837
2026-09-24 13:18:06,197 INFO epoch 90/200 done: train_loss=0.4837 val_loss=0.2554 val_accuracy=0.9283 val_macro_f1=0.9008 val_macro_auc=0.9845 (checkpoint_metric=macro_auc)
2026-09-24 13:18:10,297 INFO train epoch 91/200 batch 13/66 (20%) running_loss=0.4730
2026-09-24 13:18:13,873 INFO train epoch 91/200 batch 26/66 (39%) running_loss=0.4714
2026-09-24 13:18:17,445 INFO train epoch 91/200 batch 39/66 (59%) running_loss=0.4724
2026-09-24 13:18:21,016 INFO train epoch 91/200 batch 52/66 (79%) running_loss=0.4674
2026-09-24 13:18:24,593 INFO train epoch 91/200 batch 65/66 (98%) running_loss=0.4714
2026-09-24 13:18:24,819 INFO train epoch 91/200 batch 66/66 (100%) running_loss=0.4709
2026-09-24 13:18:27,369 INFO epoch 91/200 done: train_loss=0.4709 val_loss=0.2519 val_accuracy=0.9611 val_macro_f1=0.9421 val_macro_auc=0.9922 (checkpoint_metric=macro_auc)
2026-09-24 13:18:31,440 INFO train epoch 92/200 batch 13/66 (20%) running_loss=0.4578
2026-09-24 13:18:35,020 INFO train epoch 92/200 batch 26/66 (39%) running_loss=0.4642
2026-09-24 13:18:38,604 INFO train epoch 92/200 batch 39/66 (59%) running_loss=0.4580
2026-09-24 13:18:42,183 INFO train epoch 92/200 batch 52/66 (79%) running_loss=0.4550
2026-09-24 13:18:45,763 INFO train epoch 92/200 batch 65/66 (98%) running_loss=0.4530
2026-09-24 13:18:45,990 INFO train epoch 92/200 batch 66/66 (100%) running_loss=0.4533
2026-09-24 13:18:48,514 INFO epoch 92/200 done: train_loss=0.4533 val_loss=0.3015 val_accuracy=0.9057 val_macro_f1=0.8840 val_macro_auc=0.9866 (checkpoint_metric=macro_auc)
2026-09-24 13:18:52,578 INFO train epoch 93/200 batch 13/66 (20%) running_loss=0.4452
2026-09-24 13:18:56,157 INFO train epoch 93/200 batch 26/66 (39%) running_loss=0.4545
2026-09-24 13:18:59,763 INFO train epoch 93/200 batch 39/66 (59%) running_loss=0.4530
2026-09-24 13:19:03,337 INFO train epoch 93/200 batch 52/66 (79%) running_loss=0.4622
2026-09-24 13:19:06,918 INFO train epoch 93/200 batch 65/66 (98%) running_loss=0.4706
2026-09-24 13:19:07,143 INFO train epoch 93/200 batch 66/66 (100%) running_loss=0.4730
2026-09-24 13:19:09,671 INFO epoch 93/200 done: train_loss=0.4730 val_loss=0.2479 val_accuracy=0.9508 val_macro_f1=0.9274 val_macro_auc=0.9893 (checkpoint_metric=macro_auc)
2026-09-24 13:19:13,767 INFO train epoch 94/200 batch 13/66 (20%) running_loss=0.4455
2026-09-24 13:19:17,437 INFO train epoch 94/200 batch 26/66 (39%) running_loss=0.4610
2026-09-24 13:19:21,006 INFO train epoch 94/200 batch 39/66 (59%) running_loss=0.4749
2026-09-24 13:19:24,580 INFO train epoch 94/200 batch 52/66 (79%) running_loss=0.4712
2026-09-24 13:19:28,158 INFO train epoch 94/200 batch 65/66 (98%) running_loss=0.4719
2026-09-24 13:19:28,383 INFO train epoch 94/200 batch 66/66 (100%) running_loss=0.4723
2026-09-24 13:19:30,911 INFO epoch 94/200 done: train_loss=0.4723 val_loss=0.2593 val_accuracy=0.9344 val_macro_f1=0.9088 val_macro_auc=0.9891 (checkpoint_metric=macro_auc)
2026-09-24 13:19:35,028 INFO train epoch 95/200 batch 13/66 (20%) running_loss=0.4699
2026-09-24 13:19:38,614 INFO train epoch 95/200 batch 26/66 (39%) running_loss=0.4549
2026-09-24 13:19:42,219 INFO train epoch 95/200 batch 39/66 (59%) running_loss=0.4544
2026-09-24 13:19:45,834 INFO train epoch 95/200 batch 52/66 (79%) running_loss=0.4615
2026-09-24 13:19:49,411 INFO train epoch 95/200 batch 65/66 (98%) running_loss=0.4590
2026-09-24 13:19:49,636 INFO train epoch 95/200 batch 66/66 (100%) running_loss=0.4584
2026-09-24 13:19:52,158 INFO epoch 95/200 done: train_loss=0.4584 val_loss=0.2427 val_accuracy=0.9426 val_macro_f1=0.9249 val_macro_auc=0.9898 (checkpoint_metric=macro_auc)
2026-09-24 13:19:56,228 INFO train epoch 96/200 batch 13/66 (20%) running_loss=0.4587
2026-09-24 13:19:59,830 INFO train epoch 96/200 batch 26/66 (39%) running_loss=0.4513
2026-09-24 13:20:03,422 INFO train epoch 96/200 batch 39/66 (59%) running_loss=0.4583
2026-09-24 13:20:06,996 INFO train epoch 96/200 batch 52/66 (79%) running_loss=0.4672
2026-09-24 13:20:10,564 INFO train epoch 96/200 batch 65/66 (98%) running_loss=0.4727
2026-09-24 13:20:10,790 INFO train epoch 96/200 batch 66/66 (100%) running_loss=0.4718
2026-09-24 13:20:13,321 INFO epoch 96/200 done: train_loss=0.4718 val_loss=0.2133 val_accuracy=0.9488 val_macro_f1=0.9267 val_macro_auc=0.9912 (checkpoint_metric=macro_auc)
2026-09-24 13:20:17,434 INFO train epoch 97/200 batch 13/66 (20%) running_loss=0.4519
2026-09-24 13:20:21,013 INFO train epoch 97/200 batch 26/66 (39%) running_loss=0.4632
2026-09-24 13:20:24,763 INFO train epoch 97/200 batch 39/66 (59%) running_loss=0.4589
2026-09-24 13:20:28,340 INFO train epoch 97/200 batch 52/66 (79%) running_loss=0.4592
2026-09-24 13:20:31,916 INFO train epoch 97/200 batch 65/66 (98%) running_loss=0.4585
2026-09-24 13:20:32,141 INFO train epoch 97/200 batch 66/66 (100%) running_loss=0.4592
2026-09-24 13:20:34,662 INFO epoch 97/200 done: train_loss=0.4592 val_loss=0.2150 val_accuracy=0.9549 val_macro_f1=0.9355 val_macro_auc=0.9886 (checkpoint_metric=macro_auc)
2026-09-24 13:20:38,748 INFO train epoch 98/200 batch 13/66 (20%) running_loss=0.4740
2026-09-24 13:20:42,323 INFO train epoch 98/200 batch 26/66 (39%) running_loss=0.4602
2026-09-24 13:20:45,886 INFO train epoch 98/200 batch 39/66 (59%) running_loss=0.4539
2026-09-24 13:20:49,448 INFO train epoch 98/200 batch 52/66 (79%) running_loss=0.4555
2026-09-24 13:20:53,012 INFO train epoch 98/200 batch 65/66 (98%) running_loss=0.4549
2026-09-24 13:20:53,237 INFO train epoch 98/200 batch 66/66 (100%) running_loss=0.4560
2026-09-24 13:20:55,896 INFO epoch 98/200 done: train_loss=0.4560 val_loss=0.2342 val_accuracy=0.9344 val_macro_f1=0.9104 val_macro_auc=0.9930 (checkpoint_metric=macro_auc) [new best]
2026-09-24 13:20:59,995 INFO train epoch 99/200 batch 13/66 (20%) running_loss=0.4847
2026-09-24 13:21:03,573 INFO train epoch 99/200 batch 26/66 (39%) running_loss=0.4746
2026-09-24 13:21:07,162 INFO train epoch 99/200 batch 39/66 (59%) running_loss=0.4624
2026-09-24 13:21:10,736 INFO train epoch 99/200 batch 52/66 (79%) running_loss=0.4576
2026-09-24 13:21:14,303 INFO train epoch 99/200 batch 65/66 (98%) running_loss=0.4578
2026-09-24 13:21:14,529 INFO train epoch 99/200 batch 66/66 (100%) running_loss=0.4570
2026-09-24 13:21:17,077 INFO epoch 99/200 done: train_loss=0.4570 val_loss=0.2860 val_accuracy=0.9016 val_macro_f1=0.8550 val_macro_auc=0.9866 (checkpoint_metric=macro_auc)
2026-09-24 13:21:21,348 INFO train epoch 100/200 batch 13/66 (20%) running_loss=0.4309
2026-09-24 13:21:24,924 INFO train epoch 100/200 batch 26/66 (39%) running_loss=0.4428
2026-09-24 13:21:28,500 INFO train epoch 100/200 batch 39/66 (59%) running_loss=0.4444
2026-09-24 13:21:32,080 INFO train epoch 100/200 batch 52/66 (79%) running_loss=0.4414
2026-09-24 13:21:35,661 INFO train epoch 100/200 batch 65/66 (98%) running_loss=0.4420
2026-09-24 13:21:35,888 INFO train epoch 100/200 batch 66/66 (100%) running_loss=0.4420
2026-09-24 13:21:38,420 INFO epoch 100/200 done: train_loss=0.4420 val_loss=0.2613 val_accuracy=0.9160 val_macro_f1=0.8839 val_macro_auc=0.9857 (checkpoint_metric=macro_auc)
2026-09-24 13:21:42,519 INFO train epoch 101/200 batch 13/66 (20%) running_loss=0.4565
2026-09-24 13:21:46,097 INFO train epoch 101/200 batch 26/66 (39%) running_loss=0.4570
2026-09-24 13:21:49,708 INFO train epoch 101/200 batch 39/66 (59%) running_loss=0.4540
2026-09-24 13:21:53,352 INFO train epoch 101/200 batch 52/66 (79%) running_loss=0.4494
2026-09-24 13:21:56,962 INFO train epoch 101/200 batch 65/66 (98%) running_loss=0.4457
2026-09-24 13:21:57,189 INFO train epoch 101/200 batch 66/66 (100%) running_loss=0.4469
2026-09-24 13:21:59,731 INFO epoch 101/200 done: train_loss=0.4469 val_loss=0.2271 val_accuracy=0.9570 val_macro_f1=0.9391 val_macro_auc=0.9895 (checkpoint_metric=macro_auc)
2026-09-24 13:22:03,819 INFO train epoch 102/200 batch 13/66 (20%) running_loss=0.4381
2026-09-24 13:22:07,389 INFO train epoch 102/200 batch 26/66 (39%) running_loss=0.4485
2026-09-24 13:22:10,966 INFO train epoch 102/200 batch 39/66 (59%) running_loss=0.4497
2026-09-24 13:22:14,538 INFO train epoch 102/200 batch 52/66 (79%) running_loss=0.4452
2026-09-24 13:22:18,284 INFO train epoch 102/200 batch 65/66 (98%) running_loss=0.4432
2026-09-24 13:22:18,510 INFO train epoch 102/200 batch 66/66 (100%) running_loss=0.4452
2026-09-24 13:22:21,032 INFO epoch 102/200 done: train_loss=0.4452 val_loss=0.2314 val_accuracy=0.9488 val_macro_f1=0.9329 val_macro_auc=0.9917 (checkpoint_metric=macro_auc)
2026-09-24 13:22:25,138 INFO train epoch 103/200 batch 13/66 (20%) running_loss=0.4555
2026-09-24 13:22:28,703 INFO train epoch 103/200 batch 26/66 (39%) running_loss=0.4296
2026-09-24 13:22:32,277 INFO train epoch 103/200 batch 39/66 (59%) running_loss=0.4365
2026-09-24 13:22:35,854 INFO train epoch 103/200 batch 52/66 (79%) running_loss=0.4431
2026-09-24 13:22:39,418 INFO train epoch 103/200 batch 65/66 (98%) running_loss=0.4540
2026-09-24 13:22:39,642 INFO train epoch 103/200 batch 66/66 (100%) running_loss=0.4543
2026-09-24 13:22:42,304 INFO epoch 103/200 done: train_loss=0.4543 val_loss=0.2024 val_accuracy=0.9590 val_macro_f1=0.9445 val_macro_auc=0.9952 (checkpoint_metric=macro_auc) [new best]
2026-09-24 13:22:46,357 INFO train epoch 104/200 batch 13/66 (20%) running_loss=0.4939
2026-09-24 13:22:49,942 INFO train epoch 104/200 batch 26/66 (39%) running_loss=0.4689
2026-09-24 13:22:53,540 INFO train epoch 104/200 batch 39/66 (59%) running_loss=0.4601
2026-09-24 13:22:57,131 INFO train epoch 104/200 batch 52/66 (79%) running_loss=0.4643
2026-09-24 13:23:00,715 INFO train epoch 104/200 batch 65/66 (98%) running_loss=0.4583
2026-09-24 13:23:00,940 INFO train epoch 104/200 batch 66/66 (100%) running_loss=0.4574
2026-09-24 13:23:03,586 INFO epoch 104/200 done: train_loss=0.4574 val_loss=0.1820 val_accuracy=0.9590 val_macro_f1=0.9388 val_macro_auc=0.9956 (checkpoint_metric=macro_auc) [new best]
2026-09-24 13:23:07,721 INFO train epoch 105/200 batch 13/66 (20%) running_loss=0.4230
2026-09-24 13:23:11,292 INFO train epoch 105/200 batch 26/66 (39%) running_loss=0.4234
2026-09-24 13:23:14,862 INFO train epoch 105/200 batch 39/66 (59%) running_loss=0.4268
2026-09-24 13:23:18,527 INFO train epoch 105/200 batch 52/66 (79%) running_loss=0.4337
2026-09-24 13:23:22,096 INFO train epoch 105/200 batch 65/66 (98%) running_loss=0.4401
2026-09-24 13:23:22,321 INFO train epoch 105/200 batch 66/66 (100%) running_loss=0.4396
2026-09-24 13:23:24,967 INFO epoch 105/200 done: train_loss=0.4396 val_loss=0.1918 val_accuracy=0.9590 val_macro_f1=0.9374 val_macro_auc=0.9928 (checkpoint_metric=macro_auc) [new best]
2026-09-24 13:23:29,071 INFO train epoch 106/200 batch 13/66 (20%) running_loss=0.4527
2026-09-24 13:23:32,645 INFO train epoch 106/200 batch 26/66 (39%) running_loss=0.4488
2026-09-24 13:23:36,229 INFO train epoch 106/200 batch 39/66 (59%) running_loss=0.4461
2026-09-24 13:23:39,816 INFO train epoch 106/200 batch 52/66 (79%) running_loss=0.4469
2026-09-24 13:23:43,406 INFO train epoch 106/200 batch 65/66 (98%) running_loss=0.4487
2026-09-24 13:23:43,633 INFO train epoch 106/200 batch 66/66 (100%) running_loss=0.4494
2026-09-24 13:23:46,166 INFO epoch 106/200 done: train_loss=0.4494 val_loss=0.1987 val_accuracy=0.9529 val_macro_f1=0.9289 val_macro_auc=0.9928 (checkpoint_metric=macro_auc)
2026-09-24 13:23:50,264 INFO train epoch 107/200 batch 13/66 (20%) running_loss=0.4334
2026-09-24 13:23:53,839 INFO train epoch 107/200 batch 26/66 (39%) running_loss=0.4401
2026-09-24 13:23:57,414 INFO train epoch 107/200 batch 39/66 (59%) running_loss=0.4334
2026-09-24 13:24:00,986 INFO train epoch 107/200 batch 52/66 (79%) running_loss=0.4315
2026-09-24 13:24:04,559 INFO train epoch 107/200 batch 65/66 (98%) running_loss=0.4306
2026-09-24 13:24:04,785 INFO train epoch 107/200 batch 66/66 (100%) running_loss=0.4303
2026-09-24 13:24:07,314 INFO epoch 107/200 done: train_loss=0.4303 val_loss=0.2222 val_accuracy=0.9467 val_macro_f1=0.9228 val_macro_auc=0.9906 (checkpoint_metric=macro_auc)
2026-09-24 13:24:11,600 INFO train epoch 108/200 batch 13/66 (20%) running_loss=0.4294
2026-09-24 13:24:15,216 INFO train epoch 108/200 batch 26/66 (39%) running_loss=0.4392
2026-09-24 13:24:18,811 INFO train epoch 108/200 batch 39/66 (59%) running_loss=0.4482
2026-09-24 13:24:22,389 INFO train epoch 108/200 batch 52/66 (79%) running_loss=0.4410
2026-09-24 13:24:25,965 INFO train epoch 108/200 batch 65/66 (98%) running_loss=0.4399
2026-09-24 13:24:26,191 INFO train epoch 108/200 batch 66/66 (100%) running_loss=0.4395
2026-09-24 13:24:28,707 INFO epoch 108/200 done: train_loss=0.4395 val_loss=0.1981 val_accuracy=0.9529 val_macro_f1=0.9317 val_macro_auc=0.9923 (checkpoint_metric=macro_auc)
2026-09-24 13:24:32,805 INFO train epoch 109/200 batch 13/66 (20%) running_loss=0.4334
2026-09-24 13:24:36,381 INFO train epoch 109/200 batch 26/66 (39%) running_loss=0.4335
2026-09-24 13:24:39,957 INFO train epoch 109/200 batch 39/66 (59%) running_loss=0.4291
2026-09-24 13:24:43,536 INFO train epoch 109/200 batch 52/66 (79%) running_loss=0.4352
2026-09-24 13:24:47,114 INFO train epoch 109/200 batch 65/66 (98%) running_loss=0.4386
2026-09-24 13:24:47,341 INFO train epoch 109/200 batch 66/66 (100%) running_loss=0.4387
2026-09-24 13:24:49,854 INFO epoch 109/200 done: train_loss=0.4387 val_loss=0.2251 val_accuracy=0.9488 val_macro_f1=0.9208 val_macro_auc=0.9916 (checkpoint_metric=macro_auc)
2026-09-24 13:24:53,963 INFO train epoch 110/200 batch 13/66 (20%) running_loss=0.4479
2026-09-24 13:24:57,548 INFO train epoch 110/200 batch 26/66 (39%) running_loss=0.4326
2026-09-24 13:25:01,142 INFO train epoch 110/200 batch 39/66 (59%) running_loss=0.4343
2026-09-24 13:25:04,815 INFO train epoch 110/200 batch 52/66 (79%) running_loss=0.4314
2026-09-24 13:25:08,410 INFO train epoch 110/200 batch 65/66 (98%) running_loss=0.4349
2026-09-24 13:25:08,637 INFO train epoch 110/200 batch 66/66 (100%) running_loss=0.4349
2026-09-24 13:25:11,163 INFO epoch 110/200 done: train_loss=0.4349 val_loss=0.3002 val_accuracy=0.8996 val_macro_f1=0.8716 val_macro_auc=0.9857 (checkpoint_metric=macro_auc)
2026-09-24 13:25:15,281 INFO train epoch 111/200 batch 13/66 (20%) running_loss=0.4332
2026-09-24 13:25:18,866 INFO train epoch 111/200 batch 26/66 (39%) running_loss=0.4295
2026-09-24 13:25:22,457 INFO train epoch 111/200 batch 39/66 (59%) running_loss=0.4362
2026-09-24 13:25:26,022 INFO train epoch 111/200 batch 52/66 (79%) running_loss=0.4345
2026-09-24 13:25:29,600 INFO train epoch 111/200 batch 65/66 (98%) running_loss=0.4284
2026-09-24 13:25:29,826 INFO train epoch 111/200 batch 66/66 (100%) running_loss=0.4284
2026-09-24 13:25:32,351 INFO epoch 111/200 done: train_loss=0.4284 val_loss=0.1969 val_accuracy=0.9508 val_macro_f1=0.9291 val_macro_auc=0.9922 (checkpoint_metric=macro_auc)
2026-09-24 13:25:36,462 INFO train epoch 112/200 batch 13/66 (20%) running_loss=0.4516
2026-09-24 13:25:40,059 INFO train epoch 112/200 batch 26/66 (39%) running_loss=0.4394
2026-09-24 13:25:43,663 INFO train epoch 112/200 batch 39/66 (59%) running_loss=0.4400
2026-09-24 13:25:47,238 INFO train epoch 112/200 batch 52/66 (79%) running_loss=0.4344
2026-09-24 13:25:50,807 INFO train epoch 112/200 batch 65/66 (98%) running_loss=0.4328
2026-09-24 13:25:51,035 INFO train epoch 112/200 batch 66/66 (100%) running_loss=0.4327
2026-09-24 13:25:53,566 INFO epoch 112/200 done: train_loss=0.4327 val_loss=0.2053 val_accuracy=0.9529 val_macro_f1=0.9346 val_macro_auc=0.9925 (checkpoint_metric=macro_auc)
2026-09-24 13:25:57,665 INFO train epoch 113/200 batch 13/66 (20%) running_loss=0.4367
2026-09-24 13:26:01,245 INFO train epoch 113/200 batch 26/66 (39%) running_loss=0.4380
2026-09-24 13:26:04,819 INFO train epoch 113/200 batch 39/66 (59%) running_loss=0.4339
2026-09-24 13:26:08,425 INFO train epoch 113/200 batch 52/66 (79%) running_loss=0.4321
2026-09-24 13:26:12,009 INFO train epoch 113/200 batch 65/66 (98%) running_loss=0.4335
2026-09-24 13:26:12,235 INFO train epoch 113/200 batch 66/66 (100%) running_loss=0.4326
2026-09-24 13:26:14,755 INFO epoch 113/200 done: train_loss=0.4326 val_loss=0.2248 val_accuracy=0.9488 val_macro_f1=0.9318 val_macro_auc=0.9918 (checkpoint_metric=macro_auc)
2026-09-24 13:26:19,052 INFO train epoch 114/200 batch 13/66 (20%) running_loss=0.4109
2026-09-24 13:26:22,630 INFO train epoch 114/200 batch 26/66 (39%) running_loss=0.4218
2026-09-24 13:26:26,211 INFO train epoch 114/200 batch 39/66 (59%) running_loss=0.4212
2026-09-24 13:26:29,797 INFO train epoch 114/200 batch 52/66 (79%) running_loss=0.4203
2026-09-24 13:26:33,381 INFO train epoch 114/200 batch 65/66 (98%) running_loss=0.4197
2026-09-24 13:26:33,608 INFO train epoch 114/200 batch 66/66 (100%) running_loss=0.4198
2026-09-24 13:26:36,142 INFO epoch 114/200 done: train_loss=0.4198 val_loss=0.1930 val_accuracy=0.9529 val_macro_f1=0.9399 val_macro_auc=0.9950 (checkpoint_metric=macro_auc)
2026-09-24 13:26:40,239 INFO train epoch 115/200 batch 13/66 (20%) running_loss=0.4346
2026-09-24 13:26:43,825 INFO train epoch 115/200 batch 26/66 (39%) running_loss=0.4258
2026-09-24 13:26:47,416 INFO train epoch 115/200 batch 39/66 (59%) running_loss=0.4277
2026-09-24 13:26:50,992 INFO train epoch 115/200 batch 52/66 (79%) running_loss=0.4284
2026-09-24 13:26:54,568 INFO train epoch 115/200 batch 65/66 (98%) running_loss=0.4210
2026-09-24 13:26:54,793 INFO train epoch 115/200 batch 66/66 (100%) running_loss=0.4207
2026-09-24 13:26:57,313 INFO epoch 115/200 done: train_loss=0.4207 val_loss=0.2618 val_accuracy=0.9303 val_macro_f1=0.9027 val_macro_auc=0.9877 (checkpoint_metric=macro_auc)
2026-09-24 13:27:01,472 INFO train epoch 116/200 batch 13/66 (20%) running_loss=0.4398
2026-09-24 13:27:05,248 INFO train epoch 116/200 batch 26/66 (39%) running_loss=0.4235
2026-09-24 13:27:08,843 INFO train epoch 116/200 batch 39/66 (59%) running_loss=0.4296
2026-09-24 13:27:12,421 INFO train epoch 116/200 batch 52/66 (79%) running_loss=0.4250
2026-09-24 13:27:15,991 INFO train epoch 116/200 batch 65/66 (98%) running_loss=0.4306
2026-09-24 13:27:16,218 INFO train epoch 116/200 batch 66/66 (100%) running_loss=0.4301
2026-09-24 13:27:18,742 INFO epoch 116/200 done: train_loss=0.4301 val_loss=0.1871 val_accuracy=0.9652 val_macro_f1=0.9492 val_macro_auc=0.9942 (checkpoint_metric=macro_auc)
2026-09-24 13:27:22,845 INFO train epoch 117/200 batch 13/66 (20%) running_loss=0.3989
2026-09-24 13:27:26,424 INFO train epoch 117/200 batch 26/66 (39%) running_loss=0.4263
2026-09-24 13:27:30,017 INFO train epoch 117/200 batch 39/66 (59%) running_loss=0.4260
2026-09-24 13:27:33,605 INFO train epoch 117/200 batch 52/66 (79%) running_loss=0.4185
2026-09-24 13:27:37,177 INFO train epoch 117/200 batch 65/66 (98%) running_loss=0.4163
2026-09-24 13:27:37,404 INFO train epoch 117/200 batch 66/66 (100%) running_loss=0.4157
2026-09-24 13:27:39,927 INFO epoch 117/200 done: train_loss=0.4157 val_loss=0.2163 val_accuracy=0.9508 val_macro_f1=0.9309 val_macro_auc=0.9907 (checkpoint_metric=macro_auc)
2026-09-24 13:27:44,070 INFO train epoch 118/200 batch 13/66 (20%) running_loss=0.3867
2026-09-24 13:27:47,633 INFO train epoch 118/200 batch 26/66 (39%) running_loss=0.4091
2026-09-24 13:27:51,211 INFO train epoch 118/200 batch 39/66 (59%) running_loss=0.4049
2026-09-24 13:27:54,795 INFO train epoch 118/200 batch 52/66 (79%) running_loss=0.4135
2026-09-24 13:27:58,376 INFO train epoch 118/200 batch 65/66 (98%) running_loss=0.4172
2026-09-24 13:27:58,602 INFO train epoch 118/200 batch 66/66 (100%) running_loss=0.4174
2026-09-24 13:28:01,117 INFO epoch 118/200 done: train_loss=0.4174 val_loss=0.2044 val_accuracy=0.9508 val_macro_f1=0.9327 val_macro_auc=0.9923 (checkpoint_metric=macro_auc)
2026-09-24 13:28:05,192 INFO train epoch 119/200 batch 13/66 (20%) running_loss=0.4072
2026-09-24 13:28:08,767 INFO train epoch 119/200 batch 26/66 (39%) running_loss=0.4155
2026-09-24 13:28:12,436 INFO train epoch 119/200 batch 39/66 (59%) running_loss=0.4149
2026-09-24 13:28:16,006 INFO train epoch 119/200 batch 52/66 (79%) running_loss=0.4111
2026-09-24 13:28:19,578 INFO train epoch 119/200 batch 65/66 (98%) running_loss=0.4109
2026-09-24 13:28:19,805 INFO train epoch 119/200 batch 66/66 (100%) running_loss=0.4106
2026-09-24 13:28:22,329 INFO epoch 119/200 done: train_loss=0.4106 val_loss=0.2459 val_accuracy=0.9324 val_macro_f1=0.9132 val_macro_auc=0.9886 (checkpoint_metric=macro_auc)
2026-09-24 13:28:26,383 INFO train epoch 120/200 batch 13/66 (20%) running_loss=0.3980
2026-09-24 13:28:29,956 INFO train epoch 120/200 batch 26/66 (39%) running_loss=0.3989
2026-09-24 13:28:33,526 INFO train epoch 120/200 batch 39/66 (59%) running_loss=0.4151
2026-09-24 13:28:37,103 INFO train epoch 120/200 batch 52/66 (79%) running_loss=0.4150
2026-09-24 13:28:40,682 INFO train epoch 120/200 batch 65/66 (98%) running_loss=0.4133
2026-09-24 13:28:40,908 INFO train epoch 120/200 batch 66/66 (100%) running_loss=0.4126
2026-09-24 13:28:43,440 INFO epoch 120/200 done: train_loss=0.4126 val_loss=0.1839 val_accuracy=0.9631 val_macro_f1=0.9482 val_macro_auc=0.9909 (checkpoint_metric=macro_auc)
2026-09-24 13:28:47,568 INFO train epoch 121/200 batch 13/66 (20%) running_loss=0.4147
2026-09-24 13:28:51,153 INFO train epoch 121/200 batch 26/66 (39%) running_loss=0.4011
2026-09-24 13:28:54,739 INFO train epoch 121/200 batch 39/66 (59%) running_loss=0.4017
2026-09-24 13:28:58,314 INFO train epoch 121/200 batch 52/66 (79%) running_loss=0.3987
2026-09-24 13:29:01,877 INFO train epoch 121/200 batch 65/66 (98%) running_loss=0.4010
2026-09-24 13:29:02,101 INFO train epoch 121/200 batch 66/66 (100%) running_loss=0.4017
2026-09-24 13:29:04,613 INFO epoch 121/200 done: train_loss=0.4017 val_loss=0.1905 val_accuracy=0.9590 val_macro_f1=0.9409 val_macro_auc=0.9935 (checkpoint_metric=macro_auc)
2026-09-24 13:29:08,750 INFO train epoch 122/200 batch 13/66 (20%) running_loss=0.4227
2026-09-24 13:29:12,353 INFO train epoch 122/200 batch 26/66 (39%) running_loss=0.4342
2026-09-24 13:29:16,099 INFO train epoch 122/200 batch 39/66 (59%) running_loss=0.4305
2026-09-24 13:29:19,676 INFO train epoch 122/200 batch 52/66 (79%) running_loss=0.4237
2026-09-24 13:29:23,239 INFO train epoch 122/200 batch 65/66 (98%) running_loss=0.4198
2026-09-24 13:29:23,465 INFO train epoch 122/200 batch 66/66 (100%) running_loss=0.4214
2026-09-24 13:29:26,007 INFO epoch 122/200 done: train_loss=0.4214 val_loss=0.2692 val_accuracy=0.9160 val_macro_f1=0.8935 val_macro_auc=0.9880 (checkpoint_metric=macro_auc)
2026-09-24 13:29:30,060 INFO train epoch 123/200 batch 13/66 (20%) running_loss=0.4281
2026-09-24 13:29:33,636 INFO train epoch 123/200 batch 26/66 (39%) running_loss=0.4232
2026-09-24 13:29:37,210 INFO train epoch 123/200 batch 39/66 (59%) running_loss=0.4236
2026-09-24 13:29:40,787 INFO train epoch 123/200 batch 52/66 (79%) running_loss=0.4263
2026-09-24 13:29:44,366 INFO train epoch 123/200 batch 65/66 (98%) running_loss=0.4269
2026-09-24 13:29:44,591 INFO train epoch 123/200 batch 66/66 (100%) running_loss=0.4265
2026-09-24 13:29:47,100 INFO epoch 123/200 done: train_loss=0.4265 val_loss=0.1810 val_accuracy=0.9652 val_macro_f1=0.9526 val_macro_auc=0.9945 (checkpoint_metric=macro_auc)
2026-09-24 13:29:51,162 INFO train epoch 124/200 batch 13/66 (20%) running_loss=0.4034
2026-09-24 13:29:54,738 INFO train epoch 124/200 batch 26/66 (39%) running_loss=0.4040
2026-09-24 13:29:58,313 INFO train epoch 124/200 batch 39/66 (59%) running_loss=0.4135
2026-09-24 13:30:01,891 INFO train epoch 124/200 batch 52/66 (79%) running_loss=0.4175
2026-09-24 13:30:05,467 INFO train epoch 124/200 batch 65/66 (98%) running_loss=0.4138
2026-09-24 13:30:05,692 INFO train epoch 124/200 batch 66/66 (100%) running_loss=0.4160
2026-09-24 13:30:08,224 INFO epoch 124/200 done: train_loss=0.4160 val_loss=0.1940 val_accuracy=0.9529 val_macro_f1=0.9358 val_macro_auc=0.9933 (checkpoint_metric=macro_auc)
2026-09-24 13:30:12,281 INFO train epoch 125/200 batch 13/66 (20%) running_loss=0.4113
2026-09-24 13:30:15,863 INFO train epoch 125/200 batch 26/66 (39%) running_loss=0.4018
2026-09-24 13:30:19,537 INFO train epoch 125/200 batch 39/66 (59%) running_loss=0.3997
2026-09-24 13:30:23,116 INFO train epoch 125/200 batch 52/66 (79%) running_loss=0.4080
2026-09-24 13:30:26,693 INFO train epoch 125/200 batch 65/66 (98%) running_loss=0.4101
2026-09-24 13:30:26,919 INFO train epoch 125/200 batch 66/66 (100%) running_loss=0.4099
2026-09-24 13:30:29,560 INFO epoch 125/200 done: train_loss=0.4099 val_loss=0.1849 val_accuracy=0.9611 val_macro_f1=0.9490 val_macro_auc=0.9958 (checkpoint_metric=macro_auc) [new best]
2026-09-24 13:30:33,664 INFO train epoch 126/200 batch 13/66 (20%) running_loss=0.3981
2026-09-24 13:30:37,251 INFO train epoch 126/200 batch 26/66 (39%) running_loss=0.4039
2026-09-24 13:30:40,828 INFO train epoch 126/200 batch 39/66 (59%) running_loss=0.3928
2026-09-24 13:30:44,397 INFO train epoch 126/200 batch 52/66 (79%) running_loss=0.3969
2026-09-24 13:30:47,964 INFO train epoch 126/200 batch 65/66 (98%) running_loss=0.4002
2026-09-24 13:30:48,188 INFO train epoch 126/200 batch 66/66 (100%) running_loss=0.3995
2026-09-24 13:30:50,713 INFO epoch 126/200 done: train_loss=0.3995 val_loss=0.1892 val_accuracy=0.9570 val_macro_f1=0.9395 val_macro_auc=0.9919 (checkpoint_metric=macro_auc)
2026-09-24 13:30:54,839 INFO train epoch 127/200 batch 13/66 (20%) running_loss=0.4329
2026-09-24 13:30:58,407 INFO train epoch 127/200 batch 26/66 (39%) running_loss=0.4161
2026-09-24 13:31:01,982 INFO train epoch 127/200 batch 39/66 (59%) running_loss=0.4145
2026-09-24 13:31:05,565 INFO train epoch 127/200 batch 52/66 (79%) running_loss=0.4165
2026-09-24 13:31:09,311 INFO train epoch 127/200 batch 65/66 (98%) running_loss=0.4153
2026-09-24 13:31:09,536 INFO train epoch 127/200 batch 66/66 (100%) running_loss=0.4157
2026-09-24 13:31:12,061 INFO epoch 127/200 done: train_loss=0.4157 val_loss=0.2396 val_accuracy=0.9283 val_macro_f1=0.9133 val_macro_auc=0.9919 (checkpoint_metric=macro_auc)
2026-09-24 13:31:16,128 INFO train epoch 128/200 batch 13/66 (20%) running_loss=0.3950
2026-09-24 13:31:19,714 INFO train epoch 128/200 batch 26/66 (39%) running_loss=0.4218
2026-09-24 13:31:23,288 INFO train epoch 128/200 batch 39/66 (59%) running_loss=0.4058
2026-09-24 13:31:26,863 INFO train epoch 128/200 batch 52/66 (79%) running_loss=0.4030
2026-09-24 13:31:30,444 INFO train epoch 128/200 batch 65/66 (98%) running_loss=0.4042
2026-09-24 13:31:30,671 INFO train epoch 128/200 batch 66/66 (100%) running_loss=0.4043
2026-09-24 13:31:33,185 INFO epoch 128/200 done: train_loss=0.4043 val_loss=0.1925 val_accuracy=0.9529 val_macro_f1=0.9406 val_macro_auc=0.9931 (checkpoint_metric=macro_auc)
2026-09-24 13:31:37,244 INFO train epoch 129/200 batch 13/66 (20%) running_loss=0.3821
2026-09-24 13:31:40,860 INFO train epoch 129/200 batch 26/66 (39%) running_loss=0.3964
2026-09-24 13:31:44,466 INFO train epoch 129/200 batch 39/66 (59%) running_loss=0.3966
2026-09-24 13:31:48,053 INFO train epoch 129/200 batch 52/66 (79%) running_loss=0.4026
2026-09-24 13:31:51,659 INFO train epoch 129/200 batch 65/66 (98%) running_loss=0.3997
2026-09-24 13:31:51,885 INFO train epoch 129/200 batch 66/66 (100%) running_loss=0.4007
2026-09-24 13:31:54,416 INFO epoch 129/200 done: train_loss=0.4007 val_loss=0.1872 val_accuracy=0.9693 val_macro_f1=0.9574 val_macro_auc=0.9945 (checkpoint_metric=macro_auc)
2026-09-24 13:31:58,538 INFO train epoch 130/200 batch 13/66 (20%) running_loss=0.4438
2026-09-24 13:32:02,114 INFO train epoch 130/200 batch 26/66 (39%) running_loss=0.4226
2026-09-24 13:32:05,686 INFO train epoch 130/200 batch 39/66 (59%) running_loss=0.4136
2026-09-24 13:32:09,266 INFO train epoch 130/200 batch 52/66 (79%) running_loss=0.4119
2026-09-24 13:32:12,847 INFO train epoch 130/200 batch 65/66 (98%) running_loss=0.4073
2026-09-24 13:32:13,073 INFO train epoch 130/200 batch 66/66 (100%) running_loss=0.4075
2026-09-24 13:32:15,612 INFO epoch 130/200 done: train_loss=0.4075 val_loss=0.1883 val_accuracy=0.9652 val_macro_f1=0.9515 val_macro_auc=0.9949 (checkpoint_metric=macro_auc)
2026-09-24 13:32:19,684 INFO train epoch 131/200 batch 13/66 (20%) running_loss=0.3875
2026-09-24 13:32:23,435 INFO train epoch 131/200 batch 26/66 (39%) running_loss=0.3912
2026-09-24 13:32:27,008 INFO train epoch 131/200 batch 39/66 (59%) running_loss=0.3956
2026-09-24 13:32:30,597 INFO train epoch 131/200 batch 52/66 (79%) running_loss=0.4008
2026-09-24 13:32:34,198 INFO train epoch 131/200 batch 65/66 (98%) running_loss=0.4008
2026-09-24 13:32:34,423 INFO train epoch 131/200 batch 66/66 (100%) running_loss=0.4009
2026-09-24 13:32:36,956 INFO epoch 131/200 done: train_loss=0.4009 val_loss=0.1774 val_accuracy=0.9652 val_macro_f1=0.9502 val_macro_auc=0.9940 (checkpoint_metric=macro_auc)
2026-09-24 13:32:41,086 INFO train epoch 132/200 batch 13/66 (20%) running_loss=0.4139
2026-09-24 13:32:44,664 INFO train epoch 132/200 batch 26/66 (39%) running_loss=0.4132
2026-09-24 13:32:48,238 INFO train epoch 132/200 batch 39/66 (59%) running_loss=0.4001
2026-09-24 13:32:51,822 INFO train epoch 132/200 batch 52/66 (79%) running_loss=0.4021
2026-09-24 13:32:55,402 INFO train epoch 132/200 batch 65/66 (98%) running_loss=0.4018
2026-09-24 13:32:55,626 INFO train epoch 132/200 batch 66/66 (100%) running_loss=0.4021
2026-09-24 13:32:58,306 INFO epoch 132/200 done: train_loss=0.4021 val_loss=0.1812 val_accuracy=0.9672 val_macro_f1=0.9533 val_macro_auc=0.9953 (checkpoint_metric=macro_auc) [new best]
2026-09-24 13:33:02,421 INFO train epoch 133/200 batch 13/66 (20%) running_loss=0.4041
2026-09-24 13:33:06,023 INFO train epoch 133/200 batch 26/66 (39%) running_loss=0.3857
2026-09-24 13:33:09,621 INFO train epoch 133/200 batch 39/66 (59%) running_loss=0.3914
2026-09-24 13:33:13,205 INFO train epoch 133/200 batch 52/66 (79%) running_loss=0.3905
2026-09-24 13:33:16,791 INFO train epoch 133/200 batch 65/66 (98%) running_loss=0.3913
2026-09-24 13:33:17,020 INFO train epoch 133/200 batch 66/66 (100%) running_loss=0.3910
2026-09-24 13:33:19,662 INFO epoch 133/200 done: train_loss=0.3910 val_loss=0.1673 val_accuracy=0.9713 val_macro_f1=0.9599 val_macro_auc=0.9951 (checkpoint_metric=macro_auc) [new best]
2026-09-24 13:33:23,800 INFO train epoch 134/200 batch 13/66 (20%) running_loss=0.3798
2026-09-24 13:33:27,368 INFO train epoch 134/200 batch 26/66 (39%) running_loss=0.3965
2026-09-24 13:33:30,944 INFO train epoch 134/200 batch 39/66 (59%) running_loss=0.4007
2026-09-24 13:33:34,530 INFO train epoch 134/200 batch 52/66 (79%) running_loss=0.3991
2026-09-24 13:33:38,109 INFO train epoch 134/200 batch 65/66 (98%) running_loss=0.4008
2026-09-24 13:33:38,334 INFO train epoch 134/200 batch 66/66 (100%) running_loss=0.4005
2026-09-24 13:33:40,875 INFO epoch 134/200 done: train_loss=0.4005 val_loss=0.2225 val_accuracy=0.9406 val_macro_f1=0.9217 val_macro_auc=0.9912 (checkpoint_metric=macro_auc)
2026-09-24 13:33:44,981 INFO train epoch 135/200 batch 13/66 (20%) running_loss=0.4125
2026-09-24 13:33:48,582 INFO train epoch 135/200 batch 26/66 (39%) running_loss=0.4001
2026-09-24 13:33:52,168 INFO train epoch 135/200 batch 39/66 (59%) running_loss=0.3947
2026-09-24 13:33:55,756 INFO train epoch 135/200 batch 52/66 (79%) running_loss=0.3954
2026-09-24 13:33:59,333 INFO train epoch 135/200 batch 65/66 (98%) running_loss=0.3938
2026-09-24 13:33:59,558 INFO train epoch 135/200 batch 66/66 (100%) running_loss=0.3936
2026-09-24 13:34:02,073 INFO epoch 135/200 done: train_loss=0.3936 val_loss=0.1863 val_accuracy=0.9652 val_macro_f1=0.9502 val_macro_auc=0.9944 (checkpoint_metric=macro_auc)
2026-09-24 13:34:06,232 INFO train epoch 136/200 batch 13/66 (20%) running_loss=0.3775
2026-09-24 13:34:09,842 INFO train epoch 136/200 batch 26/66 (39%) running_loss=0.3849
2026-09-24 13:34:13,470 INFO train epoch 136/200 batch 39/66 (59%) running_loss=0.3842
2026-09-24 13:34:17,055 INFO train epoch 136/200 batch 52/66 (79%) running_loss=0.3815
2026-09-24 13:34:20,632 INFO train epoch 136/200 batch 65/66 (98%) running_loss=0.3888
2026-09-24 13:34:20,858 INFO train epoch 136/200 batch 66/66 (100%) running_loss=0.3885
2026-09-24 13:34:23,383 INFO epoch 136/200 done: train_loss=0.3885 val_loss=0.1849 val_accuracy=0.9611 val_macro_f1=0.9462 val_macro_auc=0.9944 (checkpoint_metric=macro_auc)
2026-09-24 13:34:27,493 INFO train epoch 137/200 batch 13/66 (20%) running_loss=0.3925
2026-09-24 13:34:31,235 INFO train epoch 137/200 batch 26/66 (39%) running_loss=0.3957
2026-09-24 13:34:34,810 INFO train epoch 137/200 batch 39/66 (59%) running_loss=0.3903
2026-09-24 13:34:38,376 INFO train epoch 137/200 batch 52/66 (79%) running_loss=0.3955
2026-09-24 13:34:41,945 INFO train epoch 137/200 batch 65/66 (98%) running_loss=0.3988
2026-09-24 13:34:42,170 INFO train epoch 137/200 batch 66/66 (100%) running_loss=0.3994
2026-09-24 13:34:44,714 INFO epoch 137/200 done: train_loss=0.3994 val_loss=0.2213 val_accuracy=0.9508 val_macro_f1=0.9358 val_macro_auc=0.9911 (checkpoint_metric=macro_auc)
2026-09-24 13:34:48,822 INFO train epoch 138/200 batch 13/66 (20%) running_loss=0.4065
2026-09-24 13:34:52,397 INFO train epoch 138/200 batch 26/66 (39%) running_loss=0.3980
2026-09-24 13:34:55,970 INFO train epoch 138/200 batch 39/66 (59%) running_loss=0.3978
2026-09-24 13:34:59,565 INFO train epoch 138/200 batch 52/66 (79%) running_loss=0.3972
2026-09-24 13:35:03,143 INFO train epoch 138/200 batch 65/66 (98%) running_loss=0.3936
2026-09-24 13:35:03,367 INFO train epoch 138/200 batch 66/66 (100%) running_loss=0.3940
2026-09-24 13:35:05,902 INFO epoch 138/200 done: train_loss=0.3940 val_loss=0.1843 val_accuracy=0.9529 val_macro_f1=0.9333 val_macro_auc=0.9946 (checkpoint_metric=macro_auc)
2026-09-24 13:35:09,967 INFO train epoch 139/200 batch 13/66 (20%) running_loss=0.3905
2026-09-24 13:35:13,549 INFO train epoch 139/200 batch 26/66 (39%) running_loss=0.3894
2026-09-24 13:35:17,127 INFO train epoch 139/200 batch 39/66 (59%) running_loss=0.3911
2026-09-24 13:35:20,713 INFO train epoch 139/200 batch 52/66 (79%) running_loss=0.3899
2026-09-24 13:35:24,293 INFO train epoch 139/200 batch 65/66 (98%) running_loss=0.3916
2026-09-24 13:35:24,519 INFO train epoch 139/200 batch 66/66 (100%) running_loss=0.3918
2026-09-24 13:35:27,050 INFO epoch 139/200 done: train_loss=0.3918 val_loss=0.1853 val_accuracy=0.9590 val_macro_f1=0.9446 val_macro_auc=0.9948 (checkpoint_metric=macro_auc)
2026-09-24 13:35:31,149 INFO train epoch 140/200 batch 13/66 (20%) running_loss=0.3776
2026-09-24 13:35:34,721 INFO train epoch 140/200 batch 26/66 (39%) running_loss=0.3916
2026-09-24 13:35:38,462 INFO train epoch 140/200 batch 39/66 (59%) running_loss=0.3915
2026-09-24 13:35:42,039 INFO train epoch 140/200 batch 52/66 (79%) running_loss=0.3886
2026-09-24 13:35:45,603 INFO train epoch 140/200 batch 65/66 (98%) running_loss=0.3901
2026-09-24 13:35:45,827 INFO train epoch 140/200 batch 66/66 (100%) running_loss=0.3895
2026-09-24 13:35:48,359 INFO epoch 140/200 done: train_loss=0.3895 val_loss=0.1729 val_accuracy=0.9570 val_macro_f1=0.9364 val_macro_auc=0.9949 (checkpoint_metric=macro_auc)
2026-09-24 13:35:52,477 INFO train epoch 141/200 batch 13/66 (20%) running_loss=0.3792
2026-09-24 13:35:56,068 INFO train epoch 141/200 batch 26/66 (39%) running_loss=0.3770
2026-09-24 13:35:59,656 INFO train epoch 141/200 batch 39/66 (59%) running_loss=0.3823
2026-09-24 13:36:03,239 INFO train epoch 141/200 batch 52/66 (79%) running_loss=0.3887
2026-09-24 13:36:06,819 INFO train epoch 141/200 batch 65/66 (98%) running_loss=0.3869
2026-09-24 13:36:07,044 INFO train epoch 141/200 batch 66/66 (100%) running_loss=0.3873
2026-09-24 13:36:09,585 INFO epoch 141/200 done: train_loss=0.3873 val_loss=0.1934 val_accuracy=0.9590 val_macro_f1=0.9417 val_macro_auc=0.9942 (checkpoint_metric=macro_auc)
2026-09-24 13:36:13,695 INFO train epoch 142/200 batch 13/66 (20%) running_loss=0.3618
2026-09-24 13:36:17,275 INFO train epoch 142/200 batch 26/66 (39%) running_loss=0.3599
2026-09-24 13:36:20,854 INFO train epoch 142/200 batch 39/66 (59%) running_loss=0.3687
2026-09-24 13:36:24,440 INFO train epoch 142/200 batch 52/66 (79%) running_loss=0.3691
2026-09-24 13:36:28,023 INFO train epoch 142/200 batch 65/66 (98%) running_loss=0.3702
2026-09-24 13:36:28,248 INFO train epoch 142/200 batch 66/66 (100%) running_loss=0.3709
2026-09-24 13:36:30,770 INFO epoch 142/200 done: train_loss=0.3709 val_loss=0.2135 val_accuracy=0.9549 val_macro_f1=0.9359 val_macro_auc=0.9921 (checkpoint_metric=macro_auc)
2026-09-24 13:36:34,869 INFO train epoch 143/200 batch 13/66 (20%) running_loss=0.3791
2026-09-24 13:36:38,456 INFO train epoch 143/200 batch 26/66 (39%) running_loss=0.3883
2026-09-24 13:36:42,142 INFO train epoch 143/200 batch 39/66 (59%) running_loss=0.3904
2026-09-24 13:36:45,738 INFO train epoch 143/200 batch 52/66 (79%) running_loss=0.3855
2026-09-24 13:36:49,312 INFO train epoch 143/200 batch 65/66 (98%) running_loss=0.3901
2026-09-24 13:36:49,537 INFO train epoch 143/200 batch 66/66 (100%) running_loss=0.3896
2026-09-24 13:36:52,069 INFO epoch 143/200 done: train_loss=0.3896 val_loss=0.1948 val_accuracy=0.9631 val_macro_f1=0.9447 val_macro_auc=0.9928 (checkpoint_metric=macro_auc)
2026-09-24 13:36:56,176 INFO train epoch 144/200 batch 13/66 (20%) running_loss=0.3890
2026-09-24 13:36:59,755 INFO train epoch 144/200 batch 26/66 (39%) running_loss=0.3857
2026-09-24 13:37:03,321 INFO train epoch 144/200 batch 39/66 (59%) running_loss=0.3847
2026-09-24 13:37:06,891 INFO train epoch 144/200 batch 52/66 (79%) running_loss=0.3875
2026-09-24 13:37:10,461 INFO train epoch 144/200 batch 65/66 (98%) running_loss=0.3911
2026-09-24 13:37:10,688 INFO train epoch 144/200 batch 66/66 (100%) running_loss=0.3910
2026-09-24 13:37:13,213 INFO epoch 144/200 done: train_loss=0.3910 val_loss=0.1862 val_accuracy=0.9590 val_macro_f1=0.9416 val_macro_auc=0.9941 (checkpoint_metric=macro_auc)
2026-09-24 13:37:17,277 INFO train epoch 145/200 batch 13/66 (20%) running_loss=0.3838
2026-09-24 13:37:20,866 INFO train epoch 145/200 batch 26/66 (39%) running_loss=0.3813
2026-09-24 13:37:24,434 INFO train epoch 145/200 batch 39/66 (59%) running_loss=0.3775
2026-09-24 13:37:28,014 INFO train epoch 145/200 batch 52/66 (79%) running_loss=0.3734
2026-09-24 13:37:31,600 INFO train epoch 145/200 batch 65/66 (98%) running_loss=0.3785
2026-09-24 13:37:31,827 INFO train epoch 145/200 batch 66/66 (100%) running_loss=0.3782
2026-09-24 13:37:34,356 INFO epoch 145/200 done: train_loss=0.3782 val_loss=0.1952 val_accuracy=0.9508 val_macro_f1=0.9322 val_macro_auc=0.9943 (checkpoint_metric=macro_auc)
2026-09-24 13:37:38,429 INFO train epoch 146/200 batch 13/66 (20%) running_loss=0.3705
2026-09-24 13:37:42,031 INFO train epoch 146/200 batch 26/66 (39%) running_loss=0.3710
2026-09-24 13:37:45,773 INFO train epoch 146/200 batch 39/66 (59%) running_loss=0.3788
2026-09-24 13:37:49,339 INFO train epoch 146/200 batch 52/66 (79%) running_loss=0.3789
2026-09-24 13:37:52,905 INFO train epoch 146/200 batch 65/66 (98%) running_loss=0.3793
2026-09-24 13:37:53,131 INFO train epoch 146/200 batch 66/66 (100%) running_loss=0.3795
2026-09-24 13:37:55,669 INFO epoch 146/200 done: train_loss=0.3795 val_loss=0.1974 val_accuracy=0.9570 val_macro_f1=0.9377 val_macro_auc=0.9906 (checkpoint_metric=macro_auc)
2026-09-24 13:37:59,741 INFO train epoch 147/200 batch 13/66 (20%) running_loss=0.3666
2026-09-24 13:38:03,321 INFO train epoch 147/200 batch 26/66 (39%) running_loss=0.3662
2026-09-24 13:38:06,920 INFO train epoch 147/200 batch 39/66 (59%) running_loss=0.3738
2026-09-24 13:38:10,515 INFO train epoch 147/200 batch 52/66 (79%) running_loss=0.3755
2026-09-24 13:38:14,092 INFO train epoch 147/200 batch 65/66 (98%) running_loss=0.3798
2026-09-24 13:38:14,317 INFO train epoch 147/200 batch 66/66 (100%) running_loss=0.3797
2026-09-24 13:38:16,850 INFO epoch 147/200 done: train_loss=0.3797 val_loss=0.1934 val_accuracy=0.9549 val_macro_f1=0.9375 val_macro_auc=0.9938 (checkpoint_metric=macro_auc)
2026-09-24 13:38:20,973 INFO train epoch 148/200 batch 13/66 (20%) running_loss=0.3442
2026-09-24 13:38:24,554 INFO train epoch 148/200 batch 26/66 (39%) running_loss=0.3693
2026-09-24 13:38:28,145 INFO train epoch 148/200 batch 39/66 (59%) running_loss=0.3699
2026-09-24 13:38:31,736 INFO train epoch 148/200 batch 52/66 (79%) running_loss=0.3721
2026-09-24 13:38:35,315 INFO train epoch 148/200 batch 65/66 (98%) running_loss=0.3700
2026-09-24 13:38:35,541 INFO train epoch 148/200 batch 66/66 (100%) running_loss=0.3694
2026-09-24 13:38:38,073 INFO epoch 148/200 done: train_loss=0.3694 val_loss=0.1841 val_accuracy=0.9672 val_macro_f1=0.9523 val_macro_auc=0.9923 (checkpoint_metric=macro_auc)
2026-09-24 13:38:42,171 INFO train epoch 149/200 batch 13/66 (20%) running_loss=0.3736
2026-09-24 13:38:45,742 INFO train epoch 149/200 batch 26/66 (39%) running_loss=0.3746
2026-09-24 13:38:49,317 INFO train epoch 149/200 batch 39/66 (59%) running_loss=0.3750
2026-09-24 13:38:52,985 INFO train epoch 149/200 batch 52/66 (79%) running_loss=0.3753
2026-09-24 13:38:56,556 INFO train epoch 149/200 batch 65/66 (98%) running_loss=0.3755
2026-09-24 13:38:56,780 INFO train epoch 149/200 batch 66/66 (100%) running_loss=0.3755
2026-09-24 13:38:59,334 INFO epoch 149/200 done: train_loss=0.3755 val_loss=0.1976 val_accuracy=0.9631 val_macro_f1=0.9467 val_macro_auc=0.9903 (checkpoint_metric=macro_auc)
2026-09-24 13:39:03,378 INFO train epoch 150/200 batch 13/66 (20%) running_loss=0.3699
2026-09-24 13:39:06,949 INFO train epoch 150/200 batch 26/66 (39%) running_loss=0.3754
2026-09-24 13:39:10,521 INFO train epoch 150/200 batch 39/66 (59%) running_loss=0.3727
2026-09-24 13:39:14,090 INFO train epoch 150/200 batch 52/66 (79%) running_loss=0.3780
2026-09-24 13:39:17,651 INFO train epoch 150/200 batch 65/66 (98%) running_loss=0.3764
2026-09-24 13:39:17,876 INFO train epoch 150/200 batch 66/66 (100%) running_loss=0.3760
2026-09-24 13:39:20,405 INFO epoch 150/200 done: train_loss=0.3760 val_loss=0.1855 val_accuracy=0.9652 val_macro_f1=0.9503 val_macro_auc=0.9924 (checkpoint_metric=macro_auc)
2026-09-24 13:39:24,514 INFO train epoch 151/200 batch 13/66 (20%) running_loss=0.3661
2026-09-24 13:39:28,093 INFO train epoch 151/200 batch 26/66 (39%) running_loss=0.3762
2026-09-24 13:39:31,665 INFO train epoch 151/200 batch 39/66 (59%) running_loss=0.3803
2026-09-24 13:39:35,237 INFO train epoch 151/200 batch 52/66 (79%) running_loss=0.3797
2026-09-24 13:39:38,802 INFO train epoch 151/200 batch 65/66 (98%) running_loss=0.3780
2026-09-24 13:39:39,026 INFO train epoch 151/200 batch 66/66 (100%) running_loss=0.3779
2026-09-24 13:39:41,545 INFO epoch 151/200 done: train_loss=0.3779 val_loss=0.1937 val_accuracy=0.9590 val_macro_f1=0.9416 val_macro_auc=0.9925 (checkpoint_metric=macro_auc)
2026-09-24 13:39:45,651 INFO train epoch 152/200 batch 13/66 (20%) running_loss=0.3649
2026-09-24 13:39:49,223 INFO train epoch 152/200 batch 26/66 (39%) running_loss=0.3705
2026-09-24 13:39:52,799 INFO train epoch 152/200 batch 39/66 (59%) running_loss=0.3705
2026-09-24 13:39:56,553 INFO train epoch 152/200 batch 52/66 (79%) running_loss=0.3714
2026-09-24 13:40:00,133 INFO train epoch 152/200 batch 65/66 (98%) running_loss=0.3722
2026-09-24 13:40:00,357 INFO train epoch 152/200 batch 66/66 (100%) running_loss=0.3717
2026-09-24 13:40:02,897 INFO epoch 152/200 done: train_loss=0.3717 val_loss=0.1850 val_accuracy=0.9590 val_macro_f1=0.9425 val_macro_auc=0.9929 (checkpoint_metric=macro_auc)
2026-09-24 13:40:07,006 INFO train epoch 153/200 batch 13/66 (20%) running_loss=0.3791
2026-09-24 13:40:10,585 INFO train epoch 153/200 batch 26/66 (39%) running_loss=0.3780
2026-09-24 13:40:14,162 INFO train epoch 153/200 batch 39/66 (59%) running_loss=0.3849
2026-09-24 13:40:17,741 INFO train epoch 153/200 batch 52/66 (79%) running_loss=0.3830
2026-09-24 13:40:21,315 INFO train epoch 153/200 batch 65/66 (98%) running_loss=0.3774
2026-09-24 13:40:21,542 INFO train epoch 153/200 batch 66/66 (100%) running_loss=0.3770
2026-09-24 13:40:24,060 INFO epoch 153/200 done: train_loss=0.3770 val_loss=0.1793 val_accuracy=0.9611 val_macro_f1=0.9449 val_macro_auc=0.9935 (checkpoint_metric=macro_auc)
2026-09-24 13:40:28,127 INFO train epoch 154/200 batch 13/66 (20%) running_loss=0.3780
2026-09-24 13:40:31,724 INFO train epoch 154/200 batch 26/66 (39%) running_loss=0.3734
2026-09-24 13:40:35,284 INFO train epoch 154/200 batch 39/66 (59%) running_loss=0.3714
2026-09-24 13:40:38,846 INFO train epoch 154/200 batch 52/66 (79%) running_loss=0.3724
2026-09-24 13:40:42,407 INFO train epoch 154/200 batch 65/66 (98%) running_loss=0.3723
2026-09-24 13:40:42,631 INFO train epoch 154/200 batch 66/66 (100%) running_loss=0.3717
2026-09-24 13:40:45,162 INFO epoch 154/200 done: train_loss=0.3717 val_loss=0.1849 val_accuracy=0.9590 val_macro_f1=0.9435 val_macro_auc=0.9934 (checkpoint_metric=macro_auc)
2026-09-24 13:40:49,262 INFO train epoch 155/200 batch 13/66 (20%) running_loss=0.3743
2026-09-24 13:40:52,849 INFO train epoch 155/200 batch 26/66 (39%) running_loss=0.3724
2026-09-24 13:40:56,424 INFO train epoch 155/200 batch 39/66 (59%) running_loss=0.3690
2026-09-24 13:41:00,016 INFO train epoch 155/200 batch 52/66 (79%) running_loss=0.3712
2026-09-24 13:41:03,595 INFO train epoch 155/200 batch 65/66 (98%) running_loss=0.3701
2026-09-24 13:41:03,971 INFO train epoch 155/200 batch 66/66 (100%) running_loss=0.3701
2026-09-24 13:41:06,499 INFO epoch 155/200 done: train_loss=0.3701 val_loss=0.1889 val_accuracy=0.9631 val_macro_f1=0.9484 val_macro_auc=0.9901 (checkpoint_metric=macro_auc)
2026-09-24 13:41:10,560 INFO train epoch 156/200 batch 13/66 (20%) running_loss=0.3544
2026-09-24 13:41:14,143 INFO train epoch 156/200 batch 26/66 (39%) running_loss=0.3601
2026-09-24 13:41:17,719 INFO train epoch 156/200 batch 39/66 (59%) running_loss=0.3646
2026-09-24 13:41:21,297 INFO train epoch 156/200 batch 52/66 (79%) running_loss=0.3646
2026-09-24 13:41:24,874 INFO train epoch 156/200 batch 65/66 (98%) running_loss=0.3704
2026-09-24 13:41:25,102 INFO train epoch 156/200 batch 66/66 (100%) running_loss=0.3698
2026-09-24 13:41:27,629 INFO epoch 156/200 done: train_loss=0.3698 val_loss=0.1882 val_accuracy=0.9590 val_macro_f1=0.9417 val_macro_auc=0.9905 (checkpoint_metric=macro_auc)
2026-09-24 13:41:31,722 INFO train epoch 157/200 batch 13/66 (20%) running_loss=0.4017
2026-09-24 13:41:35,331 INFO train epoch 157/200 batch 26/66 (39%) running_loss=0.3827
2026-09-24 13:41:38,913 INFO train epoch 157/200 batch 39/66 (59%) running_loss=0.3755
2026-09-24 13:41:42,484 INFO train epoch 157/200 batch 52/66 (79%) running_loss=0.3710
2026-09-24 13:41:46,058 INFO train epoch 157/200 batch 65/66 (98%) running_loss=0.3716
2026-09-24 13:41:46,284 INFO train epoch 157/200 batch 66/66 (100%) running_loss=0.3722
2026-09-24 13:41:48,833 INFO epoch 157/200 done: train_loss=0.3722 val_loss=0.1891 val_accuracy=0.9549 val_macro_f1=0.9378 val_macro_auc=0.9940 (checkpoint_metric=macro_auc)
2026-09-24 13:41:53,024 INFO train epoch 158/200 batch 13/66 (20%) running_loss=0.3733
2026-09-24 13:41:56,620 INFO train epoch 158/200 batch 26/66 (39%) running_loss=0.3716
2026-09-24 13:42:00,217 INFO train epoch 158/200 batch 39/66 (59%) running_loss=0.3660
2026-09-24 13:42:03,804 INFO train epoch 158/200 batch 52/66 (79%) running_loss=0.3718
2026-09-24 13:42:07,561 INFO train epoch 158/200 batch 65/66 (98%) running_loss=0.3693
2026-09-24 13:42:07,789 INFO train epoch 158/200 batch 66/66 (100%) running_loss=0.3688
2026-09-24 13:42:10,299 INFO epoch 158/200 done: train_loss=0.3688 val_loss=0.1713 val_accuracy=0.9611 val_macro_f1=0.9433 val_macro_auc=0.9945 (checkpoint_metric=macro_auc)
2026-09-24 13:42:14,408 INFO train epoch 159/200 batch 13/66 (20%) running_loss=0.3752
2026-09-24 13:42:17,986 INFO train epoch 159/200 batch 26/66 (39%) running_loss=0.3743
2026-09-24 13:42:21,567 INFO train epoch 159/200 batch 39/66 (59%) running_loss=0.3699
2026-09-24 13:42:25,154 INFO train epoch 159/200 batch 52/66 (79%) running_loss=0.3724
2026-09-24 13:42:28,733 INFO train epoch 159/200 batch 65/66 (98%) running_loss=0.3724
2026-09-24 13:42:28,959 INFO train epoch 159/200 batch 66/66 (100%) running_loss=0.3718
2026-09-24 13:42:31,494 INFO epoch 159/200 done: train_loss=0.3718 val_loss=0.1780 val_accuracy=0.9590 val_macro_f1=0.9394 val_macro_auc=0.9945 (checkpoint_metric=macro_auc)
2026-09-24 13:42:35,613 INFO train epoch 160/200 batch 13/66 (20%) running_loss=0.3838
2026-09-24 13:42:39,188 INFO train epoch 160/200 batch 26/66 (39%) running_loss=0.3695
2026-09-24 13:42:42,773 INFO train epoch 160/200 batch 39/66 (59%) running_loss=0.3717
2026-09-24 13:42:46,352 INFO train epoch 160/200 batch 52/66 (79%) running_loss=0.3743
2026-09-24 13:42:49,927 INFO train epoch 160/200 batch 65/66 (98%) running_loss=0.3768
2026-09-24 13:42:50,153 INFO train epoch 160/200 batch 66/66 (100%) running_loss=0.3761
2026-09-24 13:42:52,681 INFO epoch 160/200 done: train_loss=0.3761 val_loss=0.1867 val_accuracy=0.9611 val_macro_f1=0.9438 val_macro_auc=0.9934 (checkpoint_metric=macro_auc)
2026-09-24 13:42:56,764 INFO train epoch 161/200 batch 13/66 (20%) running_loss=0.3674
2026-09-24 13:43:00,345 INFO train epoch 161/200 batch 26/66 (39%) running_loss=0.3666
2026-09-24 13:43:03,920 INFO train epoch 161/200 batch 39/66 (59%) running_loss=0.3668
2026-09-24 13:43:07,497 INFO train epoch 161/200 batch 52/66 (79%) running_loss=0.3595
2026-09-24 13:43:11,080 INFO train epoch 161/200 batch 65/66 (98%) running_loss=0.3618
2026-09-24 13:43:11,305 INFO train epoch 161/200 batch 66/66 (100%) running_loss=0.3622
2026-09-24 13:43:13,828 INFO epoch 161/200 done: train_loss=0.3622 val_loss=0.1808 val_accuracy=0.9631 val_macro_f1=0.9471 val_macro_auc=0.9933 (checkpoint_metric=macro_auc)
2026-09-24 13:43:18,090 INFO train epoch 162/200 batch 13/66 (20%) running_loss=0.3714
2026-09-24 13:43:21,661 INFO train epoch 162/200 batch 26/66 (39%) running_loss=0.3709
2026-09-24 13:43:25,238 INFO train epoch 162/200 batch 39/66 (59%) running_loss=0.3716
2026-09-24 13:43:28,805 INFO train epoch 162/200 batch 52/66 (79%) running_loss=0.3711
2026-09-24 13:43:32,378 INFO train epoch 162/200 batch 65/66 (98%) running_loss=0.3688
2026-09-24 13:43:32,603 INFO train epoch 162/200 batch 66/66 (100%) running_loss=0.3691
2026-09-24 13:43:35,145 INFO epoch 162/200 done: train_loss=0.3691 val_loss=0.1863 val_accuracy=0.9611 val_macro_f1=0.9425 val_macro_auc=0.9931 (checkpoint_metric=macro_auc)
2026-09-24 13:43:39,247 INFO train epoch 163/200 batch 13/66 (20%) running_loss=0.3659
2026-09-24 13:43:42,815 INFO train epoch 163/200 batch 26/66 (39%) running_loss=0.3540
2026-09-24 13:43:46,392 INFO train epoch 163/200 batch 39/66 (59%) running_loss=0.3577
2026-09-24 13:43:49,981 INFO train epoch 163/200 batch 52/66 (79%) running_loss=0.3592
2026-09-24 13:43:53,559 INFO train epoch 163/200 batch 65/66 (98%) running_loss=0.3566
2026-09-24 13:43:53,785 INFO train epoch 163/200 batch 66/66 (100%) running_loss=0.3566
2026-09-24 13:43:56,324 INFO epoch 163/200 done: train_loss=0.3566 val_loss=0.1738 val_accuracy=0.9631 val_macro_f1=0.9479 val_macro_auc=0.9938 (checkpoint_metric=macro_auc)
2026-09-24 13:44:00,434 INFO train epoch 164/200 batch 13/66 (20%) running_loss=0.3679
2026-09-24 13:44:04,013 INFO train epoch 164/200 batch 26/66 (39%) running_loss=0.3729
2026-09-24 13:44:07,582 INFO train epoch 164/200 batch 39/66 (59%) running_loss=0.3702
2026-09-24 13:44:11,162 INFO train epoch 164/200 batch 52/66 (79%) running_loss=0.3640
2026-09-24 13:44:14,731 INFO train epoch 164/200 batch 65/66 (98%) running_loss=0.3639
2026-09-24 13:44:14,959 INFO train epoch 164/200 batch 66/66 (100%) running_loss=0.3634
2026-09-24 13:44:17,483 INFO epoch 164/200 done: train_loss=0.3634 val_loss=0.1786 val_accuracy=0.9590 val_macro_f1=0.9403 val_macro_auc=0.9923 (checkpoint_metric=macro_auc)
2026-09-24 13:44:21,613 INFO train epoch 165/200 batch 13/66 (20%) running_loss=0.3467
2026-09-24 13:44:25,359 INFO train epoch 165/200 batch 26/66 (39%) running_loss=0.3595
2026-09-24 13:44:28,936 INFO train epoch 165/200 batch 39/66 (59%) running_loss=0.3555
2026-09-24 13:44:32,503 INFO train epoch 165/200 batch 52/66 (79%) running_loss=0.3566
2026-09-24 13:44:36,056 INFO train epoch 165/200 batch 65/66 (98%) running_loss=0.3546
2026-09-24 13:44:36,281 INFO train epoch 165/200 batch 66/66 (100%) running_loss=0.3542
2026-09-24 13:44:38,818 INFO epoch 165/200 done: train_loss=0.3542 val_loss=0.1694 val_accuracy=0.9631 val_macro_f1=0.9457 val_macro_auc=0.9951 (checkpoint_metric=macro_auc)
2026-09-24 13:44:42,926 INFO train epoch 166/200 batch 13/66 (20%) running_loss=0.3823
2026-09-24 13:44:46,523 INFO train epoch 166/200 batch 26/66 (39%) running_loss=0.3878
2026-09-24 13:44:50,113 INFO train epoch 166/200 batch 39/66 (59%) running_loss=0.3798
2026-09-24 13:44:53,695 INFO train epoch 166/200 batch 52/66 (79%) running_loss=0.3753
2026-09-24 13:44:57,284 INFO train epoch 166/200 batch 65/66 (98%) running_loss=0.3755
2026-09-24 13:44:57,510 INFO train epoch 166/200 batch 66/66 (100%) running_loss=0.3754
2026-09-24 13:45:00,048 INFO epoch 166/200 done: train_loss=0.3754 val_loss=0.1864 val_accuracy=0.9508 val_macro_f1=0.9305 val_macro_auc=0.9940 (checkpoint_metric=macro_auc)
2026-09-24 13:45:04,116 INFO train epoch 167/200 batch 13/66 (20%) running_loss=0.3677
2026-09-24 13:45:07,694 INFO train epoch 167/200 batch 26/66 (39%) running_loss=0.3596
2026-09-24 13:45:11,289 INFO train epoch 167/200 batch 39/66 (59%) running_loss=0.3613
2026-09-24 13:45:14,876 INFO train epoch 167/200 batch 52/66 (79%) running_loss=0.3617
2026-09-24 13:45:18,463 INFO train epoch 167/200 batch 65/66 (98%) running_loss=0.3599
2026-09-24 13:45:18,689 INFO train epoch 167/200 batch 66/66 (100%) running_loss=0.3600
2026-09-24 13:45:21,480 INFO epoch 167/200 done: train_loss=0.3600 val_loss=0.1683 val_accuracy=0.9631 val_macro_f1=0.9494 val_macro_auc=0.9959 (checkpoint_metric=macro_auc) [new best]
2026-09-24 13:45:25,609 INFO train epoch 168/200 batch 13/66 (20%) running_loss=0.3765
2026-09-24 13:45:29,195 INFO train epoch 168/200 batch 26/66 (39%) running_loss=0.3671
2026-09-24 13:45:32,780 INFO train epoch 168/200 batch 39/66 (59%) running_loss=0.3632
2026-09-24 13:45:36,367 INFO train epoch 168/200 batch 52/66 (79%) running_loss=0.3612
2026-09-24 13:45:39,950 INFO train epoch 168/200 batch 65/66 (98%) running_loss=0.3601
2026-09-24 13:45:40,177 INFO train epoch 168/200 batch 66/66 (100%) running_loss=0.3600
2026-09-24 13:45:42,700 INFO epoch 168/200 done: train_loss=0.3600 val_loss=0.1760 val_accuracy=0.9590 val_macro_f1=0.9427 val_macro_auc=0.9948 (checkpoint_metric=macro_auc)
2026-09-24 13:45:46,801 INFO train epoch 169/200 batch 13/66 (20%) running_loss=0.3745
2026-09-24 13:45:50,389 INFO train epoch 169/200 batch 26/66 (39%) running_loss=0.3583
2026-09-24 13:45:53,969 INFO train epoch 169/200 batch 39/66 (59%) running_loss=0.3547
2026-09-24 13:45:57,544 INFO train epoch 169/200 batch 52/66 (79%) running_loss=0.3566
2026-09-24 13:46:01,135 INFO train epoch 169/200 batch 65/66 (98%) running_loss=0.3608
2026-09-24 13:46:01,360 INFO train epoch 169/200 batch 66/66 (100%) running_loss=0.3613
2026-09-24 13:46:04,055 INFO epoch 169/200 done: train_loss=0.3613 val_loss=0.1693 val_accuracy=0.9631 val_macro_f1=0.9467 val_macro_auc=0.9956 (checkpoint_metric=macro_auc) [new best]
2026-09-24 13:46:08,187 INFO train epoch 170/200 batch 13/66 (20%) running_loss=0.3731
2026-09-24 13:46:11,775 INFO train epoch 170/200 batch 26/66 (39%) running_loss=0.3635
2026-09-24 13:46:15,380 INFO train epoch 170/200 batch 39/66 (59%) running_loss=0.3738
2026-09-24 13:46:19,122 INFO train epoch 170/200 batch 52/66 (79%) running_loss=0.3689
2026-09-24 13:46:22,711 INFO train epoch 170/200 batch 65/66 (98%) running_loss=0.3652
2026-09-24 13:46:22,938 INFO train epoch 170/200 batch 66/66 (100%) running_loss=0.3656
2026-09-24 13:46:25,472 INFO epoch 170/200 done: train_loss=0.3656 val_loss=0.1745 val_accuracy=0.9652 val_macro_f1=0.9501 val_macro_auc=0.9949 (checkpoint_metric=macro_auc)
2026-09-24 13:46:29,570 INFO train epoch 171/200 batch 13/66 (20%) running_loss=0.3517
2026-09-24 13:46:33,152 INFO train epoch 171/200 batch 26/66 (39%) running_loss=0.3606
2026-09-24 13:46:36,734 INFO train epoch 171/200 batch 39/66 (59%) running_loss=0.3608
2026-09-24 13:46:40,320 INFO train epoch 171/200 batch 52/66 (79%) running_loss=0.3609
2026-09-24 13:46:43,900 INFO train epoch 171/200 batch 65/66 (98%) running_loss=0.3634
2026-09-24 13:46:44,127 INFO train epoch 171/200 batch 66/66 (100%) running_loss=0.3634
2026-09-24 13:46:46,657 INFO epoch 171/200 done: train_loss=0.3634 val_loss=0.1619 val_accuracy=0.9672 val_macro_f1=0.9530 val_macro_auc=0.9954 (checkpoint_metric=macro_auc)
2026-09-24 13:46:50,779 INFO train epoch 172/200 batch 13/66 (20%) running_loss=0.3885
2026-09-24 13:46:54,356 INFO train epoch 172/200 batch 26/66 (39%) running_loss=0.3724
2026-09-24 13:46:57,929 INFO train epoch 172/200 batch 39/66 (59%) running_loss=0.3675
2026-09-24 13:47:01,515 INFO train epoch 172/200 batch 52/66 (79%) running_loss=0.3672
2026-09-24 13:47:05,085 INFO train epoch 172/200 batch 65/66 (98%) running_loss=0.3630
2026-09-24 13:47:05,312 INFO train epoch 172/200 batch 66/66 (100%) running_loss=0.3626
2026-09-24 13:47:07,836 INFO epoch 172/200 done: train_loss=0.3626 val_loss=0.1714 val_accuracy=0.9652 val_macro_f1=0.9502 val_macro_auc=0.9938 (checkpoint_metric=macro_auc)
2026-09-24 13:47:12,144 INFO train epoch 173/200 batch 13/66 (20%) running_loss=0.3733
2026-09-24 13:47:15,717 INFO train epoch 173/200 batch 26/66 (39%) running_loss=0.3654
2026-09-24 13:47:19,286 INFO train epoch 173/200 batch 39/66 (59%) running_loss=0.3606
2026-09-24 13:47:22,852 INFO train epoch 173/200 batch 52/66 (79%) running_loss=0.3616
2026-09-24 13:47:26,417 INFO train epoch 173/200 batch 65/66 (98%) running_loss=0.3613
2026-09-24 13:47:26,644 INFO train epoch 173/200 batch 66/66 (100%) running_loss=0.3616
2026-09-24 13:47:29,182 INFO epoch 173/200 done: train_loss=0.3616 val_loss=0.1754 val_accuracy=0.9631 val_macro_f1=0.9474 val_macro_auc=0.9935 (checkpoint_metric=macro_auc)
2026-09-24 13:47:33,289 INFO train epoch 174/200 batch 13/66 (20%) running_loss=0.3401
2026-09-24 13:47:36,865 INFO train epoch 174/200 batch 26/66 (39%) running_loss=0.3533
2026-09-24 13:47:40,445 INFO train epoch 174/200 batch 39/66 (59%) running_loss=0.3552
2026-09-24 13:47:44,029 INFO train epoch 174/200 batch 52/66 (79%) running_loss=0.3572
2026-09-24 13:47:47,595 INFO train epoch 174/200 batch 65/66 (98%) running_loss=0.3551
2026-09-24 13:47:47,820 INFO train epoch 174/200 batch 66/66 (100%) running_loss=0.3547
2026-09-24 13:47:50,340 INFO epoch 174/200 done: train_loss=0.3547 val_loss=0.1800 val_accuracy=0.9672 val_macro_f1=0.9519 val_macro_auc=0.9925 (checkpoint_metric=macro_auc)
2026-09-24 13:47:54,452 INFO train epoch 175/200 batch 13/66 (20%) running_loss=0.3494
2026-09-24 13:47:58,047 INFO train epoch 175/200 batch 26/66 (39%) running_loss=0.3542
2026-09-24 13:48:01,643 INFO train epoch 175/200 batch 39/66 (59%) running_loss=0.3552
2026-09-24 13:48:05,217 INFO train epoch 175/200 batch 52/66 (79%) running_loss=0.3536
2026-09-24 13:48:08,792 INFO train epoch 175/200 batch 65/66 (98%) running_loss=0.3537
2026-09-24 13:48:09,167 INFO train epoch 175/200 batch 66/66 (100%) running_loss=0.3536
2026-09-24 13:48:11,701 INFO epoch 175/200 done: train_loss=0.3536 val_loss=0.1687 val_accuracy=0.9652 val_macro_f1=0.9496 val_macro_auc=0.9948 (checkpoint_metric=macro_auc)
2026-09-24 13:48:15,758 INFO train epoch 176/200 batch 13/66 (20%) running_loss=0.3417
2026-09-24 13:48:19,325 INFO train epoch 176/200 batch 26/66 (39%) running_loss=0.3473
2026-09-24 13:48:22,905 INFO train epoch 176/200 batch 39/66 (59%) running_loss=0.3467
2026-09-24 13:48:26,495 INFO train epoch 176/200 batch 52/66 (79%) running_loss=0.3482
2026-09-24 13:48:30,074 INFO train epoch 176/200 batch 65/66 (98%) running_loss=0.3467
2026-09-24 13:48:30,298 INFO train epoch 176/200 batch 66/66 (100%) running_loss=0.3466
2026-09-24 13:48:32,830 INFO epoch 176/200 done: train_loss=0.3466 val_loss=0.1737 val_accuracy=0.9611 val_macro_f1=0.9442 val_macro_auc=0.9935 (checkpoint_metric=macro_auc)
2026-09-24 13:48:36,848 INFO train epoch 177/200 batch 13/66 (20%) running_loss=0.3626
2026-09-24 13:48:40,410 INFO train epoch 177/200 batch 26/66 (39%) running_loss=0.3580
2026-09-24 13:48:43,995 INFO train epoch 177/200 batch 39/66 (59%) running_loss=0.3614
2026-09-24 13:48:47,568 INFO train epoch 177/200 batch 52/66 (79%) running_loss=0.3647
2026-09-24 13:48:51,146 INFO train epoch 177/200 batch 65/66 (98%) running_loss=0.3644
2026-09-24 13:48:51,373 INFO train epoch 177/200 batch 66/66 (100%) running_loss=0.3640
2026-09-24 13:48:53,910 INFO epoch 177/200 done: train_loss=0.3640 val_loss=0.1802 val_accuracy=0.9611 val_macro_f1=0.9449 val_macro_auc=0.9927 (checkpoint_metric=macro_auc)
2026-09-24 13:48:58,042 INFO train epoch 178/200 batch 13/66 (20%) running_loss=0.3537
2026-09-24 13:49:01,619 INFO train epoch 178/200 batch 26/66 (39%) running_loss=0.3575
2026-09-24 13:49:05,195 INFO train epoch 178/200 batch 39/66 (59%) running_loss=0.3580
2026-09-24 13:49:08,782 INFO train epoch 178/200 batch 52/66 (79%) running_loss=0.3598
2026-09-24 13:49:12,368 INFO train epoch 178/200 batch 65/66 (98%) running_loss=0.3581
2026-09-24 13:49:12,594 INFO train epoch 178/200 batch 66/66 (100%) running_loss=0.3580
2026-09-24 13:49:15,112 INFO epoch 178/200 done: train_loss=0.3580 val_loss=0.1730 val_accuracy=0.9611 val_macro_f1=0.9435 val_macro_auc=0.9937 (checkpoint_metric=macro_auc)
2026-09-24 13:49:19,201 INFO train epoch 179/200 batch 13/66 (20%) running_loss=0.3705
2026-09-24 13:49:22,963 INFO train epoch 179/200 batch 26/66 (39%) running_loss=0.3644
2026-09-24 13:49:26,538 INFO train epoch 179/200 batch 39/66 (59%) running_loss=0.3579
2026-09-24 13:49:30,109 INFO train epoch 179/200 batch 52/66 (79%) running_loss=0.3542
2026-09-24 13:49:33,676 INFO train epoch 179/200 batch 65/66 (98%) running_loss=0.3580
2026-09-24 13:49:33,901 INFO train epoch 179/200 batch 66/66 (100%) running_loss=0.3582
2026-09-24 13:49:36,417 INFO epoch 179/200 done: train_loss=0.3582 val_loss=0.1816 val_accuracy=0.9549 val_macro_f1=0.9367 val_macro_auc=0.9938 (checkpoint_metric=macro_auc)
2026-09-24 13:49:40,539 INFO train epoch 180/200 batch 13/66 (20%) running_loss=0.3542
2026-09-24 13:49:44,107 INFO train epoch 180/200 batch 26/66 (39%) running_loss=0.3539
2026-09-24 13:49:47,702 INFO train epoch 180/200 batch 39/66 (59%) running_loss=0.3605
2026-09-24 13:49:51,291 INFO train epoch 180/200 batch 52/66 (79%) running_loss=0.3577
2026-09-24 13:49:54,859 INFO train epoch 180/200 batch 65/66 (98%) running_loss=0.3544
2026-09-24 13:49:55,088 INFO train epoch 180/200 batch 66/66 (100%) running_loss=0.3547
2026-09-24 13:49:57,611 INFO epoch 180/200 done: train_loss=0.3547 val_loss=0.1819 val_accuracy=0.9590 val_macro_f1=0.9411 val_macro_auc=0.9934 (checkpoint_metric=macro_auc)
2026-09-24 13:50:01,647 INFO train epoch 181/200 batch 13/66 (20%) running_loss=0.3459
2026-09-24 13:50:05,215 INFO train epoch 181/200 batch 26/66 (39%) running_loss=0.3471
2026-09-24 13:50:08,789 INFO train epoch 181/200 batch 39/66 (59%) running_loss=0.3530
2026-09-24 13:50:12,376 INFO train epoch 181/200 batch 52/66 (79%) running_loss=0.3507
2026-09-24 13:50:15,948 INFO train epoch 181/200 batch 65/66 (98%) running_loss=0.3583
2026-09-24 13:50:16,173 INFO train epoch 181/200 batch 66/66 (100%) running_loss=0.3578
2026-09-24 13:50:18,692 INFO epoch 181/200 done: train_loss=0.3578 val_loss=0.1802 val_accuracy=0.9590 val_macro_f1=0.9427 val_macro_auc=0.9932 (checkpoint_metric=macro_auc)
2026-09-24 13:50:22,900 INFO train epoch 182/200 batch 13/66 (20%) running_loss=0.3578
2026-09-24 13:50:26,473 INFO train epoch 182/200 batch 26/66 (39%) running_loss=0.3488
2026-09-24 13:50:30,052 INFO train epoch 182/200 batch 39/66 (59%) running_loss=0.3503
2026-09-24 13:50:33,634 INFO train epoch 182/200 batch 52/66 (79%) running_loss=0.3531
2026-09-24 13:50:37,216 INFO train epoch 182/200 batch 65/66 (98%) running_loss=0.3538
2026-09-24 13:50:37,442 INFO train epoch 182/200 batch 66/66 (100%) running_loss=0.3536
2026-09-24 13:50:39,977 INFO epoch 182/200 done: train_loss=0.3536 val_loss=0.1833 val_accuracy=0.9570 val_macro_f1=0.9410 val_macro_auc=0.9938 (checkpoint_metric=macro_auc)
2026-09-24 13:50:44,087 INFO train epoch 183/200 batch 13/66 (20%) running_loss=0.3531
2026-09-24 13:50:47,673 INFO train epoch 183/200 batch 26/66 (39%) running_loss=0.3527
2026-09-24 13:50:51,247 INFO train epoch 183/200 batch 39/66 (59%) running_loss=0.3539
2026-09-24 13:50:54,826 INFO train epoch 183/200 batch 52/66 (79%) running_loss=0.3527
2026-09-24 13:50:58,396 INFO train epoch 183/200 batch 65/66 (98%) running_loss=0.3520
2026-09-24 13:50:58,620 INFO train epoch 183/200 batch 66/66 (100%) running_loss=0.3529
2026-09-24 13:51:01,149 INFO epoch 183/200 done: train_loss=0.3529 val_loss=0.1737 val_accuracy=0.9611 val_macro_f1=0.9435 val_macro_auc=0.9940 (checkpoint_metric=macro_auc)
2026-09-24 13:51:05,237 INFO train epoch 184/200 batch 13/66 (20%) running_loss=0.3618
2026-09-24 13:51:08,800 INFO train epoch 184/200 batch 26/66 (39%) running_loss=0.3532
2026-09-24 13:51:12,368 INFO train epoch 184/200 batch 39/66 (59%) running_loss=0.3501
2026-09-24 13:51:15,961 INFO train epoch 184/200 batch 52/66 (79%) running_loss=0.3531
2026-09-24 13:51:19,534 INFO train epoch 184/200 batch 65/66 (98%) running_loss=0.3548
2026-09-24 13:51:19,760 INFO train epoch 184/200 batch 66/66 (100%) running_loss=0.3549
2026-09-24 13:51:22,290 INFO epoch 184/200 done: train_loss=0.3549 val_loss=0.1781 val_accuracy=0.9631 val_macro_f1=0.9465 val_macro_auc=0.9937 (checkpoint_metric=macro_auc)
2026-09-24 13:51:26,375 INFO train epoch 185/200 batch 13/66 (20%) running_loss=0.3441
2026-09-24 13:51:30,155 INFO train epoch 185/200 batch 26/66 (39%) running_loss=0.3460
2026-09-24 13:51:33,750 INFO train epoch 185/200 batch 39/66 (59%) running_loss=0.3534
2026-09-24 13:51:37,334 INFO train epoch 185/200 batch 52/66 (79%) running_loss=0.3504
2026-09-24 13:51:40,898 INFO train epoch 185/200 batch 65/66 (98%) running_loss=0.3488
2026-09-24 13:51:41,125 INFO train epoch 185/200 batch 66/66 (100%) running_loss=0.3492
2026-09-24 13:51:43,664 INFO epoch 185/200 done: train_loss=0.3492 val_loss=0.1848 val_accuracy=0.9570 val_macro_f1=0.9405 val_macro_auc=0.9933 (checkpoint_metric=macro_auc)
2026-09-24 13:51:47,749 INFO train epoch 186/200 batch 13/66 (20%) running_loss=0.3451
2026-09-24 13:51:51,396 INFO train epoch 186/200 batch 26/66 (39%) running_loss=0.3617
2026-09-24 13:51:54,977 INFO train epoch 186/200 batch 39/66 (59%) running_loss=0.3543
2026-09-24 13:51:58,557 INFO train epoch 186/200 batch 52/66 (79%) running_loss=0.3509
2026-09-24 13:52:02,130 INFO train epoch 186/200 batch 65/66 (98%) running_loss=0.3547
2026-09-24 13:52:02,357 INFO train epoch 186/200 batch 66/66 (100%) running_loss=0.3546
2026-09-24 13:52:04,884 INFO epoch 186/200 done: train_loss=0.3546 val_loss=0.1734 val_accuracy=0.9611 val_macro_f1=0.9438 val_macro_auc=0.9940 (checkpoint_metric=macro_auc)
2026-09-24 13:52:09,005 INFO train epoch 187/200 batch 13/66 (20%) running_loss=0.3507
2026-09-24 13:52:12,591 INFO train epoch 187/200 batch 26/66 (39%) running_loss=0.3573
2026-09-24 13:52:16,175 INFO train epoch 187/200 batch 39/66 (59%) running_loss=0.3531
2026-09-24 13:52:19,753 INFO train epoch 187/200 batch 52/66 (79%) running_loss=0.3508
2026-09-24 13:52:23,321 INFO train epoch 187/200 batch 65/66 (98%) running_loss=0.3530
2026-09-24 13:52:23,547 INFO train epoch 187/200 batch 66/66 (100%) running_loss=0.3531
2026-09-24 13:52:26,090 INFO epoch 187/200 done: train_loss=0.3531 val_loss=0.1830 val_accuracy=0.9570 val_macro_f1=0.9398 val_macro_auc=0.9934 (checkpoint_metric=macro_auc)
2026-09-24 13:52:30,196 INFO train epoch 188/200 batch 13/66 (20%) running_loss=0.3586
2026-09-24 13:52:33,861 INFO train epoch 188/200 batch 26/66 (39%) running_loss=0.3609
2026-09-24 13:52:37,447 INFO train epoch 188/200 batch 39/66 (59%) running_loss=0.3571
2026-09-24 13:52:41,035 INFO train epoch 188/200 batch 52/66 (79%) running_loss=0.3553
2026-09-24 13:52:44,606 INFO train epoch 188/200 batch 65/66 (98%) running_loss=0.3553
2026-09-24 13:52:44,831 INFO train epoch 188/200 batch 66/66 (100%) running_loss=0.3554
2026-09-24 13:52:47,356 INFO epoch 188/200 done: train_loss=0.3554 val_loss=0.1835 val_accuracy=0.9590 val_macro_f1=0.9414 val_macro_auc=0.9940 (checkpoint_metric=macro_auc)
2026-09-24 13:52:51,416 INFO train epoch 189/200 batch 13/66 (20%) running_loss=0.3585
2026-09-24 13:52:54,992 INFO train epoch 189/200 batch 26/66 (39%) running_loss=0.3577
2026-09-24 13:52:58,577 INFO train epoch 189/200 batch 39/66 (59%) running_loss=0.3606
2026-09-24 13:53:02,159 INFO train epoch 189/200 batch 52/66 (79%) running_loss=0.3580
2026-09-24 13:53:05,730 INFO train epoch 189/200 batch 65/66 (98%) running_loss=0.3572
2026-09-24 13:53:05,956 INFO train epoch 189/200 batch 66/66 (100%) running_loss=0.3574
2026-09-24 13:53:08,495 INFO epoch 189/200 done: train_loss=0.3574 val_loss=0.1836 val_accuracy=0.9590 val_macro_f1=0.9425 val_macro_auc=0.9934 (checkpoint_metric=macro_auc)
2026-09-24 13:53:12,633 INFO train epoch 190/200 batch 13/66 (20%) running_loss=0.3696
2026-09-24 13:53:16,207 INFO train epoch 190/200 batch 26/66 (39%) running_loss=0.3610
2026-09-24 13:53:19,793 INFO train epoch 190/200 batch 39/66 (59%) running_loss=0.3570
2026-09-24 13:53:23,383 INFO train epoch 190/200 batch 52/66 (79%) running_loss=0.3549
2026-09-24 13:53:26,964 INFO train epoch 190/200 batch 65/66 (98%) running_loss=0.3559
2026-09-24 13:53:27,189 INFO train epoch 190/200 batch 66/66 (100%) running_loss=0.3562
2026-09-24 13:53:29,734 INFO epoch 190/200 done: train_loss=0.3562 val_loss=0.1754 val_accuracy=0.9611 val_macro_f1=0.9430 val_macro_auc=0.9939 (checkpoint_metric=macro_auc)
2026-09-24 13:53:33,849 INFO train epoch 191/200 batch 13/66 (20%) running_loss=0.3486
2026-09-24 13:53:37,439 INFO train epoch 191/200 batch 26/66 (39%) running_loss=0.3514
2026-09-24 13:53:41,219 INFO train epoch 191/200 batch 39/66 (59%) running_loss=0.3452
2026-09-24 13:53:44,806 INFO train epoch 191/200 batch 52/66 (79%) running_loss=0.3479
2026-09-24 13:53:48,384 INFO train epoch 191/200 batch 65/66 (98%) running_loss=0.3465
2026-09-24 13:53:48,609 INFO train epoch 191/200 batch 66/66 (100%) running_loss=0.3466
2026-09-24 13:53:51,140 INFO epoch 191/200 done: train_loss=0.3466 val_loss=0.1737 val_accuracy=0.9611 val_macro_f1=0.9438 val_macro_auc=0.9942 (checkpoint_metric=macro_auc)
2026-09-24 13:53:55,258 INFO train epoch 192/200 batch 13/66 (20%) running_loss=0.3494
2026-09-24 13:53:58,849 INFO train epoch 192/200 batch 26/66 (39%) running_loss=0.3503
2026-09-24 13:54:02,432 INFO train epoch 192/200 batch 39/66 (59%) running_loss=0.3491
2026-09-24 13:54:06,011 INFO train epoch 192/200 batch 52/66 (79%) running_loss=0.3520
2026-09-24 13:54:09,593 INFO train epoch 192/200 batch 65/66 (98%) running_loss=0.3522
2026-09-24 13:54:09,818 INFO train epoch 192/200 batch 66/66 (100%) running_loss=0.3520
2026-09-24 13:54:12,355 INFO epoch 192/200 done: train_loss=0.3520 val_loss=0.1750 val_accuracy=0.9611 val_macro_f1=0.9438 val_macro_auc=0.9941 (checkpoint_metric=macro_auc)
2026-09-24 13:54:16,462 INFO train epoch 193/200 batch 13/66 (20%) running_loss=0.3491
2026-09-24 13:54:20,030 INFO train epoch 193/200 batch 26/66 (39%) running_loss=0.3442
2026-09-24 13:54:23,604 INFO train epoch 193/200 batch 39/66 (59%) running_loss=0.3434
2026-09-24 13:54:27,180 INFO train epoch 193/200 batch 52/66 (79%) running_loss=0.3446
2026-09-24 13:54:30,762 INFO train epoch 193/200 batch 65/66 (98%) running_loss=0.3484
2026-09-24 13:54:30,988 INFO train epoch 193/200 batch 66/66 (100%) running_loss=0.3493
2026-09-24 13:54:33,514 INFO epoch 193/200 done: train_loss=0.3493 val_loss=0.1759 val_accuracy=0.9590 val_macro_f1=0.9406 val_macro_auc=0.9936 (checkpoint_metric=macro_auc)
2026-09-24 13:54:37,606 INFO train epoch 194/200 batch 13/66 (20%) running_loss=0.3409
2026-09-24 13:54:41,181 INFO train epoch 194/200 batch 26/66 (39%) running_loss=0.3469
2026-09-24 13:54:44,857 INFO train epoch 194/200 batch 39/66 (59%) running_loss=0.3557
2026-09-24 13:54:48,454 INFO train epoch 194/200 batch 52/66 (79%) running_loss=0.3559
2026-09-24 13:54:52,023 INFO train epoch 194/200 batch 65/66 (98%) running_loss=0.3559
2026-09-24 13:54:52,249 INFO train epoch 194/200 batch 66/66 (100%) running_loss=0.3560
2026-09-24 13:54:54,795 INFO epoch 194/200 done: train_loss=0.3560 val_loss=0.1794 val_accuracy=0.9611 val_macro_f1=0.9433 val_macro_auc=0.9936 (checkpoint_metric=macro_auc)
2026-09-24 13:54:58,904 INFO train epoch 195/200 batch 13/66 (20%) running_loss=0.3699
2026-09-24 13:55:02,490 INFO train epoch 195/200 batch 26/66 (39%) running_loss=0.3601
2026-09-24 13:55:06,071 INFO train epoch 195/200 batch 39/66 (59%) running_loss=0.3547
2026-09-24 13:55:09,658 INFO train epoch 195/200 batch 52/66 (79%) running_loss=0.3512
2026-09-24 13:55:13,231 INFO train epoch 195/200 batch 65/66 (98%) running_loss=0.3495
2026-09-24 13:55:13,458 INFO train epoch 195/200 batch 66/66 (100%) running_loss=0.3501
2026-09-24 13:55:15,995 INFO epoch 195/200 done: train_loss=0.3501 val_loss=0.1827 val_accuracy=0.9590 val_macro_f1=0.9416 val_macro_auc=0.9935 (checkpoint_metric=macro_auc)
2026-09-24 13:55:20,071 INFO train epoch 196/200 batch 13/66 (20%) running_loss=0.3470
2026-09-24 13:55:23,666 INFO train epoch 196/200 batch 26/66 (39%) running_loss=0.3508
2026-09-24 13:55:27,275 INFO train epoch 196/200 batch 39/66 (59%) running_loss=0.3495
2026-09-24 13:55:30,889 INFO train epoch 196/200 batch 52/66 (79%) running_loss=0.3490
2026-09-24 13:55:34,476 INFO train epoch 196/200 batch 65/66 (98%) running_loss=0.3502
2026-09-24 13:55:34,701 INFO train epoch 196/200 batch 66/66 (100%) running_loss=0.3499
2026-09-24 13:55:37,223 INFO epoch 196/200 done: train_loss=0.3499 val_loss=0.1787 val_accuracy=0.9611 val_macro_f1=0.9447 val_macro_auc=0.9937 (checkpoint_metric=macro_auc)
2026-09-24 13:55:41,324 INFO train epoch 197/200 batch 13/66 (20%) running_loss=0.3525
2026-09-24 13:55:44,894 INFO train epoch 197/200 batch 26/66 (39%) running_loss=0.3564
2026-09-24 13:55:48,639 INFO train epoch 197/200 batch 39/66 (59%) running_loss=0.3528
2026-09-24 13:55:52,214 INFO train epoch 197/200 batch 52/66 (79%) running_loss=0.3510
2026-09-24 13:55:55,783 INFO train epoch 197/200 batch 65/66 (98%) running_loss=0.3485
2026-09-24 13:55:56,007 INFO train epoch 197/200 batch 66/66 (100%) running_loss=0.3486
2026-09-24 13:55:58,534 INFO epoch 197/200 done: train_loss=0.3486 val_loss=0.1783 val_accuracy=0.9611 val_macro_f1=0.9447 val_macro_auc=0.9938 (checkpoint_metric=macro_auc)
2026-09-24 13:56:02,634 INFO train epoch 198/200 batch 13/66 (20%) running_loss=0.3636
2026-09-24 13:56:06,197 INFO train epoch 198/200 batch 26/66 (39%) running_loss=0.3615
2026-09-24 13:56:09,782 INFO train epoch 198/200 batch 39/66 (59%) running_loss=0.3550
2026-09-24 13:56:13,379 INFO train epoch 198/200 batch 52/66 (79%) running_loss=0.3554
2026-09-24 13:56:16,956 INFO train epoch 198/200 batch 65/66 (98%) running_loss=0.3544
2026-09-24 13:56:17,182 INFO train epoch 198/200 batch 66/66 (100%) running_loss=0.3544
2026-09-24 13:56:19,712 INFO epoch 198/200 done: train_loss=0.3544 val_loss=0.1825 val_accuracy=0.9590 val_macro_f1=0.9441 val_macro_auc=0.9932 (checkpoint_metric=macro_auc)
2026-09-24 13:56:23,839 INFO train epoch 199/200 batch 13/66 (20%) running_loss=0.3597
2026-09-24 13:56:27,436 INFO train epoch 199/200 batch 26/66 (39%) running_loss=0.3521
2026-09-24 13:56:31,008 INFO train epoch 199/200 batch 39/66 (59%) running_loss=0.3535
2026-09-24 13:56:34,582 INFO train epoch 199/200 batch 52/66 (79%) running_loss=0.3541
2026-09-24 13:56:38,157 INFO train epoch 199/200 batch 65/66 (98%) running_loss=0.3535
2026-09-24 13:56:38,382 INFO train epoch 199/200 batch 66/66 (100%) running_loss=0.3530
2026-09-24 13:56:40,925 INFO epoch 199/200 done: train_loss=0.3530 val_loss=0.1781 val_accuracy=0.9611 val_macro_f1=0.9433 val_macro_auc=0.9938 (checkpoint_metric=macro_auc)
2026-09-24 13:56:45,037 INFO train epoch 200/200 batch 13/66 (20%) running_loss=0.3684
2026-09-24 13:56:48,637 INFO train epoch 200/200 batch 26/66 (39%) running_loss=0.3582
2026-09-24 13:56:52,204 INFO train epoch 200/200 batch 39/66 (59%) running_loss=0.3519
2026-09-24 13:56:55,771 INFO train epoch 200/200 batch 52/66 (79%) running_loss=0.3518
2026-09-24 13:56:59,445 INFO train epoch 200/200 batch 65/66 (98%) running_loss=0.3511
2026-09-24 13:56:59,670 INFO train epoch 200/200 batch 66/66 (100%) running_loss=0.3509
2026-09-24 13:57:02,198 INFO epoch 200/200 done: train_loss=0.3509 val_loss=0.1787 val_accuracy=0.9590 val_macro_f1=0.9430 val_macro_auc=0.9936 (checkpoint_metric=macro_auc)
2026-09-24 13:57:02,450 INFO Training finished. Best epoch=169, smoothed macro_auc=0.9955 (window=3)
2026-09-24 13:57:05,044 INFO Test set evaluated once: accuracy=0.8966 macro_f1=0.8780 macro_auc=0.9723
