2026-09-23 07:59:07,367 INFO Starting final training on device=cuda, amp=True, physical_batch_size=32, accumulation_steps=1, effective_batch_size=32
2026-09-23 07:59:07,367 INFO Augmentation policy: constant strength (rank-averaged), from outputs/main1/augmentation_run/selected_policy.json
2026-09-23 07:59:07,828 INFO Classes: {'glioma_tumor': 0, 'meningioma_tumor': 1, 'pituitary_tumor': 2}
2026-09-23 07:59:07,828 INFO Regularization: weight_decay=7.0e-04 classifier_dropout=0.30 label_smoothing=0.10 drop_path=0.20
2026-09-23 07:59:07,837 INFO Constant strengths: {'rotation': 0.0675, 'affine_translation': 0.2256, 'random_resized_crop': 0.516, 'brightness': 0.4195, 'contrast': 0.123, 'horizontal_flip': 0.5366, 'random_erasing': 0.1828}
2026-09-23 07:59:13,076 INFO train epoch 1/200 batch 13/66 (20%) running_loss=1.1570
2026-09-23 07:59:16,659 INFO train epoch 1/200 batch 26/66 (39%) running_loss=1.1601
2026-09-23 07:59:20,265 INFO train epoch 1/200 batch 39/66 (59%) running_loss=1.1533
2026-09-23 07:59:23,873 INFO train epoch 1/200 batch 52/66 (79%) running_loss=1.1560
2026-09-23 07:59:27,433 INFO train epoch 1/200 batch 65/66 (98%) running_loss=1.1499
2026-09-23 07:59:27,784 INFO train epoch 1/200 batch 66/66 (100%) running_loss=1.1492
2026-09-23 07:59:30,565 INFO epoch 1/200 done: train_loss=1.1492 val_loss=1.0385 val_accuracy=0.5061 val_macro_f1=0.2240 val_macro_auc=0.5900 (checkpoint_metric=macro_auc) [new best]
2026-09-23 07:59:34,640 INFO train epoch 2/200 batch 13/66 (20%) running_loss=1.0955
2026-09-23 07:59:38,179 INFO train epoch 2/200 batch 26/66 (39%) running_loss=1.1089
2026-09-23 07:59:41,727 INFO train epoch 2/200 batch 39/66 (59%) running_loss=1.1023
2026-09-23 07:59:45,270 INFO train epoch 2/200 batch 52/66 (79%) running_loss=1.0972
2026-09-23 07:59:48,819 INFO train epoch 2/200 batch 65/66 (98%) running_loss=1.0853
2026-09-23 07:59:49,041 INFO train epoch 2/200 batch 66/66 (100%) running_loss=1.0850
2026-09-23 07:59:51,659 INFO epoch 2/200 done: train_loss=1.0850 val_loss=0.9778 val_accuracy=0.5963 val_macro_f1=0.3763 val_macro_auc=0.6688 (checkpoint_metric=macro_auc) [new best]
2026-09-23 07:59:55,695 INFO train epoch 3/200 batch 13/66 (20%) running_loss=1.0279
2026-09-23 07:59:59,252 INFO train epoch 3/200 batch 26/66 (39%) running_loss=1.0401
2026-09-23 08:00:02,771 INFO train epoch 3/200 batch 39/66 (59%) running_loss=1.0329
2026-09-23 08:00:06,291 INFO train epoch 3/200 batch 52/66 (79%) running_loss=1.0248
2026-09-23 08:00:09,841 INFO train epoch 3/200 batch 65/66 (98%) running_loss=1.0211
2026-09-23 08:00:10,069 INFO train epoch 3/200 batch 66/66 (100%) running_loss=1.0199
2026-09-23 08:00:12,698 INFO epoch 3/200 done: train_loss=1.0199 val_loss=1.0717 val_accuracy=0.5348 val_macro_f1=0.2791 val_macro_auc=0.6448 (checkpoint_metric=macro_auc) [new best]
2026-09-23 08:00:16,856 INFO train epoch 4/200 batch 13/66 (20%) running_loss=1.0176
2026-09-23 08:00:20,388 INFO train epoch 4/200 batch 26/66 (39%) running_loss=0.9910
2026-09-23 08:00:23,924 INFO train epoch 4/200 batch 39/66 (59%) running_loss=0.9906
2026-09-23 08:00:27,480 INFO train epoch 4/200 batch 52/66 (79%) running_loss=0.9867
2026-09-23 08:00:31,023 INFO train epoch 4/200 batch 65/66 (98%) running_loss=0.9822
2026-09-23 08:00:31,246 INFO train epoch 4/200 batch 66/66 (100%) running_loss=0.9815
2026-09-23 08:00:33,865 INFO epoch 4/200 done: train_loss=0.9815 val_loss=0.8616 val_accuracy=0.6762 val_macro_f1=0.4841 val_macro_auc=0.7740 (checkpoint_metric=macro_auc) [new best]
2026-09-23 08:00:37,903 INFO train epoch 5/200 batch 13/66 (20%) running_loss=0.9280
2026-09-23 08:00:41,445 INFO train epoch 5/200 batch 26/66 (39%) running_loss=0.9438
2026-09-23 08:00:44,996 INFO train epoch 5/200 batch 39/66 (59%) running_loss=0.9537
2026-09-23 08:00:48,545 INFO train epoch 5/200 batch 52/66 (79%) running_loss=0.9489
2026-09-23 08:00:52,098 INFO train epoch 5/200 batch 65/66 (98%) running_loss=0.9350
2026-09-23 08:00:52,322 INFO train epoch 5/200 batch 66/66 (100%) running_loss=0.9361
2026-09-23 08:00:54,950 INFO epoch 5/200 done: train_loss=0.9361 val_loss=0.8688 val_accuracy=0.6742 val_macro_f1=0.4858 val_macro_auc=0.7971 (checkpoint_metric=macro_auc) [new best]
2026-09-23 08:00:58,957 INFO train epoch 6/200 batch 13/66 (20%) running_loss=0.9882
2026-09-23 08:01:02,501 INFO train epoch 6/200 batch 26/66 (39%) running_loss=0.9681
2026-09-23 08:01:06,046 INFO train epoch 6/200 batch 39/66 (59%) running_loss=0.9397
2026-09-23 08:01:09,583 INFO train epoch 6/200 batch 52/66 (79%) running_loss=0.9236
2026-09-23 08:01:13,114 INFO train epoch 6/200 batch 65/66 (98%) running_loss=0.9158
2026-09-23 08:01:13,338 INFO train epoch 6/200 batch 66/66 (100%) running_loss=0.9162
2026-09-23 08:01:16,066 INFO epoch 6/200 done: train_loss=0.9162 val_loss=0.7969 val_accuracy=0.7049 val_macro_f1=0.5007 val_macro_auc=0.7779 (checkpoint_metric=macro_auc) [new best]
2026-09-23 08:01:20,112 INFO train epoch 7/200 batch 13/66 (20%) running_loss=0.9338
2026-09-23 08:01:23,649 INFO train epoch 7/200 batch 26/66 (39%) running_loss=0.9195
2026-09-23 08:01:27,195 INFO train epoch 7/200 batch 39/66 (59%) running_loss=0.8932
2026-09-23 08:01:30,736 INFO train epoch 7/200 batch 52/66 (79%) running_loss=0.8919
2026-09-23 08:01:34,277 INFO train epoch 7/200 batch 65/66 (98%) running_loss=0.8936
2026-09-23 08:01:34,496 INFO train epoch 7/200 batch 66/66 (100%) running_loss=0.8942
2026-09-23 08:01:36,995 INFO epoch 7/200 done: train_loss=0.8942 val_loss=0.7461 val_accuracy=0.6803 val_macro_f1=0.4887 val_macro_auc=0.7730 (checkpoint_metric=macro_auc)
2026-09-23 08:01:41,029 INFO train epoch 8/200 batch 13/66 (20%) running_loss=0.8800
2026-09-23 08:01:44,564 INFO train epoch 8/200 batch 26/66 (39%) running_loss=0.8823
2026-09-23 08:01:48,113 INFO train epoch 8/200 batch 39/66 (59%) running_loss=0.8838
2026-09-23 08:01:51,675 INFO train epoch 8/200 batch 52/66 (79%) running_loss=0.8770
2026-09-23 08:01:55,201 INFO train epoch 8/200 batch 65/66 (98%) running_loss=0.8689
2026-09-23 08:01:55,424 INFO train epoch 8/200 batch 66/66 (100%) running_loss=0.8681
2026-09-23 08:01:58,050 INFO epoch 8/200 done: train_loss=0.8681 val_loss=0.7053 val_accuracy=0.7520 val_macro_f1=0.5440 val_macro_auc=0.8140 (checkpoint_metric=macro_auc) [new best]
2026-09-23 08:02:02,127 INFO train epoch 9/200 batch 13/66 (20%) running_loss=0.8478
2026-09-23 08:02:05,689 INFO train epoch 9/200 batch 26/66 (39%) running_loss=0.8568
2026-09-23 08:02:09,246 INFO train epoch 9/200 batch 39/66 (59%) running_loss=0.8515
2026-09-23 08:02:12,948 INFO train epoch 9/200 batch 52/66 (79%) running_loss=0.8536
2026-09-23 08:02:16,470 INFO train epoch 9/200 batch 65/66 (98%) running_loss=0.8558
2026-09-23 08:02:16,690 INFO train epoch 9/200 batch 66/66 (100%) running_loss=0.8544
2026-09-23 08:02:19,293 INFO epoch 9/200 done: train_loss=0.8544 val_loss=0.7091 val_accuracy=0.7602 val_macro_f1=0.5502 val_macro_auc=0.8370 (checkpoint_metric=macro_auc) [new best]
2026-09-23 08:02:23,340 INFO train epoch 10/200 batch 13/66 (20%) running_loss=0.8265
2026-09-23 08:02:26,885 INFO train epoch 10/200 batch 26/66 (39%) running_loss=0.8049
2026-09-23 08:02:30,459 INFO train epoch 10/200 batch 39/66 (59%) running_loss=0.8178
2026-09-23 08:02:34,009 INFO train epoch 10/200 batch 52/66 (79%) running_loss=0.8235
2026-09-23 08:02:37,566 INFO train epoch 10/200 batch 65/66 (98%) running_loss=0.8256
2026-09-23 08:02:37,789 INFO train epoch 10/200 batch 66/66 (100%) running_loss=0.8243
2026-09-23 08:02:40,406 INFO epoch 10/200 done: train_loss=0.8243 val_loss=0.6384 val_accuracy=0.7807 val_macro_f1=0.5668 val_macro_auc=0.8218 (checkpoint_metric=macro_auc) [new best]
2026-09-23 08:02:44,428 INFO train epoch 11/200 batch 13/66 (20%) running_loss=0.8384
2026-09-23 08:02:48,010 INFO train epoch 11/200 batch 26/66 (39%) running_loss=0.8243
2026-09-23 08:02:51,588 INFO train epoch 11/200 batch 39/66 (59%) running_loss=0.8212
2026-09-23 08:02:55,122 INFO train epoch 11/200 batch 52/66 (79%) running_loss=0.8239
2026-09-23 08:02:58,825 INFO train epoch 11/200 batch 65/66 (98%) running_loss=0.8239
2026-09-23 08:02:59,046 INFO train epoch 11/200 batch 66/66 (100%) running_loss=0.8233
2026-09-23 08:03:01,654 INFO epoch 11/200 done: train_loss=0.8233 val_loss=0.5863 val_accuracy=0.8012 val_macro_f1=0.5829 val_macro_auc=0.8429 (checkpoint_metric=macro_auc) [new best]
2026-09-23 08:03:05,704 INFO train epoch 12/200 batch 13/66 (20%) running_loss=0.8370
2026-09-23 08:03:09,295 INFO train epoch 12/200 batch 26/66 (39%) running_loss=0.8122
2026-09-23 08:03:12,851 INFO train epoch 12/200 batch 39/66 (59%) running_loss=0.8149
2026-09-23 08:03:16,394 INFO train epoch 12/200 batch 52/66 (79%) running_loss=0.8032
2026-09-23 08:03:19,936 INFO train epoch 12/200 batch 65/66 (98%) running_loss=0.7993
2026-09-23 08:03:20,157 INFO train epoch 12/200 batch 66/66 (100%) running_loss=0.7998
2026-09-23 08:03:22,800 INFO epoch 12/200 done: train_loss=0.7998 val_loss=0.6270 val_accuracy=0.7992 val_macro_f1=0.5808 val_macro_auc=0.8445 (checkpoint_metric=macro_auc) [new best]
2026-09-23 08:03:26,853 INFO train epoch 13/200 batch 13/66 (20%) running_loss=0.8665
2026-09-23 08:03:30,411 INFO train epoch 13/200 batch 26/66 (39%) running_loss=0.8476
2026-09-23 08:03:33,952 INFO train epoch 13/200 batch 39/66 (59%) running_loss=0.8221
2026-09-23 08:03:37,530 INFO train epoch 13/200 batch 52/66 (79%) running_loss=0.8166
2026-09-23 08:03:41,060 INFO train epoch 13/200 batch 65/66 (98%) running_loss=0.8153
2026-09-23 08:03:41,284 INFO train epoch 13/200 batch 66/66 (100%) running_loss=0.8150
2026-09-23 08:03:43,876 INFO epoch 13/200 done: train_loss=0.8150 val_loss=0.6479 val_accuracy=0.7480 val_macro_f1=0.5487 val_macro_auc=0.8531 (checkpoint_metric=macro_auc) [new best]
2026-09-23 08:03:47,945 INFO train epoch 14/200 batch 13/66 (20%) running_loss=0.8096
2026-09-23 08:03:51,526 INFO train epoch 14/200 batch 26/66 (39%) running_loss=0.8130
2026-09-23 08:03:55,086 INFO train epoch 14/200 batch 39/66 (59%) running_loss=0.8011
2026-09-23 08:03:58,616 INFO train epoch 14/200 batch 52/66 (79%) running_loss=0.7961
2026-09-23 08:04:02,162 INFO train epoch 14/200 batch 65/66 (98%) running_loss=0.7909
2026-09-23 08:04:02,382 INFO train epoch 14/200 batch 66/66 (100%) running_loss=0.7940
2026-09-23 08:04:04,888 INFO epoch 14/200 done: train_loss=0.7940 val_loss=0.7191 val_accuracy=0.7275 val_macro_f1=0.6089 val_macro_auc=0.8304 (checkpoint_metric=macro_auc)
2026-09-23 08:04:08,929 INFO train epoch 15/200 batch 13/66 (20%) running_loss=0.7691
2026-09-23 08:04:12,559 INFO train epoch 15/200 batch 26/66 (39%) running_loss=0.7765
2026-09-23 08:04:16,096 INFO train epoch 15/200 batch 39/66 (59%) running_loss=0.7845
2026-09-23 08:04:19,664 INFO train epoch 15/200 batch 52/66 (79%) running_loss=0.7880
2026-09-23 08:04:23,203 INFO train epoch 15/200 batch 65/66 (98%) running_loss=0.7858
2026-09-23 08:04:23,421 INFO train epoch 15/200 batch 66/66 (100%) running_loss=0.7862
2026-09-23 08:04:25,916 INFO epoch 15/200 done: train_loss=0.7862 val_loss=0.7543 val_accuracy=0.6742 val_macro_f1=0.5323 val_macro_auc=0.8398 (checkpoint_metric=macro_auc)
2026-09-23 08:04:29,938 INFO train epoch 16/200 batch 13/66 (20%) running_loss=0.7764
2026-09-23 08:04:33,482 INFO train epoch 16/200 batch 26/66 (39%) running_loss=0.7838
2026-09-23 08:04:37,002 INFO train epoch 16/200 batch 39/66 (59%) running_loss=0.7836
2026-09-23 08:04:40,527 INFO train epoch 16/200 batch 52/66 (79%) running_loss=0.7839
2026-09-23 08:04:44,075 INFO train epoch 16/200 batch 65/66 (98%) running_loss=0.7900
2026-09-23 08:04:44,295 INFO train epoch 16/200 batch 66/66 (100%) running_loss=0.7894
2026-09-23 08:04:46,935 INFO epoch 16/200 done: train_loss=0.7894 val_loss=0.5783 val_accuracy=0.7992 val_macro_f1=0.6116 val_macro_auc=0.8817 (checkpoint_metric=macro_auc) [new best]
2026-09-23 08:04:50,996 INFO train epoch 17/200 batch 13/66 (20%) running_loss=0.7412
2026-09-23 08:04:54,526 INFO train epoch 17/200 batch 26/66 (39%) running_loss=0.7622
2026-09-23 08:04:58,065 INFO train epoch 17/200 batch 39/66 (59%) running_loss=0.7767
2026-09-23 08:05:01,653 INFO train epoch 17/200 batch 52/66 (79%) running_loss=0.7854
2026-09-23 08:05:05,225 INFO train epoch 17/200 batch 65/66 (98%) running_loss=0.7800
2026-09-23 08:05:05,454 INFO train epoch 17/200 batch 66/66 (100%) running_loss=0.7815
2026-09-23 08:05:08,072 INFO epoch 17/200 done: train_loss=0.7815 val_loss=0.5952 val_accuracy=0.8074 val_macro_f1=0.6760 val_macro_auc=0.8986 (checkpoint_metric=macro_auc) [new best]
2026-09-23 08:05:12,236 INFO train epoch 18/200 batch 13/66 (20%) running_loss=0.8020
2026-09-23 08:05:15,768 INFO train epoch 18/200 batch 26/66 (39%) running_loss=0.7924
2026-09-23 08:05:19,308 INFO train epoch 18/200 batch 39/66 (59%) running_loss=0.7805
2026-09-23 08:05:22,879 INFO train epoch 18/200 batch 52/66 (79%) running_loss=0.7795
2026-09-23 08:05:26,440 INFO train epoch 18/200 batch 65/66 (98%) running_loss=0.7734
2026-09-23 08:05:26,662 INFO train epoch 18/200 batch 66/66 (100%) running_loss=0.7740
2026-09-23 08:05:29,270 INFO epoch 18/200 done: train_loss=0.7740 val_loss=0.5568 val_accuracy=0.7930 val_macro_f1=0.6309 val_macro_auc=0.8770 (checkpoint_metric=macro_auc) [new best]
2026-09-23 08:05:33,283 INFO train epoch 19/200 batch 13/66 (20%) running_loss=0.7583
2026-09-23 08:05:36,834 INFO train epoch 19/200 batch 26/66 (39%) running_loss=0.7879
2026-09-23 08:05:40,389 INFO train epoch 19/200 batch 39/66 (59%) running_loss=0.7687
2026-09-23 08:05:43,960 INFO train epoch 19/200 batch 52/66 (79%) running_loss=0.7600
2026-09-23 08:05:47,530 INFO train epoch 19/200 batch 65/66 (98%) running_loss=0.7655
2026-09-23 08:05:47,751 INFO train epoch 19/200 batch 66/66 (100%) running_loss=0.7660
2026-09-23 08:05:50,374 INFO epoch 19/200 done: train_loss=0.7660 val_loss=0.6495 val_accuracy=0.7664 val_macro_f1=0.6545 val_macro_auc=0.8953 (checkpoint_metric=macro_auc) [new best]
2026-09-23 08:05:54,436 INFO train epoch 20/200 batch 13/66 (20%) running_loss=0.7959
2026-09-23 08:05:57,993 INFO train epoch 20/200 batch 26/66 (39%) running_loss=0.7814
2026-09-23 08:06:01,542 INFO train epoch 20/200 batch 39/66 (59%) running_loss=0.7813
2026-09-23 08:06:05,076 INFO train epoch 20/200 batch 52/66 (79%) running_loss=0.7675
2026-09-23 08:06:08,622 INFO train epoch 20/200 batch 65/66 (98%) running_loss=0.7690
2026-09-23 08:06:08,842 INFO train epoch 20/200 batch 66/66 (100%) running_loss=0.7698
2026-09-23 08:06:11,351 INFO epoch 20/200 done: train_loss=0.7698 val_loss=0.8027 val_accuracy=0.6475 val_macro_f1=0.4431 val_macro_auc=0.8294 (checkpoint_metric=macro_auc)
2026-09-23 08:06:15,465 INFO train epoch 21/200 batch 13/66 (20%) running_loss=0.7617
2026-09-23 08:06:18,997 INFO train epoch 21/200 batch 26/66 (39%) running_loss=0.7640
2026-09-23 08:06:22,561 INFO train epoch 21/200 batch 39/66 (59%) running_loss=0.7548
2026-09-23 08:06:26,096 INFO train epoch 21/200 batch 52/66 (79%) running_loss=0.7532
2026-09-23 08:06:29,643 INFO train epoch 21/200 batch 65/66 (98%) running_loss=0.7655
2026-09-23 08:06:29,868 INFO train epoch 21/200 batch 66/66 (100%) running_loss=0.7659
2026-09-23 08:06:32,360 INFO epoch 21/200 done: train_loss=0.7659 val_loss=0.5269 val_accuracy=0.8033 val_macro_f1=0.6091 val_macro_auc=0.9202 (checkpoint_metric=macro_auc)
2026-09-23 08:06:36,409 INFO train epoch 22/200 batch 13/66 (20%) running_loss=0.7564
2026-09-23 08:06:39,946 INFO train epoch 22/200 batch 26/66 (39%) running_loss=0.7509
2026-09-23 08:06:43,480 INFO train epoch 22/200 batch 39/66 (59%) running_loss=0.7539
2026-09-23 08:06:47,019 INFO train epoch 22/200 batch 52/66 (79%) running_loss=0.7465
2026-09-23 08:06:50,553 INFO train epoch 22/200 batch 65/66 (98%) running_loss=0.7419
2026-09-23 08:06:50,772 INFO train epoch 22/200 batch 66/66 (100%) running_loss=0.7421
2026-09-23 08:06:53,275 INFO epoch 22/200 done: train_loss=0.7421 val_loss=0.5443 val_accuracy=0.7869 val_macro_f1=0.5920 val_macro_auc=0.8937 (checkpoint_metric=macro_auc)
2026-09-23 08:06:57,330 INFO train epoch 23/200 batch 13/66 (20%) running_loss=0.7484
2026-09-23 08:07:00,883 INFO train epoch 23/200 batch 26/66 (39%) running_loss=0.7785
2026-09-23 08:07:04,420 INFO train epoch 23/200 batch 39/66 (59%) running_loss=0.7704
2026-09-23 08:07:07,979 INFO train epoch 23/200 batch 52/66 (79%) running_loss=0.7590
2026-09-23 08:07:11,517 INFO train epoch 23/200 batch 65/66 (98%) running_loss=0.7512
2026-09-23 08:07:11,738 INFO train epoch 23/200 batch 66/66 (100%) running_loss=0.7508
2026-09-23 08:07:14,373 INFO epoch 23/200 done: train_loss=0.7508 val_loss=0.5437 val_accuracy=0.8484 val_macro_f1=0.7660 val_macro_auc=0.9290 (checkpoint_metric=macro_auc) [new best]
2026-09-23 08:07:18,508 INFO train epoch 24/200 batch 13/66 (20%) running_loss=0.7116
2026-09-23 08:07:22,041 INFO train epoch 24/200 batch 26/66 (39%) running_loss=0.7314
2026-09-23 08:07:25,602 INFO train epoch 24/200 batch 39/66 (59%) running_loss=0.7424
2026-09-23 08:07:29,147 INFO train epoch 24/200 batch 52/66 (79%) running_loss=0.7471
2026-09-23 08:07:32,687 INFO train epoch 24/200 batch 65/66 (98%) running_loss=0.7525
2026-09-23 08:07:32,908 INFO train epoch 24/200 batch 66/66 (100%) running_loss=0.7514
2026-09-23 08:07:35,411 INFO epoch 24/200 done: train_loss=0.7514 val_loss=0.7158 val_accuracy=0.6721 val_macro_f1=0.6153 val_macro_auc=0.8978 (checkpoint_metric=macro_auc)
2026-09-23 08:07:39,456 INFO train epoch 25/200 batch 13/66 (20%) running_loss=0.6886
2026-09-23 08:07:43,026 INFO train epoch 25/200 batch 26/66 (39%) running_loss=0.7178
2026-09-23 08:07:46,565 INFO train epoch 25/200 batch 39/66 (59%) running_loss=0.7305
2026-09-23 08:07:50,110 INFO train epoch 25/200 batch 52/66 (79%) running_loss=0.7299
2026-09-23 08:07:53,640 INFO train epoch 25/200 batch 65/66 (98%) running_loss=0.7272
2026-09-23 08:07:53,869 INFO train epoch 25/200 batch 66/66 (100%) running_loss=0.7268
2026-09-23 08:07:56,479 INFO epoch 25/200 done: train_loss=0.7268 val_loss=0.6143 val_accuracy=0.7541 val_macro_f1=0.7173 val_macro_auc=0.9321 (checkpoint_metric=macro_auc) [new best]
2026-09-23 08:08:00,505 INFO train epoch 26/200 batch 13/66 (20%) running_loss=0.7579
2026-09-23 08:08:04,043 INFO train epoch 26/200 batch 26/66 (39%) running_loss=0.7720
2026-09-23 08:08:07,602 INFO train epoch 26/200 batch 39/66 (59%) running_loss=0.7520
2026-09-23 08:08:11,160 INFO train epoch 26/200 batch 52/66 (79%) running_loss=0.7492
2026-09-23 08:08:14,893 INFO train epoch 26/200 batch 65/66 (98%) running_loss=0.7482
2026-09-23 08:08:15,116 INFO train epoch 26/200 batch 66/66 (100%) running_loss=0.7482
2026-09-23 08:08:17,757 INFO epoch 26/200 done: train_loss=0.7482 val_loss=0.4854 val_accuracy=0.8422 val_macro_f1=0.7279 val_macro_auc=0.9421 (checkpoint_metric=macro_auc) [new best]
2026-09-23 08:08:21,795 INFO train epoch 27/200 batch 13/66 (20%) running_loss=0.7059
2026-09-23 08:08:25,347 INFO train epoch 27/200 batch 26/66 (39%) running_loss=0.7248
2026-09-23 08:08:28,871 INFO train epoch 27/200 batch 39/66 (59%) running_loss=0.7308
2026-09-23 08:08:32,398 INFO train epoch 27/200 batch 52/66 (79%) running_loss=0.7342
2026-09-23 08:08:35,957 INFO train epoch 27/200 batch 65/66 (98%) running_loss=0.7334
2026-09-23 08:08:36,183 INFO train epoch 27/200 batch 66/66 (100%) running_loss=0.7338
2026-09-23 08:08:38,808 INFO epoch 27/200 done: train_loss=0.7338 val_loss=0.4841 val_accuracy=0.8361 val_macro_f1=0.7372 val_macro_auc=0.9411 (checkpoint_metric=macro_auc) [new best]
2026-09-23 08:08:42,911 INFO train epoch 28/200 batch 13/66 (20%) running_loss=0.6815
2026-09-23 08:08:46,457 INFO train epoch 28/200 batch 26/66 (39%) running_loss=0.7101
2026-09-23 08:08:50,004 INFO train epoch 28/200 batch 39/66 (59%) running_loss=0.7119
2026-09-23 08:08:53,592 INFO train epoch 28/200 batch 52/66 (79%) running_loss=0.7116
2026-09-23 08:08:57,337 INFO train epoch 28/200 batch 65/66 (98%) running_loss=0.7150
2026-09-23 08:08:57,561 INFO train epoch 28/200 batch 66/66 (100%) running_loss=0.7156
2026-09-23 08:09:00,064 INFO epoch 28/200 done: train_loss=0.7156 val_loss=0.5189 val_accuracy=0.8115 val_macro_f1=0.7095 val_macro_auc=0.9199 (checkpoint_metric=macro_auc)
2026-09-23 08:09:04,027 INFO train epoch 29/200 batch 13/66 (20%) running_loss=0.7104
2026-09-23 08:09:07,561 INFO train epoch 29/200 batch 26/66 (39%) running_loss=0.6969
2026-09-23 08:09:11,098 INFO train epoch 29/200 batch 39/66 (59%) running_loss=0.7055
2026-09-23 08:09:14,622 INFO train epoch 29/200 batch 52/66 (79%) running_loss=0.7028
2026-09-23 08:09:18,151 INFO train epoch 29/200 batch 65/66 (98%) running_loss=0.7081
2026-09-23 08:09:18,371 INFO train epoch 29/200 batch 66/66 (100%) running_loss=0.7081
2026-09-23 08:09:20,873 INFO epoch 29/200 done: train_loss=0.7081 val_loss=0.5233 val_accuracy=0.7766 val_macro_f1=0.6601 val_macro_auc=0.9313 (checkpoint_metric=macro_auc)
2026-09-23 08:09:24,899 INFO train epoch 30/200 batch 13/66 (20%) running_loss=0.7387
2026-09-23 08:09:28,453 INFO train epoch 30/200 batch 26/66 (39%) running_loss=0.7138
2026-09-23 08:09:32,032 INFO train epoch 30/200 batch 39/66 (59%) running_loss=0.7147
2026-09-23 08:09:35,572 INFO train epoch 30/200 batch 52/66 (79%) running_loss=0.7168
2026-09-23 08:09:39,151 INFO train epoch 30/200 batch 65/66 (98%) running_loss=0.7176
2026-09-23 08:09:39,374 INFO train epoch 30/200 batch 66/66 (100%) running_loss=0.7182
2026-09-23 08:09:41,869 INFO epoch 30/200 done: train_loss=0.7182 val_loss=0.4779 val_accuracy=0.8074 val_macro_f1=0.7047 val_macro_auc=0.9292 (checkpoint_metric=macro_auc)
2026-09-23 08:09:45,892 INFO train epoch 31/200 batch 13/66 (20%) running_loss=0.6706
2026-09-23 08:09:49,469 INFO train epoch 31/200 batch 26/66 (39%) running_loss=0.6914
2026-09-23 08:09:53,006 INFO train epoch 31/200 batch 39/66 (59%) running_loss=0.7047
2026-09-23 08:09:56,534 INFO train epoch 31/200 batch 52/66 (79%) running_loss=0.7124
2026-09-23 08:10:00,057 INFO train epoch 31/200 batch 65/66 (98%) running_loss=0.7078
2026-09-23 08:10:00,278 INFO train epoch 31/200 batch 66/66 (100%) running_loss=0.7081
2026-09-23 08:10:02,783 INFO epoch 31/200 done: train_loss=0.7081 val_loss=0.7297 val_accuracy=0.6230 val_macro_f1=0.6288 val_macro_auc=0.9485 (checkpoint_metric=macro_auc)
2026-09-23 08:10:07,006 INFO train epoch 32/200 batch 13/66 (20%) running_loss=0.6844
2026-09-23 08:10:10,594 INFO train epoch 32/200 batch 26/66 (39%) running_loss=0.6642
2026-09-23 08:10:14,139 INFO train epoch 32/200 batch 39/66 (59%) running_loss=0.6803
2026-09-23 08:10:17,693 INFO train epoch 32/200 batch 52/66 (79%) running_loss=0.6771
2026-09-23 08:10:21,234 INFO train epoch 32/200 batch 65/66 (98%) running_loss=0.6783
2026-09-23 08:10:21,454 INFO train epoch 32/200 batch 66/66 (100%) running_loss=0.6791
2026-09-23 08:10:24,079 INFO epoch 32/200 done: train_loss=0.6791 val_loss=0.4806 val_accuracy=0.8627 val_macro_f1=0.8135 val_macro_auc=0.9562 (checkpoint_metric=macro_auc) [new best]
2026-09-23 08:10:28,154 INFO train epoch 33/200 batch 13/66 (20%) running_loss=0.7061
2026-09-23 08:10:31,730 INFO train epoch 33/200 batch 26/66 (39%) running_loss=0.7086
2026-09-23 08:10:35,275 INFO train epoch 33/200 batch 39/66 (59%) running_loss=0.7032
2026-09-23 08:10:38,815 INFO train epoch 33/200 batch 52/66 (79%) running_loss=0.6893
2026-09-23 08:10:42,350 INFO train epoch 33/200 batch 65/66 (98%) running_loss=0.6843
2026-09-23 08:10:42,570 INFO train epoch 33/200 batch 66/66 (100%) running_loss=0.6859
2026-09-23 08:10:45,173 INFO epoch 33/200 done: train_loss=0.6859 val_loss=0.4077 val_accuracy=0.8832 val_macro_f1=0.8352 val_macro_auc=0.9598 (checkpoint_metric=macro_auc) [new best]
2026-09-23 08:10:49,175 INFO train epoch 34/200 batch 13/66 (20%) running_loss=0.7017
2026-09-23 08:10:52,714 INFO train epoch 34/200 batch 26/66 (39%) running_loss=0.6869
2026-09-23 08:10:56,283 INFO train epoch 34/200 batch 39/66 (59%) running_loss=0.6771
2026-09-23 08:11:00,029 INFO train epoch 34/200 batch 52/66 (79%) running_loss=0.6872
2026-09-23 08:11:03,564 INFO train epoch 34/200 batch 65/66 (98%) running_loss=0.6826
2026-09-23 08:11:03,786 INFO train epoch 34/200 batch 66/66 (100%) running_loss=0.6814
2026-09-23 08:11:06,417 INFO epoch 34/200 done: train_loss=0.6814 val_loss=0.4331 val_accuracy=0.8750 val_macro_f1=0.8325 val_macro_auc=0.9645 (checkpoint_metric=macro_auc) [new best]
2026-09-23 08:11:10,471 INFO train epoch 35/200 batch 13/66 (20%) running_loss=0.6711
2026-09-23 08:11:14,010 INFO train epoch 35/200 batch 26/66 (39%) running_loss=0.6746
2026-09-23 08:11:17,589 INFO train epoch 35/200 batch 39/66 (59%) running_loss=0.6890
2026-09-23 08:11:21,127 INFO train epoch 35/200 batch 52/66 (79%) running_loss=0.6857
2026-09-23 08:11:24,675 INFO train epoch 35/200 batch 65/66 (98%) running_loss=0.6858
2026-09-23 08:11:24,900 INFO train epoch 35/200 batch 66/66 (100%) running_loss=0.6861
2026-09-23 08:11:27,394 INFO epoch 35/200 done: train_loss=0.6861 val_loss=0.4153 val_accuracy=0.8525 val_macro_f1=0.7677 val_macro_auc=0.9532 (checkpoint_metric=macro_auc)
2026-09-23 08:11:31,451 INFO train epoch 36/200 batch 13/66 (20%) running_loss=0.6854
2026-09-23 08:11:35,012 INFO train epoch 36/200 batch 26/66 (39%) running_loss=0.6659
2026-09-23 08:11:38,546 INFO train epoch 36/200 batch 39/66 (59%) running_loss=0.6690
2026-09-23 08:11:42,095 INFO train epoch 36/200 batch 52/66 (79%) running_loss=0.6788
2026-09-23 08:11:45,635 INFO train epoch 36/200 batch 65/66 (98%) running_loss=0.6691
2026-09-23 08:11:45,856 INFO train epoch 36/200 batch 66/66 (100%) running_loss=0.6686
2026-09-23 08:11:48,368 INFO epoch 36/200 done: train_loss=0.6686 val_loss=0.4892 val_accuracy=0.7889 val_macro_f1=0.7052 val_macro_auc=0.9315 (checkpoint_metric=macro_auc)
2026-09-23 08:11:52,586 INFO train epoch 37/200 batch 13/66 (20%) running_loss=0.6048
2026-09-23 08:11:56,161 INFO train epoch 37/200 batch 26/66 (39%) running_loss=0.6340
2026-09-23 08:11:59,710 INFO train epoch 37/200 batch 39/66 (59%) running_loss=0.6379
2026-09-23 08:12:03,449 INFO train epoch 37/200 batch 52/66 (79%) running_loss=0.6373
2026-09-23 08:12:07,019 INFO train epoch 37/200 batch 65/66 (98%) running_loss=0.6398
2026-09-23 08:12:07,247 INFO train epoch 37/200 batch 66/66 (100%) running_loss=0.6392
2026-09-23 08:12:09,756 INFO epoch 37/200 done: train_loss=0.6392 val_loss=0.4164 val_accuracy=0.8381 val_macro_f1=0.7821 val_macro_auc=0.9560 (checkpoint_metric=macro_auc)
2026-09-23 08:12:13,762 INFO train epoch 38/200 batch 13/66 (20%) running_loss=0.7230
2026-09-23 08:12:17,301 INFO train epoch 38/200 batch 26/66 (39%) running_loss=0.6982
2026-09-23 08:12:20,851 INFO train epoch 38/200 batch 39/66 (59%) running_loss=0.6846
2026-09-23 08:12:24,432 INFO train epoch 38/200 batch 52/66 (79%) running_loss=0.6823
2026-09-23 08:12:27,998 INFO train epoch 38/200 batch 65/66 (98%) running_loss=0.6839
2026-09-23 08:12:28,217 INFO train epoch 38/200 batch 66/66 (100%) running_loss=0.6874
2026-09-23 08:12:30,716 INFO epoch 38/200 done: train_loss=0.6874 val_loss=0.5038 val_accuracy=0.7869 val_macro_f1=0.7168 val_macro_auc=0.9387 (checkpoint_metric=macro_auc)
2026-09-23 08:12:34,760 INFO train epoch 39/200 batch 13/66 (20%) running_loss=0.6810
2026-09-23 08:12:38,317 INFO train epoch 39/200 batch 26/66 (39%) running_loss=0.6797
2026-09-23 08:12:41,877 INFO train epoch 39/200 batch 39/66 (59%) running_loss=0.6792
2026-09-23 08:12:45,407 INFO train epoch 39/200 batch 52/66 (79%) running_loss=0.6737
2026-09-23 08:12:48,938 INFO train epoch 39/200 batch 65/66 (98%) running_loss=0.6715
2026-09-23 08:12:49,156 INFO train epoch 39/200 batch 66/66 (100%) running_loss=0.6706
2026-09-23 08:12:51,651 INFO epoch 39/200 done: train_loss=0.6706 val_loss=0.4384 val_accuracy=0.8053 val_macro_f1=0.7590 val_macro_auc=0.9679 (checkpoint_metric=macro_auc)
2026-09-23 08:12:55,730 INFO train epoch 40/200 batch 13/66 (20%) running_loss=0.6833
2026-09-23 08:12:59,365 INFO train epoch 40/200 batch 26/66 (39%) running_loss=0.6727
2026-09-23 08:13:02,926 INFO train epoch 40/200 batch 39/66 (59%) running_loss=0.6663
2026-09-23 08:13:06,462 INFO train epoch 40/200 batch 52/66 (79%) running_loss=0.6652
2026-09-23 08:13:09,999 INFO train epoch 40/200 batch 65/66 (98%) running_loss=0.6665
2026-09-23 08:13:10,223 INFO train epoch 40/200 batch 66/66 (100%) running_loss=0.6657
2026-09-23 08:13:12,738 INFO epoch 40/200 done: train_loss=0.6657 val_loss=0.5271 val_accuracy=0.7582 val_macro_f1=0.6838 val_macro_auc=0.9379 (checkpoint_metric=macro_auc)
2026-09-23 08:13:16,768 INFO train epoch 41/200 batch 13/66 (20%) running_loss=0.6569
2026-09-23 08:13:20,305 INFO train epoch 41/200 batch 26/66 (39%) running_loss=0.6338
2026-09-23 08:13:23,848 INFO train epoch 41/200 batch 39/66 (59%) running_loss=0.6460
2026-09-23 08:13:27,389 INFO train epoch 41/200 batch 52/66 (79%) running_loss=0.6332
2026-09-23 08:13:30,927 INFO train epoch 41/200 batch 65/66 (98%) running_loss=0.6359
2026-09-23 08:13:31,149 INFO train epoch 41/200 batch 66/66 (100%) running_loss=0.6363
2026-09-23 08:13:33,645 INFO epoch 41/200 done: train_loss=0.6363 val_loss=0.3933 val_accuracy=0.8402 val_macro_f1=0.7927 val_macro_auc=0.9631 (checkpoint_metric=macro_auc)
2026-09-23 08:13:37,653 INFO train epoch 42/200 batch 13/66 (20%) running_loss=0.6434
2026-09-23 08:13:41,189 INFO train epoch 42/200 batch 26/66 (39%) running_loss=0.6930
2026-09-23 08:13:44,728 INFO train epoch 42/200 batch 39/66 (59%) running_loss=0.6781
2026-09-23 08:13:48,282 INFO train epoch 42/200 batch 52/66 (79%) running_loss=0.6670
2026-09-23 08:13:51,848 INFO train epoch 42/200 batch 65/66 (98%) running_loss=0.6682
2026-09-23 08:13:52,067 INFO train epoch 42/200 batch 66/66 (100%) running_loss=0.6671
2026-09-23 08:13:54,570 INFO epoch 42/200 done: train_loss=0.6671 val_loss=0.4154 val_accuracy=0.8852 val_macro_f1=0.8435 val_macro_auc=0.9680 (checkpoint_metric=macro_auc)
2026-09-23 08:13:58,637 INFO train epoch 43/200 batch 13/66 (20%) running_loss=0.6405
2026-09-23 08:14:02,191 INFO train epoch 43/200 batch 26/66 (39%) running_loss=0.6340
2026-09-23 08:14:05,741 INFO train epoch 43/200 batch 39/66 (59%) running_loss=0.6295
2026-09-23 08:14:09,455 INFO train epoch 43/200 batch 52/66 (79%) running_loss=0.6357
2026-09-23 08:14:12,983 INFO train epoch 43/200 batch 65/66 (98%) running_loss=0.6508
2026-09-23 08:14:13,208 INFO train epoch 43/200 batch 66/66 (100%) running_loss=0.6502
2026-09-23 08:14:15,831 INFO epoch 43/200 done: train_loss=0.6502 val_loss=0.5254 val_accuracy=0.8156 val_macro_f1=0.7699 val_macro_auc=0.9524 (checkpoint_metric=macro_auc) [new best]
2026-09-23 08:14:19,871 INFO train epoch 44/200 batch 13/66 (20%) running_loss=0.6867
2026-09-23 08:14:23,407 INFO train epoch 44/200 batch 26/66 (39%) running_loss=0.6525
2026-09-23 08:14:26,948 INFO train epoch 44/200 batch 39/66 (59%) running_loss=0.6428
2026-09-23 08:14:30,475 INFO train epoch 44/200 batch 52/66 (79%) running_loss=0.6328
2026-09-23 08:14:34,004 INFO train epoch 44/200 batch 65/66 (98%) running_loss=0.6414
2026-09-23 08:14:34,224 INFO train epoch 44/200 batch 66/66 (100%) running_loss=0.6425
2026-09-23 08:14:36,834 INFO epoch 44/200 done: train_loss=0.6425 val_loss=0.4144 val_accuracy=0.8607 val_macro_f1=0.8175 val_macro_auc=0.9687 (checkpoint_metric=macro_auc) [new best]
2026-09-23 08:14:40,904 INFO train epoch 45/200 batch 13/66 (20%) running_loss=0.6510
2026-09-23 08:14:44,432 INFO train epoch 45/200 batch 26/66 (39%) running_loss=0.6393
2026-09-23 08:14:47,969 INFO train epoch 45/200 batch 39/66 (59%) running_loss=0.6484
2026-09-23 08:14:51,515 INFO train epoch 45/200 batch 52/66 (79%) running_loss=0.6537
2026-09-23 08:14:55,206 INFO train epoch 45/200 batch 65/66 (98%) running_loss=0.6503
2026-09-23 08:14:55,428 INFO train epoch 45/200 batch 66/66 (100%) running_loss=0.6505
2026-09-23 08:14:57,930 INFO epoch 45/200 done: train_loss=0.6505 val_loss=0.5402 val_accuracy=0.7848 val_macro_f1=0.7552 val_macro_auc=0.9563 (checkpoint_metric=macro_auc)
2026-09-23 08:15:01,952 INFO train epoch 46/200 batch 13/66 (20%) running_loss=0.6470
2026-09-23 08:15:05,493 INFO train epoch 46/200 batch 26/66 (39%) running_loss=0.6483
2026-09-23 08:15:09,093 INFO train epoch 46/200 batch 39/66 (59%) running_loss=0.6291
2026-09-23 08:15:12,646 INFO train epoch 46/200 batch 52/66 (79%) running_loss=0.6349
2026-09-23 08:15:16,182 INFO train epoch 46/200 batch 65/66 (98%) running_loss=0.6349
2026-09-23 08:15:16,402 INFO train epoch 46/200 batch 66/66 (100%) running_loss=0.6343
2026-09-23 08:15:18,900 INFO epoch 46/200 done: train_loss=0.6343 val_loss=0.6158 val_accuracy=0.7131 val_macro_f1=0.5751 val_macro_auc=0.9077 (checkpoint_metric=macro_auc)
2026-09-23 08:15:22,953 INFO train epoch 47/200 batch 13/66 (20%) running_loss=0.6551
2026-09-23 08:15:26,484 INFO train epoch 47/200 batch 26/66 (39%) running_loss=0.6420
2026-09-23 08:15:30,018 INFO train epoch 47/200 batch 39/66 (59%) running_loss=0.6352
2026-09-23 08:15:33,561 INFO train epoch 47/200 batch 52/66 (79%) running_loss=0.6358
2026-09-23 08:15:37,117 INFO train epoch 47/200 batch 65/66 (98%) running_loss=0.6264
2026-09-23 08:15:37,337 INFO train epoch 47/200 batch 66/66 (100%) running_loss=0.6265
2026-09-23 08:15:39,862 INFO epoch 47/200 done: train_loss=0.6265 val_loss=0.5456 val_accuracy=0.7582 val_macro_f1=0.6497 val_macro_auc=0.9282 (checkpoint_metric=macro_auc)
2026-09-23 08:15:43,896 INFO train epoch 48/200 batch 13/66 (20%) running_loss=0.6606
2026-09-23 08:15:47,445 INFO train epoch 48/200 batch 26/66 (39%) running_loss=0.6267
2026-09-23 08:15:51,003 INFO train epoch 48/200 batch 39/66 (59%) running_loss=0.6357
2026-09-23 08:15:54,551 INFO train epoch 48/200 batch 52/66 (79%) running_loss=0.6287
2026-09-23 08:15:58,083 INFO train epoch 48/200 batch 65/66 (98%) running_loss=0.6289
2026-09-23 08:15:58,316 INFO train epoch 48/200 batch 66/66 (100%) running_loss=0.6281
2026-09-23 08:16:00,829 INFO epoch 48/200 done: train_loss=0.6281 val_loss=0.7418 val_accuracy=0.6721 val_macro_f1=0.5295 val_macro_auc=0.8929 (checkpoint_metric=macro_auc)
2026-09-23 08:16:05,016 INFO train epoch 49/200 batch 13/66 (20%) running_loss=0.6056
2026-09-23 08:16:08,547 INFO train epoch 49/200 batch 26/66 (39%) running_loss=0.5954
2026-09-23 08:16:12,082 INFO train epoch 49/200 batch 39/66 (59%) running_loss=0.6052
2026-09-23 08:16:15,628 INFO train epoch 49/200 batch 52/66 (79%) running_loss=0.6219
2026-09-23 08:16:19,155 INFO train epoch 49/200 batch 65/66 (98%) running_loss=0.6232
2026-09-23 08:16:19,373 INFO train epoch 49/200 batch 66/66 (100%) running_loss=0.6235
2026-09-23 08:16:21,869 INFO epoch 49/200 done: train_loss=0.6235 val_loss=0.4425 val_accuracy=0.8463 val_macro_f1=0.8051 val_macro_auc=0.9635 (checkpoint_metric=macro_auc)
2026-09-23 08:16:25,969 INFO train epoch 50/200 batch 13/66 (20%) running_loss=0.6453
2026-09-23 08:16:29,495 INFO train epoch 50/200 batch 26/66 (39%) running_loss=0.6126
2026-09-23 08:16:33,031 INFO train epoch 50/200 batch 39/66 (59%) running_loss=0.6222
2026-09-23 08:16:36,565 INFO train epoch 50/200 batch 52/66 (79%) running_loss=0.6296
2026-09-23 08:16:40,091 INFO train epoch 50/200 batch 65/66 (98%) running_loss=0.6281
2026-09-23 08:16:40,317 INFO train epoch 50/200 batch 66/66 (100%) running_loss=0.6279
2026-09-23 08:16:42,832 INFO epoch 50/200 done: train_loss=0.6279 val_loss=0.3803 val_accuracy=0.8811 val_macro_f1=0.8434 val_macro_auc=0.9744 (checkpoint_metric=macro_auc)
2026-09-23 08:16:46,855 INFO train epoch 51/200 batch 13/66 (20%) running_loss=0.6311
2026-09-23 08:16:50,390 INFO train epoch 51/200 batch 26/66 (39%) running_loss=0.6433
2026-09-23 08:16:53,916 INFO train epoch 51/200 batch 39/66 (59%) running_loss=0.6351
2026-09-23 08:16:57,445 INFO train epoch 51/200 batch 52/66 (79%) running_loss=0.6302
2026-09-23 08:17:01,129 INFO train epoch 51/200 batch 65/66 (98%) running_loss=0.6264
2026-09-23 08:17:01,348 INFO train epoch 51/200 batch 66/66 (100%) running_loss=0.6285
2026-09-23 08:17:03,970 INFO epoch 51/200 done: train_loss=0.6285 val_loss=0.3790 val_accuracy=0.8709 val_macro_f1=0.8226 val_macro_auc=0.9666 (checkpoint_metric=macro_auc) [new best]
2026-09-23 08:17:08,014 INFO train epoch 52/200 batch 13/66 (20%) running_loss=0.6034
2026-09-23 08:17:11,554 INFO train epoch 52/200 batch 26/66 (39%) running_loss=0.6250
2026-09-23 08:17:15,088 INFO train epoch 52/200 batch 39/66 (59%) running_loss=0.6270
2026-09-23 08:17:18,649 INFO train epoch 52/200 batch 52/66 (79%) running_loss=0.6138
2026-09-23 08:17:22,182 INFO train epoch 52/200 batch 65/66 (98%) running_loss=0.6164
2026-09-23 08:17:22,399 INFO train epoch 52/200 batch 66/66 (100%) running_loss=0.6160
2026-09-23 08:17:25,014 INFO epoch 52/200 done: train_loss=0.6160 val_loss=0.3598 val_accuracy=0.8893 val_macro_f1=0.8239 val_macro_auc=0.9694 (checkpoint_metric=macro_auc) [new best]
2026-09-23 08:17:29,037 INFO train epoch 53/200 batch 13/66 (20%) running_loss=0.6571
2026-09-23 08:17:32,570 INFO train epoch 53/200 batch 26/66 (39%) running_loss=0.6563
2026-09-23 08:17:36,139 INFO train epoch 53/200 batch 39/66 (59%) running_loss=0.6440
2026-09-23 08:17:39,695 INFO train epoch 53/200 batch 52/66 (79%) running_loss=0.6344
2026-09-23 08:17:43,248 INFO train epoch 53/200 batch 65/66 (98%) running_loss=0.6260
2026-09-23 08:17:43,477 INFO train epoch 53/200 batch 66/66 (100%) running_loss=0.6267
2026-09-23 08:17:45,975 INFO epoch 53/200 done: train_loss=0.6267 val_loss=0.4084 val_accuracy=0.8381 val_macro_f1=0.7449 val_macro_auc=0.9607 (checkpoint_metric=macro_auc)
2026-09-23 08:17:49,994 INFO train epoch 54/200 batch 13/66 (20%) running_loss=0.6139
2026-09-23 08:17:53,515 INFO train epoch 54/200 batch 26/66 (39%) running_loss=0.6147
2026-09-23 08:17:57,044 INFO train epoch 54/200 batch 39/66 (59%) running_loss=0.6040
2026-09-23 08:18:00,626 INFO train epoch 54/200 batch 52/66 (79%) running_loss=0.5898
2026-09-23 08:18:04,191 INFO train epoch 54/200 batch 65/66 (98%) running_loss=0.5863
2026-09-23 08:18:04,413 INFO train epoch 54/200 batch 66/66 (100%) running_loss=0.5868
2026-09-23 08:18:06,918 INFO epoch 54/200 done: train_loss=0.5868 val_loss=0.5175 val_accuracy=0.7869 val_macro_f1=0.6611 val_macro_auc=0.9265 (checkpoint_metric=macro_auc)
2026-09-23 08:18:10,926 INFO train epoch 55/200 batch 13/66 (20%) running_loss=0.6294
2026-09-23 08:18:14,623 INFO train epoch 55/200 batch 26/66 (39%) running_loss=0.6233
2026-09-23 08:18:18,166 INFO train epoch 55/200 batch 39/66 (59%) running_loss=0.6151
2026-09-23 08:18:21,698 INFO train epoch 55/200 batch 52/66 (79%) running_loss=0.6111
2026-09-23 08:18:25,222 INFO train epoch 55/200 batch 65/66 (98%) running_loss=0.6127
2026-09-23 08:18:25,444 INFO train epoch 55/200 batch 66/66 (100%) running_loss=0.6138
2026-09-23 08:18:27,956 INFO epoch 55/200 done: train_loss=0.6138 val_loss=0.3611 val_accuracy=0.8832 val_macro_f1=0.8199 val_macro_auc=0.9678 (checkpoint_metric=macro_auc)
2026-09-23 08:18:31,935 INFO train epoch 56/200 batch 13/66 (20%) running_loss=0.5905
2026-09-23 08:18:35,478 INFO train epoch 56/200 batch 26/66 (39%) running_loss=0.5965
2026-09-23 08:18:39,009 INFO train epoch 56/200 batch 39/66 (59%) running_loss=0.5986
2026-09-23 08:18:42,558 INFO train epoch 56/200 batch 52/66 (79%) running_loss=0.6060
2026-09-23 08:18:46,110 INFO train epoch 56/200 batch 65/66 (98%) running_loss=0.6070
2026-09-23 08:18:46,336 INFO train epoch 56/200 batch 66/66 (100%) running_loss=0.6084
2026-09-23 08:18:48,834 INFO epoch 56/200 done: train_loss=0.6084 val_loss=0.3480 val_accuracy=0.8627 val_macro_f1=0.7776 val_macro_auc=0.9708 (checkpoint_metric=macro_auc)
2026-09-23 08:18:52,887 INFO train epoch 57/200 batch 13/66 (20%) running_loss=0.6276
2026-09-23 08:18:56,430 INFO train epoch 57/200 batch 26/66 (39%) running_loss=0.6149
2026-09-23 08:18:59,997 INFO train epoch 57/200 batch 39/66 (59%) running_loss=0.6076
2026-09-23 08:19:03,549 INFO train epoch 57/200 batch 52/66 (79%) running_loss=0.6139
2026-09-23 08:19:07,234 INFO train epoch 57/200 batch 65/66 (98%) running_loss=0.6121
2026-09-23 08:19:07,455 INFO train epoch 57/200 batch 66/66 (100%) running_loss=0.6117
2026-09-23 08:19:09,983 INFO epoch 57/200 done: train_loss=0.6117 val_loss=0.3585 val_accuracy=0.8975 val_macro_f1=0.8492 val_macro_auc=0.9714 (checkpoint_metric=macro_auc)
2026-09-23 08:19:14,012 INFO train epoch 58/200 batch 13/66 (20%) running_loss=0.5988
2026-09-23 08:19:17,583 INFO train epoch 58/200 batch 26/66 (39%) running_loss=0.5850
2026-09-23 08:19:21,124 INFO train epoch 58/200 batch 39/66 (59%) running_loss=0.5868
2026-09-23 08:19:24,684 INFO train epoch 58/200 batch 52/66 (79%) running_loss=0.5873
2026-09-23 08:19:28,216 INFO train epoch 58/200 batch 65/66 (98%) running_loss=0.5869
2026-09-23 08:19:28,437 INFO train epoch 58/200 batch 66/66 (100%) running_loss=0.5880
2026-09-23 08:19:30,944 INFO epoch 58/200 done: train_loss=0.5880 val_loss=0.4449 val_accuracy=0.8299 val_macro_f1=0.7935 val_macro_auc=0.9648 (checkpoint_metric=macro_auc)
2026-09-23 08:19:34,982 INFO train epoch 59/200 batch 13/66 (20%) running_loss=0.5758
2026-09-23 08:19:38,522 INFO train epoch 59/200 batch 26/66 (39%) running_loss=0.5778
2026-09-23 08:19:42,076 INFO train epoch 59/200 batch 39/66 (59%) running_loss=0.5885
2026-09-23 08:19:45,613 INFO train epoch 59/200 batch 52/66 (79%) running_loss=0.5908
2026-09-23 08:19:49,134 INFO train epoch 59/200 batch 65/66 (98%) running_loss=0.5931
2026-09-23 08:19:49,354 INFO train epoch 59/200 batch 66/66 (100%) running_loss=0.5922
2026-09-23 08:19:51,845 INFO epoch 59/200 done: train_loss=0.5922 val_loss=0.3490 val_accuracy=0.8934 val_macro_f1=0.8478 val_macro_auc=0.9727 (checkpoint_metric=macro_auc)
2026-09-23 08:19:55,901 INFO train epoch 60/200 batch 13/66 (20%) running_loss=0.6202
2026-09-23 08:19:59,454 INFO train epoch 60/200 batch 26/66 (39%) running_loss=0.6080
2026-09-23 08:20:02,997 INFO train epoch 60/200 batch 39/66 (59%) running_loss=0.5944
2026-09-23 08:20:06,532 INFO train epoch 60/200 batch 52/66 (79%) running_loss=0.5978
2026-09-23 08:20:10,082 INFO train epoch 60/200 batch 65/66 (98%) running_loss=0.6046
2026-09-23 08:20:10,302 INFO train epoch 60/200 batch 66/66 (100%) running_loss=0.6044
2026-09-23 08:20:12,922 INFO epoch 60/200 done: train_loss=0.6044 val_loss=0.3316 val_accuracy=0.9262 val_macro_f1=0.8846 val_macro_auc=0.9773 (checkpoint_metric=macro_auc) [new best]
2026-09-23 08:20:17,139 INFO train epoch 61/200 batch 13/66 (20%) running_loss=0.5864
2026-09-23 08:20:20,708 INFO train epoch 61/200 batch 26/66 (39%) running_loss=0.5830
2026-09-23 08:20:24,225 INFO train epoch 61/200 batch 39/66 (59%) running_loss=0.5796
2026-09-23 08:20:27,740 INFO train epoch 61/200 batch 52/66 (79%) running_loss=0.5719
2026-09-23 08:20:31,314 INFO train epoch 61/200 batch 65/66 (98%) running_loss=0.5718
2026-09-23 08:20:31,542 INFO train epoch 61/200 batch 66/66 (100%) running_loss=0.5709
2026-09-23 08:20:34,188 INFO epoch 61/200 done: train_loss=0.5709 val_loss=0.3540 val_accuracy=0.8893 val_macro_f1=0.8510 val_macro_auc=0.9756 (checkpoint_metric=macro_auc) [new best]
2026-09-23 08:20:38,238 INFO train epoch 62/200 batch 13/66 (20%) running_loss=0.5428
2026-09-23 08:20:41,781 INFO train epoch 62/200 batch 26/66 (39%) running_loss=0.5584
2026-09-23 08:20:45,317 INFO train epoch 62/200 batch 39/66 (59%) running_loss=0.5584
2026-09-23 08:20:48,866 INFO train epoch 62/200 batch 52/66 (79%) running_loss=0.5633
2026-09-23 08:20:52,407 INFO train epoch 62/200 batch 65/66 (98%) running_loss=0.5650
2026-09-23 08:20:52,631 INFO train epoch 62/200 batch 66/66 (100%) running_loss=0.5644
2026-09-23 08:20:55,243 INFO epoch 62/200 done: train_loss=0.5644 val_loss=0.3491 val_accuracy=0.8750 val_macro_f1=0.8178 val_macro_auc=0.9755 (checkpoint_metric=macro_auc) [new best]
2026-09-23 08:20:59,296 INFO train epoch 63/200 batch 13/66 (20%) running_loss=0.5960
2026-09-23 08:21:02,825 INFO train epoch 63/200 batch 26/66 (39%) running_loss=0.5817
2026-09-23 08:21:06,376 INFO train epoch 63/200 batch 39/66 (59%) running_loss=0.5865
2026-09-23 08:21:09,899 INFO train epoch 63/200 batch 52/66 (79%) running_loss=0.5818
2026-09-23 08:21:13,457 INFO train epoch 63/200 batch 65/66 (98%) running_loss=0.5808
2026-09-23 08:21:13,676 INFO train epoch 63/200 batch 66/66 (100%) running_loss=0.5795
2026-09-23 08:21:16,196 INFO epoch 63/200 done: train_loss=0.5795 val_loss=0.4294 val_accuracy=0.8361 val_macro_f1=0.7588 val_macro_auc=0.9601 (checkpoint_metric=macro_auc)
2026-09-23 08:21:20,217 INFO train epoch 64/200 batch 13/66 (20%) running_loss=0.5472
2026-09-23 08:21:23,838 INFO train epoch 64/200 batch 26/66 (39%) running_loss=0.5413
2026-09-23 08:21:27,432 INFO train epoch 64/200 batch 39/66 (59%) running_loss=0.5476
2026-09-23 08:21:30,970 INFO train epoch 64/200 batch 52/66 (79%) running_loss=0.5552
2026-09-23 08:21:34,505 INFO train epoch 64/200 batch 65/66 (98%) running_loss=0.5539
2026-09-23 08:21:34,726 INFO train epoch 64/200 batch 66/66 (100%) running_loss=0.5534
2026-09-23 08:21:37,234 INFO epoch 64/200 done: train_loss=0.5534 val_loss=0.3357 val_accuracy=0.8914 val_macro_f1=0.8544 val_macro_auc=0.9771 (checkpoint_metric=macro_auc)
2026-09-23 08:21:41,274 INFO train epoch 65/200 batch 13/66 (20%) running_loss=0.5439
2026-09-23 08:21:44,835 INFO train epoch 65/200 batch 26/66 (39%) running_loss=0.5629
2026-09-23 08:21:48,453 INFO train epoch 65/200 batch 39/66 (59%) running_loss=0.5608
2026-09-23 08:21:52,050 INFO train epoch 65/200 batch 52/66 (79%) running_loss=0.5543
2026-09-23 08:21:55,579 INFO train epoch 65/200 batch 65/66 (98%) running_loss=0.5565
2026-09-23 08:21:55,802 INFO train epoch 65/200 batch 66/66 (100%) running_loss=0.5548
2026-09-23 08:21:58,310 INFO epoch 65/200 done: train_loss=0.5548 val_loss=0.3439 val_accuracy=0.9037 val_macro_f1=0.8764 val_macro_auc=0.9875 (checkpoint_metric=macro_auc)
2026-09-23 08:22:02,322 INFO train epoch 66/200 batch 13/66 (20%) running_loss=0.5460
2026-09-23 08:22:05,862 INFO train epoch 66/200 batch 26/66 (39%) running_loss=0.5565
2026-09-23 08:22:09,470 INFO train epoch 66/200 batch 39/66 (59%) running_loss=0.5543
2026-09-23 08:22:13,048 INFO train epoch 66/200 batch 52/66 (79%) running_loss=0.5520
2026-09-23 08:22:16,616 INFO train epoch 66/200 batch 65/66 (98%) running_loss=0.5633
2026-09-23 08:22:16,842 INFO train epoch 66/200 batch 66/66 (100%) running_loss=0.5659
2026-09-23 08:22:19,456 INFO epoch 66/200 done: train_loss=0.5659 val_loss=0.3758 val_accuracy=0.8791 val_macro_f1=0.8339 val_macro_auc=0.9735 (checkpoint_metric=macro_auc) [new best]
2026-09-23 08:22:23,526 INFO train epoch 67/200 batch 13/66 (20%) running_loss=0.5295
2026-09-23 08:22:27,066 INFO train epoch 67/200 batch 26/66 (39%) running_loss=0.5481
2026-09-23 08:22:30,594 INFO train epoch 67/200 batch 39/66 (59%) running_loss=0.5558
2026-09-23 08:22:34,197 INFO train epoch 67/200 batch 52/66 (79%) running_loss=0.5564
2026-09-23 08:22:37,724 INFO train epoch 67/200 batch 65/66 (98%) running_loss=0.5528
2026-09-23 08:22:37,947 INFO train epoch 67/200 batch 66/66 (100%) running_loss=0.5556
2026-09-23 08:22:40,577 INFO epoch 67/200 done: train_loss=0.5556 val_loss=0.3266 val_accuracy=0.9057 val_macro_f1=0.8731 val_macro_auc=0.9863 (checkpoint_metric=macro_auc) [new best]
2026-09-23 08:22:44,644 INFO train epoch 68/200 batch 13/66 (20%) running_loss=0.5557
2026-09-23 08:22:48,185 INFO train epoch 68/200 batch 26/66 (39%) running_loss=0.5544
2026-09-23 08:22:51,754 INFO train epoch 68/200 batch 39/66 (59%) running_loss=0.5313
2026-09-23 08:22:55,307 INFO train epoch 68/200 batch 52/66 (79%) running_loss=0.5352
2026-09-23 08:22:58,855 INFO train epoch 68/200 batch 65/66 (98%) running_loss=0.5318
2026-09-23 08:22:59,076 INFO train epoch 68/200 batch 66/66 (100%) running_loss=0.5307
2026-09-23 08:23:01,592 INFO epoch 68/200 done: train_loss=0.5307 val_loss=0.2595 val_accuracy=0.9303 val_macro_f1=0.8955 val_macro_auc=0.9868 (checkpoint_metric=macro_auc)
2026-09-23 08:23:05,613 INFO train epoch 69/200 batch 13/66 (20%) running_loss=0.5452
2026-09-23 08:23:09,136 INFO train epoch 69/200 batch 26/66 (39%) running_loss=0.5386
2026-09-23 08:23:12,659 INFO train epoch 69/200 batch 39/66 (59%) running_loss=0.5402
2026-09-23 08:23:16,191 INFO train epoch 69/200 batch 52/66 (79%) running_loss=0.5335
2026-09-23 08:23:19,729 INFO train epoch 69/200 batch 65/66 (98%) running_loss=0.5352
2026-09-23 08:23:19,949 INFO train epoch 69/200 batch 66/66 (100%) running_loss=0.5341
2026-09-23 08:23:22,451 INFO epoch 69/200 done: train_loss=0.5341 val_loss=0.5575 val_accuracy=0.7582 val_macro_f1=0.7382 val_macro_auc=0.9651 (checkpoint_metric=macro_auc)
2026-09-23 08:23:26,412 INFO train epoch 70/200 batch 13/66 (20%) running_loss=0.5514
2026-09-23 08:23:30,116 INFO train epoch 70/200 batch 26/66 (39%) running_loss=0.5339
2026-09-23 08:23:33,680 INFO train epoch 70/200 batch 39/66 (59%) running_loss=0.5449
2026-09-23 08:23:37,204 INFO train epoch 70/200 batch 52/66 (79%) running_loss=0.5487
2026-09-23 08:23:40,725 INFO train epoch 70/200 batch 65/66 (98%) running_loss=0.5430
2026-09-23 08:23:40,946 INFO train epoch 70/200 batch 66/66 (100%) running_loss=0.5424
2026-09-23 08:23:43,453 INFO epoch 70/200 done: train_loss=0.5424 val_loss=0.2973 val_accuracy=0.9016 val_macro_f1=0.8702 val_macro_auc=0.9855 (checkpoint_metric=macro_auc)
2026-09-23 08:23:47,438 INFO train epoch 71/200 batch 13/66 (20%) running_loss=0.5691
2026-09-23 08:23:51,002 INFO train epoch 71/200 batch 26/66 (39%) running_loss=0.5562
2026-09-23 08:23:54,550 INFO train epoch 71/200 batch 39/66 (59%) running_loss=0.5739
2026-09-23 08:23:58,090 INFO train epoch 71/200 batch 52/66 (79%) running_loss=0.5672
2026-09-23 08:24:01,632 INFO train epoch 71/200 batch 65/66 (98%) running_loss=0.5599
2026-09-23 08:24:01,854 INFO train epoch 71/200 batch 66/66 (100%) running_loss=0.5609
2026-09-23 08:24:04,361 INFO epoch 71/200 done: train_loss=0.5609 val_loss=0.3403 val_accuracy=0.9016 val_macro_f1=0.8649 val_macro_auc=0.9793 (checkpoint_metric=macro_auc)
2026-09-23 08:24:08,455 INFO train epoch 72/200 batch 13/66 (20%) running_loss=0.5250
2026-09-23 08:24:12,043 INFO train epoch 72/200 batch 26/66 (39%) running_loss=0.5292
2026-09-23 08:24:15,616 INFO train epoch 72/200 batch 39/66 (59%) running_loss=0.5298
2026-09-23 08:24:19,169 INFO train epoch 72/200 batch 52/66 (79%) running_loss=0.5387
2026-09-23 08:24:22,716 INFO train epoch 72/200 batch 65/66 (98%) running_loss=0.5415
2026-09-23 08:24:22,944 INFO train epoch 72/200 batch 66/66 (100%) running_loss=0.5417
2026-09-23 08:24:25,673 INFO epoch 72/200 done: train_loss=0.5417 val_loss=0.2852 val_accuracy=0.9242 val_macro_f1=0.8881 val_macro_auc=0.9883 (checkpoint_metric=macro_auc) [new best]
2026-09-23 08:24:29,725 INFO train epoch 73/200 batch 13/66 (20%) running_loss=0.5032
2026-09-23 08:24:33,258 INFO train epoch 73/200 batch 26/66 (39%) running_loss=0.5203
2026-09-23 08:24:36,822 INFO train epoch 73/200 batch 39/66 (59%) running_loss=0.5203
2026-09-23 08:24:40,352 INFO train epoch 73/200 batch 52/66 (79%) running_loss=0.5193
2026-09-23 08:24:43,906 INFO train epoch 73/200 batch 65/66 (98%) running_loss=0.5329
2026-09-23 08:24:44,128 INFO train epoch 73/200 batch 66/66 (100%) running_loss=0.5352
2026-09-23 08:24:46,643 INFO epoch 73/200 done: train_loss=0.5352 val_loss=0.4856 val_accuracy=0.8463 val_macro_f1=0.8156 val_macro_auc=0.9591 (checkpoint_metric=macro_auc)
2026-09-23 08:24:50,591 INFO train epoch 74/200 batch 13/66 (20%) running_loss=0.5876
2026-09-23 08:24:54,138 INFO train epoch 74/200 batch 26/66 (39%) running_loss=0.5737
2026-09-23 08:24:57,676 INFO train epoch 74/200 batch 39/66 (59%) running_loss=0.5597
2026-09-23 08:25:01,219 INFO train epoch 74/200 batch 52/66 (79%) running_loss=0.5521
2026-09-23 08:25:04,750 INFO train epoch 74/200 batch 65/66 (98%) running_loss=0.5552
2026-09-23 08:25:04,971 INFO train epoch 74/200 batch 66/66 (100%) running_loss=0.5540
2026-09-23 08:25:07,471 INFO epoch 74/200 done: train_loss=0.5540 val_loss=0.3142 val_accuracy=0.9160 val_macro_f1=0.8817 val_macro_auc=0.9814 (checkpoint_metric=macro_auc)
2026-09-23 08:25:11,493 INFO train epoch 75/200 batch 13/66 (20%) running_loss=0.5234
2026-09-23 08:25:15,026 INFO train epoch 75/200 batch 26/66 (39%) running_loss=0.5242
2026-09-23 08:25:18,559 INFO train epoch 75/200 batch 39/66 (59%) running_loss=0.5249
2026-09-23 08:25:22,099 INFO train epoch 75/200 batch 52/66 (79%) running_loss=0.5285
2026-09-23 08:25:25,796 INFO train epoch 75/200 batch 65/66 (98%) running_loss=0.5266
2026-09-23 08:25:26,020 INFO train epoch 75/200 batch 66/66 (100%) running_loss=0.5269
2026-09-23 08:25:28,546 INFO epoch 75/200 done: train_loss=0.5269 val_loss=0.2891 val_accuracy=0.9160 val_macro_f1=0.8847 val_macro_auc=0.9844 (checkpoint_metric=macro_auc)
2026-09-23 08:25:32,576 INFO train epoch 76/200 batch 13/66 (20%) running_loss=0.5484
2026-09-23 08:25:36,135 INFO train epoch 76/200 batch 26/66 (39%) running_loss=0.5398
2026-09-23 08:25:39,712 INFO train epoch 76/200 batch 39/66 (59%) running_loss=0.5318
2026-09-23 08:25:43,298 INFO train epoch 76/200 batch 52/66 (79%) running_loss=0.5287
2026-09-23 08:25:46,861 INFO train epoch 76/200 batch 65/66 (98%) running_loss=0.5312
2026-09-23 08:25:47,084 INFO train epoch 76/200 batch 66/66 (100%) running_loss=0.5308
2026-09-23 08:25:49,583 INFO epoch 76/200 done: train_loss=0.5308 val_loss=0.2827 val_accuracy=0.9426 val_macro_f1=0.9171 val_macro_auc=0.9868 (checkpoint_metric=macro_auc)
2026-09-23 08:25:53,611 INFO train epoch 77/200 batch 13/66 (20%) running_loss=0.5233
2026-09-23 08:25:57,161 INFO train epoch 77/200 batch 26/66 (39%) running_loss=0.5268
2026-09-23 08:26:00,707 INFO train epoch 77/200 batch 39/66 (59%) running_loss=0.5274
2026-09-23 08:26:04,237 INFO train epoch 77/200 batch 52/66 (79%) running_loss=0.5320
2026-09-23 08:26:07,771 INFO train epoch 77/200 batch 65/66 (98%) running_loss=0.5326
2026-09-23 08:26:07,993 INFO train epoch 77/200 batch 66/66 (100%) running_loss=0.5315
2026-09-23 08:26:10,642 INFO epoch 77/200 done: train_loss=0.5315 val_loss=0.2527 val_accuracy=0.9324 val_macro_f1=0.9032 val_macro_auc=0.9875 (checkpoint_metric=macro_auc) [new best]
2026-09-23 08:26:14,681 INFO train epoch 78/200 batch 13/66 (20%) running_loss=0.5080
2026-09-23 08:26:18,226 INFO train epoch 78/200 batch 26/66 (39%) running_loss=0.5086
2026-09-23 08:26:21,916 INFO train epoch 78/200 batch 39/66 (59%) running_loss=0.5073
2026-09-23 08:26:25,454 INFO train epoch 78/200 batch 52/66 (79%) running_loss=0.5157
2026-09-23 08:26:28,994 INFO train epoch 78/200 batch 65/66 (98%) running_loss=0.5264
2026-09-23 08:26:29,214 INFO train epoch 78/200 batch 66/66 (100%) running_loss=0.5276
2026-09-23 08:26:31,726 INFO epoch 78/200 done: train_loss=0.5276 val_loss=0.3116 val_accuracy=0.9078 val_macro_f1=0.8586 val_macro_auc=0.9791 (checkpoint_metric=macro_auc)
2026-09-23 08:26:35,740 INFO train epoch 79/200 batch 13/66 (20%) running_loss=0.5010
2026-09-23 08:26:39,283 INFO train epoch 79/200 batch 26/66 (39%) running_loss=0.5140
2026-09-23 08:26:42,827 INFO train epoch 79/200 batch 39/66 (59%) running_loss=0.5340
2026-09-23 08:26:46,353 INFO train epoch 79/200 batch 52/66 (79%) running_loss=0.5369
2026-09-23 08:26:49,873 INFO train epoch 79/200 batch 65/66 (98%) running_loss=0.5345
2026-09-23 08:26:50,092 INFO train epoch 79/200 batch 66/66 (100%) running_loss=0.5333
2026-09-23 08:26:52,579 INFO epoch 79/200 done: train_loss=0.5333 val_loss=0.2643 val_accuracy=0.9365 val_macro_f1=0.9092 val_macro_auc=0.9859 (checkpoint_metric=macro_auc)
2026-09-23 08:26:56,594 INFO train epoch 80/200 batch 13/66 (20%) running_loss=0.4994
2026-09-23 08:27:00,138 INFO train epoch 80/200 batch 26/66 (39%) running_loss=0.5037
2026-09-23 08:27:03,676 INFO train epoch 80/200 batch 39/66 (59%) running_loss=0.4894
2026-09-23 08:27:07,225 INFO train epoch 80/200 batch 52/66 (79%) running_loss=0.4896
2026-09-23 08:27:10,756 INFO train epoch 80/200 batch 65/66 (98%) running_loss=0.4986
2026-09-23 08:27:10,975 INFO train epoch 80/200 batch 66/66 (100%) running_loss=0.4994
2026-09-23 08:27:13,482 INFO epoch 80/200 done: train_loss=0.4994 val_loss=0.3189 val_accuracy=0.9057 val_macro_f1=0.8692 val_macro_auc=0.9805 (checkpoint_metric=macro_auc)
2026-09-23 08:27:17,585 INFO train epoch 81/200 batch 13/66 (20%) running_loss=0.4869
2026-09-23 08:27:21,134 INFO train epoch 81/200 batch 26/66 (39%) running_loss=0.5114
2026-09-23 08:27:24,676 INFO train epoch 81/200 batch 39/66 (59%) running_loss=0.5093
2026-09-23 08:27:28,237 INFO train epoch 81/200 batch 52/66 (79%) running_loss=0.5120
2026-09-23 08:27:31,785 INFO train epoch 81/200 batch 65/66 (98%) running_loss=0.5135
2026-09-23 08:27:32,007 INFO train epoch 81/200 batch 66/66 (100%) running_loss=0.5128
2026-09-23 08:27:34,534 INFO epoch 81/200 done: train_loss=0.5128 val_loss=0.4000 val_accuracy=0.8545 val_macro_f1=0.7945 val_macro_auc=0.9707 (checkpoint_metric=macro_auc)
2026-09-23 08:27:38,599 INFO train epoch 82/200 batch 13/66 (20%) running_loss=0.5391
2026-09-23 08:27:42,148 INFO train epoch 82/200 batch 26/66 (39%) running_loss=0.5042
2026-09-23 08:27:45,686 INFO train epoch 82/200 batch 39/66 (59%) running_loss=0.5079
2026-09-23 08:27:49,229 INFO train epoch 82/200 batch 52/66 (79%) running_loss=0.5053
2026-09-23 08:27:52,776 INFO train epoch 82/200 batch 65/66 (98%) running_loss=0.5015
2026-09-23 08:27:52,997 INFO train epoch 82/200 batch 66/66 (100%) running_loss=0.5019
2026-09-23 08:27:55,497 INFO epoch 82/200 done: train_loss=0.5019 val_loss=0.2446 val_accuracy=0.9447 val_macro_f1=0.9164 val_macro_auc=0.9896 (checkpoint_metric=macro_auc)
2026-09-23 08:27:59,489 INFO train epoch 83/200 batch 13/66 (20%) running_loss=0.4991
2026-09-23 08:28:03,027 INFO train epoch 83/200 batch 26/66 (39%) running_loss=0.5032
2026-09-23 08:28:06,579 INFO train epoch 83/200 batch 39/66 (59%) running_loss=0.5022
2026-09-23 08:28:10,127 INFO train epoch 83/200 batch 52/66 (79%) running_loss=0.5102
2026-09-23 08:28:13,674 INFO train epoch 83/200 batch 65/66 (98%) running_loss=0.5098
2026-09-23 08:28:13,897 INFO train epoch 83/200 batch 66/66 (100%) running_loss=0.5092
2026-09-23 08:28:16,418 INFO epoch 83/200 done: train_loss=0.5092 val_loss=0.2828 val_accuracy=0.9160 val_macro_f1=0.8752 val_macro_auc=0.9802 (checkpoint_metric=macro_auc)
2026-09-23 08:28:20,445 INFO train epoch 84/200 batch 13/66 (20%) running_loss=0.5162
2026-09-23 08:28:23,995 INFO train epoch 84/200 batch 26/66 (39%) running_loss=0.5032
2026-09-23 08:28:27,744 INFO train epoch 84/200 batch 39/66 (59%) running_loss=0.5004
2026-09-23 08:28:31,328 INFO train epoch 84/200 batch 52/66 (79%) running_loss=0.5036
2026-09-23 08:28:34,860 INFO train epoch 84/200 batch 65/66 (98%) running_loss=0.4999
2026-09-23 08:28:35,083 INFO train epoch 84/200 batch 66/66 (100%) running_loss=0.4996
2026-09-23 08:28:37,601 INFO epoch 84/200 done: train_loss=0.4996 val_loss=0.2291 val_accuracy=0.9447 val_macro_f1=0.9163 val_macro_auc=0.9880 (checkpoint_metric=macro_auc)
2026-09-23 08:28:41,625 INFO train epoch 85/200 batch 13/66 (20%) running_loss=0.4777
2026-09-23 08:28:45,175 INFO train epoch 85/200 batch 26/66 (39%) running_loss=0.4780
2026-09-23 08:28:48,717 INFO train epoch 85/200 batch 39/66 (59%) running_loss=0.4895
2026-09-23 08:28:52,255 INFO train epoch 85/200 batch 52/66 (79%) running_loss=0.4984
2026-09-23 08:28:55,783 INFO train epoch 85/200 batch 65/66 (98%) running_loss=0.5041
2026-09-23 08:28:56,008 INFO train epoch 85/200 batch 66/66 (100%) running_loss=0.5044
2026-09-23 08:28:58,508 INFO epoch 85/200 done: train_loss=0.5044 val_loss=0.2657 val_accuracy=0.9447 val_macro_f1=0.9214 val_macro_auc=0.9891 (checkpoint_metric=macro_auc)
2026-09-23 08:29:02,573 INFO train epoch 86/200 batch 13/66 (20%) running_loss=0.5307
2026-09-23 08:29:06,136 INFO train epoch 86/200 batch 26/66 (39%) running_loss=0.5143
2026-09-23 08:29:09,675 INFO train epoch 86/200 batch 39/66 (59%) running_loss=0.5069
2026-09-23 08:29:13,206 INFO train epoch 86/200 batch 52/66 (79%) running_loss=0.5042
2026-09-23 08:29:16,774 INFO train epoch 86/200 batch 65/66 (98%) running_loss=0.5040
2026-09-23 08:29:17,001 INFO train epoch 86/200 batch 66/66 (100%) running_loss=0.5043
2026-09-23 08:29:19,506 INFO epoch 86/200 done: train_loss=0.5043 val_loss=0.3158 val_accuracy=0.9016 val_macro_f1=0.8505 val_macro_auc=0.9765 (checkpoint_metric=macro_auc)
2026-09-23 08:29:23,634 INFO train epoch 87/200 batch 13/66 (20%) running_loss=0.5361
2026-09-23 08:29:27,202 INFO train epoch 87/200 batch 26/66 (39%) running_loss=0.5332
2026-09-23 08:29:30,763 INFO train epoch 87/200 batch 39/66 (59%) running_loss=0.5249
2026-09-23 08:29:34,337 INFO train epoch 87/200 batch 52/66 (79%) running_loss=0.5232
2026-09-23 08:29:37,907 INFO train epoch 87/200 batch 65/66 (98%) running_loss=0.5251
2026-09-23 08:29:38,129 INFO train epoch 87/200 batch 66/66 (100%) running_loss=0.5243
2026-09-23 08:29:40,640 INFO epoch 87/200 done: train_loss=0.5243 val_loss=0.2881 val_accuracy=0.9344 val_macro_f1=0.9071 val_macro_auc=0.9878 (checkpoint_metric=macro_auc)
2026-09-23 08:29:44,695 INFO train epoch 88/200 batch 13/66 (20%) running_loss=0.4956
2026-09-23 08:29:48,226 INFO train epoch 88/200 batch 26/66 (39%) running_loss=0.5140
2026-09-23 08:29:51,754 INFO train epoch 88/200 batch 39/66 (59%) running_loss=0.5069
2026-09-23 08:29:55,294 INFO train epoch 88/200 batch 52/66 (79%) running_loss=0.5003
2026-09-23 08:29:58,833 INFO train epoch 88/200 batch 65/66 (98%) running_loss=0.4948
2026-09-23 08:29:59,054 INFO train epoch 88/200 batch 66/66 (100%) running_loss=0.4948
2026-09-23 08:30:01,546 INFO epoch 88/200 done: train_loss=0.4948 val_loss=0.2848 val_accuracy=0.9180 val_macro_f1=0.8842 val_macro_auc=0.9825 (checkpoint_metric=macro_auc)
2026-09-23 08:30:05,574 INFO train epoch 89/200 batch 13/66 (20%) running_loss=0.4998
2026-09-23 08:30:09,122 INFO train epoch 89/200 batch 26/66 (39%) running_loss=0.4943
2026-09-23 08:30:12,661 INFO train epoch 89/200 batch 39/66 (59%) running_loss=0.4975
2026-09-23 08:30:16,198 INFO train epoch 89/200 batch 52/66 (79%) running_loss=0.4943
2026-09-23 08:30:19,729 INFO train epoch 89/200 batch 65/66 (98%) running_loss=0.4927
2026-09-23 08:30:19,956 INFO train epoch 89/200 batch 66/66 (100%) running_loss=0.4923
2026-09-23 08:30:22,461 INFO epoch 89/200 done: train_loss=0.4923 val_loss=0.3218 val_accuracy=0.9119 val_macro_f1=0.8851 val_macro_auc=0.9871 (checkpoint_metric=macro_auc)
2026-09-23 08:30:26,523 INFO train epoch 90/200 batch 13/66 (20%) running_loss=0.5159
2026-09-23 08:30:30,064 INFO train epoch 90/200 batch 26/66 (39%) running_loss=0.5033
2026-09-23 08:30:33,773 INFO train epoch 90/200 batch 39/66 (59%) running_loss=0.5077
2026-09-23 08:30:37,317 INFO train epoch 90/200 batch 52/66 (79%) running_loss=0.5068
2026-09-23 08:30:40,855 INFO train epoch 90/200 batch 65/66 (98%) running_loss=0.5093
2026-09-23 08:30:41,078 INFO train epoch 90/200 batch 66/66 (100%) running_loss=0.5085
2026-09-23 08:30:43,607 INFO epoch 90/200 done: train_loss=0.5085 val_loss=0.2632 val_accuracy=0.9283 val_macro_f1=0.8966 val_macro_auc=0.9864 (checkpoint_metric=macro_auc)
2026-09-23 08:30:47,634 INFO train epoch 91/200 batch 13/66 (20%) running_loss=0.4905
2026-09-23 08:30:51,180 INFO train epoch 91/200 batch 26/66 (39%) running_loss=0.4919
2026-09-23 08:30:54,727 INFO train epoch 91/200 batch 39/66 (59%) running_loss=0.4957
2026-09-23 08:30:58,264 INFO train epoch 91/200 batch 52/66 (79%) running_loss=0.4867
2026-09-23 08:31:01,837 INFO train epoch 91/200 batch 65/66 (98%) running_loss=0.4830
2026-09-23 08:31:02,061 INFO train epoch 91/200 batch 66/66 (100%) running_loss=0.4833
2026-09-23 08:31:04,658 INFO epoch 91/200 done: train_loss=0.4833 val_loss=0.2564 val_accuracy=0.9262 val_macro_f1=0.8955 val_macro_auc=0.9880 (checkpoint_metric=macro_auc) [new best]
2026-09-23 08:31:08,704 INFO train epoch 92/200 batch 13/66 (20%) running_loss=0.4594
2026-09-23 08:31:12,250 INFO train epoch 92/200 batch 26/66 (39%) running_loss=0.4605
2026-09-23 08:31:15,817 INFO train epoch 92/200 batch 39/66 (59%) running_loss=0.4618
2026-09-23 08:31:19,382 INFO train epoch 92/200 batch 52/66 (79%) running_loss=0.4620
2026-09-23 08:31:22,933 INFO train epoch 92/200 batch 65/66 (98%) running_loss=0.4614
2026-09-23 08:31:23,154 INFO train epoch 92/200 batch 66/66 (100%) running_loss=0.4616
2026-09-23 08:31:25,766 INFO epoch 92/200 done: train_loss=0.4616 val_loss=0.2448 val_accuracy=0.9426 val_macro_f1=0.9150 val_macro_auc=0.9872 (checkpoint_metric=macro_auc) [new best]
2026-09-23 08:31:29,786 INFO train epoch 93/200 batch 13/66 (20%) running_loss=0.4714
2026-09-23 08:31:33,417 INFO train epoch 93/200 batch 26/66 (39%) running_loss=0.4868
2026-09-23 08:31:36,968 INFO train epoch 93/200 batch 39/66 (59%) running_loss=0.4771
2026-09-23 08:31:40,513 INFO train epoch 93/200 batch 52/66 (79%) running_loss=0.4849
2026-09-23 08:31:44,050 INFO train epoch 93/200 batch 65/66 (98%) running_loss=0.4840
2026-09-23 08:31:44,269 INFO train epoch 93/200 batch 66/66 (100%) running_loss=0.4867
2026-09-23 08:31:46,772 INFO epoch 93/200 done: train_loss=0.4867 val_loss=0.3031 val_accuracy=0.9242 val_macro_f1=0.8936 val_macro_auc=0.9859 (checkpoint_metric=macro_auc)
2026-09-23 08:31:50,851 INFO train epoch 94/200 batch 13/66 (20%) running_loss=0.4743
2026-09-23 08:31:54,408 INFO train epoch 94/200 batch 26/66 (39%) running_loss=0.4806
2026-09-23 08:31:57,978 INFO train epoch 94/200 batch 39/66 (59%) running_loss=0.4887
2026-09-23 08:32:01,521 INFO train epoch 94/200 batch 52/66 (79%) running_loss=0.4866
2026-09-23 08:32:05,089 INFO train epoch 94/200 batch 65/66 (98%) running_loss=0.4865
2026-09-23 08:32:05,317 INFO train epoch 94/200 batch 66/66 (100%) running_loss=0.4857
2026-09-23 08:32:07,832 INFO epoch 94/200 done: train_loss=0.4857 val_loss=0.2867 val_accuracy=0.9262 val_macro_f1=0.8935 val_macro_auc=0.9838 (checkpoint_metric=macro_auc)
2026-09-23 08:32:11,915 INFO train epoch 95/200 batch 13/66 (20%) running_loss=0.4798
2026-09-23 08:32:15,477 INFO train epoch 95/200 batch 26/66 (39%) running_loss=0.4713
2026-09-23 08:32:19,025 INFO train epoch 95/200 batch 39/66 (59%) running_loss=0.4796
2026-09-23 08:32:22,575 INFO train epoch 95/200 batch 52/66 (79%) running_loss=0.4819
2026-09-23 08:32:26,140 INFO train epoch 95/200 batch 65/66 (98%) running_loss=0.4800
2026-09-23 08:32:26,363 INFO train epoch 95/200 batch 66/66 (100%) running_loss=0.4804
2026-09-23 08:32:28,856 INFO epoch 95/200 done: train_loss=0.4804 val_loss=0.2750 val_accuracy=0.9242 val_macro_f1=0.9000 val_macro_auc=0.9865 (checkpoint_metric=macro_auc)
2026-09-23 08:32:32,904 INFO train epoch 96/200 batch 13/66 (20%) running_loss=0.4861
2026-09-23 08:32:36,457 INFO train epoch 96/200 batch 26/66 (39%) running_loss=0.4789
2026-09-23 08:32:40,188 INFO train epoch 96/200 batch 39/66 (59%) running_loss=0.4867
2026-09-23 08:32:43,731 INFO train epoch 96/200 batch 52/66 (79%) running_loss=0.4913
2026-09-23 08:32:47,273 INFO train epoch 96/200 batch 65/66 (98%) running_loss=0.4938
2026-09-23 08:32:47,496 INFO train epoch 96/200 batch 66/66 (100%) running_loss=0.4949
2026-09-23 08:32:50,010 INFO epoch 96/200 done: train_loss=0.4949 val_loss=0.2436 val_accuracy=0.9406 val_macro_f1=0.9134 val_macro_auc=0.9898 (checkpoint_metric=macro_auc)
2026-09-23 08:32:54,123 INFO train epoch 97/200 batch 13/66 (20%) running_loss=0.4511
2026-09-23 08:32:57,668 INFO train epoch 97/200 batch 26/66 (39%) running_loss=0.4784
2026-09-23 08:33:01,219 INFO train epoch 97/200 batch 39/66 (59%) running_loss=0.4790
2026-09-23 08:33:04,759 INFO train epoch 97/200 batch 52/66 (79%) running_loss=0.4804
2026-09-23 08:33:08,282 INFO train epoch 97/200 batch 65/66 (98%) running_loss=0.4793
2026-09-23 08:33:08,501 INFO train epoch 97/200 batch 66/66 (100%) running_loss=0.4801
2026-09-23 08:33:10,995 INFO epoch 97/200 done: train_loss=0.4801 val_loss=0.2588 val_accuracy=0.9201 val_macro_f1=0.8857 val_macro_auc=0.9838 (checkpoint_metric=macro_auc)
2026-09-23 08:33:15,075 INFO train epoch 98/200 batch 13/66 (20%) running_loss=0.4749
2026-09-23 08:33:18,637 INFO train epoch 98/200 batch 26/66 (39%) running_loss=0.4610
2026-09-23 08:33:22,210 INFO train epoch 98/200 batch 39/66 (59%) running_loss=0.4648
2026-09-23 08:33:25,768 INFO train epoch 98/200 batch 52/66 (79%) running_loss=0.4682
2026-09-23 08:33:29,313 INFO train epoch 98/200 batch 65/66 (98%) running_loss=0.4713
2026-09-23 08:33:29,534 INFO train epoch 98/200 batch 66/66 (100%) running_loss=0.4707
2026-09-23 08:33:32,056 INFO epoch 98/200 done: train_loss=0.4707 val_loss=0.2556 val_accuracy=0.9303 val_macro_f1=0.8958 val_macro_auc=0.9851 (checkpoint_metric=macro_auc)
2026-09-23 08:33:36,192 INFO train epoch 99/200 batch 13/66 (20%) running_loss=0.5384
2026-09-23 08:33:39,726 INFO train epoch 99/200 batch 26/66 (39%) running_loss=0.5374
2026-09-23 08:33:43,281 INFO train epoch 99/200 batch 39/66 (59%) running_loss=0.5113
2026-09-23 08:33:46,840 INFO train epoch 99/200 batch 52/66 (79%) running_loss=0.5087
2026-09-23 08:33:50,396 INFO train epoch 99/200 batch 65/66 (98%) running_loss=0.5066
2026-09-23 08:33:50,619 INFO train epoch 99/200 batch 66/66 (100%) running_loss=0.5060
2026-09-23 08:33:53,143 INFO epoch 99/200 done: train_loss=0.5060 val_loss=0.2700 val_accuracy=0.9426 val_macro_f1=0.9183 val_macro_auc=0.9879 (checkpoint_metric=macro_auc)
2026-09-23 08:33:57,181 INFO train epoch 100/200 batch 13/66 (20%) running_loss=0.4945
2026-09-23 08:34:00,739 INFO train epoch 100/200 batch 26/66 (39%) running_loss=0.4998
2026-09-23 08:34:04,277 INFO train epoch 100/200 batch 39/66 (59%) running_loss=0.4889
2026-09-23 08:34:07,841 INFO train epoch 100/200 batch 52/66 (79%) running_loss=0.4785
2026-09-23 08:34:11,390 INFO train epoch 100/200 batch 65/66 (98%) running_loss=0.4750
2026-09-23 08:34:11,612 INFO train epoch 100/200 batch 66/66 (100%) running_loss=0.4754
2026-09-23 08:34:14,238 INFO epoch 100/200 done: train_loss=0.4754 val_loss=0.2291 val_accuracy=0.9406 val_macro_f1=0.9124 val_macro_auc=0.9902 (checkpoint_metric=macro_auc) [new best]
2026-09-23 08:34:18,287 INFO train epoch 101/200 batch 13/66 (20%) running_loss=0.4601
2026-09-23 08:34:21,823 INFO train epoch 101/200 batch 26/66 (39%) running_loss=0.4608
2026-09-23 08:34:25,364 INFO train epoch 101/200 batch 39/66 (59%) running_loss=0.4657
2026-09-23 08:34:28,915 INFO train epoch 101/200 batch 52/66 (79%) running_loss=0.4678
2026-09-23 08:34:32,606 INFO train epoch 101/200 batch 65/66 (98%) running_loss=0.4638
2026-09-23 08:34:32,826 INFO train epoch 101/200 batch 66/66 (100%) running_loss=0.4649
2026-09-23 08:34:35,433 INFO epoch 101/200 done: train_loss=0.4649 val_loss=0.2338 val_accuracy=0.9426 val_macro_f1=0.9148 val_macro_auc=0.9903 (checkpoint_metric=macro_auc) [new best]
2026-09-23 08:34:39,421 INFO train epoch 102/200 batch 13/66 (20%) running_loss=0.4502
2026-09-23 08:34:42,947 INFO train epoch 102/200 batch 26/66 (39%) running_loss=0.4457
2026-09-23 08:34:46,484 INFO train epoch 102/200 batch 39/66 (59%) running_loss=0.4519
2026-09-23 08:34:50,048 INFO train epoch 102/200 batch 52/66 (79%) running_loss=0.4534
2026-09-23 08:34:53,614 INFO train epoch 102/200 batch 65/66 (98%) running_loss=0.4549
2026-09-23 08:34:53,836 INFO train epoch 102/200 batch 66/66 (100%) running_loss=0.4554
2026-09-23 08:34:56,332 INFO epoch 102/200 done: train_loss=0.4554 val_loss=0.2932 val_accuracy=0.9078 val_macro_f1=0.8682 val_macro_auc=0.9790 (checkpoint_metric=macro_auc)
2026-09-23 08:35:00,389 INFO train epoch 103/200 batch 13/66 (20%) running_loss=0.4979
2026-09-23 08:35:03,955 INFO train epoch 103/200 batch 26/66 (39%) running_loss=0.4620
2026-09-23 08:35:07,503 INFO train epoch 103/200 batch 39/66 (59%) running_loss=0.4633
2026-09-23 08:35:11,065 INFO train epoch 103/200 batch 52/66 (79%) running_loss=0.4654
2026-09-23 08:35:14,602 INFO train epoch 103/200 batch 65/66 (98%) running_loss=0.4701
2026-09-23 08:35:14,824 INFO train epoch 103/200 batch 66/66 (100%) running_loss=0.4693
2026-09-23 08:35:17,339 INFO epoch 103/200 done: train_loss=0.4693 val_loss=0.2268 val_accuracy=0.9631 val_macro_f1=0.9456 val_macro_auc=0.9930 (checkpoint_metric=macro_auc)
2026-09-23 08:35:21,388 INFO train epoch 104/200 batch 13/66 (20%) running_loss=0.5135
2026-09-23 08:35:24,927 INFO train epoch 104/200 batch 26/66 (39%) running_loss=0.4992
2026-09-23 08:35:28,505 INFO train epoch 104/200 batch 39/66 (59%) running_loss=0.4847
2026-09-23 08:35:32,034 INFO train epoch 104/200 batch 52/66 (79%) running_loss=0.4870
2026-09-23 08:35:35,566 INFO train epoch 104/200 batch 65/66 (98%) running_loss=0.4843
2026-09-23 08:35:35,786 INFO train epoch 104/200 batch 66/66 (100%) running_loss=0.4836
2026-09-23 08:35:38,277 INFO epoch 104/200 done: train_loss=0.4836 val_loss=0.3086 val_accuracy=0.9139 val_macro_f1=0.8817 val_macro_auc=0.9840 (checkpoint_metric=macro_auc)
2026-09-23 08:35:42,457 INFO train epoch 105/200 batch 13/66 (20%) running_loss=0.4583
2026-09-23 08:35:46,020 INFO train epoch 105/200 batch 26/66 (39%) running_loss=0.4438
2026-09-23 08:35:49,606 INFO train epoch 105/200 batch 39/66 (59%) running_loss=0.4441
2026-09-23 08:35:53,204 INFO train epoch 105/200 batch 52/66 (79%) running_loss=0.4469
2026-09-23 08:35:56,745 INFO train epoch 105/200 batch 65/66 (98%) running_loss=0.4559
2026-09-23 08:35:56,970 INFO train epoch 105/200 batch 66/66 (100%) running_loss=0.4551
2026-09-23 08:35:59,477 INFO epoch 105/200 done: train_loss=0.4551 val_loss=0.2807 val_accuracy=0.9180 val_macro_f1=0.8790 val_macro_auc=0.9820 (checkpoint_metric=macro_auc)
2026-09-23 08:36:03,531 INFO train epoch 106/200 batch 13/66 (20%) running_loss=0.5026
2026-09-23 08:36:07,074 INFO train epoch 106/200 batch 26/66 (39%) running_loss=0.4833
2026-09-23 08:36:10,622 INFO train epoch 106/200 batch 39/66 (59%) running_loss=0.4692
2026-09-23 08:36:14,198 INFO train epoch 106/200 batch 52/66 (79%) running_loss=0.4774
2026-09-23 08:36:17,751 INFO train epoch 106/200 batch 65/66 (98%) running_loss=0.4796
2026-09-23 08:36:17,971 INFO train epoch 106/200 batch 66/66 (100%) running_loss=0.4812
2026-09-23 08:36:20,474 INFO epoch 106/200 done: train_loss=0.4812 val_loss=0.2636 val_accuracy=0.9365 val_macro_f1=0.9085 val_macro_auc=0.9832 (checkpoint_metric=macro_auc)
2026-09-23 08:36:24,508 INFO train epoch 107/200 batch 13/66 (20%) running_loss=0.4950
2026-09-23 08:36:28,051 INFO train epoch 107/200 batch 26/66 (39%) running_loss=0.4897
2026-09-23 08:36:31,587 INFO train epoch 107/200 batch 39/66 (59%) running_loss=0.4751
2026-09-23 08:36:35,164 INFO train epoch 107/200 batch 52/66 (79%) running_loss=0.4662
2026-09-23 08:36:38,860 INFO train epoch 107/200 batch 65/66 (98%) running_loss=0.4600
2026-09-23 08:36:39,080 INFO train epoch 107/200 batch 66/66 (100%) running_loss=0.4593
2026-09-23 08:36:41,587 INFO epoch 107/200 done: train_loss=0.4593 val_loss=0.2435 val_accuracy=0.9385 val_macro_f1=0.9149 val_macro_auc=0.9889 (checkpoint_metric=macro_auc)
2026-09-23 08:36:45,640 INFO train epoch 108/200 batch 13/66 (20%) running_loss=0.4401
2026-09-23 08:36:49,187 INFO train epoch 108/200 batch 26/66 (39%) running_loss=0.4493
2026-09-23 08:36:52,733 INFO train epoch 108/200 batch 39/66 (59%) running_loss=0.4580
2026-09-23 08:36:56,273 INFO train epoch 108/200 batch 52/66 (79%) running_loss=0.4491
2026-09-23 08:36:59,809 INFO train epoch 108/200 batch 65/66 (98%) running_loss=0.4530
2026-09-23 08:37:00,030 INFO train epoch 108/200 batch 66/66 (100%) running_loss=0.4530
2026-09-23 08:37:02,540 INFO epoch 108/200 done: train_loss=0.4530 val_loss=0.2058 val_accuracy=0.9631 val_macro_f1=0.9468 val_macro_auc=0.9910 (checkpoint_metric=macro_auc)
2026-09-23 08:37:06,558 INFO train epoch 109/200 batch 13/66 (20%) running_loss=0.4295
2026-09-23 08:37:10,089 INFO train epoch 109/200 batch 26/66 (39%) running_loss=0.4498
2026-09-23 08:37:13,634 INFO train epoch 109/200 batch 39/66 (59%) running_loss=0.4471
2026-09-23 08:37:17,168 INFO train epoch 109/200 batch 52/66 (79%) running_loss=0.4488
2026-09-23 08:37:20,691 INFO train epoch 109/200 batch 65/66 (98%) running_loss=0.4525
2026-09-23 08:37:20,910 INFO train epoch 109/200 batch 66/66 (100%) running_loss=0.4525
2026-09-23 08:37:23,417 INFO epoch 109/200 done: train_loss=0.4525 val_loss=0.2716 val_accuracy=0.9365 val_macro_f1=0.9044 val_macro_auc=0.9842 (checkpoint_metric=macro_auc)
2026-09-23 08:37:27,422 INFO train epoch 110/200 batch 13/66 (20%) running_loss=0.4582
2026-09-23 08:37:30,961 INFO train epoch 110/200 batch 26/66 (39%) running_loss=0.4625
2026-09-23 08:37:34,505 INFO train epoch 110/200 batch 39/66 (59%) running_loss=0.4573
2026-09-23 08:37:38,031 INFO train epoch 110/200 batch 52/66 (79%) running_loss=0.4542
2026-09-23 08:37:41,557 INFO train epoch 110/200 batch 65/66 (98%) running_loss=0.4529
2026-09-23 08:37:41,777 INFO train epoch 110/200 batch 66/66 (100%) running_loss=0.4523
2026-09-23 08:37:44,294 INFO epoch 110/200 done: train_loss=0.4523 val_loss=0.2575 val_accuracy=0.9303 val_macro_f1=0.9021 val_macro_auc=0.9859 (checkpoint_metric=macro_auc)
2026-09-23 08:37:48,493 INFO train epoch 111/200 batch 13/66 (20%) running_loss=0.4291
2026-09-23 08:37:52,022 INFO train epoch 111/200 batch 26/66 (39%) running_loss=0.4395
2026-09-23 08:37:55,565 INFO train epoch 111/200 batch 39/66 (59%) running_loss=0.4410
2026-09-23 08:37:59,124 INFO train epoch 111/200 batch 52/66 (79%) running_loss=0.4470
2026-09-23 08:38:02,667 INFO train epoch 111/200 batch 65/66 (98%) running_loss=0.4418
2026-09-23 08:38:02,889 INFO train epoch 111/200 batch 66/66 (100%) running_loss=0.4418
2026-09-23 08:38:05,391 INFO epoch 111/200 done: train_loss=0.4418 val_loss=0.2428 val_accuracy=0.9365 val_macro_f1=0.9147 val_macro_auc=0.9893 (checkpoint_metric=macro_auc)
2026-09-23 08:38:09,455 INFO train epoch 112/200 batch 13/66 (20%) running_loss=0.4732
2026-09-23 08:38:13,012 INFO train epoch 112/200 batch 26/66 (39%) running_loss=0.4676
2026-09-23 08:38:16,570 INFO train epoch 112/200 batch 39/66 (59%) running_loss=0.4656
2026-09-23 08:38:20,119 INFO train epoch 112/200 batch 52/66 (79%) running_loss=0.4533
2026-09-23 08:38:23,662 INFO train epoch 112/200 batch 65/66 (98%) running_loss=0.4471
2026-09-23 08:38:23,884 INFO train epoch 112/200 batch 66/66 (100%) running_loss=0.4467
2026-09-23 08:38:26,402 INFO epoch 112/200 done: train_loss=0.4467 val_loss=0.2008 val_accuracy=0.9590 val_macro_f1=0.9374 val_macro_auc=0.9915 (checkpoint_metric=macro_auc)
2026-09-23 08:38:30,426 INFO train epoch 113/200 batch 13/66 (20%) running_loss=0.4309
2026-09-23 08:38:33,971 INFO train epoch 113/200 batch 26/66 (39%) running_loss=0.4456
2026-09-23 08:38:37,523 INFO train epoch 113/200 batch 39/66 (59%) running_loss=0.4514
2026-09-23 08:38:41,094 INFO train epoch 113/200 batch 52/66 (79%) running_loss=0.4526
2026-09-23 08:38:44,788 INFO train epoch 113/200 batch 65/66 (98%) running_loss=0.4498
2026-09-23 08:38:45,007 INFO train epoch 113/200 batch 66/66 (100%) running_loss=0.4502
2026-09-23 08:38:47,511 INFO epoch 113/200 done: train_loss=0.4502 val_loss=0.2478 val_accuracy=0.9221 val_macro_f1=0.8849 val_macro_auc=0.9833 (checkpoint_metric=macro_auc)
2026-09-23 08:38:51,475 INFO train epoch 114/200 batch 13/66 (20%) running_loss=0.4521
2026-09-23 08:38:54,999 INFO train epoch 114/200 batch 26/66 (39%) running_loss=0.4502
2026-09-23 08:38:58,537 INFO train epoch 114/200 batch 39/66 (59%) running_loss=0.4488
2026-09-23 08:39:02,112 INFO train epoch 114/200 batch 52/66 (79%) running_loss=0.4460
2026-09-23 08:39:05,699 INFO train epoch 114/200 batch 65/66 (98%) running_loss=0.4414
2026-09-23 08:39:05,921 INFO train epoch 114/200 batch 66/66 (100%) running_loss=0.4427
2026-09-23 08:39:08,432 INFO epoch 114/200 done: train_loss=0.4427 val_loss=0.2423 val_accuracy=0.9344 val_macro_f1=0.9071 val_macro_auc=0.9854 (checkpoint_metric=macro_auc)
2026-09-23 08:39:12,497 INFO train epoch 115/200 batch 13/66 (20%) running_loss=0.4608
2026-09-23 08:39:16,083 INFO train epoch 115/200 batch 26/66 (39%) running_loss=0.4491
2026-09-23 08:39:19,654 INFO train epoch 115/200 batch 39/66 (59%) running_loss=0.4580
2026-09-23 08:39:23,184 INFO train epoch 115/200 batch 52/66 (79%) running_loss=0.4614
2026-09-23 08:39:26,716 INFO train epoch 115/200 batch 65/66 (98%) running_loss=0.4534
2026-09-23 08:39:26,940 INFO train epoch 115/200 batch 66/66 (100%) running_loss=0.4558
2026-09-23 08:39:29,471 INFO epoch 115/200 done: train_loss=0.4558 val_loss=0.2600 val_accuracy=0.9262 val_macro_f1=0.8995 val_macro_auc=0.9875 (checkpoint_metric=macro_auc)
2026-09-23 08:39:33,516 INFO train epoch 116/200 batch 13/66 (20%) running_loss=0.4663
2026-09-23 08:39:37,067 INFO train epoch 116/200 batch 26/66 (39%) running_loss=0.4656
2026-09-23 08:39:40,717 INFO train epoch 116/200 batch 39/66 (59%) running_loss=0.4663
2026-09-23 08:39:44,293 INFO train epoch 116/200 batch 52/66 (79%) running_loss=0.4634
2026-09-23 08:39:47,852 INFO train epoch 116/200 batch 65/66 (98%) running_loss=0.4651
2026-09-23 08:39:48,073 INFO train epoch 116/200 batch 66/66 (100%) running_loss=0.4651
2026-09-23 08:39:50,583 INFO epoch 116/200 done: train_loss=0.4651 val_loss=0.2484 val_accuracy=0.9344 val_macro_f1=0.9111 val_macro_auc=0.9893 (checkpoint_metric=macro_auc)
2026-09-23 08:39:54,612 INFO train epoch 117/200 batch 13/66 (20%) running_loss=0.4332
2026-09-23 08:39:58,145 INFO train epoch 117/200 batch 26/66 (39%) running_loss=0.4380
2026-09-23 08:40:01,678 INFO train epoch 117/200 batch 39/66 (59%) running_loss=0.4385
2026-09-23 08:40:05,233 INFO train epoch 117/200 batch 52/66 (79%) running_loss=0.4326
2026-09-23 08:40:08,777 INFO train epoch 117/200 batch 65/66 (98%) running_loss=0.4349
2026-09-23 08:40:08,996 INFO train epoch 117/200 batch 66/66 (100%) running_loss=0.4345
2026-09-23 08:40:11,510 INFO epoch 117/200 done: train_loss=0.4345 val_loss=0.2249 val_accuracy=0.9488 val_macro_f1=0.9271 val_macro_auc=0.9885 (checkpoint_metric=macro_auc)
2026-09-23 08:40:15,546 INFO train epoch 118/200 batch 13/66 (20%) running_loss=0.3957
2026-09-23 08:40:19,070 INFO train epoch 118/200 batch 26/66 (39%) running_loss=0.4313
2026-09-23 08:40:22,609 INFO train epoch 118/200 batch 39/66 (59%) running_loss=0.4405
2026-09-23 08:40:26,170 INFO train epoch 118/200 batch 52/66 (79%) running_loss=0.4516
2026-09-23 08:40:29,758 INFO train epoch 118/200 batch 65/66 (98%) running_loss=0.4483
2026-09-23 08:40:29,983 INFO train epoch 118/200 batch 66/66 (100%) running_loss=0.4474
2026-09-23 08:40:32,506 INFO epoch 118/200 done: train_loss=0.4474 val_loss=0.2207 val_accuracy=0.9467 val_macro_f1=0.9227 val_macro_auc=0.9894 (checkpoint_metric=macro_auc)
2026-09-23 08:40:36,525 INFO train epoch 119/200 batch 13/66 (20%) running_loss=0.4213
2026-09-23 08:40:40,048 INFO train epoch 119/200 batch 26/66 (39%) running_loss=0.4378
2026-09-23 08:40:43,569 INFO train epoch 119/200 batch 39/66 (59%) running_loss=0.4381
2026-09-23 08:40:47,098 INFO train epoch 119/200 batch 52/66 (79%) running_loss=0.4396
2026-09-23 08:40:50,769 INFO train epoch 119/200 batch 65/66 (98%) running_loss=0.4384
2026-09-23 08:40:50,989 INFO train epoch 119/200 batch 66/66 (100%) running_loss=0.4383
2026-09-23 08:40:53,622 INFO epoch 119/200 done: train_loss=0.4383 val_loss=0.2305 val_accuracy=0.9426 val_macro_f1=0.9206 val_macro_auc=0.9913 (checkpoint_metric=macro_auc) [new best]
2026-09-23 08:40:57,635 INFO train epoch 120/200 batch 13/66 (20%) running_loss=0.4255
2026-09-23 08:41:01,150 INFO train epoch 120/200 batch 26/66 (39%) running_loss=0.4246
2026-09-23 08:41:04,677 INFO train epoch 120/200 batch 39/66 (59%) running_loss=0.4303
2026-09-23 08:41:08,215 INFO train epoch 120/200 batch 52/66 (79%) running_loss=0.4329
2026-09-23 08:41:11,754 INFO train epoch 120/200 batch 65/66 (98%) running_loss=0.4365
2026-09-23 08:41:11,974 INFO train epoch 120/200 batch 66/66 (100%) running_loss=0.4361
2026-09-23 08:41:14,485 INFO epoch 120/200 done: train_loss=0.4361 val_loss=0.2286 val_accuracy=0.9426 val_macro_f1=0.9207 val_macro_auc=0.9882 (checkpoint_metric=macro_auc)
2026-09-23 08:41:18,537 INFO train epoch 121/200 batch 13/66 (20%) running_loss=0.4374
2026-09-23 08:41:22,073 INFO train epoch 121/200 batch 26/66 (39%) running_loss=0.4141
2026-09-23 08:41:25,597 INFO train epoch 121/200 batch 39/66 (59%) running_loss=0.4279
2026-09-23 08:41:29,122 INFO train epoch 121/200 batch 52/66 (79%) running_loss=0.4252
2026-09-23 08:41:32,647 INFO train epoch 121/200 batch 65/66 (98%) running_loss=0.4316
2026-09-23 08:41:32,868 INFO train epoch 121/200 batch 66/66 (100%) running_loss=0.4321
2026-09-23 08:41:35,368 INFO epoch 121/200 done: train_loss=0.4321 val_loss=0.2309 val_accuracy=0.9426 val_macro_f1=0.9204 val_macro_auc=0.9892 (checkpoint_metric=macro_auc)
2026-09-23 08:41:39,436 INFO train epoch 122/200 batch 13/66 (20%) running_loss=0.4366
2026-09-23 08:41:42,997 INFO train epoch 122/200 batch 26/66 (39%) running_loss=0.4575
2026-09-23 08:41:46,560 INFO train epoch 122/200 batch 39/66 (59%) running_loss=0.4485
2026-09-23 08:41:50,216 INFO train epoch 122/200 batch 52/66 (79%) running_loss=0.4429
2026-09-23 08:41:53,809 INFO train epoch 122/200 batch 65/66 (98%) running_loss=0.4420
2026-09-23 08:41:54,034 INFO train epoch 122/200 batch 66/66 (100%) running_loss=0.4431
2026-09-23 08:41:56,539 INFO epoch 122/200 done: train_loss=0.4431 val_loss=0.2425 val_accuracy=0.9385 val_macro_f1=0.9120 val_macro_auc=0.9873 (checkpoint_metric=macro_auc)
2026-09-23 08:42:00,761 INFO train epoch 123/200 batch 13/66 (20%) running_loss=0.3998
2026-09-23 08:42:04,307 INFO train epoch 123/200 batch 26/66 (39%) running_loss=0.4144
2026-09-23 08:42:07,850 INFO train epoch 123/200 batch 39/66 (59%) running_loss=0.4165
2026-09-23 08:42:11,382 INFO train epoch 123/200 batch 52/66 (79%) running_loss=0.4211
2026-09-23 08:42:14,904 INFO train epoch 123/200 batch 65/66 (98%) running_loss=0.4256
2026-09-23 08:42:15,125 INFO train epoch 123/200 batch 66/66 (100%) running_loss=0.4247
2026-09-23 08:42:17,609 INFO epoch 123/200 done: train_loss=0.4247 val_loss=0.2339 val_accuracy=0.9467 val_macro_f1=0.9248 val_macro_auc=0.9874 (checkpoint_metric=macro_auc)
2026-09-23 08:42:21,631 INFO train epoch 124/200 batch 13/66 (20%) running_loss=0.4165
2026-09-23 08:42:25,207 INFO train epoch 124/200 batch 26/66 (39%) running_loss=0.4174
2026-09-23 08:42:28,766 INFO train epoch 124/200 batch 39/66 (59%) running_loss=0.4220
2026-09-23 08:42:32,303 INFO train epoch 124/200 batch 52/66 (79%) running_loss=0.4252
2026-09-23 08:42:35,840 INFO train epoch 124/200 batch 65/66 (98%) running_loss=0.4243
2026-09-23 08:42:36,063 INFO train epoch 124/200 batch 66/66 (100%) running_loss=0.4283
2026-09-23 08:42:38,562 INFO epoch 124/200 done: train_loss=0.4283 val_loss=0.2143 val_accuracy=0.9467 val_macro_f1=0.9236 val_macro_auc=0.9904 (checkpoint_metric=macro_auc)
2026-09-23 08:42:42,611 INFO train epoch 125/200 batch 13/66 (20%) running_loss=0.4272
2026-09-23 08:42:46,128 INFO train epoch 125/200 batch 26/66 (39%) running_loss=0.4335
2026-09-23 08:42:49,652 INFO train epoch 125/200 batch 39/66 (59%) running_loss=0.4255
2026-09-23 08:42:53,185 INFO train epoch 125/200 batch 52/66 (79%) running_loss=0.4305
2026-09-23 08:42:56,864 INFO train epoch 125/200 batch 65/66 (98%) running_loss=0.4305
2026-09-23 08:42:57,081 INFO train epoch 125/200 batch 66/66 (100%) running_loss=0.4305
2026-09-23 08:42:59,582 INFO epoch 125/200 done: train_loss=0.4305 val_loss=0.2196 val_accuracy=0.9447 val_macro_f1=0.9203 val_macro_auc=0.9908 (checkpoint_metric=macro_auc)
2026-09-23 08:43:03,621 INFO train epoch 126/200 batch 13/66 (20%) running_loss=0.4317
2026-09-23 08:43:07,144 INFO train epoch 126/200 batch 26/66 (39%) running_loss=0.4335
2026-09-23 08:43:10,666 INFO train epoch 126/200 batch 39/66 (59%) running_loss=0.4291
2026-09-23 08:43:14,217 INFO train epoch 126/200 batch 52/66 (79%) running_loss=0.4254
2026-09-23 08:43:17,769 INFO train epoch 126/200 batch 65/66 (98%) running_loss=0.4278
2026-09-23 08:43:17,988 INFO train epoch 126/200 batch 66/66 (100%) running_loss=0.4271
2026-09-23 08:43:20,503 INFO epoch 126/200 done: train_loss=0.4271 val_loss=0.2456 val_accuracy=0.9324 val_macro_f1=0.9046 val_macro_auc=0.9873 (checkpoint_metric=macro_auc)
2026-09-23 08:43:24,573 INFO train epoch 127/200 batch 13/66 (20%) running_loss=0.4225
2026-09-23 08:43:28,128 INFO train epoch 127/200 batch 26/66 (39%) running_loss=0.4254
2026-09-23 08:43:31,692 INFO train epoch 127/200 batch 39/66 (59%) running_loss=0.4317
2026-09-23 08:43:35,261 INFO train epoch 127/200 batch 52/66 (79%) running_loss=0.4440
2026-09-23 08:43:38,794 INFO train epoch 127/200 batch 65/66 (98%) running_loss=0.4393
2026-09-23 08:43:39,015 INFO train epoch 127/200 batch 66/66 (100%) running_loss=0.4394
2026-09-23 08:43:41,543 INFO epoch 127/200 done: train_loss=0.4394 val_loss=0.2828 val_accuracy=0.9139 val_macro_f1=0.8899 val_macro_auc=0.9862 (checkpoint_metric=macro_auc)
2026-09-23 08:43:45,585 INFO train epoch 128/200 batch 13/66 (20%) running_loss=0.4235
2026-09-23 08:43:49,112 INFO train epoch 128/200 batch 26/66 (39%) running_loss=0.4338
2026-09-23 08:43:52,633 INFO train epoch 128/200 batch 39/66 (59%) running_loss=0.4228
2026-09-23 08:43:56,179 INFO train epoch 128/200 batch 52/66 (79%) running_loss=0.4270
2026-09-23 08:43:59,710 INFO train epoch 128/200 batch 65/66 (98%) running_loss=0.4344
2026-09-23 08:43:59,930 INFO train epoch 128/200 batch 66/66 (100%) running_loss=0.4347
2026-09-23 08:44:02,436 INFO epoch 128/200 done: train_loss=0.4347 val_loss=0.2401 val_accuracy=0.9406 val_macro_f1=0.9151 val_macro_auc=0.9898 (checkpoint_metric=macro_auc)
2026-09-23 08:44:06,654 INFO train epoch 129/200 batch 13/66 (20%) running_loss=0.3945
2026-09-23 08:44:10,194 INFO train epoch 129/200 batch 26/66 (39%) running_loss=0.4066
2026-09-23 08:44:13,728 INFO train epoch 129/200 batch 39/66 (59%) running_loss=0.4188
2026-09-23 08:44:17,260 INFO train epoch 129/200 batch 52/66 (79%) running_loss=0.4184
2026-09-23 08:44:20,791 INFO train epoch 129/200 batch 65/66 (98%) running_loss=0.4145
2026-09-23 08:44:21,011 INFO train epoch 129/200 batch 66/66 (100%) running_loss=0.4159
2026-09-23 08:44:23,544 INFO epoch 129/200 done: train_loss=0.4159 val_loss=0.2358 val_accuracy=0.9447 val_macro_f1=0.9231 val_macro_auc=0.9865 (checkpoint_metric=macro_auc)
2026-09-23 08:44:27,595 INFO train epoch 130/200 batch 13/66 (20%) running_loss=0.4497
2026-09-23 08:44:31,133 INFO train epoch 130/200 batch 26/66 (39%) running_loss=0.4298
2026-09-23 08:44:34,656 INFO train epoch 130/200 batch 39/66 (59%) running_loss=0.4291
2026-09-23 08:44:38,180 INFO train epoch 130/200 batch 52/66 (79%) running_loss=0.4272
2026-09-23 08:44:41,703 INFO train epoch 130/200 batch 65/66 (98%) running_loss=0.4246
2026-09-23 08:44:41,922 INFO train epoch 130/200 batch 66/66 (100%) running_loss=0.4259
2026-09-23 08:44:44,418 INFO epoch 130/200 done: train_loss=0.4259 val_loss=0.2243 val_accuracy=0.9467 val_macro_f1=0.9263 val_macro_auc=0.9884 (checkpoint_metric=macro_auc)
2026-09-23 08:44:48,426 INFO train epoch 131/200 batch 13/66 (20%) running_loss=0.4157
2026-09-23 08:44:51,976 INFO train epoch 131/200 batch 26/66 (39%) running_loss=0.4225
2026-09-23 08:44:55,492 INFO train epoch 131/200 batch 39/66 (59%) running_loss=0.4334
2026-09-23 08:44:59,008 INFO train epoch 131/200 batch 52/66 (79%) running_loss=0.4381
2026-09-23 08:45:02,678 INFO train epoch 131/200 batch 65/66 (98%) running_loss=0.4372
2026-09-23 08:45:02,899 INFO train epoch 131/200 batch 66/66 (100%) running_loss=0.4366
2026-09-23 08:45:05,407 INFO epoch 131/200 done: train_loss=0.4366 val_loss=0.2377 val_accuracy=0.9406 val_macro_f1=0.9155 val_macro_auc=0.9894 (checkpoint_metric=macro_auc)
2026-09-23 08:45:09,406 INFO train epoch 132/200 batch 13/66 (20%) running_loss=0.4377
2026-09-23 08:45:12,915 INFO train epoch 132/200 batch 26/66 (39%) running_loss=0.4299
2026-09-23 08:45:16,428 INFO train epoch 132/200 batch 39/66 (59%) running_loss=0.4168
2026-09-23 08:45:19,946 INFO train epoch 132/200 batch 52/66 (79%) running_loss=0.4185
2026-09-23 08:45:23,464 INFO train epoch 132/200 batch 65/66 (98%) running_loss=0.4164
2026-09-23 08:45:23,682 INFO train epoch 132/200 batch 66/66 (100%) running_loss=0.4174
2026-09-23 08:45:26,187 INFO epoch 132/200 done: train_loss=0.4174 val_loss=0.2165 val_accuracy=0.9467 val_macro_f1=0.9240 val_macro_auc=0.9900 (checkpoint_metric=macro_auc)
2026-09-23 08:45:30,160 INFO train epoch 133/200 batch 13/66 (20%) running_loss=0.4464
2026-09-23 08:45:33,671 INFO train epoch 133/200 batch 26/66 (39%) running_loss=0.4193
2026-09-23 08:45:37,189 INFO train epoch 133/200 batch 39/66 (59%) running_loss=0.4236
2026-09-23 08:45:40,711 INFO train epoch 133/200 batch 52/66 (79%) running_loss=0.4212
2026-09-23 08:45:44,227 INFO train epoch 133/200 batch 65/66 (98%) running_loss=0.4228
2026-09-23 08:45:44,447 INFO train epoch 133/200 batch 66/66 (100%) running_loss=0.4225
2026-09-23 08:45:47,059 INFO epoch 133/200 done: train_loss=0.4225 val_loss=0.2146 val_accuracy=0.9549 val_macro_f1=0.9351 val_macro_auc=0.9902 (checkpoint_metric=macro_auc) [new best]
2026-09-23 08:45:51,049 INFO train epoch 134/200 batch 13/66 (20%) running_loss=0.4148
2026-09-23 08:45:54,576 INFO train epoch 134/200 batch 26/66 (39%) running_loss=0.4343
2026-09-23 08:45:58,252 INFO train epoch 134/200 batch 39/66 (59%) running_loss=0.4250
2026-09-23 08:46:01,781 INFO train epoch 134/200 batch 52/66 (79%) running_loss=0.4212
2026-09-23 08:46:05,298 INFO train epoch 134/200 batch 65/66 (98%) running_loss=0.4238
2026-09-23 08:46:05,517 INFO train epoch 134/200 batch 66/66 (100%) running_loss=0.4238
2026-09-23 08:46:08,016 INFO epoch 134/200 done: train_loss=0.4238 val_loss=0.2246 val_accuracy=0.9426 val_macro_f1=0.9169 val_macro_auc=0.9890 (checkpoint_metric=macro_auc)
2026-09-23 08:46:12,025 INFO train epoch 135/200 batch 13/66 (20%) running_loss=0.4418
2026-09-23 08:46:15,539 INFO train epoch 135/200 batch 26/66 (39%) running_loss=0.4189
2026-09-23 08:46:19,075 INFO train epoch 135/200 batch 39/66 (59%) running_loss=0.4133
2026-09-23 08:46:22,592 INFO train epoch 135/200 batch 52/66 (79%) running_loss=0.4172
2026-09-23 08:46:26,104 INFO train epoch 135/200 batch 65/66 (98%) running_loss=0.4150
2026-09-23 08:46:26,326 INFO train epoch 135/200 batch 66/66 (100%) running_loss=0.4149
2026-09-23 08:46:28,834 INFO epoch 135/200 done: train_loss=0.4149 val_loss=0.2176 val_accuracy=0.9529 val_macro_f1=0.9307 val_macro_auc=0.9901 (checkpoint_metric=macro_auc)
2026-09-23 08:46:32,826 INFO train epoch 136/200 batch 13/66 (20%) running_loss=0.3924
2026-09-23 08:46:36,343 INFO train epoch 136/200 batch 26/66 (39%) running_loss=0.3981
2026-09-23 08:46:39,862 INFO train epoch 136/200 batch 39/66 (59%) running_loss=0.3964
2026-09-23 08:46:43,377 INFO train epoch 136/200 batch 52/66 (79%) running_loss=0.4001
2026-09-23 08:46:46,888 INFO train epoch 136/200 batch 65/66 (98%) running_loss=0.4005
2026-09-23 08:46:47,110 INFO train epoch 136/200 batch 66/66 (100%) running_loss=0.4004
2026-09-23 08:46:49,612 INFO epoch 136/200 done: train_loss=0.4004 val_loss=0.2164 val_accuracy=0.9590 val_macro_f1=0.9405 val_macro_auc=0.9886 (checkpoint_metric=macro_auc)
2026-09-23 08:46:53,698 INFO train epoch 137/200 batch 13/66 (20%) running_loss=0.3855
2026-09-23 08:46:57,215 INFO train epoch 137/200 batch 26/66 (39%) running_loss=0.4047
2026-09-23 08:47:00,730 INFO train epoch 137/200 batch 39/66 (59%) running_loss=0.3965
2026-09-23 08:47:04,238 INFO train epoch 137/200 batch 52/66 (79%) running_loss=0.3995
2026-09-23 08:47:07,768 INFO train epoch 137/200 batch 65/66 (98%) running_loss=0.4049
2026-09-23 08:47:07,986 INFO train epoch 137/200 batch 66/66 (100%) running_loss=0.4048
2026-09-23 08:47:10,489 INFO epoch 137/200 done: train_loss=0.4048 val_loss=0.2292 val_accuracy=0.9508 val_macro_f1=0.9295 val_macro_auc=0.9888 (checkpoint_metric=macro_auc)
2026-09-23 08:47:14,497 INFO train epoch 138/200 batch 13/66 (20%) running_loss=0.4040
2026-09-23 08:47:18,017 INFO train epoch 138/200 batch 26/66 (39%) running_loss=0.4142
2026-09-23 08:47:21,565 INFO train epoch 138/200 batch 39/66 (59%) running_loss=0.4101
2026-09-23 08:47:25,092 INFO train epoch 138/200 batch 52/66 (79%) running_loss=0.4126
2026-09-23 08:47:28,607 INFO train epoch 138/200 batch 65/66 (98%) running_loss=0.4101
2026-09-23 08:47:28,825 INFO train epoch 138/200 batch 66/66 (100%) running_loss=0.4100
2026-09-23 08:47:31,326 INFO epoch 138/200 done: train_loss=0.4100 val_loss=0.2218 val_accuracy=0.9529 val_macro_f1=0.9332 val_macro_auc=0.9889 (checkpoint_metric=macro_auc)
2026-09-23 08:47:35,341 INFO train epoch 139/200 batch 13/66 (20%) running_loss=0.4035
2026-09-23 08:47:38,860 INFO train epoch 139/200 batch 26/66 (39%) running_loss=0.4006
2026-09-23 08:47:42,385 INFO train epoch 139/200 batch 39/66 (59%) running_loss=0.4040
2026-09-23 08:47:45,904 INFO train epoch 139/200 batch 52/66 (79%) running_loss=0.4113
2026-09-23 08:47:49,415 INFO train epoch 139/200 batch 65/66 (98%) running_loss=0.4106
2026-09-23 08:47:49,634 INFO train epoch 139/200 batch 66/66 (100%) running_loss=0.4116
2026-09-23 08:47:52,145 INFO epoch 139/200 done: train_loss=0.4116 val_loss=0.2329 val_accuracy=0.9508 val_macro_f1=0.9265 val_macro_auc=0.9875 (checkpoint_metric=macro_auc)
2026-09-23 08:47:56,151 INFO train epoch 140/200 batch 13/66 (20%) running_loss=0.4215
2026-09-23 08:47:59,674 INFO train epoch 140/200 batch 26/66 (39%) running_loss=0.4174
2026-09-23 08:48:03,360 INFO train epoch 140/200 batch 39/66 (59%) running_loss=0.4122
2026-09-23 08:48:06,878 INFO train epoch 140/200 batch 52/66 (79%) running_loss=0.4112
2026-09-23 08:48:10,387 INFO train epoch 140/200 batch 65/66 (98%) running_loss=0.4121
2026-09-23 08:48:10,604 INFO train epoch 140/200 batch 66/66 (100%) running_loss=0.4112
2026-09-23 08:48:13,105 INFO epoch 140/200 done: train_loss=0.4112 val_loss=0.1970 val_accuracy=0.9631 val_macro_f1=0.9460 val_macro_auc=0.9897 (checkpoint_metric=macro_auc)
2026-09-23 08:48:17,134 INFO train epoch 141/200 batch 13/66 (20%) running_loss=0.4091
2026-09-23 08:48:20,668 INFO train epoch 141/200 batch 26/66 (39%) running_loss=0.4108
2026-09-23 08:48:24,196 INFO train epoch 141/200 batch 39/66 (59%) running_loss=0.4110
2026-09-23 08:48:27,715 INFO train epoch 141/200 batch 52/66 (79%) running_loss=0.4137
2026-09-23 08:48:31,220 INFO train epoch 141/200 batch 65/66 (98%) running_loss=0.4107
2026-09-23 08:48:31,439 INFO train epoch 141/200 batch 66/66 (100%) running_loss=0.4109
2026-09-23 08:48:33,945 INFO epoch 141/200 done: train_loss=0.4109 val_loss=0.2135 val_accuracy=0.9529 val_macro_f1=0.9311 val_macro_auc=0.9906 (checkpoint_metric=macro_auc)
2026-09-23 08:48:37,955 INFO train epoch 142/200 batch 13/66 (20%) running_loss=0.3783
2026-09-23 08:48:41,479 INFO train epoch 142/200 batch 26/66 (39%) running_loss=0.3863
2026-09-23 08:48:45,008 INFO train epoch 142/200 batch 39/66 (59%) running_loss=0.3912
2026-09-23 08:48:48,519 INFO train epoch 142/200 batch 52/66 (79%) running_loss=0.3874
2026-09-23 08:48:52,036 INFO train epoch 142/200 batch 65/66 (98%) running_loss=0.3927
2026-09-23 08:48:52,254 INFO train epoch 142/200 batch 66/66 (100%) running_loss=0.3941
2026-09-23 08:48:54,738 INFO epoch 142/200 done: train_loss=0.3941 val_loss=0.2140 val_accuracy=0.9467 val_macro_f1=0.9211 val_macro_auc=0.9888 (checkpoint_metric=macro_auc)
2026-09-23 08:48:58,868 INFO train epoch 143/200 batch 13/66 (20%) running_loss=0.3921
2026-09-23 08:49:02,390 INFO train epoch 143/200 batch 26/66 (39%) running_loss=0.3954
2026-09-23 08:49:05,913 INFO train epoch 143/200 batch 39/66 (59%) running_loss=0.4074
2026-09-23 08:49:09,434 INFO train epoch 143/200 batch 52/66 (79%) running_loss=0.4049
2026-09-23 08:49:12,970 INFO train epoch 143/200 batch 65/66 (98%) running_loss=0.4098
2026-09-23 08:49:13,189 INFO train epoch 143/200 batch 66/66 (100%) running_loss=0.4098
2026-09-23 08:49:15,699 INFO epoch 143/200 done: train_loss=0.4098 val_loss=0.2273 val_accuracy=0.9488 val_macro_f1=0.9243 val_macro_auc=0.9896 (checkpoint_metric=macro_auc)
2026-09-23 08:49:19,721 INFO train epoch 144/200 batch 13/66 (20%) running_loss=0.3762
2026-09-23 08:49:23,259 INFO train epoch 144/200 batch 26/66 (39%) running_loss=0.3897
2026-09-23 08:49:26,786 INFO train epoch 144/200 batch 39/66 (59%) running_loss=0.3935
2026-09-23 08:49:30,303 INFO train epoch 144/200 batch 52/66 (79%) running_loss=0.3956
2026-09-23 08:49:33,818 INFO train epoch 144/200 batch 65/66 (98%) running_loss=0.3964
2026-09-23 08:49:34,036 INFO train epoch 144/200 batch 66/66 (100%) running_loss=0.3968
2026-09-23 08:49:36,538 INFO epoch 144/200 done: train_loss=0.3968 val_loss=0.2046 val_accuracy=0.9467 val_macro_f1=0.9203 val_macro_auc=0.9882 (checkpoint_metric=macro_auc)
2026-09-23 08:49:40,539 INFO train epoch 145/200 batch 13/66 (20%) running_loss=0.3915
2026-09-23 08:49:44,060 INFO train epoch 145/200 batch 26/66 (39%) running_loss=0.3899
2026-09-23 08:49:47,577 INFO train epoch 145/200 batch 39/66 (59%) running_loss=0.3955
2026-09-23 08:49:51,092 INFO train epoch 145/200 batch 52/66 (79%) running_loss=0.3945
2026-09-23 08:49:54,606 INFO train epoch 145/200 batch 65/66 (98%) running_loss=0.4024
2026-09-23 08:49:54,824 INFO train epoch 145/200 batch 66/66 (100%) running_loss=0.4024
2026-09-23 08:49:57,340 INFO epoch 145/200 done: train_loss=0.4024 val_loss=0.2587 val_accuracy=0.9221 val_macro_f1=0.8900 val_macro_auc=0.9805 (checkpoint_metric=macro_auc)
2026-09-23 08:50:01,352 INFO train epoch 146/200 batch 13/66 (20%) running_loss=0.3859
2026-09-23 08:50:04,872 INFO train epoch 146/200 batch 26/66 (39%) running_loss=0.3884
2026-09-23 08:50:08,553 INFO train epoch 146/200 batch 39/66 (59%) running_loss=0.4004
2026-09-23 08:50:12,067 INFO train epoch 146/200 batch 52/66 (79%) running_loss=0.3967
2026-09-23 08:50:15,578 INFO train epoch 146/200 batch 65/66 (98%) running_loss=0.3979
2026-09-23 08:50:15,796 INFO train epoch 146/200 batch 66/66 (100%) running_loss=0.3977
2026-09-23 08:50:18,299 INFO epoch 146/200 done: train_loss=0.3977 val_loss=0.2302 val_accuracy=0.9344 val_macro_f1=0.9030 val_macro_auc=0.9861 (checkpoint_metric=macro_auc)
2026-09-23 08:50:22,293 INFO train epoch 147/200 batch 13/66 (20%) running_loss=0.3825
2026-09-23 08:50:25,806 INFO train epoch 147/200 batch 26/66 (39%) running_loss=0.4000
2026-09-23 08:50:29,322 INFO train epoch 147/200 batch 39/66 (59%) running_loss=0.4074
2026-09-23 08:50:32,835 INFO train epoch 147/200 batch 52/66 (79%) running_loss=0.4032
2026-09-23 08:50:36,348 INFO train epoch 147/200 batch 65/66 (98%) running_loss=0.4014
2026-09-23 08:50:36,568 INFO train epoch 147/200 batch 66/66 (100%) running_loss=0.4012
2026-09-23 08:50:39,064 INFO epoch 147/200 done: train_loss=0.4012 val_loss=0.2097 val_accuracy=0.9508 val_macro_f1=0.9262 val_macro_auc=0.9878 (checkpoint_metric=macro_auc)
2026-09-23 08:50:43,067 INFO train epoch 148/200 batch 13/66 (20%) running_loss=0.3670
2026-09-23 08:50:46,583 INFO train epoch 148/200 batch 26/66 (39%) running_loss=0.3922
2026-09-23 08:50:50,100 INFO train epoch 148/200 batch 39/66 (59%) running_loss=0.3937
2026-09-23 08:50:53,616 INFO train epoch 148/200 batch 52/66 (79%) running_loss=0.3948
2026-09-23 08:50:57,138 INFO train epoch 148/200 batch 65/66 (98%) running_loss=0.3908
2026-09-23 08:50:57,355 INFO train epoch 148/200 batch 66/66 (100%) running_loss=0.3903
2026-09-23 08:50:59,859 INFO epoch 148/200 done: train_loss=0.3903 val_loss=0.2238 val_accuracy=0.9488 val_macro_f1=0.9247 val_macro_auc=0.9876 (checkpoint_metric=macro_auc)
2026-09-23 08:51:03,894 INFO train epoch 149/200 batch 13/66 (20%) running_loss=0.3901
2026-09-23 08:51:07,404 INFO train epoch 149/200 batch 26/66 (39%) running_loss=0.3907
2026-09-23 08:51:10,924 INFO train epoch 149/200 batch 39/66 (59%) running_loss=0.3921
2026-09-23 08:51:14,441 INFO train epoch 149/200 batch 52/66 (79%) running_loss=0.3922
2026-09-23 08:51:17,957 INFO train epoch 149/200 batch 65/66 (98%) running_loss=0.3921
2026-09-23 08:51:18,174 INFO train epoch 149/200 batch 66/66 (100%) running_loss=0.3918
2026-09-23 08:51:20,680 INFO epoch 149/200 done: train_loss=0.3918 val_loss=0.2176 val_accuracy=0.9467 val_macro_f1=0.9222 val_macro_auc=0.9878 (checkpoint_metric=macro_auc)
2026-09-23 08:51:24,696 INFO train epoch 150/200 batch 13/66 (20%) running_loss=0.3834
2026-09-23 08:51:28,228 INFO train epoch 150/200 batch 26/66 (39%) running_loss=0.3889
2026-09-23 08:51:31,754 INFO train epoch 150/200 batch 39/66 (59%) running_loss=0.3847
2026-09-23 08:51:35,265 INFO train epoch 150/200 batch 52/66 (79%) running_loss=0.3923
2026-09-23 08:51:38,772 INFO train epoch 150/200 batch 65/66 (98%) running_loss=0.3903
2026-09-23 08:51:38,989 INFO train epoch 150/200 batch 66/66 (100%) running_loss=0.3898
2026-09-23 08:51:41,487 INFO epoch 150/200 done: train_loss=0.3898 val_loss=0.1944 val_accuracy=0.9590 val_macro_f1=0.9382 val_macro_auc=0.9908 (checkpoint_metric=macro_auc)
2026-09-23 08:51:45,527 INFO train epoch 151/200 batch 13/66 (20%) running_loss=0.3655
2026-09-23 08:51:49,113 INFO train epoch 151/200 batch 26/66 (39%) running_loss=0.3884
2026-09-23 08:51:52,656 INFO train epoch 151/200 batch 39/66 (59%) running_loss=0.3901
2026-09-23 08:51:56,188 INFO train epoch 151/200 batch 52/66 (79%) running_loss=0.3894
2026-09-23 08:51:59,716 INFO train epoch 151/200 batch 65/66 (98%) running_loss=0.3861
2026-09-23 08:51:59,933 INFO train epoch 151/200 batch 66/66 (100%) running_loss=0.3867
2026-09-23 08:52:02,434 INFO epoch 151/200 done: train_loss=0.3867 val_loss=0.2063 val_accuracy=0.9549 val_macro_f1=0.9320 val_macro_auc=0.9897 (checkpoint_metric=macro_auc)
2026-09-23 08:52:06,443 INFO train epoch 152/200 batch 13/66 (20%) running_loss=0.3735
2026-09-23 08:52:09,966 INFO train epoch 152/200 batch 26/66 (39%) running_loss=0.3809
2026-09-23 08:52:13,641 INFO train epoch 152/200 batch 39/66 (59%) running_loss=0.3767
2026-09-23 08:52:17,155 INFO train epoch 152/200 batch 52/66 (79%) running_loss=0.3778
2026-09-23 08:52:20,668 INFO train epoch 152/200 batch 65/66 (98%) running_loss=0.3784
2026-09-23 08:52:20,885 INFO train epoch 152/200 batch 66/66 (100%) running_loss=0.3779
2026-09-23 08:52:23,522 INFO epoch 152/200 done: train_loss=0.3779 val_loss=0.1962 val_accuracy=0.9611 val_macro_f1=0.9423 val_macro_auc=0.9898 (checkpoint_metric=macro_auc) [new best]
2026-09-23 08:52:27,536 INFO train epoch 153/200 batch 13/66 (20%) running_loss=0.3848
2026-09-23 08:52:31,057 INFO train epoch 153/200 batch 26/66 (39%) running_loss=0.3842
2026-09-23 08:52:34,589 INFO train epoch 153/200 batch 39/66 (59%) running_loss=0.3908
2026-09-23 08:52:38,104 INFO train epoch 153/200 batch 52/66 (79%) running_loss=0.3907
2026-09-23 08:52:41,624 INFO train epoch 153/200 batch 65/66 (98%) running_loss=0.3870
2026-09-23 08:52:41,844 INFO train epoch 153/200 batch 66/66 (100%) running_loss=0.3870
2026-09-23 08:52:44,348 INFO epoch 153/200 done: train_loss=0.3870 val_loss=0.2169 val_accuracy=0.9426 val_macro_f1=0.9182 val_macro_auc=0.9883 (checkpoint_metric=macro_auc)
2026-09-23 08:52:48,381 INFO train epoch 154/200 batch 13/66 (20%) running_loss=0.3993
2026-09-23 08:52:51,898 INFO train epoch 154/200 batch 26/66 (39%) running_loss=0.3885
2026-09-23 08:52:55,419 INFO train epoch 154/200 batch 39/66 (59%) running_loss=0.3852
2026-09-23 08:52:58,958 INFO train epoch 154/200 batch 52/66 (79%) running_loss=0.3874
2026-09-23 08:53:02,495 INFO train epoch 154/200 batch 65/66 (98%) running_loss=0.3909
2026-09-23 08:53:02,713 INFO train epoch 154/200 batch 66/66 (100%) running_loss=0.3900
2026-09-23 08:53:05,221 INFO epoch 154/200 done: train_loss=0.3900 val_loss=0.2093 val_accuracy=0.9590 val_macro_f1=0.9392 val_macro_auc=0.9867 (checkpoint_metric=macro_auc)
2026-09-23 08:53:09,224 INFO train epoch 155/200 batch 13/66 (20%) running_loss=0.3792
2026-09-23 08:53:12,742 INFO train epoch 155/200 batch 26/66 (39%) running_loss=0.3784
2026-09-23 08:53:16,267 INFO train epoch 155/200 batch 39/66 (59%) running_loss=0.3766
2026-09-23 08:53:19,863 INFO train epoch 155/200 batch 52/66 (79%) running_loss=0.3775
2026-09-23 08:53:23,380 INFO train epoch 155/200 batch 65/66 (98%) running_loss=0.3767
2026-09-23 08:53:23,600 INFO train epoch 155/200 batch 66/66 (100%) running_loss=0.3768
2026-09-23 08:53:26,111 INFO epoch 155/200 done: train_loss=0.3768 val_loss=0.2148 val_accuracy=0.9549 val_macro_f1=0.9336 val_macro_auc=0.9891 (checkpoint_metric=macro_auc)
2026-09-23 08:53:30,146 INFO train epoch 156/200 batch 13/66 (20%) running_loss=0.3714
2026-09-23 08:53:33,671 INFO train epoch 156/200 batch 26/66 (39%) running_loss=0.3769
2026-09-23 08:53:37,196 INFO train epoch 156/200 batch 39/66 (59%) running_loss=0.3829
2026-09-23 08:53:40,724 INFO train epoch 156/200 batch 52/66 (79%) running_loss=0.3823
2026-09-23 08:53:44,242 INFO train epoch 156/200 batch 65/66 (98%) running_loss=0.3837
2026-09-23 08:53:44,461 INFO train epoch 156/200 batch 66/66 (100%) running_loss=0.3834
2026-09-23 08:53:46,976 INFO epoch 156/200 done: train_loss=0.3834 val_loss=0.1946 val_accuracy=0.9549 val_macro_f1=0.9334 val_macro_auc=0.9907 (checkpoint_metric=macro_auc)
2026-09-23 08:53:50,964 INFO train epoch 157/200 batch 13/66 (20%) running_loss=0.3801
2026-09-23 08:53:54,502 INFO train epoch 157/200 batch 26/66 (39%) running_loss=0.3748
2026-09-23 08:53:58,020 INFO train epoch 157/200 batch 39/66 (59%) running_loss=0.3726
2026-09-23 08:54:01,544 INFO train epoch 157/200 batch 52/66 (79%) running_loss=0.3705
2026-09-23 08:54:05,072 INFO train epoch 157/200 batch 65/66 (98%) running_loss=0.3749
2026-09-23 08:54:05,291 INFO train epoch 157/200 batch 66/66 (100%) running_loss=0.3749
2026-09-23 08:54:07,802 INFO epoch 157/200 done: train_loss=0.3749 val_loss=0.2190 val_accuracy=0.9529 val_macro_f1=0.9298 val_macro_auc=0.9875 (checkpoint_metric=macro_auc)
2026-09-23 08:54:11,838 INFO train epoch 158/200 batch 13/66 (20%) running_loss=0.3890
2026-09-23 08:54:15,353 INFO train epoch 158/200 batch 26/66 (39%) running_loss=0.3850
2026-09-23 08:54:18,881 INFO train epoch 158/200 batch 39/66 (59%) running_loss=0.3808
2026-09-23 08:54:22,567 INFO train epoch 158/200 batch 52/66 (79%) running_loss=0.3851
2026-09-23 08:54:26,089 INFO train epoch 158/200 batch 65/66 (98%) running_loss=0.3819
2026-09-23 08:54:26,307 INFO train epoch 158/200 batch 66/66 (100%) running_loss=0.3815
2026-09-23 08:54:28,795 INFO epoch 158/200 done: train_loss=0.3815 val_loss=0.2042 val_accuracy=0.9467 val_macro_f1=0.9218 val_macro_auc=0.9884 (checkpoint_metric=macro_auc)
2026-09-23 08:54:32,800 INFO train epoch 159/200 batch 13/66 (20%) running_loss=0.3793
2026-09-23 08:54:36,324 INFO train epoch 159/200 batch 26/66 (39%) running_loss=0.3927
2026-09-23 08:54:39,837 INFO train epoch 159/200 batch 39/66 (59%) running_loss=0.3883
2026-09-23 08:54:43,352 INFO train epoch 159/200 batch 52/66 (79%) running_loss=0.3859
2026-09-23 08:54:46,875 INFO train epoch 159/200 batch 65/66 (98%) running_loss=0.3818
2026-09-23 08:54:47,094 INFO train epoch 159/200 batch 66/66 (100%) running_loss=0.3813
2026-09-23 08:54:49,580 INFO epoch 159/200 done: train_loss=0.3813 val_loss=0.2076 val_accuracy=0.9570 val_macro_f1=0.9371 val_macro_auc=0.9892 (checkpoint_metric=macro_auc)
2026-09-23 08:54:53,573 INFO train epoch 160/200 batch 13/66 (20%) running_loss=0.3780
2026-09-23 08:54:57,086 INFO train epoch 160/200 batch 26/66 (39%) running_loss=0.3761
2026-09-23 08:55:00,599 INFO train epoch 160/200 batch 39/66 (59%) running_loss=0.3721
2026-09-23 08:55:04,127 INFO train epoch 160/200 batch 52/66 (79%) running_loss=0.3770
2026-09-23 08:55:07,656 INFO train epoch 160/200 batch 65/66 (98%) running_loss=0.3788
2026-09-23 08:55:07,876 INFO train epoch 160/200 batch 66/66 (100%) running_loss=0.3782
2026-09-23 08:55:10,376 INFO epoch 160/200 done: train_loss=0.3782 val_loss=0.2025 val_accuracy=0.9611 val_macro_f1=0.9410 val_macro_auc=0.9889 (checkpoint_metric=macro_auc)
2026-09-23 08:55:14,407 INFO train epoch 161/200 batch 13/66 (20%) running_loss=0.3864
2026-09-23 08:55:18,012 INFO train epoch 161/200 batch 26/66 (39%) running_loss=0.3819
2026-09-23 08:55:21,528 INFO train epoch 161/200 batch 39/66 (59%) running_loss=0.3828
2026-09-23 08:55:25,058 INFO train epoch 161/200 batch 52/66 (79%) running_loss=0.3790
2026-09-23 08:55:28,567 INFO train epoch 161/200 batch 65/66 (98%) running_loss=0.3813
2026-09-23 08:55:28,784 INFO train epoch 161/200 batch 66/66 (100%) running_loss=0.3817
2026-09-23 08:55:31,282 INFO epoch 161/200 done: train_loss=0.3817 val_loss=0.1963 val_accuracy=0.9590 val_macro_f1=0.9396 val_macro_auc=0.9899 (checkpoint_metric=macro_auc)
2026-09-23 08:55:35,283 INFO train epoch 162/200 batch 13/66 (20%) running_loss=0.3853
2026-09-23 08:55:38,853 INFO train epoch 162/200 batch 26/66 (39%) running_loss=0.3863
2026-09-23 08:55:42,448 INFO train epoch 162/200 batch 39/66 (59%) running_loss=0.3855
2026-09-23 08:55:46,052 INFO train epoch 162/200 batch 52/66 (79%) running_loss=0.3872
2026-09-23 08:55:49,586 INFO train epoch 162/200 batch 65/66 (98%) running_loss=0.3828
2026-09-23 08:55:49,804 INFO train epoch 162/200 batch 66/66 (100%) running_loss=0.3837
2026-09-23 08:55:52,317 INFO epoch 162/200 done: train_loss=0.3837 val_loss=0.2098 val_accuracy=0.9447 val_macro_f1=0.9200 val_macro_auc=0.9902 (checkpoint_metric=macro_auc)
2026-09-23 08:55:56,289 INFO train epoch 163/200 batch 13/66 (20%) running_loss=0.3831
2026-09-23 08:55:59,808 INFO train epoch 163/200 batch 26/66 (39%) running_loss=0.3674
2026-09-23 08:56:03,327 INFO train epoch 163/200 batch 39/66 (59%) running_loss=0.3710
2026-09-23 08:56:06,842 INFO train epoch 163/200 batch 52/66 (79%) running_loss=0.3718
2026-09-23 08:56:10,360 INFO train epoch 163/200 batch 65/66 (98%) running_loss=0.3703
2026-09-23 08:56:10,579 INFO train epoch 163/200 batch 66/66 (100%) running_loss=0.3701
2026-09-23 08:56:13,095 INFO epoch 163/200 done: train_loss=0.3701 val_loss=0.2042 val_accuracy=0.9488 val_macro_f1=0.9233 val_macro_auc=0.9890 (checkpoint_metric=macro_auc)
2026-09-23 08:56:17,047 INFO train epoch 164/200 batch 13/66 (20%) running_loss=0.3850
2026-09-23 08:56:20,567 INFO train epoch 164/200 batch 26/66 (39%) running_loss=0.3829
2026-09-23 08:56:24,083 INFO train epoch 164/200 batch 39/66 (59%) running_loss=0.3836
2026-09-23 08:56:27,762 INFO train epoch 164/200 batch 52/66 (79%) running_loss=0.3795
2026-09-23 08:56:31,279 INFO train epoch 164/200 batch 65/66 (98%) running_loss=0.3796
2026-09-23 08:56:31,497 INFO train epoch 164/200 batch 66/66 (100%) running_loss=0.3789
2026-09-23 08:56:33,993 INFO epoch 164/200 done: train_loss=0.3789 val_loss=0.2080 val_accuracy=0.9529 val_macro_f1=0.9307 val_macro_auc=0.9890 (checkpoint_metric=macro_auc)
2026-09-23 08:56:38,020 INFO train epoch 165/200 batch 13/66 (20%) running_loss=0.3580
2026-09-23 08:56:41,543 INFO train epoch 165/200 batch 26/66 (39%) running_loss=0.3706
2026-09-23 08:56:45,064 INFO train epoch 165/200 batch 39/66 (59%) running_loss=0.3687
2026-09-23 08:56:48,596 INFO train epoch 165/200 batch 52/66 (79%) running_loss=0.3735
2026-09-23 08:56:52,113 INFO train epoch 165/200 batch 65/66 (98%) running_loss=0.3684
2026-09-23 08:56:52,332 INFO train epoch 165/200 batch 66/66 (100%) running_loss=0.3678
2026-09-23 08:56:54,843 INFO epoch 165/200 done: train_loss=0.3678 val_loss=0.2075 val_accuracy=0.9488 val_macro_f1=0.9251 val_macro_auc=0.9889 (checkpoint_metric=macro_auc)
2026-09-23 08:56:58,847 INFO train epoch 166/200 batch 13/66 (20%) running_loss=0.3761
2026-09-23 08:57:02,368 INFO train epoch 166/200 batch 26/66 (39%) running_loss=0.3711
2026-09-23 08:57:05,884 INFO train epoch 166/200 batch 39/66 (59%) running_loss=0.3667
2026-09-23 08:57:09,407 INFO train epoch 166/200 batch 52/66 (79%) running_loss=0.3637
2026-09-23 08:57:12,923 INFO train epoch 166/200 batch 65/66 (98%) running_loss=0.3648
2026-09-23 08:57:13,142 INFO train epoch 166/200 batch 66/66 (100%) running_loss=0.3652
2026-09-23 08:57:15,656 INFO epoch 166/200 done: train_loss=0.3652 val_loss=0.2058 val_accuracy=0.9570 val_macro_f1=0.9341 val_macro_auc=0.9886 (checkpoint_metric=macro_auc)
2026-09-23 08:57:19,609 INFO train epoch 167/200 batch 13/66 (20%) running_loss=0.3755
2026-09-23 08:57:23,131 INFO train epoch 167/200 batch 26/66 (39%) running_loss=0.3745
2026-09-23 08:57:26,726 INFO train epoch 167/200 batch 39/66 (59%) running_loss=0.3819
2026-09-23 08:57:30,241 INFO train epoch 167/200 batch 52/66 (79%) running_loss=0.3748
2026-09-23 08:57:33,759 INFO train epoch 167/200 batch 65/66 (98%) running_loss=0.3722
2026-09-23 08:57:33,977 INFO train epoch 167/200 batch 66/66 (100%) running_loss=0.3725
2026-09-23 08:57:36,492 INFO epoch 167/200 done: train_loss=0.3725 val_loss=0.2055 val_accuracy=0.9590 val_macro_f1=0.9388 val_macro_auc=0.9890 (checkpoint_metric=macro_auc)
2026-09-23 08:57:40,504 INFO train epoch 168/200 batch 13/66 (20%) running_loss=0.3766
2026-09-23 08:57:44,048 INFO train epoch 168/200 batch 26/66 (39%) running_loss=0.3718
2026-09-23 08:57:47,565 INFO train epoch 168/200 batch 39/66 (59%) running_loss=0.3623
2026-09-23 08:57:51,084 INFO train epoch 168/200 batch 52/66 (79%) running_loss=0.3670
2026-09-23 08:57:54,600 INFO train epoch 168/200 batch 65/66 (98%) running_loss=0.3682
2026-09-23 08:57:54,817 INFO train epoch 168/200 batch 66/66 (100%) running_loss=0.3690
2026-09-23 08:57:57,315 INFO epoch 168/200 done: train_loss=0.3690 val_loss=0.2051 val_accuracy=0.9549 val_macro_f1=0.9330 val_macro_auc=0.9882 (checkpoint_metric=macro_auc)
2026-09-23 08:58:01,336 INFO train epoch 169/200 batch 13/66 (20%) running_loss=0.3657
2026-09-23 08:58:04,859 INFO train epoch 169/200 batch 26/66 (39%) running_loss=0.3648
2026-09-23 08:58:08,368 INFO train epoch 169/200 batch 39/66 (59%) running_loss=0.3631
2026-09-23 08:58:11,891 INFO train epoch 169/200 batch 52/66 (79%) running_loss=0.3652
2026-09-23 08:58:15,405 INFO train epoch 169/200 batch 65/66 (98%) running_loss=0.3679
2026-09-23 08:58:15,624 INFO train epoch 169/200 batch 66/66 (100%) running_loss=0.3684
2026-09-23 08:58:18,145 INFO epoch 169/200 done: train_loss=0.3684 val_loss=0.1977 val_accuracy=0.9508 val_macro_f1=0.9280 val_macro_auc=0.9895 (checkpoint_metric=macro_auc)
2026-09-23 08:58:22,174 INFO train epoch 170/200 batch 13/66 (20%) running_loss=0.3643
2026-09-23 08:58:25,700 INFO train epoch 170/200 batch 26/66 (39%) running_loss=0.3642
2026-09-23 08:58:29,227 INFO train epoch 170/200 batch 39/66 (59%) running_loss=0.3683
2026-09-23 08:58:32,935 INFO train epoch 170/200 batch 52/66 (79%) running_loss=0.3689
2026-09-23 08:58:36,454 INFO train epoch 170/200 batch 65/66 (98%) running_loss=0.3683
2026-09-23 08:58:36,671 INFO train epoch 170/200 batch 66/66 (100%) running_loss=0.3684
2026-09-23 08:58:39,177 INFO epoch 170/200 done: train_loss=0.3684 val_loss=0.2002 val_accuracy=0.9570 val_macro_f1=0.9350 val_macro_auc=0.9879 (checkpoint_metric=macro_auc)
2026-09-23 08:58:43,182 INFO train epoch 171/200 batch 13/66 (20%) running_loss=0.3627
2026-09-23 08:58:46,697 INFO train epoch 171/200 batch 26/66 (39%) running_loss=0.3671
2026-09-23 08:58:50,222 INFO train epoch 171/200 batch 39/66 (59%) running_loss=0.3624
2026-09-23 08:58:53,752 INFO train epoch 171/200 batch 52/66 (79%) running_loss=0.3641
2026-09-23 08:58:57,278 INFO train epoch 171/200 batch 65/66 (98%) running_loss=0.3676
2026-09-23 08:58:57,497 INFO train epoch 171/200 batch 66/66 (100%) running_loss=0.3676
2026-09-23 08:59:00,003 INFO epoch 171/200 done: train_loss=0.3676 val_loss=0.2028 val_accuracy=0.9508 val_macro_f1=0.9285 val_macro_auc=0.9883 (checkpoint_metric=macro_auc)
2026-09-23 08:59:04,037 INFO train epoch 172/200 batch 13/66 (20%) running_loss=0.3678
2026-09-23 08:59:07,556 INFO train epoch 172/200 batch 26/66 (39%) running_loss=0.3608
2026-09-23 08:59:11,085 INFO train epoch 172/200 batch 39/66 (59%) running_loss=0.3602
2026-09-23 08:59:14,607 INFO train epoch 172/200 batch 52/66 (79%) running_loss=0.3615
2026-09-23 08:59:18,133 INFO train epoch 172/200 batch 65/66 (98%) running_loss=0.3606
2026-09-23 08:59:18,351 INFO train epoch 172/200 batch 66/66 (100%) running_loss=0.3603
2026-09-23 08:59:20,846 INFO epoch 172/200 done: train_loss=0.3603 val_loss=0.2004 val_accuracy=0.9508 val_macro_f1=0.9251 val_macro_auc=0.9895 (checkpoint_metric=macro_auc)
2026-09-23 08:59:24,864 INFO train epoch 173/200 batch 13/66 (20%) running_loss=0.3623
2026-09-23 08:59:28,455 INFO train epoch 173/200 batch 26/66 (39%) running_loss=0.3613
2026-09-23 08:59:31,983 INFO train epoch 173/200 batch 39/66 (59%) running_loss=0.3612
2026-09-23 08:59:35,500 INFO train epoch 173/200 batch 52/66 (79%) running_loss=0.3620
2026-09-23 08:59:39,016 INFO train epoch 173/200 batch 65/66 (98%) running_loss=0.3663
2026-09-23 08:59:39,234 INFO train epoch 173/200 batch 66/66 (100%) running_loss=0.3672
2026-09-23 08:59:41,740 INFO epoch 173/200 done: train_loss=0.3672 val_loss=0.1993 val_accuracy=0.9529 val_macro_f1=0.9304 val_macro_auc=0.9900 (checkpoint_metric=macro_auc)
2026-09-23 08:59:45,688 INFO train epoch 174/200 batch 13/66 (20%) running_loss=0.3336
2026-09-23 08:59:49,211 INFO train epoch 174/200 batch 26/66 (39%) running_loss=0.3442
2026-09-23 08:59:52,737 INFO train epoch 174/200 batch 39/66 (59%) running_loss=0.3563
2026-09-23 08:59:56,263 INFO train epoch 174/200 batch 52/66 (79%) running_loss=0.3626
2026-09-23 08:59:59,778 INFO train epoch 174/200 batch 65/66 (98%) running_loss=0.3630
2026-09-23 08:59:59,995 INFO train epoch 174/200 batch 66/66 (100%) running_loss=0.3624
2026-09-23 09:00:02,494 INFO epoch 174/200 done: train_loss=0.3624 val_loss=0.2086 val_accuracy=0.9508 val_macro_f1=0.9271 val_macro_auc=0.9893 (checkpoint_metric=macro_auc)
2026-09-23 09:00:06,532 INFO train epoch 175/200 batch 13/66 (20%) running_loss=0.3623
2026-09-23 09:00:10,042 INFO train epoch 175/200 batch 26/66 (39%) running_loss=0.3583
2026-09-23 09:00:13,560 INFO train epoch 175/200 batch 39/66 (59%) running_loss=0.3590
2026-09-23 09:00:17,077 INFO train epoch 175/200 batch 52/66 (79%) running_loss=0.3615
2026-09-23 09:00:20,593 INFO train epoch 175/200 batch 65/66 (98%) running_loss=0.3642
2026-09-23 09:00:20,810 INFO train epoch 175/200 batch 66/66 (100%) running_loss=0.3643
2026-09-23 09:00:23,321 INFO epoch 175/200 done: train_loss=0.3643 val_loss=0.2012 val_accuracy=0.9549 val_macro_f1=0.9321 val_macro_auc=0.9905 (checkpoint_metric=macro_auc)
2026-09-23 09:00:27,341 INFO train epoch 176/200 batch 13/66 (20%) running_loss=0.3483
2026-09-23 09:00:30,872 INFO train epoch 176/200 batch 26/66 (39%) running_loss=0.3564
2026-09-23 09:00:34,396 INFO train epoch 176/200 batch 39/66 (59%) running_loss=0.3562
2026-09-23 09:00:37,941 INFO train epoch 176/200 batch 52/66 (79%) running_loss=0.3587
2026-09-23 09:00:41,463 INFO train epoch 176/200 batch 65/66 (98%) running_loss=0.3558
2026-09-23 09:00:41,680 INFO train epoch 176/200 batch 66/66 (100%) running_loss=0.3559
2026-09-23 09:00:44,380 INFO epoch 176/200 done: train_loss=0.3559 val_loss=0.1968 val_accuracy=0.9508 val_macro_f1=0.9274 val_macro_auc=0.9907 (checkpoint_metric=macro_auc) [new best]
2026-09-23 09:00:48,399 INFO train epoch 177/200 batch 13/66 (20%) running_loss=0.3756
2026-09-23 09:00:51,915 INFO train epoch 177/200 batch 26/66 (39%) running_loss=0.3636
2026-09-23 09:00:55,426 INFO train epoch 177/200 batch 39/66 (59%) running_loss=0.3665
2026-09-23 09:00:58,947 INFO train epoch 177/200 batch 52/66 (79%) running_loss=0.3728
2026-09-23 09:01:02,468 INFO train epoch 177/200 batch 65/66 (98%) running_loss=0.3752
2026-09-23 09:01:02,687 INFO train epoch 177/200 batch 66/66 (100%) running_loss=0.3745
2026-09-23 09:01:05,317 INFO epoch 177/200 done: train_loss=0.3745 val_loss=0.1976 val_accuracy=0.9549 val_macro_f1=0.9336 val_macro_auc=0.9907 (checkpoint_metric=macro_auc) [new best]
2026-09-23 09:01:09,355 INFO train epoch 178/200 batch 13/66 (20%) running_loss=0.3537
2026-09-23 09:01:12,874 INFO train epoch 178/200 batch 26/66 (39%) running_loss=0.3569
2026-09-23 09:01:16,388 INFO train epoch 178/200 batch 39/66 (59%) running_loss=0.3604
2026-09-23 09:01:19,894 INFO train epoch 178/200 batch 52/66 (79%) running_loss=0.3625
2026-09-23 09:01:23,404 INFO train epoch 178/200 batch 65/66 (98%) running_loss=0.3620
2026-09-23 09:01:23,623 INFO train epoch 178/200 batch 66/66 (100%) running_loss=0.3632
2026-09-23 09:01:26,352 INFO epoch 178/200 done: train_loss=0.3632 val_loss=0.1956 val_accuracy=0.9570 val_macro_f1=0.9366 val_macro_auc=0.9907 (checkpoint_metric=macro_auc) [new best]
2026-09-23 09:01:30,345 INFO train epoch 179/200 batch 13/66 (20%) running_loss=0.3665
2026-09-23 09:01:33,872 INFO train epoch 179/200 batch 26/66 (39%) running_loss=0.3596
2026-09-23 09:01:37,390 INFO train epoch 179/200 batch 39/66 (59%) running_loss=0.3580
2026-09-23 09:01:40,903 INFO train epoch 179/200 batch 52/66 (79%) running_loss=0.3552
2026-09-23 09:01:44,419 INFO train epoch 179/200 batch 65/66 (98%) running_loss=0.3574
2026-09-23 09:01:44,637 INFO train epoch 179/200 batch 66/66 (100%) running_loss=0.3580
2026-09-23 09:01:47,137 INFO epoch 179/200 done: train_loss=0.3580 val_loss=0.2041 val_accuracy=0.9549 val_macro_f1=0.9320 val_macro_auc=0.9896 (checkpoint_metric=macro_auc)
2026-09-23 09:01:51,175 INFO train epoch 180/200 batch 13/66 (20%) running_loss=0.3459
2026-09-23 09:01:54,692 INFO train epoch 180/200 batch 26/66 (39%) running_loss=0.3516
2026-09-23 09:01:58,219 INFO train epoch 180/200 batch 39/66 (59%) running_loss=0.3539
2026-09-23 09:02:01,757 INFO train epoch 180/200 batch 52/66 (79%) running_loss=0.3524
2026-09-23 09:02:05,274 INFO train epoch 180/200 batch 65/66 (98%) running_loss=0.3497
2026-09-23 09:02:05,495 INFO train epoch 180/200 batch 66/66 (100%) running_loss=0.3506
2026-09-23 09:02:07,989 INFO epoch 180/200 done: train_loss=0.3506 val_loss=0.1983 val_accuracy=0.9590 val_macro_f1=0.9380 val_macro_auc=0.9903 (checkpoint_metric=macro_auc)
2026-09-23 09:02:11,997 INFO train epoch 181/200 batch 13/66 (20%) running_loss=0.3584
2026-09-23 09:02:15,507 INFO train epoch 181/200 batch 26/66 (39%) running_loss=0.3560
2026-09-23 09:02:19,028 INFO train epoch 181/200 batch 39/66 (59%) running_loss=0.3642
2026-09-23 09:02:22,540 INFO train epoch 181/200 batch 52/66 (79%) running_loss=0.3588
2026-09-23 09:02:26,055 INFO train epoch 181/200 batch 65/66 (98%) running_loss=0.3605
2026-09-23 09:02:26,276 INFO train epoch 181/200 batch 66/66 (100%) running_loss=0.3600
2026-09-23 09:02:28,766 INFO epoch 181/200 done: train_loss=0.3600 val_loss=0.1990 val_accuracy=0.9529 val_macro_f1=0.9303 val_macro_auc=0.9900 (checkpoint_metric=macro_auc)
2026-09-23 09:02:32,928 INFO train epoch 182/200 batch 13/66 (20%) running_loss=0.3827
2026-09-23 09:02:36,453 INFO train epoch 182/200 batch 26/66 (39%) running_loss=0.3759
2026-09-23 09:02:39,966 INFO train epoch 182/200 batch 39/66 (59%) running_loss=0.3694
2026-09-23 09:02:43,478 INFO train epoch 182/200 batch 52/66 (79%) running_loss=0.3658
2026-09-23 09:02:46,997 INFO train epoch 182/200 batch 65/66 (98%) running_loss=0.3690
2026-09-23 09:02:47,215 INFO train epoch 182/200 batch 66/66 (100%) running_loss=0.3687
2026-09-23 09:02:49,709 INFO epoch 182/200 done: train_loss=0.3687 val_loss=0.1986 val_accuracy=0.9549 val_macro_f1=0.9336 val_macro_auc=0.9906 (checkpoint_metric=macro_auc)
2026-09-23 09:02:53,705 INFO train epoch 183/200 batch 13/66 (20%) running_loss=0.3454
2026-09-23 09:02:57,214 INFO train epoch 183/200 batch 26/66 (39%) running_loss=0.3490
2026-09-23 09:03:00,732 INFO train epoch 183/200 batch 39/66 (59%) running_loss=0.3589
2026-09-23 09:03:04,241 INFO train epoch 183/200 batch 52/66 (79%) running_loss=0.3562
2026-09-23 09:03:07,749 INFO train epoch 183/200 batch 65/66 (98%) running_loss=0.3558
2026-09-23 09:03:07,967 INFO train epoch 183/200 batch 66/66 (100%) running_loss=0.3558
2026-09-23 09:03:10,456 INFO epoch 183/200 done: train_loss=0.3558 val_loss=0.2008 val_accuracy=0.9570 val_macro_f1=0.9350 val_macro_auc=0.9897 (checkpoint_metric=macro_auc)
2026-09-23 09:03:14,439 INFO train epoch 184/200 batch 13/66 (20%) running_loss=0.3645
2026-09-23 09:03:17,961 INFO train epoch 184/200 batch 26/66 (39%) running_loss=0.3497
2026-09-23 09:03:21,476 INFO train epoch 184/200 batch 39/66 (59%) running_loss=0.3502
2026-09-23 09:03:24,991 INFO train epoch 184/200 batch 52/66 (79%) running_loss=0.3513
2026-09-23 09:03:28,657 INFO train epoch 184/200 batch 65/66 (98%) running_loss=0.3539
2026-09-23 09:03:28,877 INFO train epoch 184/200 batch 66/66 (100%) running_loss=0.3536
2026-09-23 09:03:31,385 INFO epoch 184/200 done: train_loss=0.3536 val_loss=0.2006 val_accuracy=0.9529 val_macro_f1=0.9303 val_macro_auc=0.9894 (checkpoint_metric=macro_auc)
2026-09-23 09:03:35,400 INFO train epoch 185/200 batch 13/66 (20%) running_loss=0.3506
2026-09-23 09:03:38,915 INFO train epoch 185/200 batch 26/66 (39%) running_loss=0.3491
2026-09-23 09:03:42,437 INFO train epoch 185/200 batch 39/66 (59%) running_loss=0.3577
2026-09-23 09:03:45,965 INFO train epoch 185/200 batch 52/66 (79%) running_loss=0.3552
2026-09-23 09:03:49,476 INFO train epoch 185/200 batch 65/66 (98%) running_loss=0.3566
2026-09-23 09:03:49,696 INFO train epoch 185/200 batch 66/66 (100%) running_loss=0.3565
2026-09-23 09:03:52,195 INFO epoch 185/200 done: train_loss=0.3565 val_loss=0.1991 val_accuracy=0.9529 val_macro_f1=0.9303 val_macro_auc=0.9896 (checkpoint_metric=macro_auc)
2026-09-23 09:03:56,128 INFO train epoch 186/200 batch 13/66 (20%) running_loss=0.3480
2026-09-23 09:03:59,653 INFO train epoch 186/200 batch 26/66 (39%) running_loss=0.3616
2026-09-23 09:04:03,167 INFO train epoch 186/200 batch 39/66 (59%) running_loss=0.3634
2026-09-23 09:04:06,690 INFO train epoch 186/200 batch 52/66 (79%) running_loss=0.3626
2026-09-23 09:04:10,210 INFO train epoch 186/200 batch 65/66 (98%) running_loss=0.3634
2026-09-23 09:04:10,428 INFO train epoch 186/200 batch 66/66 (100%) running_loss=0.3632
2026-09-23 09:04:12,939 INFO epoch 186/200 done: train_loss=0.3632 val_loss=0.1987 val_accuracy=0.9570 val_macro_f1=0.9350 val_macro_auc=0.9893 (checkpoint_metric=macro_auc)
2026-09-23 09:04:16,962 INFO train epoch 187/200 batch 13/66 (20%) running_loss=0.3398
2026-09-23 09:04:20,481 INFO train epoch 187/200 batch 26/66 (39%) running_loss=0.3512
2026-09-23 09:04:24,006 INFO train epoch 187/200 batch 39/66 (59%) running_loss=0.3517
2026-09-23 09:04:27,528 INFO train epoch 187/200 batch 52/66 (79%) running_loss=0.3525
2026-09-23 09:04:31,039 INFO train epoch 187/200 batch 65/66 (98%) running_loss=0.3549
2026-09-23 09:04:31,259 INFO train epoch 187/200 batch 66/66 (100%) running_loss=0.3549
2026-09-23 09:04:33,763 INFO epoch 187/200 done: train_loss=0.3549 val_loss=0.2041 val_accuracy=0.9508 val_macro_f1=0.9280 val_macro_auc=0.9889 (checkpoint_metric=macro_auc)
2026-09-23 09:04:37,769 INFO train epoch 188/200 batch 13/66 (20%) running_loss=0.3794
2026-09-23 09:04:41,462 INFO train epoch 188/200 batch 26/66 (39%) running_loss=0.3715
2026-09-23 09:04:44,986 INFO train epoch 188/200 batch 39/66 (59%) running_loss=0.3682
2026-09-23 09:04:48,520 INFO train epoch 188/200 batch 52/66 (79%) running_loss=0.3652
2026-09-23 09:04:52,038 INFO train epoch 188/200 batch 65/66 (98%) running_loss=0.3633
2026-09-23 09:04:52,257 INFO train epoch 188/200 batch 66/66 (100%) running_loss=0.3635
2026-09-23 09:04:54,766 INFO epoch 188/200 done: train_loss=0.3635 val_loss=0.2065 val_accuracy=0.9488 val_macro_f1=0.9251 val_macro_auc=0.9892 (checkpoint_metric=macro_auc)
2026-09-23 09:04:58,784 INFO train epoch 189/200 batch 13/66 (20%) running_loss=0.3532
2026-09-23 09:05:02,306 INFO train epoch 189/200 batch 26/66 (39%) running_loss=0.3636
2026-09-23 09:05:05,837 INFO train epoch 189/200 batch 39/66 (59%) running_loss=0.3647
2026-09-23 09:05:09,370 INFO train epoch 189/200 batch 52/66 (79%) running_loss=0.3631
2026-09-23 09:05:12,878 INFO train epoch 189/200 batch 65/66 (98%) running_loss=0.3638
2026-09-23 09:05:13,095 INFO train epoch 189/200 batch 66/66 (100%) running_loss=0.3637
2026-09-23 09:05:15,602 INFO epoch 189/200 done: train_loss=0.3637 val_loss=0.2043 val_accuracy=0.9488 val_macro_f1=0.9251 val_macro_auc=0.9890 (checkpoint_metric=macro_auc)
2026-09-23 09:05:19,630 INFO train epoch 190/200 batch 13/66 (20%) running_loss=0.3685
2026-09-23 09:05:23,166 INFO train epoch 190/200 batch 26/66 (39%) running_loss=0.3588
2026-09-23 09:05:26,685 INFO train epoch 190/200 batch 39/66 (59%) running_loss=0.3630
2026-09-23 09:05:30,206 INFO train epoch 190/200 batch 52/66 (79%) running_loss=0.3576
2026-09-23 09:05:33,889 INFO train epoch 190/200 batch 65/66 (98%) running_loss=0.3572
2026-09-23 09:05:34,108 INFO train epoch 190/200 batch 66/66 (100%) running_loss=0.3569
2026-09-23 09:05:36,617 INFO epoch 190/200 done: train_loss=0.3569 val_loss=0.2020 val_accuracy=0.9529 val_macro_f1=0.9294 val_macro_auc=0.9892 (checkpoint_metric=macro_auc)
2026-09-23 09:05:40,639 INFO train epoch 191/200 batch 13/66 (20%) running_loss=0.3482
2026-09-23 09:05:44,154 INFO train epoch 191/200 batch 26/66 (39%) running_loss=0.3558
2026-09-23 09:05:47,692 INFO train epoch 191/200 batch 39/66 (59%) running_loss=0.3556
2026-09-23 09:05:51,250 INFO train epoch 191/200 batch 52/66 (79%) running_loss=0.3533
2026-09-23 09:05:54,780 INFO train epoch 191/200 batch 65/66 (98%) running_loss=0.3544
2026-09-23 09:05:55,002 INFO train epoch 191/200 batch 66/66 (100%) running_loss=0.3545
2026-09-23 09:05:57,508 INFO epoch 191/200 done: train_loss=0.3545 val_loss=0.2009 val_accuracy=0.9570 val_macro_f1=0.9347 val_macro_auc=0.9895 (checkpoint_metric=macro_auc)
2026-09-23 09:06:01,539 INFO train epoch 192/200 batch 13/66 (20%) running_loss=0.3510
2026-09-23 09:06:05,067 INFO train epoch 192/200 batch 26/66 (39%) running_loss=0.3584
2026-09-23 09:06:08,596 INFO train epoch 192/200 batch 39/66 (59%) running_loss=0.3554
2026-09-23 09:06:12,112 INFO train epoch 192/200 batch 52/66 (79%) running_loss=0.3593
2026-09-23 09:06:15,626 INFO train epoch 192/200 batch 65/66 (98%) running_loss=0.3595
2026-09-23 09:06:15,844 INFO train epoch 192/200 batch 66/66 (100%) running_loss=0.3594
2026-09-23 09:06:18,342 INFO epoch 192/200 done: train_loss=0.3594 val_loss=0.2017 val_accuracy=0.9529 val_macro_f1=0.9284 val_macro_auc=0.9894 (checkpoint_metric=macro_auc)
2026-09-23 09:06:22,314 INFO train epoch 193/200 batch 13/66 (20%) running_loss=0.3343
2026-09-23 09:06:25,840 INFO train epoch 193/200 batch 26/66 (39%) running_loss=0.3434
2026-09-23 09:06:29,359 INFO train epoch 193/200 batch 39/66 (59%) running_loss=0.3437
2026-09-23 09:06:32,878 INFO train epoch 193/200 batch 52/66 (79%) running_loss=0.3470
2026-09-23 09:06:36,392 INFO train epoch 193/200 batch 65/66 (98%) running_loss=0.3481
2026-09-23 09:06:36,609 INFO train epoch 193/200 batch 66/66 (100%) running_loss=0.3479
2026-09-23 09:06:39,116 INFO epoch 193/200 done: train_loss=0.3479 val_loss=0.1983 val_accuracy=0.9549 val_macro_f1=0.9320 val_macro_auc=0.9894 (checkpoint_metric=macro_auc)
2026-09-23 09:06:43,157 INFO train epoch 194/200 batch 13/66 (20%) running_loss=0.3464
2026-09-23 09:06:46,845 INFO train epoch 194/200 batch 26/66 (39%) running_loss=0.3463
2026-09-23 09:06:50,370 INFO train epoch 194/200 batch 39/66 (59%) running_loss=0.3509
2026-09-23 09:06:53,888 INFO train epoch 194/200 batch 52/66 (79%) running_loss=0.3510
2026-09-23 09:06:57,404 INFO train epoch 194/200 batch 65/66 (98%) running_loss=0.3529
2026-09-23 09:06:57,622 INFO train epoch 194/200 batch 66/66 (100%) running_loss=0.3530
2026-09-23 09:07:00,133 INFO epoch 194/200 done: train_loss=0.3530 val_loss=0.2010 val_accuracy=0.9529 val_macro_f1=0.9284 val_macro_auc=0.9894 (checkpoint_metric=macro_auc)
2026-09-23 09:07:04,138 INFO train epoch 195/200 batch 13/66 (20%) running_loss=0.3696
2026-09-23 09:07:07,650 INFO train epoch 195/200 batch 26/66 (39%) running_loss=0.3595
2026-09-23 09:07:11,181 INFO train epoch 195/200 batch 39/66 (59%) running_loss=0.3560
2026-09-23 09:07:14,716 INFO train epoch 195/200 batch 52/66 (79%) running_loss=0.3550
2026-09-23 09:07:18,246 INFO train epoch 195/200 batch 65/66 (98%) running_loss=0.3544
2026-09-23 09:07:18,462 INFO train epoch 195/200 batch 66/66 (100%) running_loss=0.3549
2026-09-23 09:07:20,962 INFO epoch 195/200 done: train_loss=0.3549 val_loss=0.2034 val_accuracy=0.9529 val_macro_f1=0.9284 val_macro_auc=0.9894 (checkpoint_metric=macro_auc)
2026-09-23 09:07:24,989 INFO train epoch 196/200 batch 13/66 (20%) running_loss=0.3666
2026-09-23 09:07:28,502 INFO train epoch 196/200 batch 26/66 (39%) running_loss=0.3578
2026-09-23 09:07:32,016 INFO train epoch 196/200 batch 39/66 (59%) running_loss=0.3563
2026-09-23 09:07:35,534 INFO train epoch 196/200 batch 52/66 (79%) running_loss=0.3550
2026-09-23 09:07:39,215 INFO train epoch 196/200 batch 65/66 (98%) running_loss=0.3565
2026-09-23 09:07:39,437 INFO train epoch 196/200 batch 66/66 (100%) running_loss=0.3562
2026-09-23 09:07:41,950 INFO epoch 196/200 done: train_loss=0.3562 val_loss=0.1991 val_accuracy=0.9508 val_macro_f1=0.9255 val_macro_auc=0.9893 (checkpoint_metric=macro_auc)
2026-09-23 09:07:45,932 INFO train epoch 197/200 batch 13/66 (20%) running_loss=0.3450
2026-09-23 09:07:49,457 INFO train epoch 197/200 batch 26/66 (39%) running_loss=0.3543
2026-09-23 09:07:52,982 INFO train epoch 197/200 batch 39/66 (59%) running_loss=0.3514
2026-09-23 09:07:56,509 INFO train epoch 197/200 batch 52/66 (79%) running_loss=0.3523
2026-09-23 09:08:00,027 INFO train epoch 197/200 batch 65/66 (98%) running_loss=0.3526
2026-09-23 09:08:00,245 INFO train epoch 197/200 batch 66/66 (100%) running_loss=0.3526
2026-09-23 09:08:02,758 INFO epoch 197/200 done: train_loss=0.3526 val_loss=0.2032 val_accuracy=0.9508 val_macro_f1=0.9255 val_macro_auc=0.9892 (checkpoint_metric=macro_auc)
2026-09-23 09:08:06,766 INFO train epoch 198/200 batch 13/66 (20%) running_loss=0.3692
2026-09-23 09:08:10,286 INFO train epoch 198/200 batch 26/66 (39%) running_loss=0.3669
2026-09-23 09:08:13,824 INFO train epoch 198/200 batch 39/66 (59%) running_loss=0.3575
2026-09-23 09:08:17,365 INFO train epoch 198/200 batch 52/66 (79%) running_loss=0.3627
2026-09-23 09:08:20,883 INFO train epoch 198/200 batch 65/66 (98%) running_loss=0.3619
2026-09-23 09:08:21,103 INFO train epoch 198/200 batch 66/66 (100%) running_loss=0.3617
2026-09-23 09:08:23,602 INFO epoch 198/200 done: train_loss=0.3617 val_loss=0.1998 val_accuracy=0.9488 val_macro_f1=0.9238 val_macro_auc=0.9894 (checkpoint_metric=macro_auc)
2026-09-23 09:08:27,589 INFO train epoch 199/200 batch 13/66 (20%) running_loss=0.3556
2026-09-23 09:08:31,118 INFO train epoch 199/200 batch 26/66 (39%) running_loss=0.3563
2026-09-23 09:08:34,646 INFO train epoch 199/200 batch 39/66 (59%) running_loss=0.3546
2026-09-23 09:08:38,172 INFO train epoch 199/200 batch 52/66 (79%) running_loss=0.3550
2026-09-23 09:08:41,687 INFO train epoch 199/200 batch 65/66 (98%) running_loss=0.3533
2026-09-23 09:08:41,906 INFO train epoch 199/200 batch 66/66 (100%) running_loss=0.3528
2026-09-23 09:08:44,417 INFO epoch 199/200 done: train_loss=0.3528 val_loss=0.2006 val_accuracy=0.9529 val_macro_f1=0.9284 val_macro_auc=0.9893 (checkpoint_metric=macro_auc)
2026-09-23 09:08:48,364 INFO train epoch 200/200 batch 13/66 (20%) running_loss=0.3565
2026-09-23 09:08:52,053 INFO train epoch 200/200 batch 26/66 (39%) running_loss=0.3592
2026-09-23 09:08:55,571 INFO train epoch 200/200 batch 39/66 (59%) running_loss=0.3524
2026-09-23 09:08:59,083 INFO train epoch 200/200 batch 52/66 (79%) running_loss=0.3544
2026-09-23 09:09:02,596 INFO train epoch 200/200 batch 65/66 (98%) running_loss=0.3555
2026-09-23 09:09:02,813 INFO train epoch 200/200 batch 66/66 (100%) running_loss=0.3552
2026-09-23 09:09:05,327 INFO epoch 200/200 done: train_loss=0.3552 val_loss=0.2016 val_accuracy=0.9488 val_macro_f1=0.9238 val_macro_auc=0.9890 (checkpoint_metric=macro_auc)
2026-09-23 09:09:05,568 INFO Training finished. Best epoch=178, smoothed macro_auc=0.9907 (window=3)
2026-09-23 09:09:08,133 INFO Test set evaluated once: accuracy=0.9051 macro_f1=0.8867 macro_auc=0.9671
