2026-09-29 15:59:52,218 INFO Starting final training on device=cuda, amp=True, physical_batch_size=32, accumulation_steps=1, effective_batch_size=32
2026-09-29 15:59:52,219 INFO Augmentation policy: sample-adaptive, from outputs/main1/augmentation_run/selected_policy.json
2026-09-29 15:59:53,170 INFO Classes: {'fetal_abdomen': 0, 'fetal_brain': 1, 'fetal_femur': 2, 'fetal_thorax': 3, 'maternal_cervix': 4, 'other': 5}
2026-09-29 15:59:53,170 INFO Regularization: weight_decay=7.0e-04 classifier_dropout=0.30 label_smoothing=0.10 drop_path=0.20
2026-09-29 16:00:04,374 INFO train epoch 1/200 batch 35/178 (20%) running_loss=1.7817
2026-09-29 16:00:14,036 INFO train epoch 1/200 batch 70/178 (39%) running_loss=1.7797
2026-09-29 16:00:23,647 INFO train epoch 1/200 batch 105/178 (59%) running_loss=1.7692
2026-09-29 16:00:33,215 INFO train epoch 1/200 batch 140/178 (79%) running_loss=1.7335
2026-09-29 16:00:42,851 INFO train epoch 1/200 batch 175/178 (98%) running_loss=1.7137
2026-09-29 16:00:43,782 INFO train epoch 1/200 batch 178/178 (100%) running_loss=1.7106
2026-09-29 16:00:50,471 INFO epoch 1/200 done: train_loss=1.7106 val_loss=1.4747 val_accuracy=0.4210 val_macro_f1=0.0988 val_macro_auc=0.7145 (checkpoint_metric=macro_auc) [new best]
2026-09-29 16:01:00,439 INFO train epoch 2/200 batch 35/178 (20%) running_loss=1.5899
2026-09-29 16:01:09,998 INFO train epoch 2/200 batch 70/178 (39%) running_loss=1.5612
2026-09-29 16:01:19,551 INFO train epoch 2/200 batch 105/178 (59%) running_loss=1.5551
2026-09-29 16:01:29,081 INFO train epoch 2/200 batch 140/178 (79%) running_loss=1.5404
2026-09-29 16:01:38,615 INFO train epoch 2/200 batch 175/178 (98%) running_loss=1.5149
2026-09-29 16:01:39,361 INFO train epoch 2/200 batch 178/178 (100%) running_loss=1.5132
2026-09-29 16:01:45,786 INFO epoch 2/200 done: train_loss=1.5132 val_loss=1.6944 val_accuracy=0.2315 val_macro_f1=0.1024 val_macro_auc=0.6708 (checkpoint_metric=macro_auc)
2026-09-29 16:01:55,863 INFO train epoch 3/200 batch 35/178 (20%) running_loss=1.4286
2026-09-29 16:02:05,464 INFO train epoch 3/200 batch 70/178 (39%) running_loss=1.4147
2026-09-29 16:02:15,148 INFO train epoch 3/200 batch 105/178 (59%) running_loss=1.3890
2026-09-29 16:02:24,692 INFO train epoch 3/200 batch 140/178 (79%) running_loss=1.3710
2026-09-29 16:02:34,287 INFO train epoch 3/200 batch 175/178 (98%) running_loss=1.3509
2026-09-29 16:02:35,029 INFO train epoch 3/200 batch 178/178 (100%) running_loss=1.3511
2026-09-29 16:02:41,474 INFO epoch 3/200 done: train_loss=1.3511 val_loss=1.4564 val_accuracy=0.4045 val_macro_f1=0.2508 val_macro_auc=0.7505 (checkpoint_metric=macro_auc)
2026-09-29 16:02:51,452 INFO train epoch 4/200 batch 35/178 (20%) running_loss=1.2338
2026-09-29 16:03:00,986 INFO train epoch 4/200 batch 70/178 (39%) running_loss=1.2448
2026-09-29 16:03:10,528 INFO train epoch 4/200 batch 105/178 (59%) running_loss=1.2354
2026-09-29 16:03:20,082 INFO train epoch 4/200 batch 140/178 (79%) running_loss=1.2315
2026-09-29 16:03:29,618 INFO train epoch 4/200 batch 175/178 (98%) running_loss=1.2248
2026-09-29 16:03:30,359 INFO train epoch 4/200 batch 178/178 (100%) running_loss=1.2250
2026-09-29 16:03:37,013 INFO epoch 4/200 done: train_loss=1.2250 val_loss=1.2885 val_accuracy=0.4876 val_macro_f1=0.3703 val_macro_auc=0.8246 (checkpoint_metric=macro_auc) [new best]
2026-09-29 16:03:47,046 INFO train epoch 5/200 batch 35/178 (20%) running_loss=1.1870
2026-09-29 16:03:56,659 INFO train epoch 5/200 batch 70/178 (39%) running_loss=1.1689
2026-09-29 16:04:06,274 INFO train epoch 5/200 batch 105/178 (59%) running_loss=1.1692
2026-09-29 16:04:15,897 INFO train epoch 5/200 batch 140/178 (79%) running_loss=1.1636
2026-09-29 16:04:25,668 INFO train epoch 5/200 batch 175/178 (98%) running_loss=1.1484
2026-09-29 16:04:26,409 INFO train epoch 5/200 batch 178/178 (100%) running_loss=1.1485
2026-09-29 16:04:32,969 INFO epoch 5/200 done: train_loss=1.1485 val_loss=1.4197 val_accuracy=0.4059 val_macro_f1=0.2562 val_macro_auc=0.8046 (checkpoint_metric=macro_auc) [new best]
2026-09-29 16:04:43,013 INFO train epoch 6/200 batch 35/178 (20%) running_loss=1.0843
2026-09-29 16:04:52,627 INFO train epoch 6/200 batch 70/178 (39%) running_loss=1.0890
2026-09-29 16:05:02,241 INFO train epoch 6/200 batch 105/178 (59%) running_loss=1.0963
2026-09-29 16:05:12,025 INFO train epoch 6/200 batch 140/178 (79%) running_loss=1.0935
2026-09-29 16:05:21,646 INFO train epoch 6/200 batch 175/178 (98%) running_loss=1.0987
2026-09-29 16:05:22,388 INFO train epoch 6/200 batch 178/178 (100%) running_loss=1.0979
2026-09-29 16:05:28,854 INFO epoch 6/200 done: train_loss=1.0979 val_loss=1.6185 val_accuracy=0.3365 val_macro_f1=0.1830 val_macro_auc=0.7498 (checkpoint_metric=macro_auc)
2026-09-29 16:05:38,988 INFO train epoch 7/200 batch 35/178 (20%) running_loss=1.0775
2026-09-29 16:05:48,614 INFO train epoch 7/200 batch 70/178 (39%) running_loss=1.0546
2026-09-29 16:05:58,180 INFO train epoch 7/200 batch 105/178 (59%) running_loss=1.0696
2026-09-29 16:06:07,943 INFO train epoch 7/200 batch 140/178 (79%) running_loss=1.0704
2026-09-29 16:06:17,517 INFO train epoch 7/200 batch 175/178 (98%) running_loss=1.0677
2026-09-29 16:06:18,257 INFO train epoch 7/200 batch 178/178 (100%) running_loss=1.0683
2026-09-29 16:06:24,802 INFO epoch 7/200 done: train_loss=1.0683 val_loss=0.8765 val_accuracy=0.6614 val_macro_f1=0.4983 val_macro_auc=0.9028 (checkpoint_metric=macro_auc) [new best]
2026-09-29 16:06:34,863 INFO train epoch 8/200 batch 35/178 (20%) running_loss=1.0470
2026-09-29 16:06:44,414 INFO train epoch 8/200 batch 70/178 (39%) running_loss=1.0498
2026-09-29 16:06:53,966 INFO train epoch 8/200 batch 105/178 (59%) running_loss=1.0508
2026-09-29 16:07:03,508 INFO train epoch 8/200 batch 140/178 (79%) running_loss=1.0433
2026-09-29 16:07:13,182 INFO train epoch 8/200 batch 175/178 (98%) running_loss=1.0341
2026-09-29 16:07:13,924 INFO train epoch 8/200 batch 178/178 (100%) running_loss=1.0332
2026-09-29 16:07:20,513 INFO epoch 8/200 done: train_loss=1.0332 val_loss=1.0050 val_accuracy=0.6195 val_macro_f1=0.4622 val_macro_auc=0.8951 (checkpoint_metric=macro_auc) [new best]
2026-09-29 16:07:30,461 INFO train epoch 9/200 batch 35/178 (20%) running_loss=0.9992
2026-09-29 16:07:39,998 INFO train epoch 9/200 batch 70/178 (39%) running_loss=1.0063
2026-09-29 16:07:49,530 INFO train epoch 9/200 batch 105/178 (59%) running_loss=1.0012
2026-09-29 16:07:59,051 INFO train epoch 9/200 batch 140/178 (79%) running_loss=1.0140
2026-09-29 16:08:08,584 INFO train epoch 9/200 batch 175/178 (98%) running_loss=1.0134
2026-09-29 16:08:09,321 INFO train epoch 9/200 batch 178/178 (100%) running_loss=1.0154
2026-09-29 16:08:15,849 INFO epoch 9/200 done: train_loss=1.0154 val_loss=0.9704 val_accuracy=0.6298 val_macro_f1=0.4939 val_macro_auc=0.8919 (checkpoint_metric=macro_auc) [new best]
2026-09-29 16:08:25,912 INFO train epoch 10/200 batch 35/178 (20%) running_loss=0.9903
2026-09-29 16:08:35,454 INFO train epoch 10/200 batch 70/178 (39%) running_loss=0.9998
2026-09-29 16:08:45,028 INFO train epoch 10/200 batch 105/178 (59%) running_loss=0.9938
2026-09-29 16:08:54,593 INFO train epoch 10/200 batch 140/178 (79%) running_loss=0.9867
2026-09-29 16:09:04,123 INFO train epoch 10/200 batch 175/178 (98%) running_loss=0.9863
2026-09-29 16:09:04,863 INFO train epoch 10/200 batch 178/178 (100%) running_loss=0.9854
2026-09-29 16:09:11,301 INFO epoch 10/200 done: train_loss=0.9854 val_loss=1.0396 val_accuracy=0.5989 val_macro_f1=0.4308 val_macro_auc=0.8678 (checkpoint_metric=macro_auc)
2026-09-29 16:09:21,277 INFO train epoch 11/200 batch 35/178 (20%) running_loss=0.9880
2026-09-29 16:09:30,827 INFO train epoch 11/200 batch 70/178 (39%) running_loss=0.9763
2026-09-29 16:09:40,376 INFO train epoch 11/200 batch 105/178 (59%) running_loss=0.9719
2026-09-29 16:09:49,925 INFO train epoch 11/200 batch 140/178 (79%) running_loss=0.9634
2026-09-29 16:09:59,543 INFO train epoch 11/200 batch 175/178 (98%) running_loss=0.9613
2026-09-29 16:10:00,284 INFO train epoch 11/200 batch 178/178 (100%) running_loss=0.9643
2026-09-29 16:10:06,726 INFO epoch 11/200 done: train_loss=0.9643 val_loss=0.7803 val_accuracy=0.7157 val_macro_f1=0.5736 val_macro_auc=0.9272 (checkpoint_metric=macro_auc)
2026-09-29 16:10:16,656 INFO train epoch 12/200 batch 35/178 (20%) running_loss=0.9643
2026-09-29 16:10:26,198 INFO train epoch 12/200 batch 70/178 (39%) running_loss=0.9515
2026-09-29 16:10:35,724 INFO train epoch 12/200 batch 105/178 (59%) running_loss=0.9354
2026-09-29 16:10:45,276 INFO train epoch 12/200 batch 140/178 (79%) running_loss=0.9428
2026-09-29 16:10:54,835 INFO train epoch 12/200 batch 175/178 (98%) running_loss=0.9447
2026-09-29 16:10:55,577 INFO train epoch 12/200 batch 178/178 (100%) running_loss=0.9463
2026-09-29 16:11:02,019 INFO epoch 12/200 done: train_loss=0.9463 val_loss=1.3517 val_accuracy=0.4842 val_macro_f1=0.3036 val_macro_auc=0.8212 (checkpoint_metric=macro_auc)
2026-09-29 16:11:12,066 INFO train epoch 13/200 batch 35/178 (20%) running_loss=0.9454
2026-09-29 16:11:21,830 INFO train epoch 13/200 batch 70/178 (39%) running_loss=0.9293
2026-09-29 16:11:31,399 INFO train epoch 13/200 batch 105/178 (59%) running_loss=0.9359
2026-09-29 16:11:40,962 INFO train epoch 13/200 batch 140/178 (79%) running_loss=0.9369
2026-09-29 16:11:50,575 INFO train epoch 13/200 batch 175/178 (98%) running_loss=0.9379
2026-09-29 16:11:51,330 INFO train epoch 13/200 batch 178/178 (100%) running_loss=0.9388
2026-09-29 16:11:57,774 INFO epoch 13/200 done: train_loss=0.9388 val_loss=1.1162 val_accuracy=0.5810 val_macro_f1=0.4601 val_macro_auc=0.8731 (checkpoint_metric=macro_auc)
2026-09-29 16:12:07,783 INFO train epoch 14/200 batch 35/178 (20%) running_loss=0.9220
2026-09-29 16:12:17,331 INFO train epoch 14/200 batch 70/178 (39%) running_loss=0.9370
2026-09-29 16:12:27,060 INFO train epoch 14/200 batch 105/178 (59%) running_loss=0.9248
2026-09-29 16:12:36,595 INFO train epoch 14/200 batch 140/178 (79%) running_loss=0.9249
2026-09-29 16:12:46,162 INFO train epoch 14/200 batch 175/178 (98%) running_loss=0.9252
2026-09-29 16:12:46,902 INFO train epoch 14/200 batch 178/178 (100%) running_loss=0.9256
2026-09-29 16:12:53,349 INFO epoch 14/200 done: train_loss=0.9256 val_loss=0.6683 val_accuracy=0.7644 val_macro_f1=0.6343 val_macro_auc=0.9495 (checkpoint_metric=macro_auc)
2026-09-29 16:13:03,305 INFO train epoch 15/200 batch 35/178 (20%) running_loss=0.8862
2026-09-29 16:13:12,932 INFO train epoch 15/200 batch 70/178 (39%) running_loss=0.8653
2026-09-29 16:13:22,509 INFO train epoch 15/200 batch 105/178 (59%) running_loss=0.8868
2026-09-29 16:13:32,226 INFO train epoch 15/200 batch 140/178 (79%) running_loss=0.8914
2026-09-29 16:13:41,753 INFO train epoch 15/200 batch 175/178 (98%) running_loss=0.8961
2026-09-29 16:13:42,492 INFO train epoch 15/200 batch 178/178 (100%) running_loss=0.8965
2026-09-29 16:13:49,071 INFO epoch 15/200 done: train_loss=0.8965 val_loss=0.6512 val_accuracy=0.7569 val_macro_f1=0.6176 val_macro_auc=0.9466 (checkpoint_metric=macro_auc) [new best]
2026-09-29 16:13:59,099 INFO train epoch 16/200 batch 35/178 (20%) running_loss=0.8924
2026-09-29 16:14:08,641 INFO train epoch 16/200 batch 70/178 (39%) running_loss=0.8852
2026-09-29 16:14:18,379 INFO train epoch 16/200 batch 105/178 (59%) running_loss=0.8842
2026-09-29 16:14:27,946 INFO train epoch 16/200 batch 140/178 (79%) running_loss=0.8844
2026-09-29 16:14:37,517 INFO train epoch 16/200 batch 175/178 (98%) running_loss=0.8860
2026-09-29 16:14:38,260 INFO train epoch 16/200 batch 178/178 (100%) running_loss=0.8851
2026-09-29 16:14:44,842 INFO epoch 16/200 done: train_loss=0.8851 val_loss=0.7412 val_accuracy=0.7479 val_macro_f1=0.6406 val_macro_auc=0.9453 (checkpoint_metric=macro_auc) [new best]
2026-09-29 16:14:54,840 INFO train epoch 17/200 batch 35/178 (20%) running_loss=0.9087
2026-09-29 16:15:04,405 INFO train epoch 17/200 batch 70/178 (39%) running_loss=0.9165
2026-09-29 16:15:13,975 INFO train epoch 17/200 batch 105/178 (59%) running_loss=0.8966
2026-09-29 16:15:23,656 INFO train epoch 17/200 batch 140/178 (79%) running_loss=0.8868
2026-09-29 16:15:33,242 INFO train epoch 17/200 batch 175/178 (98%) running_loss=0.8795
2026-09-29 16:15:33,982 INFO train epoch 17/200 batch 178/178 (100%) running_loss=0.8802
2026-09-29 16:15:40,438 INFO epoch 17/200 done: train_loss=0.8802 val_loss=0.8253 val_accuracy=0.7095 val_macro_f1=0.5547 val_macro_auc=0.9194 (checkpoint_metric=macro_auc)
2026-09-29 16:15:50,430 INFO train epoch 18/200 batch 35/178 (20%) running_loss=0.8871
2026-09-29 16:16:00,022 INFO train epoch 18/200 batch 70/178 (39%) running_loss=0.8904
2026-09-29 16:16:09,610 INFO train epoch 18/200 batch 105/178 (59%) running_loss=0.8734
2026-09-29 16:16:19,151 INFO train epoch 18/200 batch 140/178 (79%) running_loss=0.8752
2026-09-29 16:16:28,743 INFO train epoch 18/200 batch 175/178 (98%) running_loss=0.8839
2026-09-29 16:16:29,486 INFO train epoch 18/200 batch 178/178 (100%) running_loss=0.8854
2026-09-29 16:16:35,937 INFO epoch 18/200 done: train_loss=0.8854 val_loss=0.5381 val_accuracy=0.8242 val_macro_f1=0.7350 val_macro_auc=0.9676 (checkpoint_metric=macro_auc)
2026-09-29 16:16:46,034 INFO train epoch 19/200 batch 35/178 (20%) running_loss=0.8594
2026-09-29 16:16:55,751 INFO train epoch 19/200 batch 70/178 (39%) running_loss=0.8687
2026-09-29 16:17:05,306 INFO train epoch 19/200 batch 105/178 (59%) running_loss=0.8646
2026-09-29 16:17:14,862 INFO train epoch 19/200 batch 140/178 (79%) running_loss=0.8636
2026-09-29 16:17:24,427 INFO train epoch 19/200 batch 175/178 (98%) running_loss=0.8643
2026-09-29 16:17:25,166 INFO train epoch 19/200 batch 178/178 (100%) running_loss=0.8653
2026-09-29 16:17:31,608 INFO epoch 19/200 done: train_loss=0.8653 val_loss=0.6635 val_accuracy=0.7624 val_macro_f1=0.6134 val_macro_auc=0.9452 (checkpoint_metric=macro_auc)
2026-09-29 16:17:41,576 INFO train epoch 20/200 batch 35/178 (20%) running_loss=0.8986
2026-09-29 16:17:51,123 INFO train epoch 20/200 batch 70/178 (39%) running_loss=0.8923
2026-09-29 16:18:00,690 INFO train epoch 20/200 batch 105/178 (59%) running_loss=0.8693
2026-09-29 16:18:10,246 INFO train epoch 20/200 batch 140/178 (79%) running_loss=0.8625
2026-09-29 16:18:19,875 INFO train epoch 20/200 batch 175/178 (98%) running_loss=0.8576
2026-09-29 16:18:20,616 INFO train epoch 20/200 batch 178/178 (100%) running_loss=0.8560
2026-09-29 16:18:27,165 INFO epoch 20/200 done: train_loss=0.8560 val_loss=0.7046 val_accuracy=0.7404 val_macro_f1=0.5560 val_macro_auc=0.9425 (checkpoint_metric=macro_auc) [new best]
2026-09-29 16:18:37,201 INFO train epoch 21/200 batch 35/178 (20%) running_loss=0.8718
2026-09-29 16:18:46,770 INFO train epoch 21/200 batch 70/178 (39%) running_loss=0.8538
2026-09-29 16:18:56,339 INFO train epoch 21/200 batch 105/178 (59%) running_loss=0.8483
2026-09-29 16:19:06,080 INFO train epoch 21/200 batch 140/178 (79%) running_loss=0.8481
2026-09-29 16:19:15,643 INFO train epoch 21/200 batch 175/178 (98%) running_loss=0.8434
2026-09-29 16:19:16,385 INFO train epoch 21/200 batch 178/178 (100%) running_loss=0.8429
2026-09-29 16:19:22,824 INFO epoch 21/200 done: train_loss=0.8429 val_loss=0.5415 val_accuracy=0.8228 val_macro_f1=0.7561 val_macro_auc=0.9636 (checkpoint_metric=macro_auc)
2026-09-29 16:19:32,905 INFO train epoch 22/200 batch 35/178 (20%) running_loss=0.8759
2026-09-29 16:19:42,480 INFO train epoch 22/200 batch 70/178 (39%) running_loss=0.8584
2026-09-29 16:19:52,016 INFO train epoch 22/200 batch 105/178 (59%) running_loss=0.8474
2026-09-29 16:20:01,732 INFO train epoch 22/200 batch 140/178 (79%) running_loss=0.8440
2026-09-29 16:20:11,277 INFO train epoch 22/200 batch 175/178 (98%) running_loss=0.8374
2026-09-29 16:20:12,018 INFO train epoch 22/200 batch 178/178 (100%) running_loss=0.8366
2026-09-29 16:20:18,469 INFO epoch 22/200 done: train_loss=0.8366 val_loss=0.7697 val_accuracy=0.7232 val_macro_f1=0.6017 val_macro_auc=0.9428 (checkpoint_metric=macro_auc)
2026-09-29 16:20:28,484 INFO train epoch 23/200 batch 35/178 (20%) running_loss=0.8202
2026-09-29 16:20:38,098 INFO train epoch 23/200 batch 70/178 (39%) running_loss=0.8326
2026-09-29 16:20:47,721 INFO train epoch 23/200 batch 105/178 (59%) running_loss=0.8244
2026-09-29 16:20:57,511 INFO train epoch 23/200 batch 140/178 (79%) running_loss=0.8286
2026-09-29 16:21:07,111 INFO train epoch 23/200 batch 175/178 (98%) running_loss=0.8242
2026-09-29 16:21:07,860 INFO train epoch 23/200 batch 178/178 (100%) running_loss=0.8244
2026-09-29 16:21:14,439 INFO epoch 23/200 done: train_loss=0.8244 val_loss=0.6369 val_accuracy=0.7795 val_macro_f1=0.7247 val_macro_auc=0.9599 (checkpoint_metric=macro_auc) [new best]
2026-09-29 16:21:24,530 INFO train epoch 24/200 batch 35/178 (20%) running_loss=0.8335
2026-09-29 16:21:34,156 INFO train epoch 24/200 batch 70/178 (39%) running_loss=0.8211
2026-09-29 16:21:43,807 INFO train epoch 24/200 batch 105/178 (59%) running_loss=0.8242
2026-09-29 16:21:53,654 INFO train epoch 24/200 batch 140/178 (79%) running_loss=0.8315
2026-09-29 16:22:03,260 INFO train epoch 24/200 batch 175/178 (98%) running_loss=0.8311
2026-09-29 16:22:04,000 INFO train epoch 24/200 batch 178/178 (100%) running_loss=0.8300
2026-09-29 16:22:10,558 INFO epoch 24/200 done: train_loss=0.8300 val_loss=0.6027 val_accuracy=0.7912 val_macro_f1=0.7224 val_macro_auc=0.9660 (checkpoint_metric=macro_auc) [new best]
2026-09-29 16:22:20,553 INFO train epoch 25/200 batch 35/178 (20%) running_loss=0.8353
2026-09-29 16:22:30,086 INFO train epoch 25/200 batch 70/178 (39%) running_loss=0.8255
2026-09-29 16:22:39,644 INFO train epoch 25/200 batch 105/178 (59%) running_loss=0.8300
2026-09-29 16:22:49,225 INFO train epoch 25/200 batch 140/178 (79%) running_loss=0.8213
2026-09-29 16:22:58,831 INFO train epoch 25/200 batch 175/178 (98%) running_loss=0.8185
2026-09-29 16:22:59,566 INFO train epoch 25/200 batch 178/178 (100%) running_loss=0.8184
2026-09-29 16:23:06,116 INFO epoch 25/200 done: train_loss=0.8184 val_loss=0.4961 val_accuracy=0.8352 val_macro_f1=0.7623 val_macro_auc=0.9716 (checkpoint_metric=macro_auc) [new best]
2026-09-29 16:23:16,173 INFO train epoch 26/200 batch 35/178 (20%) running_loss=0.8072
2026-09-29 16:23:25,786 INFO train epoch 26/200 batch 70/178 (39%) running_loss=0.8045
2026-09-29 16:23:35,406 INFO train epoch 26/200 batch 105/178 (59%) running_loss=0.8070
2026-09-29 16:23:45,018 INFO train epoch 26/200 batch 140/178 (79%) running_loss=0.8072
2026-09-29 16:23:54,606 INFO train epoch 26/200 batch 175/178 (98%) running_loss=0.8037
2026-09-29 16:23:55,346 INFO train epoch 26/200 batch 178/178 (100%) running_loss=0.8034
2026-09-29 16:24:01,892 INFO epoch 26/200 done: train_loss=0.8034 val_loss=0.4914 val_accuracy=0.8269 val_macro_f1=0.7371 val_macro_auc=0.9741 (checkpoint_metric=macro_auc) [new best]
2026-09-29 16:24:11,962 INFO train epoch 27/200 batch 35/178 (20%) running_loss=0.7976
2026-09-29 16:24:21,480 INFO train epoch 27/200 batch 70/178 (39%) running_loss=0.8038
2026-09-29 16:24:31,024 INFO train epoch 27/200 batch 105/178 (59%) running_loss=0.8039
2026-09-29 16:24:40,583 INFO train epoch 27/200 batch 140/178 (79%) running_loss=0.8046
2026-09-29 16:24:50,146 INFO train epoch 27/200 batch 175/178 (98%) running_loss=0.8037
2026-09-29 16:24:50,886 INFO train epoch 27/200 batch 178/178 (100%) running_loss=0.8037
2026-09-29 16:24:57,458 INFO epoch 27/200 done: train_loss=0.8037 val_loss=0.6314 val_accuracy=0.7775 val_macro_f1=0.7127 val_macro_auc=0.9668 (checkpoint_metric=macro_auc) [new best]
2026-09-29 16:25:07,523 INFO train epoch 28/200 batch 35/178 (20%) running_loss=0.7760
2026-09-29 16:25:17,258 INFO train epoch 28/200 batch 70/178 (39%) running_loss=0.7783
2026-09-29 16:25:26,797 INFO train epoch 28/200 batch 105/178 (59%) running_loss=0.7802
2026-09-29 16:25:36,404 INFO train epoch 28/200 batch 140/178 (79%) running_loss=0.7814
2026-09-29 16:25:45,962 INFO train epoch 28/200 batch 175/178 (98%) running_loss=0.7833
2026-09-29 16:25:46,696 INFO train epoch 28/200 batch 178/178 (100%) running_loss=0.7830
2026-09-29 16:25:53,258 INFO epoch 28/200 done: train_loss=0.7830 val_loss=0.5755 val_accuracy=0.8098 val_macro_f1=0.7162 val_macro_auc=0.9734 (checkpoint_metric=macro_auc) [new best]
2026-09-29 16:26:03,310 INFO train epoch 29/200 batch 35/178 (20%) running_loss=0.7531
2026-09-29 16:26:12,888 INFO train epoch 29/200 batch 70/178 (39%) running_loss=0.7638
2026-09-29 16:26:22,622 INFO train epoch 29/200 batch 105/178 (59%) running_loss=0.7635
2026-09-29 16:26:32,177 INFO train epoch 29/200 batch 140/178 (79%) running_loss=0.7656
2026-09-29 16:26:41,778 INFO train epoch 29/200 batch 175/178 (98%) running_loss=0.7773
2026-09-29 16:26:42,522 INFO train epoch 29/200 batch 178/178 (100%) running_loss=0.7785
2026-09-29 16:26:48,968 INFO epoch 29/200 done: train_loss=0.7785 val_loss=0.6086 val_accuracy=0.8084 val_macro_f1=0.7173 val_macro_auc=0.9673 (checkpoint_metric=macro_auc)
2026-09-29 16:26:59,015 INFO train epoch 30/200 batch 35/178 (20%) running_loss=0.8099
2026-09-29 16:27:08,756 INFO train epoch 30/200 batch 70/178 (39%) running_loss=0.7967
2026-09-29 16:27:18,342 INFO train epoch 30/200 batch 105/178 (59%) running_loss=0.7940
2026-09-29 16:27:27,981 INFO train epoch 30/200 batch 140/178 (79%) running_loss=0.7922
2026-09-29 16:27:37,583 INFO train epoch 30/200 batch 175/178 (98%) running_loss=0.7864
2026-09-29 16:27:38,326 INFO train epoch 30/200 batch 178/178 (100%) running_loss=0.7860
2026-09-29 16:27:44,868 INFO epoch 30/200 done: train_loss=0.7860 val_loss=0.4376 val_accuracy=0.8709 val_macro_f1=0.8299 val_macro_auc=0.9818 (checkpoint_metric=macro_auc) [new best]
2026-09-29 16:27:54,875 INFO train epoch 31/200 batch 35/178 (20%) running_loss=0.7705
2026-09-29 16:28:04,506 INFO train epoch 31/200 batch 70/178 (39%) running_loss=0.7708
2026-09-29 16:28:14,075 INFO train epoch 31/200 batch 105/178 (59%) running_loss=0.7659
2026-09-29 16:28:23,623 INFO train epoch 31/200 batch 140/178 (79%) running_loss=0.7668
2026-09-29 16:28:33,168 INFO train epoch 31/200 batch 175/178 (98%) running_loss=0.7700
2026-09-29 16:28:33,907 INFO train epoch 31/200 batch 178/178 (100%) running_loss=0.7691
2026-09-29 16:28:40,478 INFO epoch 31/200 done: train_loss=0.7691 val_loss=0.5088 val_accuracy=0.8290 val_macro_f1=0.7830 val_macro_auc=0.9757 (checkpoint_metric=macro_auc) [new best]
2026-09-29 16:28:50,589 INFO train epoch 32/200 batch 35/178 (20%) running_loss=0.7448
2026-09-29 16:29:00,195 INFO train epoch 32/200 batch 70/178 (39%) running_loss=0.7496
2026-09-29 16:29:09,813 INFO train epoch 32/200 batch 105/178 (59%) running_loss=0.7542
2026-09-29 16:29:19,435 INFO train epoch 32/200 batch 140/178 (79%) running_loss=0.7479
2026-09-29 16:29:29,068 INFO train epoch 32/200 batch 175/178 (98%) running_loss=0.7420
2026-09-29 16:29:29,814 INFO train epoch 32/200 batch 178/178 (100%) running_loss=0.7411
2026-09-29 16:29:36,376 INFO epoch 32/200 done: train_loss=0.7411 val_loss=0.6062 val_accuracy=0.8118 val_macro_f1=0.7668 val_macro_auc=0.9683 (checkpoint_metric=macro_auc) [new best]
2026-09-29 16:29:46,356 INFO train epoch 33/200 batch 35/178 (20%) running_loss=0.7532
2026-09-29 16:29:55,914 INFO train epoch 33/200 batch 70/178 (39%) running_loss=0.7565
2026-09-29 16:30:05,483 INFO train epoch 33/200 batch 105/178 (59%) running_loss=0.7533
2026-09-29 16:30:15,122 INFO train epoch 33/200 batch 140/178 (79%) running_loss=0.7476
2026-09-29 16:30:24,649 INFO train epoch 33/200 batch 175/178 (98%) running_loss=0.7469
2026-09-29 16:30:25,391 INFO train epoch 33/200 batch 178/178 (100%) running_loss=0.7473
2026-09-29 16:30:31,950 INFO epoch 33/200 done: train_loss=0.7473 val_loss=0.4614 val_accuracy=0.8640 val_macro_f1=0.8382 val_macro_auc=0.9821 (checkpoint_metric=macro_auc) [new best]
2026-09-29 16:30:41,996 INFO train epoch 34/200 batch 35/178 (20%) running_loss=0.7588
2026-09-29 16:30:51,541 INFO train epoch 34/200 batch 70/178 (39%) running_loss=0.7339
2026-09-29 16:31:01,137 INFO train epoch 34/200 batch 105/178 (59%) running_loss=0.7318
2026-09-29 16:31:10,886 INFO train epoch 34/200 batch 140/178 (79%) running_loss=0.7340
2026-09-29 16:31:20,449 INFO train epoch 34/200 batch 175/178 (98%) running_loss=0.7324
2026-09-29 16:31:21,192 INFO train epoch 34/200 batch 178/178 (100%) running_loss=0.7333
2026-09-29 16:31:27,776 INFO epoch 34/200 done: train_loss=0.7333 val_loss=0.5079 val_accuracy=0.8551 val_macro_f1=0.8200 val_macro_auc=0.9798 (checkpoint_metric=macro_auc) [new best]
2026-09-29 16:31:37,873 INFO train epoch 35/200 batch 35/178 (20%) running_loss=0.7015
2026-09-29 16:31:47,453 INFO train epoch 35/200 batch 70/178 (39%) running_loss=0.7252
2026-09-29 16:31:57,168 INFO train epoch 35/200 batch 105/178 (59%) running_loss=0.7374
2026-09-29 16:32:06,977 INFO train epoch 35/200 batch 140/178 (79%) running_loss=0.7347
2026-09-29 16:32:16,617 INFO train epoch 35/200 batch 175/178 (98%) running_loss=0.7307
2026-09-29 16:32:17,358 INFO train epoch 35/200 batch 178/178 (100%) running_loss=0.7307
2026-09-29 16:32:23,946 INFO epoch 35/200 done: train_loss=0.7307 val_loss=0.4616 val_accuracy=0.8448 val_macro_f1=0.7835 val_macro_auc=0.9758 (checkpoint_metric=macro_auc) [new best]
2026-09-29 16:32:33,876 INFO train epoch 36/200 batch 35/178 (20%) running_loss=0.6865
2026-09-29 16:32:43,559 INFO train epoch 36/200 batch 70/178 (39%) running_loss=0.7101
2026-09-29 16:32:53,212 INFO train epoch 36/200 batch 105/178 (59%) running_loss=0.7189
2026-09-29 16:33:02,919 INFO train epoch 36/200 batch 140/178 (79%) running_loss=0.7293
2026-09-29 16:33:12,525 INFO train epoch 36/200 batch 175/178 (98%) running_loss=0.7251
2026-09-29 16:33:13,262 INFO train epoch 36/200 batch 178/178 (100%) running_loss=0.7249
2026-09-29 16:33:19,704 INFO epoch 36/200 done: train_loss=0.7249 val_loss=0.5281 val_accuracy=0.8413 val_macro_f1=0.8127 val_macro_auc=0.9771 (checkpoint_metric=macro_auc)
2026-09-29 16:33:29,731 INFO train epoch 37/200 batch 35/178 (20%) running_loss=0.7485
2026-09-29 16:33:39,270 INFO train epoch 37/200 batch 70/178 (39%) running_loss=0.7358
2026-09-29 16:33:48,855 INFO train epoch 37/200 batch 105/178 (59%) running_loss=0.7375
2026-09-29 16:33:58,419 INFO train epoch 37/200 batch 140/178 (79%) running_loss=0.7302
2026-09-29 16:34:07,949 INFO train epoch 37/200 batch 175/178 (98%) running_loss=0.7389
2026-09-29 16:34:08,683 INFO train epoch 37/200 batch 178/178 (100%) running_loss=0.7381
2026-09-29 16:34:15,128 INFO epoch 37/200 done: train_loss=0.7381 val_loss=0.4121 val_accuracy=0.8688 val_macro_f1=0.8382 val_macro_auc=0.9807 (checkpoint_metric=macro_auc)
2026-09-29 16:34:25,200 INFO train epoch 38/200 batch 35/178 (20%) running_loss=0.7296
2026-09-29 16:34:34,847 INFO train epoch 38/200 batch 70/178 (39%) running_loss=0.7285
2026-09-29 16:34:44,419 INFO train epoch 38/200 batch 105/178 (59%) running_loss=0.7268
2026-09-29 16:34:53,948 INFO train epoch 38/200 batch 140/178 (79%) running_loss=0.7265
2026-09-29 16:35:03,506 INFO train epoch 38/200 batch 175/178 (98%) running_loss=0.7227
2026-09-29 16:35:04,244 INFO train epoch 38/200 batch 178/178 (100%) running_loss=0.7228
2026-09-29 16:35:10,784 INFO epoch 38/200 done: train_loss=0.7228 val_loss=0.5052 val_accuracy=0.8359 val_macro_f1=0.7972 val_macro_auc=0.9822 (checkpoint_metric=macro_auc) [new best]
2026-09-29 16:35:20,833 INFO train epoch 39/200 batch 35/178 (20%) running_loss=0.6942
2026-09-29 16:35:30,397 INFO train epoch 39/200 batch 70/178 (39%) running_loss=0.7026
2026-09-29 16:35:40,107 INFO train epoch 39/200 batch 105/178 (59%) running_loss=0.7089
2026-09-29 16:35:49,703 INFO train epoch 39/200 batch 140/178 (79%) running_loss=0.7141
2026-09-29 16:35:59,302 INFO train epoch 39/200 batch 175/178 (98%) running_loss=0.7172
2026-09-29 16:36:00,043 INFO train epoch 39/200 batch 178/178 (100%) running_loss=0.7148
2026-09-29 16:36:06,594 INFO epoch 39/200 done: train_loss=0.7148 val_loss=0.3920 val_accuracy=0.8832 val_macro_f1=0.8490 val_macro_auc=0.9858 (checkpoint_metric=macro_auc) [new best]
2026-09-29 16:36:16,609 INFO train epoch 40/200 batch 35/178 (20%) running_loss=0.6805
2026-09-29 16:36:26,163 INFO train epoch 40/200 batch 70/178 (39%) running_loss=0.7075
2026-09-29 16:36:35,869 INFO train epoch 40/200 batch 105/178 (59%) running_loss=0.6962
2026-09-29 16:36:45,408 INFO train epoch 40/200 batch 140/178 (79%) running_loss=0.6981
2026-09-29 16:36:54,943 INFO train epoch 40/200 batch 175/178 (98%) running_loss=0.7051
2026-09-29 16:36:55,682 INFO train epoch 40/200 batch 178/178 (100%) running_loss=0.7071
2026-09-29 16:37:02,244 INFO epoch 40/200 done: train_loss=0.7071 val_loss=0.3741 val_accuracy=0.9011 val_macro_f1=0.8649 val_macro_auc=0.9862 (checkpoint_metric=macro_auc) [new best]
2026-09-29 16:37:12,257 INFO train epoch 41/200 batch 35/178 (20%) running_loss=0.7395
2026-09-29 16:37:21,813 INFO train epoch 41/200 batch 70/178 (39%) running_loss=0.7291
2026-09-29 16:37:31,529 INFO train epoch 41/200 batch 105/178 (59%) running_loss=0.7158
2026-09-29 16:37:41,091 INFO train epoch 41/200 batch 140/178 (79%) running_loss=0.7094
2026-09-29 16:37:50,667 INFO train epoch 41/200 batch 175/178 (98%) running_loss=0.7074
2026-09-29 16:37:51,408 INFO train epoch 41/200 batch 178/178 (100%) running_loss=0.7076
2026-09-29 16:37:57,993 INFO epoch 41/200 done: train_loss=0.7076 val_loss=0.3284 val_accuracy=0.9073 val_macro_f1=0.8967 val_macro_auc=0.9887 (checkpoint_metric=macro_auc) [new best]
2026-09-29 16:38:08,058 INFO train epoch 42/200 batch 35/178 (20%) running_loss=0.7139
2026-09-29 16:38:17,674 INFO train epoch 42/200 batch 70/178 (39%) running_loss=0.6967
2026-09-29 16:38:27,382 INFO train epoch 42/200 batch 105/178 (59%) running_loss=0.6969
2026-09-29 16:38:36,958 INFO train epoch 42/200 batch 140/178 (79%) running_loss=0.6995
2026-09-29 16:38:46,571 INFO train epoch 42/200 batch 175/178 (98%) running_loss=0.6967
2026-09-29 16:38:47,313 INFO train epoch 42/200 batch 178/178 (100%) running_loss=0.6974
2026-09-29 16:38:53,855 INFO epoch 42/200 done: train_loss=0.6974 val_loss=0.3520 val_accuracy=0.9073 val_macro_f1=0.8946 val_macro_auc=0.9872 (checkpoint_metric=macro_auc) [new best]
2026-09-29 16:39:03,866 INFO train epoch 43/200 batch 35/178 (20%) running_loss=0.7055
2026-09-29 16:39:13,474 INFO train epoch 43/200 batch 70/178 (39%) running_loss=0.7068
2026-09-29 16:39:23,068 INFO train epoch 43/200 batch 105/178 (59%) running_loss=0.7100
2026-09-29 16:39:32,725 INFO train epoch 43/200 batch 140/178 (79%) running_loss=0.7084
2026-09-29 16:39:42,328 INFO train epoch 43/200 batch 175/178 (98%) running_loss=0.7055
2026-09-29 16:39:43,071 INFO train epoch 43/200 batch 178/178 (100%) running_loss=0.7075
2026-09-29 16:39:49,505 INFO epoch 43/200 done: train_loss=0.7075 val_loss=0.3760 val_accuracy=0.9018 val_macro_f1=0.8804 val_macro_auc=0.9845 (checkpoint_metric=macro_auc)
2026-09-29 16:39:59,523 INFO train epoch 44/200 batch 35/178 (20%) running_loss=0.7013
2026-09-29 16:40:09,123 INFO train epoch 44/200 batch 70/178 (39%) running_loss=0.7052
2026-09-29 16:40:18,698 INFO train epoch 44/200 batch 105/178 (59%) running_loss=0.6993
2026-09-29 16:40:28,278 INFO train epoch 44/200 batch 140/178 (79%) running_loss=0.6935
2026-09-29 16:40:37,906 INFO train epoch 44/200 batch 175/178 (98%) running_loss=0.6906
2026-09-29 16:40:38,646 INFO train epoch 44/200 batch 178/178 (100%) running_loss=0.6901
2026-09-29 16:40:45,091 INFO epoch 44/200 done: train_loss=0.6901 val_loss=0.4207 val_accuracy=0.8832 val_macro_f1=0.8659 val_macro_auc=0.9843 (checkpoint_metric=macro_auc)
2026-09-29 16:40:55,141 INFO train epoch 45/200 batch 35/178 (20%) running_loss=0.6952
2026-09-29 16:41:04,900 INFO train epoch 45/200 batch 70/178 (39%) running_loss=0.6971
2026-09-29 16:41:14,508 INFO train epoch 45/200 batch 105/178 (59%) running_loss=0.6974
2026-09-29 16:41:24,104 INFO train epoch 45/200 batch 140/178 (79%) running_loss=0.6910
2026-09-29 16:41:33,682 INFO train epoch 45/200 batch 175/178 (98%) running_loss=0.6938
2026-09-29 16:41:34,429 INFO train epoch 45/200 batch 178/178 (100%) running_loss=0.6935
2026-09-29 16:41:40,880 INFO epoch 45/200 done: train_loss=0.6935 val_loss=0.4208 val_accuracy=0.8654 val_macro_f1=0.7975 val_macro_auc=0.9774 (checkpoint_metric=macro_auc)
2026-09-29 16:41:50,943 INFO train epoch 46/200 batch 35/178 (20%) running_loss=0.6795
2026-09-29 16:42:00,553 INFO train epoch 46/200 batch 70/178 (39%) running_loss=0.6860
2026-09-29 16:42:10,301 INFO train epoch 46/200 batch 105/178 (59%) running_loss=0.6894
2026-09-29 16:42:19,912 INFO train epoch 46/200 batch 140/178 (79%) running_loss=0.6948
2026-09-29 16:42:29,567 INFO train epoch 46/200 batch 175/178 (98%) running_loss=0.6863
2026-09-29 16:42:30,314 INFO train epoch 46/200 batch 178/178 (100%) running_loss=0.6865
2026-09-29 16:42:36,770 INFO epoch 46/200 done: train_loss=0.6865 val_loss=0.4484 val_accuracy=0.8750 val_macro_f1=0.8342 val_macro_auc=0.9855 (checkpoint_metric=macro_auc)
2026-09-29 16:42:46,848 INFO train epoch 47/200 batch 35/178 (20%) running_loss=0.7064
2026-09-29 16:42:56,438 INFO train epoch 47/200 batch 70/178 (39%) running_loss=0.6961
2026-09-29 16:43:06,211 INFO train epoch 47/200 batch 105/178 (59%) running_loss=0.6979
2026-09-29 16:43:15,821 INFO train epoch 47/200 batch 140/178 (79%) running_loss=0.6956
2026-09-29 16:43:25,458 INFO train epoch 47/200 batch 175/178 (98%) running_loss=0.6918
2026-09-29 16:43:26,196 INFO train epoch 47/200 batch 178/178 (100%) running_loss=0.6909
2026-09-29 16:43:32,638 INFO epoch 47/200 done: train_loss=0.6909 val_loss=0.4205 val_accuracy=0.8819 val_macro_f1=0.8483 val_macro_auc=0.9853 (checkpoint_metric=macro_auc)
2026-09-29 16:43:42,641 INFO train epoch 48/200 batch 35/178 (20%) running_loss=0.6568
2026-09-29 16:43:52,183 INFO train epoch 48/200 batch 70/178 (39%) running_loss=0.6682
2026-09-29 16:44:01,731 INFO train epoch 48/200 batch 105/178 (59%) running_loss=0.6757
2026-09-29 16:44:11,505 INFO train epoch 48/200 batch 140/178 (79%) running_loss=0.6756
2026-09-29 16:44:21,102 INFO train epoch 48/200 batch 175/178 (98%) running_loss=0.6734
2026-09-29 16:44:21,843 INFO train epoch 48/200 batch 178/178 (100%) running_loss=0.6751
2026-09-29 16:44:28,290 INFO epoch 48/200 done: train_loss=0.6751 val_loss=0.4985 val_accuracy=0.8544 val_macro_f1=0.8185 val_macro_auc=0.9789 (checkpoint_metric=macro_auc)
2026-09-29 16:44:38,260 INFO train epoch 49/200 batch 35/178 (20%) running_loss=0.6877
2026-09-29 16:44:47,810 INFO train epoch 49/200 batch 70/178 (39%) running_loss=0.6930
2026-09-29 16:44:57,351 INFO train epoch 49/200 batch 105/178 (59%) running_loss=0.6902
2026-09-29 16:45:07,090 INFO train epoch 49/200 batch 140/178 (79%) running_loss=0.6887
2026-09-29 16:45:16,678 INFO train epoch 49/200 batch 175/178 (98%) running_loss=0.6793
2026-09-29 16:45:17,418 INFO train epoch 49/200 batch 178/178 (100%) running_loss=0.6788
2026-09-29 16:45:23,855 INFO epoch 49/200 done: train_loss=0.6788 val_loss=0.4540 val_accuracy=0.8729 val_macro_f1=0.8613 val_macro_auc=0.9830 (checkpoint_metric=macro_auc)
2026-09-29 16:45:33,768 INFO train epoch 50/200 batch 35/178 (20%) running_loss=0.6693
2026-09-29 16:45:43,312 INFO train epoch 50/200 batch 70/178 (39%) running_loss=0.6745
2026-09-29 16:45:52,873 INFO train epoch 50/200 batch 105/178 (59%) running_loss=0.6736
2026-09-29 16:46:02,599 INFO train epoch 50/200 batch 140/178 (79%) running_loss=0.6788
2026-09-29 16:46:12,149 INFO train epoch 50/200 batch 175/178 (98%) running_loss=0.6769
2026-09-29 16:46:12,886 INFO train epoch 50/200 batch 178/178 (100%) running_loss=0.6775
2026-09-29 16:46:19,334 INFO epoch 50/200 done: train_loss=0.6775 val_loss=0.3684 val_accuracy=0.9038 val_macro_f1=0.8818 val_macro_auc=0.9861 (checkpoint_metric=macro_auc)
2026-09-29 16:46:29,397 INFO train epoch 51/200 batch 35/178 (20%) running_loss=0.6767
2026-09-29 16:46:39,033 INFO train epoch 51/200 batch 70/178 (39%) running_loss=0.6880
2026-09-29 16:46:48,657 INFO train epoch 51/200 batch 105/178 (59%) running_loss=0.6857
2026-09-29 16:46:58,468 INFO train epoch 51/200 batch 140/178 (79%) running_loss=0.6819
2026-09-29 16:47:08,070 INFO train epoch 51/200 batch 175/178 (98%) running_loss=0.6820
2026-09-29 16:47:08,816 INFO train epoch 51/200 batch 178/178 (100%) running_loss=0.6812
2026-09-29 16:47:15,257 INFO epoch 51/200 done: train_loss=0.6812 val_loss=0.3357 val_accuracy=0.9052 val_macro_f1=0.8879 val_macro_auc=0.9883 (checkpoint_metric=macro_auc)
2026-09-29 16:47:25,235 INFO train epoch 52/200 batch 35/178 (20%) running_loss=0.6648
2026-09-29 16:47:34,774 INFO train epoch 52/200 batch 70/178 (39%) running_loss=0.6612
2026-09-29 16:47:44,327 INFO train epoch 52/200 batch 105/178 (59%) running_loss=0.6567
2026-09-29 16:47:54,046 INFO train epoch 52/200 batch 140/178 (79%) running_loss=0.6664
2026-09-29 16:48:03,591 INFO train epoch 52/200 batch 175/178 (98%) running_loss=0.6705
2026-09-29 16:48:04,337 INFO train epoch 52/200 batch 178/178 (100%) running_loss=0.6703
2026-09-29 16:48:10,955 INFO epoch 52/200 done: train_loss=0.6703 val_loss=0.3291 val_accuracy=0.9141 val_macro_f1=0.8947 val_macro_auc=0.9879 (checkpoint_metric=macro_auc) [new best]
2026-09-29 16:48:20,967 INFO train epoch 53/200 batch 35/178 (20%) running_loss=0.6645
2026-09-29 16:48:30,525 INFO train epoch 53/200 batch 70/178 (39%) running_loss=0.6592
2026-09-29 16:48:40,099 INFO train epoch 53/200 batch 105/178 (59%) running_loss=0.6629
2026-09-29 16:48:49,843 INFO train epoch 53/200 batch 140/178 (79%) running_loss=0.6678
2026-09-29 16:48:59,432 INFO train epoch 53/200 batch 175/178 (98%) running_loss=0.6675
2026-09-29 16:49:00,170 INFO train epoch 53/200 batch 178/178 (100%) running_loss=0.6668
2026-09-29 16:49:06,739 INFO epoch 53/200 done: train_loss=0.6668 val_loss=0.3534 val_accuracy=0.9121 val_macro_f1=0.8915 val_macro_auc=0.9876 (checkpoint_metric=macro_auc) [new best]
2026-09-29 16:49:16,691 INFO train epoch 54/200 batch 35/178 (20%) running_loss=0.6606
2026-09-29 16:49:26,225 INFO train epoch 54/200 batch 70/178 (39%) running_loss=0.6677
2026-09-29 16:49:35,820 INFO train epoch 54/200 batch 105/178 (59%) running_loss=0.6603
2026-09-29 16:49:45,364 INFO train epoch 54/200 batch 140/178 (79%) running_loss=0.6578
2026-09-29 16:49:55,006 INFO train epoch 54/200 batch 175/178 (98%) running_loss=0.6507
2026-09-29 16:49:55,751 INFO train epoch 54/200 batch 178/178 (100%) running_loss=0.6505
2026-09-29 16:50:02,192 INFO epoch 54/200 done: train_loss=0.6505 val_loss=0.3577 val_accuracy=0.9045 val_macro_f1=0.8860 val_macro_auc=0.9875 (checkpoint_metric=macro_auc)
2026-09-29 16:50:12,181 INFO train epoch 55/200 batch 35/178 (20%) running_loss=0.6478
2026-09-29 16:50:21,837 INFO train epoch 55/200 batch 70/178 (39%) running_loss=0.6395
2026-09-29 16:50:31,452 INFO train epoch 55/200 batch 105/178 (59%) running_loss=0.6506
2026-09-29 16:50:41,153 INFO train epoch 55/200 batch 140/178 (79%) running_loss=0.6585
2026-09-29 16:50:50,678 INFO train epoch 55/200 batch 175/178 (98%) running_loss=0.6586
2026-09-29 16:50:51,418 INFO train epoch 55/200 batch 178/178 (100%) running_loss=0.6584
2026-09-29 16:50:57,859 INFO epoch 55/200 done: train_loss=0.6584 val_loss=0.3592 val_accuracy=0.8970 val_macro_f1=0.8695 val_macro_auc=0.9880 (checkpoint_metric=macro_auc)
2026-09-29 16:51:07,901 INFO train epoch 56/200 batch 35/178 (20%) running_loss=0.6642
2026-09-29 16:51:17,463 INFO train epoch 56/200 batch 70/178 (39%) running_loss=0.6551
2026-09-29 16:51:27,009 INFO train epoch 56/200 batch 105/178 (59%) running_loss=0.6556
2026-09-29 16:51:36,705 INFO train epoch 56/200 batch 140/178 (79%) running_loss=0.6555
2026-09-29 16:51:46,249 INFO train epoch 56/200 batch 175/178 (98%) running_loss=0.6604
2026-09-29 16:51:46,993 INFO train epoch 56/200 batch 178/178 (100%) running_loss=0.6607
2026-09-29 16:51:53,522 INFO epoch 56/200 done: train_loss=0.6607 val_loss=0.3245 val_accuracy=0.9169 val_macro_f1=0.9062 val_macro_auc=0.9896 (checkpoint_metric=macro_auc) [new best]
2026-09-29 16:52:03,605 INFO train epoch 57/200 batch 35/178 (20%) running_loss=0.6684
2026-09-29 16:52:13,168 INFO train epoch 57/200 batch 70/178 (39%) running_loss=0.6609
2026-09-29 16:52:22,714 INFO train epoch 57/200 batch 105/178 (59%) running_loss=0.6541
2026-09-29 16:52:32,342 INFO train epoch 57/200 batch 140/178 (79%) running_loss=0.6546
2026-09-29 16:52:41,888 INFO train epoch 57/200 batch 175/178 (98%) running_loss=0.6576
2026-09-29 16:52:42,629 INFO train epoch 57/200 batch 178/178 (100%) running_loss=0.6585
2026-09-29 16:52:49,176 INFO epoch 57/200 done: train_loss=0.6585 val_loss=0.3525 val_accuracy=0.9128 val_macro_f1=0.9040 val_macro_auc=0.9883 (checkpoint_metric=macro_auc) [new best]
2026-09-29 16:52:59,172 INFO train epoch 58/200 batch 35/178 (20%) running_loss=0.6490
2026-09-29 16:53:08,731 INFO train epoch 58/200 batch 70/178 (39%) running_loss=0.6481
2026-09-29 16:53:18,279 INFO train epoch 58/200 batch 105/178 (59%) running_loss=0.6503
2026-09-29 16:53:27,840 INFO train epoch 58/200 batch 140/178 (79%) running_loss=0.6502
2026-09-29 16:53:37,412 INFO train epoch 58/200 batch 175/178 (98%) running_loss=0.6517
2026-09-29 16:53:38,160 INFO train epoch 58/200 batch 178/178 (100%) running_loss=0.6510
2026-09-29 16:53:44,756 INFO epoch 58/200 done: train_loss=0.6510 val_loss=0.3463 val_accuracy=0.9121 val_macro_f1=0.9043 val_macro_auc=0.9904 (checkpoint_metric=macro_auc) [new best]
2026-09-29 16:53:54,841 INFO train epoch 59/200 batch 35/178 (20%) running_loss=0.6683
2026-09-29 16:54:04,418 INFO train epoch 59/200 batch 70/178 (39%) running_loss=0.6534
2026-09-29 16:54:14,007 INFO train epoch 59/200 batch 105/178 (59%) running_loss=0.6447
2026-09-29 16:54:23,551 INFO train epoch 59/200 batch 140/178 (79%) running_loss=0.6440
2026-09-29 16:54:33,120 INFO train epoch 59/200 batch 175/178 (98%) running_loss=0.6445
2026-09-29 16:54:33,859 INFO train epoch 59/200 batch 178/178 (100%) running_loss=0.6436
2026-09-29 16:54:40,305 INFO epoch 59/200 done: train_loss=0.6436 val_loss=0.4067 val_accuracy=0.8839 val_macro_f1=0.8803 val_macro_auc=0.9880 (checkpoint_metric=macro_auc)
2026-09-29 16:54:50,319 INFO train epoch 60/200 batch 35/178 (20%) running_loss=0.6388
2026-09-29 16:55:00,004 INFO train epoch 60/200 batch 70/178 (39%) running_loss=0.6433
2026-09-29 16:55:09,609 INFO train epoch 60/200 batch 105/178 (59%) running_loss=0.6370
2026-09-29 16:55:19,296 INFO train epoch 60/200 batch 140/178 (79%) running_loss=0.6384
2026-09-29 16:55:28,888 INFO train epoch 60/200 batch 175/178 (98%) running_loss=0.6406
2026-09-29 16:55:29,635 INFO train epoch 60/200 batch 178/178 (100%) running_loss=0.6399
2026-09-29 16:55:36,084 INFO epoch 60/200 done: train_loss=0.6399 val_loss=0.3902 val_accuracy=0.8970 val_macro_f1=0.8535 val_macro_auc=0.9864 (checkpoint_metric=macro_auc)
2026-09-29 16:55:46,158 INFO train epoch 61/200 batch 35/178 (20%) running_loss=0.6470
2026-09-29 16:55:55,785 INFO train epoch 61/200 batch 70/178 (39%) running_loss=0.6491
2026-09-29 16:56:05,423 INFO train epoch 61/200 batch 105/178 (59%) running_loss=0.6509
2026-09-29 16:56:15,031 INFO train epoch 61/200 batch 140/178 (79%) running_loss=0.6500
2026-09-29 16:56:24,616 INFO train epoch 61/200 batch 175/178 (98%) running_loss=0.6536
2026-09-29 16:56:25,360 INFO train epoch 61/200 batch 178/178 (100%) running_loss=0.6542
2026-09-29 16:56:31,793 INFO epoch 61/200 done: train_loss=0.6542 val_loss=0.3852 val_accuracy=0.8977 val_macro_f1=0.8900 val_macro_auc=0.9883 (checkpoint_metric=macro_auc)
2026-09-29 16:56:41,854 INFO train epoch 62/200 batch 35/178 (20%) running_loss=0.6654
2026-09-29 16:56:51,617 INFO train epoch 62/200 batch 70/178 (39%) running_loss=0.6417
2026-09-29 16:57:01,235 INFO train epoch 62/200 batch 105/178 (59%) running_loss=0.6576
2026-09-29 16:57:10,765 INFO train epoch 62/200 batch 140/178 (79%) running_loss=0.6576
2026-09-29 16:57:20,324 INFO train epoch 62/200 batch 175/178 (98%) running_loss=0.6529
2026-09-29 16:57:21,067 INFO train epoch 62/200 batch 178/178 (100%) running_loss=0.6533
2026-09-29 16:57:27,516 INFO epoch 62/200 done: train_loss=0.6533 val_loss=0.3588 val_accuracy=0.8997 val_macro_f1=0.8703 val_macro_auc=0.9885 (checkpoint_metric=macro_auc)
2026-09-29 16:57:37,545 INFO train epoch 63/200 batch 35/178 (20%) running_loss=0.6483
2026-09-29 16:57:47,161 INFO train epoch 63/200 batch 70/178 (39%) running_loss=0.6412
2026-09-29 16:57:56,982 INFO train epoch 63/200 batch 105/178 (59%) running_loss=0.6448
2026-09-29 16:58:06,625 INFO train epoch 63/200 batch 140/178 (79%) running_loss=0.6461
2026-09-29 16:58:16,204 INFO train epoch 63/200 batch 175/178 (98%) running_loss=0.6449
2026-09-29 16:58:16,948 INFO train epoch 63/200 batch 178/178 (100%) running_loss=0.6458
2026-09-29 16:58:23,378 INFO epoch 63/200 done: train_loss=0.6458 val_loss=0.3749 val_accuracy=0.8956 val_macro_f1=0.8743 val_macro_auc=0.9903 (checkpoint_metric=macro_auc)
2026-09-29 16:58:33,391 INFO train epoch 64/200 batch 35/178 (20%) running_loss=0.6348
2026-09-29 16:58:42,925 INFO train epoch 64/200 batch 70/178 (39%) running_loss=0.6363
2026-09-29 16:58:52,660 INFO train epoch 64/200 batch 105/178 (59%) running_loss=0.6404
2026-09-29 16:59:02,231 INFO train epoch 64/200 batch 140/178 (79%) running_loss=0.6423
2026-09-29 16:59:11,775 INFO train epoch 64/200 batch 175/178 (98%) running_loss=0.6438
2026-09-29 16:59:12,508 INFO train epoch 64/200 batch 178/178 (100%) running_loss=0.6437
2026-09-29 16:59:19,081 INFO epoch 64/200 done: train_loss=0.6437 val_loss=0.3217 val_accuracy=0.9217 val_macro_f1=0.9022 val_macro_auc=0.9895 (checkpoint_metric=macro_auc) [new best]
2026-09-29 16:59:29,108 INFO train epoch 65/200 batch 35/178 (20%) running_loss=0.6243
2026-09-29 16:59:38,704 INFO train epoch 65/200 batch 70/178 (39%) running_loss=0.6352
2026-09-29 16:59:48,300 INFO train epoch 65/200 batch 105/178 (59%) running_loss=0.6391
2026-09-29 16:59:58,073 INFO train epoch 65/200 batch 140/178 (79%) running_loss=0.6408
2026-09-29 17:00:07,694 INFO train epoch 65/200 batch 175/178 (98%) running_loss=0.6425
2026-09-29 17:00:08,437 INFO train epoch 65/200 batch 178/178 (100%) running_loss=0.6434
2026-09-29 17:00:14,992 INFO epoch 65/200 done: train_loss=0.6434 val_loss=0.3413 val_accuracy=0.9334 val_macro_f1=0.9247 val_macro_auc=0.9904 (checkpoint_metric=macro_auc) [new best]
2026-09-29 17:00:24,965 INFO train epoch 66/200 batch 35/178 (20%) running_loss=0.6457
2026-09-29 17:00:34,510 INFO train epoch 66/200 batch 70/178 (39%) running_loss=0.6410
2026-09-29 17:00:44,053 INFO train epoch 66/200 batch 105/178 (59%) running_loss=0.6342
2026-09-29 17:00:53,570 INFO train epoch 66/200 batch 140/178 (79%) running_loss=0.6371
2026-09-29 17:01:03,159 INFO train epoch 66/200 batch 175/178 (98%) running_loss=0.6408
2026-09-29 17:01:03,894 INFO train epoch 66/200 batch 178/178 (100%) running_loss=0.6403
2026-09-29 17:01:10,331 INFO epoch 66/200 done: train_loss=0.6403 val_loss=0.2956 val_accuracy=0.9279 val_macro_f1=0.9091 val_macro_auc=0.9881 (checkpoint_metric=macro_auc)
2026-09-29 17:01:20,326 INFO train epoch 67/200 batch 35/178 (20%) running_loss=0.6052
2026-09-29 17:01:29,868 INFO train epoch 67/200 batch 70/178 (39%) running_loss=0.6208
2026-09-29 17:01:39,398 INFO train epoch 67/200 batch 105/178 (59%) running_loss=0.6369
2026-09-29 17:01:48,965 INFO train epoch 67/200 batch 140/178 (79%) running_loss=0.6340
2026-09-29 17:01:58,563 INFO train epoch 67/200 batch 175/178 (98%) running_loss=0.6339
2026-09-29 17:01:59,306 INFO train epoch 67/200 batch 178/178 (100%) running_loss=0.6344
2026-09-29 17:02:05,748 INFO epoch 67/200 done: train_loss=0.6344 val_loss=0.3089 val_accuracy=0.9258 val_macro_f1=0.9134 val_macro_auc=0.9908 (checkpoint_metric=macro_auc)
2026-09-29 17:02:15,765 INFO train epoch 68/200 batch 35/178 (20%) running_loss=0.6126
2026-09-29 17:02:25,388 INFO train epoch 68/200 batch 70/178 (39%) running_loss=0.6172
2026-09-29 17:02:34,926 INFO train epoch 68/200 batch 105/178 (59%) running_loss=0.6292
2026-09-29 17:02:44,448 INFO train epoch 68/200 batch 140/178 (79%) running_loss=0.6254
2026-09-29 17:02:53,973 INFO train epoch 68/200 batch 175/178 (98%) running_loss=0.6321
2026-09-29 17:02:54,712 INFO train epoch 68/200 batch 178/178 (100%) running_loss=0.6316
2026-09-29 17:03:01,147 INFO epoch 68/200 done: train_loss=0.6316 val_loss=0.3612 val_accuracy=0.8942 val_macro_f1=0.8632 val_macro_auc=0.9865 (checkpoint_metric=macro_auc)
2026-09-29 17:03:11,197 INFO train epoch 69/200 batch 35/178 (20%) running_loss=0.6412
2026-09-29 17:03:20,773 INFO train epoch 69/200 batch 70/178 (39%) running_loss=0.6272
2026-09-29 17:03:30,386 INFO train epoch 69/200 batch 105/178 (59%) running_loss=0.6304
2026-09-29 17:03:39,993 INFO train epoch 69/200 batch 140/178 (79%) running_loss=0.6338
2026-09-29 17:03:49,582 INFO train epoch 69/200 batch 175/178 (98%) running_loss=0.6333
2026-09-29 17:03:50,329 INFO train epoch 69/200 batch 178/178 (100%) running_loss=0.6324
2026-09-29 17:03:56,763 INFO epoch 69/200 done: train_loss=0.6324 val_loss=0.3228 val_accuracy=0.9245 val_macro_f1=0.9184 val_macro_auc=0.9928 (checkpoint_metric=macro_auc)
2026-09-29 17:04:06,896 INFO train epoch 70/200 batch 35/178 (20%) running_loss=0.6524
2026-09-29 17:04:16,454 INFO train epoch 70/200 batch 70/178 (39%) running_loss=0.6411
2026-09-29 17:04:26,007 INFO train epoch 70/200 batch 105/178 (59%) running_loss=0.6431
2026-09-29 17:04:35,568 INFO train epoch 70/200 batch 140/178 (79%) running_loss=0.6355
2026-09-29 17:04:45,109 INFO train epoch 70/200 batch 175/178 (98%) running_loss=0.6357
2026-09-29 17:04:45,846 INFO train epoch 70/200 batch 178/178 (100%) running_loss=0.6359
2026-09-29 17:04:52,284 INFO epoch 70/200 done: train_loss=0.6359 val_loss=0.3650 val_accuracy=0.8990 val_macro_f1=0.8733 val_macro_auc=0.9892 (checkpoint_metric=macro_auc)
2026-09-29 17:05:02,252 INFO train epoch 71/200 batch 35/178 (20%) running_loss=0.6119
2026-09-29 17:05:11,983 INFO train epoch 71/200 batch 70/178 (39%) running_loss=0.6114
2026-09-29 17:05:21,540 INFO train epoch 71/200 batch 105/178 (59%) running_loss=0.6156
2026-09-29 17:05:31,091 INFO train epoch 71/200 batch 140/178 (79%) running_loss=0.6193
2026-09-29 17:05:40,641 INFO train epoch 71/200 batch 175/178 (98%) running_loss=0.6227
2026-09-29 17:05:41,385 INFO train epoch 71/200 batch 178/178 (100%) running_loss=0.6214
2026-09-29 17:05:47,955 INFO epoch 71/200 done: train_loss=0.6214 val_loss=0.3198 val_accuracy=0.9341 val_macro_f1=0.9239 val_macro_auc=0.9905 (checkpoint_metric=macro_auc) [new best]
2026-09-29 17:05:57,976 INFO train epoch 72/200 batch 35/178 (20%) running_loss=0.6297
2026-09-29 17:06:07,587 INFO train epoch 72/200 batch 70/178 (39%) running_loss=0.6345
2026-09-29 17:06:17,399 INFO train epoch 72/200 batch 105/178 (59%) running_loss=0.6308
2026-09-29 17:06:26,999 INFO train epoch 72/200 batch 140/178 (79%) running_loss=0.6304
2026-09-29 17:06:36,528 INFO train epoch 72/200 batch 175/178 (98%) running_loss=0.6280
2026-09-29 17:06:37,266 INFO train epoch 72/200 batch 178/178 (100%) running_loss=0.6280
2026-09-29 17:06:43,698 INFO epoch 72/200 done: train_loss=0.6280 val_loss=0.2915 val_accuracy=0.9396 val_macro_f1=0.9256 val_macro_auc=0.9927 (checkpoint_metric=macro_auc)
2026-09-29 17:06:53,653 INFO train epoch 73/200 batch 35/178 (20%) running_loss=0.6030
2026-09-29 17:07:03,365 INFO train epoch 73/200 batch 70/178 (39%) running_loss=0.6137
2026-09-29 17:07:12,891 INFO train epoch 73/200 batch 105/178 (59%) running_loss=0.6248
2026-09-29 17:07:22,402 INFO train epoch 73/200 batch 140/178 (79%) running_loss=0.6272
2026-09-29 17:07:32,039 INFO train epoch 73/200 batch 175/178 (98%) running_loss=0.6272
2026-09-29 17:07:32,780 INFO train epoch 73/200 batch 178/178 (100%) running_loss=0.6282
2026-09-29 17:07:39,320 INFO epoch 73/200 done: train_loss=0.6282 val_loss=0.3267 val_accuracy=0.9128 val_macro_f1=0.8866 val_macro_auc=0.9896 (checkpoint_metric=macro_auc) [new best]
2026-09-29 17:07:49,312 INFO train epoch 74/200 batch 35/178 (20%) running_loss=0.6028
2026-09-29 17:07:58,957 INFO train epoch 74/200 batch 70/178 (39%) running_loss=0.6183
2026-09-29 17:08:08,483 INFO train epoch 74/200 batch 105/178 (59%) running_loss=0.6200
2026-09-29 17:08:18,032 INFO train epoch 74/200 batch 140/178 (79%) running_loss=0.6200
2026-09-29 17:08:27,624 INFO train epoch 74/200 batch 175/178 (98%) running_loss=0.6256
2026-09-29 17:08:28,372 INFO train epoch 74/200 batch 178/178 (100%) running_loss=0.6266
2026-09-29 17:08:34,919 INFO epoch 74/200 done: train_loss=0.6266 val_loss=0.2973 val_accuracy=0.9334 val_macro_f1=0.9192 val_macro_auc=0.9918 (checkpoint_metric=macro_auc) [new best]
2026-09-29 17:08:45,135 INFO train epoch 75/200 batch 35/178 (20%) running_loss=0.6436
2026-09-29 17:08:54,783 INFO train epoch 75/200 batch 70/178 (39%) running_loss=0.6387
2026-09-29 17:09:04,480 INFO train epoch 75/200 batch 105/178 (59%) running_loss=0.6309
2026-09-29 17:09:14,091 INFO train epoch 75/200 batch 140/178 (79%) running_loss=0.6205
2026-09-29 17:09:23,652 INFO train epoch 75/200 batch 175/178 (98%) running_loss=0.6262
2026-09-29 17:09:24,392 INFO train epoch 75/200 batch 178/178 (100%) running_loss=0.6270
2026-09-29 17:09:30,824 INFO epoch 75/200 done: train_loss=0.6270 val_loss=0.3048 val_accuracy=0.9299 val_macro_f1=0.9157 val_macro_auc=0.9914 (checkpoint_metric=macro_auc)
2026-09-29 17:09:40,798 INFO train epoch 76/200 batch 35/178 (20%) running_loss=0.6072
2026-09-29 17:09:50,373 INFO train epoch 76/200 batch 70/178 (39%) running_loss=0.6225
2026-09-29 17:09:59,908 INFO train epoch 76/200 batch 105/178 (59%) running_loss=0.6341
2026-09-29 17:10:09,454 INFO train epoch 76/200 batch 140/178 (79%) running_loss=0.6307
2026-09-29 17:10:19,064 INFO train epoch 76/200 batch 175/178 (98%) running_loss=0.6273
2026-09-29 17:10:19,803 INFO train epoch 76/200 batch 178/178 (100%) running_loss=0.6263
2026-09-29 17:10:26,247 INFO epoch 76/200 done: train_loss=0.6263 val_loss=0.3817 val_accuracy=0.8977 val_macro_f1=0.8759 val_macro_auc=0.9894 (checkpoint_metric=macro_auc)
2026-09-29 17:10:36,244 INFO train epoch 77/200 batch 35/178 (20%) running_loss=0.6117
2026-09-29 17:10:45,819 INFO train epoch 77/200 batch 70/178 (39%) running_loss=0.6186
2026-09-29 17:10:55,367 INFO train epoch 77/200 batch 105/178 (59%) running_loss=0.6218
2026-09-29 17:11:04,902 INFO train epoch 77/200 batch 140/178 (79%) running_loss=0.6204
2026-09-29 17:11:14,452 INFO train epoch 77/200 batch 175/178 (98%) running_loss=0.6264
2026-09-29 17:11:15,189 INFO train epoch 77/200 batch 178/178 (100%) running_loss=0.6268
2026-09-29 17:11:21,632 INFO epoch 77/200 done: train_loss=0.6268 val_loss=0.3366 val_accuracy=0.9135 val_macro_f1=0.9026 val_macro_auc=0.9907 (checkpoint_metric=macro_auc)
2026-09-29 17:11:31,645 INFO train epoch 78/200 batch 35/178 (20%) running_loss=0.6128
2026-09-29 17:11:41,185 INFO train epoch 78/200 batch 70/178 (39%) running_loss=0.6173
2026-09-29 17:11:50,891 INFO train epoch 78/200 batch 105/178 (59%) running_loss=0.6147
2026-09-29 17:12:00,451 INFO train epoch 78/200 batch 140/178 (79%) running_loss=0.6176
2026-09-29 17:12:09,973 INFO train epoch 78/200 batch 175/178 (98%) running_loss=0.6216
2026-09-29 17:12:10,717 INFO train epoch 78/200 batch 178/178 (100%) running_loss=0.6227
2026-09-29 17:12:17,155 INFO epoch 78/200 done: train_loss=0.6227 val_loss=0.3476 val_accuracy=0.9045 val_macro_f1=0.8917 val_macro_auc=0.9896 (checkpoint_metric=macro_auc)
2026-09-29 17:12:27,133 INFO train epoch 79/200 batch 35/178 (20%) running_loss=0.6175
2026-09-29 17:12:36,646 INFO train epoch 79/200 batch 70/178 (39%) running_loss=0.6252
2026-09-29 17:12:46,156 INFO train epoch 79/200 batch 105/178 (59%) running_loss=0.6301
2026-09-29 17:12:55,662 INFO train epoch 79/200 batch 140/178 (79%) running_loss=0.6268
2026-09-29 17:13:05,187 INFO train epoch 79/200 batch 175/178 (98%) running_loss=0.6190
2026-09-29 17:13:05,923 INFO train epoch 79/200 batch 178/178 (100%) running_loss=0.6197
2026-09-29 17:13:12,354 INFO epoch 79/200 done: train_loss=0.6197 val_loss=0.3143 val_accuracy=0.9231 val_macro_f1=0.9157 val_macro_auc=0.9904 (checkpoint_metric=macro_auc)
2026-09-29 17:13:22,475 INFO train epoch 80/200 batch 35/178 (20%) running_loss=0.6054
2026-09-29 17:13:31,991 INFO train epoch 80/200 batch 70/178 (39%) running_loss=0.6066
2026-09-29 17:13:41,497 INFO train epoch 80/200 batch 105/178 (59%) running_loss=0.6157
2026-09-29 17:13:51,018 INFO train epoch 80/200 batch 140/178 (79%) running_loss=0.6167
2026-09-29 17:14:00,538 INFO train epoch 80/200 batch 175/178 (98%) running_loss=0.6206
2026-09-29 17:14:01,273 INFO train epoch 80/200 batch 178/178 (100%) running_loss=0.6215
2026-09-29 17:14:07,724 INFO epoch 80/200 done: train_loss=0.6215 val_loss=0.3417 val_accuracy=0.9087 val_macro_f1=0.8986 val_macro_auc=0.9909 (checkpoint_metric=macro_auc)
2026-09-29 17:14:17,722 INFO train epoch 81/200 batch 35/178 (20%) running_loss=0.6159
2026-09-29 17:14:27,308 INFO train epoch 81/200 batch 70/178 (39%) running_loss=0.6118
2026-09-29 17:14:37,049 INFO train epoch 81/200 batch 105/178 (59%) running_loss=0.6123
2026-09-29 17:14:46,625 INFO train epoch 81/200 batch 140/178 (79%) running_loss=0.6172
2026-09-29 17:14:56,184 INFO train epoch 81/200 batch 175/178 (98%) running_loss=0.6171
2026-09-29 17:14:56,917 INFO train epoch 81/200 batch 178/178 (100%) running_loss=0.6161
2026-09-29 17:15:03,377 INFO epoch 81/200 done: train_loss=0.6161 val_loss=0.3035 val_accuracy=0.9190 val_macro_f1=0.9038 val_macro_auc=0.9903 (checkpoint_metric=macro_auc)
2026-09-29 17:15:13,416 INFO train epoch 82/200 batch 35/178 (20%) running_loss=0.6119
2026-09-29 17:15:22,941 INFO train epoch 82/200 batch 70/178 (39%) running_loss=0.6118
2026-09-29 17:15:32,624 INFO train epoch 82/200 batch 105/178 (59%) running_loss=0.6153
2026-09-29 17:15:42,124 INFO train epoch 82/200 batch 140/178 (79%) running_loss=0.6240
2026-09-29 17:15:51,612 INFO train epoch 82/200 batch 175/178 (98%) running_loss=0.6161
2026-09-29 17:15:52,349 INFO train epoch 82/200 batch 178/178 (100%) running_loss=0.6155
2026-09-29 17:15:58,777 INFO epoch 82/200 done: train_loss=0.6155 val_loss=0.2836 val_accuracy=0.9251 val_macro_f1=0.9144 val_macro_auc=0.9907 (checkpoint_metric=macro_auc)
2026-09-29 17:16:08,775 INFO train epoch 83/200 batch 35/178 (20%) running_loss=0.6090
2026-09-29 17:16:18,295 INFO train epoch 83/200 batch 70/178 (39%) running_loss=0.5989
2026-09-29 17:16:27,813 INFO train epoch 83/200 batch 105/178 (59%) running_loss=0.6109
2026-09-29 17:16:37,301 INFO train epoch 83/200 batch 140/178 (79%) running_loss=0.6113
2026-09-29 17:16:46,796 INFO train epoch 83/200 batch 175/178 (98%) running_loss=0.6082
2026-09-29 17:16:47,529 INFO train epoch 83/200 batch 178/178 (100%) running_loss=0.6093
2026-09-29 17:16:53,963 INFO epoch 83/200 done: train_loss=0.6093 val_loss=0.2982 val_accuracy=0.9334 val_macro_f1=0.9234 val_macro_auc=0.9910 (checkpoint_metric=macro_auc)
2026-09-29 17:17:04,139 INFO train epoch 84/200 batch 35/178 (20%) running_loss=0.6063
2026-09-29 17:17:13,683 INFO train epoch 84/200 batch 70/178 (39%) running_loss=0.6025
2026-09-29 17:17:23,228 INFO train epoch 84/200 batch 105/178 (59%) running_loss=0.6109
2026-09-29 17:17:32,831 INFO train epoch 84/200 batch 140/178 (79%) running_loss=0.6124
2026-09-29 17:17:42,409 INFO train epoch 84/200 batch 175/178 (98%) running_loss=0.6118
2026-09-29 17:17:43,151 INFO train epoch 84/200 batch 178/178 (100%) running_loss=0.6127
2026-09-29 17:17:49,594 INFO epoch 84/200 done: train_loss=0.6127 val_loss=0.3579 val_accuracy=0.9038 val_macro_f1=0.8890 val_macro_auc=0.9887 (checkpoint_metric=macro_auc)
2026-09-29 17:17:59,553 INFO train epoch 85/200 batch 35/178 (20%) running_loss=0.6238
2026-09-29 17:18:09,227 INFO train epoch 85/200 batch 70/178 (39%) running_loss=0.6210
2026-09-29 17:18:18,737 INFO train epoch 85/200 batch 105/178 (59%) running_loss=0.6138
2026-09-29 17:18:28,219 INFO train epoch 85/200 batch 140/178 (79%) running_loss=0.6117
2026-09-29 17:18:37,735 INFO train epoch 85/200 batch 175/178 (98%) running_loss=0.6162
2026-09-29 17:18:38,468 INFO train epoch 85/200 batch 178/178 (100%) running_loss=0.6176
2026-09-29 17:18:44,903 INFO epoch 85/200 done: train_loss=0.6176 val_loss=0.2814 val_accuracy=0.9361 val_macro_f1=0.9256 val_macro_auc=0.9925 (checkpoint_metric=macro_auc)
2026-09-29 17:18:54,918 INFO train epoch 86/200 batch 35/178 (20%) running_loss=0.6155
2026-09-29 17:19:04,510 INFO train epoch 86/200 batch 70/178 (39%) running_loss=0.6162
2026-09-29 17:19:14,253 INFO train epoch 86/200 batch 105/178 (59%) running_loss=0.6161
2026-09-29 17:19:23,822 INFO train epoch 86/200 batch 140/178 (79%) running_loss=0.6127
2026-09-29 17:19:33,342 INFO train epoch 86/200 batch 175/178 (98%) running_loss=0.6092
2026-09-29 17:19:34,084 INFO train epoch 86/200 batch 178/178 (100%) running_loss=0.6084
2026-09-29 17:19:40,654 INFO epoch 86/200 done: train_loss=0.6084 val_loss=0.2798 val_accuracy=0.9251 val_macro_f1=0.9116 val_macro_auc=0.9931 (checkpoint_metric=macro_auc) [new best]
2026-09-29 17:19:50,614 INFO train epoch 87/200 batch 35/178 (20%) running_loss=0.6158
2026-09-29 17:20:00,124 INFO train epoch 87/200 batch 70/178 (39%) running_loss=0.6137
2026-09-29 17:20:09,786 INFO train epoch 87/200 batch 105/178 (59%) running_loss=0.6142
2026-09-29 17:20:19,299 INFO train epoch 87/200 batch 140/178 (79%) running_loss=0.6115
2026-09-29 17:20:28,825 INFO train epoch 87/200 batch 175/178 (98%) running_loss=0.6067
2026-09-29 17:20:29,566 INFO train epoch 87/200 batch 178/178 (100%) running_loss=0.6064
2026-09-29 17:20:36,175 INFO epoch 87/200 done: train_loss=0.6064 val_loss=0.2828 val_accuracy=0.9361 val_macro_f1=0.9247 val_macro_auc=0.9916 (checkpoint_metric=macro_auc) [new best]
2026-09-29 17:20:46,157 INFO train epoch 88/200 batch 35/178 (20%) running_loss=0.5970
2026-09-29 17:20:55,689 INFO train epoch 88/200 batch 70/178 (39%) running_loss=0.6065
2026-09-29 17:21:05,275 INFO train epoch 88/200 batch 105/178 (59%) running_loss=0.6056
2026-09-29 17:21:14,881 INFO train epoch 88/200 batch 140/178 (79%) running_loss=0.6026
2026-09-29 17:21:24,386 INFO train epoch 88/200 batch 175/178 (98%) running_loss=0.6047
2026-09-29 17:21:25,122 INFO train epoch 88/200 batch 178/178 (100%) running_loss=0.6050
2026-09-29 17:21:31,567 INFO epoch 88/200 done: train_loss=0.6050 val_loss=0.3398 val_accuracy=0.9004 val_macro_f1=0.8796 val_macro_auc=0.9872 (checkpoint_metric=macro_auc)
2026-09-29 17:21:41,458 INFO train epoch 89/200 batch 35/178 (20%) running_loss=0.6091
2026-09-29 17:21:51,017 INFO train epoch 89/200 batch 70/178 (39%) running_loss=0.6189
2026-09-29 17:22:00,557 INFO train epoch 89/200 batch 105/178 (59%) running_loss=0.6148
2026-09-29 17:22:10,083 INFO train epoch 89/200 batch 140/178 (79%) running_loss=0.6117
2026-09-29 17:22:19,606 INFO train epoch 89/200 batch 175/178 (98%) running_loss=0.6088
2026-09-29 17:22:20,345 INFO train epoch 89/200 batch 178/178 (100%) running_loss=0.6090
2026-09-29 17:22:26,789 INFO epoch 89/200 done: train_loss=0.6090 val_loss=0.2972 val_accuracy=0.9190 val_macro_f1=0.9088 val_macro_auc=0.9910 (checkpoint_metric=macro_auc)
2026-09-29 17:22:36,837 INFO train epoch 90/200 batch 35/178 (20%) running_loss=0.5688
2026-09-29 17:22:46,336 INFO train epoch 90/200 batch 70/178 (39%) running_loss=0.5837
2026-09-29 17:22:55,856 INFO train epoch 90/200 batch 105/178 (59%) running_loss=0.5900
2026-09-29 17:23:05,383 INFO train epoch 90/200 batch 140/178 (79%) running_loss=0.5893
2026-09-29 17:23:14,921 INFO train epoch 90/200 batch 175/178 (98%) running_loss=0.5952
2026-09-29 17:23:15,658 INFO train epoch 90/200 batch 178/178 (100%) running_loss=0.5949
2026-09-29 17:23:22,102 INFO epoch 90/200 done: train_loss=0.5949 val_loss=0.2763 val_accuracy=0.9416 val_macro_f1=0.9337 val_macro_auc=0.9915 (checkpoint_metric=macro_auc)
2026-09-29 17:23:32,002 INFO train epoch 91/200 batch 35/178 (20%) running_loss=0.5919
2026-09-29 17:23:41,633 INFO train epoch 91/200 batch 70/178 (39%) running_loss=0.5961
2026-09-29 17:23:51,197 INFO train epoch 91/200 batch 105/178 (59%) running_loss=0.5957
2026-09-29 17:24:00,870 INFO train epoch 91/200 batch 140/178 (79%) running_loss=0.5945
2026-09-29 17:24:10,431 INFO train epoch 91/200 batch 175/178 (98%) running_loss=0.5985
2026-09-29 17:24:11,169 INFO train epoch 91/200 batch 178/178 (100%) running_loss=0.5991
2026-09-29 17:24:17,609 INFO epoch 91/200 done: train_loss=0.5991 val_loss=0.2734 val_accuracy=0.9299 val_macro_f1=0.9219 val_macro_auc=0.9921 (checkpoint_metric=macro_auc)
2026-09-29 17:24:27,598 INFO train epoch 92/200 batch 35/178 (20%) running_loss=0.6134
2026-09-29 17:24:37,151 INFO train epoch 92/200 batch 70/178 (39%) running_loss=0.6008
2026-09-29 17:24:46,725 INFO train epoch 92/200 batch 105/178 (59%) running_loss=0.6000
2026-09-29 17:24:56,291 INFO train epoch 92/200 batch 140/178 (79%) running_loss=0.6080
2026-09-29 17:25:05,864 INFO train epoch 92/200 batch 175/178 (98%) running_loss=0.6037
2026-09-29 17:25:06,605 INFO train epoch 92/200 batch 178/178 (100%) running_loss=0.6041
2026-09-29 17:25:13,043 INFO epoch 92/200 done: train_loss=0.6041 val_loss=0.3016 val_accuracy=0.9183 val_macro_f1=0.8989 val_macro_auc=0.9911 (checkpoint_metric=macro_auc)
2026-09-29 17:25:23,003 INFO train epoch 93/200 batch 35/178 (20%) running_loss=0.5878
2026-09-29 17:25:32,693 INFO train epoch 93/200 batch 70/178 (39%) running_loss=0.6002
2026-09-29 17:25:42,193 INFO train epoch 93/200 batch 105/178 (59%) running_loss=0.5996
2026-09-29 17:25:51,760 INFO train epoch 93/200 batch 140/178 (79%) running_loss=0.5995
2026-09-29 17:26:01,254 INFO train epoch 93/200 batch 175/178 (98%) running_loss=0.6005
2026-09-29 17:26:01,992 INFO train epoch 93/200 batch 178/178 (100%) running_loss=0.5996
2026-09-29 17:26:08,425 INFO epoch 93/200 done: train_loss=0.5996 val_loss=0.2955 val_accuracy=0.9279 val_macro_f1=0.9083 val_macro_auc=0.9914 (checkpoint_metric=macro_auc)
2026-09-29 17:26:18,374 INFO train epoch 94/200 batch 35/178 (20%) running_loss=0.5888
2026-09-29 17:26:27,959 INFO train epoch 94/200 batch 70/178 (39%) running_loss=0.5960
2026-09-29 17:26:37,678 INFO train epoch 94/200 batch 105/178 (59%) running_loss=0.5893
2026-09-29 17:26:47,224 INFO train epoch 94/200 batch 140/178 (79%) running_loss=0.6028
2026-09-29 17:26:56,777 INFO train epoch 94/200 batch 175/178 (98%) running_loss=0.6026
2026-09-29 17:26:57,514 INFO train epoch 94/200 batch 178/178 (100%) running_loss=0.6024
2026-09-29 17:27:03,939 INFO epoch 94/200 done: train_loss=0.6024 val_loss=0.2729 val_accuracy=0.9313 val_macro_f1=0.9208 val_macro_auc=0.9920 (checkpoint_metric=macro_auc)
2026-09-29 17:27:13,902 INFO train epoch 95/200 batch 35/178 (20%) running_loss=0.6027
2026-09-29 17:27:23,428 INFO train epoch 95/200 batch 70/178 (39%) running_loss=0.5994
2026-09-29 17:27:32,981 INFO train epoch 95/200 batch 105/178 (59%) running_loss=0.6061
2026-09-29 17:27:42,524 INFO train epoch 95/200 batch 140/178 (79%) running_loss=0.6003
2026-09-29 17:27:52,032 INFO train epoch 95/200 batch 175/178 (98%) running_loss=0.6018
2026-09-29 17:27:52,777 INFO train epoch 95/200 batch 178/178 (100%) running_loss=0.6018
2026-09-29 17:27:59,209 INFO epoch 95/200 done: train_loss=0.6018 val_loss=0.2802 val_accuracy=0.9272 val_macro_f1=0.9153 val_macro_auc=0.9917 (checkpoint_metric=macro_auc)
2026-09-29 17:28:09,352 INFO train epoch 96/200 batch 35/178 (20%) running_loss=0.5833
2026-09-29 17:28:18,871 INFO train epoch 96/200 batch 70/178 (39%) running_loss=0.5981
2026-09-29 17:28:28,388 INFO train epoch 96/200 batch 105/178 (59%) running_loss=0.6043
2026-09-29 17:28:37,901 INFO train epoch 96/200 batch 140/178 (79%) running_loss=0.6002
2026-09-29 17:28:47,433 INFO train epoch 96/200 batch 175/178 (98%) running_loss=0.5933
2026-09-29 17:28:48,167 INFO train epoch 96/200 batch 178/178 (100%) running_loss=0.5938
2026-09-29 17:28:54,613 INFO epoch 96/200 done: train_loss=0.5938 val_loss=0.3134 val_accuracy=0.9224 val_macro_f1=0.9095 val_macro_auc=0.9895 (checkpoint_metric=macro_auc)
2026-09-29 17:29:04,601 INFO train epoch 97/200 batch 35/178 (20%) running_loss=0.5807
2026-09-29 17:29:14,132 INFO train epoch 97/200 batch 70/178 (39%) running_loss=0.5929
2026-09-29 17:29:23,851 INFO train epoch 97/200 batch 105/178 (59%) running_loss=0.6001
2026-09-29 17:29:33,380 INFO train epoch 97/200 batch 140/178 (79%) running_loss=0.6057
2026-09-29 17:29:42,964 INFO train epoch 97/200 batch 175/178 (98%) running_loss=0.6045
2026-09-29 17:29:43,707 INFO train epoch 97/200 batch 178/178 (100%) running_loss=0.6058
2026-09-29 17:29:50,148 INFO epoch 97/200 done: train_loss=0.6058 val_loss=0.2657 val_accuracy=0.9361 val_macro_f1=0.9265 val_macro_auc=0.9917 (checkpoint_metric=macro_auc)
2026-09-29 17:30:00,089 INFO train epoch 98/200 batch 35/178 (20%) running_loss=0.5909
2026-09-29 17:30:09,621 INFO train epoch 98/200 batch 70/178 (39%) running_loss=0.5939
2026-09-29 17:30:19,327 INFO train epoch 98/200 batch 105/178 (59%) running_loss=0.5918
2026-09-29 17:30:28,850 INFO train epoch 98/200 batch 140/178 (79%) running_loss=0.5849
2026-09-29 17:30:38,406 INFO train epoch 98/200 batch 175/178 (98%) running_loss=0.5874
2026-09-29 17:30:39,141 INFO train epoch 98/200 batch 178/178 (100%) running_loss=0.5878
2026-09-29 17:30:45,580 INFO epoch 98/200 done: train_loss=0.5878 val_loss=0.2969 val_accuracy=0.9306 val_macro_f1=0.9177 val_macro_auc=0.9911 (checkpoint_metric=macro_auc)
2026-09-29 17:30:55,546 INFO train epoch 99/200 batch 35/178 (20%) running_loss=0.5816
2026-09-29 17:31:05,062 INFO train epoch 99/200 batch 70/178 (39%) running_loss=0.5956
2026-09-29 17:31:14,579 INFO train epoch 99/200 batch 105/178 (59%) running_loss=0.5925
2026-09-29 17:31:24,243 INFO train epoch 99/200 batch 140/178 (79%) running_loss=0.5906
2026-09-29 17:31:33,755 INFO train epoch 99/200 batch 175/178 (98%) running_loss=0.5896
2026-09-29 17:31:34,494 INFO train epoch 99/200 batch 178/178 (100%) running_loss=0.5904
2026-09-29 17:31:40,924 INFO epoch 99/200 done: train_loss=0.5904 val_loss=0.2929 val_accuracy=0.9286 val_macro_f1=0.9120 val_macro_auc=0.9918 (checkpoint_metric=macro_auc)
2026-09-29 17:31:50,951 INFO train epoch 100/200 batch 35/178 (20%) running_loss=0.5718
2026-09-29 17:32:00,497 INFO train epoch 100/200 batch 70/178 (39%) running_loss=0.5766
2026-09-29 17:32:10,059 INFO train epoch 100/200 batch 105/178 (59%) running_loss=0.5826
2026-09-29 17:32:19,757 INFO train epoch 100/200 batch 140/178 (79%) running_loss=0.5852
2026-09-29 17:32:29,273 INFO train epoch 100/200 batch 175/178 (98%) running_loss=0.5895
2026-09-29 17:32:30,018 INFO train epoch 100/200 batch 178/178 (100%) running_loss=0.5898
2026-09-29 17:32:36,464 INFO epoch 100/200 done: train_loss=0.5898 val_loss=0.2961 val_accuracy=0.9286 val_macro_f1=0.9189 val_macro_auc=0.9914 (checkpoint_metric=macro_auc)
2026-09-29 17:32:46,402 INFO train epoch 101/200 batch 35/178 (20%) running_loss=0.6098
2026-09-29 17:32:55,934 INFO train epoch 101/200 batch 70/178 (39%) running_loss=0.6011
2026-09-29 17:33:05,451 INFO train epoch 101/200 batch 105/178 (59%) running_loss=0.5939
2026-09-29 17:33:15,176 INFO train epoch 101/200 batch 140/178 (79%) running_loss=0.5910
2026-09-29 17:33:24,737 INFO train epoch 101/200 batch 175/178 (98%) running_loss=0.5891
2026-09-29 17:33:25,480 INFO train epoch 101/200 batch 178/178 (100%) running_loss=0.5892
2026-09-29 17:33:31,928 INFO epoch 101/200 done: train_loss=0.5892 val_loss=0.2733 val_accuracy=0.9348 val_macro_f1=0.9241 val_macro_auc=0.9926 (checkpoint_metric=macro_auc)
2026-09-29 17:33:42,016 INFO train epoch 102/200 batch 35/178 (20%) running_loss=0.5983
2026-09-29 17:33:51,579 INFO train epoch 102/200 batch 70/178 (39%) running_loss=0.5967
2026-09-29 17:34:01,182 INFO train epoch 102/200 batch 105/178 (59%) running_loss=0.5875
2026-09-29 17:34:10,948 INFO train epoch 102/200 batch 140/178 (79%) running_loss=0.5853
2026-09-29 17:34:20,525 INFO train epoch 102/200 batch 175/178 (98%) running_loss=0.5853
2026-09-29 17:34:21,265 INFO train epoch 102/200 batch 178/178 (100%) running_loss=0.5854
2026-09-29 17:34:27,703 INFO epoch 102/200 done: train_loss=0.5854 val_loss=0.3061 val_accuracy=0.9320 val_macro_f1=0.9205 val_macro_auc=0.9914 (checkpoint_metric=macro_auc)
2026-09-29 17:34:37,665 INFO train epoch 103/200 batch 35/178 (20%) running_loss=0.5615
2026-09-29 17:34:47,228 INFO train epoch 103/200 batch 70/178 (39%) running_loss=0.5708
2026-09-29 17:34:56,788 INFO train epoch 103/200 batch 105/178 (59%) running_loss=0.5802
2026-09-29 17:35:06,553 INFO train epoch 103/200 batch 140/178 (79%) running_loss=0.5884
2026-09-29 17:35:16,100 INFO train epoch 103/200 batch 175/178 (98%) running_loss=0.5900
2026-09-29 17:35:16,840 INFO train epoch 103/200 batch 178/178 (100%) running_loss=0.5892
2026-09-29 17:35:23,260 INFO epoch 103/200 done: train_loss=0.5892 val_loss=0.2862 val_accuracy=0.9313 val_macro_f1=0.9184 val_macro_auc=0.9912 (checkpoint_metric=macro_auc)
2026-09-29 17:35:33,248 INFO train epoch 104/200 batch 35/178 (20%) running_loss=0.5720
2026-09-29 17:35:42,771 INFO train epoch 104/200 batch 70/178 (39%) running_loss=0.5851
2026-09-29 17:35:52,280 INFO train epoch 104/200 batch 105/178 (59%) running_loss=0.5901
2026-09-29 17:36:01,970 INFO train epoch 104/200 batch 140/178 (79%) running_loss=0.5913
2026-09-29 17:36:11,469 INFO train epoch 104/200 batch 175/178 (98%) running_loss=0.5929
2026-09-29 17:36:12,203 INFO train epoch 104/200 batch 178/178 (100%) running_loss=0.5920
2026-09-29 17:36:18,639 INFO epoch 104/200 done: train_loss=0.5920 val_loss=0.2757 val_accuracy=0.9368 val_macro_f1=0.9237 val_macro_auc=0.9933 (checkpoint_metric=macro_auc)
2026-09-29 17:36:28,616 INFO train epoch 105/200 batch 35/178 (20%) running_loss=0.5842
2026-09-29 17:36:38,128 INFO train epoch 105/200 batch 70/178 (39%) running_loss=0.5827
2026-09-29 17:36:47,629 INFO train epoch 105/200 batch 105/178 (59%) running_loss=0.5822
2026-09-29 17:36:57,286 INFO train epoch 105/200 batch 140/178 (79%) running_loss=0.5765
2026-09-29 17:37:06,785 INFO train epoch 105/200 batch 175/178 (98%) running_loss=0.5801
2026-09-29 17:37:07,518 INFO train epoch 105/200 batch 178/178 (100%) running_loss=0.5804
2026-09-29 17:37:13,959 INFO epoch 105/200 done: train_loss=0.5804 val_loss=0.2953 val_accuracy=0.9210 val_macro_f1=0.9002 val_macro_auc=0.9924 (checkpoint_metric=macro_auc)
2026-09-29 17:37:23,934 INFO train epoch 106/200 batch 35/178 (20%) running_loss=0.5759
2026-09-29 17:37:33,474 INFO train epoch 106/200 batch 70/178 (39%) running_loss=0.5755
2026-09-29 17:37:42,990 INFO train epoch 106/200 batch 105/178 (59%) running_loss=0.5729
2026-09-29 17:37:52,533 INFO train epoch 106/200 batch 140/178 (79%) running_loss=0.5759
2026-09-29 17:38:02,055 INFO train epoch 106/200 batch 175/178 (98%) running_loss=0.5766
2026-09-29 17:38:02,790 INFO train epoch 106/200 batch 178/178 (100%) running_loss=0.5768
2026-09-29 17:38:09,346 INFO epoch 106/200 done: train_loss=0.5768 val_loss=0.2993 val_accuracy=0.9272 val_macro_f1=0.9213 val_macro_auc=0.9920 (checkpoint_metric=macro_auc) [new best]
2026-09-29 17:38:19,491 INFO train epoch 107/200 batch 35/178 (20%) running_loss=0.5710
2026-09-29 17:38:29,101 INFO train epoch 107/200 batch 70/178 (39%) running_loss=0.5848
2026-09-29 17:38:38,703 INFO train epoch 107/200 batch 105/178 (59%) running_loss=0.5735
2026-09-29 17:38:48,300 INFO train epoch 107/200 batch 140/178 (79%) running_loss=0.5765
2026-09-29 17:38:57,937 INFO train epoch 107/200 batch 175/178 (98%) running_loss=0.5799
2026-09-29 17:38:58,682 INFO train epoch 107/200 batch 178/178 (100%) running_loss=0.5798
2026-09-29 17:39:05,131 INFO epoch 107/200 done: train_loss=0.5798 val_loss=0.2573 val_accuracy=0.9389 val_macro_f1=0.9289 val_macro_auc=0.9909 (checkpoint_metric=macro_auc)
2026-09-29 17:39:15,122 INFO train epoch 108/200 batch 35/178 (20%) running_loss=0.5673
2026-09-29 17:39:24,697 INFO train epoch 108/200 batch 70/178 (39%) running_loss=0.5759
2026-09-29 17:39:34,248 INFO train epoch 108/200 batch 105/178 (59%) running_loss=0.5801
2026-09-29 17:39:43,740 INFO train epoch 108/200 batch 140/178 (79%) running_loss=0.5835
2026-09-29 17:39:53,396 INFO train epoch 108/200 batch 175/178 (98%) running_loss=0.5804
2026-09-29 17:39:54,132 INFO train epoch 108/200 batch 178/178 (100%) running_loss=0.5803
2026-09-29 17:40:00,582 INFO epoch 108/200 done: train_loss=0.5803 val_loss=0.2505 val_accuracy=0.9402 val_macro_f1=0.9315 val_macro_auc=0.9932 (checkpoint_metric=macro_auc)
2026-09-29 17:40:10,601 INFO train epoch 109/200 batch 35/178 (20%) running_loss=0.5934
2026-09-29 17:40:20,139 INFO train epoch 109/200 batch 70/178 (39%) running_loss=0.5793
2026-09-29 17:40:29,696 INFO train epoch 109/200 batch 105/178 (59%) running_loss=0.5786
2026-09-29 17:40:39,427 INFO train epoch 109/200 batch 140/178 (79%) running_loss=0.5781
2026-09-29 17:40:48,994 INFO train epoch 109/200 batch 175/178 (98%) running_loss=0.5791
2026-09-29 17:40:49,733 INFO train epoch 109/200 batch 178/178 (100%) running_loss=0.5790
2026-09-29 17:40:56,164 INFO epoch 109/200 done: train_loss=0.5790 val_loss=0.2995 val_accuracy=0.9217 val_macro_f1=0.9072 val_macro_auc=0.9915 (checkpoint_metric=macro_auc)
2026-09-29 17:41:06,139 INFO train epoch 110/200 batch 35/178 (20%) running_loss=0.5813
2026-09-29 17:41:15,655 INFO train epoch 110/200 batch 70/178 (39%) running_loss=0.5775
2026-09-29 17:41:25,160 INFO train epoch 110/200 batch 105/178 (59%) running_loss=0.5804
2026-09-29 17:41:34,845 INFO train epoch 110/200 batch 140/178 (79%) running_loss=0.5821
2026-09-29 17:41:44,356 INFO train epoch 110/200 batch 175/178 (98%) running_loss=0.5808
2026-09-29 17:41:45,098 INFO train epoch 110/200 batch 178/178 (100%) running_loss=0.5801
2026-09-29 17:41:51,584 INFO epoch 110/200 done: train_loss=0.5801 val_loss=0.2574 val_accuracy=0.9437 val_macro_f1=0.9380 val_macro_auc=0.9924 (checkpoint_metric=macro_auc)
2026-09-29 17:42:01,634 INFO train epoch 111/200 batch 35/178 (20%) running_loss=0.5472
2026-09-29 17:42:11,164 INFO train epoch 111/200 batch 70/178 (39%) running_loss=0.5671
2026-09-29 17:42:20,893 INFO train epoch 111/200 batch 105/178 (59%) running_loss=0.5671
2026-09-29 17:42:30,498 INFO train epoch 111/200 batch 140/178 (79%) running_loss=0.5701
2026-09-29 17:42:40,096 INFO train epoch 111/200 batch 175/178 (98%) running_loss=0.5697
2026-09-29 17:42:40,839 INFO train epoch 111/200 batch 178/178 (100%) running_loss=0.5696
2026-09-29 17:42:47,287 INFO epoch 111/200 done: train_loss=0.5696 val_loss=0.2834 val_accuracy=0.9348 val_macro_f1=0.9270 val_macro_auc=0.9905 (checkpoint_metric=macro_auc)
2026-09-29 17:42:57,244 INFO train epoch 112/200 batch 35/178 (20%) running_loss=0.5814
2026-09-29 17:43:06,924 INFO train epoch 112/200 batch 70/178 (39%) running_loss=0.5661
2026-09-29 17:43:16,440 INFO train epoch 112/200 batch 105/178 (59%) running_loss=0.5650
2026-09-29 17:43:25,949 INFO train epoch 112/200 batch 140/178 (79%) running_loss=0.5678
2026-09-29 17:43:35,451 INFO train epoch 112/200 batch 175/178 (98%) running_loss=0.5721
2026-09-29 17:43:36,184 INFO train epoch 112/200 batch 178/178 (100%) running_loss=0.5730
2026-09-29 17:43:42,637 INFO epoch 112/200 done: train_loss=0.5730 val_loss=0.2734 val_accuracy=0.9279 val_macro_f1=0.9162 val_macro_auc=0.9907 (checkpoint_metric=macro_auc)
2026-09-29 17:43:52,542 INFO train epoch 113/200 batch 35/178 (20%) running_loss=0.5840
2026-09-29 17:44:02,080 INFO train epoch 113/200 batch 70/178 (39%) running_loss=0.5718
2026-09-29 17:44:11,750 INFO train epoch 113/200 batch 105/178 (59%) running_loss=0.5662
2026-09-29 17:44:21,259 INFO train epoch 113/200 batch 140/178 (79%) running_loss=0.5732
2026-09-29 17:44:30,745 INFO train epoch 113/200 batch 175/178 (98%) running_loss=0.5748
2026-09-29 17:44:31,482 INFO train epoch 113/200 batch 178/178 (100%) running_loss=0.5742
2026-09-29 17:44:37,921 INFO epoch 113/200 done: train_loss=0.5742 val_loss=0.3317 val_accuracy=0.9080 val_macro_f1=0.8941 val_macro_auc=0.9900 (checkpoint_metric=macro_auc)
2026-09-29 17:44:47,935 INFO train epoch 114/200 batch 35/178 (20%) running_loss=0.5650
2026-09-29 17:44:57,483 INFO train epoch 114/200 batch 70/178 (39%) running_loss=0.5712
2026-09-29 17:45:07,181 INFO train epoch 114/200 batch 105/178 (59%) running_loss=0.5715
2026-09-29 17:45:16,706 INFO train epoch 114/200 batch 140/178 (79%) running_loss=0.5716
2026-09-29 17:45:26,217 INFO train epoch 114/200 batch 175/178 (98%) running_loss=0.5728
2026-09-29 17:45:26,953 INFO train epoch 114/200 batch 178/178 (100%) running_loss=0.5738
2026-09-29 17:45:33,398 INFO epoch 114/200 done: train_loss=0.5738 val_loss=0.2963 val_accuracy=0.9306 val_macro_f1=0.9173 val_macro_auc=0.9900 (checkpoint_metric=macro_auc)
2026-09-29 17:45:43,446 INFO train epoch 115/200 batch 35/178 (20%) running_loss=0.5595
2026-09-29 17:45:53,012 INFO train epoch 115/200 batch 70/178 (39%) running_loss=0.5726
2026-09-29 17:46:02,560 INFO train epoch 115/200 batch 105/178 (59%) running_loss=0.5762
2026-09-29 17:46:12,269 INFO train epoch 115/200 batch 140/178 (79%) running_loss=0.5746
2026-09-29 17:46:21,858 INFO train epoch 115/200 batch 175/178 (98%) running_loss=0.5728
2026-09-29 17:46:22,601 INFO train epoch 115/200 batch 178/178 (100%) running_loss=0.5718
2026-09-29 17:46:29,036 INFO epoch 115/200 done: train_loss=0.5718 val_loss=0.2860 val_accuracy=0.9299 val_macro_f1=0.9107 val_macro_auc=0.9918 (checkpoint_metric=macro_auc)
2026-09-29 17:46:39,021 INFO train epoch 116/200 batch 35/178 (20%) running_loss=0.5555
2026-09-29 17:46:48,553 INFO train epoch 116/200 batch 70/178 (39%) running_loss=0.5630
2026-09-29 17:46:58,113 INFO train epoch 116/200 batch 105/178 (59%) running_loss=0.5661
2026-09-29 17:47:07,844 INFO train epoch 116/200 batch 140/178 (79%) running_loss=0.5648
2026-09-29 17:47:17,411 INFO train epoch 116/200 batch 175/178 (98%) running_loss=0.5662
2026-09-29 17:47:18,149 INFO train epoch 116/200 batch 178/178 (100%) running_loss=0.5664
2026-09-29 17:47:24,587 INFO epoch 116/200 done: train_loss=0.5664 val_loss=0.2868 val_accuracy=0.9258 val_macro_f1=0.9135 val_macro_auc=0.9923 (checkpoint_metric=macro_auc)
2026-09-29 17:47:34,579 INFO train epoch 117/200 batch 35/178 (20%) running_loss=0.5452
2026-09-29 17:47:44,124 INFO train epoch 117/200 batch 70/178 (39%) running_loss=0.5525
2026-09-29 17:47:53,672 INFO train epoch 117/200 batch 105/178 (59%) running_loss=0.5543
2026-09-29 17:48:03,451 INFO train epoch 117/200 batch 140/178 (79%) running_loss=0.5567
2026-09-29 17:48:12,987 INFO train epoch 117/200 batch 175/178 (98%) running_loss=0.5597
2026-09-29 17:48:13,730 INFO train epoch 117/200 batch 178/178 (100%) running_loss=0.5609
2026-09-29 17:48:20,171 INFO epoch 117/200 done: train_loss=0.5609 val_loss=0.2674 val_accuracy=0.9299 val_macro_f1=0.9183 val_macro_auc=0.9931 (checkpoint_metric=macro_auc)
2026-09-29 17:48:30,183 INFO train epoch 118/200 batch 35/178 (20%) running_loss=0.5704
2026-09-29 17:48:39,740 INFO train epoch 118/200 batch 70/178 (39%) running_loss=0.5606
2026-09-29 17:48:49,280 INFO train epoch 118/200 batch 105/178 (59%) running_loss=0.5602
2026-09-29 17:48:58,981 INFO train epoch 118/200 batch 140/178 (79%) running_loss=0.5583
2026-09-29 17:49:08,531 INFO train epoch 118/200 batch 175/178 (98%) running_loss=0.5560
2026-09-29 17:49:09,274 INFO train epoch 118/200 batch 178/178 (100%) running_loss=0.5571
2026-09-29 17:49:15,720 INFO epoch 118/200 done: train_loss=0.5571 val_loss=0.3573 val_accuracy=0.9059 val_macro_f1=0.8823 val_macro_auc=0.9898 (checkpoint_metric=macro_auc)
2026-09-29 17:49:25,722 INFO train epoch 119/200 batch 35/178 (20%) running_loss=0.5623
2026-09-29 17:49:35,312 INFO train epoch 119/200 batch 70/178 (39%) running_loss=0.5645
2026-09-29 17:49:44,826 INFO train epoch 119/200 batch 105/178 (59%) running_loss=0.5672
2026-09-29 17:49:54,500 INFO train epoch 119/200 batch 140/178 (79%) running_loss=0.5604
2026-09-29 17:50:04,010 INFO train epoch 119/200 batch 175/178 (98%) running_loss=0.5594
2026-09-29 17:50:04,748 INFO train epoch 119/200 batch 178/178 (100%) running_loss=0.5599
2026-09-29 17:50:11,175 INFO epoch 119/200 done: train_loss=0.5599 val_loss=0.2833 val_accuracy=0.9313 val_macro_f1=0.9177 val_macro_auc=0.9915 (checkpoint_metric=macro_auc)
2026-09-29 17:50:21,212 INFO train epoch 120/200 batch 35/178 (20%) running_loss=0.5500
2026-09-29 17:50:30,754 INFO train epoch 120/200 batch 70/178 (39%) running_loss=0.5534
2026-09-29 17:50:40,285 INFO train epoch 120/200 batch 105/178 (59%) running_loss=0.5571
2026-09-29 17:50:50,009 INFO train epoch 120/200 batch 140/178 (79%) running_loss=0.5593
2026-09-29 17:50:59,602 INFO train epoch 120/200 batch 175/178 (98%) running_loss=0.5584
2026-09-29 17:51:00,348 INFO train epoch 120/200 batch 178/178 (100%) running_loss=0.5579
2026-09-29 17:51:06,786 INFO epoch 120/200 done: train_loss=0.5579 val_loss=0.2937 val_accuracy=0.9313 val_macro_f1=0.9238 val_macro_auc=0.9917 (checkpoint_metric=macro_auc)
2026-09-29 17:51:16,681 INFO train epoch 121/200 batch 35/178 (20%) running_loss=0.5711
2026-09-29 17:51:26,180 INFO train epoch 121/200 batch 70/178 (39%) running_loss=0.5732
2026-09-29 17:51:35,681 INFO train epoch 121/200 batch 105/178 (59%) running_loss=0.5658
2026-09-29 17:51:45,375 INFO train epoch 121/200 batch 140/178 (79%) running_loss=0.5639
2026-09-29 17:51:54,995 INFO train epoch 121/200 batch 175/178 (98%) running_loss=0.5620
2026-09-29 17:51:55,740 INFO train epoch 121/200 batch 178/178 (100%) running_loss=0.5626
2026-09-29 17:52:02,178 INFO epoch 121/200 done: train_loss=0.5626 val_loss=0.3047 val_accuracy=0.9210 val_macro_f1=0.9063 val_macro_auc=0.9866 (checkpoint_metric=macro_auc)
2026-09-29 17:52:12,269 INFO train epoch 122/200 batch 35/178 (20%) running_loss=0.5712
2026-09-29 17:52:21,822 INFO train epoch 122/200 batch 70/178 (39%) running_loss=0.5768
2026-09-29 17:52:31,377 INFO train epoch 122/200 batch 105/178 (59%) running_loss=0.5671
2026-09-29 17:52:41,151 INFO train epoch 122/200 batch 140/178 (79%) running_loss=0.5658
2026-09-29 17:52:50,729 INFO train epoch 122/200 batch 175/178 (98%) running_loss=0.5638
2026-09-29 17:52:51,473 INFO train epoch 122/200 batch 178/178 (100%) running_loss=0.5635
2026-09-29 17:52:57,909 INFO epoch 122/200 done: train_loss=0.5635 val_loss=0.2640 val_accuracy=0.9341 val_macro_f1=0.9266 val_macro_auc=0.9930 (checkpoint_metric=macro_auc)
2026-09-29 17:53:07,930 INFO train epoch 123/200 batch 35/178 (20%) running_loss=0.5594
2026-09-29 17:53:17,430 INFO train epoch 123/200 batch 70/178 (39%) running_loss=0.5535
2026-09-29 17:53:26,930 INFO train epoch 123/200 batch 105/178 (59%) running_loss=0.5571
2026-09-29 17:53:36,600 INFO train epoch 123/200 batch 140/178 (79%) running_loss=0.5579
2026-09-29 17:53:46,141 INFO train epoch 123/200 batch 175/178 (98%) running_loss=0.5583
2026-09-29 17:53:46,878 INFO train epoch 123/200 batch 178/178 (100%) running_loss=0.5588
2026-09-29 17:53:53,320 INFO epoch 123/200 done: train_loss=0.5588 val_loss=0.2862 val_accuracy=0.9258 val_macro_f1=0.9065 val_macro_auc=0.9911 (checkpoint_metric=macro_auc)
2026-09-29 17:54:03,368 INFO train epoch 124/200 batch 35/178 (20%) running_loss=0.5624
2026-09-29 17:54:12,891 INFO train epoch 124/200 batch 70/178 (39%) running_loss=0.5555
2026-09-29 17:54:22,414 INFO train epoch 124/200 batch 105/178 (59%) running_loss=0.5572
2026-09-29 17:54:32,086 INFO train epoch 124/200 batch 140/178 (79%) running_loss=0.5591
2026-09-29 17:54:41,651 INFO train epoch 124/200 batch 175/178 (98%) running_loss=0.5562
2026-09-29 17:54:42,390 INFO train epoch 124/200 batch 178/178 (100%) running_loss=0.5566
2026-09-29 17:54:48,822 INFO epoch 124/200 done: train_loss=0.5566 val_loss=0.2731 val_accuracy=0.9348 val_macro_f1=0.9231 val_macro_auc=0.9922 (checkpoint_metric=macro_auc)
2026-09-29 17:54:58,798 INFO train epoch 125/200 batch 35/178 (20%) running_loss=0.5597
2026-09-29 17:55:08,322 INFO train epoch 125/200 batch 70/178 (39%) running_loss=0.5494
2026-09-29 17:55:17,844 INFO train epoch 125/200 batch 105/178 (59%) running_loss=0.5498
2026-09-29 17:55:27,530 INFO train epoch 125/200 batch 140/178 (79%) running_loss=0.5521
2026-09-29 17:55:37,058 INFO train epoch 125/200 batch 175/178 (98%) running_loss=0.5475
2026-09-29 17:55:37,797 INFO train epoch 125/200 batch 178/178 (100%) running_loss=0.5475
2026-09-29 17:55:44,247 INFO epoch 125/200 done: train_loss=0.5475 val_loss=0.2953 val_accuracy=0.9272 val_macro_f1=0.9084 val_macro_auc=0.9923 (checkpoint_metric=macro_auc)
2026-09-29 17:55:54,182 INFO train epoch 126/200 batch 35/178 (20%) running_loss=0.5498
2026-09-29 17:56:03,713 INFO train epoch 126/200 batch 70/178 (39%) running_loss=0.5492
2026-09-29 17:56:13,281 INFO train epoch 126/200 batch 105/178 (59%) running_loss=0.5479
2026-09-29 17:56:22,970 INFO train epoch 126/200 batch 140/178 (79%) running_loss=0.5503
2026-09-29 17:56:32,519 INFO train epoch 126/200 batch 175/178 (98%) running_loss=0.5503
2026-09-29 17:56:33,256 INFO train epoch 126/200 batch 178/178 (100%) running_loss=0.5496
2026-09-29 17:56:39,694 INFO epoch 126/200 done: train_loss=0.5496 val_loss=0.3400 val_accuracy=0.9073 val_macro_f1=0.8817 val_macro_auc=0.9899 (checkpoint_metric=macro_auc)
2026-09-29 17:56:49,663 INFO train epoch 127/200 batch 35/178 (20%) running_loss=0.5507
2026-09-29 17:56:59,202 INFO train epoch 127/200 batch 70/178 (39%) running_loss=0.5426
2026-09-29 17:57:08,826 INFO train epoch 127/200 batch 105/178 (59%) running_loss=0.5403
2026-09-29 17:57:18,662 INFO train epoch 127/200 batch 140/178 (79%) running_loss=0.5419
2026-09-29 17:57:28,237 INFO train epoch 127/200 batch 175/178 (98%) running_loss=0.5448
2026-09-29 17:57:28,979 INFO train epoch 127/200 batch 178/178 (100%) running_loss=0.5450
2026-09-29 17:57:35,421 INFO epoch 127/200 done: train_loss=0.5450 val_loss=0.2934 val_accuracy=0.9327 val_macro_f1=0.9179 val_macro_auc=0.9915 (checkpoint_metric=macro_auc)
2026-09-29 17:57:45,330 INFO train epoch 128/200 batch 35/178 (20%) running_loss=0.5292
2026-09-29 17:57:54,861 INFO train epoch 128/200 batch 70/178 (39%) running_loss=0.5397
2026-09-29 17:58:04,401 INFO train epoch 128/200 batch 105/178 (59%) running_loss=0.5483
2026-09-29 17:58:14,076 INFO train epoch 128/200 batch 140/178 (79%) running_loss=0.5454
2026-09-29 17:58:23,577 INFO train epoch 128/200 batch 175/178 (98%) running_loss=0.5440
2026-09-29 17:58:24,320 INFO train epoch 128/200 batch 178/178 (100%) running_loss=0.5436
2026-09-29 17:58:30,761 INFO epoch 128/200 done: train_loss=0.5436 val_loss=0.2784 val_accuracy=0.9341 val_macro_f1=0.9247 val_macro_auc=0.9932 (checkpoint_metric=macro_auc)
2026-09-29 17:58:40,729 INFO train epoch 129/200 batch 35/178 (20%) running_loss=0.5438
2026-09-29 17:58:50,294 INFO train epoch 129/200 batch 70/178 (39%) running_loss=0.5419
2026-09-29 17:58:59,857 INFO train epoch 129/200 batch 105/178 (59%) running_loss=0.5389
2026-09-29 17:59:09,366 INFO train epoch 129/200 batch 140/178 (79%) running_loss=0.5380
2026-09-29 17:59:18,866 INFO train epoch 129/200 batch 175/178 (98%) running_loss=0.5441
2026-09-29 17:59:19,608 INFO train epoch 129/200 batch 178/178 (100%) running_loss=0.5440
2026-09-29 17:59:26,049 INFO epoch 129/200 done: train_loss=0.5440 val_loss=0.2875 val_accuracy=0.9299 val_macro_f1=0.9122 val_macro_auc=0.9908 (checkpoint_metric=macro_auc)
2026-09-29 17:59:36,026 INFO train epoch 130/200 batch 35/178 (20%) running_loss=0.5680
2026-09-29 17:59:45,701 INFO train epoch 130/200 batch 70/178 (39%) running_loss=0.5479
2026-09-29 17:59:55,228 INFO train epoch 130/200 batch 105/178 (59%) running_loss=0.5464
2026-09-29 18:00:04,744 INFO train epoch 130/200 batch 140/178 (79%) running_loss=0.5500
2026-09-29 18:00:14,282 INFO train epoch 130/200 batch 175/178 (98%) running_loss=0.5531
2026-09-29 18:00:15,018 INFO train epoch 130/200 batch 178/178 (100%) running_loss=0.5531
2026-09-29 18:00:21,460 INFO epoch 130/200 done: train_loss=0.5531 val_loss=0.2589 val_accuracy=0.9402 val_macro_f1=0.9307 val_macro_auc=0.9935 (checkpoint_metric=macro_auc)
2026-09-29 18:00:31,510 INFO train epoch 131/200 batch 35/178 (20%) running_loss=0.5423
2026-09-29 18:00:41,070 INFO train epoch 131/200 batch 70/178 (39%) running_loss=0.5510
2026-09-29 18:00:50,758 INFO train epoch 131/200 batch 105/178 (59%) running_loss=0.5494
2026-09-29 18:01:00,315 INFO train epoch 131/200 batch 140/178 (79%) running_loss=0.5461
2026-09-29 18:01:09,873 INFO train epoch 131/200 batch 175/178 (98%) running_loss=0.5450
2026-09-29 18:01:10,610 INFO train epoch 131/200 batch 178/178 (100%) running_loss=0.5447
2026-09-29 18:01:17,057 INFO epoch 131/200 done: train_loss=0.5447 val_loss=0.2818 val_accuracy=0.9389 val_macro_f1=0.9290 val_macro_auc=0.9931 (checkpoint_metric=macro_auc)
2026-09-29 18:01:27,024 INFO train epoch 132/200 batch 35/178 (20%) running_loss=0.5269
2026-09-29 18:01:36,575 INFO train epoch 132/200 batch 70/178 (39%) running_loss=0.5325
2026-09-29 18:01:46,280 INFO train epoch 132/200 batch 105/178 (59%) running_loss=0.5301
2026-09-29 18:01:55,898 INFO train epoch 132/200 batch 140/178 (79%) running_loss=0.5358
2026-09-29 18:02:05,469 INFO train epoch 132/200 batch 175/178 (98%) running_loss=0.5372
2026-09-29 18:02:06,211 INFO train epoch 132/200 batch 178/178 (100%) running_loss=0.5375
2026-09-29 18:02:12,790 INFO epoch 132/200 done: train_loss=0.5375 val_loss=0.2867 val_accuracy=0.9361 val_macro_f1=0.9242 val_macro_auc=0.9920 (checkpoint_metric=macro_auc) [new best]
2026-09-29 18:02:22,804 INFO train epoch 133/200 batch 35/178 (20%) running_loss=0.5387
2026-09-29 18:02:32,412 INFO train epoch 133/200 batch 70/178 (39%) running_loss=0.5369
2026-09-29 18:02:41,989 INFO train epoch 133/200 batch 105/178 (59%) running_loss=0.5334
2026-09-29 18:02:51,718 INFO train epoch 133/200 batch 140/178 (79%) running_loss=0.5383
2026-09-29 18:03:01,256 INFO train epoch 133/200 batch 175/178 (98%) running_loss=0.5358
2026-09-29 18:03:01,993 INFO train epoch 133/200 batch 178/178 (100%) running_loss=0.5359
2026-09-29 18:03:08,437 INFO epoch 133/200 done: train_loss=0.5359 val_loss=0.2690 val_accuracy=0.9382 val_macro_f1=0.9263 val_macro_auc=0.9924 (checkpoint_metric=macro_auc)
2026-09-29 18:03:18,497 INFO train epoch 134/200 batch 35/178 (20%) running_loss=0.5416
2026-09-29 18:03:28,020 INFO train epoch 134/200 batch 70/178 (39%) running_loss=0.5338
2026-09-29 18:03:37,687 INFO train epoch 134/200 batch 105/178 (59%) running_loss=0.5454
2026-09-29 18:03:47,248 INFO train epoch 134/200 batch 140/178 (79%) running_loss=0.5431
2026-09-29 18:03:56,783 INFO train epoch 134/200 batch 175/178 (98%) running_loss=0.5449
2026-09-29 18:03:57,518 INFO train epoch 134/200 batch 178/178 (100%) running_loss=0.5446
2026-09-29 18:04:03,962 INFO epoch 134/200 done: train_loss=0.5446 val_loss=0.2546 val_accuracy=0.9423 val_macro_f1=0.9381 val_macro_auc=0.9928 (checkpoint_metric=macro_auc)
2026-09-29 18:04:13,951 INFO train epoch 135/200 batch 35/178 (20%) running_loss=0.5308
2026-09-29 18:04:23,676 INFO train epoch 135/200 batch 70/178 (39%) running_loss=0.5342
2026-09-29 18:04:33,200 INFO train epoch 135/200 batch 105/178 (59%) running_loss=0.5364
2026-09-29 18:04:42,720 INFO train epoch 135/200 batch 140/178 (79%) running_loss=0.5364
2026-09-29 18:04:52,198 INFO train epoch 135/200 batch 175/178 (98%) running_loss=0.5401
2026-09-29 18:04:52,929 INFO train epoch 135/200 batch 178/178 (100%) running_loss=0.5395
2026-09-29 18:04:59,380 INFO epoch 135/200 done: train_loss=0.5395 val_loss=0.2647 val_accuracy=0.9327 val_macro_f1=0.9205 val_macro_auc=0.9926 (checkpoint_metric=macro_auc)
2026-09-29 18:05:09,335 INFO train epoch 136/200 batch 35/178 (20%) running_loss=0.5457
2026-09-29 18:05:18,989 INFO train epoch 136/200 batch 70/178 (39%) running_loss=0.5432
2026-09-29 18:05:28,476 INFO train epoch 136/200 batch 105/178 (59%) running_loss=0.5389
2026-09-29 18:05:37,964 INFO train epoch 136/200 batch 140/178 (79%) running_loss=0.5375
2026-09-29 18:05:47,467 INFO train epoch 136/200 batch 175/178 (98%) running_loss=0.5404
2026-09-29 18:05:48,200 INFO train epoch 136/200 batch 178/178 (100%) running_loss=0.5403
2026-09-29 18:05:54,639 INFO epoch 136/200 done: train_loss=0.5403 val_loss=0.2562 val_accuracy=0.9402 val_macro_f1=0.9362 val_macro_auc=0.9928 (checkpoint_metric=macro_auc)
2026-09-29 18:06:04,861 INFO train epoch 137/200 batch 35/178 (20%) running_loss=0.5227
2026-09-29 18:06:14,361 INFO train epoch 137/200 batch 70/178 (39%) running_loss=0.5295
2026-09-29 18:06:23,897 INFO train epoch 137/200 batch 105/178 (59%) running_loss=0.5331
2026-09-29 18:06:33,435 INFO train epoch 137/200 batch 140/178 (79%) running_loss=0.5323
2026-09-29 18:06:43,143 INFO train epoch 137/200 batch 175/178 (98%) running_loss=0.5304
2026-09-29 18:06:43,887 INFO train epoch 137/200 batch 178/178 (100%) running_loss=0.5303
2026-09-29 18:06:50,337 INFO epoch 137/200 done: train_loss=0.5303 val_loss=0.2944 val_accuracy=0.9258 val_macro_f1=0.9094 val_macro_auc=0.9917 (checkpoint_metric=macro_auc)
2026-09-29 18:07:00,367 INFO train epoch 138/200 batch 35/178 (20%) running_loss=0.5189
2026-09-29 18:07:09,924 INFO train epoch 138/200 batch 70/178 (39%) running_loss=0.5323
2026-09-29 18:07:19,512 INFO train epoch 138/200 batch 105/178 (59%) running_loss=0.5310
2026-09-29 18:07:29,089 INFO train epoch 138/200 batch 140/178 (79%) running_loss=0.5326
2026-09-29 18:07:38,862 INFO train epoch 138/200 batch 175/178 (98%) running_loss=0.5303
2026-09-29 18:07:39,610 INFO train epoch 138/200 batch 178/178 (100%) running_loss=0.5308
2026-09-29 18:07:46,051 INFO epoch 138/200 done: train_loss=0.5308 val_loss=0.2605 val_accuracy=0.9389 val_macro_f1=0.9291 val_macro_auc=0.9927 (checkpoint_metric=macro_auc)
2026-09-29 18:07:56,070 INFO train epoch 139/200 batch 35/178 (20%) running_loss=0.5192
2026-09-29 18:08:05,619 INFO train epoch 139/200 batch 70/178 (39%) running_loss=0.5188
2026-09-29 18:08:15,139 INFO train epoch 139/200 batch 105/178 (59%) running_loss=0.5306
2026-09-29 18:08:24,834 INFO train epoch 139/200 batch 140/178 (79%) running_loss=0.5289
2026-09-29 18:08:34,433 INFO train epoch 139/200 batch 175/178 (98%) running_loss=0.5304
2026-09-29 18:08:35,180 INFO train epoch 139/200 batch 178/178 (100%) running_loss=0.5306
2026-09-29 18:08:41,623 INFO epoch 139/200 done: train_loss=0.5306 val_loss=0.2759 val_accuracy=0.9402 val_macro_f1=0.9308 val_macro_auc=0.9921 (checkpoint_metric=macro_auc)
2026-09-29 18:08:51,664 INFO train epoch 140/200 batch 35/178 (20%) running_loss=0.5607
2026-09-29 18:09:01,211 INFO train epoch 140/200 batch 70/178 (39%) running_loss=0.5481
2026-09-29 18:09:10,783 INFO train epoch 140/200 batch 105/178 (59%) running_loss=0.5367
2026-09-29 18:09:20,526 INFO train epoch 140/200 batch 140/178 (79%) running_loss=0.5308
2026-09-29 18:09:30,105 INFO train epoch 140/200 batch 175/178 (98%) running_loss=0.5308
2026-09-29 18:09:30,854 INFO train epoch 140/200 batch 178/178 (100%) running_loss=0.5321
2026-09-29 18:09:37,309 INFO epoch 140/200 done: train_loss=0.5321 val_loss=0.2793 val_accuracy=0.9402 val_macro_f1=0.9292 val_macro_auc=0.9930 (checkpoint_metric=macro_auc)
2026-09-29 18:09:47,372 INFO train epoch 141/200 batch 35/178 (20%) running_loss=0.5307
2026-09-29 18:09:56,941 INFO train epoch 141/200 batch 70/178 (39%) running_loss=0.5340
2026-09-29 18:10:06,538 INFO train epoch 141/200 batch 105/178 (59%) running_loss=0.5290
2026-09-29 18:10:16,320 INFO train epoch 141/200 batch 140/178 (79%) running_loss=0.5254
2026-09-29 18:10:25,903 INFO train epoch 141/200 batch 175/178 (98%) running_loss=0.5214
2026-09-29 18:10:26,652 INFO train epoch 141/200 batch 178/178 (100%) running_loss=0.5216
2026-09-29 18:10:33,095 INFO epoch 141/200 done: train_loss=0.5216 val_loss=0.2930 val_accuracy=0.9265 val_macro_f1=0.9092 val_macro_auc=0.9927 (checkpoint_metric=macro_auc)
2026-09-29 18:10:43,053 INFO train epoch 142/200 batch 35/178 (20%) running_loss=0.5140
2026-09-29 18:10:52,570 INFO train epoch 142/200 batch 70/178 (39%) running_loss=0.5250
2026-09-29 18:11:02,084 INFO train epoch 142/200 batch 105/178 (59%) running_loss=0.5267
2026-09-29 18:11:11,640 INFO train epoch 142/200 batch 140/178 (79%) running_loss=0.5273
2026-09-29 18:11:21,128 INFO train epoch 142/200 batch 175/178 (98%) running_loss=0.5258
2026-09-29 18:11:21,867 INFO train epoch 142/200 batch 178/178 (100%) running_loss=0.5258
2026-09-29 18:11:28,301 INFO epoch 142/200 done: train_loss=0.5258 val_loss=0.2673 val_accuracy=0.9416 val_macro_f1=0.9336 val_macro_auc=0.9923 (checkpoint_metric=macro_auc)
2026-09-29 18:11:38,237 INFO train epoch 143/200 batch 35/178 (20%) running_loss=0.5302
2026-09-29 18:11:47,969 INFO train epoch 143/200 batch 70/178 (39%) running_loss=0.5281
2026-09-29 18:11:57,612 INFO train epoch 143/200 batch 105/178 (59%) running_loss=0.5247
2026-09-29 18:12:07,209 INFO train epoch 143/200 batch 140/178 (79%) running_loss=0.5256
2026-09-29 18:12:16,798 INFO train epoch 143/200 batch 175/178 (98%) running_loss=0.5239
2026-09-29 18:12:17,540 INFO train epoch 143/200 batch 178/178 (100%) running_loss=0.5238
2026-09-29 18:12:23,993 INFO epoch 143/200 done: train_loss=0.5238 val_loss=0.2553 val_accuracy=0.9416 val_macro_f1=0.9329 val_macro_auc=0.9920 (checkpoint_metric=macro_auc)
2026-09-29 18:12:34,012 INFO train epoch 144/200 batch 35/178 (20%) running_loss=0.5313
2026-09-29 18:12:43,540 INFO train epoch 144/200 batch 70/178 (39%) running_loss=0.5305
2026-09-29 18:12:53,202 INFO train epoch 144/200 batch 105/178 (59%) running_loss=0.5246
2026-09-29 18:13:02,713 INFO train epoch 144/200 batch 140/178 (79%) running_loss=0.5201
2026-09-29 18:13:12,200 INFO train epoch 144/200 batch 175/178 (98%) running_loss=0.5200
2026-09-29 18:13:12,934 INFO train epoch 144/200 batch 178/178 (100%) running_loss=0.5202
2026-09-29 18:13:19,378 INFO epoch 144/200 done: train_loss=0.5202 val_loss=0.2606 val_accuracy=0.9409 val_macro_f1=0.9322 val_macro_auc=0.9919 (checkpoint_metric=macro_auc)
2026-09-29 18:13:29,399 INFO train epoch 145/200 batch 35/178 (20%) running_loss=0.5285
2026-09-29 18:13:38,980 INFO train epoch 145/200 batch 70/178 (39%) running_loss=0.5353
2026-09-29 18:13:48,755 INFO train epoch 145/200 batch 105/178 (59%) running_loss=0.5330
2026-09-29 18:13:58,336 INFO train epoch 145/200 batch 140/178 (79%) running_loss=0.5275
2026-09-29 18:14:07,854 INFO train epoch 145/200 batch 175/178 (98%) running_loss=0.5235
2026-09-29 18:14:08,590 INFO train epoch 145/200 batch 178/178 (100%) running_loss=0.5232
2026-09-29 18:14:15,030 INFO epoch 145/200 done: train_loss=0.5232 val_loss=0.2777 val_accuracy=0.9341 val_macro_f1=0.9186 val_macro_auc=0.9899 (checkpoint_metric=macro_auc)
2026-09-29 18:14:25,038 INFO train epoch 146/200 batch 35/178 (20%) running_loss=0.5150
2026-09-29 18:14:34,617 INFO train epoch 146/200 batch 70/178 (39%) running_loss=0.5120
2026-09-29 18:14:44,175 INFO train epoch 146/200 batch 105/178 (59%) running_loss=0.5144
2026-09-29 18:14:53,908 INFO train epoch 146/200 batch 140/178 (79%) running_loss=0.5189
2026-09-29 18:15:03,432 INFO train epoch 146/200 batch 175/178 (98%) running_loss=0.5206
2026-09-29 18:15:04,167 INFO train epoch 146/200 batch 178/178 (100%) running_loss=0.5208
2026-09-29 18:15:10,606 INFO epoch 146/200 done: train_loss=0.5208 val_loss=0.2582 val_accuracy=0.9423 val_macro_f1=0.9335 val_macro_auc=0.9920 (checkpoint_metric=macro_auc)
2026-09-29 18:15:20,651 INFO train epoch 147/200 batch 35/178 (20%) running_loss=0.5317
2026-09-29 18:15:30,235 INFO train epoch 147/200 batch 70/178 (39%) running_loss=0.5317
2026-09-29 18:15:39,775 INFO train epoch 147/200 batch 105/178 (59%) running_loss=0.5271
2026-09-29 18:15:49,497 INFO train epoch 147/200 batch 140/178 (79%) running_loss=0.5243
2026-09-29 18:15:59,071 INFO train epoch 147/200 batch 175/178 (98%) running_loss=0.5225
2026-09-29 18:15:59,811 INFO train epoch 147/200 batch 178/178 (100%) running_loss=0.5223
2026-09-29 18:16:06,227 INFO epoch 147/200 done: train_loss=0.5223 val_loss=0.2669 val_accuracy=0.9409 val_macro_f1=0.9306 val_macro_auc=0.9913 (checkpoint_metric=macro_auc)
2026-09-29 18:16:16,183 INFO train epoch 148/200 batch 35/178 (20%) running_loss=0.5234
2026-09-29 18:16:25,706 INFO train epoch 148/200 batch 70/178 (39%) running_loss=0.5206
2026-09-29 18:16:35,222 INFO train epoch 148/200 batch 105/178 (59%) running_loss=0.5176
2026-09-29 18:16:44,916 INFO train epoch 148/200 batch 140/178 (79%) running_loss=0.5156
2026-09-29 18:16:54,446 INFO train epoch 148/200 batch 175/178 (98%) running_loss=0.5177
2026-09-29 18:16:55,187 INFO train epoch 148/200 batch 178/178 (100%) running_loss=0.5178
2026-09-29 18:17:01,643 INFO epoch 148/200 done: train_loss=0.5178 val_loss=0.2560 val_accuracy=0.9389 val_macro_f1=0.9265 val_macro_auc=0.9927 (checkpoint_metric=macro_auc)
2026-09-29 18:17:11,650 INFO train epoch 149/200 batch 35/178 (20%) running_loss=0.5094
2026-09-29 18:17:21,156 INFO train epoch 149/200 batch 70/178 (39%) running_loss=0.5126
2026-09-29 18:17:30,652 INFO train epoch 149/200 batch 105/178 (59%) running_loss=0.5147
2026-09-29 18:17:40,317 INFO train epoch 149/200 batch 140/178 (79%) running_loss=0.5154
2026-09-29 18:17:49,809 INFO train epoch 149/200 batch 175/178 (98%) running_loss=0.5127
2026-09-29 18:17:50,543 INFO train epoch 149/200 batch 178/178 (100%) running_loss=0.5129
2026-09-29 18:17:56,992 INFO epoch 149/200 done: train_loss=0.5129 val_loss=0.2447 val_accuracy=0.9464 val_macro_f1=0.9429 val_macro_auc=0.9925 (checkpoint_metric=macro_auc)
2026-09-29 18:18:07,022 INFO train epoch 150/200 batch 35/178 (20%) running_loss=0.5191
2026-09-29 18:18:16,612 INFO train epoch 150/200 batch 70/178 (39%) running_loss=0.5221
2026-09-29 18:18:26,161 INFO train epoch 150/200 batch 105/178 (59%) running_loss=0.5236
2026-09-29 18:18:35,864 INFO train epoch 150/200 batch 140/178 (79%) running_loss=0.5245
2026-09-29 18:18:45,432 INFO train epoch 150/200 batch 175/178 (98%) running_loss=0.5227
2026-09-29 18:18:46,172 INFO train epoch 150/200 batch 178/178 (100%) running_loss=0.5225
2026-09-29 18:18:52,727 INFO epoch 150/200 done: train_loss=0.5225 val_loss=0.2521 val_accuracy=0.9396 val_macro_f1=0.9307 val_macro_auc=0.9939 (checkpoint_metric=macro_auc) [new best]
2026-09-29 18:19:02,755 INFO train epoch 151/200 batch 35/178 (20%) running_loss=0.5042
2026-09-29 18:19:12,298 INFO train epoch 151/200 batch 70/178 (39%) running_loss=0.5032
2026-09-29 18:19:21,877 INFO train epoch 151/200 batch 105/178 (59%) running_loss=0.5068
2026-09-29 18:19:31,590 INFO train epoch 151/200 batch 140/178 (79%) running_loss=0.5054
2026-09-29 18:19:41,148 INFO train epoch 151/200 batch 175/178 (98%) running_loss=0.5077
2026-09-29 18:19:41,894 INFO train epoch 151/200 batch 178/178 (100%) running_loss=0.5076
2026-09-29 18:19:48,350 INFO epoch 151/200 done: train_loss=0.5076 val_loss=0.2618 val_accuracy=0.9416 val_macro_f1=0.9321 val_macro_auc=0.9927 (checkpoint_metric=macro_auc)
2026-09-29 18:19:58,357 INFO train epoch 152/200 batch 35/178 (20%) running_loss=0.5066
2026-09-29 18:20:07,930 INFO train epoch 152/200 batch 70/178 (39%) running_loss=0.5118
2026-09-29 18:20:17,669 INFO train epoch 152/200 batch 105/178 (59%) running_loss=0.5112
2026-09-29 18:20:27,236 INFO train epoch 152/200 batch 140/178 (79%) running_loss=0.5133
2026-09-29 18:20:36,815 INFO train epoch 152/200 batch 175/178 (98%) running_loss=0.5153
2026-09-29 18:20:37,558 INFO train epoch 152/200 batch 178/178 (100%) running_loss=0.5151
2026-09-29 18:20:44,144 INFO epoch 152/200 done: train_loss=0.5151 val_loss=0.2572 val_accuracy=0.9423 val_macro_f1=0.9385 val_macro_auc=0.9942 (checkpoint_metric=macro_auc) [new best]
2026-09-29 18:20:54,176 INFO train epoch 153/200 batch 35/178 (20%) running_loss=0.5010
2026-09-29 18:21:03,734 INFO train epoch 153/200 batch 70/178 (39%) running_loss=0.5044
2026-09-29 18:21:13,296 INFO train epoch 153/200 batch 105/178 (59%) running_loss=0.5073
2026-09-29 18:21:23,037 INFO train epoch 153/200 batch 140/178 (79%) running_loss=0.5100
2026-09-29 18:21:32,615 INFO train epoch 153/200 batch 175/178 (98%) running_loss=0.5108
2026-09-29 18:21:33,352 INFO train epoch 153/200 batch 178/178 (100%) running_loss=0.5106
2026-09-29 18:21:39,809 INFO epoch 153/200 done: train_loss=0.5106 val_loss=0.2579 val_accuracy=0.9368 val_macro_f1=0.9268 val_macro_auc=0.9929 (checkpoint_metric=macro_auc)
2026-09-29 18:21:49,870 INFO train epoch 154/200 batch 35/178 (20%) running_loss=0.5027
2026-09-29 18:21:59,458 INFO train epoch 154/200 batch 70/178 (39%) running_loss=0.5044
2026-09-29 18:22:08,985 INFO train epoch 154/200 batch 105/178 (59%) running_loss=0.5014
2026-09-29 18:22:18,715 INFO train epoch 154/200 batch 140/178 (79%) running_loss=0.5012
2026-09-29 18:22:28,255 INFO train epoch 154/200 batch 175/178 (98%) running_loss=0.5028
2026-09-29 18:22:29,002 INFO train epoch 154/200 batch 178/178 (100%) running_loss=0.5028
2026-09-29 18:22:35,455 INFO epoch 154/200 done: train_loss=0.5028 val_loss=0.2715 val_accuracy=0.9361 val_macro_f1=0.9219 val_macro_auc=0.9927 (checkpoint_metric=macro_auc)
2026-09-29 18:22:45,490 INFO train epoch 155/200 batch 35/178 (20%) running_loss=0.5160
2026-09-29 18:22:55,000 INFO train epoch 155/200 batch 70/178 (39%) running_loss=0.5189
2026-09-29 18:23:04,708 INFO train epoch 155/200 batch 105/178 (59%) running_loss=0.5119
2026-09-29 18:23:14,279 INFO train epoch 155/200 batch 140/178 (79%) running_loss=0.5099
2026-09-29 18:23:23,846 INFO train epoch 155/200 batch 175/178 (98%) running_loss=0.5116
2026-09-29 18:23:24,586 INFO train epoch 155/200 batch 178/178 (100%) running_loss=0.5110
2026-09-29 18:23:31,046 INFO epoch 155/200 done: train_loss=0.5110 val_loss=0.2739 val_accuracy=0.9375 val_macro_f1=0.9266 val_macro_auc=0.9928 (checkpoint_metric=macro_auc)
2026-09-29 18:23:40,986 INFO train epoch 156/200 batch 35/178 (20%) running_loss=0.5050
2026-09-29 18:23:50,486 INFO train epoch 156/200 batch 70/178 (39%) running_loss=0.5041
2026-09-29 18:24:00,171 INFO train epoch 156/200 batch 105/178 (59%) running_loss=0.5056
2026-09-29 18:24:09,669 INFO train epoch 156/200 batch 140/178 (79%) running_loss=0.5080
2026-09-29 18:24:19,230 INFO train epoch 156/200 batch 175/178 (98%) running_loss=0.5061
2026-09-29 18:24:19,976 INFO train epoch 156/200 batch 178/178 (100%) running_loss=0.5065
2026-09-29 18:24:26,417 INFO epoch 156/200 done: train_loss=0.5065 val_loss=0.2555 val_accuracy=0.9396 val_macro_f1=0.9287 val_macro_auc=0.9942 (checkpoint_metric=macro_auc)
2026-09-29 18:24:36,456 INFO train epoch 157/200 batch 35/178 (20%) running_loss=0.5070
2026-09-29 18:24:46,243 INFO train epoch 157/200 batch 70/178 (39%) running_loss=0.5078
2026-09-29 18:24:55,892 INFO train epoch 157/200 batch 105/178 (59%) running_loss=0.5063
2026-09-29 18:25:05,528 INFO train epoch 157/200 batch 140/178 (79%) running_loss=0.5110
2026-09-29 18:25:15,149 INFO train epoch 157/200 batch 175/178 (98%) running_loss=0.5125
2026-09-29 18:25:15,897 INFO train epoch 157/200 batch 178/178 (100%) running_loss=0.5123
2026-09-29 18:25:22,346 INFO epoch 157/200 done: train_loss=0.5123 val_loss=0.2567 val_accuracy=0.9409 val_macro_f1=0.9295 val_macro_auc=0.9938 (checkpoint_metric=macro_auc)
2026-09-29 18:25:32,618 INFO train epoch 158/200 batch 35/178 (20%) running_loss=0.5112
2026-09-29 18:25:42,243 INFO train epoch 158/200 batch 70/178 (39%) running_loss=0.5036
2026-09-29 18:25:51,879 INFO train epoch 158/200 batch 105/178 (59%) running_loss=0.5077
2026-09-29 18:26:01,454 INFO train epoch 158/200 batch 140/178 (79%) running_loss=0.5079
2026-09-29 18:26:11,016 INFO train epoch 158/200 batch 175/178 (98%) running_loss=0.5070
2026-09-29 18:26:11,863 INFO train epoch 158/200 batch 178/178 (100%) running_loss=0.5067
2026-09-29 18:26:18,325 INFO epoch 158/200 done: train_loss=0.5067 val_loss=0.2572 val_accuracy=0.9464 val_macro_f1=0.9389 val_macro_auc=0.9920 (checkpoint_metric=macro_auc)
2026-09-29 18:26:28,407 INFO train epoch 159/200 batch 35/178 (20%) running_loss=0.4996
2026-09-29 18:26:38,003 INFO train epoch 159/200 batch 70/178 (39%) running_loss=0.5006
2026-09-29 18:26:47,571 INFO train epoch 159/200 batch 105/178 (59%) running_loss=0.4981
2026-09-29 18:26:57,163 INFO train epoch 159/200 batch 140/178 (79%) running_loss=0.5039
2026-09-29 18:27:06,935 INFO train epoch 159/200 batch 175/178 (98%) running_loss=0.5041
2026-09-29 18:27:07,679 INFO train epoch 159/200 batch 178/178 (100%) running_loss=0.5038
2026-09-29 18:27:14,133 INFO epoch 159/200 done: train_loss=0.5038 val_loss=0.2442 val_accuracy=0.9430 val_macro_f1=0.9301 val_macro_auc=0.9942 (checkpoint_metric=macro_auc)
2026-09-29 18:27:24,093 INFO train epoch 160/200 batch 35/178 (20%) running_loss=0.4899
2026-09-29 18:27:33,650 INFO train epoch 160/200 batch 70/178 (39%) running_loss=0.4880
2026-09-29 18:27:43,218 INFO train epoch 160/200 batch 105/178 (59%) running_loss=0.4882
2026-09-29 18:27:52,983 INFO train epoch 160/200 batch 140/178 (79%) running_loss=0.4902
2026-09-29 18:28:02,583 INFO train epoch 160/200 batch 175/178 (98%) running_loss=0.4925
2026-09-29 18:28:03,324 INFO train epoch 160/200 batch 178/178 (100%) running_loss=0.4932
2026-09-29 18:28:09,765 INFO epoch 160/200 done: train_loss=0.4932 val_loss=0.2582 val_accuracy=0.9444 val_macro_f1=0.9346 val_macro_auc=0.9928 (checkpoint_metric=macro_auc)
2026-09-29 18:28:19,716 INFO train epoch 161/200 batch 35/178 (20%) running_loss=0.5010
2026-09-29 18:28:29,217 INFO train epoch 161/200 batch 70/178 (39%) running_loss=0.4990
2026-09-29 18:28:38,755 INFO train epoch 161/200 batch 105/178 (59%) running_loss=0.5002
2026-09-29 18:28:48,425 INFO train epoch 161/200 batch 140/178 (79%) running_loss=0.5018
2026-09-29 18:28:57,923 INFO train epoch 161/200 batch 175/178 (98%) running_loss=0.5025
2026-09-29 18:28:58,662 INFO train epoch 161/200 batch 178/178 (100%) running_loss=0.5031
2026-09-29 18:29:05,103 INFO epoch 161/200 done: train_loss=0.5031 val_loss=0.2419 val_accuracy=0.9471 val_macro_f1=0.9388 val_macro_auc=0.9934 (checkpoint_metric=macro_auc)
2026-09-29 18:29:15,096 INFO train epoch 162/200 batch 35/178 (20%) running_loss=0.4961
2026-09-29 18:29:24,655 INFO train epoch 162/200 batch 70/178 (39%) running_loss=0.4936
2026-09-29 18:29:34,335 INFO train epoch 162/200 batch 105/178 (59%) running_loss=0.4969
2026-09-29 18:29:43,849 INFO train epoch 162/200 batch 140/178 (79%) running_loss=0.4979
2026-09-29 18:29:53,382 INFO train epoch 162/200 batch 175/178 (98%) running_loss=0.5016
2026-09-29 18:29:54,121 INFO train epoch 162/200 batch 178/178 (100%) running_loss=0.5013
2026-09-29 18:30:00,569 INFO epoch 162/200 done: train_loss=0.5013 val_loss=0.2617 val_accuracy=0.9416 val_macro_f1=0.9309 val_macro_auc=0.9936 (checkpoint_metric=macro_auc)
2026-09-29 18:30:10,541 INFO train epoch 163/200 batch 35/178 (20%) running_loss=0.4833
2026-09-29 18:30:20,050 INFO train epoch 163/200 batch 70/178 (39%) running_loss=0.4888
2026-09-29 18:30:29,569 INFO train epoch 163/200 batch 105/178 (59%) running_loss=0.4930
2026-09-29 18:30:39,321 INFO train epoch 163/200 batch 140/178 (79%) running_loss=0.4958
2026-09-29 18:30:48,908 INFO train epoch 163/200 batch 175/178 (98%) running_loss=0.4978
2026-09-29 18:30:49,643 INFO train epoch 163/200 batch 178/178 (100%) running_loss=0.4972
2026-09-29 18:30:56,081 INFO epoch 163/200 done: train_loss=0.4972 val_loss=0.2614 val_accuracy=0.9361 val_macro_f1=0.9238 val_macro_auc=0.9924 (checkpoint_metric=macro_auc)
2026-09-29 18:31:06,094 INFO train epoch 164/200 batch 35/178 (20%) running_loss=0.5086
2026-09-29 18:31:15,654 INFO train epoch 164/200 batch 70/178 (39%) running_loss=0.5017
2026-09-29 18:31:25,216 INFO train epoch 164/200 batch 105/178 (59%) running_loss=0.4989
2026-09-29 18:31:34,969 INFO train epoch 164/200 batch 140/178 (79%) running_loss=0.4963
2026-09-29 18:31:44,546 INFO train epoch 164/200 batch 175/178 (98%) running_loss=0.4957
2026-09-29 18:31:45,290 INFO train epoch 164/200 batch 178/178 (100%) running_loss=0.4953
2026-09-29 18:31:51,731 INFO epoch 164/200 done: train_loss=0.4953 val_loss=0.2572 val_accuracy=0.9423 val_macro_f1=0.9308 val_macro_auc=0.9927 (checkpoint_metric=macro_auc)
2026-09-29 18:32:01,732 INFO train epoch 165/200 batch 35/178 (20%) running_loss=0.4921
2026-09-29 18:32:11,295 INFO train epoch 165/200 batch 70/178 (39%) running_loss=0.4931
2026-09-29 18:32:20,891 INFO train epoch 165/200 batch 105/178 (59%) running_loss=0.4957
2026-09-29 18:32:30,573 INFO train epoch 165/200 batch 140/178 (79%) running_loss=0.4994
2026-09-29 18:32:40,068 INFO train epoch 165/200 batch 175/178 (98%) running_loss=0.4989
2026-09-29 18:32:40,799 INFO train epoch 165/200 batch 178/178 (100%) running_loss=0.4991
2026-09-29 18:32:47,244 INFO epoch 165/200 done: train_loss=0.4991 val_loss=0.2577 val_accuracy=0.9451 val_macro_f1=0.9364 val_macro_auc=0.9938 (checkpoint_metric=macro_auc)
2026-09-29 18:32:57,167 INFO train epoch 166/200 batch 35/178 (20%) running_loss=0.4984
2026-09-29 18:33:06,726 INFO train epoch 166/200 batch 70/178 (39%) running_loss=0.5004
2026-09-29 18:33:16,240 INFO train epoch 166/200 batch 105/178 (59%) running_loss=0.4997
2026-09-29 18:33:25,912 INFO train epoch 166/200 batch 140/178 (79%) running_loss=0.4981
2026-09-29 18:33:35,392 INFO train epoch 166/200 batch 175/178 (98%) running_loss=0.5001
2026-09-29 18:33:36,129 INFO train epoch 166/200 batch 178/178 (100%) running_loss=0.5001
2026-09-29 18:33:42,585 INFO epoch 166/200 done: train_loss=0.5001 val_loss=0.2686 val_accuracy=0.9368 val_macro_f1=0.9241 val_macro_auc=0.9919 (checkpoint_metric=macro_auc)
2026-09-29 18:33:52,566 INFO train epoch 167/200 batch 35/178 (20%) running_loss=0.4865
2026-09-29 18:34:02,166 INFO train epoch 167/200 batch 70/178 (39%) running_loss=0.4924
2026-09-29 18:34:11,687 INFO train epoch 167/200 batch 105/178 (59%) running_loss=0.4920
2026-09-29 18:34:21,353 INFO train epoch 167/200 batch 140/178 (79%) running_loss=0.4941
2026-09-29 18:34:30,836 INFO train epoch 167/200 batch 175/178 (98%) running_loss=0.4949
2026-09-29 18:34:31,580 INFO train epoch 167/200 batch 178/178 (100%) running_loss=0.4952
2026-09-29 18:34:38,022 INFO epoch 167/200 done: train_loss=0.4952 val_loss=0.2750 val_accuracy=0.9368 val_macro_f1=0.9222 val_macro_auc=0.9923 (checkpoint_metric=macro_auc)
2026-09-29 18:34:47,955 INFO train epoch 168/200 batch 35/178 (20%) running_loss=0.4906
2026-09-29 18:34:57,479 INFO train epoch 168/200 batch 70/178 (39%) running_loss=0.4933
2026-09-29 18:35:07,002 INFO train epoch 168/200 batch 105/178 (59%) running_loss=0.4920
2026-09-29 18:35:16,718 INFO train epoch 168/200 batch 140/178 (79%) running_loss=0.4919
2026-09-29 18:35:26,288 INFO train epoch 168/200 batch 175/178 (98%) running_loss=0.4919
2026-09-29 18:35:27,019 INFO train epoch 168/200 batch 178/178 (100%) running_loss=0.4924
2026-09-29 18:35:33,452 INFO epoch 168/200 done: train_loss=0.4924 val_loss=0.2567 val_accuracy=0.9423 val_macro_f1=0.9317 val_macro_auc=0.9932 (checkpoint_metric=macro_auc)
2026-09-29 18:35:43,367 INFO train epoch 169/200 batch 35/178 (20%) running_loss=0.4996
2026-09-29 18:35:52,889 INFO train epoch 169/200 batch 70/178 (39%) running_loss=0.4988
2026-09-29 18:36:02,401 INFO train epoch 169/200 batch 105/178 (59%) running_loss=0.4947
2026-09-29 18:36:12,070 INFO train epoch 169/200 batch 140/178 (79%) running_loss=0.4975
2026-09-29 18:36:21,575 INFO train epoch 169/200 batch 175/178 (98%) running_loss=0.4960
2026-09-29 18:36:22,308 INFO train epoch 169/200 batch 178/178 (100%) running_loss=0.4968
2026-09-29 18:36:28,740 INFO epoch 169/200 done: train_loss=0.4968 val_loss=0.2550 val_accuracy=0.9444 val_macro_f1=0.9361 val_macro_auc=0.9932 (checkpoint_metric=macro_auc)
2026-09-29 18:36:38,684 INFO train epoch 170/200 batch 35/178 (20%) running_loss=0.4912
2026-09-29 18:36:48,141 INFO train epoch 170/200 batch 70/178 (39%) running_loss=0.4907
2026-09-29 18:36:57,647 INFO train epoch 170/200 batch 105/178 (59%) running_loss=0.4939
2026-09-29 18:37:07,309 INFO train epoch 170/200 batch 140/178 (79%) running_loss=0.4894
2026-09-29 18:37:16,822 INFO train epoch 170/200 batch 175/178 (98%) running_loss=0.4932
2026-09-29 18:37:17,559 INFO train epoch 170/200 batch 178/178 (100%) running_loss=0.4930
2026-09-29 18:37:23,995 INFO epoch 170/200 done: train_loss=0.4930 val_loss=0.2698 val_accuracy=0.9382 val_macro_f1=0.9261 val_macro_auc=0.9920 (checkpoint_metric=macro_auc)
2026-09-29 18:37:33,967 INFO train epoch 171/200 batch 35/178 (20%) running_loss=0.4997
2026-09-29 18:37:43,511 INFO train epoch 171/200 batch 70/178 (39%) running_loss=0.4977
2026-09-29 18:37:53,011 INFO train epoch 171/200 batch 105/178 (59%) running_loss=0.4886
2026-09-29 18:38:02,730 INFO train epoch 171/200 batch 140/178 (79%) running_loss=0.4862
2026-09-29 18:38:12,206 INFO train epoch 171/200 batch 175/178 (98%) running_loss=0.4884
2026-09-29 18:38:12,943 INFO train epoch 171/200 batch 178/178 (100%) running_loss=0.4887
2026-09-29 18:38:19,380 INFO epoch 171/200 done: train_loss=0.4887 val_loss=0.2534 val_accuracy=0.9423 val_macro_f1=0.9324 val_macro_auc=0.9934 (checkpoint_metric=macro_auc)
2026-09-29 18:38:29,368 INFO train epoch 172/200 batch 35/178 (20%) running_loss=0.5007
2026-09-29 18:38:38,946 INFO train epoch 172/200 batch 70/178 (39%) running_loss=0.4991
2026-09-29 18:38:48,521 INFO train epoch 172/200 batch 105/178 (59%) running_loss=0.4986
2026-09-29 18:38:58,257 INFO train epoch 172/200 batch 140/178 (79%) running_loss=0.4931
2026-09-29 18:39:07,794 INFO train epoch 172/200 batch 175/178 (98%) running_loss=0.4926
2026-09-29 18:39:08,532 INFO train epoch 172/200 batch 178/178 (100%) running_loss=0.4926
2026-09-29 18:39:14,970 INFO epoch 172/200 done: train_loss=0.4926 val_loss=0.2410 val_accuracy=0.9526 val_macro_f1=0.9476 val_macro_auc=0.9929 (checkpoint_metric=macro_auc)
2026-09-29 18:39:24,936 INFO train epoch 173/200 batch 35/178 (20%) running_loss=0.4893
2026-09-29 18:39:34,509 INFO train epoch 173/200 batch 70/178 (39%) running_loss=0.4874
2026-09-29 18:39:44,067 INFO train epoch 173/200 batch 105/178 (59%) running_loss=0.4864
2026-09-29 18:39:53,774 INFO train epoch 173/200 batch 140/178 (79%) running_loss=0.4857
2026-09-29 18:40:03,374 INFO train epoch 173/200 batch 175/178 (98%) running_loss=0.4857
2026-09-29 18:40:04,126 INFO train epoch 173/200 batch 178/178 (100%) running_loss=0.4857
2026-09-29 18:40:10,573 INFO epoch 173/200 done: train_loss=0.4857 val_loss=0.2560 val_accuracy=0.9396 val_macro_f1=0.9267 val_macro_auc=0.9935 (checkpoint_metric=macro_auc)
2026-09-29 18:40:20,533 INFO train epoch 174/200 batch 35/178 (20%) running_loss=0.4927
2026-09-29 18:40:30,044 INFO train epoch 174/200 batch 70/178 (39%) running_loss=0.4910
2026-09-29 18:40:39,579 INFO train epoch 174/200 batch 105/178 (59%) running_loss=0.4863
2026-09-29 18:40:49,275 INFO train epoch 174/200 batch 140/178 (79%) running_loss=0.4886
2026-09-29 18:40:58,763 INFO train epoch 174/200 batch 175/178 (98%) running_loss=0.4879
2026-09-29 18:40:59,499 INFO train epoch 174/200 batch 178/178 (100%) running_loss=0.4880
2026-09-29 18:41:05,967 INFO epoch 174/200 done: train_loss=0.4880 val_loss=0.2581 val_accuracy=0.9437 val_macro_f1=0.9314 val_macro_auc=0.9933 (checkpoint_metric=macro_auc)
2026-09-29 18:41:15,900 INFO train epoch 175/200 batch 35/178 (20%) running_loss=0.4867
2026-09-29 18:41:25,433 INFO train epoch 175/200 batch 70/178 (39%) running_loss=0.4968
2026-09-29 18:41:34,944 INFO train epoch 175/200 batch 105/178 (59%) running_loss=0.4940
2026-09-29 18:41:44,444 INFO train epoch 175/200 batch 140/178 (79%) running_loss=0.4916
2026-09-29 18:41:54,051 INFO train epoch 175/200 batch 175/178 (98%) running_loss=0.4903
2026-09-29 18:41:54,788 INFO train epoch 175/200 batch 178/178 (100%) running_loss=0.4902
2026-09-29 18:42:01,249 INFO epoch 175/200 done: train_loss=0.4902 val_loss=0.2491 val_accuracy=0.9457 val_macro_f1=0.9367 val_macro_auc=0.9931 (checkpoint_metric=macro_auc)
2026-09-29 18:42:11,396 INFO train epoch 176/200 batch 35/178 (20%) running_loss=0.4957
2026-09-29 18:42:20,935 INFO train epoch 176/200 batch 70/178 (39%) running_loss=0.4890
2026-09-29 18:42:30,442 INFO train epoch 176/200 batch 105/178 (59%) running_loss=0.4884
2026-09-29 18:42:39,931 INFO train epoch 176/200 batch 140/178 (79%) running_loss=0.4886
2026-09-29 18:42:49,410 INFO train epoch 176/200 batch 175/178 (98%) running_loss=0.4893
2026-09-29 18:42:50,146 INFO train epoch 176/200 batch 178/178 (100%) running_loss=0.4893
2026-09-29 18:42:56,594 INFO epoch 176/200 done: train_loss=0.4893 val_loss=0.2564 val_accuracy=0.9416 val_macro_f1=0.9293 val_macro_auc=0.9929 (checkpoint_metric=macro_auc)
2026-09-29 18:43:06,516 INFO train epoch 177/200 batch 35/178 (20%) running_loss=0.4824
2026-09-29 18:43:16,063 INFO train epoch 177/200 batch 70/178 (39%) running_loss=0.4814
2026-09-29 18:43:25,795 INFO train epoch 177/200 batch 105/178 (59%) running_loss=0.4831
2026-09-29 18:43:35,284 INFO train epoch 177/200 batch 140/178 (79%) running_loss=0.4849
2026-09-29 18:43:44,786 INFO train epoch 177/200 batch 175/178 (98%) running_loss=0.4842
2026-09-29 18:43:45,527 INFO train epoch 177/200 batch 178/178 (100%) running_loss=0.4844
2026-09-29 18:43:51,969 INFO epoch 177/200 done: train_loss=0.4844 val_loss=0.2569 val_accuracy=0.9409 val_macro_f1=0.9277 val_macro_auc=0.9927 (checkpoint_metric=macro_auc)
2026-09-29 18:44:01,960 INFO train epoch 178/200 batch 35/178 (20%) running_loss=0.4894
2026-09-29 18:44:11,472 INFO train epoch 178/200 batch 70/178 (39%) running_loss=0.4872
2026-09-29 18:44:21,152 INFO train epoch 178/200 batch 105/178 (59%) running_loss=0.4884
2026-09-29 18:44:30,666 INFO train epoch 178/200 batch 140/178 (79%) running_loss=0.4897
2026-09-29 18:44:40,162 INFO train epoch 178/200 batch 175/178 (98%) running_loss=0.4888
2026-09-29 18:44:40,903 INFO train epoch 178/200 batch 178/178 (100%) running_loss=0.4890
2026-09-29 18:44:47,346 INFO epoch 178/200 done: train_loss=0.4890 val_loss=0.2628 val_accuracy=0.9423 val_macro_f1=0.9287 val_macro_auc=0.9934 (checkpoint_metric=macro_auc)
2026-09-29 18:44:57,296 INFO train epoch 179/200 batch 35/178 (20%) running_loss=0.4766
2026-09-29 18:45:06,808 INFO train epoch 179/200 batch 70/178 (39%) running_loss=0.4803
2026-09-29 18:45:16,331 INFO train epoch 179/200 batch 105/178 (59%) running_loss=0.4852
2026-09-29 18:45:25,998 INFO train epoch 179/200 batch 140/178 (79%) running_loss=0.4849
2026-09-29 18:45:35,498 INFO train epoch 179/200 batch 175/178 (98%) running_loss=0.4869
2026-09-29 18:45:36,229 INFO train epoch 179/200 batch 178/178 (100%) running_loss=0.4867
2026-09-29 18:45:42,661 INFO epoch 179/200 done: train_loss=0.4867 val_loss=0.2511 val_accuracy=0.9437 val_macro_f1=0.9317 val_macro_auc=0.9933 (checkpoint_metric=macro_auc)
2026-09-29 18:45:52,595 INFO train epoch 180/200 batch 35/178 (20%) running_loss=0.4766
2026-09-29 18:46:02,114 INFO train epoch 180/200 batch 70/178 (39%) running_loss=0.4922
2026-09-29 18:46:11,667 INFO train epoch 180/200 batch 105/178 (59%) running_loss=0.4906
2026-09-29 18:46:21,387 INFO train epoch 180/200 batch 140/178 (79%) running_loss=0.4916
2026-09-29 18:46:30,963 INFO train epoch 180/200 batch 175/178 (98%) running_loss=0.4904
2026-09-29 18:46:31,699 INFO train epoch 180/200 batch 178/178 (100%) running_loss=0.4899
2026-09-29 18:46:38,144 INFO epoch 180/200 done: train_loss=0.4899 val_loss=0.2551 val_accuracy=0.9451 val_macro_f1=0.9361 val_macro_auc=0.9931 (checkpoint_metric=macro_auc)
2026-09-29 18:46:48,046 INFO train epoch 181/200 batch 35/178 (20%) running_loss=0.4817
2026-09-29 18:46:57,535 INFO train epoch 181/200 batch 70/178 (39%) running_loss=0.4831
2026-09-29 18:47:07,068 INFO train epoch 181/200 batch 105/178 (59%) running_loss=0.4809
2026-09-29 18:47:16,778 INFO train epoch 181/200 batch 140/178 (79%) running_loss=0.4845
2026-09-29 18:47:26,326 INFO train epoch 181/200 batch 175/178 (98%) running_loss=0.4888
2026-09-29 18:47:27,060 INFO train epoch 181/200 batch 178/178 (100%) running_loss=0.4883
2026-09-29 18:47:33,511 INFO epoch 181/200 done: train_loss=0.4883 val_loss=0.2560 val_accuracy=0.9430 val_macro_f1=0.9316 val_macro_auc=0.9927 (checkpoint_metric=macro_auc)
2026-09-29 18:47:43,453 INFO train epoch 182/200 batch 35/178 (20%) running_loss=0.4900
2026-09-29 18:47:52,997 INFO train epoch 182/200 batch 70/178 (39%) running_loss=0.4841
2026-09-29 18:48:02,533 INFO train epoch 182/200 batch 105/178 (59%) running_loss=0.4872
2026-09-29 18:48:12,248 INFO train epoch 182/200 batch 140/178 (79%) running_loss=0.4874
2026-09-29 18:48:21,766 INFO train epoch 182/200 batch 175/178 (98%) running_loss=0.4873
2026-09-29 18:48:22,504 INFO train epoch 182/200 batch 178/178 (100%) running_loss=0.4873
2026-09-29 18:48:28,932 INFO epoch 182/200 done: train_loss=0.4873 val_loss=0.2570 val_accuracy=0.9416 val_macro_f1=0.9286 val_macro_auc=0.9928 (checkpoint_metric=macro_auc)
2026-09-29 18:48:38,969 INFO train epoch 183/200 batch 35/178 (20%) running_loss=0.4797
2026-09-29 18:48:48,554 INFO train epoch 183/200 batch 70/178 (39%) running_loss=0.4859
2026-09-29 18:48:58,131 INFO train epoch 183/200 batch 105/178 (59%) running_loss=0.4870
2026-09-29 18:49:07,906 INFO train epoch 183/200 batch 140/178 (79%) running_loss=0.4878
2026-09-29 18:49:17,472 INFO train epoch 183/200 batch 175/178 (98%) running_loss=0.4871
2026-09-29 18:49:18,210 INFO train epoch 183/200 batch 178/178 (100%) running_loss=0.4872
2026-09-29 18:49:24,653 INFO epoch 183/200 done: train_loss=0.4872 val_loss=0.2546 val_accuracy=0.9437 val_macro_f1=0.9320 val_macro_auc=0.9929 (checkpoint_metric=macro_auc)
2026-09-29 18:49:34,714 INFO train epoch 184/200 batch 35/178 (20%) running_loss=0.4984
2026-09-29 18:49:44,343 INFO train epoch 184/200 batch 70/178 (39%) running_loss=0.4917
2026-09-29 18:49:53,910 INFO train epoch 184/200 batch 105/178 (59%) running_loss=0.4863
2026-09-29 18:50:03,594 INFO train epoch 184/200 batch 140/178 (79%) running_loss=0.4876
2026-09-29 18:50:13,128 INFO train epoch 184/200 batch 175/178 (98%) running_loss=0.4854
2026-09-29 18:50:13,875 INFO train epoch 184/200 batch 178/178 (100%) running_loss=0.4852
2026-09-29 18:50:20,337 INFO epoch 184/200 done: train_loss=0.4852 val_loss=0.2537 val_accuracy=0.9457 val_macro_f1=0.9348 val_macro_auc=0.9926 (checkpoint_metric=macro_auc)
2026-09-29 18:50:30,321 INFO train epoch 185/200 batch 35/178 (20%) running_loss=0.4840
2026-09-29 18:50:39,931 INFO train epoch 185/200 batch 70/178 (39%) running_loss=0.4827
2026-09-29 18:50:49,506 INFO train epoch 185/200 batch 105/178 (59%) running_loss=0.4851
2026-09-29 18:50:59,255 INFO train epoch 185/200 batch 140/178 (79%) running_loss=0.4875
2026-09-29 18:51:08,837 INFO train epoch 185/200 batch 175/178 (98%) running_loss=0.4877
2026-09-29 18:51:09,580 INFO train epoch 185/200 batch 178/178 (100%) running_loss=0.4880
2026-09-29 18:51:16,037 INFO epoch 185/200 done: train_loss=0.4880 val_loss=0.2516 val_accuracy=0.9451 val_macro_f1=0.9346 val_macro_auc=0.9928 (checkpoint_metric=macro_auc)
2026-09-29 18:51:26,038 INFO train epoch 186/200 batch 35/178 (20%) running_loss=0.4815
2026-09-29 18:51:35,646 INFO train epoch 186/200 batch 70/178 (39%) running_loss=0.4836
2026-09-29 18:51:45,235 INFO train epoch 186/200 batch 105/178 (59%) running_loss=0.4830
2026-09-29 18:51:55,021 INFO train epoch 186/200 batch 140/178 (79%) running_loss=0.4825
2026-09-29 18:52:04,572 INFO train epoch 186/200 batch 175/178 (98%) running_loss=0.4835
2026-09-29 18:52:05,318 INFO train epoch 186/200 batch 178/178 (100%) running_loss=0.4833
2026-09-29 18:52:11,765 INFO epoch 186/200 done: train_loss=0.4833 val_loss=0.2547 val_accuracy=0.9457 val_macro_f1=0.9347 val_macro_auc=0.9930 (checkpoint_metric=macro_auc)
2026-09-29 18:52:21,748 INFO train epoch 187/200 batch 35/178 (20%) running_loss=0.4909
2026-09-29 18:52:31,289 INFO train epoch 187/200 batch 70/178 (39%) running_loss=0.4811
2026-09-29 18:52:40,838 INFO train epoch 187/200 batch 105/178 (59%) running_loss=0.4837
2026-09-29 18:52:50,570 INFO train epoch 187/200 batch 140/178 (79%) running_loss=0.4846
2026-09-29 18:53:00,056 INFO train epoch 187/200 batch 175/178 (98%) running_loss=0.4854
2026-09-29 18:53:00,793 INFO train epoch 187/200 batch 178/178 (100%) running_loss=0.4851
2026-09-29 18:53:07,229 INFO epoch 187/200 done: train_loss=0.4851 val_loss=0.2462 val_accuracy=0.9464 val_macro_f1=0.9359 val_macro_auc=0.9929 (checkpoint_metric=macro_auc)
2026-09-29 18:53:17,233 INFO train epoch 188/200 batch 35/178 (20%) running_loss=0.4888
2026-09-29 18:53:26,726 INFO train epoch 188/200 batch 70/178 (39%) running_loss=0.4821
2026-09-29 18:53:36,246 INFO train epoch 188/200 batch 105/178 (59%) running_loss=0.4863
2026-09-29 18:53:45,785 INFO train epoch 188/200 batch 140/178 (79%) running_loss=0.4850
2026-09-29 18:53:55,323 INFO train epoch 188/200 batch 175/178 (98%) running_loss=0.4870
2026-09-29 18:53:56,059 INFO train epoch 188/200 batch 178/178 (100%) running_loss=0.4873
2026-09-29 18:54:02,508 INFO epoch 188/200 done: train_loss=0.4873 val_loss=0.2581 val_accuracy=0.9444 val_macro_f1=0.9333 val_macro_auc=0.9932 (checkpoint_metric=macro_auc)
2026-09-29 18:54:12,634 INFO train epoch 189/200 batch 35/178 (20%) running_loss=0.4794
2026-09-29 18:54:22,170 INFO train epoch 189/200 batch 70/178 (39%) running_loss=0.4761
2026-09-29 18:54:31,688 INFO train epoch 189/200 batch 105/178 (59%) running_loss=0.4770
2026-09-29 18:54:41,216 INFO train epoch 189/200 batch 140/178 (79%) running_loss=0.4799
2026-09-29 18:54:50,731 INFO train epoch 189/200 batch 175/178 (98%) running_loss=0.4806
2026-09-29 18:54:51,469 INFO train epoch 189/200 batch 178/178 (100%) running_loss=0.4807
2026-09-29 18:54:57,925 INFO epoch 189/200 done: train_loss=0.4807 val_loss=0.2530 val_accuracy=0.9430 val_macro_f1=0.9308 val_macro_auc=0.9925 (checkpoint_metric=macro_auc)
2026-09-29 18:55:07,907 INFO train epoch 190/200 batch 35/178 (20%) running_loss=0.4746
2026-09-29 18:55:17,483 INFO train epoch 190/200 batch 70/178 (39%) running_loss=0.4761
2026-09-29 18:55:27,171 INFO train epoch 190/200 batch 105/178 (59%) running_loss=0.4794
2026-09-29 18:55:36,666 INFO train epoch 190/200 batch 140/178 (79%) running_loss=0.4794
2026-09-29 18:55:46,150 INFO train epoch 190/200 batch 175/178 (98%) running_loss=0.4793
2026-09-29 18:55:46,888 INFO train epoch 190/200 batch 178/178 (100%) running_loss=0.4793
2026-09-29 18:55:53,320 INFO epoch 190/200 done: train_loss=0.4793 val_loss=0.2624 val_accuracy=0.9423 val_macro_f1=0.9306 val_macro_auc=0.9931 (checkpoint_metric=macro_auc)
2026-09-29 18:56:03,251 INFO train epoch 191/200 batch 35/178 (20%) running_loss=0.4873
2026-09-29 18:56:12,788 INFO train epoch 191/200 batch 70/178 (39%) running_loss=0.4882
2026-09-29 18:56:22,491 INFO train epoch 191/200 batch 105/178 (59%) running_loss=0.4891
2026-09-29 18:56:31,984 INFO train epoch 191/200 batch 140/178 (79%) running_loss=0.4917
2026-09-29 18:56:41,501 INFO train epoch 191/200 batch 175/178 (98%) running_loss=0.4901
2026-09-29 18:56:42,241 INFO train epoch 191/200 batch 178/178 (100%) running_loss=0.4903
2026-09-29 18:56:48,683 INFO epoch 191/200 done: train_loss=0.4903 val_loss=0.2595 val_accuracy=0.9464 val_macro_f1=0.9355 val_macro_auc=0.9927 (checkpoint_metric=macro_auc)
2026-09-29 18:56:58,703 INFO train epoch 192/200 batch 35/178 (20%) running_loss=0.4806
2026-09-29 18:57:08,258 INFO train epoch 192/200 batch 70/178 (39%) running_loss=0.4862
2026-09-29 18:57:17,781 INFO train epoch 192/200 batch 105/178 (59%) running_loss=0.4885
2026-09-29 18:57:27,442 INFO train epoch 192/200 batch 140/178 (79%) running_loss=0.4839
2026-09-29 18:57:36,942 INFO train epoch 192/200 batch 175/178 (98%) running_loss=0.4845
2026-09-29 18:57:37,678 INFO train epoch 192/200 batch 178/178 (100%) running_loss=0.4846
2026-09-29 18:57:44,116 INFO epoch 192/200 done: train_loss=0.4846 val_loss=0.2512 val_accuracy=0.9451 val_macro_f1=0.9335 val_macro_auc=0.9928 (checkpoint_metric=macro_auc)
2026-09-29 18:57:54,157 INFO train epoch 193/200 batch 35/178 (20%) running_loss=0.4785
2026-09-29 18:58:03,727 INFO train epoch 193/200 batch 70/178 (39%) running_loss=0.4843
2026-09-29 18:58:13,244 INFO train epoch 193/200 batch 105/178 (59%) running_loss=0.4836
2026-09-29 18:58:22,954 INFO train epoch 193/200 batch 140/178 (79%) running_loss=0.4822
2026-09-29 18:58:32,468 INFO train epoch 193/200 batch 175/178 (98%) running_loss=0.4807
2026-09-29 18:58:33,202 INFO train epoch 193/200 batch 178/178 (100%) running_loss=0.4803
2026-09-29 18:58:39,652 INFO epoch 193/200 done: train_loss=0.4803 val_loss=0.2543 val_accuracy=0.9437 val_macro_f1=0.9322 val_macro_auc=0.9930 (checkpoint_metric=macro_auc)
2026-09-29 18:58:49,570 INFO train epoch 194/200 batch 35/178 (20%) running_loss=0.4832
2026-09-29 18:58:59,095 INFO train epoch 194/200 batch 70/178 (39%) running_loss=0.4834
2026-09-29 18:59:08,643 INFO train epoch 194/200 batch 105/178 (59%) running_loss=0.4870
2026-09-29 18:59:18,376 INFO train epoch 194/200 batch 140/178 (79%) running_loss=0.4871
2026-09-29 18:59:27,924 INFO train epoch 194/200 batch 175/178 (98%) running_loss=0.4859
2026-09-29 18:59:28,662 INFO train epoch 194/200 batch 178/178 (100%) running_loss=0.4855
2026-09-29 18:59:35,116 INFO epoch 194/200 done: train_loss=0.4855 val_loss=0.2582 val_accuracy=0.9416 val_macro_f1=0.9284 val_macro_auc=0.9928 (checkpoint_metric=macro_auc)
2026-09-29 18:59:45,156 INFO train epoch 195/200 batch 35/178 (20%) running_loss=0.4857
2026-09-29 18:59:54,687 INFO train epoch 195/200 batch 70/178 (39%) running_loss=0.4819
2026-09-29 19:00:04,207 INFO train epoch 195/200 batch 105/178 (59%) running_loss=0.4793
2026-09-29 19:00:13,876 INFO train epoch 195/200 batch 140/178 (79%) running_loss=0.4797
2026-09-29 19:00:23,377 INFO train epoch 195/200 batch 175/178 (98%) running_loss=0.4813
2026-09-29 19:00:24,112 INFO train epoch 195/200 batch 178/178 (100%) running_loss=0.4811
2026-09-29 19:00:30,542 INFO epoch 195/200 done: train_loss=0.4811 val_loss=0.2513 val_accuracy=0.9444 val_macro_f1=0.9324 val_macro_auc=0.9927 (checkpoint_metric=macro_auc)
2026-09-29 19:00:40,482 INFO train epoch 196/200 batch 35/178 (20%) running_loss=0.4818
2026-09-29 19:00:49,968 INFO train epoch 196/200 batch 70/178 (39%) running_loss=0.4872
2026-09-29 19:00:59,464 INFO train epoch 196/200 batch 105/178 (59%) running_loss=0.4841
2026-09-29 19:01:09,114 INFO train epoch 196/200 batch 140/178 (79%) running_loss=0.4846
2026-09-29 19:01:18,611 INFO train epoch 196/200 batch 175/178 (98%) running_loss=0.4851
2026-09-29 19:01:19,351 INFO train epoch 196/200 batch 178/178 (100%) running_loss=0.4849
2026-09-29 19:01:25,799 INFO epoch 196/200 done: train_loss=0.4849 val_loss=0.2554 val_accuracy=0.9444 val_macro_f1=0.9331 val_macro_auc=0.9928 (checkpoint_metric=macro_auc)
2026-09-29 19:01:35,736 INFO train epoch 197/200 batch 35/178 (20%) running_loss=0.4808
2026-09-29 19:01:45,265 INFO train epoch 197/200 batch 70/178 (39%) running_loss=0.4781
2026-09-29 19:01:54,899 INFO train epoch 197/200 batch 105/178 (59%) running_loss=0.4824
2026-09-29 19:02:04,601 INFO train epoch 197/200 batch 140/178 (79%) running_loss=0.4812
2026-09-29 19:02:14,105 INFO train epoch 197/200 batch 175/178 (98%) running_loss=0.4805
2026-09-29 19:02:14,844 INFO train epoch 197/200 batch 178/178 (100%) running_loss=0.4800
2026-09-29 19:02:21,291 INFO epoch 197/200 done: train_loss=0.4800 val_loss=0.2574 val_accuracy=0.9444 val_macro_f1=0.9331 val_macro_auc=0.9929 (checkpoint_metric=macro_auc)
2026-09-29 19:02:31,210 INFO train epoch 198/200 batch 35/178 (20%) running_loss=0.4793
2026-09-29 19:02:40,714 INFO train epoch 198/200 batch 70/178 (39%) running_loss=0.4788
2026-09-29 19:02:50,234 INFO train epoch 198/200 batch 105/178 (59%) running_loss=0.4800
2026-09-29 19:02:59,930 INFO train epoch 198/200 batch 140/178 (79%) running_loss=0.4796
2026-09-29 19:03:09,445 INFO train epoch 198/200 batch 175/178 (98%) running_loss=0.4815
2026-09-29 19:03:10,188 INFO train epoch 198/200 batch 178/178 (100%) running_loss=0.4827
2026-09-29 19:03:16,626 INFO epoch 198/200 done: train_loss=0.4827 val_loss=0.2560 val_accuracy=0.9437 val_macro_f1=0.9314 val_macro_auc=0.9927 (checkpoint_metric=macro_auc)
2026-09-29 19:03:26,595 INFO train epoch 199/200 batch 35/178 (20%) running_loss=0.4833
2026-09-29 19:03:36,175 INFO train epoch 199/200 batch 70/178 (39%) running_loss=0.4832
2026-09-29 19:03:45,686 INFO train epoch 199/200 batch 105/178 (59%) running_loss=0.4820
2026-09-29 19:03:55,207 INFO train epoch 199/200 batch 140/178 (79%) running_loss=0.4806
2026-09-29 19:04:04,735 INFO train epoch 199/200 batch 175/178 (98%) running_loss=0.4837
2026-09-29 19:04:05,480 INFO train epoch 199/200 batch 178/178 (100%) running_loss=0.4837
2026-09-29 19:04:11,922 INFO epoch 199/200 done: train_loss=0.4837 val_loss=0.2565 val_accuracy=0.9430 val_macro_f1=0.9309 val_macro_auc=0.9928 (checkpoint_metric=macro_auc)
2026-09-29 19:04:21,940 INFO train epoch 200/200 batch 35/178 (20%) running_loss=0.4816
2026-09-29 19:04:31,617 INFO train epoch 200/200 batch 70/178 (39%) running_loss=0.4849
2026-09-29 19:04:41,129 INFO train epoch 200/200 batch 105/178 (59%) running_loss=0.4862
2026-09-29 19:04:50,663 INFO train epoch 200/200 batch 140/178 (79%) running_loss=0.4844
2026-09-29 19:05:00,199 INFO train epoch 200/200 batch 175/178 (98%) running_loss=0.4865
2026-09-29 19:05:00,940 INFO train epoch 200/200 batch 178/178 (100%) running_loss=0.4867
2026-09-29 19:05:07,408 INFO epoch 200/200 done: train_loss=0.4867 val_loss=0.2568 val_accuracy=0.9444 val_macro_f1=0.9324 val_macro_auc=0.9927 (checkpoint_metric=macro_auc)
2026-09-29 19:05:07,654 INFO Training finished. Best epoch=152, smoothed macro_auc=0.9936 (window=3)
2026-09-29 19:05:30,075 INFO Test set evaluated once: accuracy=0.9300 macro_f1=0.9215 macro_auc=0.9912
