2026-09-18 16:41:31,340 INFO Starting final training on device=cuda, amp=True, physical_batch_size=32, accumulation_steps=1, effective_batch_size=32
2026-09-18 16:41:31,341 INFO Augmentation policy: legacy fixed ops ('brightness', 'rotation'), from outputs/fixedda_run/augmentation_run/selected_legacy_policy.json
2026-09-18 16:41:31,802 INFO Classes: {'glioma_tumor': 0, 'meningioma_tumor': 1, 'pituitary_tumor': 2}
2026-09-18 16:41:31,802 INFO Regularization: weight_decay=7.0e-04 classifier_dropout=0.30 label_smoothing=0.10 drop_path=0.20
2026-09-18 16:41:36,890 INFO train epoch 1/200 batch 13/66 (20%) running_loss=1.1184
2026-09-18 16:41:40,410 INFO train epoch 1/200 batch 26/66 (39%) running_loss=1.1364
2026-09-18 16:41:43,945 INFO train epoch 1/200 batch 39/66 (59%) running_loss=1.1389
2026-09-18 16:41:47,483 INFO train epoch 1/200 batch 52/66 (79%) running_loss=1.1339
2026-09-18 16:41:51,055 INFO train epoch 1/200 batch 65/66 (98%) running_loss=1.1405
2026-09-18 16:41:51,412 INFO train epoch 1/200 batch 66/66 (100%) running_loss=1.1412
2026-09-18 16:41:54,136 INFO epoch 1/200 done: train_loss=1.1412 val_loss=1.0323 val_accuracy=0.5061 val_macro_f1=0.2240 val_macro_auc=0.6770 (checkpoint_metric=macro_auc) [new best]
2026-09-18 16:41:58,112 INFO train epoch 2/200 batch 13/66 (20%) running_loss=1.1387
2026-09-18 16:42:01,665 INFO train epoch 2/200 batch 26/66 (39%) running_loss=1.1387
2026-09-18 16:42:05,209 INFO train epoch 2/200 batch 39/66 (59%) running_loss=1.1226
2026-09-18 16:42:08,750 INFO train epoch 2/200 batch 52/66 (79%) running_loss=1.1183
2026-09-18 16:42:12,289 INFO train epoch 2/200 batch 65/66 (98%) running_loss=1.1162
2026-09-18 16:42:12,510 INFO train epoch 2/200 batch 66/66 (100%) running_loss=1.1147
2026-09-18 16:42:15,118 INFO epoch 2/200 done: train_loss=1.1147 val_loss=1.0444 val_accuracy=0.5123 val_macro_f1=0.2365 val_macro_auc=0.7304 (checkpoint_metric=macro_auc) [new best]
2026-09-18 16:42:19,121 INFO train epoch 3/200 batch 13/66 (20%) running_loss=1.0405
2026-09-18 16:42:22,654 INFO train epoch 3/200 batch 26/66 (39%) running_loss=1.0454
2026-09-18 16:42:26,341 INFO train epoch 3/200 batch 39/66 (59%) running_loss=1.0475
2026-09-18 16:42:29,859 INFO train epoch 3/200 batch 52/66 (79%) running_loss=1.0365
2026-09-18 16:42:33,380 INFO train epoch 3/200 batch 65/66 (98%) running_loss=1.0390
2026-09-18 16:42:33,598 INFO train epoch 3/200 batch 66/66 (100%) running_loss=1.0390
2026-09-18 16:42:36,231 INFO epoch 3/200 done: train_loss=1.0390 val_loss=0.9438 val_accuracy=0.6230 val_macro_f1=0.4173 val_macro_auc=0.8037 (checkpoint_metric=macro_auc) [new best]
2026-09-18 16:42:40,234 INFO train epoch 4/200 batch 13/66 (20%) running_loss=0.9888
2026-09-18 16:42:43,753 INFO train epoch 4/200 batch 26/66 (39%) running_loss=1.0012
2026-09-18 16:42:47,268 INFO train epoch 4/200 batch 39/66 (59%) running_loss=1.0048
2026-09-18 16:42:50,787 INFO train epoch 4/200 batch 52/66 (79%) running_loss=1.0110
2026-09-18 16:42:54,301 INFO train epoch 4/200 batch 65/66 (98%) running_loss=1.0054
2026-09-18 16:42:54,520 INFO train epoch 4/200 batch 66/66 (100%) running_loss=1.0059
2026-09-18 16:42:57,149 INFO epoch 4/200 done: train_loss=1.0059 val_loss=0.8280 val_accuracy=0.6639 val_macro_f1=0.4772 val_macro_auc=0.7677 (checkpoint_metric=macro_auc) [new best]
2026-09-18 16:43:01,102 INFO train epoch 5/200 batch 13/66 (20%) running_loss=0.9762
2026-09-18 16:43:04,612 INFO train epoch 5/200 batch 26/66 (39%) running_loss=0.9628
2026-09-18 16:43:08,128 INFO train epoch 5/200 batch 39/66 (59%) running_loss=0.9660
2026-09-18 16:43:11,800 INFO train epoch 5/200 batch 52/66 (79%) running_loss=0.9565
2026-09-18 16:43:15,303 INFO train epoch 5/200 batch 65/66 (98%) running_loss=0.9476
2026-09-18 16:43:15,520 INFO train epoch 5/200 batch 66/66 (100%) running_loss=0.9485
2026-09-18 16:43:18,160 INFO epoch 5/200 done: train_loss=0.9485 val_loss=0.7651 val_accuracy=0.6701 val_macro_f1=0.4816 val_macro_auc=0.7901 (checkpoint_metric=macro_auc) [new best]
2026-09-18 16:43:22,168 INFO train epoch 6/200 batch 13/66 (20%) running_loss=0.9445
2026-09-18 16:43:25,687 INFO train epoch 6/200 batch 26/66 (39%) running_loss=0.9438
2026-09-18 16:43:29,218 INFO train epoch 6/200 batch 39/66 (59%) running_loss=0.9386
2026-09-18 16:43:32,747 INFO train epoch 6/200 batch 52/66 (79%) running_loss=0.9333
2026-09-18 16:43:36,261 INFO train epoch 6/200 batch 65/66 (98%) running_loss=0.9251
2026-09-18 16:43:36,478 INFO train epoch 6/200 batch 66/66 (100%) running_loss=0.9264
2026-09-18 16:43:38,978 INFO epoch 6/200 done: train_loss=0.9264 val_loss=0.7642 val_accuracy=0.6680 val_macro_f1=0.4804 val_macro_auc=0.7706 (checkpoint_metric=macro_auc)
2026-09-18 16:43:42,976 INFO train epoch 7/200 batch 13/66 (20%) running_loss=0.9122
2026-09-18 16:43:46,504 INFO train epoch 7/200 batch 26/66 (39%) running_loss=0.8941
2026-09-18 16:43:50,040 INFO train epoch 7/200 batch 39/66 (59%) running_loss=0.8757
2026-09-18 16:43:53,566 INFO train epoch 7/200 batch 52/66 (79%) running_loss=0.8823
2026-09-18 16:43:57,087 INFO train epoch 7/200 batch 65/66 (98%) running_loss=0.8875
2026-09-18 16:43:57,306 INFO train epoch 7/200 batch 66/66 (100%) running_loss=0.8884
2026-09-18 16:43:59,812 INFO epoch 7/200 done: train_loss=0.8884 val_loss=0.7401 val_accuracy=0.7070 val_macro_f1=0.5097 val_macro_auc=0.7702 (checkpoint_metric=macro_auc)
2026-09-18 16:44:03,815 INFO train epoch 8/200 batch 13/66 (20%) running_loss=0.8816
2026-09-18 16:44:07,334 INFO train epoch 8/200 batch 26/66 (39%) running_loss=0.8811
2026-09-18 16:44:10,850 INFO train epoch 8/200 batch 39/66 (59%) running_loss=0.8840
2026-09-18 16:44:14,526 INFO train epoch 8/200 batch 52/66 (79%) running_loss=0.8739
2026-09-18 16:44:18,043 INFO train epoch 8/200 batch 65/66 (98%) running_loss=0.8728
2026-09-18 16:44:18,261 INFO train epoch 8/200 batch 66/66 (100%) running_loss=0.8737
2026-09-18 16:44:20,873 INFO epoch 8/200 done: train_loss=0.8737 val_loss=0.7319 val_accuracy=0.6824 val_macro_f1=0.4908 val_macro_auc=0.8409 (checkpoint_metric=macro_auc) [new best]
2026-09-18 16:44:24,885 INFO train epoch 9/200 batch 13/66 (20%) running_loss=0.8724
2026-09-18 16:44:28,396 INFO train epoch 9/200 batch 26/66 (39%) running_loss=0.8733
2026-09-18 16:44:31,939 INFO train epoch 9/200 batch 39/66 (59%) running_loss=0.8687
2026-09-18 16:44:35,469 INFO train epoch 9/200 batch 52/66 (79%) running_loss=0.8664
2026-09-18 16:44:38,991 INFO train epoch 9/200 batch 65/66 (98%) running_loss=0.8657
2026-09-18 16:44:39,209 INFO train epoch 9/200 batch 66/66 (100%) running_loss=0.8649
2026-09-18 16:44:41,826 INFO epoch 9/200 done: train_loss=0.8649 val_loss=0.6762 val_accuracy=0.7254 val_macro_f1=0.5243 val_macro_auc=0.8164 (checkpoint_metric=macro_auc) [new best]
2026-09-18 16:44:45,822 INFO train epoch 10/200 batch 13/66 (20%) running_loss=0.8798
2026-09-18 16:44:49,352 INFO train epoch 10/200 batch 26/66 (39%) running_loss=0.8486
2026-09-18 16:44:52,887 INFO train epoch 10/200 batch 39/66 (59%) running_loss=0.8413
2026-09-18 16:44:56,404 INFO train epoch 10/200 batch 52/66 (79%) running_loss=0.8360
2026-09-18 16:45:00,083 INFO train epoch 10/200 batch 65/66 (98%) running_loss=0.8333
2026-09-18 16:45:00,301 INFO train epoch 10/200 batch 66/66 (100%) running_loss=0.8336
2026-09-18 16:45:02,911 INFO epoch 10/200 done: train_loss=0.8336 val_loss=0.9830 val_accuracy=0.5061 val_macro_f1=0.3507 val_macro_auc=0.8317 (checkpoint_metric=macro_auc) [new best]
2026-09-18 16:45:06,863 INFO train epoch 11/200 batch 13/66 (20%) running_loss=0.8560
2026-09-18 16:45:10,377 INFO train epoch 11/200 batch 26/66 (39%) running_loss=0.8396
2026-09-18 16:45:13,900 INFO train epoch 11/200 batch 39/66 (59%) running_loss=0.8406
2026-09-18 16:45:17,419 INFO train epoch 11/200 batch 52/66 (79%) running_loss=0.8360
2026-09-18 16:45:20,938 INFO train epoch 11/200 batch 65/66 (98%) running_loss=0.8347
2026-09-18 16:45:21,157 INFO train epoch 11/200 batch 66/66 (100%) running_loss=0.8349
2026-09-18 16:45:23,655 INFO epoch 11/200 done: train_loss=0.8349 val_loss=0.6309 val_accuracy=0.7418 val_macro_f1=0.5356 val_macro_auc=0.8145 (checkpoint_metric=macro_auc)
2026-09-18 16:45:27,648 INFO train epoch 12/200 batch 13/66 (20%) running_loss=0.8400
2026-09-18 16:45:31,196 INFO train epoch 12/200 batch 26/66 (39%) running_loss=0.8270
2026-09-18 16:45:34,717 INFO train epoch 12/200 batch 39/66 (59%) running_loss=0.8197
2026-09-18 16:45:38,243 INFO train epoch 12/200 batch 52/66 (79%) running_loss=0.8195
2026-09-18 16:45:41,762 INFO train epoch 12/200 batch 65/66 (98%) running_loss=0.8257
2026-09-18 16:45:41,983 INFO train epoch 12/200 batch 66/66 (100%) running_loss=0.8262
2026-09-18 16:45:44,589 INFO epoch 12/200 done: train_loss=0.8262 val_loss=0.6715 val_accuracy=0.7848 val_macro_f1=0.5957 val_macro_auc=0.8521 (checkpoint_metric=macro_auc) [new best]
2026-09-18 16:45:48,593 INFO train epoch 13/200 batch 13/66 (20%) running_loss=0.8353
2026-09-18 16:45:52,116 INFO train epoch 13/200 batch 26/66 (39%) running_loss=0.8162
2026-09-18 16:45:55,635 INFO train epoch 13/200 batch 39/66 (59%) running_loss=0.8104
2026-09-18 16:45:59,158 INFO train epoch 13/200 batch 52/66 (79%) running_loss=0.8089
2026-09-18 16:46:02,674 INFO train epoch 13/200 batch 65/66 (98%) running_loss=0.8166
2026-09-18 16:46:02,894 INFO train epoch 13/200 batch 66/66 (100%) running_loss=0.8165
2026-09-18 16:46:05,504 INFO epoch 13/200 done: train_loss=0.8165 val_loss=0.5878 val_accuracy=0.8115 val_macro_f1=0.5906 val_macro_auc=0.8407 (checkpoint_metric=macro_auc) [new best]
2026-09-18 16:46:09,542 INFO train epoch 14/200 batch 13/66 (20%) running_loss=0.8201
2026-09-18 16:46:13,168 INFO train epoch 14/200 batch 26/66 (39%) running_loss=0.8186
2026-09-18 16:46:16,719 INFO train epoch 14/200 batch 39/66 (59%) running_loss=0.8231
2026-09-18 16:46:20,245 INFO train epoch 14/200 batch 52/66 (79%) running_loss=0.8252
2026-09-18 16:46:23,763 INFO train epoch 14/200 batch 65/66 (98%) running_loss=0.8178
2026-09-18 16:46:23,991 INFO train epoch 14/200 batch 66/66 (100%) running_loss=0.8193
2026-09-18 16:46:26,649 INFO epoch 14/200 done: train_loss=0.8193 val_loss=0.6309 val_accuracy=0.7520 val_macro_f1=0.5418 val_macro_auc=0.8276 (checkpoint_metric=macro_auc) [new best]
2026-09-18 16:46:30,665 INFO train epoch 15/200 batch 13/66 (20%) running_loss=0.7793
2026-09-18 16:46:34,193 INFO train epoch 15/200 batch 26/66 (39%) running_loss=0.7907
2026-09-18 16:46:37,711 INFO train epoch 15/200 batch 39/66 (59%) running_loss=0.7991
2026-09-18 16:46:41,232 INFO train epoch 15/200 batch 52/66 (79%) running_loss=0.8058
2026-09-18 16:46:44,754 INFO train epoch 15/200 batch 65/66 (98%) running_loss=0.8052
2026-09-18 16:46:44,973 INFO train epoch 15/200 batch 66/66 (100%) running_loss=0.8047
2026-09-18 16:46:47,587 INFO epoch 15/200 done: train_loss=0.8047 val_loss=0.5672 val_accuracy=0.7951 val_macro_f1=0.5770 val_macro_auc=0.8753 (checkpoint_metric=macro_auc) [new best]
2026-09-18 16:46:51,598 INFO train epoch 16/200 batch 13/66 (20%) running_loss=0.8016
2026-09-18 16:46:55,125 INFO train epoch 16/200 batch 26/66 (39%) running_loss=0.8072
2026-09-18 16:46:58,647 INFO train epoch 16/200 batch 39/66 (59%) running_loss=0.8116
2026-09-18 16:47:02,325 INFO train epoch 16/200 batch 52/66 (79%) running_loss=0.8042
2026-09-18 16:47:05,843 INFO train epoch 16/200 batch 65/66 (98%) running_loss=0.7950
2026-09-18 16:47:06,063 INFO train epoch 16/200 batch 66/66 (100%) running_loss=0.7941
2026-09-18 16:47:08,687 INFO epoch 16/200 done: train_loss=0.7941 val_loss=0.9949 val_accuracy=0.5328 val_macro_f1=0.3981 val_macro_auc=0.8497 (checkpoint_metric=macro_auc) [new best]
2026-09-18 16:47:12,702 INFO train epoch 17/200 batch 13/66 (20%) running_loss=0.7955
2026-09-18 16:47:16,236 INFO train epoch 17/200 batch 26/66 (39%) running_loss=0.8015
2026-09-18 16:47:19,759 INFO train epoch 17/200 batch 39/66 (59%) running_loss=0.7911
2026-09-18 16:47:23,295 INFO train epoch 17/200 batch 52/66 (79%) running_loss=0.7929
2026-09-18 16:47:26,827 INFO train epoch 17/200 batch 65/66 (98%) running_loss=0.7923
2026-09-18 16:47:27,044 INFO train epoch 17/200 batch 66/66 (100%) running_loss=0.7927
2026-09-18 16:47:29,663 INFO epoch 17/200 done: train_loss=0.7927 val_loss=0.8100 val_accuracy=0.6393 val_macro_f1=0.4885 val_macro_auc=0.8419 (checkpoint_metric=macro_auc) [new best]
2026-09-18 16:47:33,648 INFO train epoch 18/200 batch 13/66 (20%) running_loss=0.7478
2026-09-18 16:47:37,170 INFO train epoch 18/200 batch 26/66 (39%) running_loss=0.7802
2026-09-18 16:47:40,697 INFO train epoch 18/200 batch 39/66 (59%) running_loss=0.7858
2026-09-18 16:47:44,220 INFO train epoch 18/200 batch 52/66 (79%) running_loss=0.7813
2026-09-18 16:47:47,916 INFO train epoch 18/200 batch 65/66 (98%) running_loss=0.7765
2026-09-18 16:47:48,135 INFO train epoch 18/200 batch 66/66 (100%) running_loss=0.7765
2026-09-18 16:47:50,735 INFO epoch 18/200 done: train_loss=0.7765 val_loss=0.4882 val_accuracy=0.8156 val_macro_f1=0.6236 val_macro_auc=0.9011 (checkpoint_metric=macro_auc) [new best]
2026-09-18 16:47:54,696 INFO train epoch 19/200 batch 13/66 (20%) running_loss=0.7887
2026-09-18 16:47:58,218 INFO train epoch 19/200 batch 26/66 (39%) running_loss=0.7841
2026-09-18 16:48:01,737 INFO train epoch 19/200 batch 39/66 (59%) running_loss=0.7683
2026-09-18 16:48:05,257 INFO train epoch 19/200 batch 52/66 (79%) running_loss=0.7732
2026-09-18 16:48:08,775 INFO train epoch 19/200 batch 65/66 (98%) running_loss=0.7760
2026-09-18 16:48:08,993 INFO train epoch 19/200 batch 66/66 (100%) running_loss=0.7754
2026-09-18 16:48:11,502 INFO epoch 19/200 done: train_loss=0.7754 val_loss=0.8175 val_accuracy=0.6373 val_macro_f1=0.4918 val_macro_auc=0.8379 (checkpoint_metric=macro_auc)
2026-09-18 16:48:15,490 INFO train epoch 20/200 batch 13/66 (20%) running_loss=0.7813
2026-09-18 16:48:19,012 INFO train epoch 20/200 batch 26/66 (39%) running_loss=0.7682
2026-09-18 16:48:22,545 INFO train epoch 20/200 batch 39/66 (59%) running_loss=0.7540
2026-09-18 16:48:26,064 INFO train epoch 20/200 batch 52/66 (79%) running_loss=0.7590
2026-09-18 16:48:29,590 INFO train epoch 20/200 batch 65/66 (98%) running_loss=0.7709
2026-09-18 16:48:29,810 INFO train epoch 20/200 batch 66/66 (100%) running_loss=0.7727
2026-09-18 16:48:32,439 INFO epoch 20/200 done: train_loss=0.7727 val_loss=0.6013 val_accuracy=0.7971 val_macro_f1=0.6341 val_macro_auc=0.8918 (checkpoint_metric=macro_auc) [new best]
2026-09-18 16:48:36,474 INFO train epoch 21/200 batch 13/66 (20%) running_loss=0.7823
2026-09-18 16:48:40,025 INFO train epoch 21/200 batch 26/66 (39%) running_loss=0.7743
2026-09-18 16:48:43,550 INFO train epoch 21/200 batch 39/66 (59%) running_loss=0.7713
2026-09-18 16:48:47,086 INFO train epoch 21/200 batch 52/66 (79%) running_loss=0.7698
2026-09-18 16:48:50,613 INFO train epoch 21/200 batch 65/66 (98%) running_loss=0.7684
2026-09-18 16:48:50,831 INFO train epoch 21/200 batch 66/66 (100%) running_loss=0.7675
2026-09-18 16:48:53,337 INFO epoch 21/200 done: train_loss=0.7675 val_loss=0.7223 val_accuracy=0.6762 val_macro_f1=0.4933 val_macro_auc=0.8494 (checkpoint_metric=macro_auc)
2026-09-18 16:48:57,286 INFO train epoch 22/200 batch 13/66 (20%) running_loss=0.7199
2026-09-18 16:49:00,990 INFO train epoch 22/200 batch 26/66 (39%) running_loss=0.7299
2026-09-18 16:49:04,524 INFO train epoch 22/200 batch 39/66 (59%) running_loss=0.7422
2026-09-18 16:49:08,052 INFO train epoch 22/200 batch 52/66 (79%) running_loss=0.7529
2026-09-18 16:49:11,573 INFO train epoch 22/200 batch 65/66 (98%) running_loss=0.7534
2026-09-18 16:49:11,791 INFO train epoch 22/200 batch 66/66 (100%) running_loss=0.7520
2026-09-18 16:49:14,300 INFO epoch 22/200 done: train_loss=0.7520 val_loss=0.9769 val_accuracy=0.5205 val_macro_f1=0.4395 val_macro_auc=0.8509 (checkpoint_metric=macro_auc)
2026-09-18 16:49:18,304 INFO train epoch 23/200 batch 13/66 (20%) running_loss=0.7272
2026-09-18 16:49:21,820 INFO train epoch 23/200 batch 26/66 (39%) running_loss=0.7538
2026-09-18 16:49:25,342 INFO train epoch 23/200 batch 39/66 (59%) running_loss=0.7718
2026-09-18 16:49:28,867 INFO train epoch 23/200 batch 52/66 (79%) running_loss=0.7627
2026-09-18 16:49:32,385 INFO train epoch 23/200 batch 65/66 (98%) running_loss=0.7591
2026-09-18 16:49:32,603 INFO train epoch 23/200 batch 66/66 (100%) running_loss=0.7594
2026-09-18 16:49:35,111 INFO epoch 23/200 done: train_loss=0.7594 val_loss=0.7443 val_accuracy=0.6475 val_macro_f1=0.5796 val_macro_auc=0.8807 (checkpoint_metric=macro_auc)
2026-09-18 16:49:39,037 INFO train epoch 24/200 batch 13/66 (20%) running_loss=0.7374
2026-09-18 16:49:42,565 INFO train epoch 24/200 batch 26/66 (39%) running_loss=0.7217
2026-09-18 16:49:46,074 INFO train epoch 24/200 batch 39/66 (59%) running_loss=0.7259
2026-09-18 16:49:49,601 INFO train epoch 24/200 batch 52/66 (79%) running_loss=0.7283
2026-09-18 16:49:53,274 INFO train epoch 24/200 batch 65/66 (98%) running_loss=0.7261
2026-09-18 16:49:53,494 INFO train epoch 24/200 batch 66/66 (100%) running_loss=0.7263
2026-09-18 16:49:56,005 INFO epoch 24/200 done: train_loss=0.7263 val_loss=1.0938 val_accuracy=0.4754 val_macro_f1=0.4070 val_macro_auc=0.8560 (checkpoint_metric=macro_auc)
2026-09-18 16:49:59,986 INFO train epoch 25/200 batch 13/66 (20%) running_loss=0.7185
2026-09-18 16:50:03,497 INFO train epoch 25/200 batch 26/66 (39%) running_loss=0.7298
2026-09-18 16:50:07,014 INFO train epoch 25/200 batch 39/66 (59%) running_loss=0.7297
2026-09-18 16:50:10,534 INFO train epoch 25/200 batch 52/66 (79%) running_loss=0.7237
2026-09-18 16:50:14,051 INFO train epoch 25/200 batch 65/66 (98%) running_loss=0.7221
2026-09-18 16:50:14,268 INFO train epoch 25/200 batch 66/66 (100%) running_loss=0.7214
2026-09-18 16:50:16,771 INFO epoch 25/200 done: train_loss=0.7214 val_loss=1.4567 val_accuracy=0.4242 val_macro_f1=0.3347 val_macro_auc=0.8464 (checkpoint_metric=macro_auc)
2026-09-18 16:50:20,754 INFO train epoch 26/200 batch 13/66 (20%) running_loss=0.7479
2026-09-18 16:50:24,272 INFO train epoch 26/200 batch 26/66 (39%) running_loss=0.7360
2026-09-18 16:50:27,819 INFO train epoch 26/200 batch 39/66 (59%) running_loss=0.7473
2026-09-18 16:50:31,375 INFO train epoch 26/200 batch 52/66 (79%) running_loss=0.7426
2026-09-18 16:50:34,910 INFO train epoch 26/200 batch 65/66 (98%) running_loss=0.7311
2026-09-18 16:50:35,128 INFO train epoch 26/200 batch 66/66 (100%) running_loss=0.7307
2026-09-18 16:50:37,729 INFO epoch 26/200 done: train_loss=0.7307 val_loss=0.4413 val_accuracy=0.8668 val_macro_f1=0.7920 val_macro_auc=0.9508 (checkpoint_metric=macro_auc) [new best]
2026-09-18 16:50:41,735 INFO train epoch 27/200 batch 13/66 (20%) running_loss=0.7264
2026-09-18 16:50:45,266 INFO train epoch 27/200 batch 26/66 (39%) running_loss=0.7242
2026-09-18 16:50:48,949 INFO train epoch 27/200 batch 39/66 (59%) running_loss=0.7229
2026-09-18 16:50:52,488 INFO train epoch 27/200 batch 52/66 (79%) running_loss=0.7199
2026-09-18 16:50:56,004 INFO train epoch 27/200 batch 65/66 (98%) running_loss=0.7158
2026-09-18 16:50:56,220 INFO train epoch 27/200 batch 66/66 (100%) running_loss=0.7142
2026-09-18 16:50:58,838 INFO epoch 27/200 done: train_loss=0.7142 val_loss=0.8298 val_accuracy=0.6189 val_macro_f1=0.5876 val_macro_auc=0.9138 (checkpoint_metric=macro_auc) [new best]
2026-09-18 16:51:02,828 INFO train epoch 28/200 batch 13/66 (20%) running_loss=0.7006
2026-09-18 16:51:06,346 INFO train epoch 28/200 batch 26/66 (39%) running_loss=0.7080
2026-09-18 16:51:09,884 INFO train epoch 28/200 batch 39/66 (59%) running_loss=0.7093
2026-09-18 16:51:13,405 INFO train epoch 28/200 batch 52/66 (79%) running_loss=0.7196
2026-09-18 16:51:16,932 INFO train epoch 28/200 batch 65/66 (98%) running_loss=0.7238
2026-09-18 16:51:17,150 INFO train epoch 28/200 batch 66/66 (100%) running_loss=0.7224
2026-09-18 16:51:19,763 INFO epoch 28/200 done: train_loss=0.7224 val_loss=0.5795 val_accuracy=0.7213 val_macro_f1=0.5434 val_macro_auc=0.9133 (checkpoint_metric=macro_auc) [new best]
2026-09-18 16:51:23,755 INFO train epoch 29/200 batch 13/66 (20%) running_loss=0.7036
2026-09-18 16:51:27,273 INFO train epoch 29/200 batch 26/66 (39%) running_loss=0.7072
2026-09-18 16:51:30,791 INFO train epoch 29/200 batch 39/66 (59%) running_loss=0.7120
2026-09-18 16:51:34,500 INFO train epoch 29/200 batch 52/66 (79%) running_loss=0.7131
2026-09-18 16:51:38,022 INFO train epoch 29/200 batch 65/66 (98%) running_loss=0.7072
2026-09-18 16:51:38,241 INFO train epoch 29/200 batch 66/66 (100%) running_loss=0.7071
2026-09-18 16:51:40,743 INFO epoch 29/200 done: train_loss=0.7071 val_loss=0.5826 val_accuracy=0.7541 val_macro_f1=0.7256 val_macro_auc=0.9348 (checkpoint_metric=macro_auc)
2026-09-18 16:51:44,759 INFO train epoch 30/200 batch 13/66 (20%) running_loss=0.7096
2026-09-18 16:51:48,329 INFO train epoch 30/200 batch 26/66 (39%) running_loss=0.6972
2026-09-18 16:51:51,930 INFO train epoch 30/200 batch 39/66 (59%) running_loss=0.6997
2026-09-18 16:51:55,484 INFO train epoch 30/200 batch 52/66 (79%) running_loss=0.7053
2026-09-18 16:51:59,020 INFO train epoch 30/200 batch 65/66 (98%) running_loss=0.7024
2026-09-18 16:51:59,241 INFO train epoch 30/200 batch 66/66 (100%) running_loss=0.7014
2026-09-18 16:52:01,846 INFO epoch 30/200 done: train_loss=0.7014 val_loss=0.6122 val_accuracy=0.7275 val_macro_f1=0.7024 val_macro_auc=0.9362 (checkpoint_metric=macro_auc) [new best]
2026-09-18 16:52:05,852 INFO train epoch 31/200 batch 13/66 (20%) running_loss=0.7032
2026-09-18 16:52:09,394 INFO train epoch 31/200 batch 26/66 (39%) running_loss=0.6960
2026-09-18 16:52:12,944 INFO train epoch 31/200 batch 39/66 (59%) running_loss=0.7087
2026-09-18 16:52:16,498 INFO train epoch 31/200 batch 52/66 (79%) running_loss=0.7068
2026-09-18 16:52:20,030 INFO train epoch 31/200 batch 65/66 (98%) running_loss=0.6969
2026-09-18 16:52:20,248 INFO train epoch 31/200 batch 66/66 (100%) running_loss=0.6960
2026-09-18 16:52:22,747 INFO epoch 31/200 done: train_loss=0.6960 val_loss=1.0979 val_accuracy=0.4529 val_macro_f1=0.3786 val_macro_auc=0.8638 (checkpoint_metric=macro_auc)
2026-09-18 16:52:26,755 INFO train epoch 32/200 batch 13/66 (20%) running_loss=0.6693
2026-09-18 16:52:30,438 INFO train epoch 32/200 batch 26/66 (39%) running_loss=0.6913
2026-09-18 16:52:33,964 INFO train epoch 32/200 batch 39/66 (59%) running_loss=0.7055
2026-09-18 16:52:37,486 INFO train epoch 32/200 batch 52/66 (79%) running_loss=0.6981
2026-09-18 16:52:41,005 INFO train epoch 32/200 batch 65/66 (98%) running_loss=0.7031
2026-09-18 16:52:41,222 INFO train epoch 32/200 batch 66/66 (100%) running_loss=0.7025
2026-09-18 16:52:43,720 INFO epoch 32/200 done: train_loss=0.7025 val_loss=0.4708 val_accuracy=0.8197 val_macro_f1=0.7869 val_macro_auc=0.9610 (checkpoint_metric=macro_auc)
2026-09-18 16:52:47,717 INFO train epoch 33/200 batch 13/66 (20%) running_loss=0.6720
2026-09-18 16:52:51,257 INFO train epoch 33/200 batch 26/66 (39%) running_loss=0.6669
2026-09-18 16:52:54,780 INFO train epoch 33/200 batch 39/66 (59%) running_loss=0.6841
2026-09-18 16:52:58,296 INFO train epoch 33/200 batch 52/66 (79%) running_loss=0.6893
2026-09-18 16:53:01,823 INFO train epoch 33/200 batch 65/66 (98%) running_loss=0.6946
2026-09-18 16:53:02,044 INFO train epoch 33/200 batch 66/66 (100%) running_loss=0.6943
2026-09-18 16:53:04,570 INFO epoch 33/200 done: train_loss=0.6943 val_loss=0.6808 val_accuracy=0.6086 val_macro_f1=0.5874 val_macro_auc=0.9348 (checkpoint_metric=macro_auc)
2026-09-18 16:53:08,580 INFO train epoch 34/200 batch 13/66 (20%) running_loss=0.6850
2026-09-18 16:53:12,101 INFO train epoch 34/200 batch 26/66 (39%) running_loss=0.6757
2026-09-18 16:53:15,618 INFO train epoch 34/200 batch 39/66 (59%) running_loss=0.6653
2026-09-18 16:53:19,135 INFO train epoch 34/200 batch 52/66 (79%) running_loss=0.6630
2026-09-18 16:53:22,818 INFO train epoch 34/200 batch 65/66 (98%) running_loss=0.6667
2026-09-18 16:53:23,037 INFO train epoch 34/200 batch 66/66 (100%) running_loss=0.6666
2026-09-18 16:53:25,660 INFO epoch 34/200 done: train_loss=0.6666 val_loss=0.5042 val_accuracy=0.8094 val_macro_f1=0.7639 val_macro_auc=0.9487 (checkpoint_metric=macro_auc) [new best]
2026-09-18 16:53:29,669 INFO train epoch 35/200 batch 13/66 (20%) running_loss=0.7263
2026-09-18 16:53:33,180 INFO train epoch 35/200 batch 26/66 (39%) running_loss=0.6925
2026-09-18 16:53:36,700 INFO train epoch 35/200 batch 39/66 (59%) running_loss=0.6862
2026-09-18 16:53:40,228 INFO train epoch 35/200 batch 52/66 (79%) running_loss=0.6830
2026-09-18 16:53:43,751 INFO train epoch 35/200 batch 65/66 (98%) running_loss=0.6869
2026-09-18 16:53:43,969 INFO train epoch 35/200 batch 66/66 (100%) running_loss=0.6865
2026-09-18 16:53:46,485 INFO epoch 35/200 done: train_loss=0.6865 val_loss=0.7102 val_accuracy=0.5471 val_macro_f1=0.5360 val_macro_auc=0.9408 (checkpoint_metric=macro_auc)
2026-09-18 16:53:50,481 INFO train epoch 36/200 batch 13/66 (20%) running_loss=0.6686
2026-09-18 16:53:54,002 INFO train epoch 36/200 batch 26/66 (39%) running_loss=0.6817
2026-09-18 16:53:57,523 INFO train epoch 36/200 batch 39/66 (59%) running_loss=0.6867
2026-09-18 16:54:01,067 INFO train epoch 36/200 batch 52/66 (79%) running_loss=0.6720
2026-09-18 16:54:04,597 INFO train epoch 36/200 batch 65/66 (98%) running_loss=0.6720
2026-09-18 16:54:04,817 INFO train epoch 36/200 batch 66/66 (100%) running_loss=0.6716
2026-09-18 16:54:07,419 INFO epoch 36/200 done: train_loss=0.6716 val_loss=0.5168 val_accuracy=0.8197 val_macro_f1=0.7902 val_macro_auc=0.9777 (checkpoint_metric=macro_auc) [new best]
2026-09-18 16:54:11,418 INFO train epoch 37/200 batch 13/66 (20%) running_loss=0.6754
2026-09-18 16:54:14,945 INFO train epoch 37/200 batch 26/66 (39%) running_loss=0.6722
2026-09-18 16:54:18,465 INFO train epoch 37/200 batch 39/66 (59%) running_loss=0.6668
2026-09-18 16:54:21,984 INFO train epoch 37/200 batch 52/66 (79%) running_loss=0.6646
2026-09-18 16:54:25,503 INFO train epoch 37/200 batch 65/66 (98%) running_loss=0.6703
2026-09-18 16:54:25,720 INFO train epoch 37/200 batch 66/66 (100%) running_loss=0.6698
2026-09-18 16:54:28,325 INFO epoch 37/200 done: train_loss=0.6698 val_loss=0.4326 val_accuracy=0.8463 val_macro_f1=0.8209 val_macro_auc=0.9788 (checkpoint_metric=macro_auc) [new best]
2026-09-18 16:54:32,321 INFO train epoch 38/200 batch 13/66 (20%) running_loss=0.6120
2026-09-18 16:54:35,845 INFO train epoch 38/200 batch 26/66 (39%) running_loss=0.6449
2026-09-18 16:54:39,381 INFO train epoch 38/200 batch 39/66 (59%) running_loss=0.6448
2026-09-18 16:54:42,984 INFO train epoch 38/200 batch 52/66 (79%) running_loss=0.6508
2026-09-18 16:54:46,495 INFO train epoch 38/200 batch 65/66 (98%) running_loss=0.6572
2026-09-18 16:54:46,715 INFO train epoch 38/200 batch 66/66 (100%) running_loss=0.6559
2026-09-18 16:54:49,313 INFO epoch 38/200 done: train_loss=0.6559 val_loss=0.7061 val_accuracy=0.6578 val_macro_f1=0.6281 val_macro_auc=0.9424 (checkpoint_metric=macro_auc) [new best]
2026-09-18 16:54:53,327 INFO train epoch 39/200 batch 13/66 (20%) running_loss=0.6395
2026-09-18 16:54:56,851 INFO train epoch 39/200 batch 26/66 (39%) running_loss=0.6293
2026-09-18 16:55:00,375 INFO train epoch 39/200 batch 39/66 (59%) running_loss=0.6359
2026-09-18 16:55:03,892 INFO train epoch 39/200 batch 52/66 (79%) running_loss=0.6380
2026-09-18 16:55:07,410 INFO train epoch 39/200 batch 65/66 (98%) running_loss=0.6405
2026-09-18 16:55:07,629 INFO train epoch 39/200 batch 66/66 (100%) running_loss=0.6411
2026-09-18 16:55:10,136 INFO epoch 39/200 done: train_loss=0.6411 val_loss=0.8026 val_accuracy=0.5615 val_macro_f1=0.5531 val_macro_auc=0.9477 (checkpoint_metric=macro_auc)
2026-09-18 16:55:14,122 INFO train epoch 40/200 batch 13/66 (20%) running_loss=0.6644
2026-09-18 16:55:17,648 INFO train epoch 40/200 batch 26/66 (39%) running_loss=0.6660
2026-09-18 16:55:21,171 INFO train epoch 40/200 batch 39/66 (59%) running_loss=0.6739
2026-09-18 16:55:24,691 INFO train epoch 40/200 batch 52/66 (79%) running_loss=0.6636
2026-09-18 16:55:28,371 INFO train epoch 40/200 batch 65/66 (98%) running_loss=0.6606
2026-09-18 16:55:28,589 INFO train epoch 40/200 batch 66/66 (100%) running_loss=0.6614
2026-09-18 16:55:31,105 INFO epoch 40/200 done: train_loss=0.6614 val_loss=0.7429 val_accuracy=0.5984 val_macro_f1=0.5684 val_macro_auc=0.9235 (checkpoint_metric=macro_auc)
2026-09-18 16:55:35,050 INFO train epoch 41/200 batch 13/66 (20%) running_loss=0.6492
2026-09-18 16:55:38,572 INFO train epoch 41/200 batch 26/66 (39%) running_loss=0.6372
2026-09-18 16:55:42,098 INFO train epoch 41/200 batch 39/66 (59%) running_loss=0.6469
2026-09-18 16:55:45,618 INFO train epoch 41/200 batch 52/66 (79%) running_loss=0.6419
2026-09-18 16:55:49,136 INFO train epoch 41/200 batch 65/66 (98%) running_loss=0.6480
2026-09-18 16:55:49,355 INFO train epoch 41/200 batch 66/66 (100%) running_loss=0.6467
2026-09-18 16:55:51,869 INFO epoch 41/200 done: train_loss=0.6467 val_loss=0.5750 val_accuracy=0.7213 val_macro_f1=0.7038 val_macro_auc=0.9668 (checkpoint_metric=macro_auc)
2026-09-18 16:55:55,854 INFO train epoch 42/200 batch 13/66 (20%) running_loss=0.6159
2026-09-18 16:55:59,381 INFO train epoch 42/200 batch 26/66 (39%) running_loss=0.6071
2026-09-18 16:56:02,925 INFO train epoch 42/200 batch 39/66 (59%) running_loss=0.6278
2026-09-18 16:56:06,460 INFO train epoch 42/200 batch 52/66 (79%) running_loss=0.6319
2026-09-18 16:56:09,984 INFO train epoch 42/200 batch 65/66 (98%) running_loss=0.6328
2026-09-18 16:56:10,202 INFO train epoch 42/200 batch 66/66 (100%) running_loss=0.6351
2026-09-18 16:56:12,705 INFO epoch 42/200 done: train_loss=0.6351 val_loss=0.4899 val_accuracy=0.8033 val_macro_f1=0.7834 val_macro_auc=0.9791 (checkpoint_metric=macro_auc)
2026-09-18 16:56:16,700 INFO train epoch 43/200 batch 13/66 (20%) running_loss=0.6471
2026-09-18 16:56:20,234 INFO train epoch 43/200 batch 26/66 (39%) running_loss=0.6502
2026-09-18 16:56:23,765 INFO train epoch 43/200 batch 39/66 (59%) running_loss=0.6435
2026-09-18 16:56:27,283 INFO train epoch 43/200 batch 52/66 (79%) running_loss=0.6338
2026-09-18 16:56:30,808 INFO train epoch 43/200 batch 65/66 (98%) running_loss=0.6311
2026-09-18 16:56:31,029 INFO train epoch 43/200 batch 66/66 (100%) running_loss=0.6317
2026-09-18 16:56:33,533 INFO epoch 43/200 done: train_loss=0.6317 val_loss=1.0115 val_accuracy=0.4898 val_macro_f1=0.4369 val_macro_auc=0.9073 (checkpoint_metric=macro_auc)
2026-09-18 16:56:37,503 INFO train epoch 44/200 batch 13/66 (20%) running_loss=0.6218
2026-09-18 16:56:41,190 INFO train epoch 44/200 batch 26/66 (39%) running_loss=0.6511
2026-09-18 16:56:44,712 INFO train epoch 44/200 batch 39/66 (59%) running_loss=0.6354
2026-09-18 16:56:48,238 INFO train epoch 44/200 batch 52/66 (79%) running_loss=0.6319
2026-09-18 16:56:51,755 INFO train epoch 44/200 batch 65/66 (98%) running_loss=0.6333
2026-09-18 16:56:51,973 INFO train epoch 44/200 batch 66/66 (100%) running_loss=0.6326
2026-09-18 16:56:54,474 INFO epoch 44/200 done: train_loss=0.6326 val_loss=0.5308 val_accuracy=0.7480 val_macro_f1=0.7330 val_macro_auc=0.9730 (checkpoint_metric=macro_auc)
2026-09-18 16:56:58,429 INFO train epoch 45/200 batch 13/66 (20%) running_loss=0.6432
2026-09-18 16:57:01,951 INFO train epoch 45/200 batch 26/66 (39%) running_loss=0.6191
2026-09-18 16:57:05,463 INFO train epoch 45/200 batch 39/66 (59%) running_loss=0.6221
2026-09-18 16:57:08,983 INFO train epoch 45/200 batch 52/66 (79%) running_loss=0.6203
2026-09-18 16:57:12,504 INFO train epoch 45/200 batch 65/66 (98%) running_loss=0.6240
2026-09-18 16:57:12,723 INFO train epoch 45/200 batch 66/66 (100%) running_loss=0.6225
2026-09-18 16:57:15,233 INFO epoch 45/200 done: train_loss=0.6225 val_loss=0.4957 val_accuracy=0.7889 val_macro_f1=0.7706 val_macro_auc=0.9792 (checkpoint_metric=macro_auc)
2026-09-18 16:57:19,221 INFO train epoch 46/200 batch 13/66 (20%) running_loss=0.6545
2026-09-18 16:57:22,743 INFO train epoch 46/200 batch 26/66 (39%) running_loss=0.6397
2026-09-18 16:57:26,259 INFO train epoch 46/200 batch 39/66 (59%) running_loss=0.6260
2026-09-18 16:57:29,784 INFO train epoch 46/200 batch 52/66 (79%) running_loss=0.6309
2026-09-18 16:57:33,303 INFO train epoch 46/200 batch 65/66 (98%) running_loss=0.6276
2026-09-18 16:57:33,685 INFO train epoch 46/200 batch 66/66 (100%) running_loss=0.6288
2026-09-18 16:57:36,288 INFO epoch 46/200 done: train_loss=0.6288 val_loss=0.6127 val_accuracy=0.7090 val_macro_f1=0.6967 val_macro_auc=0.9727 (checkpoint_metric=macro_auc) [new best]
2026-09-18 16:57:40,309 INFO train epoch 47/200 batch 13/66 (20%) running_loss=0.5896
2026-09-18 16:57:43,831 INFO train epoch 47/200 batch 26/66 (39%) running_loss=0.6141
2026-09-18 16:57:47,353 INFO train epoch 47/200 batch 39/66 (59%) running_loss=0.6258
2026-09-18 16:57:50,876 INFO train epoch 47/200 batch 52/66 (79%) running_loss=0.6152
2026-09-18 16:57:54,397 INFO train epoch 47/200 batch 65/66 (98%) running_loss=0.6174
2026-09-18 16:57:54,617 INFO train epoch 47/200 batch 66/66 (100%) running_loss=0.6176
2026-09-18 16:57:57,234 INFO epoch 47/200 done: train_loss=0.6176 val_loss=0.2990 val_accuracy=0.9344 val_macro_f1=0.9117 val_macro_auc=0.9881 (checkpoint_metric=macro_auc) [new best]
2026-09-18 16:58:01,230 INFO train epoch 48/200 batch 13/66 (20%) running_loss=0.5951
2026-09-18 16:58:04,762 INFO train epoch 48/200 batch 26/66 (39%) running_loss=0.6014
2026-09-18 16:58:08,293 INFO train epoch 48/200 batch 39/66 (59%) running_loss=0.6007
2026-09-18 16:58:11,817 INFO train epoch 48/200 batch 52/66 (79%) running_loss=0.5969
2026-09-18 16:58:15,341 INFO train epoch 48/200 batch 65/66 (98%) running_loss=0.5995
2026-09-18 16:58:15,558 INFO train epoch 48/200 batch 66/66 (100%) running_loss=0.5987
2026-09-18 16:58:18,061 INFO epoch 48/200 done: train_loss=0.5987 val_loss=0.7660 val_accuracy=0.6045 val_macro_f1=0.6088 val_macro_auc=0.9665 (checkpoint_metric=macro_auc)
2026-09-18 16:58:22,047 INFO train epoch 49/200 batch 13/66 (20%) running_loss=0.6051
2026-09-18 16:58:25,567 INFO train epoch 49/200 batch 26/66 (39%) running_loss=0.6248
2026-09-18 16:58:29,094 INFO train epoch 49/200 batch 39/66 (59%) running_loss=0.6238
2026-09-18 16:58:32,625 INFO train epoch 49/200 batch 52/66 (79%) running_loss=0.6231
2026-09-18 16:58:36,149 INFO train epoch 49/200 batch 65/66 (98%) running_loss=0.6248
2026-09-18 16:58:36,366 INFO train epoch 49/200 batch 66/66 (100%) running_loss=0.6230
2026-09-18 16:58:38,876 INFO epoch 49/200 done: train_loss=0.6230 val_loss=0.5541 val_accuracy=0.7398 val_macro_f1=0.7277 val_macro_auc=0.9769 (checkpoint_metric=macro_auc)
2026-09-18 16:58:42,879 INFO train epoch 50/200 batch 13/66 (20%) running_loss=0.5736
2026-09-18 16:58:46,405 INFO train epoch 50/200 batch 26/66 (39%) running_loss=0.6035
2026-09-18 16:58:50,118 INFO train epoch 50/200 batch 39/66 (59%) running_loss=0.6062
2026-09-18 16:58:53,633 INFO train epoch 50/200 batch 52/66 (79%) running_loss=0.5990
2026-09-18 16:58:57,152 INFO train epoch 50/200 batch 65/66 (98%) running_loss=0.6004
2026-09-18 16:58:57,371 INFO train epoch 50/200 batch 66/66 (100%) running_loss=0.6003
2026-09-18 16:58:59,884 INFO epoch 50/200 done: train_loss=0.6003 val_loss=0.5751 val_accuracy=0.7234 val_macro_f1=0.7050 val_macro_auc=0.9652 (checkpoint_metric=macro_auc)
2026-09-18 16:59:03,899 INFO train epoch 51/200 batch 13/66 (20%) running_loss=0.5747
2026-09-18 16:59:07,430 INFO train epoch 51/200 batch 26/66 (39%) running_loss=0.5857
2026-09-18 16:59:10,967 INFO train epoch 51/200 batch 39/66 (59%) running_loss=0.5814
2026-09-18 16:59:14,491 INFO train epoch 51/200 batch 52/66 (79%) running_loss=0.5796
2026-09-18 16:59:18,010 INFO train epoch 51/200 batch 65/66 (98%) running_loss=0.5840
2026-09-18 16:59:18,230 INFO train epoch 51/200 batch 66/66 (100%) running_loss=0.5838
2026-09-18 16:59:20,719 INFO epoch 51/200 done: train_loss=0.5838 val_loss=0.7263 val_accuracy=0.6004 val_macro_f1=0.5947 val_macro_auc=0.9658 (checkpoint_metric=macro_auc)
2026-09-18 16:59:24,708 INFO train epoch 52/200 batch 13/66 (20%) running_loss=0.5862
2026-09-18 16:59:28,234 INFO train epoch 52/200 batch 26/66 (39%) running_loss=0.6047
2026-09-18 16:59:31,759 INFO train epoch 52/200 batch 39/66 (59%) running_loss=0.5859
2026-09-18 16:59:35,284 INFO train epoch 52/200 batch 52/66 (79%) running_loss=0.5980
2026-09-18 16:59:38,803 INFO train epoch 52/200 batch 65/66 (98%) running_loss=0.5920
2026-09-18 16:59:39,024 INFO train epoch 52/200 batch 66/66 (100%) running_loss=0.5934
2026-09-18 16:59:41,541 INFO epoch 52/200 done: train_loss=0.5934 val_loss=0.3799 val_accuracy=0.8709 val_macro_f1=0.8444 val_macro_auc=0.9878 (checkpoint_metric=macro_auc)
2026-09-18 16:59:45,639 INFO train epoch 53/200 batch 13/66 (20%) running_loss=0.5978
2026-09-18 16:59:49,158 INFO train epoch 53/200 batch 26/66 (39%) running_loss=0.5886
2026-09-18 16:59:52,688 INFO train epoch 53/200 batch 39/66 (59%) running_loss=0.5901
2026-09-18 16:59:56,209 INFO train epoch 53/200 batch 52/66 (79%) running_loss=0.5892
2026-09-18 16:59:59,725 INFO train epoch 53/200 batch 65/66 (98%) running_loss=0.5974
2026-09-18 16:59:59,944 INFO train epoch 53/200 batch 66/66 (100%) running_loss=0.5989
2026-09-18 17:00:02,451 INFO epoch 53/200 done: train_loss=0.5989 val_loss=0.9890 val_accuracy=0.5143 val_macro_f1=0.4604 val_macro_auc=0.9079 (checkpoint_metric=macro_auc)
2026-09-18 17:00:06,433 INFO train epoch 54/200 batch 13/66 (20%) running_loss=0.6195
2026-09-18 17:00:09,953 INFO train epoch 54/200 batch 26/66 (39%) running_loss=0.6126
2026-09-18 17:00:13,478 INFO train epoch 54/200 batch 39/66 (59%) running_loss=0.6119
2026-09-18 17:00:16,995 INFO train epoch 54/200 batch 52/66 (79%) running_loss=0.6088
2026-09-18 17:00:20,516 INFO train epoch 54/200 batch 65/66 (98%) running_loss=0.6056
2026-09-18 17:00:20,736 INFO train epoch 54/200 batch 66/66 (100%) running_loss=0.6062
2026-09-18 17:00:23,235 INFO epoch 54/200 done: train_loss=0.6062 val_loss=0.4675 val_accuracy=0.8176 val_macro_f1=0.7974 val_macro_auc=0.9778 (checkpoint_metric=macro_auc)
2026-09-18 17:00:27,247 INFO train epoch 55/200 batch 13/66 (20%) running_loss=0.5341
2026-09-18 17:00:30,798 INFO train epoch 55/200 batch 26/66 (39%) running_loss=0.5846
2026-09-18 17:00:34,334 INFO train epoch 55/200 batch 39/66 (59%) running_loss=0.5828
2026-09-18 17:00:37,859 INFO train epoch 55/200 batch 52/66 (79%) running_loss=0.5898
2026-09-18 17:00:41,379 INFO train epoch 55/200 batch 65/66 (98%) running_loss=0.5974
2026-09-18 17:00:41,597 INFO train epoch 55/200 batch 66/66 (100%) running_loss=0.5960
2026-09-18 17:00:44,101 INFO epoch 55/200 done: train_loss=0.5960 val_loss=0.5672 val_accuracy=0.7336 val_macro_f1=0.7202 val_macro_auc=0.9684 (checkpoint_metric=macro_auc)
2026-09-18 17:00:48,060 INFO train epoch 56/200 batch 13/66 (20%) running_loss=0.5945
2026-09-18 17:00:51,753 INFO train epoch 56/200 batch 26/66 (39%) running_loss=0.5787
2026-09-18 17:00:55,274 INFO train epoch 56/200 batch 39/66 (59%) running_loss=0.5804
2026-09-18 17:00:58,796 INFO train epoch 56/200 batch 52/66 (79%) running_loss=0.5849
2026-09-18 17:01:02,315 INFO train epoch 56/200 batch 65/66 (98%) running_loss=0.5881
2026-09-18 17:01:02,535 INFO train epoch 56/200 batch 66/66 (100%) running_loss=0.5875
2026-09-18 17:01:05,049 INFO epoch 56/200 done: train_loss=0.5875 val_loss=0.6939 val_accuracy=0.6496 val_macro_f1=0.6412 val_macro_auc=0.9625 (checkpoint_metric=macro_auc)
2026-09-18 17:01:09,050 INFO train epoch 57/200 batch 13/66 (20%) running_loss=0.5770
2026-09-18 17:01:12,572 INFO train epoch 57/200 batch 26/66 (39%) running_loss=0.5906
2026-09-18 17:01:16,107 INFO train epoch 57/200 batch 39/66 (59%) running_loss=0.5896
2026-09-18 17:01:19,631 INFO train epoch 57/200 batch 52/66 (79%) running_loss=0.5872
2026-09-18 17:01:23,149 INFO train epoch 57/200 batch 65/66 (98%) running_loss=0.5838
2026-09-18 17:01:23,368 INFO train epoch 57/200 batch 66/66 (100%) running_loss=0.5829
2026-09-18 17:01:25,870 INFO epoch 57/200 done: train_loss=0.5829 val_loss=0.2919 val_accuracy=0.9242 val_macro_f1=0.8969 val_macro_auc=0.9857 (checkpoint_metric=macro_auc)
2026-09-18 17:01:29,877 INFO train epoch 58/200 batch 13/66 (20%) running_loss=0.6065
2026-09-18 17:01:33,420 INFO train epoch 58/200 batch 26/66 (39%) running_loss=0.6033
2026-09-18 17:01:36,942 INFO train epoch 58/200 batch 39/66 (59%) running_loss=0.5899
2026-09-18 17:01:40,465 INFO train epoch 58/200 batch 52/66 (79%) running_loss=0.5831
2026-09-18 17:01:44,147 INFO train epoch 58/200 batch 65/66 (98%) running_loss=0.5776
2026-09-18 17:01:44,368 INFO train epoch 58/200 batch 66/66 (100%) running_loss=0.5769
2026-09-18 17:01:46,879 INFO epoch 58/200 done: train_loss=0.5769 val_loss=0.4229 val_accuracy=0.8504 val_macro_f1=0.8270 val_macro_auc=0.9821 (checkpoint_metric=macro_auc)
2026-09-18 17:01:50,995 INFO train epoch 59/200 batch 13/66 (20%) running_loss=0.5612
2026-09-18 17:01:54,538 INFO train epoch 59/200 batch 26/66 (39%) running_loss=0.5835
2026-09-18 17:01:58,070 INFO train epoch 59/200 batch 39/66 (59%) running_loss=0.5665
2026-09-18 17:02:01,600 INFO train epoch 59/200 batch 52/66 (79%) running_loss=0.5729
2026-09-18 17:02:05,125 INFO train epoch 59/200 batch 65/66 (98%) running_loss=0.5729
2026-09-18 17:02:05,345 INFO train epoch 59/200 batch 66/66 (100%) running_loss=0.5727
2026-09-18 17:02:07,970 INFO epoch 59/200 done: train_loss=0.5727 val_loss=0.5288 val_accuracy=0.7889 val_macro_f1=0.7658 val_macro_auc=0.9741 (checkpoint_metric=macro_auc) [new best]
2026-09-18 17:02:11,985 INFO train epoch 60/200 batch 13/66 (20%) running_loss=0.5424
2026-09-18 17:02:15,502 INFO train epoch 60/200 batch 26/66 (39%) running_loss=0.5622
2026-09-18 17:02:19,032 INFO train epoch 60/200 batch 39/66 (59%) running_loss=0.5662
2026-09-18 17:02:22,569 INFO train epoch 60/200 batch 52/66 (79%) running_loss=0.5678
2026-09-18 17:02:26,098 INFO train epoch 60/200 batch 65/66 (98%) running_loss=0.5722
2026-09-18 17:02:26,318 INFO train epoch 60/200 batch 66/66 (100%) running_loss=0.5713
2026-09-18 17:02:28,816 INFO epoch 60/200 done: train_loss=0.5713 val_loss=0.4929 val_accuracy=0.8135 val_macro_f1=0.7931 val_macro_auc=0.9732 (checkpoint_metric=macro_auc)
2026-09-18 17:02:32,835 INFO train epoch 61/200 batch 13/66 (20%) running_loss=0.5555
2026-09-18 17:02:36,379 INFO train epoch 61/200 batch 26/66 (39%) running_loss=0.5587
2026-09-18 17:02:39,926 INFO train epoch 61/200 batch 39/66 (59%) running_loss=0.5495
2026-09-18 17:02:43,626 INFO train epoch 61/200 batch 52/66 (79%) running_loss=0.5511
2026-09-18 17:02:47,164 INFO train epoch 61/200 batch 65/66 (98%) running_loss=0.5476
2026-09-18 17:02:47,380 INFO train epoch 61/200 batch 66/66 (100%) running_loss=0.5488
2026-09-18 17:02:49,896 INFO epoch 61/200 done: train_loss=0.5488 val_loss=0.6021 val_accuracy=0.7172 val_macro_f1=0.7027 val_macro_auc=0.9730 (checkpoint_metric=macro_auc)
2026-09-18 17:02:53,888 INFO train epoch 62/200 batch 13/66 (20%) running_loss=0.5452
2026-09-18 17:02:57,421 INFO train epoch 62/200 batch 26/66 (39%) running_loss=0.5591
2026-09-18 17:03:00,947 INFO train epoch 62/200 batch 39/66 (59%) running_loss=0.5458
2026-09-18 17:03:04,472 INFO train epoch 62/200 batch 52/66 (79%) running_loss=0.5588
2026-09-18 17:03:07,997 INFO train epoch 62/200 batch 65/66 (98%) running_loss=0.5525
2026-09-18 17:03:08,216 INFO train epoch 62/200 batch 66/66 (100%) running_loss=0.5529
2026-09-18 17:03:10,710 INFO epoch 62/200 done: train_loss=0.5529 val_loss=0.5417 val_accuracy=0.7684 val_macro_f1=0.7520 val_macro_auc=0.9761 (checkpoint_metric=macro_auc)
2026-09-18 17:03:14,708 INFO train epoch 63/200 batch 13/66 (20%) running_loss=0.5207
2026-09-18 17:03:18,249 INFO train epoch 63/200 batch 26/66 (39%) running_loss=0.5417
2026-09-18 17:03:21,765 INFO train epoch 63/200 batch 39/66 (59%) running_loss=0.5521
2026-09-18 17:03:25,297 INFO train epoch 63/200 batch 52/66 (79%) running_loss=0.5531
2026-09-18 17:03:28,835 INFO train epoch 63/200 batch 65/66 (98%) running_loss=0.5522
2026-09-18 17:03:29,054 INFO train epoch 63/200 batch 66/66 (100%) running_loss=0.5544
2026-09-18 17:03:31,581 INFO epoch 63/200 done: train_loss=0.5544 val_loss=0.8685 val_accuracy=0.6393 val_macro_f1=0.6443 val_macro_auc=0.9541 (checkpoint_metric=macro_auc)
2026-09-18 17:03:35,606 INFO train epoch 64/200 batch 13/66 (20%) running_loss=0.5461
2026-09-18 17:03:39,203 INFO train epoch 64/200 batch 26/66 (39%) running_loss=0.5662
2026-09-18 17:03:42,721 INFO train epoch 64/200 batch 39/66 (59%) running_loss=0.5647
2026-09-18 17:03:46,235 INFO train epoch 64/200 batch 52/66 (79%) running_loss=0.5673
2026-09-18 17:03:49,778 INFO train epoch 64/200 batch 65/66 (98%) running_loss=0.5643
2026-09-18 17:03:49,997 INFO train epoch 64/200 batch 66/66 (100%) running_loss=0.5635
2026-09-18 17:03:52,511 INFO epoch 64/200 done: train_loss=0.5635 val_loss=0.4046 val_accuracy=0.8463 val_macro_f1=0.8231 val_macro_auc=0.9889 (checkpoint_metric=macro_auc)
2026-09-18 17:03:56,525 INFO train epoch 65/200 batch 13/66 (20%) running_loss=0.5191
2026-09-18 17:04:00,065 INFO train epoch 65/200 batch 26/66 (39%) running_loss=0.5330
2026-09-18 17:04:03,616 INFO train epoch 65/200 batch 39/66 (59%) running_loss=0.5349
2026-09-18 17:04:07,144 INFO train epoch 65/200 batch 52/66 (79%) running_loss=0.5404
2026-09-18 17:04:10,665 INFO train epoch 65/200 batch 65/66 (98%) running_loss=0.5322
2026-09-18 17:04:10,884 INFO train epoch 65/200 batch 66/66 (100%) running_loss=0.5326
2026-09-18 17:04:13,376 INFO epoch 65/200 done: train_loss=0.5326 val_loss=0.5073 val_accuracy=0.7910 val_macro_f1=0.7727 val_macro_auc=0.9818 (checkpoint_metric=macro_auc)
2026-09-18 17:04:17,393 INFO train epoch 66/200 batch 13/66 (20%) running_loss=0.5593
2026-09-18 17:04:20,919 INFO train epoch 66/200 batch 26/66 (39%) running_loss=0.5644
2026-09-18 17:04:24,437 INFO train epoch 66/200 batch 39/66 (59%) running_loss=0.5545
2026-09-18 17:04:27,957 INFO train epoch 66/200 batch 52/66 (79%) running_loss=0.5444
2026-09-18 17:04:31,476 INFO train epoch 66/200 batch 65/66 (98%) running_loss=0.5532
2026-09-18 17:04:31,693 INFO train epoch 66/200 batch 66/66 (100%) running_loss=0.5528
2026-09-18 17:04:34,197 INFO epoch 66/200 done: train_loss=0.5528 val_loss=0.7856 val_accuracy=0.6373 val_macro_f1=0.6264 val_macro_auc=0.9585 (checkpoint_metric=macro_auc)
2026-09-18 17:04:38,184 INFO train epoch 67/200 batch 13/66 (20%) running_loss=0.5335
2026-09-18 17:04:41,719 INFO train epoch 67/200 batch 26/66 (39%) running_loss=0.5176
2026-09-18 17:04:45,245 INFO train epoch 67/200 batch 39/66 (59%) running_loss=0.5272
2026-09-18 17:04:48,929 INFO train epoch 67/200 batch 52/66 (79%) running_loss=0.5391
2026-09-18 17:04:52,452 INFO train epoch 67/200 batch 65/66 (98%) running_loss=0.5444
2026-09-18 17:04:52,671 INFO train epoch 67/200 batch 66/66 (100%) running_loss=0.5442
2026-09-18 17:04:55,173 INFO epoch 67/200 done: train_loss=0.5442 val_loss=0.4215 val_accuracy=0.8443 val_macro_f1=0.8222 val_macro_auc=0.9863 (checkpoint_metric=macro_auc)
2026-09-18 17:04:59,165 INFO train epoch 68/200 batch 13/66 (20%) running_loss=0.5286
2026-09-18 17:05:02,688 INFO train epoch 68/200 batch 26/66 (39%) running_loss=0.5417
2026-09-18 17:05:06,214 INFO train epoch 68/200 batch 39/66 (59%) running_loss=0.5346
2026-09-18 17:05:09,782 INFO train epoch 68/200 batch 52/66 (79%) running_loss=0.5333
2026-09-18 17:05:13,307 INFO train epoch 68/200 batch 65/66 (98%) running_loss=0.5291
2026-09-18 17:05:13,528 INFO train epoch 68/200 batch 66/66 (100%) running_loss=0.5294
2026-09-18 17:05:16,060 INFO epoch 68/200 done: train_loss=0.5294 val_loss=0.3817 val_accuracy=0.8525 val_macro_f1=0.8245 val_macro_auc=0.9859 (checkpoint_metric=macro_auc)
2026-09-18 17:05:20,065 INFO train epoch 69/200 batch 13/66 (20%) running_loss=0.5385
2026-09-18 17:05:23,607 INFO train epoch 69/200 batch 26/66 (39%) running_loss=0.5370
2026-09-18 17:05:27,162 INFO train epoch 69/200 batch 39/66 (59%) running_loss=0.5349
2026-09-18 17:05:30,717 INFO train epoch 69/200 batch 52/66 (79%) running_loss=0.5365
2026-09-18 17:05:34,261 INFO train epoch 69/200 batch 65/66 (98%) running_loss=0.5321
2026-09-18 17:05:34,480 INFO train epoch 69/200 batch 66/66 (100%) running_loss=0.5323
2026-09-18 17:05:37,105 INFO epoch 69/200 done: train_loss=0.5323 val_loss=0.3578 val_accuracy=0.8566 val_macro_f1=0.8296 val_macro_auc=0.9898 (checkpoint_metric=macro_auc) [new best]
2026-09-18 17:05:41,234 INFO train epoch 70/200 batch 13/66 (20%) running_loss=0.4987
2026-09-18 17:05:44,760 INFO train epoch 70/200 batch 26/66 (39%) running_loss=0.4966
2026-09-18 17:05:48,284 INFO train epoch 70/200 batch 39/66 (59%) running_loss=0.5054
2026-09-18 17:05:51,804 INFO train epoch 70/200 batch 52/66 (79%) running_loss=0.5098
2026-09-18 17:05:55,325 INFO train epoch 70/200 batch 65/66 (98%) running_loss=0.5150
2026-09-18 17:05:55,544 INFO train epoch 70/200 batch 66/66 (100%) running_loss=0.5155
2026-09-18 17:05:58,049 INFO epoch 70/200 done: train_loss=0.5155 val_loss=0.5292 val_accuracy=0.8033 val_macro_f1=0.7824 val_macro_auc=0.9795 (checkpoint_metric=macro_auc)
2026-09-18 17:06:02,039 INFO train epoch 71/200 batch 13/66 (20%) running_loss=0.5436
2026-09-18 17:06:05,571 INFO train epoch 71/200 batch 26/66 (39%) running_loss=0.5395
2026-09-18 17:06:09,107 INFO train epoch 71/200 batch 39/66 (59%) running_loss=0.5542
2026-09-18 17:06:12,643 INFO train epoch 71/200 batch 52/66 (79%) running_loss=0.5462
2026-09-18 17:06:16,167 INFO train epoch 71/200 batch 65/66 (98%) running_loss=0.5438
2026-09-18 17:06:16,386 INFO train epoch 71/200 batch 66/66 (100%) running_loss=0.5441
2026-09-18 17:06:18,882 INFO epoch 71/200 done: train_loss=0.5441 val_loss=0.5018 val_accuracy=0.7787 val_macro_f1=0.7575 val_macro_auc=0.9708 (checkpoint_metric=macro_auc)
2026-09-18 17:06:22,817 INFO train epoch 72/200 batch 13/66 (20%) running_loss=0.5220
2026-09-18 17:06:26,350 INFO train epoch 72/200 batch 26/66 (39%) running_loss=0.5406
2026-09-18 17:06:29,870 INFO train epoch 72/200 batch 39/66 (59%) running_loss=0.5500
2026-09-18 17:06:33,392 INFO train epoch 72/200 batch 52/66 (79%) running_loss=0.5520
2026-09-18 17:06:36,916 INFO train epoch 72/200 batch 65/66 (98%) running_loss=0.5440
2026-09-18 17:06:37,134 INFO train epoch 72/200 batch 66/66 (100%) running_loss=0.5435
2026-09-18 17:06:39,648 INFO epoch 72/200 done: train_loss=0.5435 val_loss=0.5258 val_accuracy=0.7787 val_macro_f1=0.7590 val_macro_auc=0.9794 (checkpoint_metric=macro_auc)
2026-09-18 17:06:43,663 INFO train epoch 73/200 batch 13/66 (20%) running_loss=0.5358
2026-09-18 17:06:47,350 INFO train epoch 73/200 batch 26/66 (39%) running_loss=0.5434
2026-09-18 17:06:50,895 INFO train epoch 73/200 batch 39/66 (59%) running_loss=0.5426
2026-09-18 17:06:54,425 INFO train epoch 73/200 batch 52/66 (79%) running_loss=0.5382
2026-09-18 17:06:57,942 INFO train epoch 73/200 batch 65/66 (98%) running_loss=0.5349
2026-09-18 17:06:58,161 INFO train epoch 73/200 batch 66/66 (100%) running_loss=0.5351
2026-09-18 17:07:00,686 INFO epoch 73/200 done: train_loss=0.5351 val_loss=0.4101 val_accuracy=0.8504 val_macro_f1=0.8297 val_macro_auc=0.9817 (checkpoint_metric=macro_auc)
2026-09-18 17:07:04,673 INFO train epoch 74/200 batch 13/66 (20%) running_loss=0.4882
2026-09-18 17:07:08,201 INFO train epoch 74/200 batch 26/66 (39%) running_loss=0.5075
2026-09-18 17:07:11,727 INFO train epoch 74/200 batch 39/66 (59%) running_loss=0.5218
2026-09-18 17:07:15,252 INFO train epoch 74/200 batch 52/66 (79%) running_loss=0.5230
2026-09-18 17:07:18,772 INFO train epoch 74/200 batch 65/66 (98%) running_loss=0.5246
2026-09-18 17:07:18,991 INFO train epoch 74/200 batch 66/66 (100%) running_loss=0.5236
2026-09-18 17:07:21,516 INFO epoch 74/200 done: train_loss=0.5236 val_loss=0.5166 val_accuracy=0.7992 val_macro_f1=0.7790 val_macro_auc=0.9731 (checkpoint_metric=macro_auc)
2026-09-18 17:07:25,510 INFO train epoch 75/200 batch 13/66 (20%) running_loss=0.5301
2026-09-18 17:07:29,027 INFO train epoch 75/200 batch 26/66 (39%) running_loss=0.5347
2026-09-18 17:07:32,551 INFO train epoch 75/200 batch 39/66 (59%) running_loss=0.5216
2026-09-18 17:07:36,077 INFO train epoch 75/200 batch 52/66 (79%) running_loss=0.5178
2026-09-18 17:07:39,600 INFO train epoch 75/200 batch 65/66 (98%) running_loss=0.5213
2026-09-18 17:07:39,820 INFO train epoch 75/200 batch 66/66 (100%) running_loss=0.5207
2026-09-18 17:07:42,321 INFO epoch 75/200 done: train_loss=0.5207 val_loss=0.3978 val_accuracy=0.8586 val_macro_f1=0.8349 val_macro_auc=0.9826 (checkpoint_metric=macro_auc)
2026-09-18 17:07:46,326 INFO train epoch 76/200 batch 13/66 (20%) running_loss=0.5405
2026-09-18 17:07:49,928 INFO train epoch 76/200 batch 26/66 (39%) running_loss=0.5475
2026-09-18 17:07:53,465 INFO train epoch 76/200 batch 39/66 (59%) running_loss=0.5425
2026-09-18 17:07:56,991 INFO train epoch 76/200 batch 52/66 (79%) running_loss=0.5401
2026-09-18 17:08:00,509 INFO train epoch 76/200 batch 65/66 (98%) running_loss=0.5433
2026-09-18 17:08:00,726 INFO train epoch 76/200 batch 66/66 (100%) running_loss=0.5429
2026-09-18 17:08:03,233 INFO epoch 76/200 done: train_loss=0.5429 val_loss=0.3672 val_accuracy=0.8627 val_macro_f1=0.8323 val_macro_auc=0.9865 (checkpoint_metric=macro_auc)
2026-09-18 17:08:07,219 INFO train epoch 77/200 batch 13/66 (20%) running_loss=0.5074
2026-09-18 17:08:10,741 INFO train epoch 77/200 batch 26/66 (39%) running_loss=0.5290
2026-09-18 17:08:14,267 INFO train epoch 77/200 batch 39/66 (59%) running_loss=0.5251
2026-09-18 17:08:17,791 INFO train epoch 77/200 batch 52/66 (79%) running_loss=0.5208
2026-09-18 17:08:21,307 INFO train epoch 77/200 batch 65/66 (98%) running_loss=0.5187
2026-09-18 17:08:21,528 INFO train epoch 77/200 batch 66/66 (100%) running_loss=0.5196
2026-09-18 17:08:24,049 INFO epoch 77/200 done: train_loss=0.5196 val_loss=0.4751 val_accuracy=0.7828 val_macro_f1=0.7650 val_macro_auc=0.9808 (checkpoint_metric=macro_auc)
2026-09-18 17:08:28,031 INFO train epoch 78/200 batch 13/66 (20%) running_loss=0.4979
2026-09-18 17:08:31,549 INFO train epoch 78/200 batch 26/66 (39%) running_loss=0.4982
2026-09-18 17:08:35,073 INFO train epoch 78/200 batch 39/66 (59%) running_loss=0.5007
2026-09-18 17:08:38,594 INFO train epoch 78/200 batch 52/66 (79%) running_loss=0.4971
2026-09-18 17:08:42,119 INFO train epoch 78/200 batch 65/66 (98%) running_loss=0.5036
2026-09-18 17:08:42,337 INFO train epoch 78/200 batch 66/66 (100%) running_loss=0.5033
2026-09-18 17:08:44,849 INFO epoch 78/200 done: train_loss=0.5033 val_loss=0.3648 val_accuracy=0.8607 val_macro_f1=0.8338 val_macro_auc=0.9889 (checkpoint_metric=macro_auc)
2026-09-18 17:08:48,853 INFO train epoch 79/200 batch 13/66 (20%) running_loss=0.4909
2026-09-18 17:08:52,372 INFO train epoch 79/200 batch 26/66 (39%) running_loss=0.5196
2026-09-18 17:08:56,059 INFO train epoch 79/200 batch 39/66 (59%) running_loss=0.5101
2026-09-18 17:08:59,597 INFO train epoch 79/200 batch 52/66 (79%) running_loss=0.5153
2026-09-18 17:09:03,122 INFO train epoch 79/200 batch 65/66 (98%) running_loss=0.5121
2026-09-18 17:09:03,341 INFO train epoch 79/200 batch 66/66 (100%) running_loss=0.5114
2026-09-18 17:09:05,847 INFO epoch 79/200 done: train_loss=0.5114 val_loss=0.2883 val_accuracy=0.9160 val_macro_f1=0.8929 val_macro_auc=0.9901 (checkpoint_metric=macro_auc)
2026-09-18 17:09:09,864 INFO train epoch 80/200 batch 13/66 (20%) running_loss=0.5140
2026-09-18 17:09:13,400 INFO train epoch 80/200 batch 26/66 (39%) running_loss=0.4995
2026-09-18 17:09:16,929 INFO train epoch 80/200 batch 39/66 (59%) running_loss=0.5031
2026-09-18 17:09:20,462 INFO train epoch 80/200 batch 52/66 (79%) running_loss=0.5078
2026-09-18 17:09:23,989 INFO train epoch 80/200 batch 65/66 (98%) running_loss=0.5048
2026-09-18 17:09:24,208 INFO train epoch 80/200 batch 66/66 (100%) running_loss=0.5037
2026-09-18 17:09:26,821 INFO epoch 80/200 done: train_loss=0.5037 val_loss=0.3644 val_accuracy=0.8648 val_macro_f1=0.8386 val_macro_auc=0.9893 (checkpoint_metric=macro_auc) [new best]
2026-09-18 17:09:30,844 INFO train epoch 81/200 batch 13/66 (20%) running_loss=0.4864
2026-09-18 17:09:34,372 INFO train epoch 81/200 batch 26/66 (39%) running_loss=0.4874
2026-09-18 17:09:37,894 INFO train epoch 81/200 batch 39/66 (59%) running_loss=0.4939
2026-09-18 17:09:41,419 INFO train epoch 81/200 batch 52/66 (79%) running_loss=0.4948
2026-09-18 17:09:44,943 INFO train epoch 81/200 batch 65/66 (98%) running_loss=0.4962
2026-09-18 17:09:45,162 INFO train epoch 81/200 batch 66/66 (100%) running_loss=0.4974
2026-09-18 17:09:47,661 INFO epoch 81/200 done: train_loss=0.4974 val_loss=0.4519 val_accuracy=0.8176 val_macro_f1=0.7957 val_macro_auc=0.9794 (checkpoint_metric=macro_auc)
2026-09-18 17:09:51,819 INFO train epoch 82/200 batch 13/66 (20%) running_loss=0.4942
2026-09-18 17:09:55,356 INFO train epoch 82/200 batch 26/66 (39%) running_loss=0.4979
2026-09-18 17:09:58,899 INFO train epoch 82/200 batch 39/66 (59%) running_loss=0.4948
2026-09-18 17:10:02,431 INFO train epoch 82/200 batch 52/66 (79%) running_loss=0.5056
2026-09-18 17:10:05,954 INFO train epoch 82/200 batch 65/66 (98%) running_loss=0.5039
2026-09-18 17:10:06,172 INFO train epoch 82/200 batch 66/66 (100%) running_loss=0.5038
2026-09-18 17:10:08,682 INFO epoch 82/200 done: train_loss=0.5038 val_loss=0.2399 val_accuracy=0.9406 val_macro_f1=0.9165 val_macro_auc=0.9910 (checkpoint_metric=macro_auc)
2026-09-18 17:10:12,701 INFO train epoch 83/200 batch 13/66 (20%) running_loss=0.5000
2026-09-18 17:10:16,225 INFO train epoch 83/200 batch 26/66 (39%) running_loss=0.5001
2026-09-18 17:10:19,749 INFO train epoch 83/200 batch 39/66 (59%) running_loss=0.5052
2026-09-18 17:10:23,272 INFO train epoch 83/200 batch 52/66 (79%) running_loss=0.5011
2026-09-18 17:10:26,795 INFO train epoch 83/200 batch 65/66 (98%) running_loss=0.5051
2026-09-18 17:10:27,016 INFO train epoch 83/200 batch 66/66 (100%) running_loss=0.5047
2026-09-18 17:10:29,545 INFO epoch 83/200 done: train_loss=0.5047 val_loss=0.3728 val_accuracy=0.8648 val_macro_f1=0.8397 val_macro_auc=0.9836 (checkpoint_metric=macro_auc)
2026-09-18 17:10:33,545 INFO train epoch 84/200 batch 13/66 (20%) running_loss=0.4992
2026-09-18 17:10:37,080 INFO train epoch 84/200 batch 26/66 (39%) running_loss=0.4815
2026-09-18 17:10:40,647 INFO train epoch 84/200 batch 39/66 (59%) running_loss=0.4843
2026-09-18 17:10:44,208 INFO train epoch 84/200 batch 52/66 (79%) running_loss=0.4864
2026-09-18 17:10:47,888 INFO train epoch 84/200 batch 65/66 (98%) running_loss=0.4855
2026-09-18 17:10:48,107 INFO train epoch 84/200 batch 66/66 (100%) running_loss=0.4853
2026-09-18 17:10:50,604 INFO epoch 84/200 done: train_loss=0.4853 val_loss=0.3974 val_accuracy=0.8443 val_macro_f1=0.8215 val_macro_auc=0.9862 (checkpoint_metric=macro_auc)
2026-09-18 17:10:54,641 INFO train epoch 85/200 batch 13/66 (20%) running_loss=0.4711
2026-09-18 17:10:58,154 INFO train epoch 85/200 batch 26/66 (39%) running_loss=0.4763
2026-09-18 17:11:01,680 INFO train epoch 85/200 batch 39/66 (59%) running_loss=0.4781
2026-09-18 17:11:05,220 INFO train epoch 85/200 batch 52/66 (79%) running_loss=0.4869
2026-09-18 17:11:08,736 INFO train epoch 85/200 batch 65/66 (98%) running_loss=0.4821
2026-09-18 17:11:08,954 INFO train epoch 85/200 batch 66/66 (100%) running_loss=0.4822
2026-09-18 17:11:11,465 INFO epoch 85/200 done: train_loss=0.4822 val_loss=0.4473 val_accuracy=0.8074 val_macro_f1=0.7882 val_macro_auc=0.9894 (checkpoint_metric=macro_auc)
2026-09-18 17:11:15,451 INFO train epoch 86/200 batch 13/66 (20%) running_loss=0.4617
2026-09-18 17:11:18,980 INFO train epoch 86/200 batch 26/66 (39%) running_loss=0.4647
2026-09-18 17:11:22,522 INFO train epoch 86/200 batch 39/66 (59%) running_loss=0.4706
2026-09-18 17:11:26,051 INFO train epoch 86/200 batch 52/66 (79%) running_loss=0.4851
2026-09-18 17:11:29,571 INFO train epoch 86/200 batch 65/66 (98%) running_loss=0.4836
2026-09-18 17:11:29,788 INFO train epoch 86/200 batch 66/66 (100%) running_loss=0.4827
2026-09-18 17:11:32,297 INFO epoch 86/200 done: train_loss=0.4827 val_loss=0.4344 val_accuracy=0.8320 val_macro_f1=0.8080 val_macro_auc=0.9835 (checkpoint_metric=macro_auc)
2026-09-18 17:11:36,287 INFO train epoch 87/200 batch 13/66 (20%) running_loss=0.4777
2026-09-18 17:11:39,813 INFO train epoch 87/200 batch 26/66 (39%) running_loss=0.4804
2026-09-18 17:11:43,340 INFO train epoch 87/200 batch 39/66 (59%) running_loss=0.4778
2026-09-18 17:11:46,877 INFO train epoch 87/200 batch 52/66 (79%) running_loss=0.4878
2026-09-18 17:11:50,452 INFO train epoch 87/200 batch 65/66 (98%) running_loss=0.4886
2026-09-18 17:11:50,673 INFO train epoch 87/200 batch 66/66 (100%) running_loss=0.4899
2026-09-18 17:11:53,295 INFO epoch 87/200 done: train_loss=0.4899 val_loss=0.2542 val_accuracy=0.9221 val_macro_f1=0.8967 val_macro_auc=0.9883 (checkpoint_metric=macro_auc)
2026-09-18 17:11:57,416 INFO train epoch 88/200 batch 13/66 (20%) running_loss=0.4787
2026-09-18 17:12:00,953 INFO train epoch 88/200 batch 26/66 (39%) running_loss=0.4891
2026-09-18 17:12:04,495 INFO train epoch 88/200 batch 39/66 (59%) running_loss=0.4810
2026-09-18 17:12:08,016 INFO train epoch 88/200 batch 52/66 (79%) running_loss=0.4778
2026-09-18 17:12:11,538 INFO train epoch 88/200 batch 65/66 (98%) running_loss=0.4841
2026-09-18 17:12:11,758 INFO train epoch 88/200 batch 66/66 (100%) running_loss=0.4832
2026-09-18 17:12:14,260 INFO epoch 88/200 done: train_loss=0.4832 val_loss=0.2499 val_accuracy=0.9447 val_macro_f1=0.9226 val_macro_auc=0.9889 (checkpoint_metric=macro_auc)
2026-09-18 17:12:18,275 INFO train epoch 89/200 batch 13/66 (20%) running_loss=0.4931
2026-09-18 17:12:21,791 INFO train epoch 89/200 batch 26/66 (39%) running_loss=0.4729
2026-09-18 17:12:25,310 INFO train epoch 89/200 batch 39/66 (59%) running_loss=0.4753
2026-09-18 17:12:28,833 INFO train epoch 89/200 batch 52/66 (79%) running_loss=0.4757
2026-09-18 17:12:32,357 INFO train epoch 89/200 batch 65/66 (98%) running_loss=0.4842
2026-09-18 17:12:32,575 INFO train epoch 89/200 batch 66/66 (100%) running_loss=0.4862
2026-09-18 17:12:35,184 INFO epoch 89/200 done: train_loss=0.4862 val_loss=0.2451 val_accuracy=0.9344 val_macro_f1=0.9106 val_macro_auc=0.9913 (checkpoint_metric=macro_auc) [new best]
2026-09-18 17:12:39,194 INFO train epoch 90/200 batch 13/66 (20%) running_loss=0.4567
2026-09-18 17:12:42,707 INFO train epoch 90/200 batch 26/66 (39%) running_loss=0.4801
2026-09-18 17:12:46,230 INFO train epoch 90/200 batch 39/66 (59%) running_loss=0.4826
2026-09-18 17:12:49,778 INFO train epoch 90/200 batch 52/66 (79%) running_loss=0.4724
2026-09-18 17:12:53,298 INFO train epoch 90/200 batch 65/66 (98%) running_loss=0.4738
2026-09-18 17:12:53,517 INFO train epoch 90/200 batch 66/66 (100%) running_loss=0.4742
2026-09-18 17:12:56,127 INFO epoch 90/200 done: train_loss=0.4742 val_loss=0.2856 val_accuracy=0.9324 val_macro_f1=0.9141 val_macro_auc=0.9933 (checkpoint_metric=macro_auc) [new best]
2026-09-18 17:13:00,180 INFO train epoch 91/200 batch 13/66 (20%) running_loss=0.4854
2026-09-18 17:13:03,716 INFO train epoch 91/200 batch 26/66 (39%) running_loss=0.4883
2026-09-18 17:13:07,254 INFO train epoch 91/200 batch 39/66 (59%) running_loss=0.4759
2026-09-18 17:13:10,793 INFO train epoch 91/200 batch 52/66 (79%) running_loss=0.4622
2026-09-18 17:13:14,343 INFO train epoch 91/200 batch 65/66 (98%) running_loss=0.4602
2026-09-18 17:13:14,562 INFO train epoch 91/200 batch 66/66 (100%) running_loss=0.4608
2026-09-18 17:13:17,184 INFO epoch 91/200 done: train_loss=0.4608 val_loss=0.2664 val_accuracy=0.9221 val_macro_f1=0.9057 val_macro_auc=0.9912 (checkpoint_metric=macro_auc) [new best]
2026-09-18 17:13:21,195 INFO train epoch 92/200 batch 13/66 (20%) running_loss=0.4666
2026-09-18 17:13:24,744 INFO train epoch 92/200 batch 26/66 (39%) running_loss=0.4832
2026-09-18 17:13:28,279 INFO train epoch 92/200 batch 39/66 (59%) running_loss=0.4868
2026-09-18 17:13:31,809 INFO train epoch 92/200 batch 52/66 (79%) running_loss=0.4902
2026-09-18 17:13:35,333 INFO train epoch 92/200 batch 65/66 (98%) running_loss=0.4875
2026-09-18 17:13:35,552 INFO train epoch 92/200 batch 66/66 (100%) running_loss=0.4871
2026-09-18 17:13:38,083 INFO epoch 92/200 done: train_loss=0.4871 val_loss=0.3203 val_accuracy=0.9016 val_macro_f1=0.8850 val_macro_auc=0.9903 (checkpoint_metric=macro_auc)
2026-09-18 17:13:42,024 INFO train epoch 93/200 batch 13/66 (20%) running_loss=0.4832
2026-09-18 17:13:45,558 INFO train epoch 93/200 batch 26/66 (39%) running_loss=0.4859
2026-09-18 17:13:49,080 INFO train epoch 93/200 batch 39/66 (59%) running_loss=0.4816
2026-09-18 17:13:52,602 INFO train epoch 93/200 batch 52/66 (79%) running_loss=0.4853
2026-09-18 17:13:56,282 INFO train epoch 93/200 batch 65/66 (98%) running_loss=0.4857
2026-09-18 17:13:56,501 INFO train epoch 93/200 batch 66/66 (100%) running_loss=0.4850
2026-09-18 17:13:59,026 INFO epoch 93/200 done: train_loss=0.4850 val_loss=0.2906 val_accuracy=0.9037 val_macro_f1=0.8894 val_macro_auc=0.9897 (checkpoint_metric=macro_auc)
2026-09-18 17:14:02,999 INFO train epoch 94/200 batch 13/66 (20%) running_loss=0.4670
2026-09-18 17:14:06,527 INFO train epoch 94/200 batch 26/66 (39%) running_loss=0.4542
2026-09-18 17:14:10,053 INFO train epoch 94/200 batch 39/66 (59%) running_loss=0.4638
2026-09-18 17:14:13,576 INFO train epoch 94/200 batch 52/66 (79%) running_loss=0.4698
2026-09-18 17:14:17,096 INFO train epoch 94/200 batch 65/66 (98%) running_loss=0.4731
2026-09-18 17:14:17,315 INFO train epoch 94/200 batch 66/66 (100%) running_loss=0.4719
2026-09-18 17:14:19,835 INFO epoch 94/200 done: train_loss=0.4719 val_loss=0.2961 val_accuracy=0.8934 val_macro_f1=0.8673 val_macro_auc=0.9902 (checkpoint_metric=macro_auc)
2026-09-18 17:14:23,854 INFO train epoch 95/200 batch 13/66 (20%) running_loss=0.5144
2026-09-18 17:14:27,367 INFO train epoch 95/200 batch 26/66 (39%) running_loss=0.5058
2026-09-18 17:14:30,889 INFO train epoch 95/200 batch 39/66 (59%) running_loss=0.4882
2026-09-18 17:14:34,416 INFO train epoch 95/200 batch 52/66 (79%) running_loss=0.4830
2026-09-18 17:14:37,947 INFO train epoch 95/200 batch 65/66 (98%) running_loss=0.4751
2026-09-18 17:14:38,165 INFO train epoch 95/200 batch 66/66 (100%) running_loss=0.4749
2026-09-18 17:14:40,669 INFO epoch 95/200 done: train_loss=0.4749 val_loss=0.2237 val_accuracy=0.9426 val_macro_f1=0.9271 val_macro_auc=0.9951 (checkpoint_metric=macro_auc)
2026-09-18 17:14:44,697 INFO train epoch 96/200 batch 13/66 (20%) running_loss=0.4880
2026-09-18 17:14:48,217 INFO train epoch 96/200 batch 26/66 (39%) running_loss=0.4553
2026-09-18 17:14:51,807 INFO train epoch 96/200 batch 39/66 (59%) running_loss=0.4730
2026-09-18 17:14:55,324 INFO train epoch 96/200 batch 52/66 (79%) running_loss=0.4760
2026-09-18 17:14:58,856 INFO train epoch 96/200 batch 65/66 (98%) running_loss=0.4705
2026-09-18 17:14:59,076 INFO train epoch 96/200 batch 66/66 (100%) running_loss=0.4709
2026-09-18 17:15:01,585 INFO epoch 96/200 done: train_loss=0.4709 val_loss=0.3890 val_accuracy=0.8504 val_macro_f1=0.8286 val_macro_auc=0.9844 (checkpoint_metric=macro_auc)
2026-09-18 17:15:05,568 INFO train epoch 97/200 batch 13/66 (20%) running_loss=0.4449
2026-09-18 17:15:09,093 INFO train epoch 97/200 batch 26/66 (39%) running_loss=0.4472
2026-09-18 17:15:12,622 INFO train epoch 97/200 batch 39/66 (59%) running_loss=0.4587
2026-09-18 17:15:16,147 INFO train epoch 97/200 batch 52/66 (79%) running_loss=0.4632
2026-09-18 17:15:19,664 INFO train epoch 97/200 batch 65/66 (98%) running_loss=0.4661
2026-09-18 17:15:19,883 INFO train epoch 97/200 batch 66/66 (100%) running_loss=0.4667
2026-09-18 17:15:22,402 INFO epoch 97/200 done: train_loss=0.4667 val_loss=0.5713 val_accuracy=0.7684 val_macro_f1=0.7503 val_macro_auc=0.9732 (checkpoint_metric=macro_auc)
2026-09-18 17:15:26,395 INFO train epoch 98/200 batch 13/66 (20%) running_loss=0.4545
2026-09-18 17:15:29,920 INFO train epoch 98/200 batch 26/66 (39%) running_loss=0.4689
2026-09-18 17:15:33,444 INFO train epoch 98/200 batch 39/66 (59%) running_loss=0.4773
2026-09-18 17:15:36,974 INFO train epoch 98/200 batch 52/66 (79%) running_loss=0.4785
2026-09-18 17:15:40,498 INFO train epoch 98/200 batch 65/66 (98%) running_loss=0.4744
2026-09-18 17:15:40,717 INFO train epoch 98/200 batch 66/66 (100%) running_loss=0.4735
2026-09-18 17:15:43,223 INFO epoch 98/200 done: train_loss=0.4735 val_loss=0.2595 val_accuracy=0.9303 val_macro_f1=0.9096 val_macro_auc=0.9900 (checkpoint_metric=macro_auc)
2026-09-18 17:15:47,227 INFO train epoch 99/200 batch 13/66 (20%) running_loss=0.4453
2026-09-18 17:15:50,749 INFO train epoch 99/200 batch 26/66 (39%) running_loss=0.4601
2026-09-18 17:15:54,272 INFO train epoch 99/200 batch 39/66 (59%) running_loss=0.4617
2026-09-18 17:15:57,968 INFO train epoch 99/200 batch 52/66 (79%) running_loss=0.4697
2026-09-18 17:16:01,486 INFO train epoch 99/200 batch 65/66 (98%) running_loss=0.4590
2026-09-18 17:16:01,704 INFO train epoch 99/200 batch 66/66 (100%) running_loss=0.4582
2026-09-18 17:16:04,212 INFO epoch 99/200 done: train_loss=0.4582 val_loss=0.2698 val_accuracy=0.9160 val_macro_f1=0.8899 val_macro_auc=0.9905 (checkpoint_metric=macro_auc)
2026-09-18 17:16:08,218 INFO train epoch 100/200 batch 13/66 (20%) running_loss=0.4533
2026-09-18 17:16:11,744 INFO train epoch 100/200 batch 26/66 (39%) running_loss=0.4456
2026-09-18 17:16:15,263 INFO train epoch 100/200 batch 39/66 (59%) running_loss=0.4505
2026-09-18 17:16:18,779 INFO train epoch 100/200 batch 52/66 (79%) running_loss=0.4580
2026-09-18 17:16:22,293 INFO train epoch 100/200 batch 65/66 (98%) running_loss=0.4597
2026-09-18 17:16:22,510 INFO train epoch 100/200 batch 66/66 (100%) running_loss=0.4595
2026-09-18 17:16:25,009 INFO epoch 100/200 done: train_loss=0.4595 val_loss=0.4811 val_accuracy=0.8012 val_macro_f1=0.7815 val_macro_auc=0.9808 (checkpoint_metric=macro_auc)
2026-09-18 17:16:28,948 INFO train epoch 101/200 batch 13/66 (20%) running_loss=0.4698
2026-09-18 17:16:32,465 INFO train epoch 101/200 batch 26/66 (39%) running_loss=0.4678
2026-09-18 17:16:35,991 INFO train epoch 101/200 batch 39/66 (59%) running_loss=0.4634
2026-09-18 17:16:39,518 INFO train epoch 101/200 batch 52/66 (79%) running_loss=0.4535
2026-09-18 17:16:43,045 INFO train epoch 101/200 batch 65/66 (98%) running_loss=0.4535
2026-09-18 17:16:43,262 INFO train epoch 101/200 batch 66/66 (100%) running_loss=0.4529
2026-09-18 17:16:45,756 INFO epoch 101/200 done: train_loss=0.4529 val_loss=0.3311 val_accuracy=0.8914 val_macro_f1=0.8704 val_macro_auc=0.9890 (checkpoint_metric=macro_auc)
2026-09-18 17:16:49,746 INFO train epoch 102/200 batch 13/66 (20%) running_loss=0.4655
2026-09-18 17:16:53,272 INFO train epoch 102/200 batch 26/66 (39%) running_loss=0.4583
2026-09-18 17:16:56,909 INFO train epoch 102/200 batch 39/66 (59%) running_loss=0.4490
2026-09-18 17:17:00,450 INFO train epoch 102/200 batch 52/66 (79%) running_loss=0.4573
2026-09-18 17:17:03,981 INFO train epoch 102/200 batch 65/66 (98%) running_loss=0.4520
2026-09-18 17:17:04,200 INFO train epoch 102/200 batch 66/66 (100%) running_loss=0.4522
2026-09-18 17:17:06,705 INFO epoch 102/200 done: train_loss=0.4522 val_loss=0.1854 val_accuracy=0.9611 val_macro_f1=0.9435 val_macro_auc=0.9936 (checkpoint_metric=macro_auc)
2026-09-18 17:17:10,717 INFO train epoch 103/200 batch 13/66 (20%) running_loss=0.4559
2026-09-18 17:17:14,252 INFO train epoch 103/200 batch 26/66 (39%) running_loss=0.4637
2026-09-18 17:17:17,779 INFO train epoch 103/200 batch 39/66 (59%) running_loss=0.4584
2026-09-18 17:17:21,301 INFO train epoch 103/200 batch 52/66 (79%) running_loss=0.4508
2026-09-18 17:17:24,829 INFO train epoch 103/200 batch 65/66 (98%) running_loss=0.4419
2026-09-18 17:17:25,046 INFO train epoch 103/200 batch 66/66 (100%) running_loss=0.4413
2026-09-18 17:17:27,543 INFO epoch 103/200 done: train_loss=0.4413 val_loss=0.4111 val_accuracy=0.8545 val_macro_f1=0.8329 val_macro_auc=0.9847 (checkpoint_metric=macro_auc)
2026-09-18 17:17:31,551 INFO train epoch 104/200 batch 13/66 (20%) running_loss=0.4652
2026-09-18 17:17:35,078 INFO train epoch 104/200 batch 26/66 (39%) running_loss=0.4540
2026-09-18 17:17:38,597 INFO train epoch 104/200 batch 39/66 (59%) running_loss=0.4566
2026-09-18 17:17:42,123 INFO train epoch 104/200 batch 52/66 (79%) running_loss=0.4486
2026-09-18 17:17:45,647 INFO train epoch 104/200 batch 65/66 (98%) running_loss=0.4480
2026-09-18 17:17:45,865 INFO train epoch 104/200 batch 66/66 (100%) running_loss=0.4473
2026-09-18 17:17:48,369 INFO epoch 104/200 done: train_loss=0.4473 val_loss=0.3383 val_accuracy=0.8893 val_macro_f1=0.8664 val_macro_auc=0.9877 (checkpoint_metric=macro_auc)
2026-09-18 17:17:52,291 INFO train epoch 105/200 batch 13/66 (20%) running_loss=0.4330
2026-09-18 17:17:55,817 INFO train epoch 105/200 batch 26/66 (39%) running_loss=0.4346
2026-09-18 17:17:59,338 INFO train epoch 105/200 batch 39/66 (59%) running_loss=0.4451
2026-09-18 17:18:03,025 INFO train epoch 105/200 batch 52/66 (79%) running_loss=0.4500
2026-09-18 17:18:06,555 INFO train epoch 105/200 batch 65/66 (98%) running_loss=0.4528
2026-09-18 17:18:06,773 INFO train epoch 105/200 batch 66/66 (100%) running_loss=0.4535
2026-09-18 17:18:09,271 INFO epoch 105/200 done: train_loss=0.4535 val_loss=0.4691 val_accuracy=0.8402 val_macro_f1=0.8175 val_macro_auc=0.9778 (checkpoint_metric=macro_auc)
2026-09-18 17:18:13,280 INFO train epoch 106/200 batch 13/66 (20%) running_loss=0.4389
2026-09-18 17:18:16,824 INFO train epoch 106/200 batch 26/66 (39%) running_loss=0.4543
2026-09-18 17:18:20,342 INFO train epoch 106/200 batch 39/66 (59%) running_loss=0.4429
2026-09-18 17:18:23,891 INFO train epoch 106/200 batch 52/66 (79%) running_loss=0.4399
2026-09-18 17:18:27,439 INFO train epoch 106/200 batch 65/66 (98%) running_loss=0.4415
2026-09-18 17:18:27,663 INFO train epoch 106/200 batch 66/66 (100%) running_loss=0.4431
2026-09-18 17:18:30,171 INFO epoch 106/200 done: train_loss=0.4431 val_loss=0.3295 val_accuracy=0.8730 val_macro_f1=0.8493 val_macro_auc=0.9877 (checkpoint_metric=macro_auc)
2026-09-18 17:18:34,200 INFO train epoch 107/200 batch 13/66 (20%) running_loss=0.4527
2026-09-18 17:18:37,741 INFO train epoch 107/200 batch 26/66 (39%) running_loss=0.4531
2026-09-18 17:18:41,281 INFO train epoch 107/200 batch 39/66 (59%) running_loss=0.4511
2026-09-18 17:18:44,826 INFO train epoch 107/200 batch 52/66 (79%) running_loss=0.4453
2026-09-18 17:18:48,354 INFO train epoch 107/200 batch 65/66 (98%) running_loss=0.4523
2026-09-18 17:18:48,574 INFO train epoch 107/200 batch 66/66 (100%) running_loss=0.4519
2026-09-18 17:18:51,089 INFO epoch 107/200 done: train_loss=0.4519 val_loss=0.4118 val_accuracy=0.8443 val_macro_f1=0.8198 val_macro_auc=0.9854 (checkpoint_metric=macro_auc)
2026-09-18 17:18:55,125 INFO train epoch 108/200 batch 13/66 (20%) running_loss=0.4493
2026-09-18 17:18:58,764 INFO train epoch 108/200 batch 26/66 (39%) running_loss=0.4309
2026-09-18 17:19:02,288 INFO train epoch 108/200 batch 39/66 (59%) running_loss=0.4361
2026-09-18 17:19:05,807 INFO train epoch 108/200 batch 52/66 (79%) running_loss=0.4359
2026-09-18 17:19:09,336 INFO train epoch 108/200 batch 65/66 (98%) running_loss=0.4317
2026-09-18 17:19:09,556 INFO train epoch 108/200 batch 66/66 (100%) running_loss=0.4322
2026-09-18 17:19:12,070 INFO epoch 108/200 done: train_loss=0.4322 val_loss=0.3249 val_accuracy=0.8811 val_macro_f1=0.8538 val_macro_auc=0.9858 (checkpoint_metric=macro_auc)
2026-09-18 17:19:16,079 INFO train epoch 109/200 batch 13/66 (20%) running_loss=0.4550
2026-09-18 17:19:19,604 INFO train epoch 109/200 batch 26/66 (39%) running_loss=0.4541
2026-09-18 17:19:23,136 INFO train epoch 109/200 batch 39/66 (59%) running_loss=0.4416
2026-09-18 17:19:26,664 INFO train epoch 109/200 batch 52/66 (79%) running_loss=0.4389
2026-09-18 17:19:30,189 INFO train epoch 109/200 batch 65/66 (98%) running_loss=0.4362
2026-09-18 17:19:30,409 INFO train epoch 109/200 batch 66/66 (100%) running_loss=0.4367
2026-09-18 17:19:32,919 INFO epoch 109/200 done: train_loss=0.4367 val_loss=0.2986 val_accuracy=0.8996 val_macro_f1=0.8786 val_macro_auc=0.9916 (checkpoint_metric=macro_auc)
2026-09-18 17:19:36,923 INFO train epoch 110/200 batch 13/66 (20%) running_loss=0.4585
2026-09-18 17:19:40,468 INFO train epoch 110/200 batch 26/66 (39%) running_loss=0.4560
2026-09-18 17:19:44,012 INFO train epoch 110/200 batch 39/66 (59%) running_loss=0.4436
2026-09-18 17:19:47,545 INFO train epoch 110/200 batch 52/66 (79%) running_loss=0.4453
2026-09-18 17:19:51,072 INFO train epoch 110/200 batch 65/66 (98%) running_loss=0.4479
2026-09-18 17:19:51,291 INFO train epoch 110/200 batch 66/66 (100%) running_loss=0.4469
2026-09-18 17:19:53,809 INFO epoch 110/200 done: train_loss=0.4469 val_loss=0.2598 val_accuracy=0.9262 val_macro_f1=0.9030 val_macro_auc=0.9916 (checkpoint_metric=macro_auc)
2026-09-18 17:19:57,776 INFO train epoch 111/200 batch 13/66 (20%) running_loss=0.4234
2026-09-18 17:20:01,306 INFO train epoch 111/200 batch 26/66 (39%) running_loss=0.4352
2026-09-18 17:20:04,846 INFO train epoch 111/200 batch 39/66 (59%) running_loss=0.4401
2026-09-18 17:20:08,557 INFO train epoch 111/200 batch 52/66 (79%) running_loss=0.4404
2026-09-18 17:20:12,105 INFO train epoch 111/200 batch 65/66 (98%) running_loss=0.4405
2026-09-18 17:20:12,326 INFO train epoch 111/200 batch 66/66 (100%) running_loss=0.4406
2026-09-18 17:20:14,844 INFO epoch 111/200 done: train_loss=0.4406 val_loss=0.2661 val_accuracy=0.9139 val_macro_f1=0.8904 val_macro_auc=0.9911 (checkpoint_metric=macro_auc)
2026-09-18 17:20:18,852 INFO train epoch 112/200 batch 13/66 (20%) running_loss=0.4225
2026-09-18 17:20:22,393 INFO train epoch 112/200 batch 26/66 (39%) running_loss=0.4252
2026-09-18 17:20:25,943 INFO train epoch 112/200 batch 39/66 (59%) running_loss=0.4399
2026-09-18 17:20:29,502 INFO train epoch 112/200 batch 52/66 (79%) running_loss=0.4386
2026-09-18 17:20:33,049 INFO train epoch 112/200 batch 65/66 (98%) running_loss=0.4351
2026-09-18 17:20:33,270 INFO train epoch 112/200 batch 66/66 (100%) running_loss=0.4354
2026-09-18 17:20:35,781 INFO epoch 112/200 done: train_loss=0.4354 val_loss=0.2792 val_accuracy=0.9242 val_macro_f1=0.8995 val_macro_auc=0.9896 (checkpoint_metric=macro_auc)
2026-09-18 17:20:39,807 INFO train epoch 113/200 batch 13/66 (20%) running_loss=0.4548
2026-09-18 17:20:43,365 INFO train epoch 113/200 batch 26/66 (39%) running_loss=0.4340
2026-09-18 17:20:46,920 INFO train epoch 113/200 batch 39/66 (59%) running_loss=0.4292
2026-09-18 17:20:50,466 INFO train epoch 113/200 batch 52/66 (79%) running_loss=0.4283
2026-09-18 17:20:53,995 INFO train epoch 113/200 batch 65/66 (98%) running_loss=0.4354
2026-09-18 17:20:54,214 INFO train epoch 113/200 batch 66/66 (100%) running_loss=0.4354
2026-09-18 17:20:56,724 INFO epoch 113/200 done: train_loss=0.4354 val_loss=0.2792 val_accuracy=0.9037 val_macro_f1=0.8837 val_macro_auc=0.9907 (checkpoint_metric=macro_auc)
2026-09-18 17:21:00,740 INFO train epoch 114/200 batch 13/66 (20%) running_loss=0.4255
2026-09-18 17:21:04,367 INFO train epoch 114/200 batch 26/66 (39%) running_loss=0.4214
2026-09-18 17:21:07,913 INFO train epoch 114/200 batch 39/66 (59%) running_loss=0.4234
2026-09-18 17:21:11,447 INFO train epoch 114/200 batch 52/66 (79%) running_loss=0.4304
2026-09-18 17:21:14,986 INFO train epoch 114/200 batch 65/66 (98%) running_loss=0.4300
2026-09-18 17:21:15,207 INFO train epoch 114/200 batch 66/66 (100%) running_loss=0.4295
2026-09-18 17:21:17,713 INFO epoch 114/200 done: train_loss=0.4295 val_loss=0.4230 val_accuracy=0.8422 val_macro_f1=0.8213 val_macro_auc=0.9885 (checkpoint_metric=macro_auc)
2026-09-18 17:21:21,746 INFO train epoch 115/200 batch 13/66 (20%) running_loss=0.4274
2026-09-18 17:21:25,294 INFO train epoch 115/200 batch 26/66 (39%) running_loss=0.4309
2026-09-18 17:21:28,841 INFO train epoch 115/200 batch 39/66 (59%) running_loss=0.4280
2026-09-18 17:21:32,385 INFO train epoch 115/200 batch 52/66 (79%) running_loss=0.4205
2026-09-18 17:21:35,918 INFO train epoch 115/200 batch 65/66 (98%) running_loss=0.4198
2026-09-18 17:21:36,139 INFO train epoch 115/200 batch 66/66 (100%) running_loss=0.4213
2026-09-18 17:21:38,634 INFO epoch 115/200 done: train_loss=0.4213 val_loss=0.3268 val_accuracy=0.8914 val_macro_f1=0.8686 val_macro_auc=0.9897 (checkpoint_metric=macro_auc)
2026-09-18 17:21:42,656 INFO train epoch 116/200 batch 13/66 (20%) running_loss=0.3955
2026-09-18 17:21:46,181 INFO train epoch 116/200 batch 26/66 (39%) running_loss=0.4111
2026-09-18 17:21:49,783 INFO train epoch 116/200 batch 39/66 (59%) running_loss=0.4178
2026-09-18 17:21:53,350 INFO train epoch 116/200 batch 52/66 (79%) running_loss=0.4214
2026-09-18 17:21:56,885 INFO train epoch 116/200 batch 65/66 (98%) running_loss=0.4201
2026-09-18 17:21:57,106 INFO train epoch 116/200 batch 66/66 (100%) running_loss=0.4205
2026-09-18 17:21:59,625 INFO epoch 116/200 done: train_loss=0.4205 val_loss=0.2778 val_accuracy=0.9057 val_macro_f1=0.8826 val_macro_auc=0.9896 (checkpoint_metric=macro_auc)
2026-09-18 17:22:03,621 INFO train epoch 117/200 batch 13/66 (20%) running_loss=0.4301
2026-09-18 17:22:07,143 INFO train epoch 117/200 batch 26/66 (39%) running_loss=0.4299
2026-09-18 17:22:10,675 INFO train epoch 117/200 batch 39/66 (59%) running_loss=0.4247
2026-09-18 17:22:14,382 INFO train epoch 117/200 batch 52/66 (79%) running_loss=0.4315
2026-09-18 17:22:17,904 INFO train epoch 117/200 batch 65/66 (98%) running_loss=0.4249
2026-09-18 17:22:18,123 INFO train epoch 117/200 batch 66/66 (100%) running_loss=0.4261
2026-09-18 17:22:20,640 INFO epoch 117/200 done: train_loss=0.4261 val_loss=0.4209 val_accuracy=0.8381 val_macro_f1=0.8152 val_macro_auc=0.9857 (checkpoint_metric=macro_auc)
2026-09-18 17:22:24,623 INFO train epoch 118/200 batch 13/66 (20%) running_loss=0.4077
2026-09-18 17:22:28,151 INFO train epoch 118/200 batch 26/66 (39%) running_loss=0.4103
2026-09-18 17:22:31,697 INFO train epoch 118/200 batch 39/66 (59%) running_loss=0.4089
2026-09-18 17:22:35,236 INFO train epoch 118/200 batch 52/66 (79%) running_loss=0.4152
2026-09-18 17:22:38,757 INFO train epoch 118/200 batch 65/66 (98%) running_loss=0.4181
2026-09-18 17:22:38,980 INFO train epoch 118/200 batch 66/66 (100%) running_loss=0.4185
2026-09-18 17:22:41,485 INFO epoch 118/200 done: train_loss=0.4185 val_loss=0.4290 val_accuracy=0.8381 val_macro_f1=0.8147 val_macro_auc=0.9804 (checkpoint_metric=macro_auc)
2026-09-18 17:22:45,496 INFO train epoch 119/200 batch 13/66 (20%) running_loss=0.3988
2026-09-18 17:22:49,033 INFO train epoch 119/200 batch 26/66 (39%) running_loss=0.4066
2026-09-18 17:22:52,568 INFO train epoch 119/200 batch 39/66 (59%) running_loss=0.4190
2026-09-18 17:22:56,097 INFO train epoch 119/200 batch 52/66 (79%) running_loss=0.4186
2026-09-18 17:22:59,622 INFO train epoch 119/200 batch 65/66 (98%) running_loss=0.4164
2026-09-18 17:22:59,845 INFO train epoch 119/200 batch 66/66 (100%) running_loss=0.4158
2026-09-18 17:23:02,352 INFO epoch 119/200 done: train_loss=0.4158 val_loss=0.3034 val_accuracy=0.9139 val_macro_f1=0.8899 val_macro_auc=0.9850 (checkpoint_metric=macro_auc)
2026-09-18 17:23:06,316 INFO train epoch 120/200 batch 13/66 (20%) running_loss=0.4346
2026-09-18 17:23:09,917 INFO train epoch 120/200 batch 26/66 (39%) running_loss=0.4293
2026-09-18 17:23:13,437 INFO train epoch 120/200 batch 39/66 (59%) running_loss=0.4331
2026-09-18 17:23:16,964 INFO train epoch 120/200 batch 52/66 (79%) running_loss=0.4259
2026-09-18 17:23:20,489 INFO train epoch 120/200 batch 65/66 (98%) running_loss=0.4233
2026-09-18 17:23:20,709 INFO train epoch 120/200 batch 66/66 (100%) running_loss=0.4225
2026-09-18 17:23:23,221 INFO epoch 120/200 done: train_loss=0.4225 val_loss=0.3648 val_accuracy=0.8627 val_macro_f1=0.8414 val_macro_auc=0.9923 (checkpoint_metric=macro_auc)
2026-09-18 17:23:27,215 INFO train epoch 121/200 batch 13/66 (20%) running_loss=0.4062
2026-09-18 17:23:30,758 INFO train epoch 121/200 batch 26/66 (39%) running_loss=0.4093
2026-09-18 17:23:34,296 INFO train epoch 121/200 batch 39/66 (59%) running_loss=0.4178
2026-09-18 17:23:37,843 INFO train epoch 121/200 batch 52/66 (79%) running_loss=0.4220
2026-09-18 17:23:41,377 INFO train epoch 121/200 batch 65/66 (98%) running_loss=0.4236
2026-09-18 17:23:41,599 INFO train epoch 121/200 batch 66/66 (100%) running_loss=0.4236
2026-09-18 17:23:44,116 INFO epoch 121/200 done: train_loss=0.4236 val_loss=0.3029 val_accuracy=0.9078 val_macro_f1=0.8844 val_macro_auc=0.9866 (checkpoint_metric=macro_auc)
2026-09-18 17:23:48,134 INFO train epoch 122/200 batch 13/66 (20%) running_loss=0.4011
2026-09-18 17:23:51,677 INFO train epoch 122/200 batch 26/66 (39%) running_loss=0.4023
2026-09-18 17:23:55,221 INFO train epoch 122/200 batch 39/66 (59%) running_loss=0.4122
2026-09-18 17:23:58,771 INFO train epoch 122/200 batch 52/66 (79%) running_loss=0.4042
2026-09-18 17:24:02,309 INFO train epoch 122/200 batch 65/66 (98%) running_loss=0.4103
2026-09-18 17:24:02,530 INFO train epoch 122/200 batch 66/66 (100%) running_loss=0.4097
2026-09-18 17:24:05,058 INFO epoch 122/200 done: train_loss=0.4097 val_loss=0.3016 val_accuracy=0.9016 val_macro_f1=0.8765 val_macro_auc=0.9836 (checkpoint_metric=macro_auc)
2026-09-18 17:24:09,052 INFO train epoch 123/200 batch 13/66 (20%) running_loss=0.3916
2026-09-18 17:24:12,585 INFO train epoch 123/200 batch 26/66 (39%) running_loss=0.4082
2026-09-18 17:24:16,136 INFO train epoch 123/200 batch 39/66 (59%) running_loss=0.4151
2026-09-18 17:24:19,826 INFO train epoch 123/200 batch 52/66 (79%) running_loss=0.4101
2026-09-18 17:24:23,344 INFO train epoch 123/200 batch 65/66 (98%) running_loss=0.4156
2026-09-18 17:24:23,562 INFO train epoch 123/200 batch 66/66 (100%) running_loss=0.4154
2026-09-18 17:24:26,076 INFO epoch 123/200 done: train_loss=0.4154 val_loss=0.3226 val_accuracy=0.8996 val_macro_f1=0.8731 val_macro_auc=0.9809 (checkpoint_metric=macro_auc)
2026-09-18 17:24:30,021 INFO train epoch 124/200 batch 13/66 (20%) running_loss=0.4260
2026-09-18 17:24:33,555 INFO train epoch 124/200 batch 26/66 (39%) running_loss=0.4160
2026-09-18 17:24:37,088 INFO train epoch 124/200 batch 39/66 (59%) running_loss=0.4107
2026-09-18 17:24:40,620 INFO train epoch 124/200 batch 52/66 (79%) running_loss=0.4113
2026-09-18 17:24:44,150 INFO train epoch 124/200 batch 65/66 (98%) running_loss=0.4085
2026-09-18 17:24:44,368 INFO train epoch 124/200 batch 66/66 (100%) running_loss=0.4077
2026-09-18 17:24:46,863 INFO epoch 124/200 done: train_loss=0.4077 val_loss=0.2779 val_accuracy=0.9180 val_macro_f1=0.8946 val_macro_auc=0.9863 (checkpoint_metric=macro_auc)
2026-09-18 17:24:50,849 INFO train epoch 125/200 batch 13/66 (20%) running_loss=0.3952
2026-09-18 17:24:54,391 INFO train epoch 125/200 batch 26/66 (39%) running_loss=0.3984
2026-09-18 17:24:57,915 INFO train epoch 125/200 batch 39/66 (59%) running_loss=0.3962
2026-09-18 17:25:01,450 INFO train epoch 125/200 batch 52/66 (79%) running_loss=0.4056
2026-09-18 17:25:04,983 INFO train epoch 125/200 batch 65/66 (98%) running_loss=0.4055
2026-09-18 17:25:05,203 INFO train epoch 125/200 batch 66/66 (100%) running_loss=0.4059
2026-09-18 17:25:07,715 INFO epoch 125/200 done: train_loss=0.4059 val_loss=0.2535 val_accuracy=0.9262 val_macro_f1=0.9015 val_macro_auc=0.9886 (checkpoint_metric=macro_auc)
2026-09-18 17:25:11,710 INFO train epoch 126/200 batch 13/66 (20%) running_loss=0.3880
2026-09-18 17:25:15,311 INFO train epoch 126/200 batch 26/66 (39%) running_loss=0.3875
2026-09-18 17:25:18,840 INFO train epoch 126/200 batch 39/66 (59%) running_loss=0.3895
2026-09-18 17:25:22,361 INFO train epoch 126/200 batch 52/66 (79%) running_loss=0.3912
2026-09-18 17:25:25,885 INFO train epoch 126/200 batch 65/66 (98%) running_loss=0.3987
2026-09-18 17:25:26,105 INFO train epoch 126/200 batch 66/66 (100%) running_loss=0.3997
2026-09-18 17:25:28,602 INFO epoch 126/200 done: train_loss=0.3997 val_loss=0.4737 val_accuracy=0.8381 val_macro_f1=0.8160 val_macro_auc=0.9762 (checkpoint_metric=macro_auc)
2026-09-18 17:25:32,622 INFO train epoch 127/200 batch 13/66 (20%) running_loss=0.4173
2026-09-18 17:25:36,142 INFO train epoch 127/200 batch 26/66 (39%) running_loss=0.4178
2026-09-18 17:25:39,668 INFO train epoch 127/200 batch 39/66 (59%) running_loss=0.4226
2026-09-18 17:25:43,192 INFO train epoch 127/200 batch 52/66 (79%) running_loss=0.4214
2026-09-18 17:25:46,707 INFO train epoch 127/200 batch 65/66 (98%) running_loss=0.4195
2026-09-18 17:25:46,925 INFO train epoch 127/200 batch 66/66 (100%) running_loss=0.4190
2026-09-18 17:25:49,423 INFO epoch 127/200 done: train_loss=0.4190 val_loss=0.3596 val_accuracy=0.8770 val_macro_f1=0.8512 val_macro_auc=0.9838 (checkpoint_metric=macro_auc)
2026-09-18 17:25:53,416 INFO train epoch 128/200 batch 13/66 (20%) running_loss=0.4148
2026-09-18 17:25:56,944 INFO train epoch 128/200 batch 26/66 (39%) running_loss=0.4099
2026-09-18 17:26:00,465 INFO train epoch 128/200 batch 39/66 (59%) running_loss=0.4203
2026-09-18 17:26:03,993 INFO train epoch 128/200 batch 52/66 (79%) running_loss=0.4217
2026-09-18 17:26:07,516 INFO train epoch 128/200 batch 65/66 (98%) running_loss=0.4216
2026-09-18 17:26:07,735 INFO train epoch 128/200 batch 66/66 (100%) running_loss=0.4212
2026-09-18 17:26:10,245 INFO epoch 128/200 done: train_loss=0.4212 val_loss=0.3583 val_accuracy=0.8689 val_macro_f1=0.8463 val_macro_auc=0.9902 (checkpoint_metric=macro_auc)
2026-09-18 17:26:14,250 INFO train epoch 129/200 batch 13/66 (20%) running_loss=0.3851
2026-09-18 17:26:17,774 INFO train epoch 129/200 batch 26/66 (39%) running_loss=0.3781
2026-09-18 17:26:21,304 INFO train epoch 129/200 batch 39/66 (59%) running_loss=0.3931
2026-09-18 17:26:24,984 INFO train epoch 129/200 batch 52/66 (79%) running_loss=0.3939
2026-09-18 17:26:28,501 INFO train epoch 129/200 batch 65/66 (98%) running_loss=0.3994
2026-09-18 17:26:28,720 INFO train epoch 129/200 batch 66/66 (100%) running_loss=0.3991
2026-09-18 17:26:31,238 INFO epoch 129/200 done: train_loss=0.3991 val_loss=0.2480 val_accuracy=0.9201 val_macro_f1=0.8977 val_macro_auc=0.9920 (checkpoint_metric=macro_auc)
2026-09-18 17:26:35,230 INFO train epoch 130/200 batch 13/66 (20%) running_loss=0.4005
2026-09-18 17:26:38,760 INFO train epoch 130/200 batch 26/66 (39%) running_loss=0.3982
2026-09-18 17:26:42,298 INFO train epoch 130/200 batch 39/66 (59%) running_loss=0.3980
2026-09-18 17:26:45,830 INFO train epoch 130/200 batch 52/66 (79%) running_loss=0.4016
2026-09-18 17:26:49,354 INFO train epoch 130/200 batch 65/66 (98%) running_loss=0.4039
2026-09-18 17:26:49,573 INFO train epoch 130/200 batch 66/66 (100%) running_loss=0.4044
2026-09-18 17:26:52,086 INFO epoch 130/200 done: train_loss=0.4044 val_loss=0.2943 val_accuracy=0.9057 val_macro_f1=0.8815 val_macro_auc=0.9860 (checkpoint_metric=macro_auc)
2026-09-18 17:26:56,069 INFO train epoch 131/200 batch 13/66 (20%) running_loss=0.4092
2026-09-18 17:26:59,594 INFO train epoch 131/200 batch 26/66 (39%) running_loss=0.4069
2026-09-18 17:27:03,120 INFO train epoch 131/200 batch 39/66 (59%) running_loss=0.4028
2026-09-18 17:27:06,651 INFO train epoch 131/200 batch 52/66 (79%) running_loss=0.4043
2026-09-18 17:27:10,174 INFO train epoch 131/200 batch 65/66 (98%) running_loss=0.4051
2026-09-18 17:27:10,392 INFO train epoch 131/200 batch 66/66 (100%) running_loss=0.4052
2026-09-18 17:27:12,898 INFO epoch 131/200 done: train_loss=0.4052 val_loss=0.2433 val_accuracy=0.9385 val_macro_f1=0.9183 val_macro_auc=0.9907 (checkpoint_metric=macro_auc)
2026-09-18 17:27:16,898 INFO train epoch 132/200 batch 13/66 (20%) running_loss=0.3924
2026-09-18 17:27:20,411 INFO train epoch 132/200 batch 26/66 (39%) running_loss=0.3871
2026-09-18 17:27:24,100 INFO train epoch 132/200 batch 39/66 (59%) running_loss=0.3987
2026-09-18 17:27:27,622 INFO train epoch 132/200 batch 52/66 (79%) running_loss=0.4008
2026-09-18 17:27:31,142 INFO train epoch 132/200 batch 65/66 (98%) running_loss=0.4032
2026-09-18 17:27:31,360 INFO train epoch 132/200 batch 66/66 (100%) running_loss=0.4026
2026-09-18 17:27:33,870 INFO epoch 132/200 done: train_loss=0.4026 val_loss=0.3906 val_accuracy=0.8648 val_macro_f1=0.8416 val_macro_auc=0.9861 (checkpoint_metric=macro_auc)
2026-09-18 17:27:37,900 INFO train epoch 133/200 batch 13/66 (20%) running_loss=0.3934
2026-09-18 17:27:41,441 INFO train epoch 133/200 batch 26/66 (39%) running_loss=0.3994
2026-09-18 17:27:44,982 INFO train epoch 133/200 batch 39/66 (59%) running_loss=0.4007
2026-09-18 17:27:48,560 INFO train epoch 133/200 batch 52/66 (79%) running_loss=0.4034
2026-09-18 17:27:52,117 INFO train epoch 133/200 batch 65/66 (98%) running_loss=0.4052
2026-09-18 17:27:52,335 INFO train epoch 133/200 batch 66/66 (100%) running_loss=0.4051
2026-09-18 17:27:54,829 INFO epoch 133/200 done: train_loss=0.4051 val_loss=0.3014 val_accuracy=0.9078 val_macro_f1=0.8829 val_macro_auc=0.9804 (checkpoint_metric=macro_auc)
2026-09-18 17:27:58,836 INFO train epoch 134/200 batch 13/66 (20%) running_loss=0.4215
2026-09-18 17:28:02,356 INFO train epoch 134/200 batch 26/66 (39%) running_loss=0.3985
2026-09-18 17:28:05,898 INFO train epoch 134/200 batch 39/66 (59%) running_loss=0.3953
2026-09-18 17:28:09,443 INFO train epoch 134/200 batch 52/66 (79%) running_loss=0.4017
2026-09-18 17:28:12,981 INFO train epoch 134/200 batch 65/66 (98%) running_loss=0.3972
2026-09-18 17:28:13,199 INFO train epoch 134/200 batch 66/66 (100%) running_loss=0.3967
2026-09-18 17:28:15,697 INFO epoch 134/200 done: train_loss=0.3967 val_loss=0.2336 val_accuracy=0.9303 val_macro_f1=0.9099 val_macro_auc=0.9924 (checkpoint_metric=macro_auc)
2026-09-18 17:28:19,662 INFO train epoch 135/200 batch 13/66 (20%) running_loss=0.3811
2026-09-18 17:28:23,200 INFO train epoch 135/200 batch 26/66 (39%) running_loss=0.3689
2026-09-18 17:28:26,723 INFO train epoch 135/200 batch 39/66 (59%) running_loss=0.3768
2026-09-18 17:28:30,322 INFO train epoch 135/200 batch 52/66 (79%) running_loss=0.3772
2026-09-18 17:28:33,841 INFO train epoch 135/200 batch 65/66 (98%) running_loss=0.3756
2026-09-18 17:28:34,061 INFO train epoch 135/200 batch 66/66 (100%) running_loss=0.3753
2026-09-18 17:28:36,576 INFO epoch 135/200 done: train_loss=0.3753 val_loss=0.2429 val_accuracy=0.9262 val_macro_f1=0.9054 val_macro_auc=0.9912 (checkpoint_metric=macro_auc)
2026-09-18 17:28:40,509 INFO train epoch 136/200 batch 13/66 (20%) running_loss=0.3894
2026-09-18 17:28:44,025 INFO train epoch 136/200 batch 26/66 (39%) running_loss=0.3919
2026-09-18 17:28:47,548 INFO train epoch 136/200 batch 39/66 (59%) running_loss=0.3888
2026-09-18 17:28:51,073 INFO train epoch 136/200 batch 52/66 (79%) running_loss=0.3919
2026-09-18 17:28:54,588 INFO train epoch 136/200 batch 65/66 (98%) running_loss=0.3929
2026-09-18 17:28:54,807 INFO train epoch 136/200 batch 66/66 (100%) running_loss=0.3927
2026-09-18 17:28:57,315 INFO epoch 136/200 done: train_loss=0.3927 val_loss=0.2872 val_accuracy=0.9078 val_macro_f1=0.8871 val_macro_auc=0.9890 (checkpoint_metric=macro_auc)
2026-09-18 17:29:01,255 INFO train epoch 137/200 batch 13/66 (20%) running_loss=0.3729
2026-09-18 17:29:04,783 INFO train epoch 137/200 batch 26/66 (39%) running_loss=0.3812
2026-09-18 17:29:08,301 INFO train epoch 137/200 batch 39/66 (59%) running_loss=0.3759
2026-09-18 17:29:11,825 INFO train epoch 137/200 batch 52/66 (79%) running_loss=0.3774
2026-09-18 17:29:15,342 INFO train epoch 137/200 batch 65/66 (98%) running_loss=0.3807
2026-09-18 17:29:15,561 INFO train epoch 137/200 batch 66/66 (100%) running_loss=0.3811
2026-09-18 17:29:18,077 INFO epoch 137/200 done: train_loss=0.3811 val_loss=0.3154 val_accuracy=0.8996 val_macro_f1=0.8770 val_macro_auc=0.9860 (checkpoint_metric=macro_auc)
2026-09-18 17:29:22,060 INFO train epoch 138/200 batch 13/66 (20%) running_loss=0.3895
2026-09-18 17:29:25,596 INFO train epoch 138/200 batch 26/66 (39%) running_loss=0.3785
2026-09-18 17:29:29,148 INFO train epoch 138/200 batch 39/66 (59%) running_loss=0.3780
2026-09-18 17:29:32,834 INFO train epoch 138/200 batch 52/66 (79%) running_loss=0.3822
2026-09-18 17:29:36,424 INFO train epoch 138/200 batch 65/66 (98%) running_loss=0.3813
2026-09-18 17:29:36,684 INFO train epoch 138/200 batch 66/66 (100%) running_loss=0.3813
2026-09-18 17:29:39,327 INFO epoch 138/200 done: train_loss=0.3813 val_loss=0.3920 val_accuracy=0.8668 val_macro_f1=0.8471 val_macro_auc=0.9828 (checkpoint_metric=macro_auc)
2026-09-18 17:29:43,599 INFO train epoch 139/200 batch 13/66 (20%) running_loss=0.4045
2026-09-18 17:29:47,217 INFO train epoch 139/200 batch 26/66 (39%) running_loss=0.3935
2026-09-18 17:29:50,777 INFO train epoch 139/200 batch 39/66 (59%) running_loss=0.3872
2026-09-18 17:29:54,358 INFO train epoch 139/200 batch 52/66 (79%) running_loss=0.3861
2026-09-18 17:29:57,914 INFO train epoch 139/200 batch 65/66 (98%) running_loss=0.3824
2026-09-18 17:29:58,138 INFO train epoch 139/200 batch 66/66 (100%) running_loss=0.3843
2026-09-18 17:30:00,671 INFO epoch 139/200 done: train_loss=0.3843 val_loss=0.2809 val_accuracy=0.9139 val_macro_f1=0.8895 val_macro_auc=0.9885 (checkpoint_metric=macro_auc)
2026-09-18 17:30:04,708 INFO train epoch 140/200 batch 13/66 (20%) running_loss=0.3750
2026-09-18 17:30:08,288 INFO train epoch 140/200 batch 26/66 (39%) running_loss=0.3696
2026-09-18 17:30:11,870 INFO train epoch 140/200 batch 39/66 (59%) running_loss=0.3740
2026-09-18 17:30:15,444 INFO train epoch 140/200 batch 52/66 (79%) running_loss=0.3750
2026-09-18 17:30:18,989 INFO train epoch 140/200 batch 65/66 (98%) running_loss=0.3812
2026-09-18 17:30:19,213 INFO train epoch 140/200 batch 66/66 (100%) running_loss=0.3823
2026-09-18 17:30:21,730 INFO epoch 140/200 done: train_loss=0.3823 val_loss=0.2982 val_accuracy=0.9078 val_macro_f1=0.8850 val_macro_auc=0.9884 (checkpoint_metric=macro_auc)
2026-09-18 17:30:25,780 INFO train epoch 141/200 batch 13/66 (20%) running_loss=0.3844
2026-09-18 17:30:29,351 INFO train epoch 141/200 batch 26/66 (39%) running_loss=0.3927
2026-09-18 17:30:32,903 INFO train epoch 141/200 batch 39/66 (59%) running_loss=0.3953
2026-09-18 17:30:36,471 INFO train epoch 141/200 batch 52/66 (79%) running_loss=0.3904
2026-09-18 17:30:40,009 INFO train epoch 141/200 batch 65/66 (98%) running_loss=0.3867
2026-09-18 17:30:40,232 INFO train epoch 141/200 batch 66/66 (100%) running_loss=0.3862
2026-09-18 17:30:42,740 INFO epoch 141/200 done: train_loss=0.3862 val_loss=0.3420 val_accuracy=0.8893 val_macro_f1=0.8659 val_macro_auc=0.9811 (checkpoint_metric=macro_auc)
2026-09-18 17:30:46,967 INFO train epoch 142/200 batch 13/66 (20%) running_loss=0.3839
2026-09-18 17:30:50,510 INFO train epoch 142/200 batch 26/66 (39%) running_loss=0.3906
2026-09-18 17:30:54,057 INFO train epoch 142/200 batch 39/66 (59%) running_loss=0.3897
2026-09-18 17:30:57,617 INFO train epoch 142/200 batch 52/66 (79%) running_loss=0.3910
2026-09-18 17:31:01,173 INFO train epoch 142/200 batch 65/66 (98%) running_loss=0.3886
2026-09-18 17:31:01,394 INFO train epoch 142/200 batch 66/66 (100%) running_loss=0.3882
2026-09-18 17:31:03,922 INFO epoch 142/200 done: train_loss=0.3882 val_loss=0.3208 val_accuracy=0.8893 val_macro_f1=0.8682 val_macro_auc=0.9875 (checkpoint_metric=macro_auc)
2026-09-18 17:31:07,945 INFO train epoch 143/200 batch 13/66 (20%) running_loss=0.3798
2026-09-18 17:31:11,488 INFO train epoch 143/200 batch 26/66 (39%) running_loss=0.3702
2026-09-18 17:31:15,035 INFO train epoch 143/200 batch 39/66 (59%) running_loss=0.3755
2026-09-18 17:31:18,607 INFO train epoch 143/200 batch 52/66 (79%) running_loss=0.3723
2026-09-18 17:31:22,160 INFO train epoch 143/200 batch 65/66 (98%) running_loss=0.3729
2026-09-18 17:31:22,383 INFO train epoch 143/200 batch 66/66 (100%) running_loss=0.3733
2026-09-18 17:31:24,897 INFO epoch 143/200 done: train_loss=0.3733 val_loss=0.3132 val_accuracy=0.9078 val_macro_f1=0.8847 val_macro_auc=0.9837 (checkpoint_metric=macro_auc)
2026-09-18 17:31:28,925 INFO train epoch 144/200 batch 13/66 (20%) running_loss=0.3817
2026-09-18 17:31:32,468 INFO train epoch 144/200 batch 26/66 (39%) running_loss=0.3799
2026-09-18 17:31:36,004 INFO train epoch 144/200 batch 39/66 (59%) running_loss=0.3829
2026-09-18 17:31:39,543 INFO train epoch 144/200 batch 52/66 (79%) running_loss=0.3846
2026-09-18 17:31:43,251 INFO train epoch 144/200 batch 65/66 (98%) running_loss=0.3862
2026-09-18 17:31:43,473 INFO train epoch 144/200 batch 66/66 (100%) running_loss=0.3857
2026-09-18 17:31:45,993 INFO epoch 144/200 done: train_loss=0.3857 val_loss=0.2969 val_accuracy=0.9139 val_macro_f1=0.8905 val_macro_auc=0.9826 (checkpoint_metric=macro_auc)
2026-09-18 17:31:50,112 INFO train epoch 145/200 batch 13/66 (20%) running_loss=0.3788
2026-09-18 17:31:53,699 INFO train epoch 145/200 batch 26/66 (39%) running_loss=0.3738
2026-09-18 17:31:57,260 INFO train epoch 145/200 batch 39/66 (59%) running_loss=0.3789
2026-09-18 17:32:00,817 INFO train epoch 145/200 batch 52/66 (79%) running_loss=0.3832
2026-09-18 17:32:04,358 INFO train epoch 145/200 batch 65/66 (98%) running_loss=0.3836
2026-09-18 17:32:04,581 INFO train epoch 145/200 batch 66/66 (100%) running_loss=0.3831
2026-09-18 17:32:07,100 INFO epoch 145/200 done: train_loss=0.3831 val_loss=0.3032 val_accuracy=0.9078 val_macro_f1=0.8851 val_macro_auc=0.9836 (checkpoint_metric=macro_auc)
2026-09-18 17:32:11,135 INFO train epoch 146/200 batch 13/66 (20%) running_loss=0.3609
2026-09-18 17:32:14,679 INFO train epoch 146/200 batch 26/66 (39%) running_loss=0.3648
2026-09-18 17:32:18,219 INFO train epoch 146/200 batch 39/66 (59%) running_loss=0.3677
2026-09-18 17:32:21,749 INFO train epoch 146/200 batch 52/66 (79%) running_loss=0.3666
2026-09-18 17:32:25,281 INFO train epoch 146/200 batch 65/66 (98%) running_loss=0.3696
2026-09-18 17:32:25,506 INFO train epoch 146/200 batch 66/66 (100%) running_loss=0.3694
2026-09-18 17:32:28,028 INFO epoch 146/200 done: train_loss=0.3694 val_loss=0.2763 val_accuracy=0.9160 val_macro_f1=0.8950 val_macro_auc=0.9890 (checkpoint_metric=macro_auc)
2026-09-18 17:32:32,039 INFO train epoch 147/200 batch 13/66 (20%) running_loss=0.4085
2026-09-18 17:32:35,581 INFO train epoch 147/200 batch 26/66 (39%) running_loss=0.3833
2026-09-18 17:32:39,149 INFO train epoch 147/200 batch 39/66 (59%) running_loss=0.3896
2026-09-18 17:32:42,712 INFO train epoch 147/200 batch 52/66 (79%) running_loss=0.3830
2026-09-18 17:32:46,262 INFO train epoch 147/200 batch 65/66 (98%) running_loss=0.3829
2026-09-18 17:32:46,484 INFO train epoch 147/200 batch 66/66 (100%) running_loss=0.3836
2026-09-18 17:32:49,002 INFO epoch 147/200 done: train_loss=0.3836 val_loss=0.2612 val_accuracy=0.9262 val_macro_f1=0.9040 val_macro_auc=0.9870 (checkpoint_metric=macro_auc)
2026-09-18 17:32:53,149 INFO train epoch 148/200 batch 13/66 (20%) running_loss=0.3624
2026-09-18 17:32:56,696 INFO train epoch 148/200 batch 26/66 (39%) running_loss=0.3771
2026-09-18 17:33:00,251 INFO train epoch 148/200 batch 39/66 (59%) running_loss=0.3760
2026-09-18 17:33:03,797 INFO train epoch 148/200 batch 52/66 (79%) running_loss=0.3731
2026-09-18 17:33:07,346 INFO train epoch 148/200 batch 65/66 (98%) running_loss=0.3730
2026-09-18 17:33:07,568 INFO train epoch 148/200 batch 66/66 (100%) running_loss=0.3723
2026-09-18 17:33:10,103 INFO epoch 148/200 done: train_loss=0.3723 val_loss=0.3072 val_accuracy=0.9037 val_macro_f1=0.8812 val_macro_auc=0.9842 (checkpoint_metric=macro_auc)
2026-09-18 17:33:14,144 INFO train epoch 149/200 batch 13/66 (20%) running_loss=0.3613
2026-09-18 17:33:17,701 INFO train epoch 149/200 batch 26/66 (39%) running_loss=0.3568
2026-09-18 17:33:21,251 INFO train epoch 149/200 batch 39/66 (59%) running_loss=0.3605
2026-09-18 17:33:24,793 INFO train epoch 149/200 batch 52/66 (79%) running_loss=0.3655
2026-09-18 17:33:28,331 INFO train epoch 149/200 batch 65/66 (98%) running_loss=0.3686
2026-09-18 17:33:28,554 INFO train epoch 149/200 batch 66/66 (100%) running_loss=0.3683
2026-09-18 17:33:31,069 INFO epoch 149/200 done: train_loss=0.3683 val_loss=0.2899 val_accuracy=0.9160 val_macro_f1=0.8949 val_macro_auc=0.9852 (checkpoint_metric=macro_auc)
2026-09-18 17:33:35,079 INFO train epoch 150/200 batch 13/66 (20%) running_loss=0.3703
2026-09-18 17:33:38,636 INFO train epoch 150/200 batch 26/66 (39%) running_loss=0.3688
2026-09-18 17:33:42,190 INFO train epoch 150/200 batch 39/66 (59%) running_loss=0.3667
2026-09-18 17:33:45,714 INFO train epoch 150/200 batch 52/66 (79%) running_loss=0.3725
2026-09-18 17:33:49,420 INFO train epoch 150/200 batch 65/66 (98%) running_loss=0.3740
2026-09-18 17:33:49,662 INFO train epoch 150/200 batch 66/66 (100%) running_loss=0.3741
2026-09-18 17:33:52,176 INFO epoch 150/200 done: train_loss=0.3741 val_loss=0.3258 val_accuracy=0.8955 val_macro_f1=0.8737 val_macro_auc=0.9846 (checkpoint_metric=macro_auc)
2026-09-18 17:33:56,222 INFO train epoch 151/200 batch 13/66 (20%) running_loss=0.3525
2026-09-18 17:33:59,771 INFO train epoch 151/200 batch 26/66 (39%) running_loss=0.3567
2026-09-18 17:34:03,316 INFO train epoch 151/200 batch 39/66 (59%) running_loss=0.3650
2026-09-18 17:34:06,844 INFO train epoch 151/200 batch 52/66 (79%) running_loss=0.3632
2026-09-18 17:34:10,368 INFO train epoch 151/200 batch 65/66 (98%) running_loss=0.3633
2026-09-18 17:34:10,588 INFO train epoch 151/200 batch 66/66 (100%) running_loss=0.3650
2026-09-18 17:34:13,105 INFO epoch 151/200 done: train_loss=0.3650 val_loss=0.3445 val_accuracy=0.8914 val_macro_f1=0.8690 val_macro_auc=0.9790 (checkpoint_metric=macro_auc)
2026-09-18 17:34:17,103 INFO train epoch 152/200 batch 13/66 (20%) running_loss=0.3702
2026-09-18 17:34:20,657 INFO train epoch 152/200 batch 26/66 (39%) running_loss=0.3822
2026-09-18 17:34:24,217 INFO train epoch 152/200 batch 39/66 (59%) running_loss=0.3734
2026-09-18 17:34:27,773 INFO train epoch 152/200 batch 52/66 (79%) running_loss=0.3665
2026-09-18 17:34:31,327 INFO train epoch 152/200 batch 65/66 (98%) running_loss=0.3649
2026-09-18 17:34:31,556 INFO train epoch 152/200 batch 66/66 (100%) running_loss=0.3644
2026-09-18 17:34:34,060 INFO epoch 152/200 done: train_loss=0.3644 val_loss=0.2600 val_accuracy=0.9180 val_macro_f1=0.8963 val_macro_auc=0.9853 (checkpoint_metric=macro_auc)
2026-09-18 17:34:38,111 INFO train epoch 153/200 batch 13/66 (20%) running_loss=0.3766
2026-09-18 17:34:41,663 INFO train epoch 153/200 batch 26/66 (39%) running_loss=0.3883
2026-09-18 17:34:45,206 INFO train epoch 153/200 batch 39/66 (59%) running_loss=0.3818
2026-09-18 17:34:48,773 INFO train epoch 153/200 batch 52/66 (79%) running_loss=0.3762
2026-09-18 17:34:52,320 INFO train epoch 153/200 batch 65/66 (98%) running_loss=0.3755
2026-09-18 17:34:52,543 INFO train epoch 153/200 batch 66/66 (100%) running_loss=0.3748
2026-09-18 17:34:55,060 INFO epoch 153/200 done: train_loss=0.3748 val_loss=0.2741 val_accuracy=0.9119 val_macro_f1=0.8945 val_macro_auc=0.9906 (checkpoint_metric=macro_auc)
2026-09-18 17:34:59,089 INFO train epoch 154/200 batch 13/66 (20%) running_loss=0.3843
2026-09-18 17:35:02,797 INFO train epoch 154/200 batch 26/66 (39%) running_loss=0.3743
2026-09-18 17:35:06,354 INFO train epoch 154/200 batch 39/66 (59%) running_loss=0.3666
2026-09-18 17:35:09,910 INFO train epoch 154/200 batch 52/66 (79%) running_loss=0.3684
2026-09-18 17:35:13,461 INFO train epoch 154/200 batch 65/66 (98%) running_loss=0.3665
2026-09-18 17:35:13,685 INFO train epoch 154/200 batch 66/66 (100%) running_loss=0.3659
2026-09-18 17:35:16,198 INFO epoch 154/200 done: train_loss=0.3659 val_loss=0.3183 val_accuracy=0.8934 val_macro_f1=0.8744 val_macro_auc=0.9864 (checkpoint_metric=macro_auc)
2026-09-18 17:35:20,210 INFO train epoch 155/200 batch 13/66 (20%) running_loss=0.3510
2026-09-18 17:35:23,766 INFO train epoch 155/200 batch 26/66 (39%) running_loss=0.3524
2026-09-18 17:35:27,313 INFO train epoch 155/200 batch 39/66 (59%) running_loss=0.3592
2026-09-18 17:35:30,863 INFO train epoch 155/200 batch 52/66 (79%) running_loss=0.3608
2026-09-18 17:35:34,415 INFO train epoch 155/200 batch 65/66 (98%) running_loss=0.3645
2026-09-18 17:35:34,638 INFO train epoch 155/200 batch 66/66 (100%) running_loss=0.3649
2026-09-18 17:35:37,156 INFO epoch 155/200 done: train_loss=0.3649 val_loss=0.3242 val_accuracy=0.9057 val_macro_f1=0.8833 val_macro_auc=0.9804 (checkpoint_metric=macro_auc)
2026-09-18 17:35:41,155 INFO train epoch 156/200 batch 13/66 (20%) running_loss=0.3667
2026-09-18 17:35:44,707 INFO train epoch 156/200 batch 26/66 (39%) running_loss=0.3564
2026-09-18 17:35:48,250 INFO train epoch 156/200 batch 39/66 (59%) running_loss=0.3541
2026-09-18 17:35:51,793 INFO train epoch 156/200 batch 52/66 (79%) running_loss=0.3553
2026-09-18 17:35:55,498 INFO train epoch 156/200 batch 65/66 (98%) running_loss=0.3562
2026-09-18 17:35:55,720 INFO train epoch 156/200 batch 66/66 (100%) running_loss=0.3562
2026-09-18 17:35:58,237 INFO epoch 156/200 done: train_loss=0.3562 val_loss=0.2493 val_accuracy=0.9303 val_macro_f1=0.9100 val_macro_auc=0.9912 (checkpoint_metric=macro_auc)
2026-09-18 17:36:02,269 INFO train epoch 157/200 batch 13/66 (20%) running_loss=0.3579
2026-09-18 17:36:05,819 INFO train epoch 157/200 batch 26/66 (39%) running_loss=0.3592
2026-09-18 17:36:09,368 INFO train epoch 157/200 batch 39/66 (59%) running_loss=0.3633
2026-09-18 17:36:12,918 INFO train epoch 157/200 batch 52/66 (79%) running_loss=0.3611
2026-09-18 17:36:16,463 INFO train epoch 157/200 batch 65/66 (98%) running_loss=0.3593
2026-09-18 17:36:16,686 INFO train epoch 157/200 batch 66/66 (100%) running_loss=0.3609
2026-09-18 17:36:19,199 INFO epoch 157/200 done: train_loss=0.3609 val_loss=0.2338 val_accuracy=0.9262 val_macro_f1=0.9074 val_macro_auc=0.9919 (checkpoint_metric=macro_auc)
2026-09-18 17:36:23,177 INFO train epoch 158/200 batch 13/66 (20%) running_loss=0.3654
2026-09-18 17:36:26,731 INFO train epoch 158/200 batch 26/66 (39%) running_loss=0.3628
2026-09-18 17:36:30,267 INFO train epoch 158/200 batch 39/66 (59%) running_loss=0.3607
2026-09-18 17:36:33,809 INFO train epoch 158/200 batch 52/66 (79%) running_loss=0.3622
2026-09-18 17:36:37,366 INFO train epoch 158/200 batch 65/66 (98%) running_loss=0.3630
2026-09-18 17:36:37,586 INFO train epoch 158/200 batch 66/66 (100%) running_loss=0.3625
2026-09-18 17:36:40,105 INFO epoch 158/200 done: train_loss=0.3625 val_loss=0.2316 val_accuracy=0.9303 val_macro_f1=0.9088 val_macro_auc=0.9896 (checkpoint_metric=macro_auc)
2026-09-18 17:36:44,134 INFO train epoch 159/200 batch 13/66 (20%) running_loss=0.3644
2026-09-18 17:36:47,691 INFO train epoch 159/200 batch 26/66 (39%) running_loss=0.3625
2026-09-18 17:36:51,234 INFO train epoch 159/200 batch 39/66 (59%) running_loss=0.3591
2026-09-18 17:36:54,778 INFO train epoch 159/200 batch 52/66 (79%) running_loss=0.3650
2026-09-18 17:36:58,332 INFO train epoch 159/200 batch 65/66 (98%) running_loss=0.3647
2026-09-18 17:36:58,556 INFO train epoch 159/200 batch 66/66 (100%) running_loss=0.3644
2026-09-18 17:37:01,076 INFO epoch 159/200 done: train_loss=0.3644 val_loss=0.2633 val_accuracy=0.9098 val_macro_f1=0.8894 val_macro_auc=0.9887 (checkpoint_metric=macro_auc)
2026-09-18 17:37:05,089 INFO train epoch 160/200 batch 13/66 (20%) running_loss=0.3385
2026-09-18 17:37:08,799 INFO train epoch 160/200 batch 26/66 (39%) running_loss=0.3481
2026-09-18 17:37:12,356 INFO train epoch 160/200 batch 39/66 (59%) running_loss=0.3529
2026-09-18 17:37:15,931 INFO train epoch 160/200 batch 52/66 (79%) running_loss=0.3548
2026-09-18 17:37:19,478 INFO train epoch 160/200 batch 65/66 (98%) running_loss=0.3541
2026-09-18 17:37:19,699 INFO train epoch 160/200 batch 66/66 (100%) running_loss=0.3539
2026-09-18 17:37:22,220 INFO epoch 160/200 done: train_loss=0.3539 val_loss=0.2675 val_accuracy=0.9139 val_macro_f1=0.8912 val_macro_auc=0.9857 (checkpoint_metric=macro_auc)
2026-09-18 17:37:26,239 INFO train epoch 161/200 batch 13/66 (20%) running_loss=0.3732
2026-09-18 17:37:29,785 INFO train epoch 161/200 batch 26/66 (39%) running_loss=0.3663
2026-09-18 17:37:33,337 INFO train epoch 161/200 batch 39/66 (59%) running_loss=0.3608
2026-09-18 17:37:36,895 INFO train epoch 161/200 batch 52/66 (79%) running_loss=0.3584
2026-09-18 17:37:40,443 INFO train epoch 161/200 batch 65/66 (98%) running_loss=0.3579
2026-09-18 17:37:40,667 INFO train epoch 161/200 batch 66/66 (100%) running_loss=0.3576
2026-09-18 17:37:43,186 INFO epoch 161/200 done: train_loss=0.3576 val_loss=0.2657 val_accuracy=0.9201 val_macro_f1=0.8984 val_macro_auc=0.9868 (checkpoint_metric=macro_auc)
2026-09-18 17:37:47,174 INFO train epoch 162/200 batch 13/66 (20%) running_loss=0.3627
2026-09-18 17:37:50,742 INFO train epoch 162/200 batch 26/66 (39%) running_loss=0.3533
2026-09-18 17:37:54,289 INFO train epoch 162/200 batch 39/66 (59%) running_loss=0.3571
2026-09-18 17:37:57,862 INFO train epoch 162/200 batch 52/66 (79%) running_loss=0.3612
2026-09-18 17:38:01,586 INFO train epoch 162/200 batch 65/66 (98%) running_loss=0.3608
2026-09-18 17:38:01,808 INFO train epoch 162/200 batch 66/66 (100%) running_loss=0.3611
2026-09-18 17:38:04,308 INFO epoch 162/200 done: train_loss=0.3611 val_loss=0.2371 val_accuracy=0.9324 val_macro_f1=0.9123 val_macro_auc=0.9892 (checkpoint_metric=macro_auc)
2026-09-18 17:38:08,341 INFO train epoch 163/200 batch 13/66 (20%) running_loss=0.3603
2026-09-18 17:38:11,888 INFO train epoch 163/200 batch 26/66 (39%) running_loss=0.3695
2026-09-18 17:38:15,428 INFO train epoch 163/200 batch 39/66 (59%) running_loss=0.3640
2026-09-18 17:38:18,975 INFO train epoch 163/200 batch 52/66 (79%) running_loss=0.3607
2026-09-18 17:38:22,524 INFO train epoch 163/200 batch 65/66 (98%) running_loss=0.3618
2026-09-18 17:38:22,746 INFO train epoch 163/200 batch 66/66 (100%) running_loss=0.3624
2026-09-18 17:38:25,264 INFO epoch 163/200 done: train_loss=0.3624 val_loss=0.2602 val_accuracy=0.9262 val_macro_f1=0.9045 val_macro_auc=0.9867 (checkpoint_metric=macro_auc)
2026-09-18 17:38:29,314 INFO train epoch 164/200 batch 13/66 (20%) running_loss=0.3511
2026-09-18 17:38:32,868 INFO train epoch 164/200 batch 26/66 (39%) running_loss=0.3528
2026-09-18 17:38:36,423 INFO train epoch 164/200 batch 39/66 (59%) running_loss=0.3523
2026-09-18 17:38:39,998 INFO train epoch 164/200 batch 52/66 (79%) running_loss=0.3522
2026-09-18 17:38:43,550 INFO train epoch 164/200 batch 65/66 (98%) running_loss=0.3522
2026-09-18 17:38:43,771 INFO train epoch 164/200 batch 66/66 (100%) running_loss=0.3528
2026-09-18 17:38:46,276 INFO epoch 164/200 done: train_loss=0.3528 val_loss=0.3013 val_accuracy=0.9016 val_macro_f1=0.8773 val_macro_auc=0.9821 (checkpoint_metric=macro_auc)
2026-09-18 17:38:50,280 INFO train epoch 165/200 batch 13/66 (20%) running_loss=0.3713
2026-09-18 17:38:53,826 INFO train epoch 165/200 batch 26/66 (39%) running_loss=0.3571
2026-09-18 17:38:57,452 INFO train epoch 165/200 batch 39/66 (59%) running_loss=0.3519
2026-09-18 17:39:01,042 INFO train epoch 165/200 batch 52/66 (79%) running_loss=0.3530
2026-09-18 17:39:04,591 INFO train epoch 165/200 batch 65/66 (98%) running_loss=0.3495
2026-09-18 17:39:04,814 INFO train epoch 165/200 batch 66/66 (100%) running_loss=0.3511
2026-09-18 17:39:07,331 INFO epoch 165/200 done: train_loss=0.3511 val_loss=0.2676 val_accuracy=0.9119 val_macro_f1=0.8909 val_macro_auc=0.9882 (checkpoint_metric=macro_auc)
2026-09-18 17:39:11,365 INFO train epoch 166/200 batch 13/66 (20%) running_loss=0.3479
2026-09-18 17:39:14,911 INFO train epoch 166/200 batch 26/66 (39%) running_loss=0.3560
2026-09-18 17:39:18,467 INFO train epoch 166/200 batch 39/66 (59%) running_loss=0.3562
2026-09-18 17:39:22,010 INFO train epoch 166/200 batch 52/66 (79%) running_loss=0.3606
2026-09-18 17:39:25,544 INFO train epoch 166/200 batch 65/66 (98%) running_loss=0.3617
2026-09-18 17:39:25,767 INFO train epoch 166/200 batch 66/66 (100%) running_loss=0.3613
2026-09-18 17:39:28,276 INFO epoch 166/200 done: train_loss=0.3613 val_loss=0.2650 val_accuracy=0.9160 val_macro_f1=0.8929 val_macro_auc=0.9857 (checkpoint_metric=macro_auc)
2026-09-18 17:39:32,322 INFO train epoch 167/200 batch 13/66 (20%) running_loss=0.3485
2026-09-18 17:39:35,864 INFO train epoch 167/200 batch 26/66 (39%) running_loss=0.3484
2026-09-18 17:39:39,404 INFO train epoch 167/200 batch 39/66 (59%) running_loss=0.3504
2026-09-18 17:39:42,952 INFO train epoch 167/200 batch 52/66 (79%) running_loss=0.3478
2026-09-18 17:39:46,481 INFO train epoch 167/200 batch 65/66 (98%) running_loss=0.3493
2026-09-18 17:39:46,704 INFO train epoch 167/200 batch 66/66 (100%) running_loss=0.3499
2026-09-18 17:39:49,217 INFO epoch 167/200 done: train_loss=0.3499 val_loss=0.2609 val_accuracy=0.9160 val_macro_f1=0.8929 val_macro_auc=0.9865 (checkpoint_metric=macro_auc)
2026-09-18 17:39:53,275 INFO train epoch 168/200 batch 13/66 (20%) running_loss=0.3473
2026-09-18 17:39:56,830 INFO train epoch 168/200 batch 26/66 (39%) running_loss=0.3496
2026-09-18 17:40:00,391 INFO train epoch 168/200 batch 39/66 (59%) running_loss=0.3468
2026-09-18 17:40:03,944 INFO train epoch 168/200 batch 52/66 (79%) running_loss=0.3466
2026-09-18 17:40:07,652 INFO train epoch 168/200 batch 65/66 (98%) running_loss=0.3462
2026-09-18 17:40:07,877 INFO train epoch 168/200 batch 66/66 (100%) running_loss=0.3462
2026-09-18 17:40:10,380 INFO epoch 168/200 done: train_loss=0.3462 val_loss=0.3055 val_accuracy=0.9016 val_macro_f1=0.8786 val_macro_auc=0.9852 (checkpoint_metric=macro_auc)
2026-09-18 17:40:14,395 INFO train epoch 169/200 batch 13/66 (20%) running_loss=0.3595
2026-09-18 17:40:17,948 INFO train epoch 169/200 batch 26/66 (39%) running_loss=0.3552
2026-09-18 17:40:21,502 INFO train epoch 169/200 batch 39/66 (59%) running_loss=0.3479
2026-09-18 17:40:25,051 INFO train epoch 169/200 batch 52/66 (79%) running_loss=0.3503
2026-09-18 17:40:28,594 INFO train epoch 169/200 batch 65/66 (98%) running_loss=0.3495
2026-09-18 17:40:28,816 INFO train epoch 169/200 batch 66/66 (100%) running_loss=0.3496
2026-09-18 17:40:31,330 INFO epoch 169/200 done: train_loss=0.3496 val_loss=0.2870 val_accuracy=0.9098 val_macro_f1=0.8868 val_macro_auc=0.9850 (checkpoint_metric=macro_auc)
2026-09-18 17:40:35,313 INFO train epoch 170/200 batch 13/66 (20%) running_loss=0.3680
2026-09-18 17:40:38,852 INFO train epoch 170/200 batch 26/66 (39%) running_loss=0.3555
2026-09-18 17:40:42,417 INFO train epoch 170/200 batch 39/66 (59%) running_loss=0.3557
2026-09-18 17:40:45,992 INFO train epoch 170/200 batch 52/66 (79%) running_loss=0.3524
2026-09-18 17:40:49,541 INFO train epoch 170/200 batch 65/66 (98%) running_loss=0.3571
2026-09-18 17:40:49,765 INFO train epoch 170/200 batch 66/66 (100%) running_loss=0.3583
2026-09-18 17:40:52,303 INFO epoch 170/200 done: train_loss=0.3583 val_loss=0.2628 val_accuracy=0.9283 val_macro_f1=0.9075 val_macro_auc=0.9854 (checkpoint_metric=macro_auc)
2026-09-18 17:40:56,317 INFO train epoch 171/200 batch 13/66 (20%) running_loss=0.3535
2026-09-18 17:40:59,882 INFO train epoch 171/200 batch 26/66 (39%) running_loss=0.3580
2026-09-18 17:41:03,531 INFO train epoch 171/200 batch 39/66 (59%) running_loss=0.3533
2026-09-18 17:41:07,081 INFO train epoch 171/200 batch 52/66 (79%) running_loss=0.3553
2026-09-18 17:41:10,619 INFO train epoch 171/200 batch 65/66 (98%) running_loss=0.3524
2026-09-18 17:41:10,844 INFO train epoch 171/200 batch 66/66 (100%) running_loss=0.3522
2026-09-18 17:41:13,369 INFO epoch 171/200 done: train_loss=0.3522 val_loss=0.2981 val_accuracy=0.9098 val_macro_f1=0.8875 val_macro_auc=0.9828 (checkpoint_metric=macro_auc)
2026-09-18 17:41:17,413 INFO train epoch 172/200 batch 13/66 (20%) running_loss=0.3457
2026-09-18 17:41:20,946 INFO train epoch 172/200 batch 26/66 (39%) running_loss=0.3391
2026-09-18 17:41:24,487 INFO train epoch 172/200 batch 39/66 (59%) running_loss=0.3443
2026-09-18 17:41:28,048 INFO train epoch 172/200 batch 52/66 (79%) running_loss=0.3482
2026-09-18 17:41:31,583 INFO train epoch 172/200 batch 65/66 (98%) running_loss=0.3497
2026-09-18 17:41:31,806 INFO train epoch 172/200 batch 66/66 (100%) running_loss=0.3493
2026-09-18 17:41:34,309 INFO epoch 172/200 done: train_loss=0.3493 val_loss=0.2504 val_accuracy=0.9262 val_macro_f1=0.9047 val_macro_auc=0.9872 (checkpoint_metric=macro_auc)
2026-09-18 17:41:38,350 INFO train epoch 173/200 batch 13/66 (20%) running_loss=0.3583
2026-09-18 17:41:41,910 INFO train epoch 173/200 batch 26/66 (39%) running_loss=0.3535
2026-09-18 17:41:45,484 INFO train epoch 173/200 batch 39/66 (59%) running_loss=0.3440
2026-09-18 17:41:49,081 INFO train epoch 173/200 batch 52/66 (79%) running_loss=0.3439
2026-09-18 17:41:52,649 INFO train epoch 173/200 batch 65/66 (98%) running_loss=0.3466
2026-09-18 17:41:52,874 INFO train epoch 173/200 batch 66/66 (100%) running_loss=0.3468
2026-09-18 17:41:55,400 INFO epoch 173/200 done: train_loss=0.3468 val_loss=0.3133 val_accuracy=0.9037 val_macro_f1=0.8803 val_macro_auc=0.9821 (checkpoint_metric=macro_auc)
2026-09-18 17:41:59,454 INFO train epoch 174/200 batch 13/66 (20%) running_loss=0.3555
2026-09-18 17:42:03,020 INFO train epoch 174/200 batch 26/66 (39%) running_loss=0.3553
2026-09-18 17:42:06,566 INFO train epoch 174/200 batch 39/66 (59%) running_loss=0.3557
2026-09-18 17:42:10,111 INFO train epoch 174/200 batch 52/66 (79%) running_loss=0.3549
2026-09-18 17:42:13,810 INFO train epoch 174/200 batch 65/66 (98%) running_loss=0.3536
2026-09-18 17:42:14,033 INFO train epoch 174/200 batch 66/66 (100%) running_loss=0.3536
2026-09-18 17:42:16,556 INFO epoch 174/200 done: train_loss=0.3536 val_loss=0.2956 val_accuracy=0.9119 val_macro_f1=0.8883 val_macro_auc=0.9821 (checkpoint_metric=macro_auc)
2026-09-18 17:42:20,563 INFO train epoch 175/200 batch 13/66 (20%) running_loss=0.3572
2026-09-18 17:42:24,104 INFO train epoch 175/200 batch 26/66 (39%) running_loss=0.3521
2026-09-18 17:42:27,653 INFO train epoch 175/200 batch 39/66 (59%) running_loss=0.3496
2026-09-18 17:42:31,203 INFO train epoch 175/200 batch 52/66 (79%) running_loss=0.3512
2026-09-18 17:42:34,753 INFO train epoch 175/200 batch 65/66 (98%) running_loss=0.3486
2026-09-18 17:42:34,974 INFO train epoch 175/200 batch 66/66 (100%) running_loss=0.3493
2026-09-18 17:42:37,478 INFO epoch 175/200 done: train_loss=0.3493 val_loss=0.2850 val_accuracy=0.9180 val_macro_f1=0.8957 val_macro_auc=0.9855 (checkpoint_metric=macro_auc)
2026-09-18 17:42:41,503 INFO train epoch 176/200 batch 13/66 (20%) running_loss=0.3448
2026-09-18 17:42:45,063 INFO train epoch 176/200 batch 26/66 (39%) running_loss=0.3576
2026-09-18 17:42:48,626 INFO train epoch 176/200 batch 39/66 (59%) running_loss=0.3510
2026-09-18 17:42:52,186 INFO train epoch 176/200 batch 52/66 (79%) running_loss=0.3534
2026-09-18 17:42:55,738 INFO train epoch 176/200 batch 65/66 (98%) running_loss=0.3515
2026-09-18 17:42:55,961 INFO train epoch 176/200 batch 66/66 (100%) running_loss=0.3512
2026-09-18 17:42:58,474 INFO epoch 176/200 done: train_loss=0.3512 val_loss=0.2759 val_accuracy=0.9098 val_macro_f1=0.8872 val_macro_auc=0.9855 (checkpoint_metric=macro_auc)
2026-09-18 17:43:02,495 INFO train epoch 177/200 batch 13/66 (20%) running_loss=0.3373
2026-09-18 17:43:06,033 INFO train epoch 177/200 batch 26/66 (39%) running_loss=0.3387
2026-09-18 17:43:09,662 INFO train epoch 177/200 batch 39/66 (59%) running_loss=0.3446
2026-09-18 17:43:13,210 INFO train epoch 177/200 batch 52/66 (79%) running_loss=0.3486
2026-09-18 17:43:16,742 INFO train epoch 177/200 batch 65/66 (98%) running_loss=0.3472
2026-09-18 17:43:16,964 INFO train epoch 177/200 batch 66/66 (100%) running_loss=0.3475
2026-09-18 17:43:19,481 INFO epoch 177/200 done: train_loss=0.3475 val_loss=0.2941 val_accuracy=0.9057 val_macro_f1=0.8829 val_macro_auc=0.9829 (checkpoint_metric=macro_auc)
2026-09-18 17:43:23,456 INFO train epoch 178/200 batch 13/66 (20%) running_loss=0.3582
2026-09-18 17:43:27,019 INFO train epoch 178/200 batch 26/66 (39%) running_loss=0.3523
2026-09-18 17:43:30,568 INFO train epoch 178/200 batch 39/66 (59%) running_loss=0.3461
2026-09-18 17:43:34,141 INFO train epoch 178/200 batch 52/66 (79%) running_loss=0.3441
2026-09-18 17:43:37,684 INFO train epoch 178/200 batch 65/66 (98%) running_loss=0.3464
2026-09-18 17:43:37,909 INFO train epoch 178/200 batch 66/66 (100%) running_loss=0.3461
2026-09-18 17:43:40,423 INFO epoch 178/200 done: train_loss=0.3461 val_loss=0.3030 val_accuracy=0.9057 val_macro_f1=0.8835 val_macro_auc=0.9841 (checkpoint_metric=macro_auc)
2026-09-18 17:43:44,453 INFO train epoch 179/200 batch 13/66 (20%) running_loss=0.3540
2026-09-18 17:43:48,003 INFO train epoch 179/200 batch 26/66 (39%) running_loss=0.3480
2026-09-18 17:43:51,547 INFO train epoch 179/200 batch 39/66 (59%) running_loss=0.3489
2026-09-18 17:43:55,110 INFO train epoch 179/200 batch 52/66 (79%) running_loss=0.3478
2026-09-18 17:43:58,670 INFO train epoch 179/200 batch 65/66 (98%) running_loss=0.3470
2026-09-18 17:43:58,897 INFO train epoch 179/200 batch 66/66 (100%) running_loss=0.3467
2026-09-18 17:44:01,415 INFO epoch 179/200 done: train_loss=0.3467 val_loss=0.3000 val_accuracy=0.9078 val_macro_f1=0.8849 val_macro_auc=0.9839 (checkpoint_metric=macro_auc)
2026-09-18 17:44:05,444 INFO train epoch 180/200 batch 13/66 (20%) running_loss=0.3508
2026-09-18 17:44:09,036 INFO train epoch 180/200 batch 26/66 (39%) running_loss=0.3457
2026-09-18 17:44:12,584 INFO train epoch 180/200 batch 39/66 (59%) running_loss=0.3435
2026-09-18 17:44:16,123 INFO train epoch 180/200 batch 52/66 (79%) running_loss=0.3434
2026-09-18 17:44:19,824 INFO train epoch 180/200 batch 65/66 (98%) running_loss=0.3440
2026-09-18 17:44:20,046 INFO train epoch 180/200 batch 66/66 (100%) running_loss=0.3436
2026-09-18 17:44:22,566 INFO epoch 180/200 done: train_loss=0.3436 val_loss=0.2613 val_accuracy=0.9180 val_macro_f1=0.8952 val_macro_auc=0.9869 (checkpoint_metric=macro_auc)
2026-09-18 17:44:26,601 INFO train epoch 181/200 batch 13/66 (20%) running_loss=0.3542
2026-09-18 17:44:30,141 INFO train epoch 181/200 batch 26/66 (39%) running_loss=0.3518
2026-09-18 17:44:33,702 INFO train epoch 181/200 batch 39/66 (59%) running_loss=0.3478
2026-09-18 17:44:37,258 INFO train epoch 181/200 batch 52/66 (79%) running_loss=0.3469
2026-09-18 17:44:40,821 INFO train epoch 181/200 batch 65/66 (98%) running_loss=0.3445
2026-09-18 17:44:41,043 INFO train epoch 181/200 batch 66/66 (100%) running_loss=0.3459
2026-09-18 17:44:43,584 INFO epoch 181/200 done: train_loss=0.3459 val_loss=0.2781 val_accuracy=0.9160 val_macro_f1=0.8929 val_macro_auc=0.9855 (checkpoint_metric=macro_auc)
2026-09-18 17:44:47,605 INFO train epoch 182/200 batch 13/66 (20%) running_loss=0.3610
2026-09-18 17:44:51,154 INFO train epoch 182/200 batch 26/66 (39%) running_loss=0.3483
2026-09-18 17:44:54,742 INFO train epoch 182/200 batch 39/66 (59%) running_loss=0.3455
2026-09-18 17:44:58,298 INFO train epoch 182/200 batch 52/66 (79%) running_loss=0.3459
2026-09-18 17:45:01,852 INFO train epoch 182/200 batch 65/66 (98%) running_loss=0.3443
2026-09-18 17:45:02,071 INFO train epoch 182/200 batch 66/66 (100%) running_loss=0.3444
2026-09-18 17:45:04,588 INFO epoch 182/200 done: train_loss=0.3444 val_loss=0.2776 val_accuracy=0.9119 val_macro_f1=0.8885 val_macro_auc=0.9864 (checkpoint_metric=macro_auc)
2026-09-18 17:45:08,606 INFO train epoch 183/200 batch 13/66 (20%) running_loss=0.3316
2026-09-18 17:45:12,148 INFO train epoch 183/200 batch 26/66 (39%) running_loss=0.3350
2026-09-18 17:45:15,777 INFO train epoch 183/200 batch 39/66 (59%) running_loss=0.3385
2026-09-18 17:45:19,321 INFO train epoch 183/200 batch 52/66 (79%) running_loss=0.3449
2026-09-18 17:45:22,871 INFO train epoch 183/200 batch 65/66 (98%) running_loss=0.3428
2026-09-18 17:45:23,093 INFO train epoch 183/200 batch 66/66 (100%) running_loss=0.3427
2026-09-18 17:45:25,593 INFO epoch 183/200 done: train_loss=0.3427 val_loss=0.3178 val_accuracy=0.8975 val_macro_f1=0.8737 val_macro_auc=0.9828 (checkpoint_metric=macro_auc)
2026-09-18 17:45:29,576 INFO train epoch 184/200 batch 13/66 (20%) running_loss=0.3400
2026-09-18 17:45:33,120 INFO train epoch 184/200 batch 26/66 (39%) running_loss=0.3416
2026-09-18 17:45:36,682 INFO train epoch 184/200 batch 39/66 (59%) running_loss=0.3444
2026-09-18 17:45:40,252 INFO train epoch 184/200 batch 52/66 (79%) running_loss=0.3465
2026-09-18 17:45:43,800 INFO train epoch 184/200 batch 65/66 (98%) running_loss=0.3483
2026-09-18 17:45:44,022 INFO train epoch 184/200 batch 66/66 (100%) running_loss=0.3483
2026-09-18 17:45:46,531 INFO epoch 184/200 done: train_loss=0.3483 val_loss=0.3014 val_accuracy=0.9037 val_macro_f1=0.8802 val_macro_auc=0.9838 (checkpoint_metric=macro_auc)
2026-09-18 17:45:50,565 INFO train epoch 185/200 batch 13/66 (20%) running_loss=0.3414
2026-09-18 17:45:54,117 INFO train epoch 185/200 batch 26/66 (39%) running_loss=0.3480
2026-09-18 17:45:57,664 INFO train epoch 185/200 batch 39/66 (59%) running_loss=0.3470
2026-09-18 17:46:01,212 INFO train epoch 185/200 batch 52/66 (79%) running_loss=0.3476
2026-09-18 17:46:04,763 INFO train epoch 185/200 batch 65/66 (98%) running_loss=0.3462
2026-09-18 17:46:04,986 INFO train epoch 185/200 batch 66/66 (100%) running_loss=0.3467
2026-09-18 17:46:07,506 INFO epoch 185/200 done: train_loss=0.3467 val_loss=0.2923 val_accuracy=0.9119 val_macro_f1=0.8909 val_macro_auc=0.9859 (checkpoint_metric=macro_auc)
2026-09-18 17:46:11,544 INFO train epoch 186/200 batch 13/66 (20%) running_loss=0.3376
2026-09-18 17:46:15,096 INFO train epoch 186/200 batch 26/66 (39%) running_loss=0.3364
2026-09-18 17:46:18,650 INFO train epoch 186/200 batch 39/66 (59%) running_loss=0.3400
2026-09-18 17:46:22,215 INFO train epoch 186/200 batch 52/66 (79%) running_loss=0.3421
2026-09-18 17:46:25,923 INFO train epoch 186/200 batch 65/66 (98%) running_loss=0.3401
2026-09-18 17:46:26,145 INFO train epoch 186/200 batch 66/66 (100%) running_loss=0.3404
2026-09-18 17:46:28,664 INFO epoch 186/200 done: train_loss=0.3404 val_loss=0.2778 val_accuracy=0.9139 val_macro_f1=0.8907 val_macro_auc=0.9845 (checkpoint_metric=macro_auc)
2026-09-18 17:46:32,689 INFO train epoch 187/200 batch 13/66 (20%) running_loss=0.3405
2026-09-18 17:46:36,253 INFO train epoch 187/200 batch 26/66 (39%) running_loss=0.3379
2026-09-18 17:46:39,804 INFO train epoch 187/200 batch 39/66 (59%) running_loss=0.3399
2026-09-18 17:46:43,357 INFO train epoch 187/200 batch 52/66 (79%) running_loss=0.3437
2026-09-18 17:46:46,906 INFO train epoch 187/200 batch 65/66 (98%) running_loss=0.3423
2026-09-18 17:46:47,129 INFO train epoch 187/200 batch 66/66 (100%) running_loss=0.3420
2026-09-18 17:46:49,641 INFO epoch 187/200 done: train_loss=0.3420 val_loss=0.2943 val_accuracy=0.9119 val_macro_f1=0.8892 val_macro_auc=0.9845 (checkpoint_metric=macro_auc)
2026-09-18 17:46:53,680 INFO train epoch 188/200 batch 13/66 (20%) running_loss=0.3467
2026-09-18 17:46:57,217 INFO train epoch 188/200 batch 26/66 (39%) running_loss=0.3431
2026-09-18 17:47:00,774 INFO train epoch 188/200 batch 39/66 (59%) running_loss=0.3481
2026-09-18 17:47:04,321 INFO train epoch 188/200 batch 52/66 (79%) running_loss=0.3448
2026-09-18 17:47:07,867 INFO train epoch 188/200 batch 65/66 (98%) running_loss=0.3473
2026-09-18 17:47:08,090 INFO train epoch 188/200 batch 66/66 (100%) running_loss=0.3470
2026-09-18 17:47:10,603 INFO epoch 188/200 done: train_loss=0.3470 val_loss=0.2974 val_accuracy=0.9078 val_macro_f1=0.8853 val_macro_auc=0.9841 (checkpoint_metric=macro_auc)
2026-09-18 17:47:14,625 INFO train epoch 189/200 batch 13/66 (20%) running_loss=0.3489
2026-09-18 17:47:18,162 INFO train epoch 189/200 batch 26/66 (39%) running_loss=0.3447
2026-09-18 17:47:21,798 INFO train epoch 189/200 batch 39/66 (59%) running_loss=0.3459
2026-09-18 17:47:25,352 INFO train epoch 189/200 batch 52/66 (79%) running_loss=0.3461
2026-09-18 17:47:28,906 INFO train epoch 189/200 batch 65/66 (98%) running_loss=0.3435
2026-09-18 17:47:29,130 INFO train epoch 189/200 batch 66/66 (100%) running_loss=0.3436
2026-09-18 17:47:31,649 INFO epoch 189/200 done: train_loss=0.3436 val_loss=0.2860 val_accuracy=0.9078 val_macro_f1=0.8850 val_macro_auc=0.9859 (checkpoint_metric=macro_auc)
2026-09-18 17:47:35,678 INFO train epoch 190/200 batch 13/66 (20%) running_loss=0.3369
2026-09-18 17:47:39,237 INFO train epoch 190/200 batch 26/66 (39%) running_loss=0.3425
2026-09-18 17:47:42,794 INFO train epoch 190/200 batch 39/66 (59%) running_loss=0.3451
2026-09-18 17:47:46,342 INFO train epoch 190/200 batch 52/66 (79%) running_loss=0.3427
2026-09-18 17:47:49,884 INFO train epoch 190/200 batch 65/66 (98%) running_loss=0.3411
2026-09-18 17:47:50,107 INFO train epoch 190/200 batch 66/66 (100%) running_loss=0.3413
2026-09-18 17:47:52,621 INFO epoch 190/200 done: train_loss=0.3413 val_loss=0.2912 val_accuracy=0.9098 val_macro_f1=0.8863 val_macro_auc=0.9849 (checkpoint_metric=macro_auc)
2026-09-18 17:47:56,644 INFO train epoch 191/200 batch 13/66 (20%) running_loss=0.3561
2026-09-18 17:48:00,202 INFO train epoch 191/200 batch 26/66 (39%) running_loss=0.3535
2026-09-18 17:48:03,747 INFO train epoch 191/200 batch 39/66 (59%) running_loss=0.3465
2026-09-18 17:48:07,294 INFO train epoch 191/200 batch 52/66 (79%) running_loss=0.3458
2026-09-18 17:48:10,843 INFO train epoch 191/200 batch 65/66 (98%) running_loss=0.3468
2026-09-18 17:48:11,065 INFO train epoch 191/200 batch 66/66 (100%) running_loss=0.3463
2026-09-18 17:48:13,572 INFO epoch 191/200 done: train_loss=0.3463 val_loss=0.2906 val_accuracy=0.9078 val_macro_f1=0.8841 val_macro_auc=0.9851 (checkpoint_metric=macro_auc)
2026-09-18 17:48:17,529 INFO train epoch 192/200 batch 13/66 (20%) running_loss=0.3337
2026-09-18 17:48:21,075 INFO train epoch 192/200 batch 26/66 (39%) running_loss=0.3305
2026-09-18 17:48:24,631 INFO train epoch 192/200 batch 39/66 (59%) running_loss=0.3359
2026-09-18 17:48:28,351 INFO train epoch 192/200 batch 52/66 (79%) running_loss=0.3346
2026-09-18 17:48:31,906 INFO train epoch 192/200 batch 65/66 (98%) running_loss=0.3348
2026-09-18 17:48:32,128 INFO train epoch 192/200 batch 66/66 (100%) running_loss=0.3347
2026-09-18 17:48:34,623 INFO epoch 192/200 done: train_loss=0.3347 val_loss=0.2754 val_accuracy=0.9139 val_macro_f1=0.8907 val_macro_auc=0.9857 (checkpoint_metric=macro_auc)
2026-09-18 17:48:38,638 INFO train epoch 193/200 batch 13/66 (20%) running_loss=0.3395
2026-09-18 17:48:42,176 INFO train epoch 193/200 batch 26/66 (39%) running_loss=0.3374
2026-09-18 17:48:45,715 INFO train epoch 193/200 batch 39/66 (59%) running_loss=0.3404
2026-09-18 17:48:49,270 INFO train epoch 193/200 batch 52/66 (79%) running_loss=0.3423
2026-09-18 17:48:52,820 INFO train epoch 193/200 batch 65/66 (98%) running_loss=0.3427
2026-09-18 17:48:53,044 INFO train epoch 193/200 batch 66/66 (100%) running_loss=0.3436
2026-09-18 17:48:55,556 INFO epoch 193/200 done: train_loss=0.3436 val_loss=0.2955 val_accuracy=0.9078 val_macro_f1=0.8841 val_macro_auc=0.9837 (checkpoint_metric=macro_auc)
2026-09-18 17:48:59,593 INFO train epoch 194/200 batch 13/66 (20%) running_loss=0.3347
2026-09-18 17:49:03,137 INFO train epoch 194/200 batch 26/66 (39%) running_loss=0.3368
2026-09-18 17:49:06,680 INFO train epoch 194/200 batch 39/66 (59%) running_loss=0.3423
2026-09-18 17:49:10,215 INFO train epoch 194/200 batch 52/66 (79%) running_loss=0.3443
2026-09-18 17:49:13,761 INFO train epoch 194/200 batch 65/66 (98%) running_loss=0.3443
2026-09-18 17:49:13,983 INFO train epoch 194/200 batch 66/66 (100%) running_loss=0.3443
2026-09-18 17:49:16,493 INFO epoch 194/200 done: train_loss=0.3443 val_loss=0.2778 val_accuracy=0.9139 val_macro_f1=0.8907 val_macro_auc=0.9848 (checkpoint_metric=macro_auc)
2026-09-18 17:49:20,559 INFO train epoch 195/200 batch 13/66 (20%) running_loss=0.3433
2026-09-18 17:49:24,279 INFO train epoch 195/200 batch 26/66 (39%) running_loss=0.3457
2026-09-18 17:49:27,811 INFO train epoch 195/200 batch 39/66 (59%) running_loss=0.3463
2026-09-18 17:49:31,389 INFO train epoch 195/200 batch 52/66 (79%) running_loss=0.3454
2026-09-18 17:49:34,935 INFO train epoch 195/200 batch 65/66 (98%) running_loss=0.3454
2026-09-18 17:49:35,159 INFO train epoch 195/200 batch 66/66 (100%) running_loss=0.3454
2026-09-18 17:49:37,668 INFO epoch 195/200 done: train_loss=0.3454 val_loss=0.2850 val_accuracy=0.9119 val_macro_f1=0.8885 val_macro_auc=0.9851 (checkpoint_metric=macro_auc)
2026-09-18 17:49:41,743 INFO train epoch 196/200 batch 13/66 (20%) running_loss=0.3481
2026-09-18 17:49:45,333 INFO train epoch 196/200 batch 26/66 (39%) running_loss=0.3449
2026-09-18 17:49:48,881 INFO train epoch 196/200 batch 39/66 (59%) running_loss=0.3439
2026-09-18 17:49:52,422 INFO train epoch 196/200 batch 52/66 (79%) running_loss=0.3448
2026-09-18 17:49:55,970 INFO train epoch 196/200 batch 65/66 (98%) running_loss=0.3478
2026-09-18 17:49:56,195 INFO train epoch 196/200 batch 66/66 (100%) running_loss=0.3474
2026-09-18 17:49:58,699 INFO epoch 196/200 done: train_loss=0.3474 val_loss=0.2872 val_accuracy=0.9119 val_macro_f1=0.8885 val_macro_auc=0.9848 (checkpoint_metric=macro_auc)
2026-09-18 17:50:02,670 INFO train epoch 197/200 batch 13/66 (20%) running_loss=0.3404
2026-09-18 17:50:06,209 INFO train epoch 197/200 batch 26/66 (39%) running_loss=0.3407
2026-09-18 17:50:09,750 INFO train epoch 197/200 batch 39/66 (59%) running_loss=0.3421
2026-09-18 17:50:13,321 INFO train epoch 197/200 batch 52/66 (79%) running_loss=0.3410
2026-09-18 17:50:16,878 INFO train epoch 197/200 batch 65/66 (98%) running_loss=0.3416
2026-09-18 17:50:17,100 INFO train epoch 197/200 batch 66/66 (100%) running_loss=0.3430
2026-09-18 17:50:19,633 INFO epoch 197/200 done: train_loss=0.3430 val_loss=0.2976 val_accuracy=0.9078 val_macro_f1=0.8841 val_macro_auc=0.9840 (checkpoint_metric=macro_auc)
2026-09-18 17:50:23,695 INFO train epoch 198/200 batch 13/66 (20%) running_loss=0.3510
2026-09-18 17:50:27,240 INFO train epoch 198/200 batch 26/66 (39%) running_loss=0.3465
2026-09-18 17:50:30,789 INFO train epoch 198/200 batch 39/66 (59%) running_loss=0.3504
2026-09-18 17:50:34,331 INFO train epoch 198/200 batch 52/66 (79%) running_loss=0.3482
2026-09-18 17:50:37,872 INFO train epoch 198/200 batch 65/66 (98%) running_loss=0.3476
2026-09-18 17:50:38,097 INFO train epoch 198/200 batch 66/66 (100%) running_loss=0.3475
2026-09-18 17:50:40,602 INFO epoch 198/200 done: train_loss=0.3475 val_loss=0.2904 val_accuracy=0.9078 val_macro_f1=0.8841 val_macro_auc=0.9845 (checkpoint_metric=macro_auc)
2026-09-18 17:50:44,639 INFO train epoch 199/200 batch 13/66 (20%) running_loss=0.3401
2026-09-18 17:50:48,192 INFO train epoch 199/200 batch 26/66 (39%) running_loss=0.3344
2026-09-18 17:50:51,740 INFO train epoch 199/200 batch 39/66 (59%) running_loss=0.3353
2026-09-18 17:50:55,297 INFO train epoch 199/200 batch 52/66 (79%) running_loss=0.3343
2026-09-18 17:50:58,841 INFO train epoch 199/200 batch 65/66 (98%) running_loss=0.3360
2026-09-18 17:50:59,064 INFO train epoch 199/200 batch 66/66 (100%) running_loss=0.3358
2026-09-18 17:51:01,570 INFO epoch 199/200 done: train_loss=0.3358 val_loss=0.2870 val_accuracy=0.9078 val_macro_f1=0.8841 val_macro_auc=0.9849 (checkpoint_metric=macro_auc)
2026-09-18 17:51:05,612 INFO train epoch 200/200 batch 13/66 (20%) running_loss=0.3435
2026-09-18 17:51:09,158 INFO train epoch 200/200 batch 26/66 (39%) running_loss=0.3409
2026-09-18 17:51:12,714 INFO train epoch 200/200 batch 39/66 (59%) running_loss=0.3436
2026-09-18 17:51:16,255 INFO train epoch 200/200 batch 52/66 (79%) running_loss=0.3398
2026-09-18 17:51:19,802 INFO train epoch 200/200 batch 65/66 (98%) running_loss=0.3371
2026-09-18 17:51:20,024 INFO train epoch 200/200 batch 66/66 (100%) running_loss=0.3369
2026-09-18 17:51:22,527 INFO epoch 200/200 done: train_loss=0.3369 val_loss=0.2913 val_accuracy=0.9078 val_macro_f1=0.8841 val_macro_auc=0.9842 (checkpoint_metric=macro_auc)
2026-09-18 17:51:22,774 INFO Training finished. Best epoch=91, smoothed macro_auc=0.9919 (window=3)
2026-09-18 17:51:25,342 INFO Test set evaluated once: accuracy=0.8418 macro_f1=0.8333 macro_auc=0.9600
