2026-09-23 05:45:49,339 INFO Starting final training on device=cuda, amp=True, physical_batch_size=32, accumulation_steps=1, effective_batch_size=32
2026-09-23 05:45:49,340 INFO Augmentation policy: constant strength (rank-averaged), from outputs/main1/augmentation_run/selected_policy.json
2026-09-23 05:45:49,802 INFO Classes: {'glioma_tumor': 0, 'meningioma_tumor': 1, 'pituitary_tumor': 2}
2026-09-23 05:45:49,802 INFO Regularization: weight_decay=7.0e-04 classifier_dropout=0.30 label_smoothing=0.10 drop_path=0.20
2026-09-23 05:45:49,810 INFO Constant strengths: {'rotation': 0.0675, 'affine_translation': 0.2256, 'random_resized_crop': 0.516, 'brightness': 0.4195, 'contrast': 0.123, 'horizontal_flip': 0.5366, 'random_erasing': 0.1828}
2026-09-23 05:45:54,928 INFO train epoch 1/200 batch 13/66 (20%) running_loss=1.1200
2026-09-23 05:45:58,480 INFO train epoch 1/200 batch 26/66 (39%) running_loss=1.1241
2026-09-23 05:46:02,037 INFO train epoch 1/200 batch 39/66 (59%) running_loss=1.1202
2026-09-23 05:46:05,592 INFO train epoch 1/200 batch 52/66 (79%) running_loss=1.1448
2026-09-23 05:46:09,149 INFO train epoch 1/200 batch 65/66 (98%) running_loss=1.1634
2026-09-23 05:46:09,502 INFO train epoch 1/200 batch 66/66 (100%) running_loss=1.1640
2026-09-23 05:46:12,275 INFO epoch 1/200 done: train_loss=1.1640 val_loss=1.0688 val_accuracy=0.3340 val_macro_f1=0.2388 val_macro_auc=0.5376 (checkpoint_metric=macro_auc) [new best]
2026-09-23 05:46:16,271 INFO train epoch 2/200 batch 13/66 (20%) running_loss=1.1774
2026-09-23 05:46:19,828 INFO train epoch 2/200 batch 26/66 (39%) running_loss=1.1376
2026-09-23 05:46:23,374 INFO train epoch 2/200 batch 39/66 (59%) running_loss=1.1265
2026-09-23 05:46:26,909 INFO train epoch 2/200 batch 52/66 (79%) running_loss=1.1185
2026-09-23 05:46:30,439 INFO train epoch 2/200 batch 65/66 (98%) running_loss=1.1022
2026-09-23 05:46:30,659 INFO train epoch 2/200 batch 66/66 (100%) running_loss=1.1016
2026-09-23 05:46:33,266 INFO epoch 2/200 done: train_loss=1.1016 val_loss=0.9645 val_accuracy=0.5348 val_macro_f1=0.2791 val_macro_auc=0.7456 (checkpoint_metric=macro_auc) [new best]
2026-09-23 05:46:37,290 INFO train epoch 3/200 batch 13/66 (20%) running_loss=1.0217
2026-09-23 05:46:40,821 INFO train epoch 3/200 batch 26/66 (39%) running_loss=1.0240
2026-09-23 05:46:44,511 INFO train epoch 3/200 batch 39/66 (59%) running_loss=1.0393
2026-09-23 05:46:48,036 INFO train epoch 3/200 batch 52/66 (79%) running_loss=1.0498
2026-09-23 05:46:51,550 INFO train epoch 3/200 batch 65/66 (98%) running_loss=1.0362
2026-09-23 05:46:51,770 INFO train epoch 3/200 batch 66/66 (100%) running_loss=1.0351
2026-09-23 05:46:54,368 INFO epoch 3/200 done: train_loss=1.0351 val_loss=0.8999 val_accuracy=0.6557 val_macro_f1=0.4522 val_macro_auc=0.7481 (checkpoint_metric=macro_auc) [new best]
2026-09-23 05:46:58,323 INFO train epoch 4/200 batch 13/66 (20%) running_loss=1.0141
2026-09-23 05:47:01,891 INFO train epoch 4/200 batch 26/66 (39%) running_loss=0.9827
2026-09-23 05:47:05,459 INFO train epoch 4/200 batch 39/66 (59%) running_loss=0.9818
2026-09-23 05:47:09,005 INFO train epoch 4/200 batch 52/66 (79%) running_loss=0.9798
2026-09-23 05:47:12,523 INFO train epoch 4/200 batch 65/66 (98%) running_loss=0.9758
2026-09-23 05:47:12,743 INFO train epoch 4/200 batch 66/66 (100%) running_loss=0.9747
2026-09-23 05:47:15,369 INFO epoch 4/200 done: train_loss=0.9747 val_loss=0.8654 val_accuracy=0.6680 val_macro_f1=0.4710 val_macro_auc=0.7549 (checkpoint_metric=macro_auc) [new best]
2026-09-23 05:47:19,387 INFO train epoch 5/200 batch 13/66 (20%) running_loss=0.9473
2026-09-23 05:47:22,920 INFO train epoch 5/200 batch 26/66 (39%) running_loss=0.9650
2026-09-23 05:47:26,442 INFO train epoch 5/200 batch 39/66 (59%) running_loss=0.9758
2026-09-23 05:47:29,994 INFO train epoch 5/200 batch 52/66 (79%) running_loss=0.9600
2026-09-23 05:47:33,508 INFO train epoch 5/200 batch 65/66 (98%) running_loss=0.9577
2026-09-23 05:47:33,726 INFO train epoch 5/200 batch 66/66 (100%) running_loss=0.9558
2026-09-23 05:47:36,346 INFO epoch 5/200 done: train_loss=0.9558 val_loss=0.8372 val_accuracy=0.6742 val_macro_f1=0.4799 val_macro_auc=0.7787 (checkpoint_metric=macro_auc) [new best]
2026-09-23 05:47:40,350 INFO train epoch 6/200 batch 13/66 (20%) running_loss=0.9552
2026-09-23 05:47:43,913 INFO train epoch 6/200 batch 26/66 (39%) running_loss=0.9302
2026-09-23 05:47:47,453 INFO train epoch 6/200 batch 39/66 (59%) running_loss=0.9311
2026-09-23 05:47:51,066 INFO train epoch 6/200 batch 52/66 (79%) running_loss=0.9281
2026-09-23 05:47:54,593 INFO train epoch 6/200 batch 65/66 (98%) running_loss=0.9178
2026-09-23 05:47:54,812 INFO train epoch 6/200 batch 66/66 (100%) running_loss=0.9204
2026-09-23 05:47:57,453 INFO epoch 6/200 done: train_loss=0.9204 val_loss=0.7403 val_accuracy=0.6988 val_macro_f1=0.5019 val_macro_auc=0.7549 (checkpoint_metric=macro_auc) [new best]
2026-09-23 05:48:01,501 INFO train epoch 7/200 batch 13/66 (20%) running_loss=0.8433
2026-09-23 05:48:05,035 INFO train epoch 7/200 batch 26/66 (39%) running_loss=0.8804
2026-09-23 05:48:08,575 INFO train epoch 7/200 batch 39/66 (59%) running_loss=0.9006
2026-09-23 05:48:12,108 INFO train epoch 7/200 batch 52/66 (79%) running_loss=0.9042
2026-09-23 05:48:15,632 INFO train epoch 7/200 batch 65/66 (98%) running_loss=0.9058
2026-09-23 05:48:15,853 INFO train epoch 7/200 batch 66/66 (100%) running_loss=0.9054
2026-09-23 05:48:18,478 INFO epoch 7/200 done: train_loss=0.9054 val_loss=0.8015 val_accuracy=0.7152 val_macro_f1=0.5115 val_macro_auc=0.7745 (checkpoint_metric=macro_auc) [new best]
2026-09-23 05:48:22,510 INFO train epoch 8/200 batch 13/66 (20%) running_loss=0.9231
2026-09-23 05:48:26,044 INFO train epoch 8/200 batch 26/66 (39%) running_loss=0.9114
2026-09-23 05:48:29,585 INFO train epoch 8/200 batch 39/66 (59%) running_loss=0.9021
2026-09-23 05:48:33,125 INFO train epoch 8/200 batch 52/66 (79%) running_loss=0.8875
2026-09-23 05:48:36,646 INFO train epoch 8/200 batch 65/66 (98%) running_loss=0.8765
2026-09-23 05:48:36,865 INFO train epoch 8/200 batch 66/66 (100%) running_loss=0.8779
2026-09-23 05:48:39,461 INFO epoch 8/200 done: train_loss=0.8779 val_loss=0.6949 val_accuracy=0.7213 val_macro_f1=0.5193 val_macro_auc=0.7915 (checkpoint_metric=macro_auc) [new best]
2026-09-23 05:48:43,486 INFO train epoch 9/200 batch 13/66 (20%) running_loss=0.8444
2026-09-23 05:48:47,024 INFO train epoch 9/200 batch 26/66 (39%) running_loss=0.8507
2026-09-23 05:48:50,572 INFO train epoch 9/200 batch 39/66 (59%) running_loss=0.8525
2026-09-23 05:48:54,104 INFO train epoch 9/200 batch 52/66 (79%) running_loss=0.8567
2026-09-23 05:48:57,641 INFO train epoch 9/200 batch 65/66 (98%) running_loss=0.8633
2026-09-23 05:48:57,862 INFO train epoch 9/200 batch 66/66 (100%) running_loss=0.8646
2026-09-23 05:49:00,632 INFO epoch 9/200 done: train_loss=0.8646 val_loss=0.6966 val_accuracy=0.7111 val_macro_f1=0.5110 val_macro_auc=0.7978 (checkpoint_metric=macro_auc) [new best]
2026-09-23 05:49:04,689 INFO train epoch 10/200 batch 13/66 (20%) running_loss=0.8412
2026-09-23 05:49:08,228 INFO train epoch 10/200 batch 26/66 (39%) running_loss=0.8578
2026-09-23 05:49:11,756 INFO train epoch 10/200 batch 39/66 (59%) running_loss=0.8574
2026-09-23 05:49:15,279 INFO train epoch 10/200 batch 52/66 (79%) running_loss=0.8521
2026-09-23 05:49:18,805 INFO train epoch 10/200 batch 65/66 (98%) running_loss=0.8409
2026-09-23 05:49:19,027 INFO train epoch 10/200 batch 66/66 (100%) running_loss=0.8404
2026-09-23 05:49:21,650 INFO epoch 10/200 done: train_loss=0.8404 val_loss=0.6577 val_accuracy=0.7336 val_macro_f1=0.5279 val_macro_auc=0.8030 (checkpoint_metric=macro_auc) [new best]
2026-09-23 05:49:25,673 INFO train epoch 11/200 batch 13/66 (20%) running_loss=0.8384
2026-09-23 05:49:29,192 INFO train epoch 11/200 batch 26/66 (39%) running_loss=0.8324
2026-09-23 05:49:32,722 INFO train epoch 11/200 batch 39/66 (59%) running_loss=0.8324
2026-09-23 05:49:36,266 INFO train epoch 11/200 batch 52/66 (79%) running_loss=0.8343
2026-09-23 05:49:39,792 INFO train epoch 11/200 batch 65/66 (98%) running_loss=0.8270
2026-09-23 05:49:40,014 INFO train epoch 11/200 batch 66/66 (100%) running_loss=0.8261
2026-09-23 05:49:42,754 INFO epoch 11/200 done: train_loss=0.8261 val_loss=0.6781 val_accuracy=0.7602 val_macro_f1=0.5567 val_macro_auc=0.8127 (checkpoint_metric=macro_auc) [new best]
2026-09-23 05:49:46,728 INFO train epoch 12/200 batch 13/66 (20%) running_loss=0.8210
2026-09-23 05:49:50,274 INFO train epoch 12/200 batch 26/66 (39%) running_loss=0.8372
2026-09-23 05:49:53,824 INFO train epoch 12/200 batch 39/66 (59%) running_loss=0.8207
2026-09-23 05:49:57,355 INFO train epoch 12/200 batch 52/66 (79%) running_loss=0.8158
2026-09-23 05:50:00,883 INFO train epoch 12/200 batch 65/66 (98%) running_loss=0.8244
2026-09-23 05:50:01,102 INFO train epoch 12/200 batch 66/66 (100%) running_loss=0.8238
2026-09-23 05:50:03,619 INFO epoch 12/200 done: train_loss=0.8238 val_loss=0.8834 val_accuracy=0.6578 val_macro_f1=0.4513 val_macro_auc=0.7851 (checkpoint_metric=macro_auc)
2026-09-23 05:50:07,665 INFO train epoch 13/200 batch 13/66 (20%) running_loss=0.8024
2026-09-23 05:50:11,216 INFO train epoch 13/200 batch 26/66 (39%) running_loss=0.8020
2026-09-23 05:50:14,741 INFO train epoch 13/200 batch 39/66 (59%) running_loss=0.8178
2026-09-23 05:50:18,288 INFO train epoch 13/200 batch 52/66 (79%) running_loss=0.8149
2026-09-23 05:50:21,812 INFO train epoch 13/200 batch 65/66 (98%) running_loss=0.8247
2026-09-23 05:50:22,032 INFO train epoch 13/200 batch 66/66 (100%) running_loss=0.8246
2026-09-23 05:50:24,643 INFO epoch 13/200 done: train_loss=0.8246 val_loss=0.6630 val_accuracy=0.7377 val_macro_f1=0.5316 val_macro_auc=0.8169 (checkpoint_metric=macro_auc) [new best]
2026-09-23 05:50:28,612 INFO train epoch 14/200 batch 13/66 (20%) running_loss=0.7938
2026-09-23 05:50:32,132 INFO train epoch 14/200 batch 26/66 (39%) running_loss=0.7960
2026-09-23 05:50:35,650 INFO train epoch 14/200 batch 39/66 (59%) running_loss=0.7876
2026-09-23 05:50:39,186 INFO train epoch 14/200 batch 52/66 (79%) running_loss=0.7932
2026-09-23 05:50:42,717 INFO train epoch 14/200 batch 65/66 (98%) running_loss=0.7992
2026-09-23 05:50:42,942 INFO train epoch 14/200 batch 66/66 (100%) running_loss=0.7986
2026-09-23 05:50:45,438 INFO epoch 14/200 done: train_loss=0.7986 val_loss=0.6504 val_accuracy=0.7684 val_macro_f1=0.5558 val_macro_auc=0.8127 (checkpoint_metric=macro_auc)
2026-09-23 05:50:49,475 INFO train epoch 15/200 batch 13/66 (20%) running_loss=0.8196
2026-09-23 05:50:53,058 INFO train epoch 15/200 batch 26/66 (39%) running_loss=0.8055
2026-09-23 05:50:56,615 INFO train epoch 15/200 batch 39/66 (59%) running_loss=0.8068
2026-09-23 05:51:00,318 INFO train epoch 15/200 batch 52/66 (79%) running_loss=0.8149
2026-09-23 05:51:03,830 INFO train epoch 15/200 batch 65/66 (98%) running_loss=0.8106
2026-09-23 05:51:04,050 INFO train epoch 15/200 batch 66/66 (100%) running_loss=0.8120
2026-09-23 05:51:06,690 INFO epoch 15/200 done: train_loss=0.8120 val_loss=0.7220 val_accuracy=0.7500 val_macro_f1=0.5506 val_macro_auc=0.8166 (checkpoint_metric=macro_auc) [new best]
2026-09-23 05:51:10,740 INFO train epoch 16/200 batch 13/66 (20%) running_loss=0.8018
2026-09-23 05:51:14,293 INFO train epoch 16/200 batch 26/66 (39%) running_loss=0.7901
2026-09-23 05:51:17,846 INFO train epoch 16/200 batch 39/66 (59%) running_loss=0.7916
2026-09-23 05:51:21,370 INFO train epoch 16/200 batch 52/66 (79%) running_loss=0.7893
2026-09-23 05:51:24,901 INFO train epoch 16/200 batch 65/66 (98%) running_loss=0.7903
2026-09-23 05:51:25,122 INFO train epoch 16/200 batch 66/66 (100%) running_loss=0.7904
2026-09-23 05:51:27,728 INFO epoch 16/200 done: train_loss=0.7904 val_loss=0.5994 val_accuracy=0.8197 val_macro_f1=0.6053 val_macro_auc=0.8368 (checkpoint_metric=macro_auc) [new best]
2026-09-23 05:51:31,767 INFO train epoch 17/200 batch 13/66 (20%) running_loss=0.7787
2026-09-23 05:51:35,311 INFO train epoch 17/200 batch 26/66 (39%) running_loss=0.7732
2026-09-23 05:51:38,860 INFO train epoch 17/200 batch 39/66 (59%) running_loss=0.7891
2026-09-23 05:51:42,414 INFO train epoch 17/200 batch 52/66 (79%) running_loss=0.7851
2026-09-23 05:51:46,100 INFO train epoch 17/200 batch 65/66 (98%) running_loss=0.7910
2026-09-23 05:51:46,321 INFO train epoch 17/200 batch 66/66 (100%) running_loss=0.7908
2026-09-23 05:51:48,846 INFO epoch 17/200 done: train_loss=0.7908 val_loss=0.8093 val_accuracy=0.7172 val_macro_f1=0.5213 val_macro_auc=0.8097 (checkpoint_metric=macro_auc)
2026-09-23 05:51:52,988 INFO train epoch 18/200 batch 13/66 (20%) running_loss=0.8087
2026-09-23 05:51:56,539 INFO train epoch 18/200 batch 26/66 (39%) running_loss=0.8189
2026-09-23 05:52:00,082 INFO train epoch 18/200 batch 39/66 (59%) running_loss=0.8083
2026-09-23 05:52:03,610 INFO train epoch 18/200 batch 52/66 (79%) running_loss=0.8000
2026-09-23 05:52:07,125 INFO train epoch 18/200 batch 65/66 (98%) running_loss=0.7958
2026-09-23 05:52:07,348 INFO train epoch 18/200 batch 66/66 (100%) running_loss=0.7965
2026-09-23 05:52:09,961 INFO epoch 18/200 done: train_loss=0.7965 val_loss=0.6917 val_accuracy=0.7398 val_macro_f1=0.5730 val_macro_auc=0.8277 (checkpoint_metric=macro_auc) [new best]
2026-09-23 05:52:13,987 INFO train epoch 19/200 batch 13/66 (20%) running_loss=0.7815
2026-09-23 05:52:17,515 INFO train epoch 19/200 batch 26/66 (39%) running_loss=0.7727
2026-09-23 05:52:21,058 INFO train epoch 19/200 batch 39/66 (59%) running_loss=0.7789
2026-09-23 05:52:24,592 INFO train epoch 19/200 batch 52/66 (79%) running_loss=0.7843
2026-09-23 05:52:28,113 INFO train epoch 19/200 batch 65/66 (98%) running_loss=0.7769
2026-09-23 05:52:28,332 INFO train epoch 19/200 batch 66/66 (100%) running_loss=0.7754
2026-09-23 05:52:30,960 INFO epoch 19/200 done: train_loss=0.7754 val_loss=0.5130 val_accuracy=0.8115 val_macro_f1=0.6385 val_macro_auc=0.8584 (checkpoint_metric=macro_auc) [new best]
2026-09-23 05:52:35,019 INFO train epoch 20/200 batch 13/66 (20%) running_loss=0.8074
2026-09-23 05:52:38,576 INFO train epoch 20/200 batch 26/66 (39%) running_loss=0.7932
2026-09-23 05:52:42,197 INFO train epoch 20/200 batch 39/66 (59%) running_loss=0.7851
2026-09-23 05:52:45,726 INFO train epoch 20/200 batch 52/66 (79%) running_loss=0.7805
2026-09-23 05:52:49,247 INFO train epoch 20/200 batch 65/66 (98%) running_loss=0.7769
2026-09-23 05:52:49,466 INFO train epoch 20/200 batch 66/66 (100%) running_loss=0.7763
2026-09-23 05:52:52,080 INFO epoch 20/200 done: train_loss=0.7763 val_loss=0.5318 val_accuracy=0.8197 val_macro_f1=0.6375 val_macro_auc=0.8733 (checkpoint_metric=macro_auc) [new best]
2026-09-23 05:52:56,108 INFO train epoch 21/200 batch 13/66 (20%) running_loss=0.7798
2026-09-23 05:52:59,644 INFO train epoch 21/200 batch 26/66 (39%) running_loss=0.7848
2026-09-23 05:53:03,178 INFO train epoch 21/200 batch 39/66 (59%) running_loss=0.7830
2026-09-23 05:53:06,708 INFO train epoch 21/200 batch 52/66 (79%) running_loss=0.7813
2026-09-23 05:53:10,230 INFO train epoch 21/200 batch 65/66 (98%) running_loss=0.7742
2026-09-23 05:53:10,450 INFO train epoch 21/200 batch 66/66 (100%) running_loss=0.7739
2026-09-23 05:53:13,056 INFO epoch 21/200 done: train_loss=0.7739 val_loss=0.5448 val_accuracy=0.8217 val_macro_f1=0.6384 val_macro_auc=0.8713 (checkpoint_metric=macro_auc) [new best]
2026-09-23 05:53:17,124 INFO train epoch 22/200 batch 13/66 (20%) running_loss=0.7730
2026-09-23 05:53:20,650 INFO train epoch 22/200 batch 26/66 (39%) running_loss=0.7724
2026-09-23 05:53:24,175 INFO train epoch 22/200 batch 39/66 (59%) running_loss=0.7702
2026-09-23 05:53:27,718 INFO train epoch 22/200 batch 52/66 (79%) running_loss=0.7611
2026-09-23 05:53:31,404 INFO train epoch 22/200 batch 65/66 (98%) running_loss=0.7578
2026-09-23 05:53:31,623 INFO train epoch 22/200 batch 66/66 (100%) running_loss=0.7583
2026-09-23 05:53:34,130 INFO epoch 22/200 done: train_loss=0.7583 val_loss=0.6124 val_accuracy=0.7828 val_macro_f1=0.5779 val_macro_auc=0.8559 (checkpoint_metric=macro_auc)
2026-09-23 05:53:38,146 INFO train epoch 23/200 batch 13/66 (20%) running_loss=0.7830
2026-09-23 05:53:41,673 INFO train epoch 23/200 batch 26/66 (39%) running_loss=0.7820
2026-09-23 05:53:45,195 INFO train epoch 23/200 batch 39/66 (59%) running_loss=0.7694
2026-09-23 05:53:48,720 INFO train epoch 23/200 batch 52/66 (79%) running_loss=0.7756
2026-09-23 05:53:52,256 INFO train epoch 23/200 batch 65/66 (98%) running_loss=0.7766
2026-09-23 05:53:52,475 INFO train epoch 23/200 batch 66/66 (100%) running_loss=0.7775
2026-09-23 05:53:54,988 INFO epoch 23/200 done: train_loss=0.7775 val_loss=0.5302 val_accuracy=0.8012 val_macro_f1=0.6332 val_macro_auc=0.8732 (checkpoint_metric=macro_auc)
2026-09-23 05:53:59,007 INFO train epoch 24/200 batch 13/66 (20%) running_loss=0.7393
2026-09-23 05:54:02,539 INFO train epoch 24/200 batch 26/66 (39%) running_loss=0.7196
2026-09-23 05:54:06,073 INFO train epoch 24/200 batch 39/66 (59%) running_loss=0.7402
2026-09-23 05:54:09,606 INFO train epoch 24/200 batch 52/66 (79%) running_loss=0.7437
2026-09-23 05:54:13,130 INFO train epoch 24/200 batch 65/66 (98%) running_loss=0.7505
2026-09-23 05:54:13,350 INFO train epoch 24/200 batch 66/66 (100%) running_loss=0.7502
2026-09-23 05:54:16,090 INFO epoch 24/200 done: train_loss=0.7502 val_loss=0.5459 val_accuracy=0.8238 val_macro_f1=0.6881 val_macro_auc=0.8998 (checkpoint_metric=macro_auc) [new best]
2026-09-23 05:54:20,078 INFO train epoch 25/200 batch 13/66 (20%) running_loss=0.7368
2026-09-23 05:54:23,616 INFO train epoch 25/200 batch 26/66 (39%) running_loss=0.7306
2026-09-23 05:54:27,146 INFO train epoch 25/200 batch 39/66 (59%) running_loss=0.7445
2026-09-23 05:54:30,676 INFO train epoch 25/200 batch 52/66 (79%) running_loss=0.7444
2026-09-23 05:54:34,211 INFO train epoch 25/200 batch 65/66 (98%) running_loss=0.7483
2026-09-23 05:54:34,429 INFO train epoch 25/200 batch 66/66 (100%) running_loss=0.7488
2026-09-23 05:54:36,926 INFO epoch 25/200 done: train_loss=0.7488 val_loss=0.9450 val_accuracy=0.5615 val_macro_f1=0.4544 val_macro_auc=0.8434 (checkpoint_metric=macro_auc)
2026-09-23 05:54:40,897 INFO train epoch 26/200 batch 13/66 (20%) running_loss=0.7234
2026-09-23 05:54:44,431 INFO train epoch 26/200 batch 26/66 (39%) running_loss=0.7352
2026-09-23 05:54:47,978 INFO train epoch 26/200 batch 39/66 (59%) running_loss=0.7291
2026-09-23 05:54:51,523 INFO train epoch 26/200 batch 52/66 (79%) running_loss=0.7327
2026-09-23 05:54:55,052 INFO train epoch 26/200 batch 65/66 (98%) running_loss=0.7341
2026-09-23 05:54:55,275 INFO train epoch 26/200 batch 66/66 (100%) running_loss=0.7348
2026-09-23 05:54:57,893 INFO epoch 26/200 done: train_loss=0.7348 val_loss=0.4840 val_accuracy=0.8197 val_macro_f1=0.7167 val_macro_auc=0.8989 (checkpoint_metric=macro_auc) [new best]
2026-09-23 05:55:01,963 INFO train epoch 27/200 batch 13/66 (20%) running_loss=0.7151
2026-09-23 05:55:05,519 INFO train epoch 27/200 batch 26/66 (39%) running_loss=0.6986
2026-09-23 05:55:09,072 INFO train epoch 27/200 batch 39/66 (59%) running_loss=0.7235
2026-09-23 05:55:12,601 INFO train epoch 27/200 batch 52/66 (79%) running_loss=0.7290
2026-09-23 05:55:16,131 INFO train epoch 27/200 batch 65/66 (98%) running_loss=0.7381
2026-09-23 05:55:16,354 INFO train epoch 27/200 batch 66/66 (100%) running_loss=0.7373
2026-09-23 05:55:18,859 INFO epoch 27/200 done: train_loss=0.7373 val_loss=0.4942 val_accuracy=0.8279 val_macro_f1=0.7333 val_macro_auc=0.8994 (checkpoint_metric=macro_auc)
2026-09-23 05:55:22,904 INFO train epoch 28/200 batch 13/66 (20%) running_loss=0.7350
2026-09-23 05:55:26,438 INFO train epoch 28/200 batch 26/66 (39%) running_loss=0.7465
2026-09-23 05:55:29,984 INFO train epoch 28/200 batch 39/66 (59%) running_loss=0.7545
2026-09-23 05:55:33,672 INFO train epoch 28/200 batch 52/66 (79%) running_loss=0.7416
2026-09-23 05:55:37,205 INFO train epoch 28/200 batch 65/66 (98%) running_loss=0.7356
2026-09-23 05:55:37,425 INFO train epoch 28/200 batch 66/66 (100%) running_loss=0.7366
2026-09-23 05:55:40,052 INFO epoch 28/200 done: train_loss=0.7366 val_loss=0.5399 val_accuracy=0.7992 val_macro_f1=0.7087 val_macro_auc=0.8951 (checkpoint_metric=macro_auc) [new best]
2026-09-23 05:55:44,086 INFO train epoch 29/200 batch 13/66 (20%) running_loss=0.7464
2026-09-23 05:55:47,632 INFO train epoch 29/200 batch 26/66 (39%) running_loss=0.7446
2026-09-23 05:55:51,162 INFO train epoch 29/200 batch 39/66 (59%) running_loss=0.7372
2026-09-23 05:55:54,724 INFO train epoch 29/200 batch 52/66 (79%) running_loss=0.7370
2026-09-23 05:55:58,258 INFO train epoch 29/200 batch 65/66 (98%) running_loss=0.7338
2026-09-23 05:55:58,478 INFO train epoch 29/200 batch 66/66 (100%) running_loss=0.7326
2026-09-23 05:56:01,111 INFO epoch 29/200 done: train_loss=0.7326 val_loss=0.4830 val_accuracy=0.8258 val_macro_f1=0.7211 val_macro_auc=0.9127 (checkpoint_metric=macro_auc) [new best]
2026-09-23 05:56:05,175 INFO train epoch 30/200 batch 13/66 (20%) running_loss=0.7551
2026-09-23 05:56:08,742 INFO train epoch 30/200 batch 26/66 (39%) running_loss=0.7521
2026-09-23 05:56:12,273 INFO train epoch 30/200 batch 39/66 (59%) running_loss=0.7493
2026-09-23 05:56:15,798 INFO train epoch 30/200 batch 52/66 (79%) running_loss=0.7413
2026-09-23 05:56:19,482 INFO train epoch 30/200 batch 65/66 (98%) running_loss=0.7415
2026-09-23 05:56:19,701 INFO train epoch 30/200 batch 66/66 (100%) running_loss=0.7414
2026-09-23 05:56:22,199 INFO epoch 30/200 done: train_loss=0.7414 val_loss=0.6387 val_accuracy=0.7377 val_macro_f1=0.6182 val_macro_auc=0.8690 (checkpoint_metric=macro_auc)
2026-09-23 05:56:26,251 INFO train epoch 31/200 batch 13/66 (20%) running_loss=0.7631
2026-09-23 05:56:29,779 INFO train epoch 31/200 batch 26/66 (39%) running_loss=0.7459
2026-09-23 05:56:33,335 INFO train epoch 31/200 batch 39/66 (59%) running_loss=0.7449
2026-09-23 05:56:36,865 INFO train epoch 31/200 batch 52/66 (79%) running_loss=0.7345
2026-09-23 05:56:40,396 INFO train epoch 31/200 batch 65/66 (98%) running_loss=0.7290
2026-09-23 05:56:40,618 INFO train epoch 31/200 batch 66/66 (100%) running_loss=0.7281
2026-09-23 05:56:43,238 INFO epoch 31/200 done: train_loss=0.7281 val_loss=0.4828 val_accuracy=0.8320 val_macro_f1=0.7453 val_macro_auc=0.9362 (checkpoint_metric=macro_auc) [new best]
2026-09-23 05:56:47,280 INFO train epoch 32/200 batch 13/66 (20%) running_loss=0.7295
2026-09-23 05:56:50,812 INFO train epoch 32/200 batch 26/66 (39%) running_loss=0.7178
2026-09-23 05:56:54,339 INFO train epoch 32/200 batch 39/66 (59%) running_loss=0.7163
2026-09-23 05:56:57,876 INFO train epoch 32/200 batch 52/66 (79%) running_loss=0.7254
2026-09-23 05:57:01,396 INFO train epoch 32/200 batch 65/66 (98%) running_loss=0.7166
2026-09-23 05:57:01,618 INFO train epoch 32/200 batch 66/66 (100%) running_loss=0.7156
2026-09-23 05:57:04,135 INFO epoch 32/200 done: train_loss=0.7156 val_loss=0.5890 val_accuracy=0.7418 val_macro_f1=0.6660 val_macro_auc=0.8925 (checkpoint_metric=macro_auc)
2026-09-23 05:57:08,152 INFO train epoch 33/200 batch 13/66 (20%) running_loss=0.7321
2026-09-23 05:57:11,683 INFO train epoch 33/200 batch 26/66 (39%) running_loss=0.7169
2026-09-23 05:57:15,372 INFO train epoch 33/200 batch 39/66 (59%) running_loss=0.7156
2026-09-23 05:57:18,887 INFO train epoch 33/200 batch 52/66 (79%) running_loss=0.7101
2026-09-23 05:57:22,419 INFO train epoch 33/200 batch 65/66 (98%) running_loss=0.7044
2026-09-23 05:57:22,637 INFO train epoch 33/200 batch 66/66 (100%) running_loss=0.7040
2026-09-23 05:57:25,298 INFO epoch 33/200 done: train_loss=0.7040 val_loss=0.6621 val_accuracy=0.7008 val_macro_f1=0.5290 val_macro_auc=0.8961 (checkpoint_metric=macro_auc) [new best]
2026-09-23 05:57:29,316 INFO train epoch 34/200 batch 13/66 (20%) running_loss=0.7311
2026-09-23 05:57:32,838 INFO train epoch 34/200 batch 26/66 (39%) running_loss=0.7263
2026-09-23 05:57:36,369 INFO train epoch 34/200 batch 39/66 (59%) running_loss=0.7232
2026-09-23 05:57:39,892 INFO train epoch 34/200 batch 52/66 (79%) running_loss=0.7081
2026-09-23 05:57:43,422 INFO train epoch 34/200 batch 65/66 (98%) running_loss=0.7054
2026-09-23 05:57:43,644 INFO train epoch 34/200 batch 66/66 (100%) running_loss=0.7054
2026-09-23 05:57:46,141 INFO epoch 34/200 done: train_loss=0.7054 val_loss=0.5767 val_accuracy=0.7828 val_macro_f1=0.6288 val_macro_auc=0.9017 (checkpoint_metric=macro_auc)
2026-09-23 05:57:50,187 INFO train epoch 35/200 batch 13/66 (20%) running_loss=0.7544
2026-09-23 05:57:53,735 INFO train epoch 35/200 batch 26/66 (39%) running_loss=0.7149
2026-09-23 05:57:57,273 INFO train epoch 35/200 batch 39/66 (59%) running_loss=0.7056
2026-09-23 05:58:00,827 INFO train epoch 35/200 batch 52/66 (79%) running_loss=0.7027
2026-09-23 05:58:04,358 INFO train epoch 35/200 batch 65/66 (98%) running_loss=0.7062
2026-09-23 05:58:04,576 INFO train epoch 35/200 batch 66/66 (100%) running_loss=0.7072
2026-09-23 05:58:07,090 INFO epoch 35/200 done: train_loss=0.7072 val_loss=0.6218 val_accuracy=0.7582 val_macro_f1=0.6646 val_macro_auc=0.9022 (checkpoint_metric=macro_auc)
2026-09-23 05:58:11,127 INFO train epoch 36/200 batch 13/66 (20%) running_loss=0.6835
2026-09-23 05:58:14,652 INFO train epoch 36/200 batch 26/66 (39%) running_loss=0.6835
2026-09-23 05:58:18,178 INFO train epoch 36/200 batch 39/66 (59%) running_loss=0.7042
2026-09-23 05:58:21,777 INFO train epoch 36/200 batch 52/66 (79%) running_loss=0.7083
2026-09-23 05:58:25,298 INFO train epoch 36/200 batch 65/66 (98%) running_loss=0.7011
2026-09-23 05:58:25,519 INFO train epoch 36/200 batch 66/66 (100%) running_loss=0.7006
2026-09-23 05:58:28,149 INFO epoch 36/200 done: train_loss=0.7006 val_loss=0.4173 val_accuracy=0.8402 val_macro_f1=0.7266 val_macro_auc=0.9368 (checkpoint_metric=macro_auc) [new best]
2026-09-23 05:58:32,191 INFO train epoch 37/200 batch 13/66 (20%) running_loss=0.6662
2026-09-23 05:58:35,726 INFO train epoch 37/200 batch 26/66 (39%) running_loss=0.6862
2026-09-23 05:58:39,251 INFO train epoch 37/200 batch 39/66 (59%) running_loss=0.7029
2026-09-23 05:58:42,779 INFO train epoch 37/200 batch 52/66 (79%) running_loss=0.6965
2026-09-23 05:58:46,302 INFO train epoch 37/200 batch 65/66 (98%) running_loss=0.6842
2026-09-23 05:58:46,522 INFO train epoch 37/200 batch 66/66 (100%) running_loss=0.6835
2026-09-23 05:58:49,035 INFO epoch 37/200 done: train_loss=0.6835 val_loss=0.8074 val_accuracy=0.6311 val_macro_f1=0.5517 val_macro_auc=0.8696 (checkpoint_metric=macro_auc)
2026-09-23 05:58:53,060 INFO train epoch 38/200 batch 13/66 (20%) running_loss=0.7198
2026-09-23 05:58:56,595 INFO train epoch 38/200 batch 26/66 (39%) running_loss=0.7197
2026-09-23 05:59:00,120 INFO train epoch 38/200 batch 39/66 (59%) running_loss=0.7202
2026-09-23 05:59:03,644 INFO train epoch 38/200 batch 52/66 (79%) running_loss=0.7151
2026-09-23 05:59:07,346 INFO train epoch 38/200 batch 65/66 (98%) running_loss=0.7070
2026-09-23 05:59:07,566 INFO train epoch 38/200 batch 66/66 (100%) running_loss=0.7073
2026-09-23 05:59:10,062 INFO epoch 38/200 done: train_loss=0.7073 val_loss=0.5623 val_accuracy=0.7766 val_macro_f1=0.6220 val_macro_auc=0.8935 (checkpoint_metric=macro_auc)
2026-09-23 05:59:14,110 INFO train epoch 39/200 batch 13/66 (20%) running_loss=0.6672
2026-09-23 05:59:17,665 INFO train epoch 39/200 batch 26/66 (39%) running_loss=0.6860
2026-09-23 05:59:21,202 INFO train epoch 39/200 batch 39/66 (59%) running_loss=0.6810
2026-09-23 05:59:24,723 INFO train epoch 39/200 batch 52/66 (79%) running_loss=0.6797
2026-09-23 05:59:28,245 INFO train epoch 39/200 batch 65/66 (98%) running_loss=0.6802
2026-09-23 05:59:28,462 INFO train epoch 39/200 batch 66/66 (100%) running_loss=0.6810
2026-09-23 05:59:30,984 INFO epoch 39/200 done: train_loss=0.6810 val_loss=0.5528 val_accuracy=0.7992 val_macro_f1=0.7541 val_macro_auc=0.9518 (checkpoint_metric=macro_auc)
2026-09-23 05:59:35,025 INFO train epoch 40/200 batch 13/66 (20%) running_loss=0.7185
2026-09-23 05:59:38,554 INFO train epoch 40/200 batch 26/66 (39%) running_loss=0.6943
2026-09-23 05:59:42,098 INFO train epoch 40/200 batch 39/66 (59%) running_loss=0.6847
2026-09-23 05:59:45,642 INFO train epoch 40/200 batch 52/66 (79%) running_loss=0.6808
2026-09-23 05:59:49,162 INFO train epoch 40/200 batch 65/66 (98%) running_loss=0.6898
2026-09-23 05:59:49,382 INFO train epoch 40/200 batch 66/66 (100%) running_loss=0.6911
2026-09-23 05:59:52,009 INFO epoch 40/200 done: train_loss=0.6911 val_loss=0.4058 val_accuracy=0.8709 val_macro_f1=0.7449 val_macro_auc=0.9414 (checkpoint_metric=macro_auc) [new best]
2026-09-23 05:59:56,044 INFO train epoch 41/200 batch 13/66 (20%) running_loss=0.6863
2026-09-23 05:59:59,586 INFO train epoch 41/200 batch 26/66 (39%) running_loss=0.6551
2026-09-23 06:00:03,107 INFO train epoch 41/200 batch 39/66 (59%) running_loss=0.6523
2026-09-23 06:00:06,788 INFO train epoch 41/200 batch 52/66 (79%) running_loss=0.6570
2026-09-23 06:00:10,307 INFO train epoch 41/200 batch 65/66 (98%) running_loss=0.6646
2026-09-23 06:00:10,525 INFO train epoch 41/200 batch 66/66 (100%) running_loss=0.6644
2026-09-23 06:00:13,139 INFO epoch 41/200 done: train_loss=0.6644 val_loss=0.4476 val_accuracy=0.8381 val_macro_f1=0.7458 val_macro_auc=0.9276 (checkpoint_metric=macro_auc) [new best]
2026-09-23 06:00:17,153 INFO train epoch 42/200 batch 13/66 (20%) running_loss=0.6311
2026-09-23 06:00:20,679 INFO train epoch 42/200 batch 26/66 (39%) running_loss=0.6328
2026-09-23 06:00:24,206 INFO train epoch 42/200 batch 39/66 (59%) running_loss=0.6484
2026-09-23 06:00:27,739 INFO train epoch 42/200 batch 52/66 (79%) running_loss=0.6550
2026-09-23 06:00:31,261 INFO train epoch 42/200 batch 65/66 (98%) running_loss=0.6537
2026-09-23 06:00:31,484 INFO train epoch 42/200 batch 66/66 (100%) running_loss=0.6519
2026-09-23 06:00:33,997 INFO epoch 42/200 done: train_loss=0.6519 val_loss=0.6780 val_accuracy=0.7172 val_macro_f1=0.6344 val_macro_auc=0.8945 (checkpoint_metric=macro_auc)
2026-09-23 06:00:38,023 INFO train epoch 43/200 batch 13/66 (20%) running_loss=0.6550
2026-09-23 06:00:41,542 INFO train epoch 43/200 batch 26/66 (39%) running_loss=0.6658
2026-09-23 06:00:45,056 INFO train epoch 43/200 batch 39/66 (59%) running_loss=0.6656
2026-09-23 06:00:48,585 INFO train epoch 43/200 batch 52/66 (79%) running_loss=0.6711
2026-09-23 06:00:52,111 INFO train epoch 43/200 batch 65/66 (98%) running_loss=0.6708
2026-09-23 06:00:52,330 INFO train epoch 43/200 batch 66/66 (100%) running_loss=0.6709
2026-09-23 06:00:54,826 INFO epoch 43/200 done: train_loss=0.6709 val_loss=0.3716 val_accuracy=0.8730 val_macro_f1=0.7841 val_macro_auc=0.9680 (checkpoint_metric=macro_auc)
2026-09-23 06:00:58,793 INFO train epoch 44/200 batch 13/66 (20%) running_loss=0.6820
2026-09-23 06:01:02,322 INFO train epoch 44/200 batch 26/66 (39%) running_loss=0.6528
2026-09-23 06:01:05,855 INFO train epoch 44/200 batch 39/66 (59%) running_loss=0.6488
2026-09-23 06:01:09,463 INFO train epoch 44/200 batch 52/66 (79%) running_loss=0.6535
2026-09-23 06:01:12,986 INFO train epoch 44/200 batch 65/66 (98%) running_loss=0.6501
2026-09-23 06:01:13,206 INFO train epoch 44/200 batch 66/66 (100%) running_loss=0.6497
2026-09-23 06:01:15,717 INFO epoch 44/200 done: train_loss=0.6497 val_loss=0.4428 val_accuracy=0.8279 val_macro_f1=0.7551 val_macro_auc=0.9431 (checkpoint_metric=macro_auc)
2026-09-23 06:01:19,734 INFO train epoch 45/200 batch 13/66 (20%) running_loss=0.6909
2026-09-23 06:01:23,272 INFO train epoch 45/200 batch 26/66 (39%) running_loss=0.6384
2026-09-23 06:01:26,800 INFO train epoch 45/200 batch 39/66 (59%) running_loss=0.6227
2026-09-23 06:01:30,331 INFO train epoch 45/200 batch 52/66 (79%) running_loss=0.6419
2026-09-23 06:01:33,864 INFO train epoch 45/200 batch 65/66 (98%) running_loss=0.6391
2026-09-23 06:01:34,086 INFO train epoch 45/200 batch 66/66 (100%) running_loss=0.6391
2026-09-23 06:01:36,715 INFO epoch 45/200 done: train_loss=0.6391 val_loss=0.3449 val_accuracy=0.8791 val_macro_f1=0.7502 val_macro_auc=0.9742 (checkpoint_metric=macro_auc) [new best]
2026-09-23 06:01:40,710 INFO train epoch 46/200 batch 13/66 (20%) running_loss=0.6382
2026-09-23 06:01:44,238 INFO train epoch 46/200 batch 26/66 (39%) running_loss=0.6609
2026-09-23 06:01:47,781 INFO train epoch 46/200 batch 39/66 (59%) running_loss=0.6565
2026-09-23 06:01:51,372 INFO train epoch 46/200 batch 52/66 (79%) running_loss=0.6565
2026-09-23 06:01:54,916 INFO train epoch 46/200 batch 65/66 (98%) running_loss=0.6539
2026-09-23 06:01:55,140 INFO train epoch 46/200 batch 66/66 (100%) running_loss=0.6534
2026-09-23 06:01:57,631 INFO epoch 46/200 done: train_loss=0.6534 val_loss=0.4941 val_accuracy=0.8074 val_macro_f1=0.6192 val_macro_auc=0.9165 (checkpoint_metric=macro_auc)
2026-09-23 06:02:01,640 INFO train epoch 47/200 batch 13/66 (20%) running_loss=0.6346
2026-09-23 06:02:05,154 INFO train epoch 47/200 batch 26/66 (39%) running_loss=0.6272
2026-09-23 06:02:08,683 INFO train epoch 47/200 batch 39/66 (59%) running_loss=0.6334
2026-09-23 06:02:12,205 INFO train epoch 47/200 batch 52/66 (79%) running_loss=0.6333
2026-09-23 06:02:15,791 INFO train epoch 47/200 batch 65/66 (98%) running_loss=0.6280
2026-09-23 06:02:16,012 INFO train epoch 47/200 batch 66/66 (100%) running_loss=0.6276
2026-09-23 06:02:18,523 INFO epoch 47/200 done: train_loss=0.6276 val_loss=0.4640 val_accuracy=0.8115 val_macro_f1=0.6838 val_macro_auc=0.9485 (checkpoint_metric=macro_auc)
2026-09-23 06:02:22,545 INFO train epoch 48/200 batch 13/66 (20%) running_loss=0.6030
2026-09-23 06:02:26,063 INFO train epoch 48/200 batch 26/66 (39%) running_loss=0.6222
2026-09-23 06:02:29,590 INFO train epoch 48/200 batch 39/66 (59%) running_loss=0.6202
2026-09-23 06:02:33,115 INFO train epoch 48/200 batch 52/66 (79%) running_loss=0.6252
2026-09-23 06:02:36,646 INFO train epoch 48/200 batch 65/66 (98%) running_loss=0.6234
2026-09-23 06:02:36,869 INFO train epoch 48/200 batch 66/66 (100%) running_loss=0.6239
2026-09-23 06:02:39,369 INFO epoch 48/200 done: train_loss=0.6239 val_loss=0.3391 val_accuracy=0.9057 val_macro_f1=0.8451 val_macro_auc=0.9723 (checkpoint_metric=macro_auc)
2026-09-23 06:02:43,344 INFO train epoch 49/200 batch 13/66 (20%) running_loss=0.6199
2026-09-23 06:02:46,887 INFO train epoch 49/200 batch 26/66 (39%) running_loss=0.6225
2026-09-23 06:02:50,405 INFO train epoch 49/200 batch 39/66 (59%) running_loss=0.6154
2026-09-23 06:02:53,933 INFO train epoch 49/200 batch 52/66 (79%) running_loss=0.6259
2026-09-23 06:02:57,460 INFO train epoch 49/200 batch 65/66 (98%) running_loss=0.6186
2026-09-23 06:02:57,682 INFO train epoch 49/200 batch 66/66 (100%) running_loss=0.6182
2026-09-23 06:03:00,211 INFO epoch 49/200 done: train_loss=0.6182 val_loss=0.5994 val_accuracy=0.7684 val_macro_f1=0.6899 val_macro_auc=0.9249 (checkpoint_metric=macro_auc)
2026-09-23 06:03:04,196 INFO train epoch 50/200 batch 13/66 (20%) running_loss=0.6363
2026-09-23 06:03:07,720 INFO train epoch 50/200 batch 26/66 (39%) running_loss=0.6312
2026-09-23 06:03:11,238 INFO train epoch 50/200 batch 39/66 (59%) running_loss=0.6290
2026-09-23 06:03:14,756 INFO train epoch 50/200 batch 52/66 (79%) running_loss=0.6299
2026-09-23 06:03:18,285 INFO train epoch 50/200 batch 65/66 (98%) running_loss=0.6252
2026-09-23 06:03:18,505 INFO train epoch 50/200 batch 66/66 (100%) running_loss=0.6253
2026-09-23 06:03:21,017 INFO epoch 50/200 done: train_loss=0.6253 val_loss=0.3256 val_accuracy=0.8996 val_macro_f1=0.8108 val_macro_auc=0.9793 (checkpoint_metric=macro_auc)
2026-09-23 06:03:25,034 INFO train epoch 51/200 batch 13/66 (20%) running_loss=0.5841
2026-09-23 06:03:28,728 INFO train epoch 51/200 batch 26/66 (39%) running_loss=0.5815
2026-09-23 06:03:32,259 INFO train epoch 51/200 batch 39/66 (59%) running_loss=0.5965
2026-09-23 06:03:35,795 INFO train epoch 51/200 batch 52/66 (79%) running_loss=0.6011
2026-09-23 06:03:39,325 INFO train epoch 51/200 batch 65/66 (98%) running_loss=0.6072
2026-09-23 06:03:39,546 INFO train epoch 51/200 batch 66/66 (100%) running_loss=0.6088
2026-09-23 06:03:42,052 INFO epoch 51/200 done: train_loss=0.6088 val_loss=0.3291 val_accuracy=0.9016 val_macro_f1=0.8312 val_macro_auc=0.9718 (checkpoint_metric=macro_auc)
2026-09-23 06:03:46,074 INFO train epoch 52/200 batch 13/66 (20%) running_loss=0.5737
2026-09-23 06:03:49,605 INFO train epoch 52/200 batch 26/66 (39%) running_loss=0.5858
2026-09-23 06:03:53,134 INFO train epoch 52/200 batch 39/66 (59%) running_loss=0.5890
2026-09-23 06:03:56,659 INFO train epoch 52/200 batch 52/66 (79%) running_loss=0.5934
2026-09-23 06:04:00,200 INFO train epoch 52/200 batch 65/66 (98%) running_loss=0.6029
2026-09-23 06:04:00,419 INFO train epoch 52/200 batch 66/66 (100%) running_loss=0.6013
2026-09-23 06:04:03,025 INFO epoch 52/200 done: train_loss=0.6013 val_loss=0.3811 val_accuracy=0.8648 val_macro_f1=0.7347 val_macro_auc=0.9599 (checkpoint_metric=macro_auc) [new best]
2026-09-23 06:04:07,094 INFO train epoch 53/200 batch 13/66 (20%) running_loss=0.5699
2026-09-23 06:04:10,686 INFO train epoch 53/200 batch 26/66 (39%) running_loss=0.6002
2026-09-23 06:04:14,240 INFO train epoch 53/200 batch 39/66 (59%) running_loss=0.5920
2026-09-23 06:04:17,878 INFO train epoch 53/200 batch 52/66 (79%) running_loss=0.5976
2026-09-23 06:04:21,429 INFO train epoch 53/200 batch 65/66 (98%) running_loss=0.5988
2026-09-23 06:04:21,652 INFO train epoch 53/200 batch 66/66 (100%) running_loss=0.5990
2026-09-23 06:04:24,284 INFO epoch 53/200 done: train_loss=0.5990 val_loss=0.3157 val_accuracy=0.8975 val_macro_f1=0.8228 val_macro_auc=0.9849 (checkpoint_metric=macro_auc) [new best]
2026-09-23 06:04:28,301 INFO train epoch 54/200 batch 13/66 (20%) running_loss=0.6173
2026-09-23 06:04:31,837 INFO train epoch 54/200 batch 26/66 (39%) running_loss=0.5861
2026-09-23 06:04:35,362 INFO train epoch 54/200 batch 39/66 (59%) running_loss=0.5961
2026-09-23 06:04:38,894 INFO train epoch 54/200 batch 52/66 (79%) running_loss=0.5882
2026-09-23 06:04:42,416 INFO train epoch 54/200 batch 65/66 (98%) running_loss=0.5943
2026-09-23 06:04:42,636 INFO train epoch 54/200 batch 66/66 (100%) running_loss=0.5964
2026-09-23 06:04:45,124 INFO epoch 54/200 done: train_loss=0.5964 val_loss=0.4625 val_accuracy=0.8053 val_macro_f1=0.6511 val_macro_auc=0.9561 (checkpoint_metric=macro_auc)
2026-09-23 06:04:49,158 INFO train epoch 55/200 batch 13/66 (20%) running_loss=0.5998
2026-09-23 06:04:52,706 INFO train epoch 55/200 batch 26/66 (39%) running_loss=0.5837
2026-09-23 06:04:56,245 INFO train epoch 55/200 batch 39/66 (59%) running_loss=0.5898
2026-09-23 06:04:59,797 INFO train epoch 55/200 batch 52/66 (79%) running_loss=0.5991
2026-09-23 06:05:03,337 INFO train epoch 55/200 batch 65/66 (98%) running_loss=0.5994
2026-09-23 06:05:03,559 INFO train epoch 55/200 batch 66/66 (100%) running_loss=0.5993
2026-09-23 06:05:06,089 INFO epoch 55/200 done: train_loss=0.5993 val_loss=0.5345 val_accuracy=0.7910 val_macro_f1=0.7001 val_macro_auc=0.9431 (checkpoint_metric=macro_auc)
2026-09-23 06:05:10,195 INFO train epoch 56/200 batch 13/66 (20%) running_loss=0.5530
2026-09-23 06:05:13,725 INFO train epoch 56/200 batch 26/66 (39%) running_loss=0.5604
2026-09-23 06:05:17,276 INFO train epoch 56/200 batch 39/66 (59%) running_loss=0.5558
2026-09-23 06:05:20,805 INFO train epoch 56/200 batch 52/66 (79%) running_loss=0.5650
2026-09-23 06:05:24,339 INFO train epoch 56/200 batch 65/66 (98%) running_loss=0.5789
2026-09-23 06:05:24,557 INFO train epoch 56/200 batch 66/66 (100%) running_loss=0.5784
2026-09-23 06:05:27,064 INFO epoch 56/200 done: train_loss=0.5784 val_loss=0.3697 val_accuracy=0.8770 val_macro_f1=0.8315 val_macro_auc=0.9796 (checkpoint_metric=macro_auc)
2026-09-23 06:05:31,078 INFO train epoch 57/200 batch 13/66 (20%) running_loss=0.5968
2026-09-23 06:05:34,601 INFO train epoch 57/200 batch 26/66 (39%) running_loss=0.5930
2026-09-23 06:05:38,121 INFO train epoch 57/200 batch 39/66 (59%) running_loss=0.6020
2026-09-23 06:05:41,649 INFO train epoch 57/200 batch 52/66 (79%) running_loss=0.5948
2026-09-23 06:05:45,167 INFO train epoch 57/200 batch 65/66 (98%) running_loss=0.5896
2026-09-23 06:05:45,387 INFO train epoch 57/200 batch 66/66 (100%) running_loss=0.5886
2026-09-23 06:05:47,878 INFO epoch 57/200 done: train_loss=0.5886 val_loss=0.3420 val_accuracy=0.8730 val_macro_f1=0.7782 val_macro_auc=0.9712 (checkpoint_metric=macro_auc)
2026-09-23 06:05:51,905 INFO train epoch 58/200 batch 13/66 (20%) running_loss=0.5507
2026-09-23 06:05:55,443 INFO train epoch 58/200 batch 26/66 (39%) running_loss=0.5631
2026-09-23 06:05:58,977 INFO train epoch 58/200 batch 39/66 (59%) running_loss=0.5715
2026-09-23 06:06:02,523 INFO train epoch 58/200 batch 52/66 (79%) running_loss=0.5786
2026-09-23 06:06:06,078 INFO train epoch 58/200 batch 65/66 (98%) running_loss=0.5747
2026-09-23 06:06:06,304 INFO train epoch 58/200 batch 66/66 (100%) running_loss=0.5741
2026-09-23 06:06:08,907 INFO epoch 58/200 done: train_loss=0.5741 val_loss=0.3618 val_accuracy=0.8627 val_macro_f1=0.7670 val_macro_auc=0.9784 (checkpoint_metric=macro_auc) [new best]
2026-09-23 06:06:13,144 INFO train epoch 59/200 batch 13/66 (20%) running_loss=0.5889
2026-09-23 06:06:16,708 INFO train epoch 59/200 batch 26/66 (39%) running_loss=0.5732
2026-09-23 06:06:20,293 INFO train epoch 59/200 batch 39/66 (59%) running_loss=0.5709
2026-09-23 06:06:23,900 INFO train epoch 59/200 batch 52/66 (79%) running_loss=0.5651
2026-09-23 06:06:27,443 INFO train epoch 59/200 batch 65/66 (98%) running_loss=0.5664
2026-09-23 06:06:27,662 INFO train epoch 59/200 batch 66/66 (100%) running_loss=0.5652
2026-09-23 06:06:30,169 INFO epoch 59/200 done: train_loss=0.5652 val_loss=0.3564 val_accuracy=0.8730 val_macro_f1=0.8436 val_macro_auc=0.9779 (checkpoint_metric=macro_auc)
2026-09-23 06:06:34,169 INFO train epoch 60/200 batch 13/66 (20%) running_loss=0.5637
2026-09-23 06:06:37,755 INFO train epoch 60/200 batch 26/66 (39%) running_loss=0.5669
2026-09-23 06:06:41,313 INFO train epoch 60/200 batch 39/66 (59%) running_loss=0.5748
2026-09-23 06:06:44,851 INFO train epoch 60/200 batch 52/66 (79%) running_loss=0.5764
2026-09-23 06:06:48,408 INFO train epoch 60/200 batch 65/66 (98%) running_loss=0.5729
2026-09-23 06:06:48,629 INFO train epoch 60/200 batch 66/66 (100%) running_loss=0.5742
2026-09-23 06:06:51,252 INFO epoch 60/200 done: train_loss=0.5742 val_loss=0.2783 val_accuracy=0.9303 val_macro_f1=0.8796 val_macro_auc=0.9871 (checkpoint_metric=macro_auc) [new best]
2026-09-23 06:06:55,313 INFO train epoch 61/200 batch 13/66 (20%) running_loss=0.5537
2026-09-23 06:06:58,869 INFO train epoch 61/200 batch 26/66 (39%) running_loss=0.5776
2026-09-23 06:07:02,444 INFO train epoch 61/200 batch 39/66 (59%) running_loss=0.5970
2026-09-23 06:07:06,041 INFO train epoch 61/200 batch 52/66 (79%) running_loss=0.5840
2026-09-23 06:07:09,578 INFO train epoch 61/200 batch 65/66 (98%) running_loss=0.5810
2026-09-23 06:07:09,798 INFO train epoch 61/200 batch 66/66 (100%) running_loss=0.5801
2026-09-23 06:07:12,307 INFO epoch 61/200 done: train_loss=0.5801 val_loss=0.4698 val_accuracy=0.8094 val_macro_f1=0.6702 val_macro_auc=0.9622 (checkpoint_metric=macro_auc)
2026-09-23 06:07:16,391 INFO train epoch 62/200 batch 13/66 (20%) running_loss=0.5409
2026-09-23 06:07:19,920 INFO train epoch 62/200 batch 26/66 (39%) running_loss=0.5460
2026-09-23 06:07:23,505 INFO train epoch 62/200 batch 39/66 (59%) running_loss=0.5805
2026-09-23 06:07:27,036 INFO train epoch 62/200 batch 52/66 (79%) running_loss=0.5777
2026-09-23 06:07:30,579 INFO train epoch 62/200 batch 65/66 (98%) running_loss=0.5785
2026-09-23 06:07:30,799 INFO train epoch 62/200 batch 66/66 (100%) running_loss=0.5773
2026-09-23 06:07:33,315 INFO epoch 62/200 done: train_loss=0.5773 val_loss=0.3935 val_accuracy=0.8504 val_macro_f1=0.8161 val_macro_auc=0.9790 (checkpoint_metric=macro_auc)
2026-09-23 06:07:37,298 INFO train epoch 63/200 batch 13/66 (20%) running_loss=0.5371
2026-09-23 06:07:40,833 INFO train epoch 63/200 batch 26/66 (39%) running_loss=0.5362
2026-09-23 06:07:44,407 INFO train epoch 63/200 batch 39/66 (59%) running_loss=0.5454
2026-09-23 06:07:47,957 INFO train epoch 63/200 batch 52/66 (79%) running_loss=0.5629
2026-09-23 06:07:51,485 INFO train epoch 63/200 batch 65/66 (98%) running_loss=0.5615
2026-09-23 06:07:51,704 INFO train epoch 63/200 batch 66/66 (100%) running_loss=0.5623
2026-09-23 06:07:54,209 INFO epoch 63/200 done: train_loss=0.5623 val_loss=0.2851 val_accuracy=0.9119 val_macro_f1=0.8526 val_macro_auc=0.9864 (checkpoint_metric=macro_auc)
2026-09-23 06:07:58,263 INFO train epoch 64/200 batch 13/66 (20%) running_loss=0.5514
2026-09-23 06:08:01,819 INFO train epoch 64/200 batch 26/66 (39%) running_loss=0.5512
2026-09-23 06:08:05,355 INFO train epoch 64/200 batch 39/66 (59%) running_loss=0.5473
2026-09-23 06:08:09,052 INFO train epoch 64/200 batch 52/66 (79%) running_loss=0.5617
2026-09-23 06:08:12,592 INFO train epoch 64/200 batch 65/66 (98%) running_loss=0.5644
2026-09-23 06:08:12,811 INFO train epoch 64/200 batch 66/66 (100%) running_loss=0.5644
2026-09-23 06:08:15,434 INFO epoch 64/200 done: train_loss=0.5644 val_loss=0.2699 val_accuracy=0.9426 val_macro_f1=0.9108 val_macro_auc=0.9888 (checkpoint_metric=macro_auc) [new best]
2026-09-23 06:08:19,474 INFO train epoch 65/200 batch 13/66 (20%) running_loss=0.5395
2026-09-23 06:08:23,004 INFO train epoch 65/200 batch 26/66 (39%) running_loss=0.5627
2026-09-23 06:08:26,530 INFO train epoch 65/200 batch 39/66 (59%) running_loss=0.5591
2026-09-23 06:08:30,085 INFO train epoch 65/200 batch 52/66 (79%) running_loss=0.5539
2026-09-23 06:08:33,618 INFO train epoch 65/200 batch 65/66 (98%) running_loss=0.5511
2026-09-23 06:08:33,840 INFO train epoch 65/200 batch 66/66 (100%) running_loss=0.5514
2026-09-23 06:08:36,456 INFO epoch 65/200 done: train_loss=0.5514 val_loss=0.2705 val_accuracy=0.9180 val_macro_f1=0.8628 val_macro_auc=0.9846 (checkpoint_metric=macro_auc) [new best]
2026-09-23 06:08:40,449 INFO train epoch 66/200 batch 13/66 (20%) running_loss=0.5438
2026-09-23 06:08:43,983 INFO train epoch 66/200 batch 26/66 (39%) running_loss=0.5420
2026-09-23 06:08:47,519 INFO train epoch 66/200 batch 39/66 (59%) running_loss=0.5571
2026-09-23 06:08:51,098 INFO train epoch 66/200 batch 52/66 (79%) running_loss=0.5490
2026-09-23 06:08:54,650 INFO train epoch 66/200 batch 65/66 (98%) running_loss=0.5578
2026-09-23 06:08:54,872 INFO train epoch 66/200 batch 66/66 (100%) running_loss=0.5570
2026-09-23 06:08:57,374 INFO epoch 66/200 done: train_loss=0.5570 val_loss=0.4008 val_accuracy=0.8463 val_macro_f1=0.7017 val_macro_auc=0.9766 (checkpoint_metric=macro_auc)
2026-09-23 06:09:01,364 INFO train epoch 67/200 batch 13/66 (20%) running_loss=0.5681
2026-09-23 06:09:04,899 INFO train epoch 67/200 batch 26/66 (39%) running_loss=0.5520
2026-09-23 06:09:08,449 INFO train epoch 67/200 batch 39/66 (59%) running_loss=0.5549
2026-09-23 06:09:11,996 INFO train epoch 67/200 batch 52/66 (79%) running_loss=0.5485
2026-09-23 06:09:15,529 INFO train epoch 67/200 batch 65/66 (98%) running_loss=0.5488
2026-09-23 06:09:15,748 INFO train epoch 67/200 batch 66/66 (100%) running_loss=0.5505
2026-09-23 06:09:18,246 INFO epoch 67/200 done: train_loss=0.5505 val_loss=0.3074 val_accuracy=0.8873 val_macro_f1=0.7891 val_macro_auc=0.9827 (checkpoint_metric=macro_auc)
2026-09-23 06:09:22,469 INFO train epoch 68/200 batch 13/66 (20%) running_loss=0.5859
2026-09-23 06:09:26,012 INFO train epoch 68/200 batch 26/66 (39%) running_loss=0.5635
2026-09-23 06:09:29,547 INFO train epoch 68/200 batch 39/66 (59%) running_loss=0.5575
2026-09-23 06:09:33,084 INFO train epoch 68/200 batch 52/66 (79%) running_loss=0.5586
2026-09-23 06:09:36,627 INFO train epoch 68/200 batch 65/66 (98%) running_loss=0.5534
2026-09-23 06:09:36,846 INFO train epoch 68/200 batch 66/66 (100%) running_loss=0.5542
2026-09-23 06:09:39,361 INFO epoch 68/200 done: train_loss=0.5542 val_loss=0.3054 val_accuracy=0.8791 val_macro_f1=0.8275 val_macro_auc=0.9865 (checkpoint_metric=macro_auc)
2026-09-23 06:09:43,383 INFO train epoch 69/200 batch 13/66 (20%) running_loss=0.5497
2026-09-23 06:09:46,922 INFO train epoch 69/200 batch 26/66 (39%) running_loss=0.5361
2026-09-23 06:09:50,442 INFO train epoch 69/200 batch 39/66 (59%) running_loss=0.5335
2026-09-23 06:09:54,006 INFO train epoch 69/200 batch 52/66 (79%) running_loss=0.5342
2026-09-23 06:09:57,544 INFO train epoch 69/200 batch 65/66 (98%) running_loss=0.5276
2026-09-23 06:09:57,763 INFO train epoch 69/200 batch 66/66 (100%) running_loss=0.5270
2026-09-23 06:10:00,278 INFO epoch 69/200 done: train_loss=0.5270 val_loss=0.2563 val_accuracy=0.9283 val_macro_f1=0.8843 val_macro_auc=0.9900 (checkpoint_metric=macro_auc)
2026-09-23 06:10:04,355 INFO train epoch 70/200 batch 13/66 (20%) running_loss=0.5199
2026-09-23 06:10:07,941 INFO train epoch 70/200 batch 26/66 (39%) running_loss=0.5221
2026-09-23 06:10:11,511 INFO train epoch 70/200 batch 39/66 (59%) running_loss=0.5201
2026-09-23 06:10:15,075 INFO train epoch 70/200 batch 52/66 (79%) running_loss=0.5214
2026-09-23 06:10:18,771 INFO train epoch 70/200 batch 65/66 (98%) running_loss=0.5256
2026-09-23 06:10:18,993 INFO train epoch 70/200 batch 66/66 (100%) running_loss=0.5249
2026-09-23 06:10:21,613 INFO epoch 70/200 done: train_loss=0.5249 val_loss=0.3031 val_accuracy=0.8914 val_macro_f1=0.8583 val_macro_auc=0.9896 (checkpoint_metric=macro_auc) [new best]
2026-09-23 06:10:25,637 INFO train epoch 71/200 batch 13/66 (20%) running_loss=0.5535
2026-09-23 06:10:29,197 INFO train epoch 71/200 batch 26/66 (39%) running_loss=0.5495
2026-09-23 06:10:32,736 INFO train epoch 71/200 batch 39/66 (59%) running_loss=0.5384
2026-09-23 06:10:36,262 INFO train epoch 71/200 batch 52/66 (79%) running_loss=0.5392
2026-09-23 06:10:39,781 INFO train epoch 71/200 batch 65/66 (98%) running_loss=0.5453
2026-09-23 06:10:40,000 INFO train epoch 71/200 batch 66/66 (100%) running_loss=0.5454
2026-09-23 06:10:42,510 INFO epoch 71/200 done: train_loss=0.5454 val_loss=0.3703 val_accuracy=0.8463 val_macro_f1=0.7817 val_macro_auc=0.9849 (checkpoint_metric=macro_auc)
2026-09-23 06:10:46,561 INFO train epoch 72/200 batch 13/66 (20%) running_loss=0.5615
2026-09-23 06:10:50,123 INFO train epoch 72/200 batch 26/66 (39%) running_loss=0.5477
2026-09-23 06:10:53,683 INFO train epoch 72/200 batch 39/66 (59%) running_loss=0.5421
2026-09-23 06:10:57,231 INFO train epoch 72/200 batch 52/66 (79%) running_loss=0.5329
2026-09-23 06:11:00,776 INFO train epoch 72/200 batch 65/66 (98%) running_loss=0.5381
2026-09-23 06:11:00,996 INFO train epoch 72/200 batch 66/66 (100%) running_loss=0.5390
2026-09-23 06:11:03,519 INFO epoch 72/200 done: train_loss=0.5390 val_loss=0.3493 val_accuracy=0.8525 val_macro_f1=0.7654 val_macro_auc=0.9807 (checkpoint_metric=macro_auc)
2026-09-23 06:11:07,534 INFO train epoch 73/200 batch 13/66 (20%) running_loss=0.5015
2026-09-23 06:11:11,079 INFO train epoch 73/200 batch 26/66 (39%) running_loss=0.5184
2026-09-23 06:11:14,617 INFO train epoch 73/200 batch 39/66 (59%) running_loss=0.5321
2026-09-23 06:11:18,175 INFO train epoch 73/200 batch 52/66 (79%) running_loss=0.5201
2026-09-23 06:11:21,912 INFO train epoch 73/200 batch 65/66 (98%) running_loss=0.5185
2026-09-23 06:11:22,142 INFO train epoch 73/200 batch 66/66 (100%) running_loss=0.5188
2026-09-23 06:11:24,653 INFO epoch 73/200 done: train_loss=0.5188 val_loss=0.4676 val_accuracy=0.7848 val_macro_f1=0.7565 val_macro_auc=0.9726 (checkpoint_metric=macro_auc)
2026-09-23 06:11:28,686 INFO train epoch 74/200 batch 13/66 (20%) running_loss=0.5301
2026-09-23 06:11:32,226 INFO train epoch 74/200 batch 26/66 (39%) running_loss=0.5124
2026-09-23 06:11:35,768 INFO train epoch 74/200 batch 39/66 (59%) running_loss=0.5310
2026-09-23 06:11:39,322 INFO train epoch 74/200 batch 52/66 (79%) running_loss=0.5361
2026-09-23 06:11:42,856 INFO train epoch 74/200 batch 65/66 (98%) running_loss=0.5463
2026-09-23 06:11:43,076 INFO train epoch 74/200 batch 66/66 (100%) running_loss=0.5455
2026-09-23 06:11:45,571 INFO epoch 74/200 done: train_loss=0.5455 val_loss=0.3294 val_accuracy=0.8832 val_macro_f1=0.8160 val_macro_auc=0.9760 (checkpoint_metric=macro_auc)
2026-09-23 06:11:49,637 INFO train epoch 75/200 batch 13/66 (20%) running_loss=0.5224
2026-09-23 06:11:53,181 INFO train epoch 75/200 batch 26/66 (39%) running_loss=0.5289
2026-09-23 06:11:56,748 INFO train epoch 75/200 batch 39/66 (59%) running_loss=0.5354
2026-09-23 06:12:00,307 INFO train epoch 75/200 batch 52/66 (79%) running_loss=0.5271
2026-09-23 06:12:03,865 INFO train epoch 75/200 batch 65/66 (98%) running_loss=0.5272
2026-09-23 06:12:04,090 INFO train epoch 75/200 batch 66/66 (100%) running_loss=0.5270
2026-09-23 06:12:06,587 INFO epoch 75/200 done: train_loss=0.5270 val_loss=0.2962 val_accuracy=0.9119 val_macro_f1=0.8797 val_macro_auc=0.9882 (checkpoint_metric=macro_auc)
2026-09-23 06:12:10,622 INFO train epoch 76/200 batch 13/66 (20%) running_loss=0.5142
2026-09-23 06:12:14,160 INFO train epoch 76/200 batch 26/66 (39%) running_loss=0.5222
2026-09-23 06:12:17,831 INFO train epoch 76/200 batch 39/66 (59%) running_loss=0.5212
2026-09-23 06:12:21,399 INFO train epoch 76/200 batch 52/66 (79%) running_loss=0.5234
2026-09-23 06:12:24,969 INFO train epoch 76/200 batch 65/66 (98%) running_loss=0.5207
2026-09-23 06:12:25,189 INFO train epoch 76/200 batch 66/66 (100%) running_loss=0.5218
2026-09-23 06:12:27,710 INFO epoch 76/200 done: train_loss=0.5218 val_loss=0.2552 val_accuracy=0.9467 val_macro_f1=0.9206 val_macro_auc=0.9915 (checkpoint_metric=macro_auc)
2026-09-23 06:12:31,759 INFO train epoch 77/200 batch 13/66 (20%) running_loss=0.5051
2026-09-23 06:12:35,298 INFO train epoch 77/200 batch 26/66 (39%) running_loss=0.5104
2026-09-23 06:12:38,880 INFO train epoch 77/200 batch 39/66 (59%) running_loss=0.5166
2026-09-23 06:12:42,430 INFO train epoch 77/200 batch 52/66 (79%) running_loss=0.5135
2026-09-23 06:12:45,966 INFO train epoch 77/200 batch 65/66 (98%) running_loss=0.5140
2026-09-23 06:12:46,186 INFO train epoch 77/200 batch 66/66 (100%) running_loss=0.5136
2026-09-23 06:12:48,801 INFO epoch 77/200 done: train_loss=0.5136 val_loss=0.2630 val_accuracy=0.9344 val_macro_f1=0.9114 val_macro_auc=0.9912 (checkpoint_metric=macro_auc) [new best]
2026-09-23 06:12:52,865 INFO train epoch 78/200 batch 13/66 (20%) running_loss=0.5048
2026-09-23 06:12:56,406 INFO train epoch 78/200 batch 26/66 (39%) running_loss=0.5172
2026-09-23 06:12:59,961 INFO train epoch 78/200 batch 39/66 (59%) running_loss=0.5186
2026-09-23 06:13:03,501 INFO train epoch 78/200 batch 52/66 (79%) running_loss=0.5153
2026-09-23 06:13:07,026 INFO train epoch 78/200 batch 65/66 (98%) running_loss=0.5159
2026-09-23 06:13:07,244 INFO train epoch 78/200 batch 66/66 (100%) running_loss=0.5166
2026-09-23 06:13:09,864 INFO epoch 78/200 done: train_loss=0.5166 val_loss=0.2420 val_accuracy=0.9426 val_macro_f1=0.9173 val_macro_auc=0.9908 (checkpoint_metric=macro_auc) [new best]
2026-09-23 06:13:13,997 INFO train epoch 79/200 batch 13/66 (20%) running_loss=0.5135
2026-09-23 06:13:17,538 INFO train epoch 79/200 batch 26/66 (39%) running_loss=0.5163
2026-09-23 06:13:21,095 INFO train epoch 79/200 batch 39/66 (59%) running_loss=0.5229
2026-09-23 06:13:24,622 INFO train epoch 79/200 batch 52/66 (79%) running_loss=0.5219
2026-09-23 06:13:28,172 INFO train epoch 79/200 batch 65/66 (98%) running_loss=0.5168
2026-09-23 06:13:28,396 INFO train epoch 79/200 batch 66/66 (100%) running_loss=0.5155
2026-09-23 06:13:30,899 INFO epoch 79/200 done: train_loss=0.5155 val_loss=0.3092 val_accuracy=0.8893 val_macro_f1=0.8465 val_macro_auc=0.9834 (checkpoint_metric=macro_auc)
2026-09-23 06:13:34,937 INFO train epoch 80/200 batch 13/66 (20%) running_loss=0.5088
2026-09-23 06:13:38,459 INFO train epoch 80/200 batch 26/66 (39%) running_loss=0.5056
2026-09-23 06:13:41,999 INFO train epoch 80/200 batch 39/66 (59%) running_loss=0.5058
2026-09-23 06:13:45,554 INFO train epoch 80/200 batch 52/66 (79%) running_loss=0.5076
2026-09-23 06:13:49,108 INFO train epoch 80/200 batch 65/66 (98%) running_loss=0.5092
2026-09-23 06:13:49,334 INFO train epoch 80/200 batch 66/66 (100%) running_loss=0.5085
2026-09-23 06:13:51,838 INFO epoch 80/200 done: train_loss=0.5085 val_loss=0.3041 val_accuracy=0.8996 val_macro_f1=0.8663 val_macro_auc=0.9895 (checkpoint_metric=macro_auc)
2026-09-23 06:13:55,865 INFO train epoch 81/200 batch 13/66 (20%) running_loss=0.5037
2026-09-23 06:13:59,408 INFO train epoch 81/200 batch 26/66 (39%) running_loss=0.5387
2026-09-23 06:14:03,005 INFO train epoch 81/200 batch 39/66 (59%) running_loss=0.5346
2026-09-23 06:14:06,567 INFO train epoch 81/200 batch 52/66 (79%) running_loss=0.5343
2026-09-23 06:14:10,265 INFO train epoch 81/200 batch 65/66 (98%) running_loss=0.5326
2026-09-23 06:14:10,485 INFO train epoch 81/200 batch 66/66 (100%) running_loss=0.5328
2026-09-23 06:14:12,987 INFO epoch 81/200 done: train_loss=0.5328 val_loss=0.2412 val_accuracy=0.9344 val_macro_f1=0.9005 val_macro_auc=0.9921 (checkpoint_metric=macro_auc)
2026-09-23 06:14:17,018 INFO train epoch 82/200 batch 13/66 (20%) running_loss=0.5057
2026-09-23 06:14:20,571 INFO train epoch 82/200 batch 26/66 (39%) running_loss=0.5110
2026-09-23 06:14:24,166 INFO train epoch 82/200 batch 39/66 (59%) running_loss=0.5176
2026-09-23 06:14:27,743 INFO train epoch 82/200 batch 52/66 (79%) running_loss=0.5126
2026-09-23 06:14:31,303 INFO train epoch 82/200 batch 65/66 (98%) running_loss=0.5116
2026-09-23 06:14:31,525 INFO train epoch 82/200 batch 66/66 (100%) running_loss=0.5104
2026-09-23 06:14:34,142 INFO epoch 82/200 done: train_loss=0.5104 val_loss=0.3082 val_accuracy=0.8934 val_macro_f1=0.8001 val_macro_auc=0.9924 (checkpoint_metric=macro_auc) [new best]
2026-09-23 06:14:38,155 INFO train epoch 83/200 batch 13/66 (20%) running_loss=0.4776
2026-09-23 06:14:41,675 INFO train epoch 83/200 batch 26/66 (39%) running_loss=0.4763
2026-09-23 06:14:45,193 INFO train epoch 83/200 batch 39/66 (59%) running_loss=0.4806
2026-09-23 06:14:48,715 INFO train epoch 83/200 batch 52/66 (79%) running_loss=0.4897
2026-09-23 06:14:52,259 INFO train epoch 83/200 batch 65/66 (98%) running_loss=0.4942
2026-09-23 06:14:52,479 INFO train epoch 83/200 batch 66/66 (100%) running_loss=0.4930
2026-09-23 06:14:54,993 INFO epoch 83/200 done: train_loss=0.4930 val_loss=0.4383 val_accuracy=0.8361 val_macro_f1=0.8120 val_macro_auc=0.9820 (checkpoint_metric=macro_auc)
2026-09-23 06:14:59,016 INFO train epoch 84/200 batch 13/66 (20%) running_loss=0.4808
2026-09-23 06:15:02,560 INFO train epoch 84/200 batch 26/66 (39%) running_loss=0.4903
2026-09-23 06:15:06,273 INFO train epoch 84/200 batch 39/66 (59%) running_loss=0.4905
2026-09-23 06:15:09,825 INFO train epoch 84/200 batch 52/66 (79%) running_loss=0.4959
2026-09-23 06:15:13,366 INFO train epoch 84/200 batch 65/66 (98%) running_loss=0.4979
2026-09-23 06:15:13,585 INFO train epoch 84/200 batch 66/66 (100%) running_loss=0.5000
2026-09-23 06:15:16,093 INFO epoch 84/200 done: train_loss=0.5000 val_loss=0.3293 val_accuracy=0.8934 val_macro_f1=0.8541 val_macro_auc=0.9886 (checkpoint_metric=macro_auc)
2026-09-23 06:15:20,117 INFO train epoch 85/200 batch 13/66 (20%) running_loss=0.5101
2026-09-23 06:15:23,636 INFO train epoch 85/200 batch 26/66 (39%) running_loss=0.5029
2026-09-23 06:15:27,193 INFO train epoch 85/200 batch 39/66 (59%) running_loss=0.4934
2026-09-23 06:15:30,741 INFO train epoch 85/200 batch 52/66 (79%) running_loss=0.4979
2026-09-23 06:15:34,297 INFO train epoch 85/200 batch 65/66 (98%) running_loss=0.5013
2026-09-23 06:15:34,520 INFO train epoch 85/200 batch 66/66 (100%) running_loss=0.5017
2026-09-23 06:15:37,023 INFO epoch 85/200 done: train_loss=0.5017 val_loss=0.2266 val_accuracy=0.9426 val_macro_f1=0.9126 val_macro_auc=0.9922 (checkpoint_metric=macro_auc)
2026-09-23 06:15:41,046 INFO train epoch 86/200 batch 13/66 (20%) running_loss=0.5240
2026-09-23 06:15:44,598 INFO train epoch 86/200 batch 26/66 (39%) running_loss=0.5102
2026-09-23 06:15:48,126 INFO train epoch 86/200 batch 39/66 (59%) running_loss=0.5189
2026-09-23 06:15:51,659 INFO train epoch 86/200 batch 52/66 (79%) running_loss=0.5094
2026-09-23 06:15:55,210 INFO train epoch 86/200 batch 65/66 (98%) running_loss=0.4974
2026-09-23 06:15:55,429 INFO train epoch 86/200 batch 66/66 (100%) running_loss=0.4961
2026-09-23 06:15:57,952 INFO epoch 86/200 done: train_loss=0.4961 val_loss=0.3144 val_accuracy=0.8689 val_macro_f1=0.7935 val_macro_auc=0.9887 (checkpoint_metric=macro_auc)
2026-09-23 06:16:02,118 INFO train epoch 87/200 batch 13/66 (20%) running_loss=0.4975
2026-09-23 06:16:05,648 INFO train epoch 87/200 batch 26/66 (39%) running_loss=0.4838
2026-09-23 06:16:09,179 INFO train epoch 87/200 batch 39/66 (59%) running_loss=0.4782
2026-09-23 06:16:12,717 INFO train epoch 87/200 batch 52/66 (79%) running_loss=0.4878
2026-09-23 06:16:16,244 INFO train epoch 87/200 batch 65/66 (98%) running_loss=0.4872
2026-09-23 06:16:16,465 INFO train epoch 87/200 batch 66/66 (100%) running_loss=0.4876
2026-09-23 06:16:18,967 INFO epoch 87/200 done: train_loss=0.4876 val_loss=0.2922 val_accuracy=0.8996 val_macro_f1=0.8627 val_macro_auc=0.9921 (checkpoint_metric=macro_auc)
2026-09-23 06:16:23,016 INFO train epoch 88/200 batch 13/66 (20%) running_loss=0.4882
2026-09-23 06:16:26,556 INFO train epoch 88/200 batch 26/66 (39%) running_loss=0.5134
2026-09-23 06:16:30,083 INFO train epoch 88/200 batch 39/66 (59%) running_loss=0.5087
2026-09-23 06:16:33,647 INFO train epoch 88/200 batch 52/66 (79%) running_loss=0.5003
2026-09-23 06:16:37,208 INFO train epoch 88/200 batch 65/66 (98%) running_loss=0.4945
2026-09-23 06:16:37,429 INFO train epoch 88/200 batch 66/66 (100%) running_loss=0.4946
2026-09-23 06:16:40,061 INFO epoch 88/200 done: train_loss=0.4946 val_loss=0.1902 val_accuracy=0.9570 val_macro_f1=0.9380 val_macro_auc=0.9954 (checkpoint_metric=macro_auc) [new best]
2026-09-23 06:16:44,098 INFO train epoch 89/200 batch 13/66 (20%) running_loss=0.4667
2026-09-23 06:16:47,645 INFO train epoch 89/200 batch 26/66 (39%) running_loss=0.4805
2026-09-23 06:16:51,177 INFO train epoch 89/200 batch 39/66 (59%) running_loss=0.4747
2026-09-23 06:16:54,711 INFO train epoch 89/200 batch 52/66 (79%) running_loss=0.4770
2026-09-23 06:16:58,413 INFO train epoch 89/200 batch 65/66 (98%) running_loss=0.4826
2026-09-23 06:16:58,638 INFO train epoch 89/200 batch 66/66 (100%) running_loss=0.4848
2026-09-23 06:17:01,288 INFO epoch 89/200 done: train_loss=0.4848 val_loss=0.2714 val_accuracy=0.9344 val_macro_f1=0.9097 val_macro_auc=0.9917 (checkpoint_metric=macro_auc) [new best]
2026-09-23 06:17:05,368 INFO train epoch 90/200 batch 13/66 (20%) running_loss=0.5059
2026-09-23 06:17:08,904 INFO train epoch 90/200 batch 26/66 (39%) running_loss=0.4814
2026-09-23 06:17:12,434 INFO train epoch 90/200 batch 39/66 (59%) running_loss=0.4786
2026-09-23 06:17:15,964 INFO train epoch 90/200 batch 52/66 (79%) running_loss=0.4807
2026-09-23 06:17:19,491 INFO train epoch 90/200 batch 65/66 (98%) running_loss=0.4772
2026-09-23 06:17:19,710 INFO train epoch 90/200 batch 66/66 (100%) running_loss=0.4792
2026-09-23 06:17:22,214 INFO epoch 90/200 done: train_loss=0.4792 val_loss=0.2817 val_accuracy=0.9037 val_macro_f1=0.8267 val_macro_auc=0.9909 (checkpoint_metric=macro_auc)
2026-09-23 06:17:26,242 INFO train epoch 91/200 batch 13/66 (20%) running_loss=0.4556
2026-09-23 06:17:29,772 INFO train epoch 91/200 batch 26/66 (39%) running_loss=0.4776
2026-09-23 06:17:33,329 INFO train epoch 91/200 batch 39/66 (59%) running_loss=0.4865
2026-09-23 06:17:36,912 INFO train epoch 91/200 batch 52/66 (79%) running_loss=0.4818
2026-09-23 06:17:40,488 INFO train epoch 91/200 batch 65/66 (98%) running_loss=0.4858
2026-09-23 06:17:40,713 INFO train epoch 91/200 batch 66/66 (100%) running_loss=0.4856
2026-09-23 06:17:43,220 INFO epoch 91/200 done: train_loss=0.4856 val_loss=0.2944 val_accuracy=0.9057 val_macro_f1=0.8471 val_macro_auc=0.9912 (checkpoint_metric=macro_auc)
2026-09-23 06:17:47,253 INFO train epoch 92/200 batch 13/66 (20%) running_loss=0.5064
2026-09-23 06:17:50,792 INFO train epoch 92/200 batch 26/66 (39%) running_loss=0.4863
2026-09-23 06:17:54,335 INFO train epoch 92/200 batch 39/66 (59%) running_loss=0.4923
2026-09-23 06:17:57,877 INFO train epoch 92/200 batch 52/66 (79%) running_loss=0.4900
2026-09-23 06:18:01,488 INFO train epoch 92/200 batch 65/66 (98%) running_loss=0.4924
2026-09-23 06:18:01,713 INFO train epoch 92/200 batch 66/66 (100%) running_loss=0.4915
2026-09-23 06:18:04,208 INFO epoch 92/200 done: train_loss=0.4915 val_loss=0.2664 val_accuracy=0.9365 val_macro_f1=0.9030 val_macro_auc=0.9895 (checkpoint_metric=macro_auc)
2026-09-23 06:18:08,249 INFO train epoch 93/200 batch 13/66 (20%) running_loss=0.4699
2026-09-23 06:18:11,779 INFO train epoch 93/200 batch 26/66 (39%) running_loss=0.4641
2026-09-23 06:18:15,346 INFO train epoch 93/200 batch 39/66 (59%) running_loss=0.4746
2026-09-23 06:18:18,898 INFO train epoch 93/200 batch 52/66 (79%) running_loss=0.4738
2026-09-23 06:18:22,452 INFO train epoch 93/200 batch 65/66 (98%) running_loss=0.4778
2026-09-23 06:18:22,674 INFO train epoch 93/200 batch 66/66 (100%) running_loss=0.4792
2026-09-23 06:18:25,183 INFO epoch 93/200 done: train_loss=0.4792 val_loss=0.2226 val_accuracy=0.9385 val_macro_f1=0.9153 val_macro_auc=0.9937 (checkpoint_metric=macro_auc)
2026-09-23 06:18:29,237 INFO train epoch 94/200 batch 13/66 (20%) running_loss=0.4744
2026-09-23 06:18:32,817 INFO train epoch 94/200 batch 26/66 (39%) running_loss=0.4702
2026-09-23 06:18:36,375 INFO train epoch 94/200 batch 39/66 (59%) running_loss=0.4683
2026-09-23 06:18:39,936 INFO train epoch 94/200 batch 52/66 (79%) running_loss=0.4725
2026-09-23 06:18:43,475 INFO train epoch 94/200 batch 65/66 (98%) running_loss=0.4712
2026-09-23 06:18:43,701 INFO train epoch 94/200 batch 66/66 (100%) running_loss=0.4711
2026-09-23 06:18:46,321 INFO epoch 94/200 done: train_loss=0.4711 val_loss=0.1957 val_accuracy=0.9508 val_macro_f1=0.9312 val_macro_auc=0.9966 (checkpoint_metric=macro_auc) [new best]
2026-09-23 06:18:50,344 INFO train epoch 95/200 batch 13/66 (20%) running_loss=0.4702
2026-09-23 06:18:53,906 INFO train epoch 95/200 batch 26/66 (39%) running_loss=0.4685
2026-09-23 06:18:57,459 INFO train epoch 95/200 batch 39/66 (59%) running_loss=0.4706
2026-09-23 06:19:01,001 INFO train epoch 95/200 batch 52/66 (79%) running_loss=0.4758
2026-09-23 06:19:04,519 INFO train epoch 95/200 batch 65/66 (98%) running_loss=0.4772
2026-09-23 06:19:04,740 INFO train epoch 95/200 batch 66/66 (100%) running_loss=0.4770
2026-09-23 06:19:07,512 INFO epoch 95/200 done: train_loss=0.4770 val_loss=0.2459 val_accuracy=0.9385 val_macro_f1=0.9081 val_macro_auc=0.9945 (checkpoint_metric=macro_auc) [new best]
2026-09-23 06:19:11,579 INFO train epoch 96/200 batch 13/66 (20%) running_loss=0.4682
2026-09-23 06:19:15,134 INFO train epoch 96/200 batch 26/66 (39%) running_loss=0.4648
2026-09-23 06:19:18,700 INFO train epoch 96/200 batch 39/66 (59%) running_loss=0.4722
2026-09-23 06:19:22,225 INFO train epoch 96/200 batch 52/66 (79%) running_loss=0.4696
2026-09-23 06:19:25,751 INFO train epoch 96/200 batch 65/66 (98%) running_loss=0.4685
2026-09-23 06:19:25,971 INFO train epoch 96/200 batch 66/66 (100%) running_loss=0.4703
2026-09-23 06:19:28,610 INFO epoch 96/200 done: train_loss=0.4703 val_loss=0.2285 val_accuracy=0.9344 val_macro_f1=0.8954 val_macro_auc=0.9946 (checkpoint_metric=macro_auc) [new best]
2026-09-23 06:19:32,678 INFO train epoch 97/200 batch 13/66 (20%) running_loss=0.4597
2026-09-23 06:19:36,234 INFO train epoch 97/200 batch 26/66 (39%) running_loss=0.4565
2026-09-23 06:19:39,771 INFO train epoch 97/200 batch 39/66 (59%) running_loss=0.4533
2026-09-23 06:19:43,344 INFO train epoch 97/200 batch 52/66 (79%) running_loss=0.4659
2026-09-23 06:19:46,877 INFO train epoch 97/200 batch 65/66 (98%) running_loss=0.4644
2026-09-23 06:19:47,098 INFO train epoch 97/200 batch 66/66 (100%) running_loss=0.4664
2026-09-23 06:19:49,602 INFO epoch 97/200 done: train_loss=0.4664 val_loss=0.2204 val_accuracy=0.9365 val_macro_f1=0.9070 val_macro_auc=0.9938 (checkpoint_metric=macro_auc)
2026-09-23 06:19:53,627 INFO train epoch 98/200 batch 13/66 (20%) running_loss=0.4668
2026-09-23 06:19:57,153 INFO train epoch 98/200 batch 26/66 (39%) running_loss=0.4559
2026-09-23 06:20:00,681 INFO train epoch 98/200 batch 39/66 (59%) running_loss=0.4668
2026-09-23 06:20:04,214 INFO train epoch 98/200 batch 52/66 (79%) running_loss=0.4711
2026-09-23 06:20:07,749 INFO train epoch 98/200 batch 65/66 (98%) running_loss=0.4699
2026-09-23 06:20:07,970 INFO train epoch 98/200 batch 66/66 (100%) running_loss=0.4695
2026-09-23 06:20:10,468 INFO epoch 98/200 done: train_loss=0.4695 val_loss=0.1954 val_accuracy=0.9611 val_macro_f1=0.9440 val_macro_auc=0.9965 (checkpoint_metric=macro_auc)
2026-09-23 06:20:14,522 INFO train epoch 99/200 batch 13/66 (20%) running_loss=0.4711
2026-09-23 06:20:18,062 INFO train epoch 99/200 batch 26/66 (39%) running_loss=0.4443
2026-09-23 06:20:21,808 INFO train epoch 99/200 batch 39/66 (59%) running_loss=0.4512
2026-09-23 06:20:25,363 INFO train epoch 99/200 batch 52/66 (79%) running_loss=0.4515
2026-09-23 06:20:28,925 INFO train epoch 99/200 batch 65/66 (98%) running_loss=0.4543
2026-09-23 06:20:29,149 INFO train epoch 99/200 batch 66/66 (100%) running_loss=0.4545
2026-09-23 06:20:31,660 INFO epoch 99/200 done: train_loss=0.4545 val_loss=0.2007 val_accuracy=0.9406 val_macro_f1=0.9127 val_macro_auc=0.9950 (checkpoint_metric=macro_auc)
2026-09-23 06:20:35,693 INFO train epoch 100/200 batch 13/66 (20%) running_loss=0.4592
2026-09-23 06:20:39,222 INFO train epoch 100/200 batch 26/66 (39%) running_loss=0.4559
2026-09-23 06:20:42,750 INFO train epoch 100/200 batch 39/66 (59%) running_loss=0.4555
2026-09-23 06:20:46,273 INFO train epoch 100/200 batch 52/66 (79%) running_loss=0.4623
2026-09-23 06:20:49,809 INFO train epoch 100/200 batch 65/66 (98%) running_loss=0.4640
2026-09-23 06:20:50,033 INFO train epoch 100/200 batch 66/66 (100%) running_loss=0.4634
2026-09-23 06:20:52,533 INFO epoch 100/200 done: train_loss=0.4634 val_loss=0.2220 val_accuracy=0.9365 val_macro_f1=0.9003 val_macro_auc=0.9911 (checkpoint_metric=macro_auc)
2026-09-23 06:20:56,584 INFO train epoch 101/200 batch 13/66 (20%) running_loss=0.4625
2026-09-23 06:21:00,140 INFO train epoch 101/200 batch 26/66 (39%) running_loss=0.4593
2026-09-23 06:21:03,671 INFO train epoch 101/200 batch 39/66 (59%) running_loss=0.4558
2026-09-23 06:21:07,193 INFO train epoch 101/200 batch 52/66 (79%) running_loss=0.4531
2026-09-23 06:21:10,722 INFO train epoch 101/200 batch 65/66 (98%) running_loss=0.4555
2026-09-23 06:21:10,942 INFO train epoch 101/200 batch 66/66 (100%) running_loss=0.4569
2026-09-23 06:21:13,460 INFO epoch 101/200 done: train_loss=0.4569 val_loss=0.2406 val_accuracy=0.9283 val_macro_f1=0.8996 val_macro_auc=0.9922 (checkpoint_metric=macro_auc)
2026-09-23 06:21:17,528 INFO train epoch 102/200 batch 13/66 (20%) running_loss=0.4917
2026-09-23 06:21:21,057 INFO train epoch 102/200 batch 26/66 (39%) running_loss=0.4794
2026-09-23 06:21:24,587 INFO train epoch 102/200 batch 39/66 (59%) running_loss=0.4682
2026-09-23 06:21:28,125 INFO train epoch 102/200 batch 52/66 (79%) running_loss=0.4653
2026-09-23 06:21:31,661 INFO train epoch 102/200 batch 65/66 (98%) running_loss=0.4590
2026-09-23 06:21:31,884 INFO train epoch 102/200 batch 66/66 (100%) running_loss=0.4585
2026-09-23 06:21:34,405 INFO epoch 102/200 done: train_loss=0.4585 val_loss=0.1940 val_accuracy=0.9508 val_macro_f1=0.9263 val_macro_auc=0.9954 (checkpoint_metric=macro_auc)
2026-09-23 06:21:38,439 INFO train epoch 103/200 batch 13/66 (20%) running_loss=0.4626
2026-09-23 06:21:41,989 INFO train epoch 103/200 batch 26/66 (39%) running_loss=0.4562
2026-09-23 06:21:45,543 INFO train epoch 103/200 batch 39/66 (59%) running_loss=0.4535
2026-09-23 06:21:49,126 INFO train epoch 103/200 batch 52/66 (79%) running_loss=0.4601
2026-09-23 06:21:52,715 INFO train epoch 103/200 batch 65/66 (98%) running_loss=0.4593
2026-09-23 06:21:52,943 INFO train epoch 103/200 batch 66/66 (100%) running_loss=0.4584
2026-09-23 06:21:55,461 INFO epoch 103/200 done: train_loss=0.4584 val_loss=0.2000 val_accuracy=0.9734 val_macro_f1=0.9627 val_macro_auc=0.9950 (checkpoint_metric=macro_auc)
2026-09-23 06:21:59,522 INFO train epoch 104/200 batch 13/66 (20%) running_loss=0.4541
2026-09-23 06:22:03,062 INFO train epoch 104/200 batch 26/66 (39%) running_loss=0.4486
2026-09-23 06:22:06,605 INFO train epoch 104/200 batch 39/66 (59%) running_loss=0.4525
2026-09-23 06:22:10,165 INFO train epoch 104/200 batch 52/66 (79%) running_loss=0.4537
2026-09-23 06:22:13,689 INFO train epoch 104/200 batch 65/66 (98%) running_loss=0.4515
2026-09-23 06:22:13,908 INFO train epoch 104/200 batch 66/66 (100%) running_loss=0.4518
2026-09-23 06:22:16,528 INFO epoch 104/200 done: train_loss=0.4518 val_loss=0.1908 val_accuracy=0.9508 val_macro_f1=0.9262 val_macro_auc=0.9970 (checkpoint_metric=macro_auc) [new best]
2026-09-23 06:22:20,571 INFO train epoch 105/200 batch 13/66 (20%) running_loss=0.4748
2026-09-23 06:22:24,280 INFO train epoch 105/200 batch 26/66 (39%) running_loss=0.4746
2026-09-23 06:22:27,809 INFO train epoch 105/200 batch 39/66 (59%) running_loss=0.4643
2026-09-23 06:22:31,341 INFO train epoch 105/200 batch 52/66 (79%) running_loss=0.4656
2026-09-23 06:22:34,863 INFO train epoch 105/200 batch 65/66 (98%) running_loss=0.4680
2026-09-23 06:22:35,082 INFO train epoch 105/200 batch 66/66 (100%) running_loss=0.4704
2026-09-23 06:22:37,588 INFO epoch 105/200 done: train_loss=0.4704 val_loss=0.2656 val_accuracy=0.9303 val_macro_f1=0.9020 val_macro_auc=0.9935 (checkpoint_metric=macro_auc)
2026-09-23 06:22:41,631 INFO train epoch 106/200 batch 13/66 (20%) running_loss=0.4638
2026-09-23 06:22:45,177 INFO train epoch 106/200 batch 26/66 (39%) running_loss=0.4776
2026-09-23 06:22:48,715 INFO train epoch 106/200 batch 39/66 (59%) running_loss=0.4692
2026-09-23 06:22:52,243 INFO train epoch 106/200 batch 52/66 (79%) running_loss=0.4648
2026-09-23 06:22:55,772 INFO train epoch 106/200 batch 65/66 (98%) running_loss=0.4654
2026-09-23 06:22:55,992 INFO train epoch 106/200 batch 66/66 (100%) running_loss=0.4647
2026-09-23 06:22:58,521 INFO epoch 106/200 done: train_loss=0.4647 val_loss=0.2043 val_accuracy=0.9549 val_macro_f1=0.9357 val_macro_auc=0.9953 (checkpoint_metric=macro_auc)
2026-09-23 06:23:02,590 INFO train epoch 107/200 batch 13/66 (20%) running_loss=0.4884
2026-09-23 06:23:06,152 INFO train epoch 107/200 batch 26/66 (39%) running_loss=0.4879
2026-09-23 06:23:09,691 INFO train epoch 107/200 batch 39/66 (59%) running_loss=0.4773
2026-09-23 06:23:13,220 INFO train epoch 107/200 batch 52/66 (79%) running_loss=0.4718
2026-09-23 06:23:16,758 INFO train epoch 107/200 batch 65/66 (98%) running_loss=0.4650
2026-09-23 06:23:16,977 INFO train epoch 107/200 batch 66/66 (100%) running_loss=0.4711
2026-09-23 06:23:19,475 INFO epoch 107/200 done: train_loss=0.4711 val_loss=0.1973 val_accuracy=0.9631 val_macro_f1=0.9454 val_macro_auc=0.9957 (checkpoint_metric=macro_auc)
2026-09-23 06:23:23,504 INFO train epoch 108/200 batch 13/66 (20%) running_loss=0.4735
2026-09-23 06:23:27,131 INFO train epoch 108/200 batch 26/66 (39%) running_loss=0.4680
2026-09-23 06:23:30,684 INFO train epoch 108/200 batch 39/66 (59%) running_loss=0.4657
2026-09-23 06:23:34,223 INFO train epoch 108/200 batch 52/66 (79%) running_loss=0.4678
2026-09-23 06:23:37,756 INFO train epoch 108/200 batch 65/66 (98%) running_loss=0.4605
2026-09-23 06:23:37,976 INFO train epoch 108/200 batch 66/66 (100%) running_loss=0.4614
2026-09-23 06:23:40,490 INFO epoch 108/200 done: train_loss=0.4614 val_loss=0.1958 val_accuracy=0.9426 val_macro_f1=0.9045 val_macro_auc=0.9961 (checkpoint_metric=macro_auc)
2026-09-23 06:23:44,542 INFO train epoch 109/200 batch 13/66 (20%) running_loss=0.4493
2026-09-23 06:23:48,089 INFO train epoch 109/200 batch 26/66 (39%) running_loss=0.4322
2026-09-23 06:23:51,622 INFO train epoch 109/200 batch 39/66 (59%) running_loss=0.4404
2026-09-23 06:23:55,172 INFO train epoch 109/200 batch 52/66 (79%) running_loss=0.4424
2026-09-23 06:23:58,696 INFO train epoch 109/200 batch 65/66 (98%) running_loss=0.4414
2026-09-23 06:23:58,917 INFO train epoch 109/200 batch 66/66 (100%) running_loss=0.4403
2026-09-23 06:24:01,426 INFO epoch 109/200 done: train_loss=0.4403 val_loss=0.2641 val_accuracy=0.9201 val_macro_f1=0.9066 val_macro_auc=0.9944 (checkpoint_metric=macro_auc)
2026-09-23 06:24:05,483 INFO train epoch 110/200 batch 13/66 (20%) running_loss=0.4563
2026-09-23 06:24:09,003 INFO train epoch 110/200 batch 26/66 (39%) running_loss=0.4484
2026-09-23 06:24:12,518 INFO train epoch 110/200 batch 39/66 (59%) running_loss=0.4528
2026-09-23 06:24:16,034 INFO train epoch 110/200 batch 52/66 (79%) running_loss=0.4518
2026-09-23 06:24:19,555 INFO train epoch 110/200 batch 65/66 (98%) running_loss=0.4529
2026-09-23 06:24:19,781 INFO train epoch 110/200 batch 66/66 (100%) running_loss=0.4520
2026-09-23 06:24:22,279 INFO epoch 110/200 done: train_loss=0.4520 val_loss=0.2291 val_accuracy=0.9508 val_macro_f1=0.9348 val_macro_auc=0.9954 (checkpoint_metric=macro_auc)
2026-09-23 06:24:26,317 INFO train epoch 111/200 batch 13/66 (20%) running_loss=0.4367
2026-09-23 06:24:29,861 INFO train epoch 111/200 batch 26/66 (39%) running_loss=0.4336
2026-09-23 06:24:33,579 INFO train epoch 111/200 batch 39/66 (59%) running_loss=0.4268
2026-09-23 06:24:37,113 INFO train epoch 111/200 batch 52/66 (79%) running_loss=0.4303
2026-09-23 06:24:40,644 INFO train epoch 111/200 batch 65/66 (98%) running_loss=0.4332
2026-09-23 06:24:40,865 INFO train epoch 111/200 batch 66/66 (100%) running_loss=0.4352
2026-09-23 06:24:43,374 INFO epoch 111/200 done: train_loss=0.4352 val_loss=0.1948 val_accuracy=0.9447 val_macro_f1=0.9104 val_macro_auc=0.9965 (checkpoint_metric=macro_auc)
2026-09-23 06:24:47,408 INFO train epoch 112/200 batch 13/66 (20%) running_loss=0.4142
2026-09-23 06:24:50,948 INFO train epoch 112/200 batch 26/66 (39%) running_loss=0.4257
2026-09-23 06:24:54,493 INFO train epoch 112/200 batch 39/66 (59%) running_loss=0.4339
2026-09-23 06:24:58,072 INFO train epoch 112/200 batch 52/66 (79%) running_loss=0.4367
2026-09-23 06:25:01,611 INFO train epoch 112/200 batch 65/66 (98%) running_loss=0.4386
2026-09-23 06:25:01,833 INFO train epoch 112/200 batch 66/66 (100%) running_loss=0.4380
2026-09-23 06:25:04,462 INFO epoch 112/200 done: train_loss=0.4380 val_loss=0.2197 val_accuracy=0.9508 val_macro_f1=0.9188 val_macro_auc=0.9968 (checkpoint_metric=macro_auc) [new best]
2026-09-23 06:25:08,545 INFO train epoch 113/200 batch 13/66 (20%) running_loss=0.4157
2026-09-23 06:25:12,097 INFO train epoch 113/200 batch 26/66 (39%) running_loss=0.4195
2026-09-23 06:25:15,634 INFO train epoch 113/200 batch 39/66 (59%) running_loss=0.4231
2026-09-23 06:25:19,163 INFO train epoch 113/200 batch 52/66 (79%) running_loss=0.4263
2026-09-23 06:25:22,713 INFO train epoch 113/200 batch 65/66 (98%) running_loss=0.4358
2026-09-23 06:25:22,935 INFO train epoch 113/200 batch 66/66 (100%) running_loss=0.4350
2026-09-23 06:25:25,686 INFO epoch 113/200 done: train_loss=0.4350 val_loss=0.1905 val_accuracy=0.9508 val_macro_f1=0.9260 val_macro_auc=0.9954 (checkpoint_metric=macro_auc) [new best]
2026-09-23 06:25:29,739 INFO train epoch 114/200 batch 13/66 (20%) running_loss=0.4442
2026-09-23 06:25:33,275 INFO train epoch 114/200 batch 26/66 (39%) running_loss=0.4399
2026-09-23 06:25:36,804 INFO train epoch 114/200 batch 39/66 (59%) running_loss=0.4350
2026-09-23 06:25:40,335 INFO train epoch 114/200 batch 52/66 (79%) running_loss=0.4325
2026-09-23 06:25:43,853 INFO train epoch 114/200 batch 65/66 (98%) running_loss=0.4357
2026-09-23 06:25:44,072 INFO train epoch 114/200 batch 66/66 (100%) running_loss=0.4375
2026-09-23 06:25:46,678 INFO epoch 114/200 done: train_loss=0.4375 val_loss=0.1958 val_accuracy=0.9570 val_macro_f1=0.9319 val_macro_auc=0.9971 (checkpoint_metric=macro_auc) [new best]
2026-09-23 06:25:50,694 INFO train epoch 115/200 batch 13/66 (20%) running_loss=0.4049
2026-09-23 06:25:54,247 INFO train epoch 115/200 batch 26/66 (39%) running_loss=0.4048
2026-09-23 06:25:57,774 INFO train epoch 115/200 batch 39/66 (59%) running_loss=0.4161
2026-09-23 06:26:01,325 INFO train epoch 115/200 batch 52/66 (79%) running_loss=0.4217
2026-09-23 06:26:04,873 INFO train epoch 115/200 batch 65/66 (98%) running_loss=0.4230
2026-09-23 06:26:05,100 INFO train epoch 115/200 batch 66/66 (100%) running_loss=0.4237
2026-09-23 06:26:07,596 INFO epoch 115/200 done: train_loss=0.4237 val_loss=0.1729 val_accuracy=0.9672 val_macro_f1=0.9535 val_macro_auc=0.9965 (checkpoint_metric=macro_auc)
2026-09-23 06:26:11,641 INFO train epoch 116/200 batch 13/66 (20%) running_loss=0.3888
2026-09-23 06:26:15,238 INFO train epoch 116/200 batch 26/66 (39%) running_loss=0.4035
2026-09-23 06:26:18,811 INFO train epoch 116/200 batch 39/66 (59%) running_loss=0.4173
2026-09-23 06:26:22,350 INFO train epoch 116/200 batch 52/66 (79%) running_loss=0.4187
2026-09-23 06:26:25,881 INFO train epoch 116/200 batch 65/66 (98%) running_loss=0.4244
2026-09-23 06:26:26,102 INFO train epoch 116/200 batch 66/66 (100%) running_loss=0.4241
2026-09-23 06:26:28,633 INFO epoch 116/200 done: train_loss=0.4241 val_loss=0.2087 val_accuracy=0.9406 val_macro_f1=0.9129 val_macro_auc=0.9947 (checkpoint_metric=macro_auc)
2026-09-23 06:26:32,840 INFO train epoch 117/200 batch 13/66 (20%) running_loss=0.4395
2026-09-23 06:26:36,382 INFO train epoch 117/200 batch 26/66 (39%) running_loss=0.4298
2026-09-23 06:26:39,909 INFO train epoch 117/200 batch 39/66 (59%) running_loss=0.4307
2026-09-23 06:26:43,443 INFO train epoch 117/200 batch 52/66 (79%) running_loss=0.4303
2026-09-23 06:26:46,982 INFO train epoch 117/200 batch 65/66 (98%) running_loss=0.4321
2026-09-23 06:26:47,207 INFO train epoch 117/200 batch 66/66 (100%) running_loss=0.4326
2026-09-23 06:26:49,713 INFO epoch 117/200 done: train_loss=0.4326 val_loss=0.1872 val_accuracy=0.9570 val_macro_f1=0.9377 val_macro_auc=0.9954 (checkpoint_metric=macro_auc)
2026-09-23 06:26:53,778 INFO train epoch 118/200 batch 13/66 (20%) running_loss=0.4137
2026-09-23 06:26:57,354 INFO train epoch 118/200 batch 26/66 (39%) running_loss=0.4204
2026-09-23 06:27:00,889 INFO train epoch 118/200 batch 39/66 (59%) running_loss=0.4180
2026-09-23 06:27:04,456 INFO train epoch 118/200 batch 52/66 (79%) running_loss=0.4198
2026-09-23 06:27:07,990 INFO train epoch 118/200 batch 65/66 (98%) running_loss=0.4188
2026-09-23 06:27:08,213 INFO train epoch 118/200 batch 66/66 (100%) running_loss=0.4181
2026-09-23 06:27:10,745 INFO epoch 118/200 done: train_loss=0.4181 val_loss=0.2136 val_accuracy=0.9365 val_macro_f1=0.9165 val_macro_auc=0.9949 (checkpoint_metric=macro_auc)
2026-09-23 06:27:14,758 INFO train epoch 119/200 batch 13/66 (20%) running_loss=0.4331
2026-09-23 06:27:18,340 INFO train epoch 119/200 batch 26/66 (39%) running_loss=0.4198
2026-09-23 06:27:21,921 INFO train epoch 119/200 batch 39/66 (59%) running_loss=0.4166
2026-09-23 06:27:25,485 INFO train epoch 119/200 batch 52/66 (79%) running_loss=0.4230
2026-09-23 06:27:29,033 INFO train epoch 119/200 batch 65/66 (98%) running_loss=0.4302
2026-09-23 06:27:29,252 INFO train epoch 119/200 batch 66/66 (100%) running_loss=0.4292
2026-09-23 06:27:31,780 INFO epoch 119/200 done: train_loss=0.4292 val_loss=0.1905 val_accuracy=0.9590 val_macro_f1=0.9427 val_macro_auc=0.9948 (checkpoint_metric=macro_auc)
2026-09-23 06:27:35,874 INFO train epoch 120/200 batch 13/66 (20%) running_loss=0.4337
2026-09-23 06:27:39,404 INFO train epoch 120/200 batch 26/66 (39%) running_loss=0.4247
2026-09-23 06:27:42,946 INFO train epoch 120/200 batch 39/66 (59%) running_loss=0.4214
2026-09-23 06:27:46,501 INFO train epoch 120/200 batch 52/66 (79%) running_loss=0.4305
2026-09-23 06:27:50,022 INFO train epoch 120/200 batch 65/66 (98%) running_loss=0.4292
2026-09-23 06:27:50,244 INFO train epoch 120/200 batch 66/66 (100%) running_loss=0.4296
2026-09-23 06:27:52,749 INFO epoch 120/200 done: train_loss=0.4296 val_loss=0.1868 val_accuracy=0.9693 val_macro_f1=0.9568 val_macro_auc=0.9956 (checkpoint_metric=macro_auc)
2026-09-23 06:27:56,768 INFO train epoch 121/200 batch 13/66 (20%) running_loss=0.4284
2026-09-23 06:28:00,319 INFO train epoch 121/200 batch 26/66 (39%) running_loss=0.4286
2026-09-23 06:28:03,854 INFO train epoch 121/200 batch 39/66 (59%) running_loss=0.4208
2026-09-23 06:28:07,388 INFO train epoch 121/200 batch 52/66 (79%) running_loss=0.4165
2026-09-23 06:28:10,907 INFO train epoch 121/200 batch 65/66 (98%) running_loss=0.4238
2026-09-23 06:28:11,129 INFO train epoch 121/200 batch 66/66 (100%) running_loss=0.4243
2026-09-23 06:28:13,659 INFO epoch 121/200 done: train_loss=0.4243 val_loss=0.2226 val_accuracy=0.9426 val_macro_f1=0.9100 val_macro_auc=0.9962 (checkpoint_metric=macro_auc)
2026-09-23 06:28:17,628 INFO train epoch 122/200 batch 13/66 (20%) running_loss=0.4259
2026-09-23 06:28:21,145 INFO train epoch 122/200 batch 26/66 (39%) running_loss=0.4368
2026-09-23 06:28:24,694 INFO train epoch 122/200 batch 39/66 (59%) running_loss=0.4376
2026-09-23 06:28:28,231 INFO train epoch 122/200 batch 52/66 (79%) running_loss=0.4391
2026-09-23 06:28:31,756 INFO train epoch 122/200 batch 65/66 (98%) running_loss=0.4363
2026-09-23 06:28:31,975 INFO train epoch 122/200 batch 66/66 (100%) running_loss=0.4354
2026-09-23 06:28:34,484 INFO epoch 122/200 done: train_loss=0.4354 val_loss=0.1857 val_accuracy=0.9672 val_macro_f1=0.9492 val_macro_auc=0.9969 (checkpoint_metric=macro_auc)
2026-09-23 06:28:38,520 INFO train epoch 123/200 batch 13/66 (20%) running_loss=0.3952
2026-09-23 06:28:42,051 INFO train epoch 123/200 batch 26/66 (39%) running_loss=0.4063
2026-09-23 06:28:45,752 INFO train epoch 123/200 batch 39/66 (59%) running_loss=0.4084
2026-09-23 06:28:49,315 INFO train epoch 123/200 batch 52/66 (79%) running_loss=0.4115
2026-09-23 06:28:52,850 INFO train epoch 123/200 batch 65/66 (98%) running_loss=0.4108
2026-09-23 06:28:53,068 INFO train epoch 123/200 batch 66/66 (100%) running_loss=0.4106
2026-09-23 06:28:55,570 INFO epoch 123/200 done: train_loss=0.4106 val_loss=0.1765 val_accuracy=0.9693 val_macro_f1=0.9546 val_macro_auc=0.9959 (checkpoint_metric=macro_auc)
2026-09-23 06:28:59,664 INFO train epoch 124/200 batch 13/66 (20%) running_loss=0.4018
2026-09-23 06:29:03,261 INFO train epoch 124/200 batch 26/66 (39%) running_loss=0.4034
2026-09-23 06:29:06,843 INFO train epoch 124/200 batch 39/66 (59%) running_loss=0.4013
2026-09-23 06:29:10,379 INFO train epoch 124/200 batch 52/66 (79%) running_loss=0.4082
2026-09-23 06:29:13,910 INFO train epoch 124/200 batch 65/66 (98%) running_loss=0.4091
2026-09-23 06:29:14,130 INFO train epoch 124/200 batch 66/66 (100%) running_loss=0.4102
2026-09-23 06:29:16,653 INFO epoch 124/200 done: train_loss=0.4102 val_loss=0.1874 val_accuracy=0.9611 val_macro_f1=0.9456 val_macro_auc=0.9957 (checkpoint_metric=macro_auc)
2026-09-23 06:29:20,688 INFO train epoch 125/200 batch 13/66 (20%) running_loss=0.3844
2026-09-23 06:29:24,234 INFO train epoch 125/200 batch 26/66 (39%) running_loss=0.4052
2026-09-23 06:29:27,780 INFO train epoch 125/200 batch 39/66 (59%) running_loss=0.4108
2026-09-23 06:29:31,318 INFO train epoch 125/200 batch 52/66 (79%) running_loss=0.4191
2026-09-23 06:29:34,841 INFO train epoch 125/200 batch 65/66 (98%) running_loss=0.4171
2026-09-23 06:29:35,062 INFO train epoch 125/200 batch 66/66 (100%) running_loss=0.4177
2026-09-23 06:29:37,569 INFO epoch 125/200 done: train_loss=0.4177 val_loss=0.2029 val_accuracy=0.9631 val_macro_f1=0.9501 val_macro_auc=0.9947 (checkpoint_metric=macro_auc)
2026-09-23 06:29:41,702 INFO train epoch 126/200 batch 13/66 (20%) running_loss=0.4092
2026-09-23 06:29:45,243 INFO train epoch 126/200 batch 26/66 (39%) running_loss=0.4018
2026-09-23 06:29:48,766 INFO train epoch 126/200 batch 39/66 (59%) running_loss=0.4035
2026-09-23 06:29:52,301 INFO train epoch 126/200 batch 52/66 (79%) running_loss=0.4153
2026-09-23 06:29:55,838 INFO train epoch 126/200 batch 65/66 (98%) running_loss=0.4171
2026-09-23 06:29:56,058 INFO train epoch 126/200 batch 66/66 (100%) running_loss=0.4171
2026-09-23 06:29:58,584 INFO epoch 126/200 done: train_loss=0.4171 val_loss=0.1634 val_accuracy=0.9590 val_macro_f1=0.9384 val_macro_auc=0.9964 (checkpoint_metric=macro_auc)
2026-09-23 06:30:02,632 INFO train epoch 127/200 batch 13/66 (20%) running_loss=0.4102
2026-09-23 06:30:06,186 INFO train epoch 127/200 batch 26/66 (39%) running_loss=0.4159
2026-09-23 06:30:09,737 INFO train epoch 127/200 batch 39/66 (59%) running_loss=0.4159
2026-09-23 06:30:13,275 INFO train epoch 127/200 batch 52/66 (79%) running_loss=0.4159
2026-09-23 06:30:16,807 INFO train epoch 127/200 batch 65/66 (98%) running_loss=0.4185
2026-09-23 06:30:17,026 INFO train epoch 127/200 batch 66/66 (100%) running_loss=0.4177
2026-09-23 06:30:19,527 INFO epoch 127/200 done: train_loss=0.4177 val_loss=0.2025 val_accuracy=0.9570 val_macro_f1=0.9334 val_macro_auc=0.9935 (checkpoint_metric=macro_auc)
2026-09-23 06:30:23,556 INFO train epoch 128/200 batch 13/66 (20%) running_loss=0.4248
2026-09-23 06:30:27,108 INFO train epoch 128/200 batch 26/66 (39%) running_loss=0.4281
2026-09-23 06:30:30,643 INFO train epoch 128/200 batch 39/66 (59%) running_loss=0.4242
2026-09-23 06:30:34,170 INFO train epoch 128/200 batch 52/66 (79%) running_loss=0.4182
2026-09-23 06:30:37,721 INFO train epoch 128/200 batch 65/66 (98%) running_loss=0.4218
2026-09-23 06:30:37,941 INFO train epoch 128/200 batch 66/66 (100%) running_loss=0.4221
2026-09-23 06:30:40,453 INFO epoch 128/200 done: train_loss=0.4221 val_loss=0.2082 val_accuracy=0.9529 val_macro_f1=0.9271 val_macro_auc=0.9951 (checkpoint_metric=macro_auc)
2026-09-23 06:30:44,422 INFO train epoch 129/200 batch 13/66 (20%) running_loss=0.3985
2026-09-23 06:30:47,993 INFO train epoch 129/200 batch 26/66 (39%) running_loss=0.4122
2026-09-23 06:30:51,700 INFO train epoch 129/200 batch 39/66 (59%) running_loss=0.4143
2026-09-23 06:30:55,238 INFO train epoch 129/200 batch 52/66 (79%) running_loss=0.4077
2026-09-23 06:30:58,778 INFO train epoch 129/200 batch 65/66 (98%) running_loss=0.4105
2026-09-23 06:30:58,997 INFO train epoch 129/200 batch 66/66 (100%) running_loss=0.4099
2026-09-23 06:31:01,506 INFO epoch 129/200 done: train_loss=0.4099 val_loss=0.1783 val_accuracy=0.9631 val_macro_f1=0.9480 val_macro_auc=0.9961 (checkpoint_metric=macro_auc)
2026-09-23 06:31:05,538 INFO train epoch 130/200 batch 13/66 (20%) running_loss=0.4202
2026-09-23 06:31:09,079 INFO train epoch 130/200 batch 26/66 (39%) running_loss=0.4075
2026-09-23 06:31:12,608 INFO train epoch 130/200 batch 39/66 (59%) running_loss=0.4052
2026-09-23 06:31:16,165 INFO train epoch 130/200 batch 52/66 (79%) running_loss=0.4064
2026-09-23 06:31:19,719 INFO train epoch 130/200 batch 65/66 (98%) running_loss=0.4052
2026-09-23 06:31:19,944 INFO train epoch 130/200 batch 66/66 (100%) running_loss=0.4052
2026-09-23 06:31:22,454 INFO epoch 130/200 done: train_loss=0.4052 val_loss=0.1921 val_accuracy=0.9549 val_macro_f1=0.9275 val_macro_auc=0.9961 (checkpoint_metric=macro_auc)
2026-09-23 06:31:26,545 INFO train epoch 131/200 batch 13/66 (20%) running_loss=0.4233
2026-09-23 06:31:30,108 INFO train epoch 131/200 batch 26/66 (39%) running_loss=0.4206
2026-09-23 06:31:33,651 INFO train epoch 131/200 batch 39/66 (59%) running_loss=0.4130
2026-09-23 06:31:37,179 INFO train epoch 131/200 batch 52/66 (79%) running_loss=0.4087
2026-09-23 06:31:40,719 INFO train epoch 131/200 batch 65/66 (98%) running_loss=0.4062
2026-09-23 06:31:40,939 INFO train epoch 131/200 batch 66/66 (100%) running_loss=0.4055
2026-09-23 06:31:43,469 INFO epoch 131/200 done: train_loss=0.4055 val_loss=0.1696 val_accuracy=0.9713 val_macro_f1=0.9588 val_macro_auc=0.9969 (checkpoint_metric=macro_auc)
2026-09-23 06:31:47,556 INFO train epoch 132/200 batch 13/66 (20%) running_loss=0.3979
2026-09-23 06:31:51,176 INFO train epoch 132/200 batch 26/66 (39%) running_loss=0.3885
2026-09-23 06:31:54,713 INFO train epoch 132/200 batch 39/66 (59%) running_loss=0.3935
2026-09-23 06:31:58,253 INFO train epoch 132/200 batch 52/66 (79%) running_loss=0.3954
2026-09-23 06:32:01,818 INFO train epoch 132/200 batch 65/66 (98%) running_loss=0.4000
2026-09-23 06:32:02,042 INFO train epoch 132/200 batch 66/66 (100%) running_loss=0.3995
2026-09-23 06:32:04,542 INFO epoch 132/200 done: train_loss=0.3995 val_loss=0.1825 val_accuracy=0.9529 val_macro_f1=0.9320 val_macro_auc=0.9961 (checkpoint_metric=macro_auc)
2026-09-23 06:32:08,579 INFO train epoch 133/200 batch 13/66 (20%) running_loss=0.4054
2026-09-23 06:32:12,105 INFO train epoch 133/200 batch 26/66 (39%) running_loss=0.4005
2026-09-23 06:32:15,639 INFO train epoch 133/200 batch 39/66 (59%) running_loss=0.4028
2026-09-23 06:32:19,175 INFO train epoch 133/200 batch 52/66 (79%) running_loss=0.4034
2026-09-23 06:32:22,703 INFO train epoch 133/200 batch 65/66 (98%) running_loss=0.4066
2026-09-23 06:32:22,930 INFO train epoch 133/200 batch 66/66 (100%) running_loss=0.4068
2026-09-23 06:32:25,534 INFO epoch 133/200 done: train_loss=0.4068 val_loss=0.1711 val_accuracy=0.9734 val_macro_f1=0.9601 val_macro_auc=0.9963 (checkpoint_metric=macro_auc) [new best]
2026-09-23 06:32:29,596 INFO train epoch 134/200 batch 13/66 (20%) running_loss=0.3891
2026-09-23 06:32:33,137 INFO train epoch 134/200 batch 26/66 (39%) running_loss=0.4011
2026-09-23 06:32:36,694 INFO train epoch 134/200 batch 39/66 (59%) running_loss=0.4029
2026-09-23 06:32:40,373 INFO train epoch 134/200 batch 52/66 (79%) running_loss=0.4054
2026-09-23 06:32:43,929 INFO train epoch 134/200 batch 65/66 (98%) running_loss=0.4095
2026-09-23 06:32:44,158 INFO train epoch 134/200 batch 66/66 (100%) running_loss=0.4089
2026-09-23 06:32:46,670 INFO epoch 134/200 done: train_loss=0.4089 val_loss=0.1701 val_accuracy=0.9631 val_macro_f1=0.9485 val_macro_auc=0.9963 (checkpoint_metric=macro_auc)
2026-09-23 06:32:50,706 INFO train epoch 135/200 batch 13/66 (20%) running_loss=0.4373
2026-09-23 06:32:54,240 INFO train epoch 135/200 batch 26/66 (39%) running_loss=0.4242
2026-09-23 06:32:57,779 INFO train epoch 135/200 batch 39/66 (59%) running_loss=0.4123
2026-09-23 06:33:01,328 INFO train epoch 135/200 batch 52/66 (79%) running_loss=0.4112
2026-09-23 06:33:04,883 INFO train epoch 135/200 batch 65/66 (98%) running_loss=0.4113
2026-09-23 06:33:05,104 INFO train epoch 135/200 batch 66/66 (100%) running_loss=0.4111
2026-09-23 06:33:07,603 INFO epoch 135/200 done: train_loss=0.4111 val_loss=0.1995 val_accuracy=0.9713 val_macro_f1=0.9575 val_macro_auc=0.9952 (checkpoint_metric=macro_auc)
2026-09-23 06:33:11,637 INFO train epoch 136/200 batch 13/66 (20%) running_loss=0.4020
2026-09-23 06:33:15,186 INFO train epoch 136/200 batch 26/66 (39%) running_loss=0.3908
2026-09-23 06:33:18,712 INFO train epoch 136/200 batch 39/66 (59%) running_loss=0.3916
2026-09-23 06:33:22,245 INFO train epoch 136/200 batch 52/66 (79%) running_loss=0.3973
2026-09-23 06:33:25,766 INFO train epoch 136/200 batch 65/66 (98%) running_loss=0.3986
2026-09-23 06:33:25,985 INFO train epoch 136/200 batch 66/66 (100%) running_loss=0.3981
2026-09-23 06:33:28,492 INFO epoch 136/200 done: train_loss=0.3981 val_loss=0.1807 val_accuracy=0.9652 val_macro_f1=0.9502 val_macro_auc=0.9963 (checkpoint_metric=macro_auc)
2026-09-23 06:33:32,522 INFO train epoch 137/200 batch 13/66 (20%) running_loss=0.4076
2026-09-23 06:33:36,113 INFO train epoch 137/200 batch 26/66 (39%) running_loss=0.4047
2026-09-23 06:33:39,676 INFO train epoch 137/200 batch 39/66 (59%) running_loss=0.4027
2026-09-23 06:33:43,237 INFO train epoch 137/200 batch 52/66 (79%) running_loss=0.4023
2026-09-23 06:33:46,781 INFO train epoch 137/200 batch 65/66 (98%) running_loss=0.3998
2026-09-23 06:33:47,009 INFO train epoch 137/200 batch 66/66 (100%) running_loss=0.3994
2026-09-23 06:33:49,523 INFO epoch 137/200 done: train_loss=0.3994 val_loss=0.1631 val_accuracy=0.9631 val_macro_f1=0.9460 val_macro_auc=0.9974 (checkpoint_metric=macro_auc)
2026-09-23 06:33:53,587 INFO train epoch 138/200 batch 13/66 (20%) running_loss=0.3988
2026-09-23 06:33:57,139 INFO train epoch 138/200 batch 26/66 (39%) running_loss=0.3977
2026-09-23 06:34:00,682 INFO train epoch 138/200 batch 39/66 (59%) running_loss=0.4000
2026-09-23 06:34:04,207 INFO train epoch 138/200 batch 52/66 (79%) running_loss=0.3997
2026-09-23 06:34:07,722 INFO train epoch 138/200 batch 65/66 (98%) running_loss=0.3968
2026-09-23 06:34:07,941 INFO train epoch 138/200 batch 66/66 (100%) running_loss=0.3961
2026-09-23 06:34:10,579 INFO epoch 138/200 done: train_loss=0.3961 val_loss=0.1828 val_accuracy=0.9631 val_macro_f1=0.9498 val_macro_auc=0.9966 (checkpoint_metric=macro_auc) [new best]
2026-09-23 06:34:14,628 INFO train epoch 139/200 batch 13/66 (20%) running_loss=0.3958
2026-09-23 06:34:18,165 INFO train epoch 139/200 batch 26/66 (39%) running_loss=0.3844
2026-09-23 06:34:21,716 INFO train epoch 139/200 batch 39/66 (59%) running_loss=0.3837
2026-09-23 06:34:25,250 INFO train epoch 139/200 batch 52/66 (79%) running_loss=0.3811
2026-09-23 06:34:28,945 INFO train epoch 139/200 batch 65/66 (98%) running_loss=0.3884
2026-09-23 06:34:29,166 INFO train epoch 139/200 batch 66/66 (100%) running_loss=0.3883
2026-09-23 06:34:31,684 INFO epoch 139/200 done: train_loss=0.3883 val_loss=0.1845 val_accuracy=0.9693 val_macro_f1=0.9535 val_macro_auc=0.9959 (checkpoint_metric=macro_auc)
2026-09-23 06:34:35,714 INFO train epoch 140/200 batch 13/66 (20%) running_loss=0.3930
2026-09-23 06:34:39,247 INFO train epoch 140/200 batch 26/66 (39%) running_loss=0.3967
2026-09-23 06:34:42,787 INFO train epoch 140/200 batch 39/66 (59%) running_loss=0.3990
2026-09-23 06:34:46,322 INFO train epoch 140/200 batch 52/66 (79%) running_loss=0.4057
2026-09-23 06:34:49,853 INFO train epoch 140/200 batch 65/66 (98%) running_loss=0.4038
2026-09-23 06:34:50,072 INFO train epoch 140/200 batch 66/66 (100%) running_loss=0.4042
2026-09-23 06:34:52,589 INFO epoch 140/200 done: train_loss=0.4042 val_loss=0.1642 val_accuracy=0.9754 val_macro_f1=0.9640 val_macro_auc=0.9967 (checkpoint_metric=macro_auc)
2026-09-23 06:34:56,638 INFO train epoch 141/200 batch 13/66 (20%) running_loss=0.4182
2026-09-23 06:35:00,196 INFO train epoch 141/200 batch 26/66 (39%) running_loss=0.4095
2026-09-23 06:35:03,745 INFO train epoch 141/200 batch 39/66 (59%) running_loss=0.4086
2026-09-23 06:35:07,276 INFO train epoch 141/200 batch 52/66 (79%) running_loss=0.4034
2026-09-23 06:35:10,807 INFO train epoch 141/200 batch 65/66 (98%) running_loss=0.4005
2026-09-23 06:35:11,026 INFO train epoch 141/200 batch 66/66 (100%) running_loss=0.3996
2026-09-23 06:35:13,520 INFO epoch 141/200 done: train_loss=0.3996 val_loss=0.1725 val_accuracy=0.9652 val_macro_f1=0.9497 val_macro_auc=0.9964 (checkpoint_metric=macro_auc)
2026-09-23 06:35:17,576 INFO train epoch 142/200 batch 13/66 (20%) running_loss=0.3825
2026-09-23 06:35:21,156 INFO train epoch 142/200 batch 26/66 (39%) running_loss=0.3851
2026-09-23 06:35:24,818 INFO train epoch 142/200 batch 39/66 (59%) running_loss=0.3906
2026-09-23 06:35:28,384 INFO train epoch 142/200 batch 52/66 (79%) running_loss=0.3863
2026-09-23 06:35:31,942 INFO train epoch 142/200 batch 65/66 (98%) running_loss=0.3882
2026-09-23 06:35:32,163 INFO train epoch 142/200 batch 66/66 (100%) running_loss=0.3877
2026-09-23 06:35:34,674 INFO epoch 142/200 done: train_loss=0.3877 val_loss=0.1643 val_accuracy=0.9693 val_macro_f1=0.9564 val_macro_auc=0.9965 (checkpoint_metric=macro_auc)
2026-09-23 06:35:38,672 INFO train epoch 143/200 batch 13/66 (20%) running_loss=0.3996
2026-09-23 06:35:42,230 INFO train epoch 143/200 batch 26/66 (39%) running_loss=0.3935
2026-09-23 06:35:45,788 INFO train epoch 143/200 batch 39/66 (59%) running_loss=0.3976
2026-09-23 06:35:49,334 INFO train epoch 143/200 batch 52/66 (79%) running_loss=0.3974
2026-09-23 06:35:52,855 INFO train epoch 143/200 batch 65/66 (98%) running_loss=0.3933
2026-09-23 06:35:53,075 INFO train epoch 143/200 batch 66/66 (100%) running_loss=0.3939
2026-09-23 06:35:55,730 INFO epoch 143/200 done: train_loss=0.3939 val_loss=0.1584 val_accuracy=0.9631 val_macro_f1=0.9468 val_macro_auc=0.9976 (checkpoint_metric=macro_auc) [new best]
2026-09-23 06:35:59,770 INFO train epoch 144/200 batch 13/66 (20%) running_loss=0.3942
2026-09-23 06:36:03,295 INFO train epoch 144/200 batch 26/66 (39%) running_loss=0.3894
2026-09-23 06:36:06,829 INFO train epoch 144/200 batch 39/66 (59%) running_loss=0.3932
2026-09-23 06:36:10,372 INFO train epoch 144/200 batch 52/66 (79%) running_loss=0.3923
2026-09-23 06:36:13,918 INFO train epoch 144/200 batch 65/66 (98%) running_loss=0.3899
2026-09-23 06:36:14,139 INFO train epoch 144/200 batch 66/66 (100%) running_loss=0.3893
2026-09-23 06:36:16,766 INFO epoch 144/200 done: train_loss=0.3893 val_loss=0.1711 val_accuracy=0.9693 val_macro_f1=0.9572 val_macro_auc=0.9976 (checkpoint_metric=macro_auc) [new best]
2026-09-23 06:36:20,939 INFO train epoch 145/200 batch 13/66 (20%) running_loss=0.4216
2026-09-23 06:36:24,506 INFO train epoch 145/200 batch 26/66 (39%) running_loss=0.4110
2026-09-23 06:36:28,049 INFO train epoch 145/200 batch 39/66 (59%) running_loss=0.4031
2026-09-23 06:36:31,633 INFO train epoch 145/200 batch 52/66 (79%) running_loss=0.3983
2026-09-23 06:36:35,212 INFO train epoch 145/200 batch 65/66 (98%) running_loss=0.3981
2026-09-23 06:36:35,433 INFO train epoch 145/200 batch 66/66 (100%) running_loss=0.3990
2026-09-23 06:36:37,962 INFO epoch 145/200 done: train_loss=0.3990 val_loss=0.1892 val_accuracy=0.9529 val_macro_f1=0.9383 val_macro_auc=0.9953 (checkpoint_metric=macro_auc)
2026-09-23 06:36:42,037 INFO train epoch 146/200 batch 13/66 (20%) running_loss=0.3825
2026-09-23 06:36:45,589 INFO train epoch 146/200 batch 26/66 (39%) running_loss=0.3862
2026-09-23 06:36:49,166 INFO train epoch 146/200 batch 39/66 (59%) running_loss=0.3848
2026-09-23 06:36:52,750 INFO train epoch 146/200 batch 52/66 (79%) running_loss=0.3825
2026-09-23 06:36:56,299 INFO train epoch 146/200 batch 65/66 (98%) running_loss=0.3909
2026-09-23 06:36:56,519 INFO train epoch 146/200 batch 66/66 (100%) running_loss=0.3905
2026-09-23 06:36:59,012 INFO epoch 146/200 done: train_loss=0.3905 val_loss=0.1752 val_accuracy=0.9693 val_macro_f1=0.9554 val_macro_auc=0.9971 (checkpoint_metric=macro_auc)
2026-09-23 06:37:03,073 INFO train epoch 147/200 batch 13/66 (20%) running_loss=0.3805
2026-09-23 06:37:06,648 INFO train epoch 147/200 batch 26/66 (39%) running_loss=0.3937
2026-09-23 06:37:10,198 INFO train epoch 147/200 batch 39/66 (59%) running_loss=0.3950
2026-09-23 06:37:13,751 INFO train epoch 147/200 batch 52/66 (79%) running_loss=0.3929
2026-09-23 06:37:17,445 INFO train epoch 147/200 batch 65/66 (98%) running_loss=0.3897
2026-09-23 06:37:17,664 INFO train epoch 147/200 batch 66/66 (100%) running_loss=0.3895
2026-09-23 06:37:20,166 INFO epoch 147/200 done: train_loss=0.3895 val_loss=0.1621 val_accuracy=0.9713 val_macro_f1=0.9604 val_macro_auc=0.9970 (checkpoint_metric=macro_auc)
2026-09-23 06:37:24,207 INFO train epoch 148/200 batch 13/66 (20%) running_loss=0.3915
2026-09-23 06:37:27,754 INFO train epoch 148/200 batch 26/66 (39%) running_loss=0.3824
2026-09-23 06:37:31,289 INFO train epoch 148/200 batch 39/66 (59%) running_loss=0.3791
2026-09-23 06:37:34,810 INFO train epoch 148/200 batch 52/66 (79%) running_loss=0.3861
2026-09-23 06:37:38,354 INFO train epoch 148/200 batch 65/66 (98%) running_loss=0.3840
2026-09-23 06:37:38,576 INFO train epoch 148/200 batch 66/66 (100%) running_loss=0.3841
2026-09-23 06:37:41,097 INFO epoch 148/200 done: train_loss=0.3841 val_loss=0.1876 val_accuracy=0.9570 val_macro_f1=0.9368 val_macro_auc=0.9954 (checkpoint_metric=macro_auc)
2026-09-23 06:37:45,168 INFO train epoch 149/200 batch 13/66 (20%) running_loss=0.4075
2026-09-23 06:37:48,696 INFO train epoch 149/200 batch 26/66 (39%) running_loss=0.3842
2026-09-23 06:37:52,226 INFO train epoch 149/200 batch 39/66 (59%) running_loss=0.3733
2026-09-23 06:37:55,756 INFO train epoch 149/200 batch 52/66 (79%) running_loss=0.3731
2026-09-23 06:37:59,283 INFO train epoch 149/200 batch 65/66 (98%) running_loss=0.3750
2026-09-23 06:37:59,505 INFO train epoch 149/200 batch 66/66 (100%) running_loss=0.3745
2026-09-23 06:38:02,027 INFO epoch 149/200 done: train_loss=0.3745 val_loss=0.1715 val_accuracy=0.9611 val_macro_f1=0.9439 val_macro_auc=0.9961 (checkpoint_metric=macro_auc)
2026-09-23 06:38:06,043 INFO train epoch 150/200 batch 13/66 (20%) running_loss=0.3763
2026-09-23 06:38:09,584 INFO train epoch 150/200 batch 26/66 (39%) running_loss=0.3728
2026-09-23 06:38:13,125 INFO train epoch 150/200 batch 39/66 (59%) running_loss=0.3763
2026-09-23 06:38:16,657 INFO train epoch 150/200 batch 52/66 (79%) running_loss=0.3769
2026-09-23 06:38:20,210 INFO train epoch 150/200 batch 65/66 (98%) running_loss=0.3786
2026-09-23 06:38:20,431 INFO train epoch 150/200 batch 66/66 (100%) running_loss=0.3784
2026-09-23 06:38:22,950 INFO epoch 150/200 done: train_loss=0.3784 val_loss=0.1746 val_accuracy=0.9672 val_macro_f1=0.9513 val_macro_auc=0.9970 (checkpoint_metric=macro_auc)
2026-09-23 06:38:27,144 INFO train epoch 151/200 batch 13/66 (20%) running_loss=0.3672
2026-09-23 06:38:30,674 INFO train epoch 151/200 batch 26/66 (39%) running_loss=0.3737
2026-09-23 06:38:34,230 INFO train epoch 151/200 batch 39/66 (59%) running_loss=0.3719
2026-09-23 06:38:37,785 INFO train epoch 151/200 batch 52/66 (79%) running_loss=0.3817
2026-09-23 06:38:41,317 INFO train epoch 151/200 batch 65/66 (98%) running_loss=0.3836
2026-09-23 06:38:41,538 INFO train epoch 151/200 batch 66/66 (100%) running_loss=0.3840
2026-09-23 06:38:44,050 INFO epoch 151/200 done: train_loss=0.3840 val_loss=0.1569 val_accuracy=0.9754 val_macro_f1=0.9665 val_macro_auc=0.9977 (checkpoint_metric=macro_auc)
2026-09-23 06:38:48,122 INFO train epoch 152/200 batch 13/66 (20%) running_loss=0.3805
2026-09-23 06:38:51,670 INFO train epoch 152/200 batch 26/66 (39%) running_loss=0.3788
2026-09-23 06:38:55,232 INFO train epoch 152/200 batch 39/66 (59%) running_loss=0.3790
2026-09-23 06:38:58,783 INFO train epoch 152/200 batch 52/66 (79%) running_loss=0.3749
2026-09-23 06:39:02,359 INFO train epoch 152/200 batch 65/66 (98%) running_loss=0.3782
2026-09-23 06:39:02,582 INFO train epoch 152/200 batch 66/66 (100%) running_loss=0.3789
2026-09-23 06:39:05,209 INFO epoch 152/200 done: train_loss=0.3789 val_loss=0.1664 val_accuracy=0.9652 val_macro_f1=0.9530 val_macro_auc=0.9972 (checkpoint_metric=macro_auc) [new best]
2026-09-23 06:39:09,257 INFO train epoch 153/200 batch 13/66 (20%) running_loss=0.3834
2026-09-23 06:39:12,804 INFO train epoch 153/200 batch 26/66 (39%) running_loss=0.3741
2026-09-23 06:39:16,344 INFO train epoch 153/200 batch 39/66 (59%) running_loss=0.3710
2026-09-23 06:39:19,892 INFO train epoch 153/200 batch 52/66 (79%) running_loss=0.3698
2026-09-23 06:39:23,414 INFO train epoch 153/200 batch 65/66 (98%) running_loss=0.3723
2026-09-23 06:39:23,636 INFO train epoch 153/200 batch 66/66 (100%) running_loss=0.3718
2026-09-23 06:39:26,153 INFO epoch 153/200 done: train_loss=0.3718 val_loss=0.1729 val_accuracy=0.9631 val_macro_f1=0.9487 val_macro_auc=0.9963 (checkpoint_metric=macro_auc)
2026-09-23 06:39:30,185 INFO train epoch 154/200 batch 13/66 (20%) running_loss=0.3550
2026-09-23 06:39:33,755 INFO train epoch 154/200 batch 26/66 (39%) running_loss=0.3644
2026-09-23 06:39:37,368 INFO train epoch 154/200 batch 39/66 (59%) running_loss=0.3720
2026-09-23 06:39:40,905 INFO train epoch 154/200 batch 52/66 (79%) running_loss=0.3691
2026-09-23 06:39:44,431 INFO train epoch 154/200 batch 65/66 (98%) running_loss=0.3693
2026-09-23 06:39:44,649 INFO train epoch 154/200 batch 66/66 (100%) running_loss=0.3699
2026-09-23 06:39:47,160 INFO epoch 154/200 done: train_loss=0.3699 val_loss=0.1672 val_accuracy=0.9693 val_macro_f1=0.9553 val_macro_auc=0.9966 (checkpoint_metric=macro_auc)
2026-09-23 06:39:51,172 INFO train epoch 155/200 batch 13/66 (20%) running_loss=0.3975
2026-09-23 06:39:54,700 INFO train epoch 155/200 batch 26/66 (39%) running_loss=0.3907
2026-09-23 06:39:58,240 INFO train epoch 155/200 batch 39/66 (59%) running_loss=0.3888
2026-09-23 06:40:01,785 INFO train epoch 155/200 batch 52/66 (79%) running_loss=0.3835
2026-09-23 06:40:05,312 INFO train epoch 155/200 batch 65/66 (98%) running_loss=0.3856
2026-09-23 06:40:05,533 INFO train epoch 155/200 batch 66/66 (100%) running_loss=0.3856
2026-09-23 06:40:08,036 INFO epoch 155/200 done: train_loss=0.3856 val_loss=0.1545 val_accuracy=0.9754 val_macro_f1=0.9668 val_macro_auc=0.9969 (checkpoint_metric=macro_auc)
2026-09-23 06:40:12,099 INFO train epoch 156/200 batch 13/66 (20%) running_loss=0.3862
2026-09-23 06:40:15,658 INFO train epoch 156/200 batch 26/66 (39%) running_loss=0.3750
2026-09-23 06:40:19,196 INFO train epoch 156/200 batch 39/66 (59%) running_loss=0.3723
2026-09-23 06:40:22,722 INFO train epoch 156/200 batch 52/66 (79%) running_loss=0.3777
2026-09-23 06:40:26,267 INFO train epoch 156/200 batch 65/66 (98%) running_loss=0.3764
2026-09-23 06:40:26,486 INFO train epoch 156/200 batch 66/66 (100%) running_loss=0.3762
2026-09-23 06:40:28,993 INFO epoch 156/200 done: train_loss=0.3762 val_loss=0.1702 val_accuracy=0.9734 val_macro_f1=0.9636 val_macro_auc=0.9958 (checkpoint_metric=macro_auc)
2026-09-23 06:40:33,007 INFO train epoch 157/200 batch 13/66 (20%) running_loss=0.3804
2026-09-23 06:40:36,530 INFO train epoch 157/200 batch 26/66 (39%) running_loss=0.3900
2026-09-23 06:40:40,269 INFO train epoch 157/200 batch 39/66 (59%) running_loss=0.3836
2026-09-23 06:40:43,832 INFO train epoch 157/200 batch 52/66 (79%) running_loss=0.3819
2026-09-23 06:40:47,392 INFO train epoch 157/200 batch 65/66 (98%) running_loss=0.3766
2026-09-23 06:40:47,617 INFO train epoch 157/200 batch 66/66 (100%) running_loss=0.3761
2026-09-23 06:40:50,136 INFO epoch 157/200 done: train_loss=0.3761 val_loss=0.1564 val_accuracy=0.9672 val_macro_f1=0.9547 val_macro_auc=0.9973 (checkpoint_metric=macro_auc)
2026-09-23 06:40:54,249 INFO train epoch 158/200 batch 13/66 (20%) running_loss=0.3483
2026-09-23 06:40:57,868 INFO train epoch 158/200 batch 26/66 (39%) running_loss=0.3596
2026-09-23 06:41:01,431 INFO train epoch 158/200 batch 39/66 (59%) running_loss=0.3576
2026-09-23 06:41:04,966 INFO train epoch 158/200 batch 52/66 (79%) running_loss=0.3676
2026-09-23 06:41:08,495 INFO train epoch 158/200 batch 65/66 (98%) running_loss=0.3695
2026-09-23 06:41:08,718 INFO train epoch 158/200 batch 66/66 (100%) running_loss=0.3703
2026-09-23 06:41:11,222 INFO epoch 158/200 done: train_loss=0.3703 val_loss=0.1632 val_accuracy=0.9754 val_macro_f1=0.9668 val_macro_auc=0.9966 (checkpoint_metric=macro_auc)
2026-09-23 06:41:15,253 INFO train epoch 159/200 batch 13/66 (20%) running_loss=0.3799
2026-09-23 06:41:18,806 INFO train epoch 159/200 batch 26/66 (39%) running_loss=0.3788
2026-09-23 06:41:22,365 INFO train epoch 159/200 batch 39/66 (59%) running_loss=0.3802
2026-09-23 06:41:25,897 INFO train epoch 159/200 batch 52/66 (79%) running_loss=0.3774
2026-09-23 06:41:29,421 INFO train epoch 159/200 batch 65/66 (98%) running_loss=0.3805
2026-09-23 06:41:29,641 INFO train epoch 159/200 batch 66/66 (100%) running_loss=0.3798
2026-09-23 06:41:32,154 INFO epoch 159/200 done: train_loss=0.3798 val_loss=0.1646 val_accuracy=0.9754 val_macro_f1=0.9671 val_macro_auc=0.9976 (checkpoint_metric=macro_auc)
2026-09-23 06:41:36,274 INFO train epoch 160/200 batch 13/66 (20%) running_loss=0.3750
2026-09-23 06:41:39,796 INFO train epoch 160/200 batch 26/66 (39%) running_loss=0.3667
2026-09-23 06:41:43,331 INFO train epoch 160/200 batch 39/66 (59%) running_loss=0.3630
2026-09-23 06:41:46,882 INFO train epoch 160/200 batch 52/66 (79%) running_loss=0.3635
2026-09-23 06:41:50,494 INFO train epoch 160/200 batch 65/66 (98%) running_loss=0.3602
2026-09-23 06:41:50,717 INFO train epoch 160/200 batch 66/66 (100%) running_loss=0.3603
2026-09-23 06:41:53,235 INFO epoch 160/200 done: train_loss=0.3603 val_loss=0.1765 val_accuracy=0.9652 val_macro_f1=0.9496 val_macro_auc=0.9957 (checkpoint_metric=macro_auc)
2026-09-23 06:41:57,319 INFO train epoch 161/200 batch 13/66 (20%) running_loss=0.3907
2026-09-23 06:42:00,907 INFO train epoch 161/200 batch 26/66 (39%) running_loss=0.3850
2026-09-23 06:42:04,450 INFO train epoch 161/200 batch 39/66 (59%) running_loss=0.3822
2026-09-23 06:42:07,995 INFO train epoch 161/200 batch 52/66 (79%) running_loss=0.3720
2026-09-23 06:42:11,520 INFO train epoch 161/200 batch 65/66 (98%) running_loss=0.3696
2026-09-23 06:42:11,740 INFO train epoch 161/200 batch 66/66 (100%) running_loss=0.3696
2026-09-23 06:42:14,252 INFO epoch 161/200 done: train_loss=0.3696 val_loss=0.1612 val_accuracy=0.9713 val_macro_f1=0.9585 val_macro_auc=0.9950 (checkpoint_metric=macro_auc)
2026-09-23 06:42:18,303 INFO train epoch 162/200 batch 13/66 (20%) running_loss=0.3602
2026-09-23 06:42:21,873 INFO train epoch 162/200 batch 26/66 (39%) running_loss=0.3632
2026-09-23 06:42:25,440 INFO train epoch 162/200 batch 39/66 (59%) running_loss=0.3627
2026-09-23 06:42:29,000 INFO train epoch 162/200 batch 52/66 (79%) running_loss=0.3675
2026-09-23 06:42:32,576 INFO train epoch 162/200 batch 65/66 (98%) running_loss=0.3702
2026-09-23 06:42:32,802 INFO train epoch 162/200 batch 66/66 (100%) running_loss=0.3701
2026-09-23 06:42:35,301 INFO epoch 162/200 done: train_loss=0.3701 val_loss=0.1652 val_accuracy=0.9631 val_macro_f1=0.9468 val_macro_auc=0.9964 (checkpoint_metric=macro_auc)
2026-09-23 06:42:39,326 INFO train epoch 163/200 batch 13/66 (20%) running_loss=0.3629
2026-09-23 06:42:42,858 INFO train epoch 163/200 batch 26/66 (39%) running_loss=0.3627
2026-09-23 06:42:46,558 INFO train epoch 163/200 batch 39/66 (59%) running_loss=0.3595
2026-09-23 06:42:50,087 INFO train epoch 163/200 batch 52/66 (79%) running_loss=0.3580
2026-09-23 06:42:53,608 INFO train epoch 163/200 batch 65/66 (98%) running_loss=0.3638
2026-09-23 06:42:53,827 INFO train epoch 163/200 batch 66/66 (100%) running_loss=0.3640
2026-09-23 06:42:56,325 INFO epoch 163/200 done: train_loss=0.3640 val_loss=0.1710 val_accuracy=0.9631 val_macro_f1=0.9458 val_macro_auc=0.9956 (checkpoint_metric=macro_auc)
2026-09-23 06:43:00,380 INFO train epoch 164/200 batch 13/66 (20%) running_loss=0.3792
2026-09-23 06:43:03,919 INFO train epoch 164/200 batch 26/66 (39%) running_loss=0.3730
2026-09-23 06:43:07,477 INFO train epoch 164/200 batch 39/66 (59%) running_loss=0.3687
2026-09-23 06:43:11,007 INFO train epoch 164/200 batch 52/66 (79%) running_loss=0.3656
2026-09-23 06:43:14,542 INFO train epoch 164/200 batch 65/66 (98%) running_loss=0.3649
2026-09-23 06:43:14,762 INFO train epoch 164/200 batch 66/66 (100%) running_loss=0.3648
2026-09-23 06:43:17,270 INFO epoch 164/200 done: train_loss=0.3648 val_loss=0.1538 val_accuracy=0.9734 val_macro_f1=0.9636 val_macro_auc=0.9972 (checkpoint_metric=macro_auc)
2026-09-23 06:43:21,350 INFO train epoch 165/200 batch 13/66 (20%) running_loss=0.3783
2026-09-23 06:43:24,892 INFO train epoch 165/200 batch 26/66 (39%) running_loss=0.3767
2026-09-23 06:43:28,418 INFO train epoch 165/200 batch 39/66 (59%) running_loss=0.3710
2026-09-23 06:43:31,967 INFO train epoch 165/200 batch 52/66 (79%) running_loss=0.3763
2026-09-23 06:43:35,500 INFO train epoch 165/200 batch 65/66 (98%) running_loss=0.3767
2026-09-23 06:43:35,720 INFO train epoch 165/200 batch 66/66 (100%) running_loss=0.3762
2026-09-23 06:43:38,226 INFO epoch 165/200 done: train_loss=0.3762 val_loss=0.1629 val_accuracy=0.9713 val_macro_f1=0.9578 val_macro_auc=0.9974 (checkpoint_metric=macro_auc)
2026-09-23 06:43:42,316 INFO train epoch 166/200 batch 13/66 (20%) running_loss=0.3753
2026-09-23 06:43:45,848 INFO train epoch 166/200 batch 26/66 (39%) running_loss=0.3724
2026-09-23 06:43:49,386 INFO train epoch 166/200 batch 39/66 (59%) running_loss=0.3727
2026-09-23 06:43:52,915 INFO train epoch 166/200 batch 52/66 (79%) running_loss=0.3683
2026-09-23 06:43:56,448 INFO train epoch 166/200 batch 65/66 (98%) running_loss=0.3672
2026-09-23 06:43:56,668 INFO train epoch 166/200 batch 66/66 (100%) running_loss=0.3680
2026-09-23 06:43:59,199 INFO epoch 166/200 done: train_loss=0.3680 val_loss=0.1689 val_accuracy=0.9713 val_macro_f1=0.9592 val_macro_auc=0.9961 (checkpoint_metric=macro_auc)
2026-09-23 06:44:03,234 INFO train epoch 167/200 batch 13/66 (20%) running_loss=0.3575
2026-09-23 06:44:06,772 INFO train epoch 167/200 batch 26/66 (39%) running_loss=0.3629
2026-09-23 06:44:10,350 INFO train epoch 167/200 batch 39/66 (59%) running_loss=0.3633
2026-09-23 06:44:13,917 INFO train epoch 167/200 batch 52/66 (79%) running_loss=0.3619
2026-09-23 06:44:17,449 INFO train epoch 167/200 batch 65/66 (98%) running_loss=0.3637
2026-09-23 06:44:17,670 INFO train epoch 167/200 batch 66/66 (100%) running_loss=0.3638
2026-09-23 06:44:20,197 INFO epoch 167/200 done: train_loss=0.3638 val_loss=0.1622 val_accuracy=0.9693 val_macro_f1=0.9564 val_macro_auc=0.9962 (checkpoint_metric=macro_auc)
2026-09-23 06:44:24,215 INFO train epoch 168/200 batch 13/66 (20%) running_loss=0.3647
2026-09-23 06:44:27,781 INFO train epoch 168/200 batch 26/66 (39%) running_loss=0.3672
2026-09-23 06:44:31,340 INFO train epoch 168/200 batch 39/66 (59%) running_loss=0.3661
2026-09-23 06:44:34,898 INFO train epoch 168/200 batch 52/66 (79%) running_loss=0.3626
2026-09-23 06:44:38,442 INFO train epoch 168/200 batch 65/66 (98%) running_loss=0.3621
2026-09-23 06:44:38,660 INFO train epoch 168/200 batch 66/66 (100%) running_loss=0.3618
2026-09-23 06:44:41,161 INFO epoch 168/200 done: train_loss=0.3618 val_loss=0.1615 val_accuracy=0.9693 val_macro_f1=0.9578 val_macro_auc=0.9971 (checkpoint_metric=macro_auc)
2026-09-23 06:44:45,193 INFO train epoch 169/200 batch 13/66 (20%) running_loss=0.3660
2026-09-23 06:44:48,730 INFO train epoch 169/200 batch 26/66 (39%) running_loss=0.3613
2026-09-23 06:44:52,427 INFO train epoch 169/200 batch 39/66 (59%) running_loss=0.3686
2026-09-23 06:44:55,972 INFO train epoch 169/200 batch 52/66 (79%) running_loss=0.3665
2026-09-23 06:44:59,517 INFO train epoch 169/200 batch 65/66 (98%) running_loss=0.3648
2026-09-23 06:44:59,735 INFO train epoch 169/200 batch 66/66 (100%) running_loss=0.3642
2026-09-23 06:45:02,240 INFO epoch 169/200 done: train_loss=0.3642 val_loss=0.1709 val_accuracy=0.9631 val_macro_f1=0.9482 val_macro_auc=0.9956 (checkpoint_metric=macro_auc)
2026-09-23 06:45:06,333 INFO train epoch 170/200 batch 13/66 (20%) running_loss=0.3653
2026-09-23 06:45:09,925 INFO train epoch 170/200 batch 26/66 (39%) running_loss=0.3616
2026-09-23 06:45:13,521 INFO train epoch 170/200 batch 39/66 (59%) running_loss=0.3600
2026-09-23 06:45:17,083 INFO train epoch 170/200 batch 52/66 (79%) running_loss=0.3599
2026-09-23 06:45:20,611 INFO train epoch 170/200 batch 65/66 (98%) running_loss=0.3617
2026-09-23 06:45:20,830 INFO train epoch 170/200 batch 66/66 (100%) running_loss=0.3613
2026-09-23 06:45:23,349 INFO epoch 170/200 done: train_loss=0.3613 val_loss=0.1574 val_accuracy=0.9693 val_macro_f1=0.9587 val_macro_auc=0.9970 (checkpoint_metric=macro_auc)
2026-09-23 06:45:27,390 INFO train epoch 171/200 batch 13/66 (20%) running_loss=0.3580
2026-09-23 06:45:30,931 INFO train epoch 171/200 batch 26/66 (39%) running_loss=0.3528
2026-09-23 06:45:34,464 INFO train epoch 171/200 batch 39/66 (59%) running_loss=0.3556
2026-09-23 06:45:38,021 INFO train epoch 171/200 batch 52/66 (79%) running_loss=0.3557
2026-09-23 06:45:41,557 INFO train epoch 171/200 batch 65/66 (98%) running_loss=0.3595
2026-09-23 06:45:41,775 INFO train epoch 171/200 batch 66/66 (100%) running_loss=0.3598
2026-09-23 06:45:44,278 INFO epoch 171/200 done: train_loss=0.3598 val_loss=0.1607 val_accuracy=0.9713 val_macro_f1=0.9607 val_macro_auc=0.9968 (checkpoint_metric=macro_auc)
2026-09-23 06:45:48,396 INFO train epoch 172/200 batch 13/66 (20%) running_loss=0.3560
2026-09-23 06:45:51,934 INFO train epoch 172/200 batch 26/66 (39%) running_loss=0.3571
2026-09-23 06:45:55,470 INFO train epoch 172/200 batch 39/66 (59%) running_loss=0.3565
2026-09-23 06:45:59,016 INFO train epoch 172/200 batch 52/66 (79%) running_loss=0.3560
2026-09-23 06:46:02,554 INFO train epoch 172/200 batch 65/66 (98%) running_loss=0.3587
2026-09-23 06:46:02,775 INFO train epoch 172/200 batch 66/66 (100%) running_loss=0.3589
2026-09-23 06:46:05,294 INFO epoch 172/200 done: train_loss=0.3589 val_loss=0.1582 val_accuracy=0.9672 val_macro_f1=0.9533 val_macro_auc=0.9966 (checkpoint_metric=macro_auc)
2026-09-23 06:46:09,325 INFO train epoch 173/200 batch 13/66 (20%) running_loss=0.3775
2026-09-23 06:46:12,856 INFO train epoch 173/200 batch 26/66 (39%) running_loss=0.3663
2026-09-23 06:46:16,389 INFO train epoch 173/200 batch 39/66 (59%) running_loss=0.3623
2026-09-23 06:46:19,932 INFO train epoch 173/200 batch 52/66 (79%) running_loss=0.3587
2026-09-23 06:46:23,463 INFO train epoch 173/200 batch 65/66 (98%) running_loss=0.3595
2026-09-23 06:46:23,681 INFO train epoch 173/200 batch 66/66 (100%) running_loss=0.3603
2026-09-23 06:46:26,184 INFO epoch 173/200 done: train_loss=0.3603 val_loss=0.1542 val_accuracy=0.9713 val_macro_f1=0.9607 val_macro_auc=0.9973 (checkpoint_metric=macro_auc)
2026-09-23 06:46:30,239 INFO train epoch 174/200 batch 13/66 (20%) running_loss=0.3544
2026-09-23 06:46:33,781 INFO train epoch 174/200 batch 26/66 (39%) running_loss=0.3482
2026-09-23 06:46:37,324 INFO train epoch 174/200 batch 39/66 (59%) running_loss=0.3539
2026-09-23 06:46:40,866 INFO train epoch 174/200 batch 52/66 (79%) running_loss=0.3538
2026-09-23 06:46:44,430 INFO train epoch 174/200 batch 65/66 (98%) running_loss=0.3510
2026-09-23 06:46:44,653 INFO train epoch 174/200 batch 66/66 (100%) running_loss=0.3507
2026-09-23 06:46:47,179 INFO epoch 174/200 done: train_loss=0.3507 val_loss=0.1546 val_accuracy=0.9734 val_macro_f1=0.9614 val_macro_auc=0.9978 (checkpoint_metric=macro_auc)
2026-09-23 06:46:51,140 INFO train epoch 175/200 batch 13/66 (20%) running_loss=0.3597
2026-09-23 06:46:54,713 INFO train epoch 175/200 batch 26/66 (39%) running_loss=0.3510
2026-09-23 06:46:58,428 INFO train epoch 175/200 batch 39/66 (59%) running_loss=0.3491
2026-09-23 06:47:01,978 INFO train epoch 175/200 batch 52/66 (79%) running_loss=0.3503
2026-09-23 06:47:05,510 INFO train epoch 175/200 batch 65/66 (98%) running_loss=0.3544
2026-09-23 06:47:05,732 INFO train epoch 175/200 batch 66/66 (100%) running_loss=0.3542
2026-09-23 06:47:08,367 INFO epoch 175/200 done: train_loss=0.3542 val_loss=0.1578 val_accuracy=0.9734 val_macro_f1=0.9617 val_macro_auc=0.9976 (checkpoint_metric=macro_auc) [new best]
2026-09-23 06:47:12,449 INFO train epoch 176/200 batch 13/66 (20%) running_loss=0.3415
2026-09-23 06:47:16,038 INFO train epoch 176/200 batch 26/66 (39%) running_loss=0.3477
2026-09-23 06:47:19,596 INFO train epoch 176/200 batch 39/66 (59%) running_loss=0.3485
2026-09-23 06:47:23,129 INFO train epoch 176/200 batch 52/66 (79%) running_loss=0.3491
2026-09-23 06:47:26,664 INFO train epoch 176/200 batch 65/66 (98%) running_loss=0.3485
2026-09-23 06:47:26,884 INFO train epoch 176/200 batch 66/66 (100%) running_loss=0.3487
2026-09-23 06:47:29,523 INFO epoch 176/200 done: train_loss=0.3487 val_loss=0.1537 val_accuracy=0.9713 val_macro_f1=0.9592 val_macro_auc=0.9976 (checkpoint_metric=macro_auc) [new best]
2026-09-23 06:47:33,577 INFO train epoch 177/200 batch 13/66 (20%) running_loss=0.3457
2026-09-23 06:47:37,116 INFO train epoch 177/200 batch 26/66 (39%) running_loss=0.3677
2026-09-23 06:47:40,651 INFO train epoch 177/200 batch 39/66 (59%) running_loss=0.3604
2026-09-23 06:47:44,377 INFO train epoch 177/200 batch 52/66 (79%) running_loss=0.3595
2026-09-23 06:47:47,919 INFO train epoch 177/200 batch 65/66 (98%) running_loss=0.3619
2026-09-23 06:47:48,143 INFO train epoch 177/200 batch 66/66 (100%) running_loss=0.3616
2026-09-23 06:47:50,660 INFO epoch 177/200 done: train_loss=0.3616 val_loss=0.1653 val_accuracy=0.9693 val_macro_f1=0.9575 val_macro_auc=0.9969 (checkpoint_metric=macro_auc)
2026-09-23 06:47:54,704 INFO train epoch 178/200 batch 13/66 (20%) running_loss=0.3572
2026-09-23 06:47:58,266 INFO train epoch 178/200 batch 26/66 (39%) running_loss=0.3539
2026-09-23 06:48:01,831 INFO train epoch 178/200 batch 39/66 (59%) running_loss=0.3526
2026-09-23 06:48:05,400 INFO train epoch 178/200 batch 52/66 (79%) running_loss=0.3548
2026-09-23 06:48:08,934 INFO train epoch 178/200 batch 65/66 (98%) running_loss=0.3532
2026-09-23 06:48:09,154 INFO train epoch 178/200 batch 66/66 (100%) running_loss=0.3531
2026-09-23 06:48:11,651 INFO epoch 178/200 done: train_loss=0.3531 val_loss=0.1550 val_accuracy=0.9672 val_macro_f1=0.9536 val_macro_auc=0.9970 (checkpoint_metric=macro_auc)
2026-09-23 06:48:15,688 INFO train epoch 179/200 batch 13/66 (20%) running_loss=0.3377
2026-09-23 06:48:19,234 INFO train epoch 179/200 batch 26/66 (39%) running_loss=0.3550
2026-09-23 06:48:22,785 INFO train epoch 179/200 batch 39/66 (59%) running_loss=0.3531
2026-09-23 06:48:26,336 INFO train epoch 179/200 batch 52/66 (79%) running_loss=0.3549
2026-09-23 06:48:29,869 INFO train epoch 179/200 batch 65/66 (98%) running_loss=0.3558
2026-09-23 06:48:30,090 INFO train epoch 179/200 batch 66/66 (100%) running_loss=0.3567
2026-09-23 06:48:32,597 INFO epoch 179/200 done: train_loss=0.3567 val_loss=0.1541 val_accuracy=0.9652 val_macro_f1=0.9503 val_macro_auc=0.9970 (checkpoint_metric=macro_auc)
2026-09-23 06:48:36,627 INFO train epoch 180/200 batch 13/66 (20%) running_loss=0.3632
2026-09-23 06:48:40,146 INFO train epoch 180/200 batch 26/66 (39%) running_loss=0.3593
2026-09-23 06:48:43,667 INFO train epoch 180/200 batch 39/66 (59%) running_loss=0.3563
2026-09-23 06:48:47,205 INFO train epoch 180/200 batch 52/66 (79%) running_loss=0.3531
2026-09-23 06:48:50,811 INFO train epoch 180/200 batch 65/66 (98%) running_loss=0.3580
2026-09-23 06:48:51,033 INFO train epoch 180/200 batch 66/66 (100%) running_loss=0.3581
2026-09-23 06:48:53,549 INFO epoch 180/200 done: train_loss=0.3581 val_loss=0.1584 val_accuracy=0.9713 val_macro_f1=0.9592 val_macro_auc=0.9973 (checkpoint_metric=macro_auc)
2026-09-23 06:48:57,572 INFO train epoch 181/200 batch 13/66 (20%) running_loss=0.3600
2026-09-23 06:49:01,120 INFO train epoch 181/200 batch 26/66 (39%) running_loss=0.3634
2026-09-23 06:49:04,700 INFO train epoch 181/200 batch 39/66 (59%) running_loss=0.3562
2026-09-23 06:49:08,275 INFO train epoch 181/200 batch 52/66 (79%) running_loss=0.3556
2026-09-23 06:49:11,823 INFO train epoch 181/200 batch 65/66 (98%) running_loss=0.3516
2026-09-23 06:49:12,043 INFO train epoch 181/200 batch 66/66 (100%) running_loss=0.3519
2026-09-23 06:49:14,551 INFO epoch 181/200 done: train_loss=0.3519 val_loss=0.1592 val_accuracy=0.9754 val_macro_f1=0.9667 val_macro_auc=0.9970 (checkpoint_metric=macro_auc)
2026-09-23 06:49:18,592 INFO train epoch 182/200 batch 13/66 (20%) running_loss=0.3725
2026-09-23 06:49:22,146 INFO train epoch 182/200 batch 26/66 (39%) running_loss=0.3565
2026-09-23 06:49:25,685 INFO train epoch 182/200 batch 39/66 (59%) running_loss=0.3596
2026-09-23 06:49:29,216 INFO train epoch 182/200 batch 52/66 (79%) running_loss=0.3562
2026-09-23 06:49:32,773 INFO train epoch 182/200 batch 65/66 (98%) running_loss=0.3550
2026-09-23 06:49:32,994 INFO train epoch 182/200 batch 66/66 (100%) running_loss=0.3555
2026-09-23 06:49:35,520 INFO epoch 182/200 done: train_loss=0.3555 val_loss=0.1554 val_accuracy=0.9734 val_macro_f1=0.9630 val_macro_auc=0.9971 (checkpoint_metric=macro_auc)
2026-09-23 06:49:39,547 INFO train epoch 183/200 batch 13/66 (20%) running_loss=0.3312
2026-09-23 06:49:43,082 INFO train epoch 183/200 batch 26/66 (39%) running_loss=0.3465
2026-09-23 06:49:46,619 INFO train epoch 183/200 batch 39/66 (59%) running_loss=0.3461
2026-09-23 06:49:50,154 INFO train epoch 183/200 batch 52/66 (79%) running_loss=0.3500
2026-09-23 06:49:53,841 INFO train epoch 183/200 batch 65/66 (98%) running_loss=0.3528
2026-09-23 06:49:54,066 INFO train epoch 183/200 batch 66/66 (100%) running_loss=0.3527
2026-09-23 06:49:56,574 INFO epoch 183/200 done: train_loss=0.3527 val_loss=0.1588 val_accuracy=0.9713 val_macro_f1=0.9589 val_macro_auc=0.9971 (checkpoint_metric=macro_auc)
2026-09-23 06:50:00,613 INFO train epoch 184/200 batch 13/66 (20%) running_loss=0.3393
2026-09-23 06:50:04,149 INFO train epoch 184/200 batch 26/66 (39%) running_loss=0.3430
2026-09-23 06:50:07,682 INFO train epoch 184/200 batch 39/66 (59%) running_loss=0.3494
2026-09-23 06:50:11,222 INFO train epoch 184/200 batch 52/66 (79%) running_loss=0.3471
2026-09-23 06:50:14,758 INFO train epoch 184/200 batch 65/66 (98%) running_loss=0.3486
2026-09-23 06:50:14,982 INFO train epoch 184/200 batch 66/66 (100%) running_loss=0.3486
2026-09-23 06:50:17,487 INFO epoch 184/200 done: train_loss=0.3486 val_loss=0.1559 val_accuracy=0.9713 val_macro_f1=0.9586 val_macro_auc=0.9968 (checkpoint_metric=macro_auc)
2026-09-23 06:50:21,538 INFO train epoch 185/200 batch 13/66 (20%) running_loss=0.3418
2026-09-23 06:50:25,084 INFO train epoch 185/200 batch 26/66 (39%) running_loss=0.3505
2026-09-23 06:50:28,613 INFO train epoch 185/200 batch 39/66 (59%) running_loss=0.3567
2026-09-23 06:50:32,160 INFO train epoch 185/200 batch 52/66 (79%) running_loss=0.3565
2026-09-23 06:50:35,693 INFO train epoch 185/200 batch 65/66 (98%) running_loss=0.3587
2026-09-23 06:50:35,916 INFO train epoch 185/200 batch 66/66 (100%) running_loss=0.3583
2026-09-23 06:50:38,430 INFO epoch 185/200 done: train_loss=0.3583 val_loss=0.1575 val_accuracy=0.9713 val_macro_f1=0.9586 val_macro_auc=0.9968 (checkpoint_metric=macro_auc)
2026-09-23 06:50:42,477 INFO train epoch 186/200 batch 13/66 (20%) running_loss=0.3584
2026-09-23 06:50:46,023 INFO train epoch 186/200 batch 26/66 (39%) running_loss=0.3636
2026-09-23 06:50:49,595 INFO train epoch 186/200 batch 39/66 (59%) running_loss=0.3633
2026-09-23 06:50:53,124 INFO train epoch 186/200 batch 52/66 (79%) running_loss=0.3594
2026-09-23 06:50:56,649 INFO train epoch 186/200 batch 65/66 (98%) running_loss=0.3574
2026-09-23 06:50:56,869 INFO train epoch 186/200 batch 66/66 (100%) running_loss=0.3572
2026-09-23 06:50:59,369 INFO epoch 186/200 done: train_loss=0.3572 val_loss=0.1612 val_accuracy=0.9652 val_macro_f1=0.9488 val_macro_auc=0.9971 (checkpoint_metric=macro_auc)
2026-09-23 06:51:03,569 INFO train epoch 187/200 batch 13/66 (20%) running_loss=0.3475
2026-09-23 06:51:07,124 INFO train epoch 187/200 batch 26/66 (39%) running_loss=0.3481
2026-09-23 06:51:10,685 INFO train epoch 187/200 batch 39/66 (59%) running_loss=0.3483
2026-09-23 06:51:14,223 INFO train epoch 187/200 batch 52/66 (79%) running_loss=0.3528
2026-09-23 06:51:17,754 INFO train epoch 187/200 batch 65/66 (98%) running_loss=0.3511
2026-09-23 06:51:17,977 INFO train epoch 187/200 batch 66/66 (100%) running_loss=0.3512
2026-09-23 06:51:20,500 INFO epoch 187/200 done: train_loss=0.3512 val_loss=0.1572 val_accuracy=0.9713 val_macro_f1=0.9592 val_macro_auc=0.9970 (checkpoint_metric=macro_auc)
2026-09-23 06:51:24,572 INFO train epoch 188/200 batch 13/66 (20%) running_loss=0.3644
2026-09-23 06:51:28,143 INFO train epoch 188/200 batch 26/66 (39%) running_loss=0.3632
2026-09-23 06:51:31,679 INFO train epoch 188/200 batch 39/66 (59%) running_loss=0.3611
2026-09-23 06:51:35,210 INFO train epoch 188/200 batch 52/66 (79%) running_loss=0.3580
2026-09-23 06:51:38,741 INFO train epoch 188/200 batch 65/66 (98%) running_loss=0.3579
2026-09-23 06:51:38,961 INFO train epoch 188/200 batch 66/66 (100%) running_loss=0.3574
2026-09-23 06:51:41,455 INFO epoch 188/200 done: train_loss=0.3574 val_loss=0.1593 val_accuracy=0.9693 val_macro_f1=0.9557 val_macro_auc=0.9971 (checkpoint_metric=macro_auc)
2026-09-23 06:51:45,496 INFO train epoch 189/200 batch 13/66 (20%) running_loss=0.3570
2026-09-23 06:51:49,065 INFO train epoch 189/200 batch 26/66 (39%) running_loss=0.3498
2026-09-23 06:51:52,637 INFO train epoch 189/200 batch 39/66 (59%) running_loss=0.3491
2026-09-23 06:51:56,175 INFO train epoch 189/200 batch 52/66 (79%) running_loss=0.3535
2026-09-23 06:51:59,871 INFO train epoch 189/200 batch 65/66 (98%) running_loss=0.3509
2026-09-23 06:52:00,090 INFO train epoch 189/200 batch 66/66 (100%) running_loss=0.3507
2026-09-23 06:52:02,616 INFO epoch 189/200 done: train_loss=0.3507 val_loss=0.1592 val_accuracy=0.9693 val_macro_f1=0.9566 val_macro_auc=0.9969 (checkpoint_metric=macro_auc)
2026-09-23 06:52:06,587 INFO train epoch 190/200 batch 13/66 (20%) running_loss=0.3553
2026-09-23 06:52:10,148 INFO train epoch 190/200 batch 26/66 (39%) running_loss=0.3544
2026-09-23 06:52:13,696 INFO train epoch 190/200 batch 39/66 (59%) running_loss=0.3534
2026-09-23 06:52:17,225 INFO train epoch 190/200 batch 52/66 (79%) running_loss=0.3552
2026-09-23 06:52:20,737 INFO train epoch 190/200 batch 65/66 (98%) running_loss=0.3530
2026-09-23 06:52:20,954 INFO train epoch 190/200 batch 66/66 (100%) running_loss=0.3541
2026-09-23 06:52:23,457 INFO epoch 190/200 done: train_loss=0.3541 val_loss=0.1605 val_accuracy=0.9672 val_macro_f1=0.9521 val_macro_auc=0.9971 (checkpoint_metric=macro_auc)
2026-09-23 06:52:27,510 INFO train epoch 191/200 batch 13/66 (20%) running_loss=0.3488
2026-09-23 06:52:31,043 INFO train epoch 191/200 batch 26/66 (39%) running_loss=0.3585
2026-09-23 06:52:34,570 INFO train epoch 191/200 batch 39/66 (59%) running_loss=0.3550
2026-09-23 06:52:38,145 INFO train epoch 191/200 batch 52/66 (79%) running_loss=0.3554
2026-09-23 06:52:41,671 INFO train epoch 191/200 batch 65/66 (98%) running_loss=0.3580
2026-09-23 06:52:41,891 INFO train epoch 191/200 batch 66/66 (100%) running_loss=0.3579
2026-09-23 06:52:44,418 INFO epoch 191/200 done: train_loss=0.3579 val_loss=0.1631 val_accuracy=0.9754 val_macro_f1=0.9650 val_macro_auc=0.9969 (checkpoint_metric=macro_auc)
2026-09-23 06:52:48,486 INFO train epoch 192/200 batch 13/66 (20%) running_loss=0.3710
2026-09-23 06:52:52,061 INFO train epoch 192/200 batch 26/66 (39%) running_loss=0.3633
2026-09-23 06:52:55,674 INFO train epoch 192/200 batch 39/66 (59%) running_loss=0.3608
2026-09-23 06:52:59,223 INFO train epoch 192/200 batch 52/66 (79%) running_loss=0.3532
2026-09-23 06:53:02,785 INFO train epoch 192/200 batch 65/66 (98%) running_loss=0.3554
2026-09-23 06:53:03,010 INFO train epoch 192/200 batch 66/66 (100%) running_loss=0.3556
2026-09-23 06:53:05,539 INFO epoch 192/200 done: train_loss=0.3556 val_loss=0.1662 val_accuracy=0.9693 val_macro_f1=0.9560 val_macro_auc=0.9971 (checkpoint_metric=macro_auc)
2026-09-23 06:53:09,608 INFO train epoch 193/200 batch 13/66 (20%) running_loss=0.3520
2026-09-23 06:53:13,155 INFO train epoch 193/200 batch 26/66 (39%) running_loss=0.3575
2026-09-23 06:53:16,704 INFO train epoch 193/200 batch 39/66 (59%) running_loss=0.3582
2026-09-23 06:53:20,288 INFO train epoch 193/200 batch 52/66 (79%) running_loss=0.3534
2026-09-23 06:53:23,877 INFO train epoch 193/200 batch 65/66 (98%) running_loss=0.3544
2026-09-23 06:53:24,106 INFO train epoch 193/200 batch 66/66 (100%) running_loss=0.3555
2026-09-23 06:53:26,625 INFO epoch 193/200 done: train_loss=0.3555 val_loss=0.1611 val_accuracy=0.9713 val_macro_f1=0.9582 val_macro_auc=0.9971 (checkpoint_metric=macro_auc)
2026-09-23 06:53:30,663 INFO train epoch 194/200 batch 13/66 (20%) running_loss=0.3513
2026-09-23 06:53:34,204 INFO train epoch 194/200 batch 26/66 (39%) running_loss=0.3568
2026-09-23 06:53:37,758 INFO train epoch 194/200 batch 39/66 (59%) running_loss=0.3519
2026-09-23 06:53:41,317 INFO train epoch 194/200 batch 52/66 (79%) running_loss=0.3585
2026-09-23 06:53:44,860 INFO train epoch 194/200 batch 65/66 (98%) running_loss=0.3573
2026-09-23 06:53:45,079 INFO train epoch 194/200 batch 66/66 (100%) running_loss=0.3575
2026-09-23 06:53:47,614 INFO epoch 194/200 done: train_loss=0.3575 val_loss=0.1601 val_accuracy=0.9713 val_macro_f1=0.9589 val_macro_auc=0.9972 (checkpoint_metric=macro_auc)
2026-09-23 06:53:51,645 INFO train epoch 195/200 batch 13/66 (20%) running_loss=0.3763
2026-09-23 06:53:55,189 INFO train epoch 195/200 batch 26/66 (39%) running_loss=0.3601
2026-09-23 06:53:58,732 INFO train epoch 195/200 batch 39/66 (59%) running_loss=0.3514
2026-09-23 06:54:02,283 INFO train epoch 195/200 batch 52/66 (79%) running_loss=0.3525
2026-09-23 06:54:05,965 INFO train epoch 195/200 batch 65/66 (98%) running_loss=0.3519
2026-09-23 06:54:06,186 INFO train epoch 195/200 batch 66/66 (100%) running_loss=0.3527
2026-09-23 06:54:08,691 INFO epoch 195/200 done: train_loss=0.3527 val_loss=0.1596 val_accuracy=0.9734 val_macro_f1=0.9624 val_macro_auc=0.9973 (checkpoint_metric=macro_auc)
2026-09-23 06:54:12,709 INFO train epoch 196/200 batch 13/66 (20%) running_loss=0.3675
2026-09-23 06:54:16,276 INFO train epoch 196/200 batch 26/66 (39%) running_loss=0.3495
2026-09-23 06:54:19,797 INFO train epoch 196/200 batch 39/66 (59%) running_loss=0.3547
2026-09-23 06:54:23,330 INFO train epoch 196/200 batch 52/66 (79%) running_loss=0.3541
2026-09-23 06:54:26,868 INFO train epoch 196/200 batch 65/66 (98%) running_loss=0.3533
2026-09-23 06:54:27,088 INFO train epoch 196/200 batch 66/66 (100%) running_loss=0.3538
2026-09-23 06:54:29,585 INFO epoch 196/200 done: train_loss=0.3538 val_loss=0.1571 val_accuracy=0.9631 val_macro_f1=0.9455 val_macro_auc=0.9973 (checkpoint_metric=macro_auc)
2026-09-23 06:54:33,579 INFO train epoch 197/200 batch 13/66 (20%) running_loss=0.3589
2026-09-23 06:54:37,124 INFO train epoch 197/200 batch 26/66 (39%) running_loss=0.3430
2026-09-23 06:54:40,714 INFO train epoch 197/200 batch 39/66 (59%) running_loss=0.3478
2026-09-23 06:54:44,260 INFO train epoch 197/200 batch 52/66 (79%) running_loss=0.3481
2026-09-23 06:54:47,798 INFO train epoch 197/200 batch 65/66 (98%) running_loss=0.3484
2026-09-23 06:54:48,017 INFO train epoch 197/200 batch 66/66 (100%) running_loss=0.3482
2026-09-23 06:54:50,523 INFO epoch 197/200 done: train_loss=0.3482 val_loss=0.1599 val_accuracy=0.9672 val_macro_f1=0.9521 val_macro_auc=0.9969 (checkpoint_metric=macro_auc)
2026-09-23 06:54:54,563 INFO train epoch 198/200 batch 13/66 (20%) running_loss=0.3504
2026-09-23 06:54:58,119 INFO train epoch 198/200 batch 26/66 (39%) running_loss=0.3611
2026-09-23 06:55:01,676 INFO train epoch 198/200 batch 39/66 (59%) running_loss=0.3530
2026-09-23 06:55:05,406 INFO train epoch 198/200 batch 52/66 (79%) running_loss=0.3532
2026-09-23 06:55:08,932 INFO train epoch 198/200 batch 65/66 (98%) running_loss=0.3523
2026-09-23 06:55:09,152 INFO train epoch 198/200 batch 66/66 (100%) running_loss=0.3520
2026-09-23 06:55:11,655 INFO epoch 198/200 done: train_loss=0.3520 val_loss=0.1630 val_accuracy=0.9713 val_macro_f1=0.9597 val_macro_auc=0.9971 (checkpoint_metric=macro_auc)
2026-09-23 06:55:15,687 INFO train epoch 199/200 batch 13/66 (20%) running_loss=0.3409
2026-09-23 06:55:19,207 INFO train epoch 199/200 batch 26/66 (39%) running_loss=0.3520
2026-09-23 06:55:22,735 INFO train epoch 199/200 batch 39/66 (59%) running_loss=0.3503
2026-09-23 06:55:26,277 INFO train epoch 199/200 batch 52/66 (79%) running_loss=0.3473
2026-09-23 06:55:29,838 INFO train epoch 199/200 batch 65/66 (98%) running_loss=0.3488
2026-09-23 06:55:30,058 INFO train epoch 199/200 batch 66/66 (100%) running_loss=0.3486
2026-09-23 06:55:32,571 INFO epoch 199/200 done: train_loss=0.3486 val_loss=0.1572 val_accuracy=0.9734 val_macro_f1=0.9624 val_macro_auc=0.9971 (checkpoint_metric=macro_auc)
2026-09-23 06:55:36,572 INFO train epoch 200/200 batch 13/66 (20%) running_loss=0.3576
2026-09-23 06:55:40,108 INFO train epoch 200/200 batch 26/66 (39%) running_loss=0.3525
2026-09-23 06:55:43,651 INFO train epoch 200/200 batch 39/66 (59%) running_loss=0.3559
2026-09-23 06:55:47,196 INFO train epoch 200/200 batch 52/66 (79%) running_loss=0.3588
2026-09-23 06:55:50,722 INFO train epoch 200/200 batch 65/66 (98%) running_loss=0.3610
2026-09-23 06:55:50,944 INFO train epoch 200/200 batch 66/66 (100%) running_loss=0.3604
2026-09-23 06:55:53,455 INFO epoch 200/200 done: train_loss=0.3604 val_loss=0.1570 val_accuracy=0.9631 val_macro_f1=0.9455 val_macro_auc=0.9972 (checkpoint_metric=macro_auc)
2026-09-23 06:55:53,697 INFO Training finished. Best epoch=176, smoothed macro_auc=0.9976 (window=3)
2026-09-23 06:55:56,279 INFO Test set evaluated once: accuracy=0.8903 macro_f1=0.8784 macro_auc=0.9714
