2026-09-24 15:07:51,547 INFO Starting final training on device=cuda, amp=True, physical_batch_size=32, accumulation_steps=1, effective_batch_size=32
2026-09-24 15:07:51,547 INFO Augmentation policy: sample-adaptive, from outputs/main1/augmentation_run/selected_policy.json
2026-09-24 15:07:52,005 INFO Classes: {'glioma_tumor': 0, 'meningioma_tumor': 1, 'pituitary_tumor': 2}
2026-09-24 15:07:52,005 INFO Regularization: weight_decay=7.0e-04 classifier_dropout=0.30 label_smoothing=0.10 drop_path=0.20
2026-09-24 15:07:52,005 INFO Magnitude bounds from configs/bounds_wide.json: {'rotation': [0.0, 45.0], 'affine_translation': [0.0, 0.16], 'random_resized_crop': [0.0, 0.35]}
2026-09-24 15:07:57,120 INFO train epoch 1/200 batch 13/66 (20%) running_loss=1.1347
2026-09-24 15:08:00,783 INFO train epoch 1/200 batch 26/66 (39%) running_loss=1.1472
2026-09-24 15:08:04,343 INFO train epoch 1/200 batch 39/66 (59%) running_loss=1.1525
2026-09-24 15:08:07,917 INFO train epoch 1/200 batch 52/66 (79%) running_loss=1.1596
2026-09-24 15:08:11,489 INFO train epoch 1/200 batch 65/66 (98%) running_loss=1.1693
2026-09-24 15:08:11,856 INFO train epoch 1/200 batch 66/66 (100%) running_loss=1.1719
2026-09-24 15:08:14,663 INFO epoch 1/200 done: train_loss=1.1719 val_loss=1.0913 val_accuracy=0.5061 val_macro_f1=0.2240 val_macro_auc=0.7017 (checkpoint_metric=macro_auc) [new best]
2026-09-24 15:08:18,765 INFO train epoch 2/200 batch 13/66 (20%) running_loss=1.1481
2026-09-24 15:08:22,339 INFO train epoch 2/200 batch 26/66 (39%) running_loss=1.1720
2026-09-24 15:08:25,921 INFO train epoch 2/200 batch 39/66 (59%) running_loss=1.1586
2026-09-24 15:08:29,513 INFO train epoch 2/200 batch 52/66 (79%) running_loss=1.1437
2026-09-24 15:08:33,114 INFO train epoch 2/200 batch 65/66 (98%) running_loss=1.1347
2026-09-24 15:08:33,337 INFO train epoch 2/200 batch 66/66 (100%) running_loss=1.1325
2026-09-24 15:08:35,875 INFO epoch 2/200 done: train_loss=1.1325 val_loss=1.0340 val_accuracy=0.5061 val_macro_f1=0.2240 val_macro_auc=0.5967 (checkpoint_metric=macro_auc)
2026-09-24 15:08:39,995 INFO train epoch 3/200 batch 13/66 (20%) running_loss=1.0625
2026-09-24 15:08:43,566 INFO train epoch 3/200 batch 26/66 (39%) running_loss=1.0624
2026-09-24 15:08:47,134 INFO train epoch 3/200 batch 39/66 (59%) running_loss=1.0558
2026-09-24 15:08:50,699 INFO train epoch 3/200 batch 52/66 (79%) running_loss=1.0526
2026-09-24 15:08:54,432 INFO train epoch 3/200 batch 65/66 (98%) running_loss=1.0444
2026-09-24 15:08:54,657 INFO train epoch 3/200 batch 66/66 (100%) running_loss=1.0449
2026-09-24 15:08:57,202 INFO epoch 3/200 done: train_loss=1.0449 val_loss=1.1767 val_accuracy=0.5061 val_macro_f1=0.2240 val_macro_auc=0.6625 (checkpoint_metric=macro_auc)
2026-09-24 15:09:01,296 INFO train epoch 4/200 batch 13/66 (20%) running_loss=1.0477
2026-09-24 15:09:04,851 INFO train epoch 4/200 batch 26/66 (39%) running_loss=1.0215
2026-09-24 15:09:08,416 INFO train epoch 4/200 batch 39/66 (59%) running_loss=1.0141
2026-09-24 15:09:11,985 INFO train epoch 4/200 batch 52/66 (79%) running_loss=0.9977
2026-09-24 15:09:15,539 INFO train epoch 4/200 batch 65/66 (98%) running_loss=1.0014
2026-09-24 15:09:15,762 INFO train epoch 4/200 batch 66/66 (100%) running_loss=1.0020
2026-09-24 15:09:18,276 INFO epoch 4/200 done: train_loss=1.0020 val_loss=1.0304 val_accuracy=0.5307 val_macro_f1=0.2717 val_macro_auc=0.7317 (checkpoint_metric=macro_auc)
2026-09-24 15:09:22,354 INFO train epoch 5/200 batch 13/66 (20%) running_loss=0.9367
2026-09-24 15:09:25,920 INFO train epoch 5/200 batch 26/66 (39%) running_loss=0.9650
2026-09-24 15:09:29,474 INFO train epoch 5/200 batch 39/66 (59%) running_loss=0.9715
2026-09-24 15:09:33,048 INFO train epoch 5/200 batch 52/66 (79%) running_loss=0.9682
2026-09-24 15:09:36,616 INFO train epoch 5/200 batch 65/66 (98%) running_loss=0.9601
2026-09-24 15:09:36,839 INFO train epoch 5/200 batch 66/66 (100%) running_loss=0.9612
2026-09-24 15:09:39,387 INFO epoch 5/200 done: train_loss=0.9612 val_loss=1.0859 val_accuracy=0.5512 val_macro_f1=0.3073 val_macro_auc=0.7092 (checkpoint_metric=macro_auc)
2026-09-24 15:09:43,485 INFO train epoch 6/200 batch 13/66 (20%) running_loss=0.9921
2026-09-24 15:09:47,052 INFO train epoch 6/200 batch 26/66 (39%) running_loss=0.9735
2026-09-24 15:09:50,623 INFO train epoch 6/200 batch 39/66 (59%) running_loss=0.9583
2026-09-24 15:09:54,171 INFO train epoch 6/200 batch 52/66 (79%) running_loss=0.9460
2026-09-24 15:09:57,732 INFO train epoch 6/200 batch 65/66 (98%) running_loss=0.9461
2026-09-24 15:09:57,955 INFO train epoch 6/200 batch 66/66 (100%) running_loss=0.9453
2026-09-24 15:10:00,600 INFO epoch 6/200 done: train_loss=0.9453 val_loss=1.0162 val_accuracy=0.5820 val_macro_f1=0.3568 val_macro_auc=0.7982 (checkpoint_metric=macro_auc) [new best]
2026-09-24 15:10:04,996 INFO train epoch 7/200 batch 13/66 (20%) running_loss=0.9803
2026-09-24 15:10:08,547 INFO train epoch 7/200 batch 26/66 (39%) running_loss=0.9596
2026-09-24 15:10:12,123 INFO train epoch 7/200 batch 39/66 (59%) running_loss=0.9448
2026-09-24 15:10:15,682 INFO train epoch 7/200 batch 52/66 (79%) running_loss=0.9343
2026-09-24 15:10:19,236 INFO train epoch 7/200 batch 65/66 (98%) running_loss=0.9380
2026-09-24 15:10:19,458 INFO train epoch 7/200 batch 66/66 (100%) running_loss=0.9388
2026-09-24 15:10:22,112 INFO epoch 7/200 done: train_loss=0.9388 val_loss=0.9175 val_accuracy=0.6373 val_macro_f1=0.4277 val_macro_auc=0.8106 (checkpoint_metric=macro_auc) [new best]
2026-09-24 15:10:26,210 INFO train epoch 8/200 batch 13/66 (20%) running_loss=0.9060
2026-09-24 15:10:29,782 INFO train epoch 8/200 batch 26/66 (39%) running_loss=0.9331
2026-09-24 15:10:33,355 INFO train epoch 8/200 batch 39/66 (59%) running_loss=0.9277
2026-09-24 15:10:36,906 INFO train epoch 8/200 batch 52/66 (79%) running_loss=0.9131
2026-09-24 15:10:40,473 INFO train epoch 8/200 batch 65/66 (98%) running_loss=0.9014
2026-09-24 15:10:40,696 INFO train epoch 8/200 batch 66/66 (100%) running_loss=0.9011
2026-09-24 15:10:43,327 INFO epoch 8/200 done: train_loss=0.9011 val_loss=0.9235 val_accuracy=0.6066 val_macro_f1=0.3892 val_macro_auc=0.8276 (checkpoint_metric=macro_auc) [new best]
2026-09-24 15:10:47,439 INFO train epoch 9/200 batch 13/66 (20%) running_loss=0.8897
2026-09-24 15:10:51,031 INFO train epoch 9/200 batch 26/66 (39%) running_loss=0.8942
2026-09-24 15:10:54,601 INFO train epoch 9/200 batch 39/66 (59%) running_loss=0.8811
2026-09-24 15:10:58,164 INFO train epoch 9/200 batch 52/66 (79%) running_loss=0.8859
2026-09-24 15:11:01,826 INFO train epoch 9/200 batch 65/66 (98%) running_loss=0.8918
2026-09-24 15:11:02,052 INFO train epoch 9/200 batch 66/66 (100%) running_loss=0.8904
2026-09-24 15:11:04,589 INFO epoch 9/200 done: train_loss=0.8904 val_loss=0.7099 val_accuracy=0.7439 val_macro_f1=0.5370 val_macro_auc=0.7788 (checkpoint_metric=macro_auc)
2026-09-24 15:11:08,681 INFO train epoch 10/200 batch 13/66 (20%) running_loss=0.8882
2026-09-24 15:11:12,251 INFO train epoch 10/200 batch 26/66 (39%) running_loss=0.8479
2026-09-24 15:11:15,812 INFO train epoch 10/200 batch 39/66 (59%) running_loss=0.8599
2026-09-24 15:11:19,384 INFO train epoch 10/200 batch 52/66 (79%) running_loss=0.8579
2026-09-24 15:11:22,956 INFO train epoch 10/200 batch 65/66 (98%) running_loss=0.8642
2026-09-24 15:11:23,180 INFO train epoch 10/200 batch 66/66 (100%) running_loss=0.8625
2026-09-24 15:11:25,718 INFO epoch 10/200 done: train_loss=0.8625 val_loss=0.6710 val_accuracy=0.7500 val_macro_f1=0.5408 val_macro_auc=0.8126 (checkpoint_metric=macro_auc)
2026-09-24 15:11:29,845 INFO train epoch 11/200 batch 13/66 (20%) running_loss=0.8933
2026-09-24 15:11:33,433 INFO train epoch 11/200 batch 26/66 (39%) running_loss=0.8910
2026-09-24 15:11:37,006 INFO train epoch 11/200 batch 39/66 (59%) running_loss=0.8812
2026-09-24 15:11:40,586 INFO train epoch 11/200 batch 52/66 (79%) running_loss=0.8779
2026-09-24 15:11:44,141 INFO train epoch 11/200 batch 65/66 (98%) running_loss=0.8672
2026-09-24 15:11:44,363 INFO train epoch 11/200 batch 66/66 (100%) running_loss=0.8680
2026-09-24 15:11:46,904 INFO epoch 11/200 done: train_loss=0.8680 val_loss=0.6973 val_accuracy=0.7439 val_macro_f1=0.5358 val_macro_auc=0.8392 (checkpoint_metric=macro_auc)
2026-09-24 15:11:51,026 INFO train epoch 12/200 batch 13/66 (20%) running_loss=0.8502
2026-09-24 15:11:54,577 INFO train epoch 12/200 batch 26/66 (39%) running_loss=0.8454
2026-09-24 15:11:58,122 INFO train epoch 12/200 batch 39/66 (59%) running_loss=0.8516
2026-09-24 15:12:01,673 INFO train epoch 12/200 batch 52/66 (79%) running_loss=0.8441
2026-09-24 15:12:05,231 INFO train epoch 12/200 batch 65/66 (98%) running_loss=0.8416
2026-09-24 15:12:05,454 INFO train epoch 12/200 batch 66/66 (100%) running_loss=0.8424
2026-09-24 15:12:08,234 INFO epoch 12/200 done: train_loss=0.8424 val_loss=0.7534 val_accuracy=0.7070 val_macro_f1=0.5023 val_macro_auc=0.8119 (checkpoint_metric=macro_auc) [new best]
2026-09-24 15:12:12,356 INFO train epoch 13/200 batch 13/66 (20%) running_loss=0.8676
2026-09-24 15:12:15,915 INFO train epoch 13/200 batch 26/66 (39%) running_loss=0.8706
2026-09-24 15:12:19,492 INFO train epoch 13/200 batch 39/66 (59%) running_loss=0.8555
2026-09-24 15:12:23,057 INFO train epoch 13/200 batch 52/66 (79%) running_loss=0.8371
2026-09-24 15:12:26,624 INFO train epoch 13/200 batch 65/66 (98%) running_loss=0.8370
2026-09-24 15:12:26,849 INFO train epoch 13/200 batch 66/66 (100%) running_loss=0.8364
2026-09-24 15:12:29,491 INFO epoch 13/200 done: train_loss=0.8364 val_loss=0.6561 val_accuracy=0.7766 val_macro_f1=0.5799 val_macro_auc=0.8363 (checkpoint_metric=macro_auc) [new best]
2026-09-24 15:12:33,586 INFO train epoch 14/200 batch 13/66 (20%) running_loss=0.8360
2026-09-24 15:12:37,148 INFO train epoch 14/200 batch 26/66 (39%) running_loss=0.8295
2026-09-24 15:12:40,732 INFO train epoch 14/200 batch 39/66 (59%) running_loss=0.8285
2026-09-24 15:12:44,296 INFO train epoch 14/200 batch 52/66 (79%) running_loss=0.8244
2026-09-24 15:12:47,876 INFO train epoch 14/200 batch 65/66 (98%) running_loss=0.8252
2026-09-24 15:12:48,101 INFO train epoch 14/200 batch 66/66 (100%) running_loss=0.8262
2026-09-24 15:12:50,743 INFO epoch 14/200 done: train_loss=0.8262 val_loss=0.6843 val_accuracy=0.7766 val_macro_f1=0.5632 val_macro_auc=0.8430 (checkpoint_metric=macro_auc) [new best]
2026-09-24 15:12:55,014 INFO train epoch 15/200 batch 13/66 (20%) running_loss=0.8158
2026-09-24 15:12:58,577 INFO train epoch 15/200 batch 26/66 (39%) running_loss=0.7951
2026-09-24 15:13:02,155 INFO train epoch 15/200 batch 39/66 (59%) running_loss=0.8061
2026-09-24 15:13:05,729 INFO train epoch 15/200 batch 52/66 (79%) running_loss=0.8103
2026-09-24 15:13:09,297 INFO train epoch 15/200 batch 65/66 (98%) running_loss=0.8071
2026-09-24 15:13:09,521 INFO train epoch 15/200 batch 66/66 (100%) running_loss=0.8075
2026-09-24 15:13:12,197 INFO epoch 15/200 done: train_loss=0.8075 val_loss=0.7442 val_accuracy=0.7377 val_macro_f1=0.5309 val_macro_auc=0.8617 (checkpoint_metric=macro_auc) [new best]
2026-09-24 15:13:16,273 INFO train epoch 16/200 batch 13/66 (20%) running_loss=0.8029
2026-09-24 15:13:19,825 INFO train epoch 16/200 batch 26/66 (39%) running_loss=0.8069
2026-09-24 15:13:23,396 INFO train epoch 16/200 batch 39/66 (59%) running_loss=0.7899
2026-09-24 15:13:26,954 INFO train epoch 16/200 batch 52/66 (79%) running_loss=0.8001
2026-09-24 15:13:30,511 INFO train epoch 16/200 batch 65/66 (98%) running_loss=0.8020
2026-09-24 15:13:30,736 INFO train epoch 16/200 batch 66/66 (100%) running_loss=0.8017
2026-09-24 15:13:33,386 INFO epoch 16/200 done: train_loss=0.8017 val_loss=0.7769 val_accuracy=0.6332 val_macro_f1=0.4545 val_macro_auc=0.8542 (checkpoint_metric=macro_auc) [new best]
2026-09-24 15:13:37,472 INFO train epoch 17/200 batch 13/66 (20%) running_loss=0.7715
2026-09-24 15:13:41,043 INFO train epoch 17/200 batch 26/66 (39%) running_loss=0.7895
2026-09-24 15:13:44,626 INFO train epoch 17/200 batch 39/66 (59%) running_loss=0.8089
2026-09-24 15:13:48,214 INFO train epoch 17/200 batch 52/66 (79%) running_loss=0.8091
2026-09-24 15:13:51,792 INFO train epoch 17/200 batch 65/66 (98%) running_loss=0.8081
2026-09-24 15:13:52,016 INFO train epoch 17/200 batch 66/66 (100%) running_loss=0.8101
2026-09-24 15:13:54,770 INFO epoch 17/200 done: train_loss=0.8101 val_loss=0.6314 val_accuracy=0.7848 val_macro_f1=0.6066 val_macro_auc=0.8660 (checkpoint_metric=macro_auc) [new best]
2026-09-24 15:13:58,878 INFO train epoch 18/200 batch 13/66 (20%) running_loss=0.7976
2026-09-24 15:14:02,442 INFO train epoch 18/200 batch 26/66 (39%) running_loss=0.7931
2026-09-24 15:14:06,010 INFO train epoch 18/200 batch 39/66 (59%) running_loss=0.7983
2026-09-24 15:14:09,580 INFO train epoch 18/200 batch 52/66 (79%) running_loss=0.7974
2026-09-24 15:14:13,137 INFO train epoch 18/200 batch 65/66 (98%) running_loss=0.7922
2026-09-24 15:14:13,360 INFO train epoch 18/200 batch 66/66 (100%) running_loss=0.7922
2026-09-24 15:14:16,020 INFO epoch 18/200 done: train_loss=0.7922 val_loss=0.5889 val_accuracy=0.7992 val_macro_f1=0.6052 val_macro_auc=0.8982 (checkpoint_metric=macro_auc) [new best]
2026-09-24 15:14:20,093 INFO train epoch 19/200 batch 13/66 (20%) running_loss=0.7835
2026-09-24 15:14:23,641 INFO train epoch 19/200 batch 26/66 (39%) running_loss=0.7887
2026-09-24 15:14:27,204 INFO train epoch 19/200 batch 39/66 (59%) running_loss=0.7772
2026-09-24 15:14:30,778 INFO train epoch 19/200 batch 52/66 (79%) running_loss=0.7722
2026-09-24 15:14:34,339 INFO train epoch 19/200 batch 65/66 (98%) running_loss=0.7711
2026-09-24 15:14:34,562 INFO train epoch 19/200 batch 66/66 (100%) running_loss=0.7709
2026-09-24 15:14:37,241 INFO epoch 19/200 done: train_loss=0.7709 val_loss=0.5905 val_accuracy=0.8033 val_macro_f1=0.5859 val_macro_auc=0.8966 (checkpoint_metric=macro_auc) [new best]
2026-09-24 15:14:41,506 INFO train epoch 20/200 batch 13/66 (20%) running_loss=0.7913
2026-09-24 15:14:45,080 INFO train epoch 20/200 batch 26/66 (39%) running_loss=0.7927
2026-09-24 15:14:48,653 INFO train epoch 20/200 batch 39/66 (59%) running_loss=0.7881
2026-09-24 15:14:52,229 INFO train epoch 20/200 batch 52/66 (79%) running_loss=0.7841
2026-09-24 15:14:55,806 INFO train epoch 20/200 batch 65/66 (98%) running_loss=0.7831
2026-09-24 15:14:56,030 INFO train epoch 20/200 batch 66/66 (100%) running_loss=0.7850
2026-09-24 15:14:58,682 INFO epoch 20/200 done: train_loss=0.7850 val_loss=0.5790 val_accuracy=0.8115 val_macro_f1=0.5904 val_macro_auc=0.8945 (checkpoint_metric=macro_auc) [new best]
2026-09-24 15:15:02,787 INFO train epoch 21/200 batch 13/66 (20%) running_loss=0.7595
2026-09-24 15:15:06,352 INFO train epoch 21/200 batch 26/66 (39%) running_loss=0.7612
2026-09-24 15:15:09,916 INFO train epoch 21/200 batch 39/66 (59%) running_loss=0.7616
2026-09-24 15:15:13,482 INFO train epoch 21/200 batch 52/66 (79%) running_loss=0.7633
2026-09-24 15:15:17,040 INFO train epoch 21/200 batch 65/66 (98%) running_loss=0.7677
2026-09-24 15:15:17,265 INFO train epoch 21/200 batch 66/66 (100%) running_loss=0.7687
2026-09-24 15:15:19,795 INFO epoch 21/200 done: train_loss=0.7687 val_loss=0.6320 val_accuracy=0.7623 val_macro_f1=0.5533 val_macro_auc=0.8880 (checkpoint_metric=macro_auc)
2026-09-24 15:15:23,916 INFO train epoch 22/200 batch 13/66 (20%) running_loss=0.7674
2026-09-24 15:15:27,494 INFO train epoch 22/200 batch 26/66 (39%) running_loss=0.7600
2026-09-24 15:15:31,061 INFO train epoch 22/200 batch 39/66 (59%) running_loss=0.7717
2026-09-24 15:15:34,631 INFO train epoch 22/200 batch 52/66 (79%) running_loss=0.7645
2026-09-24 15:15:38,194 INFO train epoch 22/200 batch 65/66 (98%) running_loss=0.7626
2026-09-24 15:15:38,418 INFO train epoch 22/200 batch 66/66 (100%) running_loss=0.7629
2026-09-24 15:15:40,951 INFO epoch 22/200 done: train_loss=0.7629 val_loss=1.2127 val_accuracy=0.5758 val_macro_f1=0.3865 val_macro_auc=0.7883 (checkpoint_metric=macro_auc)
2026-09-24 15:15:44,992 INFO train epoch 23/200 batch 13/66 (20%) running_loss=0.7565
2026-09-24 15:15:48,726 INFO train epoch 23/200 batch 26/66 (39%) running_loss=0.7899
2026-09-24 15:15:52,284 INFO train epoch 23/200 batch 39/66 (59%) running_loss=0.7891
2026-09-24 15:15:55,839 INFO train epoch 23/200 batch 52/66 (79%) running_loss=0.7751
2026-09-24 15:15:59,393 INFO train epoch 23/200 batch 65/66 (98%) running_loss=0.7609
2026-09-24 15:15:59,617 INFO train epoch 23/200 batch 66/66 (100%) running_loss=0.7613
2026-09-24 15:16:02,160 INFO epoch 23/200 done: train_loss=0.7613 val_loss=0.5794 val_accuracy=0.7992 val_macro_f1=0.7116 val_macro_auc=0.9132 (checkpoint_metric=macro_auc)
2026-09-24 15:16:06,305 INFO train epoch 24/200 batch 13/66 (20%) running_loss=0.7468
2026-09-24 15:16:09,876 INFO train epoch 24/200 batch 26/66 (39%) running_loss=0.7496
2026-09-24 15:16:13,434 INFO train epoch 24/200 batch 39/66 (59%) running_loss=0.7460
2026-09-24 15:16:16,988 INFO train epoch 24/200 batch 52/66 (79%) running_loss=0.7410
2026-09-24 15:16:20,539 INFO train epoch 24/200 batch 65/66 (98%) running_loss=0.7453
2026-09-24 15:16:20,762 INFO train epoch 24/200 batch 66/66 (100%) running_loss=0.7436
2026-09-24 15:16:23,295 INFO epoch 24/200 done: train_loss=0.7436 val_loss=0.5702 val_accuracy=0.8258 val_macro_f1=0.7044 val_macro_auc=0.9207 (checkpoint_metric=macro_auc)
2026-09-24 15:16:27,351 INFO train epoch 25/200 batch 13/66 (20%) running_loss=0.6970
2026-09-24 15:16:30,908 INFO train epoch 25/200 batch 26/66 (39%) running_loss=0.7058
2026-09-24 15:16:34,469 INFO train epoch 25/200 batch 39/66 (59%) running_loss=0.7191
2026-09-24 15:16:38,024 INFO train epoch 25/200 batch 52/66 (79%) running_loss=0.7253
2026-09-24 15:16:41,757 INFO train epoch 25/200 batch 65/66 (98%) running_loss=0.7254
2026-09-24 15:16:41,980 INFO train epoch 25/200 batch 66/66 (100%) running_loss=0.7250
2026-09-24 15:16:44,639 INFO epoch 25/200 done: train_loss=0.7250 val_loss=0.5909 val_accuracy=0.7930 val_macro_f1=0.6930 val_macro_auc=0.8789 (checkpoint_metric=macro_auc) [new best]
2026-09-24 15:16:48,696 INFO train epoch 26/200 batch 13/66 (20%) running_loss=0.7353
2026-09-24 15:16:52,258 INFO train epoch 26/200 batch 26/66 (39%) running_loss=0.7400
2026-09-24 15:16:55,821 INFO train epoch 26/200 batch 39/66 (59%) running_loss=0.7216
2026-09-24 15:16:59,396 INFO train epoch 26/200 batch 52/66 (79%) running_loss=0.7225
2026-09-24 15:17:02,963 INFO train epoch 26/200 batch 65/66 (98%) running_loss=0.7228
2026-09-24 15:17:03,185 INFO train epoch 26/200 batch 66/66 (100%) running_loss=0.7242
2026-09-24 15:17:05,715 INFO epoch 26/200 done: train_loss=0.7242 val_loss=0.8132 val_accuracy=0.6906 val_macro_f1=0.5158 val_macro_auc=0.8301 (checkpoint_metric=macro_auc)
2026-09-24 15:17:09,837 INFO train epoch 27/200 batch 13/66 (20%) running_loss=0.7576
2026-09-24 15:17:13,390 INFO train epoch 27/200 batch 26/66 (39%) running_loss=0.7623
2026-09-24 15:17:16,959 INFO train epoch 27/200 batch 39/66 (59%) running_loss=0.7415
2026-09-24 15:17:20,527 INFO train epoch 27/200 batch 52/66 (79%) running_loss=0.7394
2026-09-24 15:17:24,096 INFO train epoch 27/200 batch 65/66 (98%) running_loss=0.7381
2026-09-24 15:17:24,320 INFO train epoch 27/200 batch 66/66 (100%) running_loss=0.7384
2026-09-24 15:17:26,855 INFO epoch 27/200 done: train_loss=0.7384 val_loss=0.5434 val_accuracy=0.8094 val_macro_f1=0.6798 val_macro_auc=0.9291 (checkpoint_metric=macro_auc)
2026-09-24 15:17:30,963 INFO train epoch 28/200 batch 13/66 (20%) running_loss=0.6785
2026-09-24 15:17:34,531 INFO train epoch 28/200 batch 26/66 (39%) running_loss=0.7015
2026-09-24 15:17:38,086 INFO train epoch 28/200 batch 39/66 (59%) running_loss=0.7178
2026-09-24 15:17:41,646 INFO train epoch 28/200 batch 52/66 (79%) running_loss=0.7260
2026-09-24 15:17:45,366 INFO train epoch 28/200 batch 65/66 (98%) running_loss=0.7264
2026-09-24 15:17:45,588 INFO train epoch 28/200 batch 66/66 (100%) running_loss=0.7263
2026-09-24 15:17:48,120 INFO epoch 28/200 done: train_loss=0.7263 val_loss=0.5893 val_accuracy=0.7848 val_macro_f1=0.6385 val_macro_auc=0.9375 (checkpoint_metric=macro_auc)
2026-09-24 15:17:52,256 INFO train epoch 29/200 batch 13/66 (20%) running_loss=0.7282
2026-09-24 15:17:55,818 INFO train epoch 29/200 batch 26/66 (39%) running_loss=0.7227
2026-09-24 15:17:59,378 INFO train epoch 29/200 batch 39/66 (59%) running_loss=0.7155
2026-09-24 15:18:02,944 INFO train epoch 29/200 batch 52/66 (79%) running_loss=0.7118
2026-09-24 15:18:06,499 INFO train epoch 29/200 batch 65/66 (98%) running_loss=0.7120
2026-09-24 15:18:06,723 INFO train epoch 29/200 batch 66/66 (100%) running_loss=0.7113
2026-09-24 15:18:09,395 INFO epoch 29/200 done: train_loss=0.7113 val_loss=0.4792 val_accuracy=0.8443 val_macro_f1=0.7033 val_macro_auc=0.9022 (checkpoint_metric=macro_auc) [new best]
2026-09-24 15:18:13,505 INFO train epoch 30/200 batch 13/66 (20%) running_loss=0.7224
2026-09-24 15:18:17,065 INFO train epoch 30/200 batch 26/66 (39%) running_loss=0.7107
2026-09-24 15:18:20,650 INFO train epoch 30/200 batch 39/66 (59%) running_loss=0.7116
2026-09-24 15:18:24,216 INFO train epoch 30/200 batch 52/66 (79%) running_loss=0.7051
2026-09-24 15:18:27,781 INFO train epoch 30/200 batch 65/66 (98%) running_loss=0.7041
2026-09-24 15:18:28,007 INFO train epoch 30/200 batch 66/66 (100%) running_loss=0.7041
2026-09-24 15:18:30,642 INFO epoch 30/200 done: train_loss=0.7041 val_loss=0.6305 val_accuracy=0.7643 val_macro_f1=0.6857 val_macro_auc=0.9377 (checkpoint_metric=macro_auc) [new best]
2026-09-24 15:18:34,757 INFO train epoch 31/200 batch 13/66 (20%) running_loss=0.6852
2026-09-24 15:18:38,327 INFO train epoch 31/200 batch 26/66 (39%) running_loss=0.6855
2026-09-24 15:18:41,898 INFO train epoch 31/200 batch 39/66 (59%) running_loss=0.6974
2026-09-24 15:18:45,472 INFO train epoch 31/200 batch 52/66 (79%) running_loss=0.6998
2026-09-24 15:18:49,136 INFO train epoch 31/200 batch 65/66 (98%) running_loss=0.6956
2026-09-24 15:18:49,360 INFO train epoch 31/200 batch 66/66 (100%) running_loss=0.6953
2026-09-24 15:18:52,013 INFO epoch 31/200 done: train_loss=0.6953 val_loss=0.4978 val_accuracy=0.8525 val_macro_f1=0.7889 val_macro_auc=0.9523 (checkpoint_metric=macro_auc) [new best]
2026-09-24 15:18:56,076 INFO train epoch 32/200 batch 13/66 (20%) running_loss=0.6596
2026-09-24 15:18:59,640 INFO train epoch 32/200 batch 26/66 (39%) running_loss=0.6663
2026-09-24 15:19:03,218 INFO train epoch 32/200 batch 39/66 (59%) running_loss=0.6798
2026-09-24 15:19:06,789 INFO train epoch 32/200 batch 52/66 (79%) running_loss=0.6831
2026-09-24 15:19:10,361 INFO train epoch 32/200 batch 65/66 (98%) running_loss=0.6834
2026-09-24 15:19:10,588 INFO train epoch 32/200 batch 66/66 (100%) running_loss=0.6834
2026-09-24 15:19:13,218 INFO epoch 32/200 done: train_loss=0.6834 val_loss=0.5180 val_accuracy=0.8361 val_macro_f1=0.7935 val_macro_auc=0.9461 (checkpoint_metric=macro_auc) [new best]
2026-09-24 15:19:17,319 INFO train epoch 33/200 batch 13/66 (20%) running_loss=0.6897
2026-09-24 15:19:20,887 INFO train epoch 33/200 batch 26/66 (39%) running_loss=0.6821
2026-09-24 15:19:24,471 INFO train epoch 33/200 batch 39/66 (59%) running_loss=0.6834
2026-09-24 15:19:28,056 INFO train epoch 33/200 batch 52/66 (79%) running_loss=0.6767
2026-09-24 15:19:31,622 INFO train epoch 33/200 batch 65/66 (98%) running_loss=0.6710
2026-09-24 15:19:31,846 INFO train epoch 33/200 batch 66/66 (100%) running_loss=0.6734
2026-09-24 15:19:34,488 INFO epoch 33/200 done: train_loss=0.6734 val_loss=0.4504 val_accuracy=0.8627 val_macro_f1=0.7834 val_macro_auc=0.9494 (checkpoint_metric=macro_auc) [new best]
2026-09-24 15:19:38,604 INFO train epoch 34/200 batch 13/66 (20%) running_loss=0.7110
2026-09-24 15:19:42,180 INFO train epoch 34/200 batch 26/66 (39%) running_loss=0.6774
2026-09-24 15:19:45,738 INFO train epoch 34/200 batch 39/66 (59%) running_loss=0.6757
2026-09-24 15:19:49,315 INFO train epoch 34/200 batch 52/66 (79%) running_loss=0.6780
2026-09-24 15:19:52,878 INFO train epoch 34/200 batch 65/66 (98%) running_loss=0.6748
2026-09-24 15:19:53,101 INFO train epoch 34/200 batch 66/66 (100%) running_loss=0.6737
2026-09-24 15:19:55,624 INFO epoch 34/200 done: train_loss=0.6737 val_loss=0.4537 val_accuracy=0.8279 val_macro_f1=0.7085 val_macro_auc=0.9391 (checkpoint_metric=macro_auc)
2026-09-24 15:19:59,687 INFO train epoch 35/200 batch 13/66 (20%) running_loss=0.6956
2026-09-24 15:20:03,249 INFO train epoch 35/200 batch 26/66 (39%) running_loss=0.6641
2026-09-24 15:20:06,908 INFO train epoch 35/200 batch 39/66 (59%) running_loss=0.6612
2026-09-24 15:20:10,474 INFO train epoch 35/200 batch 52/66 (79%) running_loss=0.6678
2026-09-24 15:20:14,036 INFO train epoch 35/200 batch 65/66 (98%) running_loss=0.6740
2026-09-24 15:20:14,261 INFO train epoch 35/200 batch 66/66 (100%) running_loss=0.6765
2026-09-24 15:20:16,841 INFO epoch 35/200 done: train_loss=0.6765 val_loss=0.4581 val_accuracy=0.8279 val_macro_f1=0.6982 val_macro_auc=0.9389 (checkpoint_metric=macro_auc)
2026-09-24 15:20:20,928 INFO train epoch 36/200 batch 13/66 (20%) running_loss=0.6658
2026-09-24 15:20:24,497 INFO train epoch 36/200 batch 26/66 (39%) running_loss=0.6567
2026-09-24 15:20:28,063 INFO train epoch 36/200 batch 39/66 (59%) running_loss=0.6686
2026-09-24 15:20:31,626 INFO train epoch 36/200 batch 52/66 (79%) running_loss=0.6735
2026-09-24 15:20:35,192 INFO train epoch 36/200 batch 65/66 (98%) running_loss=0.6661
2026-09-24 15:20:35,414 INFO train epoch 36/200 batch 66/66 (100%) running_loss=0.6670
2026-09-24 15:20:37,944 INFO epoch 36/200 done: train_loss=0.6670 val_loss=0.3998 val_accuracy=0.8566 val_macro_f1=0.7326 val_macro_auc=0.9507 (checkpoint_metric=macro_auc)
2026-09-24 15:20:42,033 INFO train epoch 37/200 batch 13/66 (20%) running_loss=0.6382
2026-09-24 15:20:45,588 INFO train epoch 37/200 batch 26/66 (39%) running_loss=0.6498
2026-09-24 15:20:49,151 INFO train epoch 37/200 batch 39/66 (59%) running_loss=0.6507
2026-09-24 15:20:52,744 INFO train epoch 37/200 batch 52/66 (79%) running_loss=0.6514
2026-09-24 15:20:56,307 INFO train epoch 37/200 batch 65/66 (98%) running_loss=0.6551
2026-09-24 15:20:56,529 INFO train epoch 37/200 batch 66/66 (100%) running_loss=0.6552
2026-09-24 15:20:59,065 INFO epoch 37/200 done: train_loss=0.6552 val_loss=0.4523 val_accuracy=0.8443 val_macro_f1=0.7559 val_macro_auc=0.9505 (checkpoint_metric=macro_auc)
2026-09-24 15:21:03,190 INFO train epoch 38/200 batch 13/66 (20%) running_loss=0.6737
2026-09-24 15:21:06,765 INFO train epoch 38/200 batch 26/66 (39%) running_loss=0.6576
2026-09-24 15:21:10,501 INFO train epoch 38/200 batch 39/66 (59%) running_loss=0.6562
2026-09-24 15:21:14,061 INFO train epoch 38/200 batch 52/66 (79%) running_loss=0.6487
2026-09-24 15:21:17,616 INFO train epoch 38/200 batch 65/66 (98%) running_loss=0.6478
2026-09-24 15:21:17,840 INFO train epoch 38/200 batch 66/66 (100%) running_loss=0.6496
2026-09-24 15:21:20,498 INFO epoch 38/200 done: train_loss=0.6496 val_loss=0.3660 val_accuracy=0.8668 val_macro_f1=0.7578 val_macro_auc=0.9536 (checkpoint_metric=macro_auc) [new best]
2026-09-24 15:21:24,603 INFO train epoch 39/200 batch 13/66 (20%) running_loss=0.6813
2026-09-24 15:21:28,174 INFO train epoch 39/200 batch 26/66 (39%) running_loss=0.6709
2026-09-24 15:21:31,735 INFO train epoch 39/200 batch 39/66 (59%) running_loss=0.6686
2026-09-24 15:21:35,303 INFO train epoch 39/200 batch 52/66 (79%) running_loss=0.6680
2026-09-24 15:21:38,865 INFO train epoch 39/200 batch 65/66 (98%) running_loss=0.6649
2026-09-24 15:21:39,093 INFO train epoch 39/200 batch 66/66 (100%) running_loss=0.6660
2026-09-24 15:21:41,747 INFO epoch 39/200 done: train_loss=0.6660 val_loss=0.3929 val_accuracy=0.8648 val_macro_f1=0.7349 val_macro_auc=0.9508 (checkpoint_metric=macro_auc) [new best]
2026-09-24 15:21:45,837 INFO train epoch 40/200 batch 13/66 (20%) running_loss=0.6419
2026-09-24 15:21:49,449 INFO train epoch 40/200 batch 26/66 (39%) running_loss=0.6505
2026-09-24 15:21:53,034 INFO train epoch 40/200 batch 39/66 (59%) running_loss=0.6430
2026-09-24 15:21:56,604 INFO train epoch 40/200 batch 52/66 (79%) running_loss=0.6483
2026-09-24 15:22:00,172 INFO train epoch 40/200 batch 65/66 (98%) running_loss=0.6456
2026-09-24 15:22:00,396 INFO train epoch 40/200 batch 66/66 (100%) running_loss=0.6438
2026-09-24 15:22:03,032 INFO epoch 40/200 done: train_loss=0.6438 val_loss=0.4245 val_accuracy=0.8791 val_macro_f1=0.8101 val_macro_auc=0.9546 (checkpoint_metric=macro_auc) [new best]
2026-09-24 15:22:07,116 INFO train epoch 41/200 batch 13/66 (20%) running_loss=0.6272
2026-09-24 15:22:10,685 INFO train epoch 41/200 batch 26/66 (39%) running_loss=0.6211
2026-09-24 15:22:14,251 INFO train epoch 41/200 batch 39/66 (59%) running_loss=0.6266
2026-09-24 15:22:17,818 INFO train epoch 41/200 batch 52/66 (79%) running_loss=0.6175
2026-09-24 15:22:21,471 INFO train epoch 41/200 batch 65/66 (98%) running_loss=0.6183
2026-09-24 15:22:21,694 INFO train epoch 41/200 batch 66/66 (100%) running_loss=0.6183
2026-09-24 15:22:24,233 INFO epoch 41/200 done: train_loss=0.6183 val_loss=0.4238 val_accuracy=0.8504 val_macro_f1=0.7460 val_macro_auc=0.9511 (checkpoint_metric=macro_auc)
2026-09-24 15:22:28,340 INFO train epoch 42/200 batch 13/66 (20%) running_loss=0.6345
2026-09-24 15:22:31,909 INFO train epoch 42/200 batch 26/66 (39%) running_loss=0.6529
2026-09-24 15:22:35,483 INFO train epoch 42/200 batch 39/66 (59%) running_loss=0.6514
2026-09-24 15:22:39,076 INFO train epoch 42/200 batch 52/66 (79%) running_loss=0.6404
2026-09-24 15:22:42,643 INFO train epoch 42/200 batch 65/66 (98%) running_loss=0.6382
2026-09-24 15:22:42,867 INFO train epoch 42/200 batch 66/66 (100%) running_loss=0.6368
2026-09-24 15:22:45,508 INFO epoch 42/200 done: train_loss=0.6368 val_loss=0.4519 val_accuracy=0.8094 val_macro_f1=0.6643 val_macro_auc=0.9551 (checkpoint_metric=macro_auc) [new best]
2026-09-24 15:22:49,578 INFO train epoch 43/200 batch 13/66 (20%) running_loss=0.6162
2026-09-24 15:22:53,164 INFO train epoch 43/200 batch 26/66 (39%) running_loss=0.6079
2026-09-24 15:22:56,754 INFO train epoch 43/200 batch 39/66 (59%) running_loss=0.6093
2026-09-24 15:23:00,343 INFO train epoch 43/200 batch 52/66 (79%) running_loss=0.6073
2026-09-24 15:23:03,912 INFO train epoch 43/200 batch 65/66 (98%) running_loss=0.6171
2026-09-24 15:23:04,138 INFO train epoch 43/200 batch 66/66 (100%) running_loss=0.6166
2026-09-24 15:23:06,692 INFO epoch 43/200 done: train_loss=0.6166 val_loss=0.5511 val_accuracy=0.7582 val_macro_f1=0.6149 val_macro_auc=0.9469 (checkpoint_metric=macro_auc)
2026-09-24 15:23:10,798 INFO train epoch 44/200 batch 13/66 (20%) running_loss=0.6328
2026-09-24 15:23:14,357 INFO train epoch 44/200 batch 26/66 (39%) running_loss=0.6249
2026-09-24 15:23:18,087 INFO train epoch 44/200 batch 39/66 (59%) running_loss=0.6137
2026-09-24 15:23:21,655 INFO train epoch 44/200 batch 52/66 (79%) running_loss=0.6066
2026-09-24 15:23:25,213 INFO train epoch 44/200 batch 65/66 (98%) running_loss=0.6082
2026-09-24 15:23:25,438 INFO train epoch 44/200 batch 66/66 (100%) running_loss=0.6083
2026-09-24 15:23:28,074 INFO epoch 44/200 done: train_loss=0.6083 val_loss=0.3594 val_accuracy=0.8975 val_macro_f1=0.8503 val_macro_auc=0.9772 (checkpoint_metric=macro_auc) [new best]
2026-09-24 15:23:32,188 INFO train epoch 45/200 batch 13/66 (20%) running_loss=0.6722
2026-09-24 15:23:35,767 INFO train epoch 45/200 batch 26/66 (39%) running_loss=0.6428
2026-09-24 15:23:39,329 INFO train epoch 45/200 batch 39/66 (59%) running_loss=0.6490
2026-09-24 15:23:42,889 INFO train epoch 45/200 batch 52/66 (79%) running_loss=0.6492
2026-09-24 15:23:46,450 INFO train epoch 45/200 batch 65/66 (98%) running_loss=0.6422
2026-09-24 15:23:46,675 INFO train epoch 45/200 batch 66/66 (100%) running_loss=0.6425
2026-09-24 15:23:49,224 INFO epoch 45/200 done: train_loss=0.6425 val_loss=0.4921 val_accuracy=0.8217 val_macro_f1=0.6816 val_macro_auc=0.9323 (checkpoint_metric=macro_auc)
2026-09-24 15:23:53,301 INFO train epoch 46/200 batch 13/66 (20%) running_loss=0.6552
2026-09-24 15:23:56,871 INFO train epoch 46/200 batch 26/66 (39%) running_loss=0.6354
2026-09-24 15:24:00,437 INFO train epoch 46/200 batch 39/66 (59%) running_loss=0.6239
2026-09-24 15:24:03,996 INFO train epoch 46/200 batch 52/66 (79%) running_loss=0.6336
2026-09-24 15:24:07,556 INFO train epoch 46/200 batch 65/66 (98%) running_loss=0.6192
2026-09-24 15:24:07,781 INFO train epoch 46/200 batch 66/66 (100%) running_loss=0.6184
2026-09-24 15:24:10,314 INFO epoch 46/200 done: train_loss=0.6184 val_loss=0.3618 val_accuracy=0.8852 val_macro_f1=0.8152 val_macro_auc=0.9623 (checkpoint_metric=macro_auc)
2026-09-24 15:24:14,404 INFO train epoch 47/200 batch 13/66 (20%) running_loss=0.5648
2026-09-24 15:24:17,955 INFO train epoch 47/200 batch 26/66 (39%) running_loss=0.5897
2026-09-24 15:24:21,678 INFO train epoch 47/200 batch 39/66 (59%) running_loss=0.5867
2026-09-24 15:24:25,227 INFO train epoch 47/200 batch 52/66 (79%) running_loss=0.5894
2026-09-24 15:24:28,773 INFO train epoch 47/200 batch 65/66 (98%) running_loss=0.5834
2026-09-24 15:24:28,997 INFO train epoch 47/200 batch 66/66 (100%) running_loss=0.5849
2026-09-24 15:24:31,520 INFO epoch 47/200 done: train_loss=0.5849 val_loss=0.3515 val_accuracy=0.8750 val_macro_f1=0.8256 val_macro_auc=0.9728 (checkpoint_metric=macro_auc)
2026-09-24 15:24:35,604 INFO train epoch 48/200 batch 13/66 (20%) running_loss=0.5970
2026-09-24 15:24:39,170 INFO train epoch 48/200 batch 26/66 (39%) running_loss=0.5836
2026-09-24 15:24:42,738 INFO train epoch 48/200 batch 39/66 (59%) running_loss=0.6017
2026-09-24 15:24:46,302 INFO train epoch 48/200 batch 52/66 (79%) running_loss=0.5953
2026-09-24 15:24:49,861 INFO train epoch 48/200 batch 65/66 (98%) running_loss=0.5998
2026-09-24 15:24:50,085 INFO train epoch 48/200 batch 66/66 (100%) running_loss=0.5988
2026-09-24 15:24:52,746 INFO epoch 48/200 done: train_loss=0.5988 val_loss=0.3388 val_accuracy=0.9283 val_macro_f1=0.8918 val_macro_auc=0.9820 (checkpoint_metric=macro_auc) [new best]
2026-09-24 15:24:56,780 INFO train epoch 49/200 batch 13/66 (20%) running_loss=0.5650
2026-09-24 15:25:00,348 INFO train epoch 49/200 batch 26/66 (39%) running_loss=0.5512
2026-09-24 15:25:03,908 INFO train epoch 49/200 batch 39/66 (59%) running_loss=0.5710
2026-09-24 15:25:07,474 INFO train epoch 49/200 batch 52/66 (79%) running_loss=0.5893
2026-09-24 15:25:11,033 INFO train epoch 49/200 batch 65/66 (98%) running_loss=0.5918
2026-09-24 15:25:11,257 INFO train epoch 49/200 batch 66/66 (100%) running_loss=0.5909
2026-09-24 15:25:13,922 INFO epoch 49/200 done: train_loss=0.5909 val_loss=0.4271 val_accuracy=0.8525 val_macro_f1=0.7806 val_macro_auc=0.9692 (checkpoint_metric=macro_auc) [new best]
2026-09-24 15:25:18,009 INFO train epoch 50/200 batch 13/66 (20%) running_loss=0.5778
2026-09-24 15:25:21,568 INFO train epoch 50/200 batch 26/66 (39%) running_loss=0.5778
2026-09-24 15:25:25,233 INFO train epoch 50/200 batch 39/66 (59%) running_loss=0.5889
2026-09-24 15:25:28,800 INFO train epoch 50/200 batch 52/66 (79%) running_loss=0.6001
2026-09-24 15:25:32,365 INFO train epoch 50/200 batch 65/66 (98%) running_loss=0.5985
2026-09-24 15:25:32,589 INFO train epoch 50/200 batch 66/66 (100%) running_loss=0.5979
2026-09-24 15:25:35,124 INFO epoch 50/200 done: train_loss=0.5979 val_loss=0.3691 val_accuracy=0.8648 val_macro_f1=0.7236 val_macro_auc=0.9564 (checkpoint_metric=macro_auc)
2026-09-24 15:25:39,225 INFO train epoch 51/200 batch 13/66 (20%) running_loss=0.6032
2026-09-24 15:25:42,784 INFO train epoch 51/200 batch 26/66 (39%) running_loss=0.6019
2026-09-24 15:25:46,338 INFO train epoch 51/200 batch 39/66 (59%) running_loss=0.5813
2026-09-24 15:25:49,894 INFO train epoch 51/200 batch 52/66 (79%) running_loss=0.5813
2026-09-24 15:25:53,451 INFO train epoch 51/200 batch 65/66 (98%) running_loss=0.5800
2026-09-24 15:25:53,674 INFO train epoch 51/200 batch 66/66 (100%) running_loss=0.5817
2026-09-24 15:25:56,211 INFO epoch 51/200 done: train_loss=0.5817 val_loss=0.3126 val_accuracy=0.9139 val_macro_f1=0.8565 val_macro_auc=0.9749 (checkpoint_metric=macro_auc)
2026-09-24 15:26:00,280 INFO train epoch 52/200 batch 13/66 (20%) running_loss=0.5475
2026-09-24 15:26:03,850 INFO train epoch 52/200 batch 26/66 (39%) running_loss=0.5690
2026-09-24 15:26:07,414 INFO train epoch 52/200 batch 39/66 (59%) running_loss=0.5843
2026-09-24 15:26:10,993 INFO train epoch 52/200 batch 52/66 (79%) running_loss=0.5763
2026-09-24 15:26:14,561 INFO train epoch 52/200 batch 65/66 (98%) running_loss=0.5771
2026-09-24 15:26:14,785 INFO train epoch 52/200 batch 66/66 (100%) running_loss=0.5770
2026-09-24 15:26:17,329 INFO epoch 52/200 done: train_loss=0.5770 val_loss=0.3481 val_accuracy=0.8791 val_macro_f1=0.7652 val_macro_auc=0.9714 (checkpoint_metric=macro_auc)
2026-09-24 15:26:21,429 INFO train epoch 53/200 batch 13/66 (20%) running_loss=0.6386
2026-09-24 15:26:25,021 INFO train epoch 53/200 batch 26/66 (39%) running_loss=0.6175
2026-09-24 15:26:28,583 INFO train epoch 53/200 batch 39/66 (59%) running_loss=0.6029
2026-09-24 15:26:32,156 INFO train epoch 53/200 batch 52/66 (79%) running_loss=0.6007
2026-09-24 15:26:35,884 INFO train epoch 53/200 batch 65/66 (98%) running_loss=0.5927
2026-09-24 15:26:36,110 INFO train epoch 53/200 batch 66/66 (100%) running_loss=0.5919
2026-09-24 15:26:38,646 INFO epoch 53/200 done: train_loss=0.5919 val_loss=0.3612 val_accuracy=0.8586 val_macro_f1=0.7614 val_macro_auc=0.9706 (checkpoint_metric=macro_auc)
2026-09-24 15:26:42,773 INFO train epoch 54/200 batch 13/66 (20%) running_loss=0.5970
2026-09-24 15:26:46,350 INFO train epoch 54/200 batch 26/66 (39%) running_loss=0.5847
2026-09-24 15:26:49,924 INFO train epoch 54/200 batch 39/66 (59%) running_loss=0.5842
2026-09-24 15:26:53,498 INFO train epoch 54/200 batch 52/66 (79%) running_loss=0.5826
2026-09-24 15:26:57,088 INFO train epoch 54/200 batch 65/66 (98%) running_loss=0.5807
2026-09-24 15:26:57,313 INFO train epoch 54/200 batch 66/66 (100%) running_loss=0.5832
2026-09-24 15:26:59,840 INFO epoch 54/200 done: train_loss=0.5832 val_loss=0.5466 val_accuracy=0.7541 val_macro_f1=0.6182 val_macro_auc=0.9429 (checkpoint_metric=macro_auc)
2026-09-24 15:27:03,897 INFO train epoch 55/200 batch 13/66 (20%) running_loss=0.5838
2026-09-24 15:27:07,468 INFO train epoch 55/200 batch 26/66 (39%) running_loss=0.5888
2026-09-24 15:27:11,035 INFO train epoch 55/200 batch 39/66 (59%) running_loss=0.5718
2026-09-24 15:27:14,592 INFO train epoch 55/200 batch 52/66 (79%) running_loss=0.5711
2026-09-24 15:27:18,164 INFO train epoch 55/200 batch 65/66 (98%) running_loss=0.5693
2026-09-24 15:27:18,387 INFO train epoch 55/200 batch 66/66 (100%) running_loss=0.5695
2026-09-24 15:27:20,922 INFO epoch 55/200 done: train_loss=0.5695 val_loss=0.3252 val_accuracy=0.9037 val_macro_f1=0.8600 val_macro_auc=0.9779 (checkpoint_metric=macro_auc)
2026-09-24 15:27:25,005 INFO train epoch 56/200 batch 13/66 (20%) running_loss=0.5425
2026-09-24 15:27:28,591 INFO train epoch 56/200 batch 26/66 (39%) running_loss=0.5579
2026-09-24 15:27:32,242 INFO train epoch 56/200 batch 39/66 (59%) running_loss=0.5564
2026-09-24 15:27:35,801 INFO train epoch 56/200 batch 52/66 (79%) running_loss=0.5585
2026-09-24 15:27:39,357 INFO train epoch 56/200 batch 65/66 (98%) running_loss=0.5590
2026-09-24 15:27:39,582 INFO train epoch 56/200 batch 66/66 (100%) running_loss=0.5595
2026-09-24 15:27:42,113 INFO epoch 56/200 done: train_loss=0.5595 val_loss=0.2892 val_accuracy=0.9344 val_macro_f1=0.9054 val_macro_auc=0.9876 (checkpoint_metric=macro_auc)
2026-09-24 15:27:46,224 INFO train epoch 57/200 batch 13/66 (20%) running_loss=0.5522
2026-09-24 15:27:49,792 INFO train epoch 57/200 batch 26/66 (39%) running_loss=0.5521
2026-09-24 15:27:53,356 INFO train epoch 57/200 batch 39/66 (59%) running_loss=0.5599
2026-09-24 15:27:56,912 INFO train epoch 57/200 batch 52/66 (79%) running_loss=0.5593
2026-09-24 15:28:00,466 INFO train epoch 57/200 batch 65/66 (98%) running_loss=0.5655
2026-09-24 15:28:00,691 INFO train epoch 57/200 batch 66/66 (100%) running_loss=0.5669
2026-09-24 15:28:03,346 INFO epoch 57/200 done: train_loss=0.5669 val_loss=0.3125 val_accuracy=0.9324 val_macro_f1=0.9035 val_macro_auc=0.9854 (checkpoint_metric=macro_auc) [new best]
2026-09-24 15:28:07,448 INFO train epoch 58/200 batch 13/66 (20%) running_loss=0.5724
2026-09-24 15:28:10,997 INFO train epoch 58/200 batch 26/66 (39%) running_loss=0.5543
2026-09-24 15:28:14,547 INFO train epoch 58/200 batch 39/66 (59%) running_loss=0.5652
2026-09-24 15:28:18,114 INFO train epoch 58/200 batch 52/66 (79%) running_loss=0.5625
2026-09-24 15:28:21,674 INFO train epoch 58/200 batch 65/66 (98%) running_loss=0.5581
2026-09-24 15:28:21,897 INFO train epoch 58/200 batch 66/66 (100%) running_loss=0.5585
2026-09-24 15:28:24,675 INFO epoch 58/200 done: train_loss=0.5585 val_loss=0.2788 val_accuracy=0.9221 val_macro_f1=0.8817 val_macro_auc=0.9843 (checkpoint_metric=macro_auc) [new best]
2026-09-24 15:28:28,750 INFO train epoch 59/200 batch 13/66 (20%) running_loss=0.5488
2026-09-24 15:28:32,311 INFO train epoch 59/200 batch 26/66 (39%) running_loss=0.5468
2026-09-24 15:28:35,882 INFO train epoch 59/200 batch 39/66 (59%) running_loss=0.5572
2026-09-24 15:28:39,441 INFO train epoch 59/200 batch 52/66 (79%) running_loss=0.5613
2026-09-24 15:28:43,002 INFO train epoch 59/200 batch 65/66 (98%) running_loss=0.5607
2026-09-24 15:28:43,227 INFO train epoch 59/200 batch 66/66 (100%) running_loss=0.5594
2026-09-24 15:28:45,752 INFO epoch 59/200 done: train_loss=0.5594 val_loss=0.3019 val_accuracy=0.8873 val_macro_f1=0.7980 val_macro_auc=0.9833 (checkpoint_metric=macro_auc)
2026-09-24 15:28:49,862 INFO train epoch 60/200 batch 13/66 (20%) running_loss=0.5673
2026-09-24 15:28:53,431 INFO train epoch 60/200 batch 26/66 (39%) running_loss=0.5450
2026-09-24 15:28:56,997 INFO train epoch 60/200 batch 39/66 (59%) running_loss=0.5587
2026-09-24 15:29:00,555 INFO train epoch 60/200 batch 52/66 (79%) running_loss=0.5547
2026-09-24 15:29:04,103 INFO train epoch 60/200 batch 65/66 (98%) running_loss=0.5554
2026-09-24 15:29:04,325 INFO train epoch 60/200 batch 66/66 (100%) running_loss=0.5540
2026-09-24 15:29:06,870 INFO epoch 60/200 done: train_loss=0.5540 val_loss=0.3004 val_accuracy=0.9016 val_macro_f1=0.8508 val_macro_auc=0.9883 (checkpoint_metric=macro_auc)
2026-09-24 15:29:10,911 INFO train epoch 61/200 batch 13/66 (20%) running_loss=0.5503
2026-09-24 15:29:14,476 INFO train epoch 61/200 batch 26/66 (39%) running_loss=0.5411
2026-09-24 15:29:18,026 INFO train epoch 61/200 batch 39/66 (59%) running_loss=0.5429
2026-09-24 15:29:21,574 INFO train epoch 61/200 batch 52/66 (79%) running_loss=0.5469
2026-09-24 15:29:25,115 INFO train epoch 61/200 batch 65/66 (98%) running_loss=0.5454
2026-09-24 15:29:25,337 INFO train epoch 61/200 batch 66/66 (100%) running_loss=0.5453
2026-09-24 15:29:27,877 INFO epoch 61/200 done: train_loss=0.5453 val_loss=0.3286 val_accuracy=0.8832 val_macro_f1=0.8532 val_macro_auc=0.9831 (checkpoint_metric=macro_auc)
2026-09-24 15:29:31,918 INFO train epoch 62/200 batch 13/66 (20%) running_loss=0.5326
2026-09-24 15:29:35,640 INFO train epoch 62/200 batch 26/66 (39%) running_loss=0.5522
2026-09-24 15:29:39,194 INFO train epoch 62/200 batch 39/66 (59%) running_loss=0.5432
2026-09-24 15:29:42,748 INFO train epoch 62/200 batch 52/66 (79%) running_loss=0.5490
2026-09-24 15:29:46,297 INFO train epoch 62/200 batch 65/66 (98%) running_loss=0.5493
2026-09-24 15:29:46,521 INFO train epoch 62/200 batch 66/66 (100%) running_loss=0.5491
2026-09-24 15:29:49,180 INFO epoch 62/200 done: train_loss=0.5491 val_loss=0.2550 val_accuracy=0.9324 val_macro_f1=0.8920 val_macro_auc=0.9894 (checkpoint_metric=macro_auc) [new best]
2026-09-24 15:29:53,286 INFO train epoch 63/200 batch 13/66 (20%) running_loss=0.5613
2026-09-24 15:29:56,862 INFO train epoch 63/200 batch 26/66 (39%) running_loss=0.5571
2026-09-24 15:30:00,433 INFO train epoch 63/200 batch 39/66 (59%) running_loss=0.5462
2026-09-24 15:30:03,997 INFO train epoch 63/200 batch 52/66 (79%) running_loss=0.5418
2026-09-24 15:30:07,576 INFO train epoch 63/200 batch 65/66 (98%) running_loss=0.5416
2026-09-24 15:30:07,801 INFO train epoch 63/200 batch 66/66 (100%) running_loss=0.5411
2026-09-24 15:30:10,339 INFO epoch 63/200 done: train_loss=0.5411 val_loss=0.3177 val_accuracy=0.9057 val_macro_f1=0.8588 val_macro_auc=0.9839 (checkpoint_metric=macro_auc)
2026-09-24 15:30:14,407 INFO train epoch 64/200 batch 13/66 (20%) running_loss=0.5533
2026-09-24 15:30:17,972 INFO train epoch 64/200 batch 26/66 (39%) running_loss=0.5444
2026-09-24 15:30:21,545 INFO train epoch 64/200 batch 39/66 (59%) running_loss=0.5380
2026-09-24 15:30:25,285 INFO train epoch 64/200 batch 52/66 (79%) running_loss=0.5495
2026-09-24 15:30:28,855 INFO train epoch 64/200 batch 65/66 (98%) running_loss=0.5493
2026-09-24 15:30:29,078 INFO train epoch 64/200 batch 66/66 (100%) running_loss=0.5489
2026-09-24 15:30:31,627 INFO epoch 64/200 done: train_loss=0.5489 val_loss=0.3291 val_accuracy=0.9262 val_macro_f1=0.8913 val_macro_auc=0.9873 (checkpoint_metric=macro_auc)
2026-09-24 15:30:35,711 INFO train epoch 65/200 batch 13/66 (20%) running_loss=0.5000
2026-09-24 15:30:39,284 INFO train epoch 65/200 batch 26/66 (39%) running_loss=0.5211
2026-09-24 15:30:42,848 INFO train epoch 65/200 batch 39/66 (59%) running_loss=0.5235
2026-09-24 15:30:46,401 INFO train epoch 65/200 batch 52/66 (79%) running_loss=0.5244
2026-09-24 15:30:49,956 INFO train epoch 65/200 batch 65/66 (98%) running_loss=0.5248
2026-09-24 15:30:50,181 INFO train epoch 65/200 batch 66/66 (100%) running_loss=0.5237
2026-09-24 15:30:52,718 INFO epoch 65/200 done: train_loss=0.5237 val_loss=0.3208 val_accuracy=0.8996 val_macro_f1=0.8670 val_macro_auc=0.9841 (checkpoint_metric=macro_auc)
2026-09-24 15:30:56,822 INFO train epoch 66/200 batch 13/66 (20%) running_loss=0.5129
2026-09-24 15:31:00,383 INFO train epoch 66/200 batch 26/66 (39%) running_loss=0.5177
2026-09-24 15:31:03,956 INFO train epoch 66/200 batch 39/66 (59%) running_loss=0.5269
2026-09-24 15:31:07,530 INFO train epoch 66/200 batch 52/66 (79%) running_loss=0.5282
2026-09-24 15:31:11,102 INFO train epoch 66/200 batch 65/66 (98%) running_loss=0.5353
2026-09-24 15:31:11,327 INFO train epoch 66/200 batch 66/66 (100%) running_loss=0.5361
2026-09-24 15:31:13,857 INFO epoch 66/200 done: train_loss=0.5361 val_loss=0.3202 val_accuracy=0.8975 val_macro_f1=0.8578 val_macro_auc=0.9844 (checkpoint_metric=macro_auc)
2026-09-24 15:31:17,935 INFO train epoch 67/200 batch 13/66 (20%) running_loss=0.5150
2026-09-24 15:31:21,490 INFO train epoch 67/200 batch 26/66 (39%) running_loss=0.5337
2026-09-24 15:31:25,050 INFO train epoch 67/200 batch 39/66 (59%) running_loss=0.5291
2026-09-24 15:31:28,619 INFO train epoch 67/200 batch 52/66 (79%) running_loss=0.5269
2026-09-24 15:31:32,170 INFO train epoch 67/200 batch 65/66 (98%) running_loss=0.5224
2026-09-24 15:31:32,396 INFO train epoch 67/200 batch 66/66 (100%) running_loss=0.5242
2026-09-24 15:31:34,939 INFO epoch 67/200 done: train_loss=0.5242 val_loss=0.2798 val_accuracy=0.9324 val_macro_f1=0.8964 val_macro_auc=0.9840 (checkpoint_metric=macro_auc)
2026-09-24 15:31:39,168 INFO train epoch 68/200 batch 13/66 (20%) running_loss=0.5406
2026-09-24 15:31:42,732 INFO train epoch 68/200 batch 26/66 (39%) running_loss=0.5302
2026-09-24 15:31:46,314 INFO train epoch 68/200 batch 39/66 (59%) running_loss=0.5192
2026-09-24 15:31:49,942 INFO train epoch 68/200 batch 52/66 (79%) running_loss=0.5220
2026-09-24 15:31:53,521 INFO train epoch 68/200 batch 65/66 (98%) running_loss=0.5144
2026-09-24 15:31:53,746 INFO train epoch 68/200 batch 66/66 (100%) running_loss=0.5148
2026-09-24 15:31:56,300 INFO epoch 68/200 done: train_loss=0.5148 val_loss=0.4067 val_accuracy=0.8402 val_macro_f1=0.7714 val_macro_auc=0.9703 (checkpoint_metric=macro_auc)
2026-09-24 15:32:00,418 INFO train epoch 69/200 batch 13/66 (20%) running_loss=0.5237
2026-09-24 15:32:04,015 INFO train epoch 69/200 batch 26/66 (39%) running_loss=0.5192
2026-09-24 15:32:07,598 INFO train epoch 69/200 batch 39/66 (59%) running_loss=0.5215
2026-09-24 15:32:11,169 INFO train epoch 69/200 batch 52/66 (79%) running_loss=0.5120
2026-09-24 15:32:14,736 INFO train epoch 69/200 batch 65/66 (98%) running_loss=0.5124
2026-09-24 15:32:14,958 INFO train epoch 69/200 batch 66/66 (100%) running_loss=0.5115
2026-09-24 15:32:17,483 INFO epoch 69/200 done: train_loss=0.5115 val_loss=0.2660 val_accuracy=0.9344 val_macro_f1=0.9062 val_macro_auc=0.9898 (checkpoint_metric=macro_auc)
2026-09-24 15:32:21,575 INFO train epoch 70/200 batch 13/66 (20%) running_loss=0.5087
2026-09-24 15:32:25,133 INFO train epoch 70/200 batch 26/66 (39%) running_loss=0.5159
2026-09-24 15:32:28,685 INFO train epoch 70/200 batch 39/66 (59%) running_loss=0.5227
2026-09-24 15:32:32,243 INFO train epoch 70/200 batch 52/66 (79%) running_loss=0.5200
2026-09-24 15:32:35,973 INFO train epoch 70/200 batch 65/66 (98%) running_loss=0.5186
2026-09-24 15:32:36,196 INFO train epoch 70/200 batch 66/66 (100%) running_loss=0.5198
2026-09-24 15:32:38,739 INFO epoch 70/200 done: train_loss=0.5198 val_loss=0.2516 val_accuracy=0.9324 val_macro_f1=0.8996 val_macro_auc=0.9870 (checkpoint_metric=macro_auc)
2026-09-24 15:32:42,789 INFO train epoch 71/200 batch 13/66 (20%) running_loss=0.5562
2026-09-24 15:32:46,357 INFO train epoch 71/200 batch 26/66 (39%) running_loss=0.5300
2026-09-24 15:32:49,924 INFO train epoch 71/200 batch 39/66 (59%) running_loss=0.5310
2026-09-24 15:32:53,498 INFO train epoch 71/200 batch 52/66 (79%) running_loss=0.5272
2026-09-24 15:32:57,060 INFO train epoch 71/200 batch 65/66 (98%) running_loss=0.5211
2026-09-24 15:32:57,285 INFO train epoch 71/200 batch 66/66 (100%) running_loss=0.5225
2026-09-24 15:32:59,938 INFO epoch 71/200 done: train_loss=0.5225 val_loss=0.2624 val_accuracy=0.9385 val_macro_f1=0.9111 val_macro_auc=0.9881 (checkpoint_metric=macro_auc) [new best]
2026-09-24 15:33:04,043 INFO train epoch 72/200 batch 13/66 (20%) running_loss=0.5040
2026-09-24 15:33:07,615 INFO train epoch 72/200 batch 26/66 (39%) running_loss=0.5222
2026-09-24 15:33:11,186 INFO train epoch 72/200 batch 39/66 (59%) running_loss=0.5184
2026-09-24 15:33:14,759 INFO train epoch 72/200 batch 52/66 (79%) running_loss=0.5246
2026-09-24 15:33:18,320 INFO train epoch 72/200 batch 65/66 (98%) running_loss=0.5197
2026-09-24 15:33:18,543 INFO train epoch 72/200 batch 66/66 (100%) running_loss=0.5191
2026-09-24 15:33:21,081 INFO epoch 72/200 done: train_loss=0.5191 val_loss=0.2913 val_accuracy=0.9344 val_macro_f1=0.8996 val_macro_auc=0.9874 (checkpoint_metric=macro_auc)
2026-09-24 15:33:25,157 INFO train epoch 73/200 batch 13/66 (20%) running_loss=0.5103
2026-09-24 15:33:28,705 INFO train epoch 73/200 batch 26/66 (39%) running_loss=0.5188
2026-09-24 15:33:32,453 INFO train epoch 73/200 batch 39/66 (59%) running_loss=0.5205
2026-09-24 15:33:36,024 INFO train epoch 73/200 batch 52/66 (79%) running_loss=0.5169
2026-09-24 15:33:39,592 INFO train epoch 73/200 batch 65/66 (98%) running_loss=0.5214
2026-09-24 15:33:39,816 INFO train epoch 73/200 batch 66/66 (100%) running_loss=0.5224
2026-09-24 15:33:42,341 INFO epoch 73/200 done: train_loss=0.5224 val_loss=0.2953 val_accuracy=0.9508 val_macro_f1=0.9361 val_macro_auc=0.9892 (checkpoint_metric=macro_auc)
2026-09-24 15:33:46,365 INFO train epoch 74/200 batch 13/66 (20%) running_loss=0.5414
2026-09-24 15:33:49,922 INFO train epoch 74/200 batch 26/66 (39%) running_loss=0.5191
2026-09-24 15:33:53,485 INFO train epoch 74/200 batch 39/66 (59%) running_loss=0.5108
2026-09-24 15:33:57,055 INFO train epoch 74/200 batch 52/66 (79%) running_loss=0.5060
2026-09-24 15:34:00,631 INFO train epoch 74/200 batch 65/66 (98%) running_loss=0.5176
2026-09-24 15:34:00,856 INFO train epoch 74/200 batch 66/66 (100%) running_loss=0.5175
2026-09-24 15:34:03,506 INFO epoch 74/200 done: train_loss=0.5175 val_loss=0.3340 val_accuracy=0.9365 val_macro_f1=0.9104 val_macro_auc=0.9900 (checkpoint_metric=macro_auc) [new best]
2026-09-24 15:34:07,648 INFO train epoch 75/200 batch 13/66 (20%) running_loss=0.4937
2026-09-24 15:34:11,209 INFO train epoch 75/200 batch 26/66 (39%) running_loss=0.5012
2026-09-24 15:34:14,768 INFO train epoch 75/200 batch 39/66 (59%) running_loss=0.5086
2026-09-24 15:34:18,339 INFO train epoch 75/200 batch 52/66 (79%) running_loss=0.5045
2026-09-24 15:34:21,903 INFO train epoch 75/200 batch 65/66 (98%) running_loss=0.5018
2026-09-24 15:34:22,130 INFO train epoch 75/200 batch 66/66 (100%) running_loss=0.5010
2026-09-24 15:34:24,752 INFO epoch 75/200 done: train_loss=0.5010 val_loss=0.2327 val_accuracy=0.9570 val_macro_f1=0.9388 val_macro_auc=0.9909 (checkpoint_metric=macro_auc) [new best]
2026-09-24 15:34:28,779 INFO train epoch 76/200 batch 13/66 (20%) running_loss=0.5124
2026-09-24 15:34:32,338 INFO train epoch 76/200 batch 26/66 (39%) running_loss=0.5040
2026-09-24 15:34:36,000 INFO train epoch 76/200 batch 39/66 (59%) running_loss=0.5061
2026-09-24 15:34:39,573 INFO train epoch 76/200 batch 52/66 (79%) running_loss=0.4985
2026-09-24 15:34:43,144 INFO train epoch 76/200 batch 65/66 (98%) running_loss=0.5003
2026-09-24 15:34:43,369 INFO train epoch 76/200 batch 66/66 (100%) running_loss=0.4997
2026-09-24 15:34:46,022 INFO epoch 76/200 done: train_loss=0.4997 val_loss=0.2318 val_accuracy=0.9406 val_macro_f1=0.9177 val_macro_auc=0.9935 (checkpoint_metric=macro_auc) [new best]
2026-09-24 15:34:50,070 INFO train epoch 77/200 batch 13/66 (20%) running_loss=0.4641
2026-09-24 15:34:53,639 INFO train epoch 77/200 batch 26/66 (39%) running_loss=0.4891
2026-09-24 15:34:57,196 INFO train epoch 77/200 batch 39/66 (59%) running_loss=0.4902
2026-09-24 15:35:00,778 INFO train epoch 77/200 batch 52/66 (79%) running_loss=0.4938
2026-09-24 15:35:04,336 INFO train epoch 77/200 batch 65/66 (98%) running_loss=0.4940
2026-09-24 15:35:04,561 INFO train epoch 77/200 batch 66/66 (100%) running_loss=0.4948
2026-09-24 15:35:07,090 INFO epoch 77/200 done: train_loss=0.4948 val_loss=0.2499 val_accuracy=0.9385 val_macro_f1=0.9083 val_macro_auc=0.9871 (checkpoint_metric=macro_auc)
2026-09-24 15:35:11,191 INFO train epoch 78/200 batch 13/66 (20%) running_loss=0.4844
2026-09-24 15:35:14,760 INFO train epoch 78/200 batch 26/66 (39%) running_loss=0.4758
2026-09-24 15:35:18,329 INFO train epoch 78/200 batch 39/66 (59%) running_loss=0.4785
2026-09-24 15:35:21,911 INFO train epoch 78/200 batch 52/66 (79%) running_loss=0.4878
2026-09-24 15:35:25,479 INFO train epoch 78/200 batch 65/66 (98%) running_loss=0.4971
2026-09-24 15:35:25,704 INFO train epoch 78/200 batch 66/66 (100%) running_loss=0.4973
2026-09-24 15:35:28,242 INFO epoch 78/200 done: train_loss=0.4973 val_loss=0.2469 val_accuracy=0.9324 val_macro_f1=0.9011 val_macro_auc=0.9886 (checkpoint_metric=macro_auc)
2026-09-24 15:35:32,544 INFO train epoch 79/200 batch 13/66 (20%) running_loss=0.4622
2026-09-24 15:35:36,122 INFO train epoch 79/200 batch 26/66 (39%) running_loss=0.4833
2026-09-24 15:35:39,701 INFO train epoch 79/200 batch 39/66 (59%) running_loss=0.4987
2026-09-24 15:35:43,306 INFO train epoch 79/200 batch 52/66 (79%) running_loss=0.4942
2026-09-24 15:35:46,875 INFO train epoch 79/200 batch 65/66 (98%) running_loss=0.4923
2026-09-24 15:35:47,099 INFO train epoch 79/200 batch 66/66 (100%) running_loss=0.4910
2026-09-24 15:35:49,637 INFO epoch 79/200 done: train_loss=0.4910 val_loss=0.2286 val_accuracy=0.9467 val_macro_f1=0.9178 val_macro_auc=0.9915 (checkpoint_metric=macro_auc)
2026-09-24 15:35:53,768 INFO train epoch 80/200 batch 13/66 (20%) running_loss=0.4943
2026-09-24 15:35:57,339 INFO train epoch 80/200 batch 26/66 (39%) running_loss=0.5100
2026-09-24 15:36:00,893 INFO train epoch 80/200 batch 39/66 (59%) running_loss=0.5024
2026-09-24 15:36:04,448 INFO train epoch 80/200 batch 52/66 (79%) running_loss=0.5036
2026-09-24 15:36:08,007 INFO train epoch 80/200 batch 65/66 (98%) running_loss=0.5115
2026-09-24 15:36:08,229 INFO train epoch 80/200 batch 66/66 (100%) running_loss=0.5119
2026-09-24 15:36:10,776 INFO epoch 80/200 done: train_loss=0.5119 val_loss=0.3215 val_accuracy=0.9324 val_macro_f1=0.9225 val_macro_auc=0.9931 (checkpoint_metric=macro_auc)
2026-09-24 15:36:14,843 INFO train epoch 81/200 batch 13/66 (20%) running_loss=0.4850
2026-09-24 15:36:18,403 INFO train epoch 81/200 batch 26/66 (39%) running_loss=0.4928
2026-09-24 15:36:21,970 INFO train epoch 81/200 batch 39/66 (59%) running_loss=0.4828
2026-09-24 15:36:25,625 INFO train epoch 81/200 batch 52/66 (79%) running_loss=0.4939
2026-09-24 15:36:29,180 INFO train epoch 81/200 batch 65/66 (98%) running_loss=0.4908
2026-09-24 15:36:29,403 INFO train epoch 81/200 batch 66/66 (100%) running_loss=0.4923
2026-09-24 15:36:31,936 INFO epoch 81/200 done: train_loss=0.4923 val_loss=0.2992 val_accuracy=0.8893 val_macro_f1=0.8333 val_macro_auc=0.9849 (checkpoint_metric=macro_auc)
2026-09-24 15:36:36,011 INFO train epoch 82/200 batch 13/66 (20%) running_loss=0.5105
2026-09-24 15:36:39,562 INFO train epoch 82/200 batch 26/66 (39%) running_loss=0.4795
2026-09-24 15:36:43,127 INFO train epoch 82/200 batch 39/66 (59%) running_loss=0.4847
2026-09-24 15:36:46,697 INFO train epoch 82/200 batch 52/66 (79%) running_loss=0.4794
2026-09-24 15:36:50,257 INFO train epoch 82/200 batch 65/66 (98%) running_loss=0.4783
2026-09-24 15:36:50,479 INFO train epoch 82/200 batch 66/66 (100%) running_loss=0.4791
2026-09-24 15:36:53,008 INFO epoch 82/200 done: train_loss=0.4791 val_loss=0.2040 val_accuracy=0.9611 val_macro_f1=0.9475 val_macro_auc=0.9927 (checkpoint_metric=macro_auc)
2026-09-24 15:36:57,108 INFO train epoch 83/200 batch 13/66 (20%) running_loss=0.4898
2026-09-24 15:37:00,691 INFO train epoch 83/200 batch 26/66 (39%) running_loss=0.4886
2026-09-24 15:37:04,264 INFO train epoch 83/200 batch 39/66 (59%) running_loss=0.4855
2026-09-24 15:37:07,829 INFO train epoch 83/200 batch 52/66 (79%) running_loss=0.4803
2026-09-24 15:37:11,404 INFO train epoch 83/200 batch 65/66 (98%) running_loss=0.4857
2026-09-24 15:37:11,627 INFO train epoch 83/200 batch 66/66 (100%) running_loss=0.4853
2026-09-24 15:37:14,153 INFO epoch 83/200 done: train_loss=0.4853 val_loss=0.2919 val_accuracy=0.9242 val_macro_f1=0.8863 val_macro_auc=0.9833 (checkpoint_metric=macro_auc)
2026-09-24 15:37:18,213 INFO train epoch 84/200 batch 13/66 (20%) running_loss=0.5067
2026-09-24 15:37:21,766 INFO train epoch 84/200 batch 26/66 (39%) running_loss=0.4990
2026-09-24 15:37:25,326 INFO train epoch 84/200 batch 39/66 (59%) running_loss=0.4861
2026-09-24 15:37:28,886 INFO train epoch 84/200 batch 52/66 (79%) running_loss=0.4875
2026-09-24 15:37:32,435 INFO train epoch 84/200 batch 65/66 (98%) running_loss=0.4811
2026-09-24 15:37:32,658 INFO train epoch 84/200 batch 66/66 (100%) running_loss=0.4804
2026-09-24 15:37:35,193 INFO epoch 84/200 done: train_loss=0.4804 val_loss=0.2085 val_accuracy=0.9529 val_macro_f1=0.9311 val_macro_auc=0.9950 (checkpoint_metric=macro_auc)
2026-09-24 15:37:39,453 INFO train epoch 85/200 batch 13/66 (20%) running_loss=0.4530
2026-09-24 15:37:43,009 INFO train epoch 85/200 batch 26/66 (39%) running_loss=0.4484
2026-09-24 15:37:46,572 INFO train epoch 85/200 batch 39/66 (59%) running_loss=0.4615
2026-09-24 15:37:50,129 INFO train epoch 85/200 batch 52/66 (79%) running_loss=0.4716
2026-09-24 15:37:53,684 INFO train epoch 85/200 batch 65/66 (98%) running_loss=0.4712
2026-09-24 15:37:53,908 INFO train epoch 85/200 batch 66/66 (100%) running_loss=0.4718
2026-09-24 15:37:56,449 INFO epoch 85/200 done: train_loss=0.4718 val_loss=0.1952 val_accuracy=0.9508 val_macro_f1=0.9251 val_macro_auc=0.9949 (checkpoint_metric=macro_auc)
2026-09-24 15:38:00,543 INFO train epoch 86/200 batch 13/66 (20%) running_loss=0.4856
2026-09-24 15:38:04,117 INFO train epoch 86/200 batch 26/66 (39%) running_loss=0.4720
2026-09-24 15:38:07,685 INFO train epoch 86/200 batch 39/66 (59%) running_loss=0.4685
2026-09-24 15:38:11,252 INFO train epoch 86/200 batch 52/66 (79%) running_loss=0.4729
2026-09-24 15:38:14,816 INFO train epoch 86/200 batch 65/66 (98%) running_loss=0.4727
2026-09-24 15:38:15,040 INFO train epoch 86/200 batch 66/66 (100%) running_loss=0.4732
2026-09-24 15:38:17,666 INFO epoch 86/200 done: train_loss=0.4732 val_loss=0.2239 val_accuracy=0.9467 val_macro_f1=0.9243 val_macro_auc=0.9900 (checkpoint_metric=macro_auc) [new best]
2026-09-24 15:38:21,759 INFO train epoch 87/200 batch 13/66 (20%) running_loss=0.4991
2026-09-24 15:38:25,358 INFO train epoch 87/200 batch 26/66 (39%) running_loss=0.4967
2026-09-24 15:38:29,013 INFO train epoch 87/200 batch 39/66 (59%) running_loss=0.4869
2026-09-24 15:38:32,577 INFO train epoch 87/200 batch 52/66 (79%) running_loss=0.4845
2026-09-24 15:38:36,133 INFO train epoch 87/200 batch 65/66 (98%) running_loss=0.4884
2026-09-24 15:38:36,358 INFO train epoch 87/200 batch 66/66 (100%) running_loss=0.4873
2026-09-24 15:38:38,891 INFO epoch 87/200 done: train_loss=0.4873 val_loss=0.2672 val_accuracy=0.9180 val_macro_f1=0.8740 val_macro_auc=0.9880 (checkpoint_metric=macro_auc)
2026-09-24 15:38:42,939 INFO train epoch 88/200 batch 13/66 (20%) running_loss=0.4865
2026-09-24 15:38:46,505 INFO train epoch 88/200 batch 26/66 (39%) running_loss=0.4818
2026-09-24 15:38:50,068 INFO train epoch 88/200 batch 39/66 (59%) running_loss=0.4719
2026-09-24 15:38:53,631 INFO train epoch 88/200 batch 52/66 (79%) running_loss=0.4698
2026-09-24 15:38:57,189 INFO train epoch 88/200 batch 65/66 (98%) running_loss=0.4698
2026-09-24 15:38:57,413 INFO train epoch 88/200 batch 66/66 (100%) running_loss=0.4698
2026-09-24 15:38:59,960 INFO epoch 88/200 done: train_loss=0.4698 val_loss=0.2625 val_accuracy=0.9262 val_macro_f1=0.8941 val_macro_auc=0.9915 (checkpoint_metric=macro_auc)
2026-09-24 15:39:04,046 INFO train epoch 89/200 batch 13/66 (20%) running_loss=0.4709
2026-09-24 15:39:07,617 INFO train epoch 89/200 batch 26/66 (39%) running_loss=0.4570
2026-09-24 15:39:11,183 INFO train epoch 89/200 batch 39/66 (59%) running_loss=0.4600
2026-09-24 15:39:14,748 INFO train epoch 89/200 batch 52/66 (79%) running_loss=0.4700
2026-09-24 15:39:18,315 INFO train epoch 89/200 batch 65/66 (98%) running_loss=0.4789
2026-09-24 15:39:18,539 INFO train epoch 89/200 batch 66/66 (100%) running_loss=0.4787
2026-09-24 15:39:21,063 INFO epoch 89/200 done: train_loss=0.4787 val_loss=0.3147 val_accuracy=0.8934 val_macro_f1=0.8526 val_macro_auc=0.9859 (checkpoint_metric=macro_auc)
2026-09-24 15:39:25,163 INFO train epoch 90/200 batch 13/66 (20%) running_loss=0.4626
2026-09-24 15:39:28,724 INFO train epoch 90/200 batch 26/66 (39%) running_loss=0.4497
2026-09-24 15:39:32,292 INFO train epoch 90/200 batch 39/66 (59%) running_loss=0.4543
2026-09-24 15:39:35,868 INFO train epoch 90/200 batch 52/66 (79%) running_loss=0.4634
2026-09-24 15:39:39,604 INFO train epoch 90/200 batch 65/66 (98%) running_loss=0.4644
2026-09-24 15:39:39,827 INFO train epoch 90/200 batch 66/66 (100%) running_loss=0.4650
2026-09-24 15:39:42,375 INFO epoch 90/200 done: train_loss=0.4650 val_loss=0.2355 val_accuracy=0.9467 val_macro_f1=0.9233 val_macro_auc=0.9925 (checkpoint_metric=macro_auc)
2026-09-24 15:39:46,461 INFO train epoch 91/200 batch 13/66 (20%) running_loss=0.4822
2026-09-24 15:39:50,028 INFO train epoch 91/200 batch 26/66 (39%) running_loss=0.4810
2026-09-24 15:39:53,598 INFO train epoch 91/200 batch 39/66 (59%) running_loss=0.4688
2026-09-24 15:39:57,167 INFO train epoch 91/200 batch 52/66 (79%) running_loss=0.4629
2026-09-24 15:40:00,738 INFO train epoch 91/200 batch 65/66 (98%) running_loss=0.4629
2026-09-24 15:40:00,965 INFO train epoch 91/200 batch 66/66 (100%) running_loss=0.4625
2026-09-24 15:40:03,508 INFO epoch 91/200 done: train_loss=0.4625 val_loss=0.2529 val_accuracy=0.9467 val_macro_f1=0.9252 val_macro_auc=0.9925 (checkpoint_metric=macro_auc)
2026-09-24 15:40:07,612 INFO train epoch 92/200 batch 13/66 (20%) running_loss=0.4445
2026-09-24 15:40:11,184 INFO train epoch 92/200 batch 26/66 (39%) running_loss=0.4489
2026-09-24 15:40:14,756 INFO train epoch 92/200 batch 39/66 (59%) running_loss=0.4548
2026-09-24 15:40:18,331 INFO train epoch 92/200 batch 52/66 (79%) running_loss=0.4498
2026-09-24 15:40:21,920 INFO train epoch 92/200 batch 65/66 (98%) running_loss=0.4527
2026-09-24 15:40:22,145 INFO train epoch 92/200 batch 66/66 (100%) running_loss=0.4533
2026-09-24 15:40:24,699 INFO epoch 92/200 done: train_loss=0.4533 val_loss=0.2379 val_accuracy=0.9590 val_macro_f1=0.9382 val_macro_auc=0.9937 (checkpoint_metric=macro_auc)
2026-09-24 15:40:28,759 INFO train epoch 93/200 batch 13/66 (20%) running_loss=0.4389
2026-09-24 15:40:32,356 INFO train epoch 93/200 batch 26/66 (39%) running_loss=0.4462
2026-09-24 15:40:36,035 INFO train epoch 93/200 batch 39/66 (59%) running_loss=0.4441
2026-09-24 15:40:39,603 INFO train epoch 93/200 batch 52/66 (79%) running_loss=0.4515
2026-09-24 15:40:43,192 INFO train epoch 93/200 batch 65/66 (98%) running_loss=0.4559
2026-09-24 15:40:43,418 INFO train epoch 93/200 batch 66/66 (100%) running_loss=0.4571
2026-09-24 15:40:45,953 INFO epoch 93/200 done: train_loss=0.4571 val_loss=0.2906 val_accuracy=0.9201 val_macro_f1=0.8892 val_macro_auc=0.9929 (checkpoint_metric=macro_auc)
2026-09-24 15:40:50,066 INFO train epoch 94/200 batch 13/66 (20%) running_loss=0.4705
2026-09-24 15:40:53,642 INFO train epoch 94/200 batch 26/66 (39%) running_loss=0.4609
2026-09-24 15:40:57,216 INFO train epoch 94/200 batch 39/66 (59%) running_loss=0.4675
2026-09-24 15:41:00,810 INFO train epoch 94/200 batch 52/66 (79%) running_loss=0.4656
2026-09-24 15:41:04,384 INFO train epoch 94/200 batch 65/66 (98%) running_loss=0.4631
2026-09-24 15:41:04,608 INFO train epoch 94/200 batch 66/66 (100%) running_loss=0.4651
2026-09-24 15:41:07,145 INFO epoch 94/200 done: train_loss=0.4651 val_loss=0.2376 val_accuracy=0.9467 val_macro_f1=0.9237 val_macro_auc=0.9934 (checkpoint_metric=macro_auc)
2026-09-24 15:41:11,261 INFO train epoch 95/200 batch 13/66 (20%) running_loss=0.4362
2026-09-24 15:41:14,842 INFO train epoch 95/200 batch 26/66 (39%) running_loss=0.4527
2026-09-24 15:41:18,418 INFO train epoch 95/200 batch 39/66 (59%) running_loss=0.4584
2026-09-24 15:41:21,990 INFO train epoch 95/200 batch 52/66 (79%) running_loss=0.4609
2026-09-24 15:41:25,562 INFO train epoch 95/200 batch 65/66 (98%) running_loss=0.4603
2026-09-24 15:41:25,788 INFO train epoch 95/200 batch 66/66 (100%) running_loss=0.4600
2026-09-24 15:41:28,455 INFO epoch 95/200 done: train_loss=0.4600 val_loss=0.2623 val_accuracy=0.9529 val_macro_f1=0.9369 val_macro_auc=0.9962 (checkpoint_metric=macro_auc) [new best]
2026-09-24 15:41:32,511 INFO train epoch 96/200 batch 13/66 (20%) running_loss=0.4698
2026-09-24 15:41:36,263 INFO train epoch 96/200 batch 26/66 (39%) running_loss=0.4530
2026-09-24 15:41:39,826 INFO train epoch 96/200 batch 39/66 (59%) running_loss=0.4553
2026-09-24 15:41:43,389 INFO train epoch 96/200 batch 52/66 (79%) running_loss=0.4564
2026-09-24 15:41:46,956 INFO train epoch 96/200 batch 65/66 (98%) running_loss=0.4589
2026-09-24 15:41:47,182 INFO train epoch 96/200 batch 66/66 (100%) running_loss=0.4585
2026-09-24 15:41:49,885 INFO epoch 96/200 done: train_loss=0.4585 val_loss=0.1918 val_accuracy=0.9570 val_macro_f1=0.9339 val_macro_auc=0.9955 (checkpoint_metric=macro_auc) [new best]
2026-09-24 15:41:53,979 INFO train epoch 97/200 batch 13/66 (20%) running_loss=0.4401
2026-09-24 15:41:57,577 INFO train epoch 97/200 batch 26/66 (39%) running_loss=0.4606
2026-09-24 15:42:01,165 INFO train epoch 97/200 batch 39/66 (59%) running_loss=0.4489
2026-09-24 15:42:04,744 INFO train epoch 97/200 batch 52/66 (79%) running_loss=0.4588
2026-09-24 15:42:08,352 INFO train epoch 97/200 batch 65/66 (98%) running_loss=0.4611
2026-09-24 15:42:08,578 INFO train epoch 97/200 batch 66/66 (100%) running_loss=0.4616
2026-09-24 15:42:11,239 INFO epoch 97/200 done: train_loss=0.4616 val_loss=0.2400 val_accuracy=0.9549 val_macro_f1=0.9348 val_macro_auc=0.9949 (checkpoint_metric=macro_auc) [new best]
2026-09-24 15:42:15,318 INFO train epoch 98/200 batch 13/66 (20%) running_loss=0.4555
2026-09-24 15:42:18,928 INFO train epoch 98/200 batch 26/66 (39%) running_loss=0.4587
2026-09-24 15:42:22,679 INFO train epoch 98/200 batch 39/66 (59%) running_loss=0.4526
2026-09-24 15:42:26,259 INFO train epoch 98/200 batch 52/66 (79%) running_loss=0.4555
2026-09-24 15:42:29,821 INFO train epoch 98/200 batch 65/66 (98%) running_loss=0.4519
2026-09-24 15:42:30,046 INFO train epoch 98/200 batch 66/66 (100%) running_loss=0.4518
2026-09-24 15:42:32,594 INFO epoch 98/200 done: train_loss=0.4518 val_loss=0.2519 val_accuracy=0.9221 val_macro_f1=0.8898 val_macro_auc=0.9923 (checkpoint_metric=macro_auc)
2026-09-24 15:42:36,721 INFO train epoch 99/200 batch 13/66 (20%) running_loss=0.4684
2026-09-24 15:42:40,295 INFO train epoch 99/200 batch 26/66 (39%) running_loss=0.4704
2026-09-24 15:42:43,866 INFO train epoch 99/200 batch 39/66 (59%) running_loss=0.4543
2026-09-24 15:42:47,428 INFO train epoch 99/200 batch 52/66 (79%) running_loss=0.4464
2026-09-24 15:42:50,993 INFO train epoch 99/200 batch 65/66 (98%) running_loss=0.4438
2026-09-24 15:42:51,218 INFO train epoch 99/200 batch 66/66 (100%) running_loss=0.4432
2026-09-24 15:42:53,767 INFO epoch 99/200 done: train_loss=0.4432 val_loss=0.2336 val_accuracy=0.9467 val_macro_f1=0.9255 val_macro_auc=0.9939 (checkpoint_metric=macro_auc)
2026-09-24 15:42:57,888 INFO train epoch 100/200 batch 13/66 (20%) running_loss=0.4492
2026-09-24 15:43:01,471 INFO train epoch 100/200 batch 26/66 (39%) running_loss=0.4699
2026-09-24 15:43:05,043 INFO train epoch 100/200 batch 39/66 (59%) running_loss=0.4708
2026-09-24 15:43:08,611 INFO train epoch 100/200 batch 52/66 (79%) running_loss=0.4673
2026-09-24 15:43:12,176 INFO train epoch 100/200 batch 65/66 (98%) running_loss=0.4683
2026-09-24 15:43:12,400 INFO train epoch 100/200 batch 66/66 (100%) running_loss=0.4683
2026-09-24 15:43:14,945 INFO epoch 100/200 done: train_loss=0.4683 val_loss=0.2232 val_accuracy=0.9426 val_macro_f1=0.9193 val_macro_auc=0.9931 (checkpoint_metric=macro_auc)
2026-09-24 15:43:19,028 INFO train epoch 101/200 batch 13/66 (20%) running_loss=0.4583
2026-09-24 15:43:22,589 INFO train epoch 101/200 batch 26/66 (39%) running_loss=0.4517
2026-09-24 15:43:26,158 INFO train epoch 101/200 batch 39/66 (59%) running_loss=0.4455
2026-09-24 15:43:29,834 INFO train epoch 101/200 batch 52/66 (79%) running_loss=0.4504
2026-09-24 15:43:33,395 INFO train epoch 101/200 batch 65/66 (98%) running_loss=0.4443
2026-09-24 15:43:33,620 INFO train epoch 101/200 batch 66/66 (100%) running_loss=0.4448
2026-09-24 15:43:36,158 INFO epoch 101/200 done: train_loss=0.4448 val_loss=0.2204 val_accuracy=0.9611 val_macro_f1=0.9455 val_macro_auc=0.9939 (checkpoint_metric=macro_auc)
2026-09-24 15:43:40,275 INFO train epoch 102/200 batch 13/66 (20%) running_loss=0.4481
2026-09-24 15:43:43,860 INFO train epoch 102/200 batch 26/66 (39%) running_loss=0.4540
2026-09-24 15:43:47,428 INFO train epoch 102/200 batch 39/66 (59%) running_loss=0.4565
2026-09-24 15:43:51,002 INFO train epoch 102/200 batch 52/66 (79%) running_loss=0.4521
2026-09-24 15:43:54,563 INFO train epoch 102/200 batch 65/66 (98%) running_loss=0.4494
2026-09-24 15:43:54,788 INFO train epoch 102/200 batch 66/66 (100%) running_loss=0.4503
2026-09-24 15:43:57,321 INFO epoch 102/200 done: train_loss=0.4503 val_loss=0.2387 val_accuracy=0.9406 val_macro_f1=0.9167 val_macro_auc=0.9918 (checkpoint_metric=macro_auc)
2026-09-24 15:44:01,382 INFO train epoch 103/200 batch 13/66 (20%) running_loss=0.4448
2026-09-24 15:44:04,943 INFO train epoch 103/200 batch 26/66 (39%) running_loss=0.4269
2026-09-24 15:44:08,512 INFO train epoch 103/200 batch 39/66 (59%) running_loss=0.4348
2026-09-24 15:44:12,083 INFO train epoch 103/200 batch 52/66 (79%) running_loss=0.4459
2026-09-24 15:44:15,647 INFO train epoch 103/200 batch 65/66 (98%) running_loss=0.4464
2026-09-24 15:44:15,871 INFO train epoch 103/200 batch 66/66 (100%) running_loss=0.4474
2026-09-24 15:44:18,414 INFO epoch 103/200 done: train_loss=0.4474 val_loss=0.2168 val_accuracy=0.9508 val_macro_f1=0.9278 val_macro_auc=0.9962 (checkpoint_metric=macro_auc)
2026-09-24 15:44:22,524 INFO train epoch 104/200 batch 13/66 (20%) running_loss=0.4786
2026-09-24 15:44:26,090 INFO train epoch 104/200 batch 26/66 (39%) running_loss=0.4511
2026-09-24 15:44:29,662 INFO train epoch 104/200 batch 39/66 (59%) running_loss=0.4510
2026-09-24 15:44:33,220 INFO train epoch 104/200 batch 52/66 (79%) running_loss=0.4627
2026-09-24 15:44:36,779 INFO train epoch 104/200 batch 65/66 (98%) running_loss=0.4561
2026-09-24 15:44:37,002 INFO train epoch 104/200 batch 66/66 (100%) running_loss=0.4561
2026-09-24 15:44:39,539 INFO epoch 104/200 done: train_loss=0.4561 val_loss=0.2003 val_accuracy=0.9467 val_macro_f1=0.9223 val_macro_auc=0.9945 (checkpoint_metric=macro_auc)
2026-09-24 15:44:43,807 INFO train epoch 105/200 batch 13/66 (20%) running_loss=0.4068
2026-09-24 15:44:47,366 INFO train epoch 105/200 batch 26/66 (39%) running_loss=0.4193
2026-09-24 15:44:50,928 INFO train epoch 105/200 batch 39/66 (59%) running_loss=0.4228
2026-09-24 15:44:54,528 INFO train epoch 105/200 batch 52/66 (79%) running_loss=0.4367
2026-09-24 15:44:58,090 INFO train epoch 105/200 batch 65/66 (98%) running_loss=0.4441
2026-09-24 15:44:58,323 INFO train epoch 105/200 batch 66/66 (100%) running_loss=0.4440
2026-09-24 15:45:00,854 INFO epoch 105/200 done: train_loss=0.4440 val_loss=0.2015 val_accuracy=0.9508 val_macro_f1=0.9273 val_macro_auc=0.9940 (checkpoint_metric=macro_auc)
2026-09-24 15:45:04,962 INFO train epoch 106/200 batch 13/66 (20%) running_loss=0.4464
2026-09-24 15:45:08,522 INFO train epoch 106/200 batch 26/66 (39%) running_loss=0.4585
2026-09-24 15:45:12,098 INFO train epoch 106/200 batch 39/66 (59%) running_loss=0.4536
2026-09-24 15:45:15,679 INFO train epoch 106/200 batch 52/66 (79%) running_loss=0.4522
2026-09-24 15:45:19,251 INFO train epoch 106/200 batch 65/66 (98%) running_loss=0.4496
2026-09-24 15:45:19,476 INFO train epoch 106/200 batch 66/66 (100%) running_loss=0.4498
2026-09-24 15:45:22,015 INFO epoch 106/200 done: train_loss=0.4498 val_loss=0.2392 val_accuracy=0.9242 val_macro_f1=0.8926 val_macro_auc=0.9919 (checkpoint_metric=macro_auc)
2026-09-24 15:45:26,108 INFO train epoch 107/200 batch 13/66 (20%) running_loss=0.4391
2026-09-24 15:45:29,674 INFO train epoch 107/200 batch 26/66 (39%) running_loss=0.4475
2026-09-24 15:45:33,242 INFO train epoch 107/200 batch 39/66 (59%) running_loss=0.4429
2026-09-24 15:45:36,811 INFO train epoch 107/200 batch 52/66 (79%) running_loss=0.4343
2026-09-24 15:45:40,542 INFO train epoch 107/200 batch 65/66 (98%) running_loss=0.4346
2026-09-24 15:45:40,766 INFO train epoch 107/200 batch 66/66 (100%) running_loss=0.4338
2026-09-24 15:45:43,295 INFO epoch 107/200 done: train_loss=0.4338 val_loss=0.1933 val_accuracy=0.9590 val_macro_f1=0.9390 val_macro_auc=0.9953 (checkpoint_metric=macro_auc)
2026-09-24 15:45:47,406 INFO train epoch 108/200 batch 13/66 (20%) running_loss=0.4202
2026-09-24 15:45:50,977 INFO train epoch 108/200 batch 26/66 (39%) running_loss=0.4357
2026-09-24 15:45:54,547 INFO train epoch 108/200 batch 39/66 (59%) running_loss=0.4471
2026-09-24 15:45:58,150 INFO train epoch 108/200 batch 52/66 (79%) running_loss=0.4456
2026-09-24 15:46:01,723 INFO train epoch 108/200 batch 65/66 (98%) running_loss=0.4464
2026-09-24 15:46:01,948 INFO train epoch 108/200 batch 66/66 (100%) running_loss=0.4458
2026-09-24 15:46:04,477 INFO epoch 108/200 done: train_loss=0.4458 val_loss=0.2059 val_accuracy=0.9488 val_macro_f1=0.9266 val_macro_auc=0.9937 (checkpoint_metric=macro_auc)
2026-09-24 15:46:08,577 INFO train epoch 109/200 batch 13/66 (20%) running_loss=0.4071
2026-09-24 15:46:12,158 INFO train epoch 109/200 batch 26/66 (39%) running_loss=0.4233
2026-09-24 15:46:15,729 INFO train epoch 109/200 batch 39/66 (59%) running_loss=0.4257
2026-09-24 15:46:19,314 INFO train epoch 109/200 batch 52/66 (79%) running_loss=0.4319
2026-09-24 15:46:22,884 INFO train epoch 109/200 batch 65/66 (98%) running_loss=0.4341
2026-09-24 15:46:23,113 INFO train epoch 109/200 batch 66/66 (100%) running_loss=0.4342
2026-09-24 15:46:25,646 INFO epoch 109/200 done: train_loss=0.4342 val_loss=0.2196 val_accuracy=0.9590 val_macro_f1=0.9414 val_macro_auc=0.9941 (checkpoint_metric=macro_auc)
2026-09-24 15:46:29,761 INFO train epoch 110/200 batch 13/66 (20%) running_loss=0.4361
2026-09-24 15:46:33,323 INFO train epoch 110/200 batch 26/66 (39%) running_loss=0.4291
2026-09-24 15:46:36,886 INFO train epoch 110/200 batch 39/66 (59%) running_loss=0.4264
2026-09-24 15:46:40,455 INFO train epoch 110/200 batch 52/66 (79%) running_loss=0.4291
2026-09-24 15:46:44,022 INFO train epoch 110/200 batch 65/66 (98%) running_loss=0.4308
2026-09-24 15:46:44,247 INFO train epoch 110/200 batch 66/66 (100%) running_loss=0.4312
2026-09-24 15:46:46,774 INFO epoch 110/200 done: train_loss=0.4312 val_loss=0.2595 val_accuracy=0.9324 val_macro_f1=0.9039 val_macro_auc=0.9913 (checkpoint_metric=macro_auc)
2026-09-24 15:46:50,882 INFO train epoch 111/200 batch 13/66 (20%) running_loss=0.4325
2026-09-24 15:46:54,629 INFO train epoch 111/200 batch 26/66 (39%) running_loss=0.4263
2026-09-24 15:46:58,208 INFO train epoch 111/200 batch 39/66 (59%) running_loss=0.4309
2026-09-24 15:47:01,783 INFO train epoch 111/200 batch 52/66 (79%) running_loss=0.4307
2026-09-24 15:47:05,355 INFO train epoch 111/200 batch 65/66 (98%) running_loss=0.4257
2026-09-24 15:47:05,580 INFO train epoch 111/200 batch 66/66 (100%) running_loss=0.4254
2026-09-24 15:47:08,134 INFO epoch 111/200 done: train_loss=0.4254 val_loss=0.2112 val_accuracy=0.9303 val_macro_f1=0.9022 val_macro_auc=0.9949 (checkpoint_metric=macro_auc)
2026-09-24 15:47:12,236 INFO train epoch 112/200 batch 13/66 (20%) running_loss=0.4407
2026-09-24 15:47:15,797 INFO train epoch 112/200 batch 26/66 (39%) running_loss=0.4434
2026-09-24 15:47:19,364 INFO train epoch 112/200 batch 39/66 (59%) running_loss=0.4418
2026-09-24 15:47:22,941 INFO train epoch 112/200 batch 52/66 (79%) running_loss=0.4322
2026-09-24 15:47:26,506 INFO train epoch 112/200 batch 65/66 (98%) running_loss=0.4279
2026-09-24 15:47:26,732 INFO train epoch 112/200 batch 66/66 (100%) running_loss=0.4275
2026-09-24 15:47:29,264 INFO epoch 112/200 done: train_loss=0.4275 val_loss=0.1989 val_accuracy=0.9447 val_macro_f1=0.9199 val_macro_auc=0.9956 (checkpoint_metric=macro_auc)
2026-09-24 15:47:33,376 INFO train epoch 113/200 batch 13/66 (20%) running_loss=0.4385
2026-09-24 15:47:36,959 INFO train epoch 113/200 batch 26/66 (39%) running_loss=0.4331
2026-09-24 15:47:40,534 INFO train epoch 113/200 batch 39/66 (59%) running_loss=0.4307
2026-09-24 15:47:44,120 INFO train epoch 113/200 batch 52/66 (79%) running_loss=0.4317
2026-09-24 15:47:47,878 INFO train epoch 113/200 batch 65/66 (98%) running_loss=0.4310
2026-09-24 15:47:48,103 INFO train epoch 113/200 batch 66/66 (100%) running_loss=0.4298
2026-09-24 15:47:50,654 INFO epoch 113/200 done: train_loss=0.4298 val_loss=0.1964 val_accuracy=0.9549 val_macro_f1=0.9358 val_macro_auc=0.9958 (checkpoint_metric=macro_auc)
2026-09-24 15:47:54,748 INFO train epoch 114/200 batch 13/66 (20%) running_loss=0.4324
2026-09-24 15:47:58,317 INFO train epoch 114/200 batch 26/66 (39%) running_loss=0.4256
2026-09-24 15:48:01,884 INFO train epoch 114/200 batch 39/66 (59%) running_loss=0.4259
2026-09-24 15:48:05,467 INFO train epoch 114/200 batch 52/66 (79%) running_loss=0.4263
2026-09-24 15:48:09,031 INFO train epoch 114/200 batch 65/66 (98%) running_loss=0.4268
2026-09-24 15:48:09,255 INFO train epoch 114/200 batch 66/66 (100%) running_loss=0.4278
2026-09-24 15:48:11,902 INFO epoch 114/200 done: train_loss=0.4278 val_loss=0.1966 val_accuracy=0.9611 val_macro_f1=0.9461 val_macro_auc=0.9964 (checkpoint_metric=macro_auc) [new best]
2026-09-24 15:48:15,991 INFO train epoch 115/200 batch 13/66 (20%) running_loss=0.4274
2026-09-24 15:48:19,559 INFO train epoch 115/200 batch 26/66 (39%) running_loss=0.4274
2026-09-24 15:48:23,135 INFO train epoch 115/200 batch 39/66 (59%) running_loss=0.4332
2026-09-24 15:48:26,714 INFO train epoch 115/200 batch 52/66 (79%) running_loss=0.4381
2026-09-24 15:48:30,285 INFO train epoch 115/200 batch 65/66 (98%) running_loss=0.4336
2026-09-24 15:48:30,512 INFO train epoch 115/200 batch 66/66 (100%) running_loss=0.4331
2026-09-24 15:48:33,050 INFO epoch 115/200 done: train_loss=0.4331 val_loss=0.2227 val_accuracy=0.9631 val_macro_f1=0.9489 val_macro_auc=0.9948 (checkpoint_metric=macro_auc)
2026-09-24 15:48:37,117 INFO train epoch 116/200 batch 13/66 (20%) running_loss=0.4231
2026-09-24 15:48:40,683 INFO train epoch 116/200 batch 26/66 (39%) running_loss=0.4232
2026-09-24 15:48:44,422 INFO train epoch 116/200 batch 39/66 (59%) running_loss=0.4282
2026-09-24 15:48:48,008 INFO train epoch 116/200 batch 52/66 (79%) running_loss=0.4227
2026-09-24 15:48:51,577 INFO train epoch 116/200 batch 65/66 (98%) running_loss=0.4248
2026-09-24 15:48:51,801 INFO train epoch 116/200 batch 66/66 (100%) running_loss=0.4240
2026-09-24 15:48:54,447 INFO epoch 116/200 done: train_loss=0.4240 val_loss=0.2141 val_accuracy=0.9590 val_macro_f1=0.9428 val_macro_auc=0.9968 (checkpoint_metric=macro_auc) [new best]
2026-09-24 15:48:58,567 INFO train epoch 117/200 batch 13/66 (20%) running_loss=0.4208
2026-09-24 15:49:02,167 INFO train epoch 117/200 batch 26/66 (39%) running_loss=0.4216
2026-09-24 15:49:05,745 INFO train epoch 117/200 batch 39/66 (59%) running_loss=0.4275
2026-09-24 15:49:09,303 INFO train epoch 117/200 batch 52/66 (79%) running_loss=0.4285
2026-09-24 15:49:12,866 INFO train epoch 117/200 batch 65/66 (98%) running_loss=0.4282
2026-09-24 15:49:13,092 INFO train epoch 117/200 batch 66/66 (100%) running_loss=0.4277
2026-09-24 15:49:15,622 INFO epoch 117/200 done: train_loss=0.4277 val_loss=0.2093 val_accuracy=0.9549 val_macro_f1=0.9383 val_macro_auc=0.9964 (checkpoint_metric=macro_auc)
2026-09-24 15:49:19,720 INFO train epoch 118/200 batch 13/66 (20%) running_loss=0.3968
2026-09-24 15:49:23,284 INFO train epoch 118/200 batch 26/66 (39%) running_loss=0.4181
2026-09-24 15:49:26,854 INFO train epoch 118/200 batch 39/66 (59%) running_loss=0.4148
2026-09-24 15:49:30,421 INFO train epoch 118/200 batch 52/66 (79%) running_loss=0.4183
2026-09-24 15:49:33,984 INFO train epoch 118/200 batch 65/66 (98%) running_loss=0.4189
2026-09-24 15:49:34,210 INFO train epoch 118/200 batch 66/66 (100%) running_loss=0.4185
2026-09-24 15:49:36,865 INFO epoch 118/200 done: train_loss=0.4185 val_loss=0.1976 val_accuracy=0.9549 val_macro_f1=0.9334 val_macro_auc=0.9968 (checkpoint_metric=macro_auc) [new best]
2026-09-24 15:49:40,960 INFO train epoch 119/200 batch 13/66 (20%) running_loss=0.3988
2026-09-24 15:49:44,551 INFO train epoch 119/200 batch 26/66 (39%) running_loss=0.4111
2026-09-24 15:49:48,132 INFO train epoch 119/200 batch 39/66 (59%) running_loss=0.4103
2026-09-24 15:49:51,799 INFO train epoch 119/200 batch 52/66 (79%) running_loss=0.4079
2026-09-24 15:49:55,362 INFO train epoch 119/200 batch 65/66 (98%) running_loss=0.4087
2026-09-24 15:49:55,588 INFO train epoch 119/200 batch 66/66 (100%) running_loss=0.4082
2026-09-24 15:49:58,122 INFO epoch 119/200 done: train_loss=0.4082 val_loss=0.2393 val_accuracy=0.9508 val_macro_f1=0.9292 val_macro_auc=0.9927 (checkpoint_metric=macro_auc)
2026-09-24 15:50:02,249 INFO train epoch 120/200 batch 13/66 (20%) running_loss=0.4062
2026-09-24 15:50:05,818 INFO train epoch 120/200 batch 26/66 (39%) running_loss=0.4097
2026-09-24 15:50:09,399 INFO train epoch 120/200 batch 39/66 (59%) running_loss=0.4168
2026-09-24 15:50:12,969 INFO train epoch 120/200 batch 52/66 (79%) running_loss=0.4148
2026-09-24 15:50:16,546 INFO train epoch 120/200 batch 65/66 (98%) running_loss=0.4154
2026-09-24 15:50:16,770 INFO train epoch 120/200 batch 66/66 (100%) running_loss=0.4150
2026-09-24 15:50:19,306 INFO epoch 120/200 done: train_loss=0.4150 val_loss=0.1834 val_accuracy=0.9693 val_macro_f1=0.9600 val_macro_auc=0.9971 (checkpoint_metric=macro_auc)
2026-09-24 15:50:23,404 INFO train epoch 121/200 batch 13/66 (20%) running_loss=0.4075
2026-09-24 15:50:26,976 INFO train epoch 121/200 batch 26/66 (39%) running_loss=0.3950
2026-09-24 15:50:30,542 INFO train epoch 121/200 batch 39/66 (59%) running_loss=0.4034
2026-09-24 15:50:34,120 INFO train epoch 121/200 batch 52/66 (79%) running_loss=0.4052
2026-09-24 15:50:37,692 INFO train epoch 121/200 batch 65/66 (98%) running_loss=0.4091
2026-09-24 15:50:37,918 INFO train epoch 121/200 batch 66/66 (100%) running_loss=0.4105
2026-09-24 15:50:40,458 INFO epoch 121/200 done: train_loss=0.4105 val_loss=0.2043 val_accuracy=0.9570 val_macro_f1=0.9407 val_macro_auc=0.9950 (checkpoint_metric=macro_auc)
2026-09-24 15:50:44,548 INFO train epoch 122/200 batch 13/66 (20%) running_loss=0.4239
2026-09-24 15:50:48,118 INFO train epoch 122/200 batch 26/66 (39%) running_loss=0.4327
2026-09-24 15:50:51,697 INFO train epoch 122/200 batch 39/66 (59%) running_loss=0.4298
2026-09-24 15:50:55,267 INFO train epoch 122/200 batch 52/66 (79%) running_loss=0.4261
2026-09-24 15:50:59,008 INFO train epoch 122/200 batch 65/66 (98%) running_loss=0.4263
2026-09-24 15:50:59,232 INFO train epoch 122/200 batch 66/66 (100%) running_loss=0.4271
2026-09-24 15:51:01,775 INFO epoch 122/200 done: train_loss=0.4271 val_loss=0.1935 val_accuracy=0.9672 val_macro_f1=0.9531 val_macro_auc=0.9977 (checkpoint_metric=macro_auc)
2026-09-24 15:51:05,804 INFO train epoch 123/200 batch 13/66 (20%) running_loss=0.3947
2026-09-24 15:51:09,372 INFO train epoch 123/200 batch 26/66 (39%) running_loss=0.3986
2026-09-24 15:51:12,940 INFO train epoch 123/200 batch 39/66 (59%) running_loss=0.3966
2026-09-24 15:51:16,507 INFO train epoch 123/200 batch 52/66 (79%) running_loss=0.3983
2026-09-24 15:51:20,074 INFO train epoch 123/200 batch 65/66 (98%) running_loss=0.4057
2026-09-24 15:51:20,300 INFO train epoch 123/200 batch 66/66 (100%) running_loss=0.4053
2026-09-24 15:51:22,951 INFO epoch 123/200 done: train_loss=0.4053 val_loss=0.1762 val_accuracy=0.9754 val_macro_f1=0.9664 val_macro_auc=0.9978 (checkpoint_metric=macro_auc) [new best]
2026-09-24 15:51:27,031 INFO train epoch 124/200 batch 13/66 (20%) running_loss=0.3904
2026-09-24 15:51:30,620 INFO train epoch 124/200 batch 26/66 (39%) running_loss=0.3915
2026-09-24 15:51:34,189 INFO train epoch 124/200 batch 39/66 (59%) running_loss=0.3954
2026-09-24 15:51:37,759 INFO train epoch 124/200 batch 52/66 (79%) running_loss=0.3967
2026-09-24 15:51:41,326 INFO train epoch 124/200 batch 65/66 (98%) running_loss=0.3997
2026-09-24 15:51:41,550 INFO train epoch 124/200 batch 66/66 (100%) running_loss=0.4025
2026-09-24 15:51:44,110 INFO epoch 124/200 done: train_loss=0.4025 val_loss=0.2394 val_accuracy=0.9324 val_macro_f1=0.9033 val_macro_auc=0.9909 (checkpoint_metric=macro_auc)
2026-09-24 15:51:48,266 INFO train epoch 125/200 batch 13/66 (20%) running_loss=0.4076
2026-09-24 15:51:51,862 INFO train epoch 125/200 batch 26/66 (39%) running_loss=0.4042
2026-09-24 15:51:55,441 INFO train epoch 125/200 batch 39/66 (59%) running_loss=0.4114
2026-09-24 15:51:59,028 INFO train epoch 125/200 batch 52/66 (79%) running_loss=0.4111
2026-09-24 15:52:02,609 INFO train epoch 125/200 batch 65/66 (98%) running_loss=0.4126
2026-09-24 15:52:02,836 INFO train epoch 125/200 batch 66/66 (100%) running_loss=0.4126
2026-09-24 15:52:05,383 INFO epoch 125/200 done: train_loss=0.4126 val_loss=0.2024 val_accuracy=0.9549 val_macro_f1=0.9389 val_macro_auc=0.9969 (checkpoint_metric=macro_auc)
2026-09-24 15:52:09,589 INFO train epoch 126/200 batch 13/66 (20%) running_loss=0.3999
2026-09-24 15:52:13,150 INFO train epoch 126/200 batch 26/66 (39%) running_loss=0.3992
2026-09-24 15:52:16,710 INFO train epoch 126/200 batch 39/66 (59%) running_loss=0.3953
2026-09-24 15:52:20,279 INFO train epoch 126/200 batch 52/66 (79%) running_loss=0.3969
2026-09-24 15:52:23,848 INFO train epoch 126/200 batch 65/66 (98%) running_loss=0.3983
2026-09-24 15:52:24,072 INFO train epoch 126/200 batch 66/66 (100%) running_loss=0.3983
2026-09-24 15:52:26,608 INFO epoch 126/200 done: train_loss=0.3983 val_loss=0.1830 val_accuracy=0.9570 val_macro_f1=0.9393 val_macro_auc=0.9964 (checkpoint_metric=macro_auc)
2026-09-24 15:52:30,695 INFO train epoch 127/200 batch 13/66 (20%) running_loss=0.4082
2026-09-24 15:52:34,263 INFO train epoch 127/200 batch 26/66 (39%) running_loss=0.4069
2026-09-24 15:52:37,836 INFO train epoch 127/200 batch 39/66 (59%) running_loss=0.4106
2026-09-24 15:52:41,405 INFO train epoch 127/200 batch 52/66 (79%) running_loss=0.4175
2026-09-24 15:52:44,965 INFO train epoch 127/200 batch 65/66 (98%) running_loss=0.4137
2026-09-24 15:52:45,187 INFO train epoch 127/200 batch 66/66 (100%) running_loss=0.4137
2026-09-24 15:52:47,714 INFO epoch 127/200 done: train_loss=0.4137 val_loss=0.2092 val_accuracy=0.9447 val_macro_f1=0.9238 val_macro_auc=0.9953 (checkpoint_metric=macro_auc)
2026-09-24 15:52:51,790 INFO train epoch 128/200 batch 13/66 (20%) running_loss=0.3958
2026-09-24 15:52:55,338 INFO train epoch 128/200 batch 26/66 (39%) running_loss=0.4084
2026-09-24 15:52:58,900 INFO train epoch 128/200 batch 39/66 (59%) running_loss=0.3996
2026-09-24 15:53:02,470 INFO train epoch 128/200 batch 52/66 (79%) running_loss=0.4029
2026-09-24 15:53:06,035 INFO train epoch 128/200 batch 65/66 (98%) running_loss=0.4044
2026-09-24 15:53:06,258 INFO train epoch 128/200 batch 66/66 (100%) running_loss=0.4040
2026-09-24 15:53:08,794 INFO epoch 128/200 done: train_loss=0.4040 val_loss=0.1714 val_accuracy=0.9672 val_macro_f1=0.9543 val_macro_auc=0.9976 (checkpoint_metric=macro_auc)
2026-09-24 15:53:12,851 INFO train epoch 129/200 batch 13/66 (20%) running_loss=0.3901
2026-09-24 15:53:16,598 INFO train epoch 129/200 batch 26/66 (39%) running_loss=0.3950
2026-09-24 15:53:20,168 INFO train epoch 129/200 batch 39/66 (59%) running_loss=0.4017
2026-09-24 15:53:23,740 INFO train epoch 129/200 batch 52/66 (79%) running_loss=0.4040
2026-09-24 15:53:27,320 INFO train epoch 129/200 batch 65/66 (98%) running_loss=0.3998
2026-09-24 15:53:27,544 INFO train epoch 129/200 batch 66/66 (100%) running_loss=0.3999
2026-09-24 15:53:30,092 INFO epoch 129/200 done: train_loss=0.3999 val_loss=0.1815 val_accuracy=0.9590 val_macro_f1=0.9410 val_macro_auc=0.9970 (checkpoint_metric=macro_auc)
2026-09-24 15:53:34,203 INFO train epoch 130/200 batch 13/66 (20%) running_loss=0.4115
2026-09-24 15:53:37,766 INFO train epoch 130/200 batch 26/66 (39%) running_loss=0.4095
2026-09-24 15:53:41,340 INFO train epoch 130/200 batch 39/66 (59%) running_loss=0.4059
2026-09-24 15:53:44,904 INFO train epoch 130/200 batch 52/66 (79%) running_loss=0.4081
2026-09-24 15:53:48,472 INFO train epoch 130/200 batch 65/66 (98%) running_loss=0.4014
2026-09-24 15:53:48,699 INFO train epoch 130/200 batch 66/66 (100%) running_loss=0.4019
2026-09-24 15:53:51,388 INFO epoch 130/200 done: train_loss=0.4019 val_loss=0.1699 val_accuracy=0.9693 val_macro_f1=0.9551 val_macro_auc=0.9972 (checkpoint_metric=macro_auc) [new best]
2026-09-24 15:53:55,480 INFO train epoch 131/200 batch 13/66 (20%) running_loss=0.3827
2026-09-24 15:53:59,058 INFO train epoch 131/200 batch 26/66 (39%) running_loss=0.3974
2026-09-24 15:54:02,628 INFO train epoch 131/200 batch 39/66 (59%) running_loss=0.4063
2026-09-24 15:54:06,206 INFO train epoch 131/200 batch 52/66 (79%) running_loss=0.4116
2026-09-24 15:54:09,782 INFO train epoch 131/200 batch 65/66 (98%) running_loss=0.4090
2026-09-24 15:54:10,008 INFO train epoch 131/200 batch 66/66 (100%) running_loss=0.4087
2026-09-24 15:54:12,551 INFO epoch 131/200 done: train_loss=0.4087 val_loss=0.1787 val_accuracy=0.9693 val_macro_f1=0.9568 val_macro_auc=0.9971 (checkpoint_metric=macro_auc)
2026-09-24 15:54:16,761 INFO train epoch 132/200 batch 13/66 (20%) running_loss=0.4074
2026-09-24 15:54:20,323 INFO train epoch 132/200 batch 26/66 (39%) running_loss=0.4074
2026-09-24 15:54:23,885 INFO train epoch 132/200 batch 39/66 (59%) running_loss=0.4037
2026-09-24 15:54:27,457 INFO train epoch 132/200 batch 52/66 (79%) running_loss=0.4052
2026-09-24 15:54:31,016 INFO train epoch 132/200 batch 65/66 (98%) running_loss=0.3976
2026-09-24 15:54:31,240 INFO train epoch 132/200 batch 66/66 (100%) running_loss=0.3976
2026-09-24 15:54:33,777 INFO epoch 132/200 done: train_loss=0.3976 val_loss=0.2035 val_accuracy=0.9570 val_macro_f1=0.9410 val_macro_auc=0.9961 (checkpoint_metric=macro_auc)
2026-09-24 15:54:37,916 INFO train epoch 133/200 batch 13/66 (20%) running_loss=0.4041
2026-09-24 15:54:41,506 INFO train epoch 133/200 batch 26/66 (39%) running_loss=0.3951
2026-09-24 15:54:45,085 INFO train epoch 133/200 batch 39/66 (59%) running_loss=0.3988
2026-09-24 15:54:48,657 INFO train epoch 133/200 batch 52/66 (79%) running_loss=0.3984
2026-09-24 15:54:52,219 INFO train epoch 133/200 batch 65/66 (98%) running_loss=0.4001
2026-09-24 15:54:52,442 INFO train epoch 133/200 batch 66/66 (100%) running_loss=0.3998
2026-09-24 15:54:55,004 INFO epoch 133/200 done: train_loss=0.3998 val_loss=0.1741 val_accuracy=0.9631 val_macro_f1=0.9469 val_macro_auc=0.9962 (checkpoint_metric=macro_auc)
2026-09-24 15:54:59,083 INFO train epoch 134/200 batch 13/66 (20%) running_loss=0.3935
2026-09-24 15:55:02,640 INFO train epoch 134/200 batch 26/66 (39%) running_loss=0.3972
2026-09-24 15:55:06,208 INFO train epoch 134/200 batch 39/66 (59%) running_loss=0.3927
2026-09-24 15:55:09,792 INFO train epoch 134/200 batch 52/66 (79%) running_loss=0.3905
2026-09-24 15:55:13,353 INFO train epoch 134/200 batch 65/66 (98%) running_loss=0.3935
2026-09-24 15:55:13,575 INFO train epoch 134/200 batch 66/66 (100%) running_loss=0.3938
2026-09-24 15:55:16,116 INFO epoch 134/200 done: train_loss=0.3938 val_loss=0.1979 val_accuracy=0.9447 val_macro_f1=0.9204 val_macro_auc=0.9954 (checkpoint_metric=macro_auc)
2026-09-24 15:55:20,149 INFO train epoch 135/200 batch 13/66 (20%) running_loss=0.4151
2026-09-24 15:55:23,878 INFO train epoch 135/200 batch 26/66 (39%) running_loss=0.4037
2026-09-24 15:55:27,441 INFO train epoch 135/200 batch 39/66 (59%) running_loss=0.3907
2026-09-24 15:55:31,002 INFO train epoch 135/200 batch 52/66 (79%) running_loss=0.3943
2026-09-24 15:55:34,561 INFO train epoch 135/200 batch 65/66 (98%) running_loss=0.3972
2026-09-24 15:55:34,785 INFO train epoch 135/200 batch 66/66 (100%) running_loss=0.3973
2026-09-24 15:55:37,322 INFO epoch 135/200 done: train_loss=0.3973 val_loss=0.2177 val_accuracy=0.9570 val_macro_f1=0.9400 val_macro_auc=0.9960 (checkpoint_metric=macro_auc)
2026-09-24 15:55:41,393 INFO train epoch 136/200 batch 13/66 (20%) running_loss=0.3786
2026-09-24 15:55:44,964 INFO train epoch 136/200 batch 26/66 (39%) running_loss=0.3828
2026-09-24 15:55:48,537 INFO train epoch 136/200 batch 39/66 (59%) running_loss=0.3850
2026-09-24 15:55:52,094 INFO train epoch 136/200 batch 52/66 (79%) running_loss=0.3897
2026-09-24 15:55:55,637 INFO train epoch 136/200 batch 65/66 (98%) running_loss=0.3916
2026-09-24 15:55:55,860 INFO train epoch 136/200 batch 66/66 (100%) running_loss=0.3913
2026-09-24 15:55:58,388 INFO epoch 136/200 done: train_loss=0.3913 val_loss=0.1978 val_accuracy=0.9590 val_macro_f1=0.9437 val_macro_auc=0.9963 (checkpoint_metric=macro_auc)
2026-09-24 15:56:02,483 INFO train epoch 137/200 batch 13/66 (20%) running_loss=0.3787
2026-09-24 15:56:06,061 INFO train epoch 137/200 batch 26/66 (39%) running_loss=0.3818
2026-09-24 15:56:09,636 INFO train epoch 137/200 batch 39/66 (59%) running_loss=0.3805
2026-09-24 15:56:13,215 INFO train epoch 137/200 batch 52/66 (79%) running_loss=0.3884
2026-09-24 15:56:16,776 INFO train epoch 137/200 batch 65/66 (98%) running_loss=0.3970
2026-09-24 15:56:17,000 INFO train epoch 137/200 batch 66/66 (100%) running_loss=0.3968
2026-09-24 15:56:19,520 INFO epoch 137/200 done: train_loss=0.3968 val_loss=0.1690 val_accuracy=0.9672 val_macro_f1=0.9546 val_macro_auc=0.9968 (checkpoint_metric=macro_auc)
2026-09-24 15:56:23,629 INFO train epoch 138/200 batch 13/66 (20%) running_loss=0.3886
2026-09-24 15:56:27,282 INFO train epoch 138/200 batch 26/66 (39%) running_loss=0.3956
2026-09-24 15:56:30,868 INFO train epoch 138/200 batch 39/66 (59%) running_loss=0.3918
2026-09-24 15:56:34,438 INFO train epoch 138/200 batch 52/66 (79%) running_loss=0.3858
2026-09-24 15:56:38,000 INFO train epoch 138/200 batch 65/66 (98%) running_loss=0.3824
2026-09-24 15:56:38,223 INFO train epoch 138/200 batch 66/66 (100%) running_loss=0.3821
2026-09-24 15:56:40,761 INFO epoch 138/200 done: train_loss=0.3821 val_loss=0.1980 val_accuracy=0.9611 val_macro_f1=0.9481 val_macro_auc=0.9966 (checkpoint_metric=macro_auc)
2026-09-24 15:56:44,785 INFO train epoch 139/200 batch 13/66 (20%) running_loss=0.3995
2026-09-24 15:56:48,343 INFO train epoch 139/200 batch 26/66 (39%) running_loss=0.3828
2026-09-24 15:56:51,909 INFO train epoch 139/200 batch 39/66 (59%) running_loss=0.3788
2026-09-24 15:56:55,463 INFO train epoch 139/200 batch 52/66 (79%) running_loss=0.3861
2026-09-24 15:56:59,035 INFO train epoch 139/200 batch 65/66 (98%) running_loss=0.3860
2026-09-24 15:56:59,260 INFO train epoch 139/200 batch 66/66 (100%) running_loss=0.3869
2026-09-24 15:57:01,794 INFO epoch 139/200 done: train_loss=0.3869 val_loss=0.1715 val_accuracy=0.9652 val_macro_f1=0.9526 val_macro_auc=0.9974 (checkpoint_metric=macro_auc)
2026-09-24 15:57:05,899 INFO train epoch 140/200 batch 13/66 (20%) running_loss=0.4040
2026-09-24 15:57:09,468 INFO train epoch 140/200 batch 26/66 (39%) running_loss=0.3957
2026-09-24 15:57:13,033 INFO train epoch 140/200 batch 39/66 (59%) running_loss=0.3962
2026-09-24 15:57:16,594 INFO train epoch 140/200 batch 52/66 (79%) running_loss=0.3910
2026-09-24 15:57:20,152 INFO train epoch 140/200 batch 65/66 (98%) running_loss=0.3924
2026-09-24 15:57:20,376 INFO train epoch 140/200 batch 66/66 (100%) running_loss=0.3915
2026-09-24 15:57:22,906 INFO epoch 140/200 done: train_loss=0.3915 val_loss=0.1833 val_accuracy=0.9611 val_macro_f1=0.9461 val_macro_auc=0.9973 (checkpoint_metric=macro_auc)
2026-09-24 15:57:27,018 INFO train epoch 141/200 batch 13/66 (20%) running_loss=0.4087
2026-09-24 15:57:30,589 INFO train epoch 141/200 batch 26/66 (39%) running_loss=0.3920
2026-09-24 15:57:34,331 INFO train epoch 141/200 batch 39/66 (59%) running_loss=0.3909
2026-09-24 15:57:37,901 INFO train epoch 141/200 batch 52/66 (79%) running_loss=0.3933
2026-09-24 15:57:41,464 INFO train epoch 141/200 batch 65/66 (98%) running_loss=0.3885
2026-09-24 15:57:41,686 INFO train epoch 141/200 batch 66/66 (100%) running_loss=0.3888
2026-09-24 15:57:44,218 INFO epoch 141/200 done: train_loss=0.3888 val_loss=0.1752 val_accuracy=0.9672 val_macro_f1=0.9537 val_macro_auc=0.9963 (checkpoint_metric=macro_auc)
2026-09-24 15:57:48,347 INFO train epoch 142/200 batch 13/66 (20%) running_loss=0.3685
2026-09-24 15:57:51,948 INFO train epoch 142/200 batch 26/66 (39%) running_loss=0.3661
2026-09-24 15:57:55,541 INFO train epoch 142/200 batch 39/66 (59%) running_loss=0.3647
2026-09-24 15:57:59,140 INFO train epoch 142/200 batch 52/66 (79%) running_loss=0.3671
2026-09-24 15:58:02,713 INFO train epoch 142/200 batch 65/66 (98%) running_loss=0.3720
2026-09-24 15:58:02,939 INFO train epoch 142/200 batch 66/66 (100%) running_loss=0.3743
2026-09-24 15:58:05,486 INFO epoch 142/200 done: train_loss=0.3743 val_loss=0.1746 val_accuracy=0.9611 val_macro_f1=0.9476 val_macro_auc=0.9968 (checkpoint_metric=macro_auc)
2026-09-24 15:58:09,577 INFO train epoch 143/200 batch 13/66 (20%) running_loss=0.3799
2026-09-24 15:58:13,151 INFO train epoch 143/200 batch 26/66 (39%) running_loss=0.3801
2026-09-24 15:58:16,735 INFO train epoch 143/200 batch 39/66 (59%) running_loss=0.3822
2026-09-24 15:58:20,300 INFO train epoch 143/200 batch 52/66 (79%) running_loss=0.3795
2026-09-24 15:58:23,870 INFO train epoch 143/200 batch 65/66 (98%) running_loss=0.3814
2026-09-24 15:58:24,095 INFO train epoch 143/200 batch 66/66 (100%) running_loss=0.3814
2026-09-24 15:58:26,627 INFO epoch 143/200 done: train_loss=0.3814 val_loss=0.1879 val_accuracy=0.9652 val_macro_f1=0.9509 val_macro_auc=0.9967 (checkpoint_metric=macro_auc)
2026-09-24 15:58:30,718 INFO train epoch 144/200 batch 13/66 (20%) running_loss=0.3768
2026-09-24 15:58:34,277 INFO train epoch 144/200 batch 26/66 (39%) running_loss=0.3845
2026-09-24 15:58:38,007 INFO train epoch 144/200 batch 39/66 (59%) running_loss=0.3893
2026-09-24 15:58:41,619 INFO train epoch 144/200 batch 52/66 (79%) running_loss=0.3905
2026-09-24 15:58:45,183 INFO train epoch 144/200 batch 65/66 (98%) running_loss=0.3928
2026-09-24 15:58:45,405 INFO train epoch 144/200 batch 66/66 (100%) running_loss=0.3925
2026-09-24 15:58:47,944 INFO epoch 144/200 done: train_loss=0.3925 val_loss=0.1840 val_accuracy=0.9672 val_macro_f1=0.9558 val_macro_auc=0.9967 (checkpoint_metric=macro_auc)
2026-09-24 15:58:52,038 INFO train epoch 145/200 batch 13/66 (20%) running_loss=0.3933
2026-09-24 15:58:55,608 INFO train epoch 145/200 batch 26/66 (39%) running_loss=0.3842
2026-09-24 15:58:59,200 INFO train epoch 145/200 batch 39/66 (59%) running_loss=0.3804
2026-09-24 15:59:02,769 INFO train epoch 145/200 batch 52/66 (79%) running_loss=0.3746
2026-09-24 15:59:06,329 INFO train epoch 145/200 batch 65/66 (98%) running_loss=0.3796
2026-09-24 15:59:06,550 INFO train epoch 145/200 batch 66/66 (100%) running_loss=0.3793
2026-09-24 15:59:09,099 INFO epoch 145/200 done: train_loss=0.3793 val_loss=0.1940 val_accuracy=0.9672 val_macro_f1=0.9555 val_macro_auc=0.9968 (checkpoint_metric=macro_auc)
2026-09-24 15:59:13,195 INFO train epoch 146/200 batch 13/66 (20%) running_loss=0.3638
2026-09-24 15:59:16,757 INFO train epoch 146/200 batch 26/66 (39%) running_loss=0.3582
2026-09-24 15:59:20,343 INFO train epoch 146/200 batch 39/66 (59%) running_loss=0.3648
2026-09-24 15:59:23,908 INFO train epoch 146/200 batch 52/66 (79%) running_loss=0.3666
2026-09-24 15:59:27,468 INFO train epoch 146/200 batch 65/66 (98%) running_loss=0.3708
2026-09-24 15:59:27,693 INFO train epoch 146/200 batch 66/66 (100%) running_loss=0.3703
2026-09-24 15:59:30,230 INFO epoch 146/200 done: train_loss=0.3703 val_loss=0.2007 val_accuracy=0.9549 val_macro_f1=0.9378 val_macro_auc=0.9933 (checkpoint_metric=macro_auc)
2026-09-24 15:59:34,286 INFO train epoch 147/200 batch 13/66 (20%) running_loss=0.3622
2026-09-24 15:59:37,862 INFO train epoch 147/200 batch 26/66 (39%) running_loss=0.3660
2026-09-24 15:59:41,594 INFO train epoch 147/200 batch 39/66 (59%) running_loss=0.3700
2026-09-24 15:59:45,161 INFO train epoch 147/200 batch 52/66 (79%) running_loss=0.3710
2026-09-24 15:59:48,729 INFO train epoch 147/200 batch 65/66 (98%) running_loss=0.3737
2026-09-24 15:59:48,952 INFO train epoch 147/200 batch 66/66 (100%) running_loss=0.3738
2026-09-24 15:59:51,502 INFO epoch 147/200 done: train_loss=0.3738 val_loss=0.1855 val_accuracy=0.9631 val_macro_f1=0.9499 val_macro_auc=0.9966 (checkpoint_metric=macro_auc)
2026-09-24 15:59:55,528 INFO train epoch 148/200 batch 13/66 (20%) running_loss=0.3619
2026-09-24 15:59:59,084 INFO train epoch 148/200 batch 26/66 (39%) running_loss=0.3737
2026-09-24 16:00:02,647 INFO train epoch 148/200 batch 39/66 (59%) running_loss=0.3670
2026-09-24 16:00:06,205 INFO train epoch 148/200 batch 52/66 (79%) running_loss=0.3716
2026-09-24 16:00:09,761 INFO train epoch 148/200 batch 65/66 (98%) running_loss=0.3677
2026-09-24 16:00:09,986 INFO train epoch 148/200 batch 66/66 (100%) running_loss=0.3672
2026-09-24 16:00:12,530 INFO epoch 148/200 done: train_loss=0.3672 val_loss=0.1939 val_accuracy=0.9590 val_macro_f1=0.9418 val_macro_auc=0.9951 (checkpoint_metric=macro_auc)
2026-09-24 16:00:16,626 INFO train epoch 149/200 batch 13/66 (20%) running_loss=0.3888
2026-09-24 16:00:20,192 INFO train epoch 149/200 batch 26/66 (39%) running_loss=0.3856
2026-09-24 16:00:23,764 INFO train epoch 149/200 batch 39/66 (59%) running_loss=0.3796
2026-09-24 16:00:27,332 INFO train epoch 149/200 batch 52/66 (79%) running_loss=0.3786
2026-09-24 16:00:31,067 INFO train epoch 149/200 batch 65/66 (98%) running_loss=0.3794
2026-09-24 16:00:31,293 INFO train epoch 149/200 batch 66/66 (100%) running_loss=0.3789
2026-09-24 16:00:33,816 INFO epoch 149/200 done: train_loss=0.3789 val_loss=0.2077 val_accuracy=0.9549 val_macro_f1=0.9370 val_macro_auc=0.9945 (checkpoint_metric=macro_auc)
2026-09-24 16:00:37,839 INFO train epoch 150/200 batch 13/66 (20%) running_loss=0.3742
2026-09-24 16:00:41,456 INFO train epoch 150/200 batch 26/66 (39%) running_loss=0.3831
2026-09-24 16:00:45,028 INFO train epoch 150/200 batch 39/66 (59%) running_loss=0.3763
2026-09-24 16:00:48,655 INFO train epoch 150/200 batch 52/66 (79%) running_loss=0.3776
2026-09-24 16:00:52,246 INFO train epoch 150/200 batch 65/66 (98%) running_loss=0.3771
2026-09-24 16:00:52,471 INFO train epoch 150/200 batch 66/66 (100%) running_loss=0.3765
2026-09-24 16:00:55,012 INFO epoch 150/200 done: train_loss=0.3765 val_loss=0.1810 val_accuracy=0.9631 val_macro_f1=0.9495 val_macro_auc=0.9965 (checkpoint_metric=macro_auc)
2026-09-24 16:00:59,075 INFO train epoch 151/200 batch 13/66 (20%) running_loss=0.3744
2026-09-24 16:01:02,642 INFO train epoch 151/200 batch 26/66 (39%) running_loss=0.3804
2026-09-24 16:01:06,216 INFO train epoch 151/200 batch 39/66 (59%) running_loss=0.3787
2026-09-24 16:01:09,777 INFO train epoch 151/200 batch 52/66 (79%) running_loss=0.3812
2026-09-24 16:01:13,333 INFO train epoch 151/200 batch 65/66 (98%) running_loss=0.3796
2026-09-24 16:01:13,556 INFO train epoch 151/200 batch 66/66 (100%) running_loss=0.3798
2026-09-24 16:01:16,102 INFO epoch 151/200 done: train_loss=0.3798 val_loss=0.1881 val_accuracy=0.9631 val_macro_f1=0.9485 val_macro_auc=0.9971 (checkpoint_metric=macro_auc)
2026-09-24 16:01:20,176 INFO train epoch 152/200 batch 13/66 (20%) running_loss=0.3746
2026-09-24 16:01:23,733 INFO train epoch 152/200 batch 26/66 (39%) running_loss=0.3807
2026-09-24 16:01:27,294 INFO train epoch 152/200 batch 39/66 (59%) running_loss=0.3744
2026-09-24 16:01:30,862 INFO train epoch 152/200 batch 52/66 (79%) running_loss=0.3764
2026-09-24 16:01:34,417 INFO train epoch 152/200 batch 65/66 (98%) running_loss=0.3777
2026-09-24 16:01:34,640 INFO train epoch 152/200 batch 66/66 (100%) running_loss=0.3773
2026-09-24 16:01:37,178 INFO epoch 152/200 done: train_loss=0.3773 val_loss=0.1857 val_accuracy=0.9652 val_macro_f1=0.9549 val_macro_auc=0.9975 (checkpoint_metric=macro_auc)
2026-09-24 16:01:41,209 INFO train epoch 153/200 batch 13/66 (20%) running_loss=0.3819
2026-09-24 16:01:44,940 INFO train epoch 153/200 batch 26/66 (39%) running_loss=0.3685
2026-09-24 16:01:48,537 INFO train epoch 153/200 batch 39/66 (59%) running_loss=0.3711
2026-09-24 16:01:52,133 INFO train epoch 153/200 batch 52/66 (79%) running_loss=0.3729
2026-09-24 16:01:55,694 INFO train epoch 153/200 batch 65/66 (98%) running_loss=0.3686
2026-09-24 16:01:55,916 INFO train epoch 153/200 batch 66/66 (100%) running_loss=0.3681
2026-09-24 16:01:58,550 INFO epoch 153/200 done: train_loss=0.3681 val_loss=0.1767 val_accuracy=0.9693 val_macro_f1=0.9579 val_macro_auc=0.9976 (checkpoint_metric=macro_auc) [new best]
2026-09-24 16:02:02,646 INFO train epoch 154/200 batch 13/66 (20%) running_loss=0.3814
2026-09-24 16:02:06,219 INFO train epoch 154/200 batch 26/66 (39%) running_loss=0.3783
2026-09-24 16:02:09,784 INFO train epoch 154/200 batch 39/66 (59%) running_loss=0.3753
2026-09-24 16:02:13,345 INFO train epoch 154/200 batch 52/66 (79%) running_loss=0.3728
2026-09-24 16:02:16,917 INFO train epoch 154/200 batch 65/66 (98%) running_loss=0.3732
2026-09-24 16:02:17,141 INFO train epoch 154/200 batch 66/66 (100%) running_loss=0.3727
2026-09-24 16:02:19,792 INFO epoch 154/200 done: train_loss=0.3727 val_loss=0.1686 val_accuracy=0.9693 val_macro_f1=0.9596 val_macro_auc=0.9974 (checkpoint_metric=macro_auc) [new best]
2026-09-24 16:02:23,845 INFO train epoch 155/200 batch 13/66 (20%) running_loss=0.3654
2026-09-24 16:02:27,400 INFO train epoch 155/200 batch 26/66 (39%) running_loss=0.3669
2026-09-24 16:02:31,131 INFO train epoch 155/200 batch 39/66 (59%) running_loss=0.3691
2026-09-24 16:02:34,696 INFO train epoch 155/200 batch 52/66 (79%) running_loss=0.3711
2026-09-24 16:02:38,251 INFO train epoch 155/200 batch 65/66 (98%) running_loss=0.3681
2026-09-24 16:02:38,475 INFO train epoch 155/200 batch 66/66 (100%) running_loss=0.3681
2026-09-24 16:02:41,022 INFO epoch 155/200 done: train_loss=0.3681 val_loss=0.1778 val_accuracy=0.9631 val_macro_f1=0.9509 val_macro_auc=0.9974 (checkpoint_metric=macro_auc)
2026-09-24 16:02:45,132 INFO train epoch 156/200 batch 13/66 (20%) running_loss=0.3661
2026-09-24 16:02:48,725 INFO train epoch 156/200 batch 26/66 (39%) running_loss=0.3701
2026-09-24 16:02:52,321 INFO train epoch 156/200 batch 39/66 (59%) running_loss=0.3684
2026-09-24 16:02:55,900 INFO train epoch 156/200 batch 52/66 (79%) running_loss=0.3647
2026-09-24 16:02:59,474 INFO train epoch 156/200 batch 65/66 (98%) running_loss=0.3675
2026-09-24 16:02:59,695 INFO train epoch 156/200 batch 66/66 (100%) running_loss=0.3672
2026-09-24 16:03:02,234 INFO epoch 156/200 done: train_loss=0.3672 val_loss=0.1759 val_accuracy=0.9672 val_macro_f1=0.9537 val_macro_auc=0.9966 (checkpoint_metric=macro_auc)
2026-09-24 16:03:06,330 INFO train epoch 157/200 batch 13/66 (20%) running_loss=0.3914
2026-09-24 16:03:09,880 INFO train epoch 157/200 batch 26/66 (39%) running_loss=0.3729
2026-09-24 16:03:13,447 INFO train epoch 157/200 batch 39/66 (59%) running_loss=0.3718
2026-09-24 16:03:17,014 INFO train epoch 157/200 batch 52/66 (79%) running_loss=0.3699
2026-09-24 16:03:20,736 INFO train epoch 157/200 batch 65/66 (98%) running_loss=0.3708
2026-09-24 16:03:20,960 INFO train epoch 157/200 batch 66/66 (100%) running_loss=0.3703
2026-09-24 16:03:23,496 INFO epoch 157/200 done: train_loss=0.3703 val_loss=0.1823 val_accuracy=0.9693 val_macro_f1=0.9574 val_macro_auc=0.9968 (checkpoint_metric=macro_auc)
2026-09-24 16:03:27,605 INFO train epoch 158/200 batch 13/66 (20%) running_loss=0.3796
2026-09-24 16:03:31,172 INFO train epoch 158/200 batch 26/66 (39%) running_loss=0.3742
2026-09-24 16:03:34,743 INFO train epoch 158/200 batch 39/66 (59%) running_loss=0.3722
2026-09-24 16:03:38,312 INFO train epoch 158/200 batch 52/66 (79%) running_loss=0.3733
2026-09-24 16:03:41,885 INFO train epoch 158/200 batch 65/66 (98%) running_loss=0.3669
2026-09-24 16:03:42,108 INFO train epoch 158/200 batch 66/66 (100%) running_loss=0.3664
2026-09-24 16:03:44,636 INFO epoch 158/200 done: train_loss=0.3664 val_loss=0.1671 val_accuracy=0.9631 val_macro_f1=0.9465 val_macro_auc=0.9966 (checkpoint_metric=macro_auc)
2026-09-24 16:03:48,741 INFO train epoch 159/200 batch 13/66 (20%) running_loss=0.3676
2026-09-24 16:03:52,302 INFO train epoch 159/200 batch 26/66 (39%) running_loss=0.3765
2026-09-24 16:03:55,860 INFO train epoch 159/200 batch 39/66 (59%) running_loss=0.3758
2026-09-24 16:03:59,429 INFO train epoch 159/200 batch 52/66 (79%) running_loss=0.3764
2026-09-24 16:04:02,994 INFO train epoch 159/200 batch 65/66 (98%) running_loss=0.3738
2026-09-24 16:04:03,218 INFO train epoch 159/200 batch 66/66 (100%) running_loss=0.3732
2026-09-24 16:04:05,750 INFO epoch 159/200 done: train_loss=0.3732 val_loss=0.1836 val_accuracy=0.9631 val_macro_f1=0.9521 val_macro_auc=0.9966 (checkpoint_metric=macro_auc)
2026-09-24 16:04:09,827 INFO train epoch 160/200 batch 13/66 (20%) running_loss=0.3752
2026-09-24 16:04:13,376 INFO train epoch 160/200 batch 26/66 (39%) running_loss=0.3640
2026-09-24 16:04:16,937 INFO train epoch 160/200 batch 39/66 (59%) running_loss=0.3643
2026-09-24 16:04:20,489 INFO train epoch 160/200 batch 52/66 (79%) running_loss=0.3703
2026-09-24 16:04:24,047 INFO train epoch 160/200 batch 65/66 (98%) running_loss=0.3731
2026-09-24 16:04:24,269 INFO train epoch 160/200 batch 66/66 (100%) running_loss=0.3724
2026-09-24 16:04:26,796 INFO epoch 160/200 done: train_loss=0.3724 val_loss=0.1893 val_accuracy=0.9713 val_macro_f1=0.9595 val_macro_auc=0.9955 (checkpoint_metric=macro_auc)
2026-09-24 16:04:30,909 INFO train epoch 161/200 batch 13/66 (20%) running_loss=0.3763
2026-09-24 16:04:34,642 INFO train epoch 161/200 batch 26/66 (39%) running_loss=0.3744
2026-09-24 16:04:38,213 INFO train epoch 161/200 batch 39/66 (59%) running_loss=0.3689
2026-09-24 16:04:41,795 INFO train epoch 161/200 batch 52/66 (79%) running_loss=0.3632
2026-09-24 16:04:45,361 INFO train epoch 161/200 batch 65/66 (98%) running_loss=0.3656
2026-09-24 16:04:45,584 INFO train epoch 161/200 batch 66/66 (100%) running_loss=0.3658
2026-09-24 16:04:48,113 INFO epoch 161/200 done: train_loss=0.3658 val_loss=0.1793 val_accuracy=0.9652 val_macro_f1=0.9503 val_macro_auc=0.9960 (checkpoint_metric=macro_auc)
2026-09-24 16:04:52,170 INFO train epoch 162/200 batch 13/66 (20%) running_loss=0.3797
2026-09-24 16:04:55,727 INFO train epoch 162/200 batch 26/66 (39%) running_loss=0.3705
2026-09-24 16:04:59,290 INFO train epoch 162/200 batch 39/66 (59%) running_loss=0.3706
2026-09-24 16:05:02,849 INFO train epoch 162/200 batch 52/66 (79%) running_loss=0.3692
2026-09-24 16:05:06,411 INFO train epoch 162/200 batch 65/66 (98%) running_loss=0.3669
2026-09-24 16:05:06,635 INFO train epoch 162/200 batch 66/66 (100%) running_loss=0.3671
2026-09-24 16:05:09,167 INFO epoch 162/200 done: train_loss=0.3671 val_loss=0.1902 val_accuracy=0.9590 val_macro_f1=0.9417 val_macro_auc=0.9957 (checkpoint_metric=macro_auc)
2026-09-24 16:05:13,250 INFO train epoch 163/200 batch 13/66 (20%) running_loss=0.3569
2026-09-24 16:05:16,796 INFO train epoch 163/200 batch 26/66 (39%) running_loss=0.3548
2026-09-24 16:05:20,350 INFO train epoch 163/200 batch 39/66 (59%) running_loss=0.3588
2026-09-24 16:05:23,903 INFO train epoch 163/200 batch 52/66 (79%) running_loss=0.3606
2026-09-24 16:05:27,623 INFO train epoch 163/200 batch 65/66 (98%) running_loss=0.3580
2026-09-24 16:05:27,847 INFO train epoch 163/200 batch 66/66 (100%) running_loss=0.3593
2026-09-24 16:05:30,390 INFO epoch 163/200 done: train_loss=0.3593 val_loss=0.1736 val_accuracy=0.9693 val_macro_f1=0.9590 val_macro_auc=0.9965 (checkpoint_metric=macro_auc)
2026-09-24 16:05:34,443 INFO train epoch 164/200 batch 13/66 (20%) running_loss=0.3645
2026-09-24 16:05:38,004 INFO train epoch 164/200 batch 26/66 (39%) running_loss=0.3655
2026-09-24 16:05:41,561 INFO train epoch 164/200 batch 39/66 (59%) running_loss=0.3637
2026-09-24 16:05:45,124 INFO train epoch 164/200 batch 52/66 (79%) running_loss=0.3624
2026-09-24 16:05:48,682 INFO train epoch 164/200 batch 65/66 (98%) running_loss=0.3639
2026-09-24 16:05:48,906 INFO train epoch 164/200 batch 66/66 (100%) running_loss=0.3634
2026-09-24 16:05:51,464 INFO epoch 164/200 done: train_loss=0.3634 val_loss=0.1649 val_accuracy=0.9672 val_macro_f1=0.9535 val_macro_auc=0.9961 (checkpoint_metric=macro_auc)
2026-09-24 16:05:55,577 INFO train epoch 165/200 batch 13/66 (20%) running_loss=0.3593
2026-09-24 16:05:59,149 INFO train epoch 165/200 batch 26/66 (39%) running_loss=0.3608
2026-09-24 16:06:02,706 INFO train epoch 165/200 batch 39/66 (59%) running_loss=0.3574
2026-09-24 16:06:06,269 INFO train epoch 165/200 batch 52/66 (79%) running_loss=0.3590
2026-09-24 16:06:09,830 INFO train epoch 165/200 batch 65/66 (98%) running_loss=0.3575
2026-09-24 16:06:10,052 INFO train epoch 165/200 batch 66/66 (100%) running_loss=0.3575
2026-09-24 16:06:12,585 INFO epoch 165/200 done: train_loss=0.3575 val_loss=0.1768 val_accuracy=0.9693 val_macro_f1=0.9570 val_macro_auc=0.9959 (checkpoint_metric=macro_auc)
2026-09-24 16:06:16,709 INFO train epoch 166/200 batch 13/66 (20%) running_loss=0.3869
2026-09-24 16:06:20,283 INFO train epoch 166/200 batch 26/66 (39%) running_loss=0.3716
2026-09-24 16:06:23,863 INFO train epoch 166/200 batch 39/66 (59%) running_loss=0.3682
2026-09-24 16:06:27,435 INFO train epoch 166/200 batch 52/66 (79%) running_loss=0.3614
2026-09-24 16:06:31,010 INFO train epoch 166/200 batch 65/66 (98%) running_loss=0.3644
2026-09-24 16:06:31,235 INFO train epoch 166/200 batch 66/66 (100%) running_loss=0.3647
2026-09-24 16:06:33,761 INFO epoch 166/200 done: train_loss=0.3647 val_loss=0.1692 val_accuracy=0.9713 val_macro_f1=0.9616 val_macro_auc=0.9972 (checkpoint_metric=macro_auc)
2026-09-24 16:06:37,791 INFO train epoch 167/200 batch 13/66 (20%) running_loss=0.3594
2026-09-24 16:06:41,523 INFO train epoch 167/200 batch 26/66 (39%) running_loss=0.3516
2026-09-24 16:06:45,094 INFO train epoch 167/200 batch 39/66 (59%) running_loss=0.3500
2026-09-24 16:06:48,659 INFO train epoch 167/200 batch 52/66 (79%) running_loss=0.3480
2026-09-24 16:06:52,218 INFO train epoch 167/200 batch 65/66 (98%) running_loss=0.3500
2026-09-24 16:06:52,441 INFO train epoch 167/200 batch 66/66 (100%) running_loss=0.3500
2026-09-24 16:06:54,968 INFO epoch 167/200 done: train_loss=0.3500 val_loss=0.1696 val_accuracy=0.9672 val_macro_f1=0.9558 val_macro_auc=0.9970 (checkpoint_metric=macro_auc)
2026-09-24 16:06:59,085 INFO train epoch 168/200 batch 13/66 (20%) running_loss=0.3575
2026-09-24 16:07:02,669 INFO train epoch 168/200 batch 26/66 (39%) running_loss=0.3603
2026-09-24 16:07:06,274 INFO train epoch 168/200 batch 39/66 (59%) running_loss=0.3593
2026-09-24 16:07:09,853 INFO train epoch 168/200 batch 52/66 (79%) running_loss=0.3602
2026-09-24 16:07:13,416 INFO train epoch 168/200 batch 65/66 (98%) running_loss=0.3600
2026-09-24 16:07:13,640 INFO train epoch 168/200 batch 66/66 (100%) running_loss=0.3609
2026-09-24 16:07:16,174 INFO epoch 168/200 done: train_loss=0.3609 val_loss=0.1791 val_accuracy=0.9693 val_macro_f1=0.9594 val_macro_auc=0.9959 (checkpoint_metric=macro_auc)
2026-09-24 16:07:20,200 INFO train epoch 169/200 batch 13/66 (20%) running_loss=0.3631
2026-09-24 16:07:23,753 INFO train epoch 169/200 batch 26/66 (39%) running_loss=0.3538
2026-09-24 16:07:27,310 INFO train epoch 169/200 batch 39/66 (59%) running_loss=0.3509
2026-09-24 16:07:30,883 INFO train epoch 169/200 batch 52/66 (79%) running_loss=0.3551
2026-09-24 16:07:34,620 INFO train epoch 169/200 batch 65/66 (98%) running_loss=0.3590
2026-09-24 16:07:34,844 INFO train epoch 169/200 batch 66/66 (100%) running_loss=0.3594
2026-09-24 16:07:37,383 INFO epoch 169/200 done: train_loss=0.3594 val_loss=0.1655 val_accuracy=0.9693 val_macro_f1=0.9580 val_macro_auc=0.9961 (checkpoint_metric=macro_auc)
2026-09-24 16:07:41,479 INFO train epoch 170/200 batch 13/66 (20%) running_loss=0.3558
2026-09-24 16:07:45,046 INFO train epoch 170/200 batch 26/66 (39%) running_loss=0.3503
2026-09-24 16:07:48,621 INFO train epoch 170/200 batch 39/66 (59%) running_loss=0.3575
2026-09-24 16:07:52,183 INFO train epoch 170/200 batch 52/66 (79%) running_loss=0.3565
2026-09-24 16:07:55,744 INFO train epoch 170/200 batch 65/66 (98%) running_loss=0.3560
2026-09-24 16:07:55,969 INFO train epoch 170/200 batch 66/66 (100%) running_loss=0.3558
2026-09-24 16:07:58,502 INFO epoch 170/200 done: train_loss=0.3558 val_loss=0.1701 val_accuracy=0.9693 val_macro_f1=0.9590 val_macro_auc=0.9963 (checkpoint_metric=macro_auc)
2026-09-24 16:08:02,618 INFO train epoch 171/200 batch 13/66 (20%) running_loss=0.3422
2026-09-24 16:08:06,179 INFO train epoch 171/200 batch 26/66 (39%) running_loss=0.3534
2026-09-24 16:08:09,758 INFO train epoch 171/200 batch 39/66 (59%) running_loss=0.3482
2026-09-24 16:08:13,331 INFO train epoch 171/200 batch 52/66 (79%) running_loss=0.3535
2026-09-24 16:08:16,885 INFO train epoch 171/200 batch 65/66 (98%) running_loss=0.3565
2026-09-24 16:08:17,109 INFO train epoch 171/200 batch 66/66 (100%) running_loss=0.3575
2026-09-24 16:08:19,631 INFO epoch 171/200 done: train_loss=0.3575 val_loss=0.1742 val_accuracy=0.9611 val_macro_f1=0.9482 val_macro_auc=0.9968 (checkpoint_metric=macro_auc)
2026-09-24 16:08:23,737 INFO train epoch 172/200 batch 13/66 (20%) running_loss=0.3701
2026-09-24 16:08:27,316 INFO train epoch 172/200 batch 26/66 (39%) running_loss=0.3605
2026-09-24 16:08:31,093 INFO train epoch 172/200 batch 39/66 (59%) running_loss=0.3637
2026-09-24 16:08:34,669 INFO train epoch 172/200 batch 52/66 (79%) running_loss=0.3655
2026-09-24 16:08:38,239 INFO train epoch 172/200 batch 65/66 (98%) running_loss=0.3637
2026-09-24 16:08:38,462 INFO train epoch 172/200 batch 66/66 (100%) running_loss=0.3634
2026-09-24 16:08:41,001 INFO epoch 172/200 done: train_loss=0.3634 val_loss=0.1665 val_accuracy=0.9672 val_macro_f1=0.9559 val_macro_auc=0.9971 (checkpoint_metric=macro_auc)
2026-09-24 16:08:45,084 INFO train epoch 173/200 batch 13/66 (20%) running_loss=0.3597
2026-09-24 16:08:48,651 INFO train epoch 173/200 batch 26/66 (39%) running_loss=0.3587
2026-09-24 16:08:52,215 INFO train epoch 173/200 batch 39/66 (59%) running_loss=0.3525
2026-09-24 16:08:55,768 INFO train epoch 173/200 batch 52/66 (79%) running_loss=0.3537
2026-09-24 16:08:59,326 INFO train epoch 173/200 batch 65/66 (98%) running_loss=0.3576
2026-09-24 16:08:59,549 INFO train epoch 173/200 batch 66/66 (100%) running_loss=0.3577
2026-09-24 16:09:02,096 INFO epoch 173/200 done: train_loss=0.3577 val_loss=0.1729 val_accuracy=0.9631 val_macro_f1=0.9499 val_macro_auc=0.9970 (checkpoint_metric=macro_auc)
2026-09-24 16:09:06,158 INFO train epoch 174/200 batch 13/66 (20%) running_loss=0.3292
2026-09-24 16:09:09,739 INFO train epoch 174/200 batch 26/66 (39%) running_loss=0.3416
2026-09-24 16:09:13,327 INFO train epoch 174/200 batch 39/66 (59%) running_loss=0.3503
2026-09-24 16:09:16,900 INFO train epoch 174/200 batch 52/66 (79%) running_loss=0.3566
2026-09-24 16:09:20,481 INFO train epoch 174/200 batch 65/66 (98%) running_loss=0.3547
2026-09-24 16:09:20,704 INFO train epoch 174/200 batch 66/66 (100%) running_loss=0.3543
2026-09-24 16:09:23,233 INFO epoch 174/200 done: train_loss=0.3543 val_loss=0.1629 val_accuracy=0.9693 val_macro_f1=0.9578 val_macro_auc=0.9973 (checkpoint_metric=macro_auc)
2026-09-24 16:09:27,276 INFO train epoch 175/200 batch 13/66 (20%) running_loss=0.3407
2026-09-24 16:09:30,845 INFO train epoch 175/200 batch 26/66 (39%) running_loss=0.3511
2026-09-24 16:09:34,508 INFO train epoch 175/200 batch 39/66 (59%) running_loss=0.3519
2026-09-24 16:09:38,077 INFO train epoch 175/200 batch 52/66 (79%) running_loss=0.3533
2026-09-24 16:09:41,643 INFO train epoch 175/200 batch 65/66 (98%) running_loss=0.3546
2026-09-24 16:09:41,868 INFO train epoch 175/200 batch 66/66 (100%) running_loss=0.3546
2026-09-24 16:09:44,400 INFO epoch 175/200 done: train_loss=0.3546 val_loss=0.1553 val_accuracy=0.9693 val_macro_f1=0.9584 val_macro_auc=0.9975 (checkpoint_metric=macro_auc)
2026-09-24 16:09:48,539 INFO train epoch 176/200 batch 13/66 (20%) running_loss=0.3495
2026-09-24 16:09:52,106 INFO train epoch 176/200 batch 26/66 (39%) running_loss=0.3540
2026-09-24 16:09:55,668 INFO train epoch 176/200 batch 39/66 (59%) running_loss=0.3530
2026-09-24 16:09:59,228 INFO train epoch 176/200 batch 52/66 (79%) running_loss=0.3542
2026-09-24 16:10:02,801 INFO train epoch 176/200 batch 65/66 (98%) running_loss=0.3528
2026-09-24 16:10:03,027 INFO train epoch 176/200 batch 66/66 (100%) running_loss=0.3532
2026-09-24 16:10:05,557 INFO epoch 176/200 done: train_loss=0.3532 val_loss=0.1640 val_accuracy=0.9713 val_macro_f1=0.9600 val_macro_auc=0.9969 (checkpoint_metric=macro_auc)
2026-09-24 16:10:09,650 INFO train epoch 177/200 batch 13/66 (20%) running_loss=0.3552
2026-09-24 16:10:13,202 INFO train epoch 177/200 batch 26/66 (39%) running_loss=0.3547
2026-09-24 16:10:16,749 INFO train epoch 177/200 batch 39/66 (59%) running_loss=0.3573
2026-09-24 16:10:20,302 INFO train epoch 177/200 batch 52/66 (79%) running_loss=0.3613
2026-09-24 16:10:23,859 INFO train epoch 177/200 batch 65/66 (98%) running_loss=0.3624
2026-09-24 16:10:24,082 INFO train epoch 177/200 batch 66/66 (100%) running_loss=0.3621
2026-09-24 16:10:26,619 INFO epoch 177/200 done: train_loss=0.3621 val_loss=0.1655 val_accuracy=0.9713 val_macro_f1=0.9607 val_macro_auc=0.9971 (checkpoint_metric=macro_auc)
2026-09-24 16:10:30,655 INFO train epoch 178/200 batch 13/66 (20%) running_loss=0.3412
2026-09-24 16:10:34,217 INFO train epoch 178/200 batch 26/66 (39%) running_loss=0.3496
2026-09-24 16:10:37,949 INFO train epoch 178/200 batch 39/66 (59%) running_loss=0.3511
2026-09-24 16:10:41,527 INFO train epoch 178/200 batch 52/66 (79%) running_loss=0.3542
2026-09-24 16:10:45,094 INFO train epoch 178/200 batch 65/66 (98%) running_loss=0.3538
2026-09-24 16:10:45,320 INFO train epoch 178/200 batch 66/66 (100%) running_loss=0.3548
2026-09-24 16:10:47,861 INFO epoch 178/200 done: train_loss=0.3548 val_loss=0.1590 val_accuracy=0.9734 val_macro_f1=0.9639 val_macro_auc=0.9973 (checkpoint_metric=macro_auc)
2026-09-24 16:10:51,872 INFO train epoch 179/200 batch 13/66 (20%) running_loss=0.3641
2026-09-24 16:10:55,435 INFO train epoch 179/200 batch 26/66 (39%) running_loss=0.3572
2026-09-24 16:10:59,015 INFO train epoch 179/200 batch 39/66 (59%) running_loss=0.3568
2026-09-24 16:11:02,575 INFO train epoch 179/200 batch 52/66 (79%) running_loss=0.3553
2026-09-24 16:11:06,138 INFO train epoch 179/200 batch 65/66 (98%) running_loss=0.3557
2026-09-24 16:11:06,364 INFO train epoch 179/200 batch 66/66 (100%) running_loss=0.3557
2026-09-24 16:11:08,889 INFO epoch 179/200 done: train_loss=0.3557 val_loss=0.1647 val_accuracy=0.9713 val_macro_f1=0.9610 val_macro_auc=0.9973 (checkpoint_metric=macro_auc)
2026-09-24 16:11:12,978 INFO train epoch 180/200 batch 13/66 (20%) running_loss=0.3529
2026-09-24 16:11:16,532 INFO train epoch 180/200 batch 26/66 (39%) running_loss=0.3471
2026-09-24 16:11:20,102 INFO train epoch 180/200 batch 39/66 (59%) running_loss=0.3514
2026-09-24 16:11:23,660 INFO train epoch 180/200 batch 52/66 (79%) running_loss=0.3512
2026-09-24 16:11:27,220 INFO train epoch 180/200 batch 65/66 (98%) running_loss=0.3471
2026-09-24 16:11:27,444 INFO train epoch 180/200 batch 66/66 (100%) running_loss=0.3476
2026-09-24 16:11:29,985 INFO epoch 180/200 done: train_loss=0.3476 val_loss=0.1629 val_accuracy=0.9693 val_macro_f1=0.9578 val_macro_auc=0.9973 (checkpoint_metric=macro_auc)
2026-09-24 16:11:34,108 INFO train epoch 181/200 batch 13/66 (20%) running_loss=0.3451
2026-09-24 16:11:37,660 INFO train epoch 181/200 batch 26/66 (39%) running_loss=0.3439
2026-09-24 16:11:41,212 INFO train epoch 181/200 batch 39/66 (59%) running_loss=0.3460
2026-09-24 16:11:44,777 INFO train epoch 181/200 batch 52/66 (79%) running_loss=0.3467
2026-09-24 16:11:48,461 INFO train epoch 181/200 batch 65/66 (98%) running_loss=0.3515
2026-09-24 16:11:48,687 INFO train epoch 181/200 batch 66/66 (100%) running_loss=0.3511
2026-09-24 16:11:51,248 INFO epoch 181/200 done: train_loss=0.3511 val_loss=0.1562 val_accuracy=0.9754 val_macro_f1=0.9671 val_macro_auc=0.9975 (checkpoint_metric=macro_auc)
2026-09-24 16:11:55,361 INFO train epoch 182/200 batch 13/66 (20%) running_loss=0.3655
2026-09-24 16:11:58,965 INFO train epoch 182/200 batch 26/66 (39%) running_loss=0.3521
2026-09-24 16:12:02,559 INFO train epoch 182/200 batch 39/66 (59%) running_loss=0.3507
2026-09-24 16:12:06,128 INFO train epoch 182/200 batch 52/66 (79%) running_loss=0.3557
2026-09-24 16:12:09,686 INFO train epoch 182/200 batch 65/66 (98%) running_loss=0.3577
2026-09-24 16:12:09,910 INFO train epoch 182/200 batch 66/66 (100%) running_loss=0.3576
2026-09-24 16:12:12,446 INFO epoch 182/200 done: train_loss=0.3576 val_loss=0.1620 val_accuracy=0.9775 val_macro_f1=0.9702 val_macro_auc=0.9976 (checkpoint_metric=macro_auc)
2026-09-24 16:12:16,544 INFO train epoch 183/200 batch 13/66 (20%) running_loss=0.3485
2026-09-24 16:12:20,104 INFO train epoch 183/200 batch 26/66 (39%) running_loss=0.3468
2026-09-24 16:12:23,670 INFO train epoch 183/200 batch 39/66 (59%) running_loss=0.3564
2026-09-24 16:12:27,257 INFO train epoch 183/200 batch 52/66 (79%) running_loss=0.3534
2026-09-24 16:12:30,813 INFO train epoch 183/200 batch 65/66 (98%) running_loss=0.3531
2026-09-24 16:12:31,039 INFO train epoch 183/200 batch 66/66 (100%) running_loss=0.3527
2026-09-24 16:12:33,682 INFO epoch 183/200 done: train_loss=0.3527 val_loss=0.1563 val_accuracy=0.9754 val_macro_f1=0.9674 val_macro_auc=0.9976 (checkpoint_metric=macro_auc) [new best]
2026-09-24 16:12:37,758 INFO train epoch 184/200 batch 13/66 (20%) running_loss=0.3574
2026-09-24 16:12:41,350 INFO train epoch 184/200 batch 26/66 (39%) running_loss=0.3454
2026-09-24 16:12:44,912 INFO train epoch 184/200 batch 39/66 (59%) running_loss=0.3458
2026-09-24 16:12:48,482 INFO train epoch 184/200 batch 52/66 (79%) running_loss=0.3487
2026-09-24 16:12:52,141 INFO train epoch 184/200 batch 65/66 (98%) running_loss=0.3502
2026-09-24 16:12:52,364 INFO train epoch 184/200 batch 66/66 (100%) running_loss=0.3503
2026-09-24 16:12:54,896 INFO epoch 184/200 done: train_loss=0.3503 val_loss=0.1557 val_accuracy=0.9713 val_macro_f1=0.9607 val_macro_auc=0.9975 (checkpoint_metric=macro_auc)
2026-09-24 16:12:59,023 INFO train epoch 185/200 batch 13/66 (20%) running_loss=0.3485
2026-09-24 16:13:02,602 INFO train epoch 185/200 batch 26/66 (39%) running_loss=0.3565
2026-09-24 16:13:06,187 INFO train epoch 185/200 batch 39/66 (59%) running_loss=0.3561
2026-09-24 16:13:09,752 INFO train epoch 185/200 batch 52/66 (79%) running_loss=0.3543
2026-09-24 16:13:13,329 INFO train epoch 185/200 batch 65/66 (98%) running_loss=0.3554
2026-09-24 16:13:13,551 INFO train epoch 185/200 batch 66/66 (100%) running_loss=0.3551
2026-09-24 16:13:16,084 INFO epoch 185/200 done: train_loss=0.3551 val_loss=0.1573 val_accuracy=0.9734 val_macro_f1=0.9642 val_macro_auc=0.9974 (checkpoint_metric=macro_auc)
2026-09-24 16:13:20,107 INFO train epoch 186/200 batch 13/66 (20%) running_loss=0.3491
2026-09-24 16:13:23,670 INFO train epoch 186/200 batch 26/66 (39%) running_loss=0.3570
2026-09-24 16:13:27,252 INFO train epoch 186/200 batch 39/66 (59%) running_loss=0.3588
2026-09-24 16:13:30,829 INFO train epoch 186/200 batch 52/66 (79%) running_loss=0.3543
2026-09-24 16:13:34,388 INFO train epoch 186/200 batch 65/66 (98%) running_loss=0.3578
2026-09-24 16:13:34,612 INFO train epoch 186/200 batch 66/66 (100%) running_loss=0.3577
2026-09-24 16:13:37,155 INFO epoch 186/200 done: train_loss=0.3577 val_loss=0.1557 val_accuracy=0.9713 val_macro_f1=0.9607 val_macro_auc=0.9974 (checkpoint_metric=macro_auc)
2026-09-24 16:13:41,255 INFO train epoch 187/200 batch 13/66 (20%) running_loss=0.3376
2026-09-24 16:13:44,830 INFO train epoch 187/200 batch 26/66 (39%) running_loss=0.3453
2026-09-24 16:13:48,405 INFO train epoch 187/200 batch 39/66 (59%) running_loss=0.3478
2026-09-24 16:13:51,976 INFO train epoch 187/200 batch 52/66 (79%) running_loss=0.3463
2026-09-24 16:13:55,540 INFO train epoch 187/200 batch 65/66 (98%) running_loss=0.3485
2026-09-24 16:13:55,764 INFO train epoch 187/200 batch 66/66 (100%) running_loss=0.3482
2026-09-24 16:13:58,313 INFO epoch 187/200 done: train_loss=0.3482 val_loss=0.1581 val_accuracy=0.9713 val_macro_f1=0.9604 val_macro_auc=0.9974 (checkpoint_metric=macro_auc)
2026-09-24 16:14:02,431 INFO train epoch 188/200 batch 13/66 (20%) running_loss=0.3658
2026-09-24 16:14:06,003 INFO train epoch 188/200 batch 26/66 (39%) running_loss=0.3627
2026-09-24 16:14:09,577 INFO train epoch 188/200 batch 39/66 (59%) running_loss=0.3614
2026-09-24 16:14:13,306 INFO train epoch 188/200 batch 52/66 (79%) running_loss=0.3645
2026-09-24 16:14:16,858 INFO train epoch 188/200 batch 65/66 (98%) running_loss=0.3621
2026-09-24 16:14:17,081 INFO train epoch 188/200 batch 66/66 (100%) running_loss=0.3620
2026-09-24 16:14:19,616 INFO epoch 188/200 done: train_loss=0.3620 val_loss=0.1605 val_accuracy=0.9713 val_macro_f1=0.9607 val_macro_auc=0.9975 (checkpoint_metric=macro_auc)
2026-09-24 16:14:23,669 INFO train epoch 189/200 batch 13/66 (20%) running_loss=0.3588
2026-09-24 16:14:27,256 INFO train epoch 189/200 batch 26/66 (39%) running_loss=0.3542
2026-09-24 16:14:30,839 INFO train epoch 189/200 batch 39/66 (59%) running_loss=0.3581
2026-09-24 16:14:34,404 INFO train epoch 189/200 batch 52/66 (79%) running_loss=0.3585
2026-09-24 16:14:37,973 INFO train epoch 189/200 batch 65/66 (98%) running_loss=0.3602
2026-09-24 16:14:38,198 INFO train epoch 189/200 batch 66/66 (100%) running_loss=0.3602
2026-09-24 16:14:40,718 INFO epoch 189/200 done: train_loss=0.3602 val_loss=0.1615 val_accuracy=0.9713 val_macro_f1=0.9622 val_macro_auc=0.9973 (checkpoint_metric=macro_auc)
2026-09-24 16:14:44,763 INFO train epoch 190/200 batch 13/66 (20%) running_loss=0.3558
2026-09-24 16:14:48,335 INFO train epoch 190/200 batch 26/66 (39%) running_loss=0.3524
2026-09-24 16:14:51,907 INFO train epoch 190/200 batch 39/66 (59%) running_loss=0.3529
2026-09-24 16:14:55,473 INFO train epoch 190/200 batch 52/66 (79%) running_loss=0.3508
2026-09-24 16:14:59,045 INFO train epoch 190/200 batch 65/66 (98%) running_loss=0.3533
2026-09-24 16:14:59,270 INFO train epoch 190/200 batch 66/66 (100%) running_loss=0.3530
2026-09-24 16:15:01,802 INFO epoch 190/200 done: train_loss=0.3530 val_loss=0.1578 val_accuracy=0.9754 val_macro_f1=0.9670 val_macro_auc=0.9976 (checkpoint_metric=macro_auc)
2026-09-24 16:15:05,862 INFO train epoch 191/200 batch 13/66 (20%) running_loss=0.3590
2026-09-24 16:15:09,508 INFO train epoch 191/200 batch 26/66 (39%) running_loss=0.3530
2026-09-24 16:15:13,075 INFO train epoch 191/200 batch 39/66 (59%) running_loss=0.3475
2026-09-24 16:15:16,632 INFO train epoch 191/200 batch 52/66 (79%) running_loss=0.3508
2026-09-24 16:15:20,175 INFO train epoch 191/200 batch 65/66 (98%) running_loss=0.3483
2026-09-24 16:15:20,397 INFO train epoch 191/200 batch 66/66 (100%) running_loss=0.3494
2026-09-24 16:15:22,937 INFO epoch 191/200 done: train_loss=0.3494 val_loss=0.1559 val_accuracy=0.9713 val_macro_f1=0.9607 val_macro_auc=0.9975 (checkpoint_metric=macro_auc)
2026-09-24 16:15:27,028 INFO train epoch 192/200 batch 13/66 (20%) running_loss=0.3623
2026-09-24 16:15:30,594 INFO train epoch 192/200 batch 26/66 (39%) running_loss=0.3560
2026-09-24 16:15:34,148 INFO train epoch 192/200 batch 39/66 (59%) running_loss=0.3533
2026-09-24 16:15:37,716 INFO train epoch 192/200 batch 52/66 (79%) running_loss=0.3544
2026-09-24 16:15:41,265 INFO train epoch 192/200 batch 65/66 (98%) running_loss=0.3523
2026-09-24 16:15:41,489 INFO train epoch 192/200 batch 66/66 (100%) running_loss=0.3520
2026-09-24 16:15:44,028 INFO epoch 192/200 done: train_loss=0.3520 val_loss=0.1561 val_accuracy=0.9693 val_macro_f1=0.9575 val_macro_auc=0.9975 (checkpoint_metric=macro_auc)
2026-09-24 16:15:48,108 INFO train epoch 193/200 batch 13/66 (20%) running_loss=0.3433
2026-09-24 16:15:51,670 INFO train epoch 193/200 batch 26/66 (39%) running_loss=0.3476
2026-09-24 16:15:55,237 INFO train epoch 193/200 batch 39/66 (59%) running_loss=0.3453
2026-09-24 16:15:58,817 INFO train epoch 193/200 batch 52/66 (79%) running_loss=0.3458
2026-09-24 16:16:02,376 INFO train epoch 193/200 batch 65/66 (98%) running_loss=0.3503
2026-09-24 16:16:02,600 INFO train epoch 193/200 batch 66/66 (100%) running_loss=0.3501
2026-09-24 16:16:05,135 INFO epoch 193/200 done: train_loss=0.3501 val_loss=0.1561 val_accuracy=0.9775 val_macro_f1=0.9705 val_macro_auc=0.9974 (checkpoint_metric=macro_auc)
2026-09-24 16:16:09,225 INFO train epoch 194/200 batch 13/66 (20%) running_loss=0.3481
2026-09-24 16:16:12,776 INFO train epoch 194/200 batch 26/66 (39%) running_loss=0.3418
2026-09-24 16:16:16,324 INFO train epoch 194/200 batch 39/66 (59%) running_loss=0.3450
2026-09-24 16:16:19,883 INFO train epoch 194/200 batch 52/66 (79%) running_loss=0.3433
2026-09-24 16:16:23,430 INFO train epoch 194/200 batch 65/66 (98%) running_loss=0.3461
2026-09-24 16:16:23,653 INFO train epoch 194/200 batch 66/66 (100%) running_loss=0.3464
2026-09-24 16:16:26,193 INFO epoch 194/200 done: train_loss=0.3464 val_loss=0.1586 val_accuracy=0.9713 val_macro_f1=0.9610 val_macro_auc=0.9975 (checkpoint_metric=macro_auc)
2026-09-24 16:16:30,463 INFO train epoch 195/200 batch 13/66 (20%) running_loss=0.3636
2026-09-24 16:16:34,020 INFO train epoch 195/200 batch 26/66 (39%) running_loss=0.3592
2026-09-24 16:16:37,577 INFO train epoch 195/200 batch 39/66 (59%) running_loss=0.3524
2026-09-24 16:16:41,155 INFO train epoch 195/200 batch 52/66 (79%) running_loss=0.3501
2026-09-24 16:16:44,723 INFO train epoch 195/200 batch 65/66 (98%) running_loss=0.3484
2026-09-24 16:16:44,948 INFO train epoch 195/200 batch 66/66 (100%) running_loss=0.3488
2026-09-24 16:16:47,488 INFO epoch 195/200 done: train_loss=0.3488 val_loss=0.1604 val_accuracy=0.9775 val_macro_f1=0.9705 val_macro_auc=0.9975 (checkpoint_metric=macro_auc)
2026-09-24 16:16:51,579 INFO train epoch 196/200 batch 13/66 (20%) running_loss=0.3620
2026-09-24 16:16:55,144 INFO train epoch 196/200 batch 26/66 (39%) running_loss=0.3499
2026-09-24 16:16:58,711 INFO train epoch 196/200 batch 39/66 (59%) running_loss=0.3503
2026-09-24 16:17:02,276 INFO train epoch 196/200 batch 52/66 (79%) running_loss=0.3548
2026-09-24 16:17:05,840 INFO train epoch 196/200 batch 65/66 (98%) running_loss=0.3536
2026-09-24 16:17:06,065 INFO train epoch 196/200 batch 66/66 (100%) running_loss=0.3535
2026-09-24 16:17:08,600 INFO epoch 196/200 done: train_loss=0.3535 val_loss=0.1558 val_accuracy=0.9775 val_macro_f1=0.9702 val_macro_auc=0.9975 (checkpoint_metric=macro_auc)
2026-09-24 16:17:12,666 INFO train epoch 197/200 batch 13/66 (20%) running_loss=0.3595
2026-09-24 16:17:16,237 INFO train epoch 197/200 batch 26/66 (39%) running_loss=0.3580
2026-09-24 16:17:19,799 INFO train epoch 197/200 batch 39/66 (59%) running_loss=0.3561
2026-09-24 16:17:23,367 INFO train epoch 197/200 batch 52/66 (79%) running_loss=0.3522
2026-09-24 16:17:27,115 INFO train epoch 197/200 batch 65/66 (98%) running_loss=0.3539
2026-09-24 16:17:27,339 INFO train epoch 197/200 batch 66/66 (100%) running_loss=0.3535
2026-09-24 16:17:29,876 INFO epoch 197/200 done: train_loss=0.3535 val_loss=0.1596 val_accuracy=0.9734 val_macro_f1=0.9642 val_macro_auc=0.9975 (checkpoint_metric=macro_auc)
2026-09-24 16:17:33,978 INFO train epoch 198/200 batch 13/66 (20%) running_loss=0.3666
2026-09-24 16:17:37,543 INFO train epoch 198/200 batch 26/66 (39%) running_loss=0.3613
2026-09-24 16:17:41,107 INFO train epoch 198/200 batch 39/66 (59%) running_loss=0.3548
2026-09-24 16:17:44,673 INFO train epoch 198/200 batch 52/66 (79%) running_loss=0.3550
2026-09-24 16:17:48,236 INFO train epoch 198/200 batch 65/66 (98%) running_loss=0.3562
2026-09-24 16:17:48,460 INFO train epoch 198/200 batch 66/66 (100%) running_loss=0.3562
2026-09-24 16:17:50,994 INFO epoch 198/200 done: train_loss=0.3562 val_loss=0.1601 val_accuracy=0.9734 val_macro_f1=0.9654 val_macro_auc=0.9975 (checkpoint_metric=macro_auc)
2026-09-24 16:17:55,094 INFO train epoch 199/200 batch 13/66 (20%) running_loss=0.3550
2026-09-24 16:17:58,662 INFO train epoch 199/200 batch 26/66 (39%) running_loss=0.3552
2026-09-24 16:18:02,256 INFO train epoch 199/200 batch 39/66 (59%) running_loss=0.3545
2026-09-24 16:18:05,860 INFO train epoch 199/200 batch 52/66 (79%) running_loss=0.3552
2026-09-24 16:18:09,440 INFO train epoch 199/200 batch 65/66 (98%) running_loss=0.3534
2026-09-24 16:18:09,664 INFO train epoch 199/200 batch 66/66 (100%) running_loss=0.3528
2026-09-24 16:18:12,193 INFO epoch 199/200 done: train_loss=0.3528 val_loss=0.1565 val_accuracy=0.9734 val_macro_f1=0.9639 val_macro_auc=0.9975 (checkpoint_metric=macro_auc)
2026-09-24 16:18:16,292 INFO train epoch 200/200 batch 13/66 (20%) running_loss=0.3494
2026-09-24 16:18:19,845 INFO train epoch 200/200 batch 26/66 (39%) running_loss=0.3571
2026-09-24 16:18:23,396 INFO train epoch 200/200 batch 39/66 (59%) running_loss=0.3549
2026-09-24 16:18:26,950 INFO train epoch 200/200 batch 52/66 (79%) running_loss=0.3528
2026-09-24 16:18:30,506 INFO train epoch 200/200 batch 65/66 (98%) running_loss=0.3530
2026-09-24 16:18:30,732 INFO train epoch 200/200 batch 66/66 (100%) running_loss=0.3526
2026-09-24 16:18:33,275 INFO epoch 200/200 done: train_loss=0.3526 val_loss=0.1568 val_accuracy=0.9754 val_macro_f1=0.9674 val_macro_auc=0.9975 (checkpoint_metric=macro_auc)
2026-09-24 16:18:33,526 INFO Training finished. Best epoch=183, smoothed macro_auc=0.9976 (window=3)
2026-09-24 16:18:36,115 INFO Test set evaluated once: accuracy=0.8987 macro_f1=0.8876 macro_auc=0.9788
