2026-09-24 05:38:30,230 INFO Starting final training on device=cuda, amp=True, physical_batch_size=32, accumulation_steps=1, effective_batch_size=32
2026-09-24 05:38:30,231 INFO Augmentation policy: sample-adaptive, from outputs/main1/augmentation_run/selected_policy.json
2026-09-24 05:38:30,692 INFO Classes: {'glioma_tumor': 0, 'meningioma_tumor': 1, 'pituitary_tumor': 2}
2026-09-24 05:38:30,692 INFO Regularization: weight_decay=7.0e-04 classifier_dropout=0.30 label_smoothing=0.10 drop_path=0.20
2026-09-24 05:38:30,692 INFO Magnitude bounds from configs/bounds_wide.json: {'rotation': [0.0, 45.0], 'affine_translation': [0.0, 0.16], 'random_resized_crop': [0.0, 0.35]}
2026-09-24 05:38:35,929 INFO train epoch 1/200 batch 13/66 (20%) running_loss=1.1177
2026-09-24 05:38:39,509 INFO train epoch 1/200 batch 26/66 (39%) running_loss=1.1374
2026-09-24 05:38:43,095 INFO train epoch 1/200 batch 39/66 (59%) running_loss=1.1519
2026-09-24 05:38:46,675 INFO train epoch 1/200 batch 52/66 (79%) running_loss=1.1446
2026-09-24 05:38:50,262 INFO train epoch 1/200 batch 65/66 (98%) running_loss=1.1452
2026-09-24 05:38:50,627 INFO train epoch 1/200 batch 66/66 (100%) running_loss=1.1443
2026-09-24 05:38:53,410 INFO epoch 1/200 done: train_loss=1.1443 val_loss=1.0295 val_accuracy=0.5061 val_macro_f1=0.2240 val_macro_auc=0.6713 (checkpoint_metric=macro_auc) [new best]
2026-09-24 05:38:57,470 INFO train epoch 2/200 batch 13/66 (20%) running_loss=1.0869
2026-09-24 05:39:01,088 INFO train epoch 2/200 batch 26/66 (39%) running_loss=1.1103
2026-09-24 05:39:04,688 INFO train epoch 2/200 batch 39/66 (59%) running_loss=1.1042
2026-09-24 05:39:08,296 INFO train epoch 2/200 batch 52/66 (79%) running_loss=1.0991
2026-09-24 05:39:11,904 INFO train epoch 2/200 batch 65/66 (98%) running_loss=1.0982
2026-09-24 05:39:12,128 INFO train epoch 2/200 batch 66/66 (100%) running_loss=1.0977
2026-09-24 05:39:14,779 INFO epoch 2/200 done: train_loss=1.0977 val_loss=1.0094 val_accuracy=0.5553 val_macro_f1=0.3183 val_macro_auc=0.7124 (checkpoint_metric=macro_auc) [new best]
2026-09-24 05:39:18,884 INFO train epoch 3/200 batch 13/66 (20%) running_loss=1.0175
2026-09-24 05:39:22,463 INFO train epoch 3/200 batch 26/66 (39%) running_loss=1.0307
2026-09-24 05:39:26,217 INFO train epoch 3/200 batch 39/66 (59%) running_loss=1.0300
2026-09-24 05:39:29,800 INFO train epoch 3/200 batch 52/66 (79%) running_loss=1.0177
2026-09-24 05:39:33,378 INFO train epoch 3/200 batch 65/66 (98%) running_loss=1.0229
2026-09-24 05:39:33,602 INFO train epoch 3/200 batch 66/66 (100%) running_loss=1.0231
2026-09-24 05:39:36,220 INFO epoch 3/200 done: train_loss=1.0231 val_loss=0.9678 val_accuracy=0.5902 val_macro_f1=0.3695 val_macro_auc=0.7513 (checkpoint_metric=macro_auc) [new best]
2026-09-24 05:39:40,334 INFO train epoch 4/200 batch 13/66 (20%) running_loss=1.0014
2026-09-24 05:39:43,907 INFO train epoch 4/200 batch 26/66 (39%) running_loss=1.0023
2026-09-24 05:39:47,482 INFO train epoch 4/200 batch 39/66 (59%) running_loss=0.9943
2026-09-24 05:39:51,053 INFO train epoch 4/200 batch 52/66 (79%) running_loss=0.9912
2026-09-24 05:39:54,631 INFO train epoch 4/200 batch 65/66 (98%) running_loss=0.9841
2026-09-24 05:39:54,857 INFO train epoch 4/200 batch 66/66 (100%) running_loss=0.9869
2026-09-24 05:39:57,455 INFO epoch 4/200 done: train_loss=0.9869 val_loss=0.8796 val_accuracy=0.6701 val_macro_f1=0.4650 val_macro_auc=0.7801 (checkpoint_metric=macro_auc) [new best]
2026-09-24 05:40:01,553 INFO train epoch 5/200 batch 13/66 (20%) running_loss=0.9821
2026-09-24 05:40:05,120 INFO train epoch 5/200 batch 26/66 (39%) running_loss=0.9689
2026-09-24 05:40:08,697 INFO train epoch 5/200 batch 39/66 (59%) running_loss=0.9604
2026-09-24 05:40:12,264 INFO train epoch 5/200 batch 52/66 (79%) running_loss=0.9586
2026-09-24 05:40:15,834 INFO train epoch 5/200 batch 65/66 (98%) running_loss=0.9554
2026-09-24 05:40:16,059 INFO train epoch 5/200 batch 66/66 (100%) running_loss=0.9567
2026-09-24 05:40:18,660 INFO epoch 5/200 done: train_loss=0.9567 val_loss=0.8602 val_accuracy=0.6721 val_macro_f1=0.4685 val_macro_auc=0.7592 (checkpoint_metric=macro_auc) [new best]
2026-09-24 05:40:22,757 INFO train epoch 6/200 batch 13/66 (20%) running_loss=0.9873
2026-09-24 05:40:26,354 INFO train epoch 6/200 batch 26/66 (39%) running_loss=0.9884
2026-09-24 05:40:29,952 INFO train epoch 6/200 batch 39/66 (59%) running_loss=0.9758
2026-09-24 05:40:33,622 INFO train epoch 6/200 batch 52/66 (79%) running_loss=0.9731
2026-09-24 05:40:37,195 INFO train epoch 6/200 batch 65/66 (98%) running_loss=0.9680
2026-09-24 05:40:37,426 INFO train epoch 6/200 batch 66/66 (100%) running_loss=0.9686
2026-09-24 05:40:40,040 INFO epoch 6/200 done: train_loss=0.9686 val_loss=1.1551 val_accuracy=0.5594 val_macro_f1=0.3207 val_macro_auc=0.7772 (checkpoint_metric=macro_auc) [new best]
2026-09-24 05:40:44,153 INFO train epoch 7/200 batch 13/66 (20%) running_loss=0.9630
2026-09-24 05:40:47,761 INFO train epoch 7/200 batch 26/66 (39%) running_loss=0.9308
2026-09-24 05:40:51,352 INFO train epoch 7/200 batch 39/66 (59%) running_loss=0.9271
2026-09-24 05:40:54,949 INFO train epoch 7/200 batch 52/66 (79%) running_loss=0.9307
2026-09-24 05:40:58,531 INFO train epoch 7/200 batch 65/66 (98%) running_loss=0.9238
2026-09-24 05:40:58,757 INFO train epoch 7/200 batch 66/66 (100%) running_loss=0.9248
2026-09-24 05:41:01,389 INFO epoch 7/200 done: train_loss=0.9248 val_loss=0.8501 val_accuracy=0.6578 val_macro_f1=0.4513 val_macro_auc=0.8024 (checkpoint_metric=macro_auc) [new best]
2026-09-24 05:41:05,466 INFO train epoch 8/200 batch 13/66 (20%) running_loss=0.8994
2026-09-24 05:41:09,082 INFO train epoch 8/200 batch 26/66 (39%) running_loss=0.9032
2026-09-24 05:41:12,684 INFO train epoch 8/200 batch 39/66 (59%) running_loss=0.9059
2026-09-24 05:41:16,285 INFO train epoch 8/200 batch 52/66 (79%) running_loss=0.8999
2026-09-24 05:41:19,875 INFO train epoch 8/200 batch 65/66 (98%) running_loss=0.9081
2026-09-24 05:41:20,106 INFO train epoch 8/200 batch 66/66 (100%) running_loss=0.9082
2026-09-24 05:41:22,723 INFO epoch 8/200 done: train_loss=0.9082 val_loss=0.8178 val_accuracy=0.6721 val_macro_f1=0.4669 val_macro_auc=0.8290 (checkpoint_metric=macro_auc) [new best]
2026-09-24 05:41:26,830 INFO train epoch 9/200 batch 13/66 (20%) running_loss=0.8978
2026-09-24 05:41:30,425 INFO train epoch 9/200 batch 26/66 (39%) running_loss=0.9083
2026-09-24 05:41:34,025 INFO train epoch 9/200 batch 39/66 (59%) running_loss=0.9219
2026-09-24 05:41:37,626 INFO train epoch 9/200 batch 52/66 (79%) running_loss=0.9240
2026-09-24 05:41:41,324 INFO train epoch 9/200 batch 65/66 (98%) running_loss=0.9199
2026-09-24 05:41:41,548 INFO train epoch 9/200 batch 66/66 (100%) running_loss=0.9204
2026-09-24 05:41:44,182 INFO epoch 9/200 done: train_loss=0.9204 val_loss=0.7717 val_accuracy=0.7254 val_macro_f1=0.5195 val_macro_auc=0.8235 (checkpoint_metric=macro_auc) [new best]
2026-09-24 05:41:48,311 INFO train epoch 10/200 batch 13/66 (20%) running_loss=0.9316
2026-09-24 05:41:51,932 INFO train epoch 10/200 batch 26/66 (39%) running_loss=0.9066
2026-09-24 05:41:55,551 INFO train epoch 10/200 batch 39/66 (59%) running_loss=0.9034
2026-09-24 05:41:59,144 INFO train epoch 10/200 batch 52/66 (79%) running_loss=0.8978
2026-09-24 05:42:02,731 INFO train epoch 10/200 batch 65/66 (98%) running_loss=0.8958
2026-09-24 05:42:02,959 INFO train epoch 10/200 batch 66/66 (100%) running_loss=0.8959
2026-09-24 05:42:05,560 INFO epoch 10/200 done: train_loss=0.8959 val_loss=0.6640 val_accuracy=0.7582 val_macro_f1=0.5492 val_macro_auc=0.8409 (checkpoint_metric=macro_auc) [new best]
2026-09-24 05:42:09,630 INFO train epoch 11/200 batch 13/66 (20%) running_loss=0.9090
2026-09-24 05:42:13,232 INFO train epoch 11/200 batch 26/66 (39%) running_loss=0.8932
2026-09-24 05:42:16,820 INFO train epoch 11/200 batch 39/66 (59%) running_loss=0.8804
2026-09-24 05:42:20,399 INFO train epoch 11/200 batch 52/66 (79%) running_loss=0.8712
2026-09-24 05:42:24,138 INFO train epoch 11/200 batch 65/66 (98%) running_loss=0.8774
2026-09-24 05:42:24,367 INFO train epoch 11/200 batch 66/66 (100%) running_loss=0.8784
2026-09-24 05:42:26,979 INFO epoch 11/200 done: train_loss=0.8784 val_loss=0.6300 val_accuracy=0.7705 val_macro_f1=0.5589 val_macro_auc=0.8409 (checkpoint_metric=macro_auc) [new best]
2026-09-24 05:42:31,064 INFO train epoch 12/200 batch 13/66 (20%) running_loss=0.8724
2026-09-24 05:42:34,638 INFO train epoch 12/200 batch 26/66 (39%) running_loss=0.8637
2026-09-24 05:42:38,209 INFO train epoch 12/200 batch 39/66 (59%) running_loss=0.8653
2026-09-24 05:42:41,787 INFO train epoch 12/200 batch 52/66 (79%) running_loss=0.8594
2026-09-24 05:42:45,360 INFO train epoch 12/200 batch 65/66 (98%) running_loss=0.8668
2026-09-24 05:42:45,584 INFO train epoch 12/200 batch 66/66 (100%) running_loss=0.8676
2026-09-24 05:42:48,193 INFO epoch 12/200 done: train_loss=0.8676 val_loss=0.6875 val_accuracy=0.7787 val_macro_f1=0.5648 val_macro_auc=0.8368 (checkpoint_metric=macro_auc) [new best]
2026-09-24 05:42:52,300 INFO train epoch 13/200 batch 13/66 (20%) running_loss=0.8927
2026-09-24 05:42:55,875 INFO train epoch 13/200 batch 26/66 (39%) running_loss=0.8659
2026-09-24 05:42:59,442 INFO train epoch 13/200 batch 39/66 (59%) running_loss=0.8581
2026-09-24 05:43:03,008 INFO train epoch 13/200 batch 52/66 (79%) running_loss=0.8516
2026-09-24 05:43:06,748 INFO train epoch 13/200 batch 65/66 (98%) running_loss=0.8561
2026-09-24 05:43:06,973 INFO train epoch 13/200 batch 66/66 (100%) running_loss=0.8550
2026-09-24 05:43:09,579 INFO epoch 13/200 done: train_loss=0.8550 val_loss=0.7629 val_accuracy=0.6762 val_macro_f1=0.4713 val_macro_auc=0.8658 (checkpoint_metric=macro_auc) [new best]
2026-09-24 05:43:13,686 INFO train epoch 14/200 batch 13/66 (20%) running_loss=0.8607
2026-09-24 05:43:17,272 INFO train epoch 14/200 batch 26/66 (39%) running_loss=0.8437
2026-09-24 05:43:20,858 INFO train epoch 14/200 batch 39/66 (59%) running_loss=0.8464
2026-09-24 05:43:24,443 INFO train epoch 14/200 batch 52/66 (79%) running_loss=0.8505
2026-09-24 05:43:28,022 INFO train epoch 14/200 batch 65/66 (98%) running_loss=0.8416
2026-09-24 05:43:28,252 INFO train epoch 14/200 batch 66/66 (100%) running_loss=0.8405
2026-09-24 05:43:30,859 INFO epoch 14/200 done: train_loss=0.8405 val_loss=0.6223 val_accuracy=0.7561 val_macro_f1=0.5473 val_macro_auc=0.8610 (checkpoint_metric=macro_auc) [new best]
2026-09-24 05:43:34,966 INFO train epoch 15/200 batch 13/66 (20%) running_loss=0.7994
2026-09-24 05:43:38,568 INFO train epoch 15/200 batch 26/66 (39%) running_loss=0.8144
2026-09-24 05:43:42,170 INFO train epoch 15/200 batch 39/66 (59%) running_loss=0.8298
2026-09-24 05:43:45,762 INFO train epoch 15/200 batch 52/66 (79%) running_loss=0.8349
2026-09-24 05:43:49,351 INFO train epoch 15/200 batch 65/66 (98%) running_loss=0.8296
2026-09-24 05:43:49,575 INFO train epoch 15/200 batch 66/66 (100%) running_loss=0.8292
2026-09-24 05:43:52,204 INFO epoch 15/200 done: train_loss=0.8292 val_loss=0.6030 val_accuracy=0.8094 val_macro_f1=0.5882 val_macro_auc=0.8633 (checkpoint_metric=macro_auc) [new best]
2026-09-24 05:43:56,298 INFO train epoch 16/200 batch 13/66 (20%) running_loss=0.8177
2026-09-24 05:43:59,904 INFO train epoch 16/200 batch 26/66 (39%) running_loss=0.8196
2026-09-24 05:44:03,500 INFO train epoch 16/200 batch 39/66 (59%) running_loss=0.8211
2026-09-24 05:44:07,112 INFO train epoch 16/200 batch 52/66 (79%) running_loss=0.8182
2026-09-24 05:44:10,710 INFO train epoch 16/200 batch 65/66 (98%) running_loss=0.8156
2026-09-24 05:44:10,935 INFO train epoch 16/200 batch 66/66 (100%) running_loss=0.8147
2026-09-24 05:44:13,686 INFO epoch 16/200 done: train_loss=0.8147 val_loss=0.6116 val_accuracy=0.7951 val_macro_f1=0.5790 val_macro_auc=0.8898 (checkpoint_metric=macro_auc) [new best]
2026-09-24 05:44:17,794 INFO train epoch 17/200 batch 13/66 (20%) running_loss=0.8405
2026-09-24 05:44:21,392 INFO train epoch 17/200 batch 26/66 (39%) running_loss=0.8216
2026-09-24 05:44:24,987 INFO train epoch 17/200 batch 39/66 (59%) running_loss=0.8115
2026-09-24 05:44:28,551 INFO train epoch 17/200 batch 52/66 (79%) running_loss=0.8129
2026-09-24 05:44:32,122 INFO train epoch 17/200 batch 65/66 (98%) running_loss=0.8205
2026-09-24 05:44:32,348 INFO train epoch 17/200 batch 66/66 (100%) running_loss=0.8204
2026-09-24 05:44:34,961 INFO epoch 17/200 done: train_loss=0.8204 val_loss=0.7209 val_accuracy=0.7295 val_macro_f1=0.5235 val_macro_auc=0.8815 (checkpoint_metric=macro_auc) [new best]
2026-09-24 05:44:39,066 INFO train epoch 18/200 batch 13/66 (20%) running_loss=0.8010
2026-09-24 05:44:42,661 INFO train epoch 18/200 batch 26/66 (39%) running_loss=0.8158
2026-09-24 05:44:46,232 INFO train epoch 18/200 batch 39/66 (59%) running_loss=0.8185
2026-09-24 05:44:49,792 INFO train epoch 18/200 batch 52/66 (79%) running_loss=0.8247
2026-09-24 05:44:53,372 INFO train epoch 18/200 batch 65/66 (98%) running_loss=0.8191
2026-09-24 05:44:53,599 INFO train epoch 18/200 batch 66/66 (100%) running_loss=0.8192
2026-09-24 05:44:56,118 INFO epoch 18/200 done: train_loss=0.8192 val_loss=0.5896 val_accuracy=0.7787 val_macro_f1=0.5622 val_macro_auc=0.8560 (checkpoint_metric=macro_auc)
2026-09-24 05:45:00,149 INFO train epoch 19/200 batch 13/66 (20%) running_loss=0.8759
2026-09-24 05:45:03,736 INFO train epoch 19/200 batch 26/66 (39%) running_loss=0.8271
2026-09-24 05:45:07,421 INFO train epoch 19/200 batch 39/66 (59%) running_loss=0.8164
2026-09-24 05:45:10,991 INFO train epoch 19/200 batch 52/66 (79%) running_loss=0.8176
2026-09-24 05:45:14,569 INFO train epoch 19/200 batch 65/66 (98%) running_loss=0.8134
2026-09-24 05:45:14,794 INFO train epoch 19/200 batch 66/66 (100%) running_loss=0.8125
2026-09-24 05:45:17,422 INFO epoch 19/200 done: train_loss=0.8125 val_loss=0.5536 val_accuracy=0.8176 val_macro_f1=0.5955 val_macro_auc=0.9043 (checkpoint_metric=macro_auc) [new best]
2026-09-24 05:45:21,483 INFO train epoch 20/200 batch 13/66 (20%) running_loss=0.8099
2026-09-24 05:45:25,073 INFO train epoch 20/200 batch 26/66 (39%) running_loss=0.8070
2026-09-24 05:45:28,651 INFO train epoch 20/200 batch 39/66 (59%) running_loss=0.7932
2026-09-24 05:45:32,230 INFO train epoch 20/200 batch 52/66 (79%) running_loss=0.7889
2026-09-24 05:45:35,813 INFO train epoch 20/200 batch 65/66 (98%) running_loss=0.7958
2026-09-24 05:45:36,040 INFO train epoch 20/200 batch 66/66 (100%) running_loss=0.7988
2026-09-24 05:45:38,666 INFO epoch 20/200 done: train_loss=0.7988 val_loss=0.5480 val_accuracy=0.8320 val_macro_f1=0.6153 val_macro_auc=0.8987 (checkpoint_metric=macro_auc) [new best]
2026-09-24 05:45:42,785 INFO train epoch 21/200 batch 13/66 (20%) running_loss=0.8008
2026-09-24 05:45:46,358 INFO train epoch 21/200 batch 26/66 (39%) running_loss=0.8066
2026-09-24 05:45:49,933 INFO train epoch 21/200 batch 39/66 (59%) running_loss=0.8034
2026-09-24 05:45:53,547 INFO train epoch 21/200 batch 52/66 (79%) running_loss=0.8066
2026-09-24 05:45:57,131 INFO train epoch 21/200 batch 65/66 (98%) running_loss=0.8038
2026-09-24 05:45:57,355 INFO train epoch 21/200 batch 66/66 (100%) running_loss=0.8031
2026-09-24 05:46:00,013 INFO epoch 21/200 done: train_loss=0.8031 val_loss=0.6013 val_accuracy=0.7828 val_macro_f1=0.5807 val_macro_auc=0.9033 (checkpoint_metric=macro_auc) [new best]
2026-09-24 05:46:04,149 INFO train epoch 22/200 batch 13/66 (20%) running_loss=0.7307
2026-09-24 05:46:07,748 INFO train epoch 22/200 batch 26/66 (39%) running_loss=0.7568
2026-09-24 05:46:11,321 INFO train epoch 22/200 batch 39/66 (59%) running_loss=0.7719
2026-09-24 05:46:14,987 INFO train epoch 22/200 batch 52/66 (79%) running_loss=0.7856
2026-09-24 05:46:18,572 INFO train epoch 22/200 batch 65/66 (98%) running_loss=0.7885
2026-09-24 05:46:18,798 INFO train epoch 22/200 batch 66/66 (100%) running_loss=0.7866
2026-09-24 05:46:21,296 INFO epoch 22/200 done: train_loss=0.7866 val_loss=0.6459 val_accuracy=0.7725 val_macro_f1=0.6215 val_macro_auc=0.8769 (checkpoint_metric=macro_auc)
2026-09-24 05:46:25,401 INFO train epoch 23/200 batch 13/66 (20%) running_loss=0.7526
2026-09-24 05:46:28,995 INFO train epoch 23/200 batch 26/66 (39%) running_loss=0.7777
2026-09-24 05:46:32,574 INFO train epoch 23/200 batch 39/66 (59%) running_loss=0.7851
2026-09-24 05:46:36,154 INFO train epoch 23/200 batch 52/66 (79%) running_loss=0.7744
2026-09-24 05:46:39,729 INFO train epoch 23/200 batch 65/66 (98%) running_loss=0.7740
2026-09-24 05:46:39,955 INFO train epoch 23/200 batch 66/66 (100%) running_loss=0.7737
2026-09-24 05:46:42,478 INFO epoch 23/200 done: train_loss=0.7737 val_loss=0.9673 val_accuracy=0.5902 val_macro_f1=0.3706 val_macro_auc=0.8107 (checkpoint_metric=macro_auc)
2026-09-24 05:46:46,573 INFO train epoch 24/200 batch 13/66 (20%) running_loss=0.8076
2026-09-24 05:46:50,153 INFO train epoch 24/200 batch 26/66 (39%) running_loss=0.7818
2026-09-24 05:46:53,733 INFO train epoch 24/200 batch 39/66 (59%) running_loss=0.7676
2026-09-24 05:46:57,321 INFO train epoch 24/200 batch 52/66 (79%) running_loss=0.7648
2026-09-24 05:47:00,907 INFO train epoch 24/200 batch 65/66 (98%) running_loss=0.7657
2026-09-24 05:47:01,134 INFO train epoch 24/200 batch 66/66 (100%) running_loss=0.7654
2026-09-24 05:47:03,636 INFO epoch 24/200 done: train_loss=0.7654 val_loss=0.6330 val_accuracy=0.7439 val_macro_f1=0.5489 val_macro_auc=0.9147 (checkpoint_metric=macro_auc)
2026-09-24 05:47:07,745 INFO train epoch 25/200 batch 13/66 (20%) running_loss=0.7449
2026-09-24 05:47:11,334 INFO train epoch 25/200 batch 26/66 (39%) running_loss=0.7493
2026-09-24 05:47:15,086 INFO train epoch 25/200 batch 39/66 (59%) running_loss=0.7456
2026-09-24 05:47:18,667 INFO train epoch 25/200 batch 52/66 (79%) running_loss=0.7479
2026-09-24 05:47:22,253 INFO train epoch 25/200 batch 65/66 (98%) running_loss=0.7513
2026-09-24 05:47:22,483 INFO train epoch 25/200 batch 66/66 (100%) running_loss=0.7507
2026-09-24 05:47:24,980 INFO epoch 25/200 done: train_loss=0.7507 val_loss=0.5517 val_accuracy=0.8504 val_macro_f1=0.8047 val_macro_auc=0.9530 (checkpoint_metric=macro_auc)
2026-09-24 05:47:29,056 INFO train epoch 26/200 batch 13/66 (20%) running_loss=0.7438
2026-09-24 05:47:32,654 INFO train epoch 26/200 batch 26/66 (39%) running_loss=0.7484
2026-09-24 05:47:36,248 INFO train epoch 26/200 batch 39/66 (59%) running_loss=0.7595
2026-09-24 05:47:39,831 INFO train epoch 26/200 batch 52/66 (79%) running_loss=0.7646
2026-09-24 05:47:43,404 INFO train epoch 26/200 batch 65/66 (98%) running_loss=0.7629
2026-09-24 05:47:43,631 INFO train epoch 26/200 batch 66/66 (100%) running_loss=0.7636
2026-09-24 05:47:46,251 INFO epoch 26/200 done: train_loss=0.7636 val_loss=0.5221 val_accuracy=0.8381 val_macro_f1=0.7652 val_macro_auc=0.9559 (checkpoint_metric=macro_auc) [new best]
2026-09-24 05:47:50,358 INFO train epoch 27/200 batch 13/66 (20%) running_loss=0.7728
2026-09-24 05:47:53,955 INFO train epoch 27/200 batch 26/66 (39%) running_loss=0.7711
2026-09-24 05:47:57,541 INFO train epoch 27/200 batch 39/66 (59%) running_loss=0.7614
2026-09-24 05:48:01,129 INFO train epoch 27/200 batch 52/66 (79%) running_loss=0.7502
2026-09-24 05:48:04,717 INFO train epoch 27/200 batch 65/66 (98%) running_loss=0.7421
2026-09-24 05:48:04,947 INFO train epoch 27/200 batch 66/66 (100%) running_loss=0.7408
2026-09-24 05:48:07,581 INFO epoch 27/200 done: train_loss=0.7408 val_loss=0.7498 val_accuracy=0.6434 val_macro_f1=0.6371 val_macro_auc=0.9437 (checkpoint_metric=macro_auc) [new best]
2026-09-24 05:48:11,759 INFO train epoch 28/200 batch 13/66 (20%) running_loss=0.7204
2026-09-24 05:48:15,359 INFO train epoch 28/200 batch 26/66 (39%) running_loss=0.7252
2026-09-24 05:48:18,965 INFO train epoch 28/200 batch 39/66 (59%) running_loss=0.7289
2026-09-24 05:48:22,600 INFO train epoch 28/200 batch 52/66 (79%) running_loss=0.7349
2026-09-24 05:48:26,212 INFO train epoch 28/200 batch 65/66 (98%) running_loss=0.7393
2026-09-24 05:48:26,438 INFO train epoch 28/200 batch 66/66 (100%) running_loss=0.7377
2026-09-24 05:48:28,951 INFO epoch 28/200 done: train_loss=0.7377 val_loss=0.8070 val_accuracy=0.6148 val_macro_f1=0.4258 val_macro_auc=0.8703 (checkpoint_metric=macro_auc)
2026-09-24 05:48:33,052 INFO train epoch 29/200 batch 13/66 (20%) running_loss=0.7378
2026-09-24 05:48:36,636 INFO train epoch 29/200 batch 26/66 (39%) running_loss=0.7488
2026-09-24 05:48:40,229 INFO train epoch 29/200 batch 39/66 (59%) running_loss=0.7423
2026-09-24 05:48:43,874 INFO train epoch 29/200 batch 52/66 (79%) running_loss=0.7283
2026-09-24 05:48:47,481 INFO train epoch 29/200 batch 65/66 (98%) running_loss=0.7332
2026-09-24 05:48:47,709 INFO train epoch 29/200 batch 66/66 (100%) running_loss=0.7324
2026-09-24 05:48:50,216 INFO epoch 29/200 done: train_loss=0.7324 val_loss=0.9306 val_accuracy=0.5615 val_macro_f1=0.3303 val_macro_auc=0.8543 (checkpoint_metric=macro_auc)
2026-09-24 05:48:54,298 INFO train epoch 30/200 batch 13/66 (20%) running_loss=0.7303
2026-09-24 05:48:57,895 INFO train epoch 30/200 batch 26/66 (39%) running_loss=0.7276
2026-09-24 05:49:01,551 INFO train epoch 30/200 batch 39/66 (59%) running_loss=0.7272
2026-09-24 05:49:05,152 INFO train epoch 30/200 batch 52/66 (79%) running_loss=0.7279
2026-09-24 05:49:08,748 INFO train epoch 30/200 batch 65/66 (98%) running_loss=0.7217
2026-09-24 05:49:08,976 INFO train epoch 30/200 batch 66/66 (100%) running_loss=0.7207
2026-09-24 05:49:11,468 INFO epoch 30/200 done: train_loss=0.7207 val_loss=0.5588 val_accuracy=0.7254 val_macro_f1=0.6077 val_macro_auc=0.9225 (checkpoint_metric=macro_auc)
2026-09-24 05:49:15,601 INFO train epoch 31/200 batch 13/66 (20%) running_loss=0.7390
2026-09-24 05:49:19,396 INFO train epoch 31/200 batch 26/66 (39%) running_loss=0.7267
2026-09-24 05:49:22,985 INFO train epoch 31/200 batch 39/66 (59%) running_loss=0.7335
2026-09-24 05:49:26,597 INFO train epoch 31/200 batch 52/66 (79%) running_loss=0.7306
2026-09-24 05:49:30,211 INFO train epoch 31/200 batch 65/66 (98%) running_loss=0.7175
2026-09-24 05:49:30,444 INFO train epoch 31/200 batch 66/66 (100%) running_loss=0.7161
2026-09-24 05:49:32,948 INFO epoch 31/200 done: train_loss=0.7161 val_loss=0.4934 val_accuracy=0.8115 val_macro_f1=0.6856 val_macro_auc=0.9177 (checkpoint_metric=macro_auc)
2026-09-24 05:49:37,121 INFO train epoch 32/200 batch 13/66 (20%) running_loss=0.7054
2026-09-24 05:49:40,752 INFO train epoch 32/200 batch 26/66 (39%) running_loss=0.7194
2026-09-24 05:49:44,373 INFO train epoch 32/200 batch 39/66 (59%) running_loss=0.7293
2026-09-24 05:49:47,972 INFO train epoch 32/200 batch 52/66 (79%) running_loss=0.7254
2026-09-24 05:49:51,569 INFO train epoch 32/200 batch 65/66 (98%) running_loss=0.7311
2026-09-24 05:49:51,795 INFO train epoch 32/200 batch 66/66 (100%) running_loss=0.7308
2026-09-24 05:49:54,292 INFO epoch 32/200 done: train_loss=0.7308 val_loss=0.7334 val_accuracy=0.6660 val_macro_f1=0.4807 val_macro_auc=0.8751 (checkpoint_metric=macro_auc)
2026-09-24 05:49:58,393 INFO train epoch 33/200 batch 13/66 (20%) running_loss=0.7205
2026-09-24 05:50:01,996 INFO train epoch 33/200 batch 26/66 (39%) running_loss=0.7109
2026-09-24 05:50:05,590 INFO train epoch 33/200 batch 39/66 (59%) running_loss=0.7133
2026-09-24 05:50:09,381 INFO train epoch 33/200 batch 52/66 (79%) running_loss=0.7144
2026-09-24 05:50:12,985 INFO train epoch 33/200 batch 65/66 (98%) running_loss=0.7137
2026-09-24 05:50:13,216 INFO train epoch 33/200 batch 66/66 (100%) running_loss=0.7135
2026-09-24 05:50:15,781 INFO epoch 33/200 done: train_loss=0.7135 val_loss=0.4332 val_accuracy=0.8709 val_macro_f1=0.7901 val_macro_auc=0.9628 (checkpoint_metric=macro_auc)
2026-09-24 05:50:19,870 INFO train epoch 34/200 batch 13/66 (20%) running_loss=0.7167
2026-09-24 05:50:23,512 INFO train epoch 34/200 batch 26/66 (39%) running_loss=0.7236
2026-09-24 05:50:27,123 INFO train epoch 34/200 batch 39/66 (59%) running_loss=0.7132
2026-09-24 05:50:30,736 INFO train epoch 34/200 batch 52/66 (79%) running_loss=0.6981
2026-09-24 05:50:34,335 INFO train epoch 34/200 batch 65/66 (98%) running_loss=0.6973
2026-09-24 05:50:34,561 INFO train epoch 34/200 batch 66/66 (100%) running_loss=0.6980
2026-09-24 05:50:37,067 INFO epoch 34/200 done: train_loss=0.6980 val_loss=0.6004 val_accuracy=0.7480 val_macro_f1=0.7149 val_macro_auc=0.9499 (checkpoint_metric=macro_auc)
2026-09-24 05:50:41,179 INFO train epoch 35/200 batch 13/66 (20%) running_loss=0.7347
2026-09-24 05:50:44,778 INFO train epoch 35/200 batch 26/66 (39%) running_loss=0.7177
2026-09-24 05:50:48,387 INFO train epoch 35/200 batch 39/66 (59%) running_loss=0.7127
2026-09-24 05:50:52,034 INFO train epoch 35/200 batch 52/66 (79%) running_loss=0.7082
2026-09-24 05:50:55,627 INFO train epoch 35/200 batch 65/66 (98%) running_loss=0.7054
2026-09-24 05:50:55,855 INFO train epoch 35/200 batch 66/66 (100%) running_loss=0.7049
2026-09-24 05:50:58,362 INFO epoch 35/200 done: train_loss=0.7049 val_loss=0.9188 val_accuracy=0.6373 val_macro_f1=0.4562 val_macro_auc=0.8483 (checkpoint_metric=macro_auc)
2026-09-24 05:51:02,439 INFO train epoch 36/200 batch 13/66 (20%) running_loss=0.6871
2026-09-24 05:51:06,055 INFO train epoch 36/200 batch 26/66 (39%) running_loss=0.7037
2026-09-24 05:51:09,665 INFO train epoch 36/200 batch 39/66 (59%) running_loss=0.7040
2026-09-24 05:51:13,273 INFO train epoch 36/200 batch 52/66 (79%) running_loss=0.6876
2026-09-24 05:51:16,999 INFO train epoch 36/200 batch 65/66 (98%) running_loss=0.6871
2026-09-24 05:51:17,229 INFO train epoch 36/200 batch 66/66 (100%) running_loss=0.6860
2026-09-24 05:51:19,729 INFO epoch 36/200 done: train_loss=0.6860 val_loss=0.4661 val_accuracy=0.8873 val_macro_f1=0.8453 val_macro_auc=0.9740 (checkpoint_metric=macro_auc)
2026-09-24 05:51:23,789 INFO train epoch 37/200 batch 13/66 (20%) running_loss=0.7340
2026-09-24 05:51:27,402 INFO train epoch 37/200 batch 26/66 (39%) running_loss=0.7180
2026-09-24 05:51:31,008 INFO train epoch 37/200 batch 39/66 (59%) running_loss=0.7116
2026-09-24 05:51:34,605 INFO train epoch 37/200 batch 52/66 (79%) running_loss=0.7054
2026-09-24 05:51:38,197 INFO train epoch 37/200 batch 65/66 (98%) running_loss=0.7003
2026-09-24 05:51:38,423 INFO train epoch 37/200 batch 66/66 (100%) running_loss=0.6993
2026-09-24 05:51:40,921 INFO epoch 37/200 done: train_loss=0.6993 val_loss=0.3713 val_accuracy=0.8893 val_macro_f1=0.8402 val_macro_auc=0.9723 (checkpoint_metric=macro_auc)
2026-09-24 05:51:45,046 INFO train epoch 38/200 batch 13/66 (20%) running_loss=0.6379
2026-09-24 05:51:48,690 INFO train epoch 38/200 batch 26/66 (39%) running_loss=0.6795
2026-09-24 05:51:52,336 INFO train epoch 38/200 batch 39/66 (59%) running_loss=0.6767
2026-09-24 05:51:55,958 INFO train epoch 38/200 batch 52/66 (79%) running_loss=0.6883
2026-09-24 05:51:59,562 INFO train epoch 38/200 batch 65/66 (98%) running_loss=0.6859
2026-09-24 05:51:59,793 INFO train epoch 38/200 batch 66/66 (100%) running_loss=0.6845
2026-09-24 05:52:02,426 INFO epoch 38/200 done: train_loss=0.6845 val_loss=0.3991 val_accuracy=0.9180 val_macro_f1=0.8791 val_macro_auc=0.9675 (checkpoint_metric=macro_auc) [new best]
2026-09-24 05:52:06,508 INFO train epoch 39/200 batch 13/66 (20%) running_loss=0.6694
2026-09-24 05:52:10,090 INFO train epoch 39/200 batch 26/66 (39%) running_loss=0.6533
2026-09-24 05:52:13,674 INFO train epoch 39/200 batch 39/66 (59%) running_loss=0.6687
2026-09-24 05:52:17,263 INFO train epoch 39/200 batch 52/66 (79%) running_loss=0.6653
2026-09-24 05:52:20,851 INFO train epoch 39/200 batch 65/66 (98%) running_loss=0.6691
2026-09-24 05:52:21,079 INFO train epoch 39/200 batch 66/66 (100%) running_loss=0.6686
2026-09-24 05:52:23,580 INFO epoch 39/200 done: train_loss=0.6686 val_loss=0.5569 val_accuracy=0.8197 val_macro_f1=0.7934 val_macro_auc=0.9693 (checkpoint_metric=macro_auc)
2026-09-24 05:52:27,771 INFO train epoch 40/200 batch 13/66 (20%) running_loss=0.6643
2026-09-24 05:52:31,349 INFO train epoch 40/200 batch 26/66 (39%) running_loss=0.6734
2026-09-24 05:52:34,942 INFO train epoch 40/200 batch 39/66 (59%) running_loss=0.6968
2026-09-24 05:52:38,521 INFO train epoch 40/200 batch 52/66 (79%) running_loss=0.6976
2026-09-24 05:52:42,109 INFO train epoch 40/200 batch 65/66 (98%) running_loss=0.6970
2026-09-24 05:52:42,338 INFO train epoch 40/200 batch 66/66 (100%) running_loss=0.6971
2026-09-24 05:52:44,981 INFO epoch 40/200 done: train_loss=0.6971 val_loss=0.4362 val_accuracy=0.8914 val_macro_f1=0.8507 val_macro_auc=0.9801 (checkpoint_metric=macro_auc) [new best]
2026-09-24 05:52:49,082 INFO train epoch 41/200 batch 13/66 (20%) running_loss=0.6572
2026-09-24 05:52:52,713 INFO train epoch 41/200 batch 26/66 (39%) running_loss=0.6668
2026-09-24 05:52:56,333 INFO train epoch 41/200 batch 39/66 (59%) running_loss=0.6672
2026-09-24 05:52:59,957 INFO train epoch 41/200 batch 52/66 (79%) running_loss=0.6695
2026-09-24 05:53:03,586 INFO train epoch 41/200 batch 65/66 (98%) running_loss=0.6673
2026-09-24 05:53:03,816 INFO train epoch 41/200 batch 66/66 (100%) running_loss=0.6656
2026-09-24 05:53:06,436 INFO epoch 41/200 done: train_loss=0.6656 val_loss=0.3891 val_accuracy=0.8955 val_macro_f1=0.8599 val_macro_auc=0.9807 (checkpoint_metric=macro_auc) [new best]
2026-09-24 05:53:10,552 INFO train epoch 42/200 batch 13/66 (20%) running_loss=0.6181
2026-09-24 05:53:14,174 INFO train epoch 42/200 batch 26/66 (39%) running_loss=0.6357
2026-09-24 05:53:17,790 INFO train epoch 42/200 batch 39/66 (59%) running_loss=0.6587
2026-09-24 05:53:21,403 INFO train epoch 42/200 batch 52/66 (79%) running_loss=0.6678
2026-09-24 05:53:25,011 INFO train epoch 42/200 batch 65/66 (98%) running_loss=0.6650
2026-09-24 05:53:25,241 INFO train epoch 42/200 batch 66/66 (100%) running_loss=0.6667
2026-09-24 05:53:27,844 INFO epoch 42/200 done: train_loss=0.6667 val_loss=0.4925 val_accuracy=0.8135 val_macro_f1=0.7884 val_macro_auc=0.9862 (checkpoint_metric=macro_auc) [new best]
2026-09-24 05:53:31,946 INFO train epoch 43/200 batch 13/66 (20%) running_loss=0.6832
2026-09-24 05:53:35,554 INFO train epoch 43/200 batch 26/66 (39%) running_loss=0.6805
2026-09-24 05:53:39,163 INFO train epoch 43/200 batch 39/66 (59%) running_loss=0.6837
2026-09-24 05:53:42,862 INFO train epoch 43/200 batch 52/66 (79%) running_loss=0.6770
2026-09-24 05:53:46,467 INFO train epoch 43/200 batch 65/66 (98%) running_loss=0.6689
2026-09-24 05:53:46,695 INFO train epoch 43/200 batch 66/66 (100%) running_loss=0.6686
2026-09-24 05:53:49,325 INFO epoch 43/200 done: train_loss=0.6686 val_loss=0.4066 val_accuracy=0.9016 val_macro_f1=0.8672 val_macro_auc=0.9824 (checkpoint_metric=macro_auc) [new best]
2026-09-24 05:53:53,459 INFO train epoch 44/200 batch 13/66 (20%) running_loss=0.6589
2026-09-24 05:53:57,061 INFO train epoch 44/200 batch 26/66 (39%) running_loss=0.6768
2026-09-24 05:54:00,679 INFO train epoch 44/200 batch 39/66 (59%) running_loss=0.6470
2026-09-24 05:54:04,290 INFO train epoch 44/200 batch 52/66 (79%) running_loss=0.6464
2026-09-24 05:54:07,890 INFO train epoch 44/200 batch 65/66 (98%) running_loss=0.6485
2026-09-24 05:54:08,117 INFO train epoch 44/200 batch 66/66 (100%) running_loss=0.6481
2026-09-24 05:54:10,762 INFO epoch 44/200 done: train_loss=0.6481 val_loss=0.4560 val_accuracy=0.8545 val_macro_f1=0.8284 val_macro_auc=0.9822 (checkpoint_metric=macro_auc) [new best]
2026-09-24 05:54:14,898 INFO train epoch 45/200 batch 13/66 (20%) running_loss=0.6358
2026-09-24 05:54:18,488 INFO train epoch 45/200 batch 26/66 (39%) running_loss=0.6399
2026-09-24 05:54:22,085 INFO train epoch 45/200 batch 39/66 (59%) running_loss=0.6316
2026-09-24 05:54:25,697 INFO train epoch 45/200 batch 52/66 (79%) running_loss=0.6356
2026-09-24 05:54:29,444 INFO train epoch 45/200 batch 65/66 (98%) running_loss=0.6413
2026-09-24 05:54:29,674 INFO train epoch 45/200 batch 66/66 (100%) running_loss=0.6402
2026-09-24 05:54:32,177 INFO epoch 45/200 done: train_loss=0.6402 val_loss=0.5970 val_accuracy=0.7602 val_macro_f1=0.6258 val_macro_auc=0.9285 (checkpoint_metric=macro_auc)
2026-09-24 05:54:36,319 INFO train epoch 46/200 batch 13/66 (20%) running_loss=0.6415
2026-09-24 05:54:39,927 INFO train epoch 46/200 batch 26/66 (39%) running_loss=0.6431
2026-09-24 05:54:43,528 INFO train epoch 46/200 batch 39/66 (59%) running_loss=0.6348
2026-09-24 05:54:47,128 INFO train epoch 46/200 batch 52/66 (79%) running_loss=0.6383
2026-09-24 05:54:50,729 INFO train epoch 46/200 batch 65/66 (98%) running_loss=0.6351
2026-09-24 05:54:50,958 INFO train epoch 46/200 batch 66/66 (100%) running_loss=0.6357
2026-09-24 05:54:53,466 INFO epoch 46/200 done: train_loss=0.6357 val_loss=0.7317 val_accuracy=0.7049 val_macro_f1=0.5154 val_macro_auc=0.8959 (checkpoint_metric=macro_auc)
2026-09-24 05:54:57,591 INFO train epoch 47/200 batch 13/66 (20%) running_loss=0.6051
2026-09-24 05:55:01,198 INFO train epoch 47/200 batch 26/66 (39%) running_loss=0.6251
2026-09-24 05:55:04,792 INFO train epoch 47/200 batch 39/66 (59%) running_loss=0.6369
2026-09-24 05:55:08,380 INFO train epoch 47/200 batch 52/66 (79%) running_loss=0.6257
2026-09-24 05:55:11,972 INFO train epoch 47/200 batch 65/66 (98%) running_loss=0.6308
2026-09-24 05:55:12,201 INFO train epoch 47/200 batch 66/66 (100%) running_loss=0.6306
2026-09-24 05:55:14,711 INFO epoch 47/200 done: train_loss=0.6306 val_loss=0.3727 val_accuracy=0.9057 val_macro_f1=0.8793 val_macro_auc=0.9853 (checkpoint_metric=macro_auc)
2026-09-24 05:55:18,811 INFO train epoch 48/200 batch 13/66 (20%) running_loss=0.5983
2026-09-24 05:55:22,596 INFO train epoch 48/200 batch 26/66 (39%) running_loss=0.6238
2026-09-24 05:55:26,205 INFO train epoch 48/200 batch 39/66 (59%) running_loss=0.6271
2026-09-24 05:55:29,819 INFO train epoch 48/200 batch 52/66 (79%) running_loss=0.6201
2026-09-24 05:55:33,409 INFO train epoch 48/200 batch 65/66 (98%) running_loss=0.6205
2026-09-24 05:55:33,637 INFO train epoch 48/200 batch 66/66 (100%) running_loss=0.6203
2026-09-24 05:55:36,145 INFO epoch 48/200 done: train_loss=0.6203 val_loss=0.3640 val_accuracy=0.9324 val_macro_f1=0.9065 val_macro_auc=0.9904 (checkpoint_metric=macro_auc)
2026-09-24 05:55:40,282 INFO train epoch 49/200 batch 13/66 (20%) running_loss=0.6350
2026-09-24 05:55:43,871 INFO train epoch 49/200 batch 26/66 (39%) running_loss=0.6353
2026-09-24 05:55:47,458 INFO train epoch 49/200 batch 39/66 (59%) running_loss=0.6385
2026-09-24 05:55:51,049 INFO train epoch 49/200 batch 52/66 (79%) running_loss=0.6316
2026-09-24 05:55:54,637 INFO train epoch 49/200 batch 65/66 (98%) running_loss=0.6337
2026-09-24 05:55:54,864 INFO train epoch 49/200 batch 66/66 (100%) running_loss=0.6331
2026-09-24 05:55:57,362 INFO epoch 49/200 done: train_loss=0.6331 val_loss=0.4707 val_accuracy=0.8053 val_macro_f1=0.7196 val_macro_auc=0.9692 (checkpoint_metric=macro_auc)
2026-09-24 05:56:01,499 INFO train epoch 50/200 batch 13/66 (20%) running_loss=0.6088
2026-09-24 05:56:05,137 INFO train epoch 50/200 batch 26/66 (39%) running_loss=0.6054
2026-09-24 05:56:08,754 INFO train epoch 50/200 batch 39/66 (59%) running_loss=0.6149
2026-09-24 05:56:12,373 INFO train epoch 50/200 batch 52/66 (79%) running_loss=0.6145
2026-09-24 05:56:15,986 INFO train epoch 50/200 batch 65/66 (98%) running_loss=0.6189
2026-09-24 05:56:16,214 INFO train epoch 50/200 batch 66/66 (100%) running_loss=0.6191
2026-09-24 05:56:18,712 INFO epoch 50/200 done: train_loss=0.6191 val_loss=0.3606 val_accuracy=0.8750 val_macro_f1=0.8413 val_macro_auc=0.9813 (checkpoint_metric=macro_auc)
2026-09-24 05:56:22,819 INFO train epoch 51/200 batch 13/66 (20%) running_loss=0.6685
2026-09-24 05:56:26,510 INFO train epoch 51/200 batch 26/66 (39%) running_loss=0.6451
2026-09-24 05:56:30,106 INFO train epoch 51/200 batch 39/66 (59%) running_loss=0.6336
2026-09-24 05:56:33,707 INFO train epoch 51/200 batch 52/66 (79%) running_loss=0.6320
2026-09-24 05:56:37,303 INFO train epoch 51/200 batch 65/66 (98%) running_loss=0.6305
2026-09-24 05:56:37,530 INFO train epoch 51/200 batch 66/66 (100%) running_loss=0.6306
2026-09-24 05:56:40,033 INFO epoch 51/200 done: train_loss=0.6306 val_loss=0.3617 val_accuracy=0.9221 val_macro_f1=0.8952 val_macro_auc=0.9892 (checkpoint_metric=macro_auc)
2026-09-24 05:56:44,083 INFO train epoch 52/200 batch 13/66 (20%) running_loss=0.6129
2026-09-24 05:56:47,676 INFO train epoch 52/200 batch 26/66 (39%) running_loss=0.6309
2026-09-24 05:56:51,287 INFO train epoch 52/200 batch 39/66 (59%) running_loss=0.6178
2026-09-24 05:56:54,878 INFO train epoch 52/200 batch 52/66 (79%) running_loss=0.6162
2026-09-24 05:56:58,477 INFO train epoch 52/200 batch 65/66 (98%) running_loss=0.6067
2026-09-24 05:56:58,704 INFO train epoch 52/200 batch 66/66 (100%) running_loss=0.6078
2026-09-24 05:57:01,324 INFO epoch 52/200 done: train_loss=0.6078 val_loss=0.3382 val_accuracy=0.9242 val_macro_f1=0.8972 val_macro_auc=0.9883 (checkpoint_metric=macro_auc) [new best]
2026-09-24 05:57:05,474 INFO train epoch 53/200 batch 13/66 (20%) running_loss=0.5979
2026-09-24 05:57:09,068 INFO train epoch 53/200 batch 26/66 (39%) running_loss=0.6128
2026-09-24 05:57:12,665 INFO train epoch 53/200 batch 39/66 (59%) running_loss=0.6066
2026-09-24 05:57:16,291 INFO train epoch 53/200 batch 52/66 (79%) running_loss=0.6120
2026-09-24 05:57:19,886 INFO train epoch 53/200 batch 65/66 (98%) running_loss=0.6102
2026-09-24 05:57:20,117 INFO train epoch 53/200 batch 66/66 (100%) running_loss=0.6110
2026-09-24 05:57:22,632 INFO epoch 53/200 done: train_loss=0.6110 val_loss=0.3437 val_accuracy=0.8668 val_macro_f1=0.7845 val_macro_auc=0.9744 (checkpoint_metric=macro_auc)
2026-09-24 05:57:26,767 INFO train epoch 54/200 batch 13/66 (20%) running_loss=0.5991
2026-09-24 05:57:30,489 INFO train epoch 54/200 batch 26/66 (39%) running_loss=0.5991
2026-09-24 05:57:34,099 INFO train epoch 54/200 batch 39/66 (59%) running_loss=0.6161
2026-09-24 05:57:37,704 INFO train epoch 54/200 batch 52/66 (79%) running_loss=0.6083
2026-09-24 05:57:41,305 INFO train epoch 54/200 batch 65/66 (98%) running_loss=0.6059
2026-09-24 05:57:41,535 INFO train epoch 54/200 batch 66/66 (100%) running_loss=0.6047
2026-09-24 05:57:44,046 INFO epoch 54/200 done: train_loss=0.6047 val_loss=0.6078 val_accuracy=0.7520 val_macro_f1=0.7336 val_macro_auc=0.9778 (checkpoint_metric=macro_auc)
2026-09-24 05:57:48,107 INFO train epoch 55/200 batch 13/66 (20%) running_loss=0.5690
2026-09-24 05:57:51,704 INFO train epoch 55/200 batch 26/66 (39%) running_loss=0.6085
2026-09-24 05:57:55,295 INFO train epoch 55/200 batch 39/66 (59%) running_loss=0.5968
2026-09-24 05:57:58,900 INFO train epoch 55/200 batch 52/66 (79%) running_loss=0.6119
2026-09-24 05:58:02,493 INFO train epoch 55/200 batch 65/66 (98%) running_loss=0.6089
2026-09-24 05:58:02,720 INFO train epoch 55/200 batch 66/66 (100%) running_loss=0.6075
2026-09-24 05:58:05,230 INFO epoch 55/200 done: train_loss=0.6075 val_loss=0.3055 val_accuracy=0.9201 val_macro_f1=0.8881 val_macro_auc=0.9902 (checkpoint_metric=macro_auc)
2026-09-24 05:58:09,316 INFO train epoch 56/200 batch 13/66 (20%) running_loss=0.5952
2026-09-24 05:58:12,911 INFO train epoch 56/200 batch 26/66 (39%) running_loss=0.6051
2026-09-24 05:58:16,522 INFO train epoch 56/200 batch 39/66 (59%) running_loss=0.6031
2026-09-24 05:58:20,143 INFO train epoch 56/200 batch 52/66 (79%) running_loss=0.6079
2026-09-24 05:58:23,751 INFO train epoch 56/200 batch 65/66 (98%) running_loss=0.6112
2026-09-24 05:58:23,978 INFO train epoch 56/200 batch 66/66 (100%) running_loss=0.6102
2026-09-24 05:58:26,569 INFO epoch 56/200 done: train_loss=0.6102 val_loss=0.2664 val_accuracy=0.9549 val_macro_f1=0.9351 val_macro_auc=0.9923 (checkpoint_metric=macro_auc) [new best]
2026-09-24 05:58:30,876 INFO train epoch 57/200 batch 13/66 (20%) running_loss=0.5832
2026-09-24 05:58:34,497 INFO train epoch 57/200 batch 26/66 (39%) running_loss=0.5854
2026-09-24 05:58:38,090 INFO train epoch 57/200 batch 39/66 (59%) running_loss=0.5858
2026-09-24 05:58:41,685 INFO train epoch 57/200 batch 52/66 (79%) running_loss=0.5877
2026-09-24 05:58:45,283 INFO train epoch 57/200 batch 65/66 (98%) running_loss=0.5887
2026-09-24 05:58:45,507 INFO train epoch 57/200 batch 66/66 (100%) running_loss=0.5894
2026-09-24 05:58:48,014 INFO epoch 57/200 done: train_loss=0.5894 val_loss=0.3425 val_accuracy=0.8914 val_macro_f1=0.8348 val_macro_auc=0.9778 (checkpoint_metric=macro_auc)
2026-09-24 05:58:52,109 INFO train epoch 58/200 batch 13/66 (20%) running_loss=0.6500
2026-09-24 05:58:55,711 INFO train epoch 58/200 batch 26/66 (39%) running_loss=0.6313
2026-09-24 05:58:59,321 INFO train epoch 58/200 batch 39/66 (59%) running_loss=0.6092
2026-09-24 05:59:02,918 INFO train epoch 58/200 batch 52/66 (79%) running_loss=0.5996
2026-09-24 05:59:06,526 INFO train epoch 58/200 batch 65/66 (98%) running_loss=0.5922
2026-09-24 05:59:06,755 INFO train epoch 58/200 batch 66/66 (100%) running_loss=0.5911
2026-09-24 05:59:09,270 INFO epoch 58/200 done: train_loss=0.5911 val_loss=0.3109 val_accuracy=0.8934 val_macro_f1=0.8261 val_macro_auc=0.9815 (checkpoint_metric=macro_auc)
2026-09-24 05:59:13,368 INFO train epoch 59/200 batch 13/66 (20%) running_loss=0.6004
2026-09-24 05:59:16,962 INFO train epoch 59/200 batch 26/66 (39%) running_loss=0.6217
2026-09-24 05:59:20,568 INFO train epoch 59/200 batch 39/66 (59%) running_loss=0.6104
2026-09-24 05:59:24,181 INFO train epoch 59/200 batch 52/66 (79%) running_loss=0.6058
2026-09-24 05:59:27,942 INFO train epoch 59/200 batch 65/66 (98%) running_loss=0.6079
2026-09-24 05:59:28,171 INFO train epoch 59/200 batch 66/66 (100%) running_loss=0.6088
2026-09-24 05:59:30,683 INFO epoch 59/200 done: train_loss=0.6088 val_loss=0.3564 val_accuracy=0.8975 val_macro_f1=0.8509 val_macro_auc=0.9831 (checkpoint_metric=macro_auc)
2026-09-24 05:59:34,717 INFO train epoch 60/200 batch 13/66 (20%) running_loss=0.6008
2026-09-24 05:59:38,309 INFO train epoch 60/200 batch 26/66 (39%) running_loss=0.6125
2026-09-24 05:59:41,888 INFO train epoch 60/200 batch 39/66 (59%) running_loss=0.6038
2026-09-24 05:59:45,486 INFO train epoch 60/200 batch 52/66 (79%) running_loss=0.6059
2026-09-24 05:59:49,074 INFO train epoch 60/200 batch 65/66 (98%) running_loss=0.6085
2026-09-24 05:59:49,303 INFO train epoch 60/200 batch 66/66 (100%) running_loss=0.6074
2026-09-24 05:59:51,799 INFO epoch 60/200 done: train_loss=0.6074 val_loss=0.2966 val_accuracy=0.9385 val_macro_f1=0.9183 val_macro_auc=0.9896 (checkpoint_metric=macro_auc)
2026-09-24 05:59:55,862 INFO train epoch 61/200 batch 13/66 (20%) running_loss=0.6164
2026-09-24 05:59:59,472 INFO train epoch 61/200 batch 26/66 (39%) running_loss=0.6109
2026-09-24 06:00:03,063 INFO train epoch 61/200 batch 39/66 (59%) running_loss=0.5936
2026-09-24 06:00:06,652 INFO train epoch 61/200 batch 52/66 (79%) running_loss=0.5952
2026-09-24 06:00:10,241 INFO train epoch 61/200 batch 65/66 (98%) running_loss=0.5898
2026-09-24 06:00:10,469 INFO train epoch 61/200 batch 66/66 (100%) running_loss=0.5891
2026-09-24 06:00:12,973 INFO epoch 61/200 done: train_loss=0.5891 val_loss=0.3306 val_accuracy=0.9324 val_macro_f1=0.9026 val_macro_auc=0.9865 (checkpoint_metric=macro_auc)
2026-09-24 06:00:17,071 INFO train epoch 62/200 batch 13/66 (20%) running_loss=0.5801
2026-09-24 06:00:20,676 INFO train epoch 62/200 batch 26/66 (39%) running_loss=0.5569
2026-09-24 06:00:24,265 INFO train epoch 62/200 batch 39/66 (59%) running_loss=0.5580
2026-09-24 06:00:27,861 INFO train epoch 62/200 batch 52/66 (79%) running_loss=0.5833
2026-09-24 06:00:31,464 INFO train epoch 62/200 batch 65/66 (98%) running_loss=0.5851
2026-09-24 06:00:31,695 INFO train epoch 62/200 batch 66/66 (100%) running_loss=0.5848
2026-09-24 06:00:34,324 INFO epoch 62/200 done: train_loss=0.5848 val_loss=0.2904 val_accuracy=0.9262 val_macro_f1=0.8895 val_macro_auc=0.9885 (checkpoint_metric=macro_auc) [new best]
2026-09-24 06:00:38,680 INFO train epoch 63/200 batch 13/66 (20%) running_loss=0.5353
2026-09-24 06:00:42,279 INFO train epoch 63/200 batch 26/66 (39%) running_loss=0.5483
2026-09-24 06:00:45,878 INFO train epoch 63/200 batch 39/66 (59%) running_loss=0.5623
2026-09-24 06:00:49,496 INFO train epoch 63/200 batch 52/66 (79%) running_loss=0.5592
2026-09-24 06:00:53,078 INFO train epoch 63/200 batch 65/66 (98%) running_loss=0.5626
2026-09-24 06:00:53,306 INFO train epoch 63/200 batch 66/66 (100%) running_loss=0.5641
2026-09-24 06:00:55,943 INFO epoch 63/200 done: train_loss=0.5641 val_loss=0.3732 val_accuracy=0.8832 val_macro_f1=0.8581 val_macro_auc=0.9951 (checkpoint_metric=macro_auc) [new best]
2026-09-24 06:01:00,073 INFO train epoch 64/200 batch 13/66 (20%) running_loss=0.5573
2026-09-24 06:01:03,691 INFO train epoch 64/200 batch 26/66 (39%) running_loss=0.5784
2026-09-24 06:01:07,323 INFO train epoch 64/200 batch 39/66 (59%) running_loss=0.5833
2026-09-24 06:01:10,933 INFO train epoch 64/200 batch 52/66 (79%) running_loss=0.5928
2026-09-24 06:01:14,539 INFO train epoch 64/200 batch 65/66 (98%) running_loss=0.5874
2026-09-24 06:01:14,770 INFO train epoch 64/200 batch 66/66 (100%) running_loss=0.5865
2026-09-24 06:01:17,409 INFO epoch 64/200 done: train_loss=0.5865 val_loss=0.2994 val_accuracy=0.9303 val_macro_f1=0.9031 val_macro_auc=0.9930 (checkpoint_metric=macro_auc) [new best]
2026-09-24 06:01:21,521 INFO train epoch 65/200 batch 13/66 (20%) running_loss=0.5578
2026-09-24 06:01:25,113 INFO train epoch 65/200 batch 26/66 (39%) running_loss=0.5822
2026-09-24 06:01:28,708 INFO train epoch 65/200 batch 39/66 (59%) running_loss=0.5684
2026-09-24 06:01:32,305 INFO train epoch 65/200 batch 52/66 (79%) running_loss=0.5684
2026-09-24 06:01:35,996 INFO train epoch 65/200 batch 65/66 (98%) running_loss=0.5634
2026-09-24 06:01:36,226 INFO train epoch 65/200 batch 66/66 (100%) running_loss=0.5636
2026-09-24 06:01:38,845 INFO epoch 65/200 done: train_loss=0.5636 val_loss=0.3676 val_accuracy=0.8893 val_macro_f1=0.8672 val_macro_auc=0.9907 (checkpoint_metric=macro_auc) [new best]
2026-09-24 06:01:42,902 INFO train epoch 66/200 batch 13/66 (20%) running_loss=0.5718
2026-09-24 06:01:46,489 INFO train epoch 66/200 batch 26/66 (39%) running_loss=0.5765
2026-09-24 06:01:50,177 INFO train epoch 66/200 batch 39/66 (59%) running_loss=0.5688
2026-09-24 06:01:53,849 INFO train epoch 66/200 batch 52/66 (79%) running_loss=0.5659
2026-09-24 06:01:57,448 INFO train epoch 66/200 batch 65/66 (98%) running_loss=0.5739
2026-09-24 06:01:57,677 INFO train epoch 66/200 batch 66/66 (100%) running_loss=0.5726
2026-09-24 06:02:00,191 INFO epoch 66/200 done: train_loss=0.5726 val_loss=0.3272 val_accuracy=0.9139 val_macro_f1=0.8812 val_macro_auc=0.9905 (checkpoint_metric=macro_auc)
2026-09-24 06:02:04,241 INFO train epoch 67/200 batch 13/66 (20%) running_loss=0.5462
2026-09-24 06:02:07,842 INFO train epoch 67/200 batch 26/66 (39%) running_loss=0.5591
2026-09-24 06:02:11,453 INFO train epoch 67/200 batch 39/66 (59%) running_loss=0.5546
2026-09-24 06:02:15,078 INFO train epoch 67/200 batch 52/66 (79%) running_loss=0.5676
2026-09-24 06:02:18,685 INFO train epoch 67/200 batch 65/66 (98%) running_loss=0.5754
2026-09-24 06:02:18,913 INFO train epoch 67/200 batch 66/66 (100%) running_loss=0.5757
2026-09-24 06:02:21,433 INFO epoch 67/200 done: train_loss=0.5757 val_loss=0.3435 val_accuracy=0.9078 val_macro_f1=0.8500 val_macro_auc=0.9825 (checkpoint_metric=macro_auc)
2026-09-24 06:02:25,574 INFO train epoch 68/200 batch 13/66 (20%) running_loss=0.5268
2026-09-24 06:02:29,175 INFO train epoch 68/200 batch 26/66 (39%) running_loss=0.5558
2026-09-24 06:02:32,941 INFO train epoch 68/200 batch 39/66 (59%) running_loss=0.5557
2026-09-24 06:02:36,541 INFO train epoch 68/200 batch 52/66 (79%) running_loss=0.5611
2026-09-24 06:02:40,125 INFO train epoch 68/200 batch 65/66 (98%) running_loss=0.5644
2026-09-24 06:02:40,352 INFO train epoch 68/200 batch 66/66 (100%) running_loss=0.5636
2026-09-24 06:02:42,857 INFO epoch 68/200 done: train_loss=0.5636 val_loss=0.2768 val_accuracy=0.9508 val_macro_f1=0.9294 val_macro_auc=0.9940 (checkpoint_metric=macro_auc)
2026-09-24 06:02:46,908 INFO train epoch 69/200 batch 13/66 (20%) running_loss=0.5600
2026-09-24 06:02:50,515 INFO train epoch 69/200 batch 26/66 (39%) running_loss=0.5660
2026-09-24 06:02:54,126 INFO train epoch 69/200 batch 39/66 (59%) running_loss=0.5650
2026-09-24 06:02:57,732 INFO train epoch 69/200 batch 52/66 (79%) running_loss=0.5581
2026-09-24 06:03:01,337 INFO train epoch 69/200 batch 65/66 (98%) running_loss=0.5551
2026-09-24 06:03:01,563 INFO train epoch 69/200 batch 66/66 (100%) running_loss=0.5554
2026-09-24 06:03:04,073 INFO epoch 69/200 done: train_loss=0.5554 val_loss=0.3059 val_accuracy=0.9078 val_macro_f1=0.8847 val_macro_auc=0.9933 (checkpoint_metric=macro_auc)
2026-09-24 06:03:08,214 INFO train epoch 70/200 batch 13/66 (20%) running_loss=0.5191
2026-09-24 06:03:11,820 INFO train epoch 70/200 batch 26/66 (39%) running_loss=0.5204
2026-09-24 06:03:15,411 INFO train epoch 70/200 batch 39/66 (59%) running_loss=0.5293
2026-09-24 06:03:18,997 INFO train epoch 70/200 batch 52/66 (79%) running_loss=0.5335
2026-09-24 06:03:22,766 INFO train epoch 70/200 batch 65/66 (98%) running_loss=0.5385
2026-09-24 06:03:22,992 INFO train epoch 70/200 batch 66/66 (100%) running_loss=0.5395
2026-09-24 06:03:25,608 INFO epoch 70/200 done: train_loss=0.5395 val_loss=0.3229 val_accuracy=0.9467 val_macro_f1=0.9258 val_macro_auc=0.9927 (checkpoint_metric=macro_auc) [new best]
2026-09-24 06:03:29,716 INFO train epoch 71/200 batch 13/66 (20%) running_loss=0.5522
2026-09-24 06:03:33,362 INFO train epoch 71/200 batch 26/66 (39%) running_loss=0.5597
2026-09-24 06:03:36,983 INFO train epoch 71/200 batch 39/66 (59%) running_loss=0.5692
2026-09-24 06:03:40,610 INFO train epoch 71/200 batch 52/66 (79%) running_loss=0.5682
2026-09-24 06:03:44,212 INFO train epoch 71/200 batch 65/66 (98%) running_loss=0.5624
2026-09-24 06:03:44,440 INFO train epoch 71/200 batch 66/66 (100%) running_loss=0.5625
2026-09-24 06:03:46,981 INFO epoch 71/200 done: train_loss=0.5625 val_loss=0.4966 val_accuracy=0.7951 val_macro_f1=0.7673 val_macro_auc=0.9806 (checkpoint_metric=macro_auc)
2026-09-24 06:03:51,060 INFO train epoch 72/200 batch 13/66 (20%) running_loss=0.5945
2026-09-24 06:03:54,660 INFO train epoch 72/200 batch 26/66 (39%) running_loss=0.5838
2026-09-24 06:03:58,262 INFO train epoch 72/200 batch 39/66 (59%) running_loss=0.5902
2026-09-24 06:04:01,873 INFO train epoch 72/200 batch 52/66 (79%) running_loss=0.5768
2026-09-24 06:04:05,481 INFO train epoch 72/200 batch 65/66 (98%) running_loss=0.5725
2026-09-24 06:04:05,710 INFO train epoch 72/200 batch 66/66 (100%) running_loss=0.5727
2026-09-24 06:04:08,222 INFO epoch 72/200 done: train_loss=0.5727 val_loss=0.2354 val_accuracy=0.9488 val_macro_f1=0.9288 val_macro_auc=0.9947 (checkpoint_metric=macro_auc)
2026-09-24 06:04:12,340 INFO train epoch 73/200 batch 13/66 (20%) running_loss=0.5661
2026-09-24 06:04:15,940 INFO train epoch 73/200 batch 26/66 (39%) running_loss=0.5603
2026-09-24 06:04:19,539 INFO train epoch 73/200 batch 39/66 (59%) running_loss=0.5540
2026-09-24 06:04:23,148 INFO train epoch 73/200 batch 52/66 (79%) running_loss=0.5550
2026-09-24 06:04:26,738 INFO train epoch 73/200 batch 65/66 (98%) running_loss=0.5591
2026-09-24 06:04:26,967 INFO train epoch 73/200 batch 66/66 (100%) running_loss=0.5597
2026-09-24 06:04:29,667 INFO epoch 73/200 done: train_loss=0.5597 val_loss=0.2535 val_accuracy=0.9365 val_macro_f1=0.9110 val_macro_auc=0.9922 (checkpoint_metric=macro_auc)
2026-09-24 06:04:34,092 INFO train epoch 74/200 batch 13/66 (20%) running_loss=0.5351
2026-09-24 06:04:37,682 INFO train epoch 74/200 batch 26/66 (39%) running_loss=0.5484
2026-09-24 06:04:41,274 INFO train epoch 74/200 batch 39/66 (59%) running_loss=0.5535
2026-09-24 06:04:44,856 INFO train epoch 74/200 batch 52/66 (79%) running_loss=0.5515
2026-09-24 06:04:48,446 INFO train epoch 74/200 batch 65/66 (98%) running_loss=0.5580
2026-09-24 06:04:48,674 INFO train epoch 74/200 batch 66/66 (100%) running_loss=0.5582
2026-09-24 06:04:51,320 INFO epoch 74/200 done: train_loss=0.5582 val_loss=0.3057 val_accuracy=0.9324 val_macro_f1=0.9134 val_macro_auc=0.9951 (checkpoint_metric=macro_auc) [new best]
2026-09-24 06:04:55,392 INFO train epoch 75/200 batch 13/66 (20%) running_loss=0.5632
2026-09-24 06:04:58,987 INFO train epoch 75/200 batch 26/66 (39%) running_loss=0.5548
2026-09-24 06:05:02,576 INFO train epoch 75/200 batch 39/66 (59%) running_loss=0.5478
2026-09-24 06:05:06,162 INFO train epoch 75/200 batch 52/66 (79%) running_loss=0.5480
2026-09-24 06:05:09,751 INFO train epoch 75/200 batch 65/66 (98%) running_loss=0.5437
2026-09-24 06:05:09,976 INFO train epoch 75/200 batch 66/66 (100%) running_loss=0.5447
2026-09-24 06:05:12,484 INFO epoch 75/200 done: train_loss=0.5447 val_loss=0.3616 val_accuracy=0.8955 val_macro_f1=0.8785 val_macro_auc=0.9932 (checkpoint_metric=macro_auc)
2026-09-24 06:05:16,608 INFO train epoch 76/200 batch 13/66 (20%) running_loss=0.5544
2026-09-24 06:05:20,190 INFO train epoch 76/200 batch 26/66 (39%) running_loss=0.5558
2026-09-24 06:05:23,788 INFO train epoch 76/200 batch 39/66 (59%) running_loss=0.5573
2026-09-24 06:05:27,384 INFO train epoch 76/200 batch 52/66 (79%) running_loss=0.5575
2026-09-24 06:05:30,970 INFO train epoch 76/200 batch 65/66 (98%) running_loss=0.5607
2026-09-24 06:05:31,197 INFO train epoch 76/200 batch 66/66 (100%) running_loss=0.5606
2026-09-24 06:05:33,701 INFO epoch 76/200 done: train_loss=0.5606 val_loss=0.2889 val_accuracy=0.9324 val_macro_f1=0.9026 val_macro_auc=0.9912 (checkpoint_metric=macro_auc)
2026-09-24 06:05:38,015 INFO train epoch 77/200 batch 13/66 (20%) running_loss=0.5279
2026-09-24 06:05:41,610 INFO train epoch 77/200 batch 26/66 (39%) running_loss=0.5513
2026-09-24 06:05:45,231 INFO train epoch 77/200 batch 39/66 (59%) running_loss=0.5518
2026-09-24 06:05:48,822 INFO train epoch 77/200 batch 52/66 (79%) running_loss=0.5582
2026-09-24 06:05:52,425 INFO train epoch 77/200 batch 65/66 (98%) running_loss=0.5494
2026-09-24 06:05:52,653 INFO train epoch 77/200 batch 66/66 (100%) running_loss=0.5487
2026-09-24 06:05:55,169 INFO epoch 77/200 done: train_loss=0.5487 val_loss=0.2368 val_accuracy=0.9631 val_macro_f1=0.9442 val_macro_auc=0.9933 (checkpoint_metric=macro_auc)
2026-09-24 06:05:59,278 INFO train epoch 78/200 batch 13/66 (20%) running_loss=0.5379
2026-09-24 06:06:02,867 INFO train epoch 78/200 batch 26/66 (39%) running_loss=0.5457
2026-09-24 06:06:06,455 INFO train epoch 78/200 batch 39/66 (59%) running_loss=0.5354
2026-09-24 06:06:10,050 INFO train epoch 78/200 batch 52/66 (79%) running_loss=0.5464
2026-09-24 06:06:13,631 INFO train epoch 78/200 batch 65/66 (98%) running_loss=0.5437
2026-09-24 06:06:13,862 INFO train epoch 78/200 batch 66/66 (100%) running_loss=0.5430
2026-09-24 06:06:16,366 INFO epoch 78/200 done: train_loss=0.5430 val_loss=0.2302 val_accuracy=0.9611 val_macro_f1=0.9471 val_macro_auc=0.9944 (checkpoint_metric=macro_auc)
2026-09-24 06:06:20,473 INFO train epoch 79/200 batch 13/66 (20%) running_loss=0.5435
2026-09-24 06:06:24,096 INFO train epoch 79/200 batch 26/66 (39%) running_loss=0.5672
2026-09-24 06:06:27,713 INFO train epoch 79/200 batch 39/66 (59%) running_loss=0.5466
2026-09-24 06:06:31,308 INFO train epoch 79/200 batch 52/66 (79%) running_loss=0.5441
2026-09-24 06:06:35,091 INFO train epoch 79/200 batch 65/66 (98%) running_loss=0.5476
2026-09-24 06:06:35,318 INFO train epoch 79/200 batch 66/66 (100%) running_loss=0.5476
2026-09-24 06:06:37,946 INFO epoch 79/200 done: train_loss=0.5476 val_loss=0.2663 val_accuracy=0.9570 val_macro_f1=0.9420 val_macro_auc=0.9926 (checkpoint_metric=macro_auc)
2026-09-24 06:06:42,221 INFO train epoch 80/200 batch 13/66 (20%) running_loss=0.5412
2026-09-24 06:06:45,859 INFO train epoch 80/200 batch 26/66 (39%) running_loss=0.5308
2026-09-24 06:06:49,521 INFO train epoch 80/200 batch 39/66 (59%) running_loss=0.5344
2026-09-24 06:06:53,175 INFO train epoch 80/200 batch 52/66 (79%) running_loss=0.5355
2026-09-24 06:06:56,806 INFO train epoch 80/200 batch 65/66 (98%) running_loss=0.5291
2026-09-24 06:06:57,035 INFO train epoch 80/200 batch 66/66 (100%) running_loss=0.5285
2026-09-24 06:06:59,652 INFO epoch 80/200 done: train_loss=0.5285 val_loss=0.4279 val_accuracy=0.8443 val_macro_f1=0.8229 val_macro_auc=0.9919 (checkpoint_metric=macro_auc)
2026-09-24 06:07:03,858 INFO train epoch 81/200 batch 13/66 (20%) running_loss=0.5420
2026-09-24 06:07:07,524 INFO train epoch 81/200 batch 26/66 (39%) running_loss=0.5269
2026-09-24 06:07:11,242 INFO train epoch 81/200 batch 39/66 (59%) running_loss=0.5404
2026-09-24 06:07:14,894 INFO train epoch 81/200 batch 52/66 (79%) running_loss=0.5380
2026-09-24 06:07:18,512 INFO train epoch 81/200 batch 65/66 (98%) running_loss=0.5321
2026-09-24 06:07:18,754 INFO train epoch 81/200 batch 66/66 (100%) running_loss=0.5341
2026-09-24 06:07:21,358 INFO epoch 81/200 done: train_loss=0.5341 val_loss=0.2808 val_accuracy=0.9057 val_macro_f1=0.8792 val_macro_auc=0.9903 (checkpoint_metric=macro_auc)
2026-09-24 06:07:25,569 INFO train epoch 82/200 batch 13/66 (20%) running_loss=0.5841
2026-09-24 06:07:29,193 INFO train epoch 82/200 batch 26/66 (39%) running_loss=0.5566
2026-09-24 06:07:32,865 INFO train epoch 82/200 batch 39/66 (59%) running_loss=0.5387
2026-09-24 06:07:36,536 INFO train epoch 82/200 batch 52/66 (79%) running_loss=0.5414
2026-09-24 06:07:40,168 INFO train epoch 82/200 batch 65/66 (98%) running_loss=0.5378
2026-09-24 06:07:40,399 INFO train epoch 82/200 batch 66/66 (100%) running_loss=0.5372
2026-09-24 06:07:42,923 INFO epoch 82/200 done: train_loss=0.5372 val_loss=0.2646 val_accuracy=0.9385 val_macro_f1=0.9184 val_macro_auc=0.9959 (checkpoint_metric=macro_auc)
2026-09-24 06:07:47,135 INFO train epoch 83/200 batch 13/66 (20%) running_loss=0.5088
2026-09-24 06:07:50,911 INFO train epoch 83/200 batch 26/66 (39%) running_loss=0.5023
2026-09-24 06:07:54,498 INFO train epoch 83/200 batch 39/66 (59%) running_loss=0.5165
2026-09-24 06:07:58,109 INFO train epoch 83/200 batch 52/66 (79%) running_loss=0.5168
2026-09-24 06:08:01,725 INFO train epoch 83/200 batch 65/66 (98%) running_loss=0.5199
2026-09-24 06:08:01,952 INFO train epoch 83/200 batch 66/66 (100%) running_loss=0.5201
2026-09-24 06:08:04,460 INFO epoch 83/200 done: train_loss=0.5201 val_loss=0.2537 val_accuracy=0.9529 val_macro_f1=0.9332 val_macro_auc=0.9912 (checkpoint_metric=macro_auc)
2026-09-24 06:08:08,551 INFO train epoch 84/200 batch 13/66 (20%) running_loss=0.5426
2026-09-24 06:08:12,162 INFO train epoch 84/200 batch 26/66 (39%) running_loss=0.5300
2026-09-24 06:08:15,754 INFO train epoch 84/200 batch 39/66 (59%) running_loss=0.5214
2026-09-24 06:08:19,352 INFO train epoch 84/200 batch 52/66 (79%) running_loss=0.5165
2026-09-24 06:08:22,962 INFO train epoch 84/200 batch 65/66 (98%) running_loss=0.5172
2026-09-24 06:08:23,191 INFO train epoch 84/200 batch 66/66 (100%) running_loss=0.5164
2026-09-24 06:08:25,689 INFO epoch 84/200 done: train_loss=0.5164 val_loss=0.2962 val_accuracy=0.9447 val_macro_f1=0.9168 val_macro_auc=0.9843 (checkpoint_metric=macro_auc)
2026-09-24 06:08:29,757 INFO train epoch 85/200 batch 13/66 (20%) running_loss=0.5060
2026-09-24 06:08:33,364 INFO train epoch 85/200 batch 26/66 (39%) running_loss=0.5133
2026-09-24 06:08:36,972 INFO train epoch 85/200 batch 39/66 (59%) running_loss=0.5127
2026-09-24 06:08:40,566 INFO train epoch 85/200 batch 52/66 (79%) running_loss=0.5136
2026-09-24 06:08:44,341 INFO train epoch 85/200 batch 65/66 (98%) running_loss=0.5092
2026-09-24 06:08:44,569 INFO train epoch 85/200 batch 66/66 (100%) running_loss=0.5099
2026-09-24 06:08:47,068 INFO epoch 85/200 done: train_loss=0.5099 val_loss=0.2727 val_accuracy=0.9201 val_macro_f1=0.8957 val_macro_auc=0.9939 (checkpoint_metric=macro_auc)
2026-09-24 06:08:51,198 INFO train epoch 86/200 batch 13/66 (20%) running_loss=0.5236
2026-09-24 06:08:54,811 INFO train epoch 86/200 batch 26/66 (39%) running_loss=0.5255
2026-09-24 06:08:58,418 INFO train epoch 86/200 batch 39/66 (59%) running_loss=0.5202
2026-09-24 06:09:02,009 INFO train epoch 86/200 batch 52/66 (79%) running_loss=0.5343
2026-09-24 06:09:05,598 INFO train epoch 86/200 batch 65/66 (98%) running_loss=0.5311
2026-09-24 06:09:05,824 INFO train epoch 86/200 batch 66/66 (100%) running_loss=0.5308
2026-09-24 06:09:08,316 INFO epoch 86/200 done: train_loss=0.5308 val_loss=0.3273 val_accuracy=0.9119 val_macro_f1=0.8901 val_macro_auc=0.9958 (checkpoint_metric=macro_auc)
2026-09-24 06:09:12,410 INFO train epoch 87/200 batch 13/66 (20%) running_loss=0.5492
2026-09-24 06:09:16,008 INFO train epoch 87/200 batch 26/66 (39%) running_loss=0.5404
2026-09-24 06:09:19,599 INFO train epoch 87/200 batch 39/66 (59%) running_loss=0.5327
2026-09-24 06:09:23,200 INFO train epoch 87/200 batch 52/66 (79%) running_loss=0.5340
2026-09-24 06:09:26,797 INFO train epoch 87/200 batch 65/66 (98%) running_loss=0.5251
2026-09-24 06:09:27,024 INFO train epoch 87/200 batch 66/66 (100%) running_loss=0.5255
2026-09-24 06:09:29,630 INFO epoch 87/200 done: train_loss=0.5255 val_loss=0.2486 val_accuracy=0.9447 val_macro_f1=0.9197 val_macro_auc=0.9925 (checkpoint_metric=macro_auc) [new best]
2026-09-24 06:09:33,714 INFO train epoch 88/200 batch 13/66 (20%) running_loss=0.5066
2026-09-24 06:09:37,300 INFO train epoch 88/200 batch 26/66 (39%) running_loss=0.5086
2026-09-24 06:09:41,065 INFO train epoch 88/200 batch 39/66 (59%) running_loss=0.5064
2026-09-24 06:09:44,655 INFO train epoch 88/200 batch 52/66 (79%) running_loss=0.5052
2026-09-24 06:09:48,250 INFO train epoch 88/200 batch 65/66 (98%) running_loss=0.5115
2026-09-24 06:09:48,477 INFO train epoch 88/200 batch 66/66 (100%) running_loss=0.5110
2026-09-24 06:09:50,983 INFO epoch 88/200 done: train_loss=0.5110 val_loss=0.4812 val_accuracy=0.8094 val_macro_f1=0.7565 val_macro_auc=0.9766 (checkpoint_metric=macro_auc)
2026-09-24 06:09:55,070 INFO train epoch 89/200 batch 13/66 (20%) running_loss=0.5261
2026-09-24 06:09:58,676 INFO train epoch 89/200 batch 26/66 (39%) running_loss=0.5135
2026-09-24 06:10:02,260 INFO train epoch 89/200 batch 39/66 (59%) running_loss=0.4988
2026-09-24 06:10:05,852 INFO train epoch 89/200 batch 52/66 (79%) running_loss=0.5051
2026-09-24 06:10:09,432 INFO train epoch 89/200 batch 65/66 (98%) running_loss=0.5127
2026-09-24 06:10:09,658 INFO train epoch 89/200 batch 66/66 (100%) running_loss=0.5139
2026-09-24 06:10:12,165 INFO epoch 89/200 done: train_loss=0.5139 val_loss=0.2539 val_accuracy=0.9529 val_macro_f1=0.9311 val_macro_auc=0.9919 (checkpoint_metric=macro_auc)
2026-09-24 06:10:16,295 INFO train epoch 90/200 batch 13/66 (20%) running_loss=0.5050
2026-09-24 06:10:19,913 INFO train epoch 90/200 batch 26/66 (39%) running_loss=0.5146
2026-09-24 06:10:23,525 INFO train epoch 90/200 batch 39/66 (59%) running_loss=0.5052
2026-09-24 06:10:27,115 INFO train epoch 90/200 batch 52/66 (79%) running_loss=0.5039
2026-09-24 06:10:30,697 INFO train epoch 90/200 batch 65/66 (98%) running_loss=0.5079
2026-09-24 06:10:30,925 INFO train epoch 90/200 batch 66/66 (100%) running_loss=0.5083
2026-09-24 06:10:33,431 INFO epoch 90/200 done: train_loss=0.5083 val_loss=0.2542 val_accuracy=0.9570 val_macro_f1=0.9449 val_macro_auc=0.9968 (checkpoint_metric=macro_auc)
2026-09-24 06:10:37,638 INFO train epoch 91/200 batch 13/66 (20%) running_loss=0.5165
2026-09-24 06:10:41,229 INFO train epoch 91/200 batch 26/66 (39%) running_loss=0.5388
2026-09-24 06:10:44,809 INFO train epoch 91/200 batch 39/66 (59%) running_loss=0.5323
2026-09-24 06:10:48,434 INFO train epoch 91/200 batch 52/66 (79%) running_loss=0.5179
2026-09-24 06:10:52,018 INFO train epoch 91/200 batch 65/66 (98%) running_loss=0.5178
2026-09-24 06:10:52,247 INFO train epoch 91/200 batch 66/66 (100%) running_loss=0.5180
2026-09-24 06:10:54,889 INFO epoch 91/200 done: train_loss=0.5180 val_loss=0.2274 val_accuracy=0.9303 val_macro_f1=0.9084 val_macro_auc=0.9940 (checkpoint_metric=macro_auc) [new best]
2026-09-24 06:10:59,049 INFO train epoch 92/200 batch 13/66 (20%) running_loss=0.5421
2026-09-24 06:11:02,666 INFO train epoch 92/200 batch 26/66 (39%) running_loss=0.5429
2026-09-24 06:11:06,275 INFO train epoch 92/200 batch 39/66 (59%) running_loss=0.5415
2026-09-24 06:11:09,884 INFO train epoch 92/200 batch 52/66 (79%) running_loss=0.5346
2026-09-24 06:11:13,483 INFO train epoch 92/200 batch 65/66 (98%) running_loss=0.5288
2026-09-24 06:11:13,711 INFO train epoch 92/200 batch 66/66 (100%) running_loss=0.5307
2026-09-24 06:11:16,225 INFO epoch 92/200 done: train_loss=0.5307 val_loss=0.2630 val_accuracy=0.9119 val_macro_f1=0.8550 val_macro_auc=0.9904 (checkpoint_metric=macro_auc)
2026-09-24 06:11:20,329 INFO train epoch 93/200 batch 13/66 (20%) running_loss=0.5212
2026-09-24 06:11:23,975 INFO train epoch 93/200 batch 26/66 (39%) running_loss=0.5287
2026-09-24 06:11:27,600 INFO train epoch 93/200 batch 39/66 (59%) running_loss=0.5167
2026-09-24 06:11:31,214 INFO train epoch 93/200 batch 52/66 (79%) running_loss=0.5241
2026-09-24 06:11:34,816 INFO train epoch 93/200 batch 65/66 (98%) running_loss=0.5195
2026-09-24 06:11:35,044 INFO train epoch 93/200 batch 66/66 (100%) running_loss=0.5200
2026-09-24 06:11:37,562 INFO epoch 93/200 done: train_loss=0.5200 val_loss=0.2499 val_accuracy=0.9283 val_macro_f1=0.8971 val_macro_auc=0.9871 (checkpoint_metric=macro_auc)
2026-09-24 06:11:41,649 INFO train epoch 94/200 batch 13/66 (20%) running_loss=0.5393
2026-09-24 06:11:45,425 INFO train epoch 94/200 batch 26/66 (39%) running_loss=0.5164
2026-09-24 06:11:49,101 INFO train epoch 94/200 batch 39/66 (59%) running_loss=0.5125
2026-09-24 06:11:52,734 INFO train epoch 94/200 batch 52/66 (79%) running_loss=0.5238
2026-09-24 06:11:56,346 INFO train epoch 94/200 batch 65/66 (98%) running_loss=0.5270
2026-09-24 06:11:56,573 INFO train epoch 94/200 batch 66/66 (100%) running_loss=0.5255
2026-09-24 06:11:59,066 INFO epoch 94/200 done: train_loss=0.5255 val_loss=0.2720 val_accuracy=0.9324 val_macro_f1=0.9088 val_macro_auc=0.9953 (checkpoint_metric=macro_auc)
2026-09-24 06:12:03,185 INFO train epoch 95/200 batch 13/66 (20%) running_loss=0.5488
2026-09-24 06:12:06,768 INFO train epoch 95/200 batch 26/66 (39%) running_loss=0.5336
2026-09-24 06:12:10,370 INFO train epoch 95/200 batch 39/66 (59%) running_loss=0.5198
2026-09-24 06:12:13,947 INFO train epoch 95/200 batch 52/66 (79%) running_loss=0.5246
2026-09-24 06:12:17,531 INFO train epoch 95/200 batch 65/66 (98%) running_loss=0.5208
2026-09-24 06:12:17,758 INFO train epoch 95/200 batch 66/66 (100%) running_loss=0.5199
2026-09-24 06:12:20,259 INFO epoch 95/200 done: train_loss=0.5199 val_loss=0.2101 val_accuracy=0.9488 val_macro_f1=0.9267 val_macro_auc=0.9923 (checkpoint_metric=macro_auc)
2026-09-24 06:12:24,341 INFO train epoch 96/200 batch 13/66 (20%) running_loss=0.5288
2026-09-24 06:12:27,945 INFO train epoch 96/200 batch 26/66 (39%) running_loss=0.5093
2026-09-24 06:12:31,539 INFO train epoch 96/200 batch 39/66 (59%) running_loss=0.5188
2026-09-24 06:12:35,137 INFO train epoch 96/200 batch 52/66 (79%) running_loss=0.5121
2026-09-24 06:12:38,895 INFO train epoch 96/200 batch 65/66 (98%) running_loss=0.5079
2026-09-24 06:12:39,121 INFO train epoch 96/200 batch 66/66 (100%) running_loss=0.5072
2026-09-24 06:12:41,752 INFO epoch 96/200 done: train_loss=0.5072 val_loss=0.2535 val_accuracy=0.9385 val_macro_f1=0.9158 val_macro_auc=0.9965 (checkpoint_metric=macro_auc) [new best]
2026-09-24 06:12:45,851 INFO train epoch 97/200 batch 13/66 (20%) running_loss=0.5038
2026-09-24 06:12:49,458 INFO train epoch 97/200 batch 26/66 (39%) running_loss=0.4947
2026-09-24 06:12:53,053 INFO train epoch 97/200 batch 39/66 (59%) running_loss=0.5083
2026-09-24 06:12:56,650 INFO train epoch 97/200 batch 52/66 (79%) running_loss=0.5066
2026-09-24 06:13:00,250 INFO train epoch 97/200 batch 65/66 (98%) running_loss=0.5090
2026-09-24 06:13:00,478 INFO train epoch 97/200 batch 66/66 (100%) running_loss=0.5087
2026-09-24 06:13:02,981 INFO epoch 97/200 done: train_loss=0.5087 val_loss=0.2195 val_accuracy=0.9652 val_macro_f1=0.9486 val_macro_auc=0.9951 (checkpoint_metric=macro_auc)
2026-09-24 06:13:07,024 INFO train epoch 98/200 batch 13/66 (20%) running_loss=0.5001
2026-09-24 06:13:10,645 INFO train epoch 98/200 batch 26/66 (39%) running_loss=0.5095
2026-09-24 06:13:14,241 INFO train epoch 98/200 batch 39/66 (59%) running_loss=0.5064
2026-09-24 06:13:17,859 INFO train epoch 98/200 batch 52/66 (79%) running_loss=0.5102
2026-09-24 06:13:21,471 INFO train epoch 98/200 batch 65/66 (98%) running_loss=0.5054
2026-09-24 06:13:21,700 INFO train epoch 98/200 batch 66/66 (100%) running_loss=0.5061
2026-09-24 06:13:24,304 INFO epoch 98/200 done: train_loss=0.5061 val_loss=0.2566 val_accuracy=0.9447 val_macro_f1=0.9295 val_macro_auc=0.9953 (checkpoint_metric=macro_auc) [new best]
2026-09-24 06:13:28,411 INFO train epoch 99/200 batch 13/66 (20%) running_loss=0.4799
2026-09-24 06:13:31,995 INFO train epoch 99/200 batch 26/66 (39%) running_loss=0.4929
2026-09-24 06:13:35,583 INFO train epoch 99/200 batch 39/66 (59%) running_loss=0.5035
2026-09-24 06:13:39,171 INFO train epoch 99/200 batch 52/66 (79%) running_loss=0.5124
2026-09-24 06:13:42,762 INFO train epoch 99/200 batch 65/66 (98%) running_loss=0.5092
2026-09-24 06:13:42,990 INFO train epoch 99/200 batch 66/66 (100%) running_loss=0.5088
2026-09-24 06:13:45,487 INFO epoch 99/200 done: train_loss=0.5088 val_loss=0.2411 val_accuracy=0.9426 val_macro_f1=0.9229 val_macro_auc=0.9943 (checkpoint_metric=macro_auc)
2026-09-24 06:13:49,609 INFO train epoch 100/200 batch 13/66 (20%) running_loss=0.5174
2026-09-24 06:13:53,313 INFO train epoch 100/200 batch 26/66 (39%) running_loss=0.4937
2026-09-24 06:13:56,916 INFO train epoch 100/200 batch 39/66 (59%) running_loss=0.4948
2026-09-24 06:14:00,532 INFO train epoch 100/200 batch 52/66 (79%) running_loss=0.4965
2026-09-24 06:14:04,130 INFO train epoch 100/200 batch 65/66 (98%) running_loss=0.5016
2026-09-24 06:14:04,357 INFO train epoch 100/200 batch 66/66 (100%) running_loss=0.5015
2026-09-24 06:14:06,862 INFO epoch 100/200 done: train_loss=0.5015 val_loss=0.2943 val_accuracy=0.9037 val_macro_f1=0.8687 val_macro_auc=0.9834 (checkpoint_metric=macro_auc)
2026-09-24 06:14:11,005 INFO train epoch 101/200 batch 13/66 (20%) running_loss=0.5003
2026-09-24 06:14:14,590 INFO train epoch 101/200 batch 26/66 (39%) running_loss=0.5143
2026-09-24 06:14:18,197 INFO train epoch 101/200 batch 39/66 (59%) running_loss=0.5126
2026-09-24 06:14:21,785 INFO train epoch 101/200 batch 52/66 (79%) running_loss=0.5007
2026-09-24 06:14:25,379 INFO train epoch 101/200 batch 65/66 (98%) running_loss=0.5004
2026-09-24 06:14:25,605 INFO train epoch 101/200 batch 66/66 (100%) running_loss=0.5004
2026-09-24 06:14:28,108 INFO epoch 101/200 done: train_loss=0.5004 val_loss=0.2590 val_accuracy=0.9324 val_macro_f1=0.9122 val_macro_auc=0.9973 (checkpoint_metric=macro_auc)
2026-09-24 06:14:32,211 INFO train epoch 102/200 batch 13/66 (20%) running_loss=0.5530
2026-09-24 06:14:35,806 INFO train epoch 102/200 batch 26/66 (39%) running_loss=0.5269
2026-09-24 06:14:39,408 INFO train epoch 102/200 batch 39/66 (59%) running_loss=0.5105
2026-09-24 06:14:43,016 INFO train epoch 102/200 batch 52/66 (79%) running_loss=0.5161
2026-09-24 06:14:46,598 INFO train epoch 102/200 batch 65/66 (98%) running_loss=0.5085
2026-09-24 06:14:46,825 INFO train epoch 102/200 batch 66/66 (100%) running_loss=0.5099
2026-09-24 06:14:49,311 INFO epoch 102/200 done: train_loss=0.5099 val_loss=0.2847 val_accuracy=0.9303 val_macro_f1=0.9141 val_macro_auc=0.9961 (checkpoint_metric=macro_auc)
2026-09-24 06:14:53,426 INFO train epoch 103/200 batch 13/66 (20%) running_loss=0.4754
2026-09-24 06:14:57,009 INFO train epoch 103/200 batch 26/66 (39%) running_loss=0.4915
2026-09-24 06:15:00,766 INFO train epoch 103/200 batch 39/66 (59%) running_loss=0.4908
2026-09-24 06:15:04,348 INFO train epoch 103/200 batch 52/66 (79%) running_loss=0.4972
2026-09-24 06:15:07,952 INFO train epoch 103/200 batch 65/66 (98%) running_loss=0.4889
2026-09-24 06:15:08,182 INFO train epoch 103/200 batch 66/66 (100%) running_loss=0.4883
2026-09-24 06:15:10,815 INFO epoch 103/200 done: train_loss=0.4883 val_loss=0.2436 val_accuracy=0.9488 val_macro_f1=0.9304 val_macro_auc=0.9945 (checkpoint_metric=macro_auc) [new best]
2026-09-24 06:15:14,908 INFO train epoch 104/200 batch 13/66 (20%) running_loss=0.4962
2026-09-24 06:15:18,492 INFO train epoch 104/200 batch 26/66 (39%) running_loss=0.5037
2026-09-24 06:15:22,080 INFO train epoch 104/200 batch 39/66 (59%) running_loss=0.5192
2026-09-24 06:15:25,663 INFO train epoch 104/200 batch 52/66 (79%) running_loss=0.5120
2026-09-24 06:15:29,246 INFO train epoch 104/200 batch 65/66 (98%) running_loss=0.5117
2026-09-24 06:15:29,473 INFO train epoch 104/200 batch 66/66 (100%) running_loss=0.5107
2026-09-24 06:15:31,975 INFO epoch 104/200 done: train_loss=0.5107 val_loss=0.2164 val_accuracy=0.9529 val_macro_f1=0.9352 val_macro_auc=0.9967 (checkpoint_metric=macro_auc)
2026-09-24 06:15:36,101 INFO train epoch 105/200 batch 13/66 (20%) running_loss=0.4643
2026-09-24 06:15:39,696 INFO train epoch 105/200 batch 26/66 (39%) running_loss=0.4746
2026-09-24 06:15:43,296 INFO train epoch 105/200 batch 39/66 (59%) running_loss=0.4743
2026-09-24 06:15:46,897 INFO train epoch 105/200 batch 52/66 (79%) running_loss=0.4826
2026-09-24 06:15:50,487 INFO train epoch 105/200 batch 65/66 (98%) running_loss=0.4770
2026-09-24 06:15:50,718 INFO train epoch 105/200 batch 66/66 (100%) running_loss=0.4777
2026-09-24 06:15:53,222 INFO epoch 105/200 done: train_loss=0.4777 val_loss=0.2071 val_accuracy=0.9590 val_macro_f1=0.9407 val_macro_auc=0.9953 (checkpoint_metric=macro_auc)
2026-09-24 06:15:57,338 INFO train epoch 106/200 batch 13/66 (20%) running_loss=0.4642
2026-09-24 06:16:00,928 INFO train epoch 106/200 batch 26/66 (39%) running_loss=0.4787
2026-09-24 06:16:04,709 INFO train epoch 106/200 batch 39/66 (59%) running_loss=0.4757
2026-09-24 06:16:08,306 INFO train epoch 106/200 batch 52/66 (79%) running_loss=0.4762
2026-09-24 06:16:11,892 INFO train epoch 106/200 batch 65/66 (98%) running_loss=0.4863
2026-09-24 06:16:12,117 INFO train epoch 106/200 batch 66/66 (100%) running_loss=0.4869
2026-09-24 06:16:14,634 INFO epoch 106/200 done: train_loss=0.4869 val_loss=0.2094 val_accuracy=0.9467 val_macro_f1=0.9237 val_macro_auc=0.9924 (checkpoint_metric=macro_auc)
2026-09-24 06:16:18,729 INFO train epoch 107/200 batch 13/66 (20%) running_loss=0.4674
2026-09-24 06:16:22,325 INFO train epoch 107/200 batch 26/66 (39%) running_loss=0.4741
2026-09-24 06:16:25,934 INFO train epoch 107/200 batch 39/66 (59%) running_loss=0.4879
2026-09-24 06:16:29,543 INFO train epoch 107/200 batch 52/66 (79%) running_loss=0.4858
2026-09-24 06:16:33,135 INFO train epoch 107/200 batch 65/66 (98%) running_loss=0.4902
2026-09-24 06:16:33,361 INFO train epoch 107/200 batch 66/66 (100%) running_loss=0.4902
2026-09-24 06:16:35,859 INFO epoch 107/200 done: train_loss=0.4902 val_loss=0.1948 val_accuracy=0.9590 val_macro_f1=0.9442 val_macro_auc=0.9961 (checkpoint_metric=macro_auc)
2026-09-24 06:16:39,969 INFO train epoch 108/200 batch 13/66 (20%) running_loss=0.4859
2026-09-24 06:16:43,569 INFO train epoch 108/200 batch 26/66 (39%) running_loss=0.4679
2026-09-24 06:16:47,178 INFO train epoch 108/200 batch 39/66 (59%) running_loss=0.4669
2026-09-24 06:16:50,803 INFO train epoch 108/200 batch 52/66 (79%) running_loss=0.4734
2026-09-24 06:16:54,387 INFO train epoch 108/200 batch 65/66 (98%) running_loss=0.4789
2026-09-24 06:16:54,614 INFO train epoch 108/200 batch 66/66 (100%) running_loss=0.4807
2026-09-24 06:16:57,120 INFO epoch 108/200 done: train_loss=0.4807 val_loss=0.2325 val_accuracy=0.9406 val_macro_f1=0.9183 val_macro_auc=0.9949 (checkpoint_metric=macro_auc)
2026-09-24 06:17:01,402 INFO train epoch 109/200 batch 13/66 (20%) running_loss=0.5015
2026-09-24 06:17:04,994 INFO train epoch 109/200 batch 26/66 (39%) running_loss=0.4909
2026-09-24 06:17:08,587 INFO train epoch 109/200 batch 39/66 (59%) running_loss=0.4783
2026-09-24 06:17:12,187 INFO train epoch 109/200 batch 52/66 (79%) running_loss=0.4728
2026-09-24 06:17:15,787 INFO train epoch 109/200 batch 65/66 (98%) running_loss=0.4747
2026-09-24 06:17:16,017 INFO train epoch 109/200 batch 66/66 (100%) running_loss=0.4752
2026-09-24 06:17:18,623 INFO epoch 109/200 done: train_loss=0.4752 val_loss=0.2156 val_accuracy=0.9570 val_macro_f1=0.9461 val_macro_auc=0.9980 (checkpoint_metric=macro_auc) [new best]
2026-09-24 06:17:22,679 INFO train epoch 110/200 batch 13/66 (20%) running_loss=0.5167
2026-09-24 06:17:26,269 INFO train epoch 110/200 batch 26/66 (39%) running_loss=0.4975
2026-09-24 06:17:29,861 INFO train epoch 110/200 batch 39/66 (59%) running_loss=0.4946
2026-09-24 06:17:33,462 INFO train epoch 110/200 batch 52/66 (79%) running_loss=0.4964
2026-09-24 06:17:37,064 INFO train epoch 110/200 batch 65/66 (98%) running_loss=0.5053
2026-09-24 06:17:37,293 INFO train epoch 110/200 batch 66/66 (100%) running_loss=0.5042
2026-09-24 06:17:39,798 INFO epoch 110/200 done: train_loss=0.5042 val_loss=0.2842 val_accuracy=0.9221 val_macro_f1=0.9018 val_macro_auc=0.9951 (checkpoint_metric=macro_auc)
2026-09-24 06:17:43,906 INFO train epoch 111/200 batch 13/66 (20%) running_loss=0.4895
2026-09-24 06:17:47,494 INFO train epoch 111/200 batch 26/66 (39%) running_loss=0.4889
2026-09-24 06:17:51,079 INFO train epoch 111/200 batch 39/66 (59%) running_loss=0.4928
2026-09-24 06:17:54,672 INFO train epoch 111/200 batch 52/66 (79%) running_loss=0.4961
2026-09-24 06:17:58,257 INFO train epoch 111/200 batch 65/66 (98%) running_loss=0.4947
2026-09-24 06:17:58,489 INFO train epoch 111/200 batch 66/66 (100%) running_loss=0.4941
2026-09-24 06:18:00,992 INFO epoch 111/200 done: train_loss=0.4941 val_loss=0.2067 val_accuracy=0.9652 val_macro_f1=0.9504 val_macro_auc=0.9957 (checkpoint_metric=macro_auc)
2026-09-24 06:18:05,282 INFO train epoch 112/200 batch 13/66 (20%) running_loss=0.4399
2026-09-24 06:18:08,870 INFO train epoch 112/200 batch 26/66 (39%) running_loss=0.4494
2026-09-24 06:18:12,453 INFO train epoch 112/200 batch 39/66 (59%) running_loss=0.4697
2026-09-24 06:18:16,037 INFO train epoch 112/200 batch 52/66 (79%) running_loss=0.4740
2026-09-24 06:18:19,604 INFO train epoch 112/200 batch 65/66 (98%) running_loss=0.4727
2026-09-24 06:18:19,829 INFO train epoch 112/200 batch 66/66 (100%) running_loss=0.4732
2026-09-24 06:18:22,332 INFO epoch 112/200 done: train_loss=0.4732 val_loss=0.2431 val_accuracy=0.9508 val_macro_f1=0.9323 val_macro_auc=0.9927 (checkpoint_metric=macro_auc)
2026-09-24 06:18:26,442 INFO train epoch 113/200 batch 13/66 (20%) running_loss=0.4819
2026-09-24 06:18:30,020 INFO train epoch 113/200 batch 26/66 (39%) running_loss=0.4713
2026-09-24 06:18:33,605 INFO train epoch 113/200 batch 39/66 (59%) running_loss=0.4688
2026-09-24 06:18:37,210 INFO train epoch 113/200 batch 52/66 (79%) running_loss=0.4719
2026-09-24 06:18:40,800 INFO train epoch 113/200 batch 65/66 (98%) running_loss=0.4823
2026-09-24 06:18:41,026 INFO train epoch 113/200 batch 66/66 (100%) running_loss=0.4815
2026-09-24 06:18:43,537 INFO epoch 113/200 done: train_loss=0.4815 val_loss=0.2225 val_accuracy=0.9303 val_macro_f1=0.9051 val_macro_auc=0.9959 (checkpoint_metric=macro_auc)
2026-09-24 06:18:47,590 INFO train epoch 114/200 batch 13/66 (20%) running_loss=0.4828
2026-09-24 06:18:51,174 INFO train epoch 114/200 batch 26/66 (39%) running_loss=0.4591
2026-09-24 06:18:54,770 INFO train epoch 114/200 batch 39/66 (59%) running_loss=0.4676
2026-09-24 06:18:58,374 INFO train epoch 114/200 batch 52/66 (79%) running_loss=0.4755
2026-09-24 06:19:02,175 INFO train epoch 114/200 batch 65/66 (98%) running_loss=0.4741
2026-09-24 06:19:02,403 INFO train epoch 114/200 batch 66/66 (100%) running_loss=0.4733
2026-09-24 06:19:04,907 INFO epoch 114/200 done: train_loss=0.4733 val_loss=0.2106 val_accuracy=0.9529 val_macro_f1=0.9340 val_macro_auc=0.9962 (checkpoint_metric=macro_auc)
2026-09-24 06:19:09,040 INFO train epoch 115/200 batch 13/66 (20%) running_loss=0.4613
2026-09-24 06:19:12,635 INFO train epoch 115/200 batch 26/66 (39%) running_loss=0.4699
2026-09-24 06:19:16,230 INFO train epoch 115/200 batch 39/66 (59%) running_loss=0.4698
2026-09-24 06:19:19,816 INFO train epoch 115/200 batch 52/66 (79%) running_loss=0.4621
2026-09-24 06:19:23,400 INFO train epoch 115/200 batch 65/66 (98%) running_loss=0.4593
2026-09-24 06:19:23,626 INFO train epoch 115/200 batch 66/66 (100%) running_loss=0.4614
2026-09-24 06:19:26,241 INFO epoch 115/200 done: train_loss=0.4614 val_loss=0.2209 val_accuracy=0.9385 val_macro_f1=0.9154 val_macro_auc=0.9969 (checkpoint_metric=macro_auc) [new best]
2026-09-24 06:19:30,337 INFO train epoch 116/200 batch 13/66 (20%) running_loss=0.4343
2026-09-24 06:19:33,924 INFO train epoch 116/200 batch 26/66 (39%) running_loss=0.4437
2026-09-24 06:19:37,521 INFO train epoch 116/200 batch 39/66 (59%) running_loss=0.4461
2026-09-24 06:19:41,114 INFO train epoch 116/200 batch 52/66 (79%) running_loss=0.4480
2026-09-24 06:19:44,710 INFO train epoch 116/200 batch 65/66 (98%) running_loss=0.4527
2026-09-24 06:19:44,938 INFO train epoch 116/200 batch 66/66 (100%) running_loss=0.4530
2026-09-24 06:19:47,543 INFO epoch 116/200 done: train_loss=0.4530 val_loss=0.1991 val_accuracy=0.9529 val_macro_f1=0.9343 val_macro_auc=0.9967 (checkpoint_metric=macro_auc) [new best]
2026-09-24 06:19:51,670 INFO train epoch 117/200 batch 13/66 (20%) running_loss=0.4783
2026-09-24 06:19:55,267 INFO train epoch 117/200 batch 26/66 (39%) running_loss=0.4769
2026-09-24 06:19:58,899 INFO train epoch 117/200 batch 39/66 (59%) running_loss=0.4704
2026-09-24 06:20:02,510 INFO train epoch 117/200 batch 52/66 (79%) running_loss=0.4646
2026-09-24 06:20:06,203 INFO train epoch 117/200 batch 65/66 (98%) running_loss=0.4577
2026-09-24 06:20:06,431 INFO train epoch 117/200 batch 66/66 (100%) running_loss=0.4591
2026-09-24 06:20:08,952 INFO epoch 117/200 done: train_loss=0.4591 val_loss=0.2757 val_accuracy=0.9119 val_macro_f1=0.8877 val_macro_auc=0.9921 (checkpoint_metric=macro_auc)
2026-09-24 06:20:13,074 INFO train epoch 118/200 batch 13/66 (20%) running_loss=0.5010
2026-09-24 06:20:16,678 INFO train epoch 118/200 batch 26/66 (39%) running_loss=0.4869
2026-09-24 06:20:20,271 INFO train epoch 118/200 batch 39/66 (59%) running_loss=0.4755
2026-09-24 06:20:23,885 INFO train epoch 118/200 batch 52/66 (79%) running_loss=0.4746
2026-09-24 06:20:27,482 INFO train epoch 118/200 batch 65/66 (98%) running_loss=0.4792
2026-09-24 06:20:27,711 INFO train epoch 118/200 batch 66/66 (100%) running_loss=0.4804
2026-09-24 06:20:30,222 INFO epoch 118/200 done: train_loss=0.4804 val_loss=0.3024 val_accuracy=0.8934 val_macro_f1=0.8655 val_macro_auc=0.9938 (checkpoint_metric=macro_auc)
2026-09-24 06:20:34,363 INFO train epoch 119/200 batch 13/66 (20%) running_loss=0.4947
2026-09-24 06:20:37,948 INFO train epoch 119/200 batch 26/66 (39%) running_loss=0.4815
2026-09-24 06:20:41,539 INFO train epoch 119/200 batch 39/66 (59%) running_loss=0.4828
2026-09-24 06:20:45,131 INFO train epoch 119/200 batch 52/66 (79%) running_loss=0.4800
2026-09-24 06:20:48,719 INFO train epoch 119/200 batch 65/66 (98%) running_loss=0.4742
2026-09-24 06:20:48,945 INFO train epoch 119/200 batch 66/66 (100%) running_loss=0.4735
2026-09-24 06:20:51,443 INFO epoch 119/200 done: train_loss=0.4735 val_loss=0.1899 val_accuracy=0.9529 val_macro_f1=0.9338 val_macro_auc=0.9954 (checkpoint_metric=macro_auc)
2026-09-24 06:20:55,552 INFO train epoch 120/200 batch 13/66 (20%) running_loss=0.4768
2026-09-24 06:20:59,146 INFO train epoch 120/200 batch 26/66 (39%) running_loss=0.4789
2026-09-24 06:21:02,736 INFO train epoch 120/200 batch 39/66 (59%) running_loss=0.4766
2026-09-24 06:21:06,345 INFO train epoch 120/200 batch 52/66 (79%) running_loss=0.4795
2026-09-24 06:21:09,933 INFO train epoch 120/200 batch 65/66 (98%) running_loss=0.4781
2026-09-24 06:21:10,158 INFO train epoch 120/200 batch 66/66 (100%) running_loss=0.4779
2026-09-24 06:21:12,675 INFO epoch 120/200 done: train_loss=0.4779 val_loss=0.1844 val_accuracy=0.9590 val_macro_f1=0.9393 val_macro_auc=0.9964 (checkpoint_metric=macro_auc)
2026-09-24 06:21:16,971 INFO train epoch 121/200 batch 13/66 (20%) running_loss=0.4573
2026-09-24 06:21:20,547 INFO train epoch 121/200 batch 26/66 (39%) running_loss=0.4510
2026-09-24 06:21:24,130 INFO train epoch 121/200 batch 39/66 (59%) running_loss=0.4600
2026-09-24 06:21:27,721 INFO train epoch 121/200 batch 52/66 (79%) running_loss=0.4692
2026-09-24 06:21:31,312 INFO train epoch 121/200 batch 65/66 (98%) running_loss=0.4737
2026-09-24 06:21:31,539 INFO train epoch 121/200 batch 66/66 (100%) running_loss=0.4748
2026-09-24 06:21:34,051 INFO epoch 121/200 done: train_loss=0.4748 val_loss=0.1804 val_accuracy=0.9713 val_macro_f1=0.9598 val_macro_auc=0.9973 (checkpoint_metric=macro_auc)
2026-09-24 06:21:38,162 INFO train epoch 122/200 batch 13/66 (20%) running_loss=0.4412
2026-09-24 06:21:41,761 INFO train epoch 122/200 batch 26/66 (39%) running_loss=0.4404
2026-09-24 06:21:45,355 INFO train epoch 122/200 batch 39/66 (59%) running_loss=0.4503
2026-09-24 06:21:48,959 INFO train epoch 122/200 batch 52/66 (79%) running_loss=0.4538
2026-09-24 06:21:52,573 INFO train epoch 122/200 batch 65/66 (98%) running_loss=0.4566
2026-09-24 06:21:52,805 INFO train epoch 122/200 batch 66/66 (100%) running_loss=0.4575
2026-09-24 06:21:55,302 INFO epoch 122/200 done: train_loss=0.4575 val_loss=0.2371 val_accuracy=0.9324 val_macro_f1=0.9068 val_macro_auc=0.9942 (checkpoint_metric=macro_auc)
2026-09-24 06:21:59,401 INFO train epoch 123/200 batch 13/66 (20%) running_loss=0.4489
2026-09-24 06:22:02,986 INFO train epoch 123/200 batch 26/66 (39%) running_loss=0.4635
2026-09-24 06:22:06,579 INFO train epoch 123/200 batch 39/66 (59%) running_loss=0.4684
2026-09-24 06:22:10,170 INFO train epoch 123/200 batch 52/66 (79%) running_loss=0.4551
2026-09-24 06:22:13,758 INFO train epoch 123/200 batch 65/66 (98%) running_loss=0.4608
2026-09-24 06:22:14,138 INFO train epoch 123/200 batch 66/66 (100%) running_loss=0.4602
2026-09-24 06:22:16,651 INFO epoch 123/200 done: train_loss=0.4602 val_loss=0.2031 val_accuracy=0.9549 val_macro_f1=0.9393 val_macro_auc=0.9953 (checkpoint_metric=macro_auc)
2026-09-24 06:22:20,771 INFO train epoch 124/200 batch 13/66 (20%) running_loss=0.4954
2026-09-24 06:22:24,347 INFO train epoch 124/200 batch 26/66 (39%) running_loss=0.4780
2026-09-24 06:22:27,926 INFO train epoch 124/200 batch 39/66 (59%) running_loss=0.4756
2026-09-24 06:22:31,520 INFO train epoch 124/200 batch 52/66 (79%) running_loss=0.4749
2026-09-24 06:22:35,105 INFO train epoch 124/200 batch 65/66 (98%) running_loss=0.4732
2026-09-24 06:22:35,333 INFO train epoch 124/200 batch 66/66 (100%) running_loss=0.4725
2026-09-24 06:22:37,833 INFO epoch 124/200 done: train_loss=0.4725 val_loss=0.2098 val_accuracy=0.9488 val_macro_f1=0.9275 val_macro_auc=0.9965 (checkpoint_metric=macro_auc)
2026-09-24 06:22:41,889 INFO train epoch 125/200 batch 13/66 (20%) running_loss=0.4645
2026-09-24 06:22:45,492 INFO train epoch 125/200 batch 26/66 (39%) running_loss=0.4604
2026-09-24 06:22:49,086 INFO train epoch 125/200 batch 39/66 (59%) running_loss=0.4634
2026-09-24 06:22:52,676 INFO train epoch 125/200 batch 52/66 (79%) running_loss=0.4710
2026-09-24 06:22:56,277 INFO train epoch 125/200 batch 65/66 (98%) running_loss=0.4683
2026-09-24 06:22:56,505 INFO train epoch 125/200 batch 66/66 (100%) running_loss=0.4685
2026-09-24 06:22:59,027 INFO epoch 125/200 done: train_loss=0.4685 val_loss=0.2240 val_accuracy=0.9385 val_macro_f1=0.9174 val_macro_auc=0.9958 (checkpoint_metric=macro_auc)
2026-09-24 06:23:03,151 INFO train epoch 126/200 batch 13/66 (20%) running_loss=0.4492
2026-09-24 06:23:06,766 INFO train epoch 126/200 batch 26/66 (39%) running_loss=0.4349
2026-09-24 06:23:10,360 INFO train epoch 126/200 batch 39/66 (59%) running_loss=0.4425
2026-09-24 06:23:13,967 INFO train epoch 126/200 batch 52/66 (79%) running_loss=0.4385
2026-09-24 06:23:17,558 INFO train epoch 126/200 batch 65/66 (98%) running_loss=0.4522
2026-09-24 06:23:17,797 INFO train epoch 126/200 batch 66/66 (100%) running_loss=0.4533
2026-09-24 06:23:20,301 INFO epoch 126/200 done: train_loss=0.4533 val_loss=0.1865 val_accuracy=0.9693 val_macro_f1=0.9557 val_macro_auc=0.9973 (checkpoint_metric=macro_auc)
2026-09-24 06:23:24,342 INFO train epoch 127/200 batch 13/66 (20%) running_loss=0.4731
2026-09-24 06:23:28,090 INFO train epoch 127/200 batch 26/66 (39%) running_loss=0.4724
2026-09-24 06:23:31,678 INFO train epoch 127/200 batch 39/66 (59%) running_loss=0.4744
2026-09-24 06:23:35,264 INFO train epoch 127/200 batch 52/66 (79%) running_loss=0.4683
2026-09-24 06:23:38,856 INFO train epoch 127/200 batch 65/66 (98%) running_loss=0.4617
2026-09-24 06:23:39,080 INFO train epoch 127/200 batch 66/66 (100%) running_loss=0.4609
2026-09-24 06:23:41,699 INFO epoch 127/200 done: train_loss=0.4609 val_loss=0.1893 val_accuracy=0.9631 val_macro_f1=0.9504 val_macro_auc=0.9977 (checkpoint_metric=macro_auc) [new best]
2026-09-24 06:23:45,814 INFO train epoch 128/200 batch 13/66 (20%) running_loss=0.4630
2026-09-24 06:23:49,405 INFO train epoch 128/200 batch 26/66 (39%) running_loss=0.4608
2026-09-24 06:23:52,982 INFO train epoch 128/200 batch 39/66 (59%) running_loss=0.4745
2026-09-24 06:23:56,580 INFO train epoch 128/200 batch 52/66 (79%) running_loss=0.4695
2026-09-24 06:24:00,179 INFO train epoch 128/200 batch 65/66 (98%) running_loss=0.4676
2026-09-24 06:24:00,407 INFO train epoch 128/200 batch 66/66 (100%) running_loss=0.4688
2026-09-24 06:24:03,024 INFO epoch 128/200 done: train_loss=0.4688 val_loss=0.1748 val_accuracy=0.9631 val_macro_f1=0.9460 val_macro_auc=0.9966 (checkpoint_metric=macro_auc) [new best]
2026-09-24 06:24:07,159 INFO train epoch 129/200 batch 13/66 (20%) running_loss=0.4264
2026-09-24 06:24:10,739 INFO train epoch 129/200 batch 26/66 (39%) running_loss=0.4251
2026-09-24 06:24:14,333 INFO train epoch 129/200 batch 39/66 (59%) running_loss=0.4378
2026-09-24 06:24:17,911 INFO train epoch 129/200 batch 52/66 (79%) running_loss=0.4404
2026-09-24 06:24:21,506 INFO train epoch 129/200 batch 65/66 (98%) running_loss=0.4474
2026-09-24 06:24:21,732 INFO train epoch 129/200 batch 66/66 (100%) running_loss=0.4471
2026-09-24 06:24:24,245 INFO epoch 129/200 done: train_loss=0.4471 val_loss=0.2562 val_accuracy=0.9303 val_macro_f1=0.9116 val_macro_auc=0.9953 (checkpoint_metric=macro_auc)
2026-09-24 06:24:28,358 INFO train epoch 130/200 batch 13/66 (20%) running_loss=0.4644
2026-09-24 06:24:32,061 INFO train epoch 130/200 batch 26/66 (39%) running_loss=0.4433
2026-09-24 06:24:35,665 INFO train epoch 130/200 batch 39/66 (59%) running_loss=0.4425
2026-09-24 06:24:39,256 INFO train epoch 130/200 batch 52/66 (79%) running_loss=0.4387
2026-09-24 06:24:42,845 INFO train epoch 130/200 batch 65/66 (98%) running_loss=0.4467
2026-09-24 06:24:43,073 INFO train epoch 130/200 batch 66/66 (100%) running_loss=0.4487
2026-09-24 06:24:45,583 INFO epoch 130/200 done: train_loss=0.4487 val_loss=0.2487 val_accuracy=0.9447 val_macro_f1=0.9294 val_macro_auc=0.9957 (checkpoint_metric=macro_auc)
2026-09-24 06:24:49,701 INFO train epoch 131/200 batch 13/66 (20%) running_loss=0.4745
2026-09-24 06:24:53,288 INFO train epoch 131/200 batch 26/66 (39%) running_loss=0.4686
2026-09-24 06:24:56,870 INFO train epoch 131/200 batch 39/66 (59%) running_loss=0.4690
2026-09-24 06:25:00,464 INFO train epoch 131/200 batch 52/66 (79%) running_loss=0.4651
2026-09-24 06:25:04,059 INFO train epoch 131/200 batch 65/66 (98%) running_loss=0.4646
2026-09-24 06:25:04,286 INFO train epoch 131/200 batch 66/66 (100%) running_loss=0.4633
2026-09-24 06:25:06,800 INFO epoch 131/200 done: train_loss=0.4633 val_loss=0.2175 val_accuracy=0.9529 val_macro_f1=0.9371 val_macro_auc=0.9968 (checkpoint_metric=macro_auc)
2026-09-24 06:25:10,910 INFO train epoch 132/200 batch 13/66 (20%) running_loss=0.4367
2026-09-24 06:25:14,486 INFO train epoch 132/200 batch 26/66 (39%) running_loss=0.4283
2026-09-24 06:25:18,065 INFO train epoch 132/200 batch 39/66 (59%) running_loss=0.4440
2026-09-24 06:25:21,663 INFO train epoch 132/200 batch 52/66 (79%) running_loss=0.4517
2026-09-24 06:25:25,248 INFO train epoch 132/200 batch 65/66 (98%) running_loss=0.4454
2026-09-24 06:25:25,474 INFO train epoch 132/200 batch 66/66 (100%) running_loss=0.4451
2026-09-24 06:25:27,970 INFO epoch 132/200 done: train_loss=0.4451 val_loss=0.2308 val_accuracy=0.9242 val_macro_f1=0.9036 val_macro_auc=0.9969 (checkpoint_metric=macro_auc)
2026-09-24 06:25:32,091 INFO train epoch 133/200 batch 13/66 (20%) running_loss=0.4279
2026-09-24 06:25:35,686 INFO train epoch 133/200 batch 26/66 (39%) running_loss=0.4406
2026-09-24 06:25:39,446 INFO train epoch 133/200 batch 39/66 (59%) running_loss=0.4378
2026-09-24 06:25:43,036 INFO train epoch 133/200 batch 52/66 (79%) running_loss=0.4391
2026-09-24 06:25:46,617 INFO train epoch 133/200 batch 65/66 (98%) running_loss=0.4370
2026-09-24 06:25:46,843 INFO train epoch 133/200 batch 66/66 (100%) running_loss=0.4368
2026-09-24 06:25:49,347 INFO epoch 133/200 done: train_loss=0.4368 val_loss=0.1731 val_accuracy=0.9734 val_macro_f1=0.9621 val_macro_auc=0.9976 (checkpoint_metric=macro_auc)
2026-09-24 06:25:53,479 INFO train epoch 134/200 batch 13/66 (20%) running_loss=0.4295
2026-09-24 06:25:57,061 INFO train epoch 134/200 batch 26/66 (39%) running_loss=0.4261
2026-09-24 06:26:00,670 INFO train epoch 134/200 batch 39/66 (59%) running_loss=0.4271
2026-09-24 06:26:04,287 INFO train epoch 134/200 batch 52/66 (79%) running_loss=0.4313
2026-09-24 06:26:07,876 INFO train epoch 134/200 batch 65/66 (98%) running_loss=0.4344
2026-09-24 06:26:08,105 INFO train epoch 134/200 batch 66/66 (100%) running_loss=0.4339
2026-09-24 06:26:10,766 INFO epoch 134/200 done: train_loss=0.4339 val_loss=0.1646 val_accuracy=0.9775 val_macro_f1=0.9673 val_macro_auc=0.9971 (checkpoint_metric=macro_auc) [new best]
2026-09-24 06:26:14,900 INFO train epoch 135/200 batch 13/66 (20%) running_loss=0.4427
2026-09-24 06:26:18,511 INFO train epoch 135/200 batch 26/66 (39%) running_loss=0.4347
2026-09-24 06:26:22,124 INFO train epoch 135/200 batch 39/66 (59%) running_loss=0.4352
2026-09-24 06:26:25,724 INFO train epoch 135/200 batch 52/66 (79%) running_loss=0.4351
2026-09-24 06:26:29,318 INFO train epoch 135/200 batch 65/66 (98%) running_loss=0.4408
2026-09-24 06:26:29,546 INFO train epoch 135/200 batch 66/66 (100%) running_loss=0.4399
2026-09-24 06:26:32,050 INFO epoch 135/200 done: train_loss=0.4399 val_loss=0.2066 val_accuracy=0.9549 val_macro_f1=0.9382 val_macro_auc=0.9958 (checkpoint_metric=macro_auc)
2026-09-24 06:26:36,255 INFO train epoch 136/200 batch 13/66 (20%) running_loss=0.4148
2026-09-24 06:26:39,842 INFO train epoch 136/200 batch 26/66 (39%) running_loss=0.4222
2026-09-24 06:26:43,441 INFO train epoch 136/200 batch 39/66 (59%) running_loss=0.4187
2026-09-24 06:26:47,040 INFO train epoch 136/200 batch 52/66 (79%) running_loss=0.4187
2026-09-24 06:26:50,633 INFO train epoch 136/200 batch 65/66 (98%) running_loss=0.4226
2026-09-24 06:26:50,861 INFO train epoch 136/200 batch 66/66 (100%) running_loss=0.4223
2026-09-24 06:26:53,360 INFO epoch 136/200 done: train_loss=0.4223 val_loss=0.2109 val_accuracy=0.9508 val_macro_f1=0.9345 val_macro_auc=0.9957 (checkpoint_metric=macro_auc)
2026-09-24 06:26:57,484 INFO train epoch 137/200 batch 13/66 (20%) running_loss=0.4222
2026-09-24 06:27:01,079 INFO train epoch 137/200 batch 26/66 (39%) running_loss=0.4259
2026-09-24 06:27:04,666 INFO train epoch 137/200 batch 39/66 (59%) running_loss=0.4199
2026-09-24 06:27:08,245 INFO train epoch 137/200 batch 52/66 (79%) running_loss=0.4182
2026-09-24 06:27:11,828 INFO train epoch 137/200 batch 65/66 (98%) running_loss=0.4194
2026-09-24 06:27:12,056 INFO train epoch 137/200 batch 66/66 (100%) running_loss=0.4204
2026-09-24 06:27:14,556 INFO epoch 137/200 done: train_loss=0.4204 val_loss=0.1975 val_accuracy=0.9508 val_macro_f1=0.9334 val_macro_auc=0.9962 (checkpoint_metric=macro_auc)
2026-09-24 06:27:18,663 INFO train epoch 138/200 batch 13/66 (20%) running_loss=0.4346
2026-09-24 06:27:22,258 INFO train epoch 138/200 batch 26/66 (39%) running_loss=0.4309
2026-09-24 06:27:25,857 INFO train epoch 138/200 batch 39/66 (59%) running_loss=0.4293
2026-09-24 06:27:29,449 INFO train epoch 138/200 batch 52/66 (79%) running_loss=0.4406
2026-09-24 06:27:33,207 INFO train epoch 138/200 batch 65/66 (98%) running_loss=0.4383
2026-09-24 06:27:33,433 INFO train epoch 138/200 batch 66/66 (100%) running_loss=0.4379
2026-09-24 06:27:35,937 INFO epoch 138/200 done: train_loss=0.4379 val_loss=0.2154 val_accuracy=0.9549 val_macro_f1=0.9409 val_macro_auc=0.9975 (checkpoint_metric=macro_auc)
2026-09-24 06:27:40,064 INFO train epoch 139/200 batch 13/66 (20%) running_loss=0.4536
2026-09-24 06:27:43,663 INFO train epoch 139/200 batch 26/66 (39%) running_loss=0.4327
2026-09-24 06:27:47,268 INFO train epoch 139/200 batch 39/66 (59%) running_loss=0.4295
2026-09-24 06:27:50,856 INFO train epoch 139/200 batch 52/66 (79%) running_loss=0.4311
2026-09-24 06:27:54,453 INFO train epoch 139/200 batch 65/66 (98%) running_loss=0.4349
2026-09-24 06:27:54,678 INFO train epoch 139/200 batch 66/66 (100%) running_loss=0.4373
2026-09-24 06:27:57,192 INFO epoch 139/200 done: train_loss=0.4373 val_loss=0.1783 val_accuracy=0.9652 val_macro_f1=0.9510 val_macro_auc=0.9977 (checkpoint_metric=macro_auc)
2026-09-24 06:28:01,342 INFO train epoch 140/200 batch 13/66 (20%) running_loss=0.4246
2026-09-24 06:28:04,947 INFO train epoch 140/200 batch 26/66 (39%) running_loss=0.4270
2026-09-24 06:28:08,527 INFO train epoch 140/200 batch 39/66 (59%) running_loss=0.4320
2026-09-24 06:28:12,128 INFO train epoch 140/200 batch 52/66 (79%) running_loss=0.4293
2026-09-24 06:28:15,724 INFO train epoch 140/200 batch 65/66 (98%) running_loss=0.4352
2026-09-24 06:28:15,952 INFO train epoch 140/200 batch 66/66 (100%) running_loss=0.4372
2026-09-24 06:28:18,569 INFO epoch 140/200 done: train_loss=0.4372 val_loss=0.1836 val_accuracy=0.9652 val_macro_f1=0.9523 val_macro_auc=0.9967 (checkpoint_metric=macro_auc) [new best]
2026-09-24 06:28:22,633 INFO train epoch 141/200 batch 13/66 (20%) running_loss=0.4552
2026-09-24 06:28:26,225 INFO train epoch 141/200 batch 26/66 (39%) running_loss=0.4703
2026-09-24 06:28:29,996 INFO train epoch 141/200 batch 39/66 (59%) running_loss=0.4614
2026-09-24 06:28:33,600 INFO train epoch 141/200 batch 52/66 (79%) running_loss=0.4553
2026-09-24 06:28:37,182 INFO train epoch 141/200 batch 65/66 (98%) running_loss=0.4472
2026-09-24 06:28:37,411 INFO train epoch 141/200 batch 66/66 (100%) running_loss=0.4464
2026-09-24 06:28:40,011 INFO epoch 141/200 done: train_loss=0.4464 val_loss=0.1837 val_accuracy=0.9570 val_macro_f1=0.9398 val_macro_auc=0.9976 (checkpoint_metric=macro_auc) [new best]
2026-09-24 06:28:44,142 INFO train epoch 142/200 batch 13/66 (20%) running_loss=0.4260
2026-09-24 06:28:47,738 INFO train epoch 142/200 batch 26/66 (39%) running_loss=0.4256
2026-09-24 06:28:51,336 INFO train epoch 142/200 batch 39/66 (59%) running_loss=0.4319
2026-09-24 06:28:54,945 INFO train epoch 142/200 batch 52/66 (79%) running_loss=0.4328
2026-09-24 06:28:58,541 INFO train epoch 142/200 batch 65/66 (98%) running_loss=0.4384
2026-09-24 06:28:58,769 INFO train epoch 142/200 batch 66/66 (100%) running_loss=0.4393
2026-09-24 06:29:01,273 INFO epoch 142/200 done: train_loss=0.4393 val_loss=0.2151 val_accuracy=0.9385 val_macro_f1=0.9203 val_macro_auc=0.9962 (checkpoint_metric=macro_auc)
2026-09-24 06:29:05,415 INFO train epoch 143/200 batch 13/66 (20%) running_loss=0.4571
2026-09-24 06:29:09,019 INFO train epoch 143/200 batch 26/66 (39%) running_loss=0.4346
2026-09-24 06:29:12,635 INFO train epoch 143/200 batch 39/66 (59%) running_loss=0.4350
2026-09-24 06:29:16,229 INFO train epoch 143/200 batch 52/66 (79%) running_loss=0.4337
2026-09-24 06:29:19,808 INFO train epoch 143/200 batch 65/66 (98%) running_loss=0.4332
2026-09-24 06:29:20,033 INFO train epoch 143/200 batch 66/66 (100%) running_loss=0.4340
2026-09-24 06:29:22,551 INFO epoch 143/200 done: train_loss=0.4340 val_loss=0.2196 val_accuracy=0.9365 val_macro_f1=0.9224 val_macro_auc=0.9973 (checkpoint_metric=macro_auc)
2026-09-24 06:29:26,635 INFO train epoch 144/200 batch 13/66 (20%) running_loss=0.4319
2026-09-24 06:29:30,226 INFO train epoch 144/200 batch 26/66 (39%) running_loss=0.4280
2026-09-24 06:29:33,808 INFO train epoch 144/200 batch 39/66 (59%) running_loss=0.4271
2026-09-24 06:29:37,488 INFO train epoch 144/200 batch 52/66 (79%) running_loss=0.4212
2026-09-24 06:29:41,088 INFO train epoch 144/200 batch 65/66 (98%) running_loss=0.4209
2026-09-24 06:29:41,315 INFO train epoch 144/200 batch 66/66 (100%) running_loss=0.4208
2026-09-24 06:29:43,824 INFO epoch 144/200 done: train_loss=0.4208 val_loss=0.1681 val_accuracy=0.9631 val_macro_f1=0.9485 val_macro_auc=0.9967 (checkpoint_metric=macro_auc)
2026-09-24 06:29:47,900 INFO train epoch 145/200 batch 13/66 (20%) running_loss=0.4217
2026-09-24 06:29:51,514 INFO train epoch 145/200 batch 26/66 (39%) running_loss=0.4179
2026-09-24 06:29:55,124 INFO train epoch 145/200 batch 39/66 (59%) running_loss=0.4210
2026-09-24 06:29:58,710 INFO train epoch 145/200 batch 52/66 (79%) running_loss=0.4284
2026-09-24 06:30:02,311 INFO train epoch 145/200 batch 65/66 (98%) running_loss=0.4247
2026-09-24 06:30:02,535 INFO train epoch 145/200 batch 66/66 (100%) running_loss=0.4258
2026-09-24 06:30:05,033 INFO epoch 145/200 done: train_loss=0.4258 val_loss=0.1939 val_accuracy=0.9590 val_macro_f1=0.9448 val_macro_auc=0.9959 (checkpoint_metric=macro_auc)
2026-09-24 06:30:09,180 INFO train epoch 146/200 batch 13/66 (20%) running_loss=0.4004
2026-09-24 06:30:12,831 INFO train epoch 146/200 batch 26/66 (39%) running_loss=0.4130
2026-09-24 06:30:16,456 INFO train epoch 146/200 batch 39/66 (59%) running_loss=0.4182
2026-09-24 06:30:20,041 INFO train epoch 146/200 batch 52/66 (79%) running_loss=0.4192
2026-09-24 06:30:23,626 INFO train epoch 146/200 batch 65/66 (98%) running_loss=0.4220
2026-09-24 06:30:23,853 INFO train epoch 146/200 batch 66/66 (100%) running_loss=0.4220
2026-09-24 06:30:26,364 INFO epoch 146/200 done: train_loss=0.4220 val_loss=0.2061 val_accuracy=0.9549 val_macro_f1=0.9392 val_macro_auc=0.9950 (checkpoint_metric=macro_auc)
2026-09-24 06:30:30,466 INFO train epoch 147/200 batch 13/66 (20%) running_loss=0.4460
2026-09-24 06:30:34,050 INFO train epoch 147/200 batch 26/66 (39%) running_loss=0.4341
2026-09-24 06:30:37,629 INFO train epoch 147/200 batch 39/66 (59%) running_loss=0.4434
2026-09-24 06:30:41,237 INFO train epoch 147/200 batch 52/66 (79%) running_loss=0.4345
2026-09-24 06:30:45,001 INFO train epoch 147/200 batch 65/66 (98%) running_loss=0.4316
2026-09-24 06:30:45,232 INFO train epoch 147/200 batch 66/66 (100%) running_loss=0.4325
2026-09-24 06:30:47,738 INFO epoch 147/200 done: train_loss=0.4325 val_loss=0.1802 val_accuracy=0.9631 val_macro_f1=0.9485 val_macro_auc=0.9957 (checkpoint_metric=macro_auc)
2026-09-24 06:30:51,828 INFO train epoch 148/200 batch 13/66 (20%) running_loss=0.4056
2026-09-24 06:30:55,421 INFO train epoch 148/200 batch 26/66 (39%) running_loss=0.4203
2026-09-24 06:30:59,014 INFO train epoch 148/200 batch 39/66 (59%) running_loss=0.4178
2026-09-24 06:31:02,597 INFO train epoch 148/200 batch 52/66 (79%) running_loss=0.4116
2026-09-24 06:31:06,182 INFO train epoch 148/200 batch 65/66 (98%) running_loss=0.4089
2026-09-24 06:31:06,409 INFO train epoch 148/200 batch 66/66 (100%) running_loss=0.4085
2026-09-24 06:31:08,900 INFO epoch 148/200 done: train_loss=0.4085 val_loss=0.1882 val_accuracy=0.9508 val_macro_f1=0.9396 val_macro_auc=0.9972 (checkpoint_metric=macro_auc)
2026-09-24 06:31:13,048 INFO train epoch 149/200 batch 13/66 (20%) running_loss=0.4259
2026-09-24 06:31:16,656 INFO train epoch 149/200 batch 26/66 (39%) running_loss=0.4136
2026-09-24 06:31:20,241 INFO train epoch 149/200 batch 39/66 (59%) running_loss=0.4134
2026-09-24 06:31:23,851 INFO train epoch 149/200 batch 52/66 (79%) running_loss=0.4178
2026-09-24 06:31:27,441 INFO train epoch 149/200 batch 65/66 (98%) running_loss=0.4253
2026-09-24 06:31:27,669 INFO train epoch 149/200 batch 66/66 (100%) running_loss=0.4248
2026-09-24 06:31:30,176 INFO epoch 149/200 done: train_loss=0.4248 val_loss=0.1821 val_accuracy=0.9590 val_macro_f1=0.9437 val_macro_auc=0.9979 (checkpoint_metric=macro_auc)
2026-09-24 06:31:34,222 INFO train epoch 150/200 batch 13/66 (20%) running_loss=0.4243
2026-09-24 06:31:37,816 INFO train epoch 150/200 batch 26/66 (39%) running_loss=0.4189
2026-09-24 06:31:41,515 INFO train epoch 150/200 batch 39/66 (59%) running_loss=0.4202
2026-09-24 06:31:45,110 INFO train epoch 150/200 batch 52/66 (79%) running_loss=0.4231
2026-09-24 06:31:48,731 INFO train epoch 150/200 batch 65/66 (98%) running_loss=0.4249
2026-09-24 06:31:48,958 INFO train epoch 150/200 batch 66/66 (100%) running_loss=0.4251
2026-09-24 06:31:51,553 INFO epoch 150/200 done: train_loss=0.4251 val_loss=0.1686 val_accuracy=0.9611 val_macro_f1=0.9439 val_macro_auc=0.9961 (checkpoint_metric=macro_auc)
2026-09-24 06:31:55,672 INFO train epoch 151/200 batch 13/66 (20%) running_loss=0.4150
2026-09-24 06:31:59,267 INFO train epoch 151/200 batch 26/66 (39%) running_loss=0.4049
2026-09-24 06:32:02,854 INFO train epoch 151/200 batch 39/66 (59%) running_loss=0.4083
2026-09-24 06:32:06,449 INFO train epoch 151/200 batch 52/66 (79%) running_loss=0.4078
2026-09-24 06:32:10,039 INFO train epoch 151/200 batch 65/66 (98%) running_loss=0.4123
2026-09-24 06:32:10,267 INFO train epoch 151/200 batch 66/66 (100%) running_loss=0.4130
2026-09-24 06:32:12,759 INFO epoch 151/200 done: train_loss=0.4130 val_loss=0.1893 val_accuracy=0.9549 val_macro_f1=0.9388 val_macro_auc=0.9959 (checkpoint_metric=macro_auc)
2026-09-24 06:32:16,863 INFO train epoch 152/200 batch 13/66 (20%) running_loss=0.4052
2026-09-24 06:32:20,447 INFO train epoch 152/200 batch 26/66 (39%) running_loss=0.4222
2026-09-24 06:32:24,036 INFO train epoch 152/200 batch 39/66 (59%) running_loss=0.4191
2026-09-24 06:32:27,630 INFO train epoch 152/200 batch 52/66 (79%) running_loss=0.4132
2026-09-24 06:32:31,240 INFO train epoch 152/200 batch 65/66 (98%) running_loss=0.4095
2026-09-24 06:32:31,470 INFO train epoch 152/200 batch 66/66 (100%) running_loss=0.4094
2026-09-24 06:32:33,982 INFO epoch 152/200 done: train_loss=0.4094 val_loss=0.1700 val_accuracy=0.9611 val_macro_f1=0.9475 val_macro_auc=0.9966 (checkpoint_metric=macro_auc)
2026-09-24 06:32:38,146 INFO train epoch 153/200 batch 13/66 (20%) running_loss=0.4093
2026-09-24 06:32:41,791 INFO train epoch 153/200 batch 26/66 (39%) running_loss=0.4209
2026-09-24 06:32:45,394 INFO train epoch 153/200 batch 39/66 (59%) running_loss=0.4138
2026-09-24 06:32:49,008 INFO train epoch 153/200 batch 52/66 (79%) running_loss=0.4138
2026-09-24 06:32:52,767 INFO train epoch 153/200 batch 65/66 (98%) running_loss=0.4168
2026-09-24 06:32:52,995 INFO train epoch 153/200 batch 66/66 (100%) running_loss=0.4162
2026-09-24 06:32:55,503 INFO epoch 153/200 done: train_loss=0.4162 val_loss=0.1865 val_accuracy=0.9549 val_macro_f1=0.9375 val_macro_auc=0.9961 (checkpoint_metric=macro_auc)
2026-09-24 06:32:59,616 INFO train epoch 154/200 batch 13/66 (20%) running_loss=0.4281
2026-09-24 06:33:03,205 INFO train epoch 154/200 batch 26/66 (39%) running_loss=0.4207
2026-09-24 06:33:06,788 INFO train epoch 154/200 batch 39/66 (59%) running_loss=0.4145
2026-09-24 06:33:10,374 INFO train epoch 154/200 batch 52/66 (79%) running_loss=0.4175
2026-09-24 06:33:13,954 INFO train epoch 154/200 batch 65/66 (98%) running_loss=0.4158
2026-09-24 06:33:14,180 INFO train epoch 154/200 batch 66/66 (100%) running_loss=0.4154
2026-09-24 06:33:16,680 INFO epoch 154/200 done: train_loss=0.4154 val_loss=0.1856 val_accuracy=0.9529 val_macro_f1=0.9366 val_macro_auc=0.9947 (checkpoint_metric=macro_auc)
2026-09-24 06:33:20,804 INFO train epoch 155/200 batch 13/66 (20%) running_loss=0.3849
2026-09-24 06:33:24,395 INFO train epoch 155/200 batch 26/66 (39%) running_loss=0.4008
2026-09-24 06:33:27,984 INFO train epoch 155/200 batch 39/66 (59%) running_loss=0.4110
2026-09-24 06:33:31,568 INFO train epoch 155/200 batch 52/66 (79%) running_loss=0.4165
2026-09-24 06:33:35,144 INFO train epoch 155/200 batch 65/66 (98%) running_loss=0.4163
2026-09-24 06:33:35,370 INFO train epoch 155/200 batch 66/66 (100%) running_loss=0.4162
2026-09-24 06:33:37,868 INFO epoch 155/200 done: train_loss=0.4162 val_loss=0.1705 val_accuracy=0.9693 val_macro_f1=0.9588 val_macro_auc=0.9961 (checkpoint_metric=macro_auc)
2026-09-24 06:33:41,901 INFO train epoch 156/200 batch 13/66 (20%) running_loss=0.3923
2026-09-24 06:33:45,484 INFO train epoch 156/200 batch 26/66 (39%) running_loss=0.3912
2026-09-24 06:33:49,198 INFO train epoch 156/200 batch 39/66 (59%) running_loss=0.3904
2026-09-24 06:33:52,781 INFO train epoch 156/200 batch 52/66 (79%) running_loss=0.3951
2026-09-24 06:33:56,361 INFO train epoch 156/200 batch 65/66 (98%) running_loss=0.4035
2026-09-24 06:33:56,587 INFO train epoch 156/200 batch 66/66 (100%) running_loss=0.4036
2026-09-24 06:33:59,091 INFO epoch 156/200 done: train_loss=0.4036 val_loss=0.1679 val_accuracy=0.9713 val_macro_f1=0.9562 val_macro_auc=0.9967 (checkpoint_metric=macro_auc)
2026-09-24 06:34:03,217 INFO train epoch 157/200 batch 13/66 (20%) running_loss=0.3970
2026-09-24 06:34:06,815 INFO train epoch 157/200 batch 26/66 (39%) running_loss=0.4067
2026-09-24 06:34:10,413 INFO train epoch 157/200 batch 39/66 (59%) running_loss=0.3994
2026-09-24 06:34:14,006 INFO train epoch 157/200 batch 52/66 (79%) running_loss=0.3998
2026-09-24 06:34:17,600 INFO train epoch 157/200 batch 65/66 (98%) running_loss=0.3997
2026-09-24 06:34:17,826 INFO train epoch 157/200 batch 66/66 (100%) running_loss=0.4018
2026-09-24 06:34:20,331 INFO epoch 157/200 done: train_loss=0.4018 val_loss=0.1812 val_accuracy=0.9652 val_macro_f1=0.9522 val_macro_auc=0.9965 (checkpoint_metric=macro_auc)
2026-09-24 06:34:24,426 INFO train epoch 158/200 batch 13/66 (20%) running_loss=0.4113
2026-09-24 06:34:28,012 INFO train epoch 158/200 batch 26/66 (39%) running_loss=0.4026
2026-09-24 06:34:31,606 INFO train epoch 158/200 batch 39/66 (59%) running_loss=0.4069
2026-09-24 06:34:35,211 INFO train epoch 158/200 batch 52/66 (79%) running_loss=0.4077
2026-09-24 06:34:38,788 INFO train epoch 158/200 batch 65/66 (98%) running_loss=0.4059
2026-09-24 06:34:39,017 INFO train epoch 158/200 batch 66/66 (100%) running_loss=0.4053
2026-09-24 06:34:41,520 INFO epoch 158/200 done: train_loss=0.4053 val_loss=0.1759 val_accuracy=0.9549 val_macro_f1=0.9362 val_macro_auc=0.9963 (checkpoint_metric=macro_auc)
2026-09-24 06:34:45,629 INFO train epoch 159/200 batch 13/66 (20%) running_loss=0.4002
2026-09-24 06:34:49,227 INFO train epoch 159/200 batch 26/66 (39%) running_loss=0.3981
2026-09-24 06:34:52,807 INFO train epoch 159/200 batch 39/66 (59%) running_loss=0.3926
2026-09-24 06:34:56,404 INFO train epoch 159/200 batch 52/66 (79%) running_loss=0.3974
2026-09-24 06:35:00,165 INFO train epoch 159/200 batch 65/66 (98%) running_loss=0.3996
2026-09-24 06:35:00,389 INFO train epoch 159/200 batch 66/66 (100%) running_loss=0.3994
2026-09-24 06:35:02,908 INFO epoch 159/200 done: train_loss=0.3994 val_loss=0.1882 val_accuracy=0.9570 val_macro_f1=0.9407 val_macro_auc=0.9957 (checkpoint_metric=macro_auc)
2026-09-24 06:35:06,990 INFO train epoch 160/200 batch 13/66 (20%) running_loss=0.3852
2026-09-24 06:35:10,570 INFO train epoch 160/200 batch 26/66 (39%) running_loss=0.3916
2026-09-24 06:35:14,184 INFO train epoch 160/200 batch 39/66 (59%) running_loss=0.3996
2026-09-24 06:35:17,783 INFO train epoch 160/200 batch 52/66 (79%) running_loss=0.4016
2026-09-24 06:35:21,373 INFO train epoch 160/200 batch 65/66 (98%) running_loss=0.4013
2026-09-24 06:35:21,600 INFO train epoch 160/200 batch 66/66 (100%) running_loss=0.4023
2026-09-24 06:35:24,097 INFO epoch 160/200 done: train_loss=0.4023 val_loss=0.1639 val_accuracy=0.9713 val_macro_f1=0.9585 val_macro_auc=0.9964 (checkpoint_metric=macro_auc)
2026-09-24 06:35:28,218 INFO train epoch 161/200 batch 13/66 (20%) running_loss=0.4102
2026-09-24 06:35:31,816 INFO train epoch 161/200 batch 26/66 (39%) running_loss=0.4040
2026-09-24 06:35:35,415 INFO train epoch 161/200 batch 39/66 (59%) running_loss=0.3960
2026-09-24 06:35:38,994 INFO train epoch 161/200 batch 52/66 (79%) running_loss=0.3979
2026-09-24 06:35:42,576 INFO train epoch 161/200 batch 65/66 (98%) running_loss=0.3968
2026-09-24 06:35:42,802 INFO train epoch 161/200 batch 66/66 (100%) running_loss=0.3972
2026-09-24 06:35:45,305 INFO epoch 161/200 done: train_loss=0.3972 val_loss=0.1787 val_accuracy=0.9570 val_macro_f1=0.9400 val_macro_auc=0.9967 (checkpoint_metric=macro_auc)
2026-09-24 06:35:49,369 INFO train epoch 162/200 batch 13/66 (20%) running_loss=0.4078
2026-09-24 06:35:53,054 INFO train epoch 162/200 batch 26/66 (39%) running_loss=0.4116
2026-09-24 06:35:56,629 INFO train epoch 162/200 batch 39/66 (59%) running_loss=0.4110
2026-09-24 06:36:00,227 INFO train epoch 162/200 batch 52/66 (79%) running_loss=0.4080
2026-09-24 06:36:03,805 INFO train epoch 162/200 batch 65/66 (98%) running_loss=0.4036
2026-09-24 06:36:04,035 INFO train epoch 162/200 batch 66/66 (100%) running_loss=0.4040
2026-09-24 06:36:06,540 INFO epoch 162/200 done: train_loss=0.4040 val_loss=0.1658 val_accuracy=0.9672 val_macro_f1=0.9530 val_macro_auc=0.9967 (checkpoint_metric=macro_auc)
2026-09-24 06:36:10,658 INFO train epoch 163/200 batch 13/66 (20%) running_loss=0.3985
2026-09-24 06:36:14,262 INFO train epoch 163/200 batch 26/66 (39%) running_loss=0.4021
2026-09-24 06:36:17,869 INFO train epoch 163/200 batch 39/66 (59%) running_loss=0.3995
2026-09-24 06:36:21,472 INFO train epoch 163/200 batch 52/66 (79%) running_loss=0.3968
2026-09-24 06:36:25,057 INFO train epoch 163/200 batch 65/66 (98%) running_loss=0.3945
2026-09-24 06:36:25,281 INFO train epoch 163/200 batch 66/66 (100%) running_loss=0.3951
2026-09-24 06:36:27,792 INFO epoch 163/200 done: train_loss=0.3951 val_loss=0.1580 val_accuracy=0.9754 val_macro_f1=0.9662 val_macro_auc=0.9972 (checkpoint_metric=macro_auc)
2026-09-24 06:36:31,910 INFO train epoch 164/200 batch 13/66 (20%) running_loss=0.3948
2026-09-24 06:36:35,490 INFO train epoch 164/200 batch 26/66 (39%) running_loss=0.3939
2026-09-24 06:36:39,077 INFO train epoch 164/200 batch 39/66 (59%) running_loss=0.3990
2026-09-24 06:36:42,671 INFO train epoch 164/200 batch 52/66 (79%) running_loss=0.4006
2026-09-24 06:36:46,268 INFO train epoch 164/200 batch 65/66 (98%) running_loss=0.3982
2026-09-24 06:36:46,495 INFO train epoch 164/200 batch 66/66 (100%) running_loss=0.3987
2026-09-24 06:36:48,985 INFO epoch 164/200 done: train_loss=0.3987 val_loss=0.2019 val_accuracy=0.9549 val_macro_f1=0.9385 val_macro_auc=0.9948 (checkpoint_metric=macro_auc)
2026-09-24 06:36:53,095 INFO train epoch 165/200 batch 13/66 (20%) running_loss=0.3940
2026-09-24 06:36:56,687 INFO train epoch 165/200 batch 26/66 (39%) running_loss=0.3882
2026-09-24 06:37:00,308 INFO train epoch 165/200 batch 39/66 (59%) running_loss=0.3865
2026-09-24 06:37:04,087 INFO train epoch 165/200 batch 52/66 (79%) running_loss=0.3850
2026-09-24 06:37:07,692 INFO train epoch 165/200 batch 65/66 (98%) running_loss=0.3847
2026-09-24 06:37:07,922 INFO train epoch 165/200 batch 66/66 (100%) running_loss=0.3853
2026-09-24 06:37:10,446 INFO epoch 165/200 done: train_loss=0.3853 val_loss=0.1548 val_accuracy=0.9652 val_macro_f1=0.9502 val_macro_auc=0.9969 (checkpoint_metric=macro_auc)
2026-09-24 06:37:14,575 INFO train epoch 166/200 batch 13/66 (20%) running_loss=0.4023
2026-09-24 06:37:18,165 INFO train epoch 166/200 batch 26/66 (39%) running_loss=0.3967
2026-09-24 06:37:21,748 INFO train epoch 166/200 batch 39/66 (59%) running_loss=0.3976
2026-09-24 06:37:25,349 INFO train epoch 166/200 batch 52/66 (79%) running_loss=0.3997
2026-09-24 06:37:28,937 INFO train epoch 166/200 batch 65/66 (98%) running_loss=0.4013
2026-09-24 06:37:29,164 INFO train epoch 166/200 batch 66/66 (100%) running_loss=0.4007
2026-09-24 06:37:31,665 INFO epoch 166/200 done: train_loss=0.4007 val_loss=0.1793 val_accuracy=0.9611 val_macro_f1=0.9458 val_macro_auc=0.9966 (checkpoint_metric=macro_auc)
2026-09-24 06:37:35,792 INFO train epoch 167/200 batch 13/66 (20%) running_loss=0.3856
2026-09-24 06:37:39,382 INFO train epoch 167/200 batch 26/66 (39%) running_loss=0.3853
2026-09-24 06:37:42,958 INFO train epoch 167/200 batch 39/66 (59%) running_loss=0.3869
2026-09-24 06:37:46,541 INFO train epoch 167/200 batch 52/66 (79%) running_loss=0.3830
2026-09-24 06:37:50,134 INFO train epoch 167/200 batch 65/66 (98%) running_loss=0.3850
2026-09-24 06:37:50,360 INFO train epoch 167/200 batch 66/66 (100%) running_loss=0.3862
2026-09-24 06:37:52,850 INFO epoch 167/200 done: train_loss=0.3862 val_loss=0.1574 val_accuracy=0.9734 val_macro_f1=0.9615 val_macro_auc=0.9968 (checkpoint_metric=macro_auc)
2026-09-24 06:37:56,965 INFO train epoch 168/200 batch 13/66 (20%) running_loss=0.4108
2026-09-24 06:38:00,657 INFO train epoch 168/200 batch 26/66 (39%) running_loss=0.4032
2026-09-24 06:38:04,246 INFO train epoch 168/200 batch 39/66 (59%) running_loss=0.3986
2026-09-24 06:38:07,836 INFO train epoch 168/200 batch 52/66 (79%) running_loss=0.3959
2026-09-24 06:38:11,411 INFO train epoch 168/200 batch 65/66 (98%) running_loss=0.3975
2026-09-24 06:38:11,636 INFO train epoch 168/200 batch 66/66 (100%) running_loss=0.3973
2026-09-24 06:38:14,136 INFO epoch 168/200 done: train_loss=0.3973 val_loss=0.1785 val_accuracy=0.9652 val_macro_f1=0.9511 val_macro_auc=0.9965 (checkpoint_metric=macro_auc)
2026-09-24 06:38:18,185 INFO train epoch 169/200 batch 13/66 (20%) running_loss=0.3904
2026-09-24 06:38:21,798 INFO train epoch 169/200 batch 26/66 (39%) running_loss=0.4038
2026-09-24 06:38:25,384 INFO train epoch 169/200 batch 39/66 (59%) running_loss=0.3997
2026-09-24 06:38:28,986 INFO train epoch 169/200 batch 52/66 (79%) running_loss=0.4012
2026-09-24 06:38:32,586 INFO train epoch 169/200 batch 65/66 (98%) running_loss=0.4012
2026-09-24 06:38:32,814 INFO train epoch 169/200 batch 66/66 (100%) running_loss=0.4020
2026-09-24 06:38:35,326 INFO epoch 169/200 done: train_loss=0.4020 val_loss=0.1985 val_accuracy=0.9549 val_macro_f1=0.9387 val_macro_auc=0.9959 (checkpoint_metric=macro_auc)
2026-09-24 06:38:39,463 INFO train epoch 170/200 batch 13/66 (20%) running_loss=0.4172
2026-09-24 06:38:43,067 INFO train epoch 170/200 batch 26/66 (39%) running_loss=0.4010
2026-09-24 06:38:46,662 INFO train epoch 170/200 batch 39/66 (59%) running_loss=0.4015
2026-09-24 06:38:50,267 INFO train epoch 170/200 batch 52/66 (79%) running_loss=0.3951
2026-09-24 06:38:53,855 INFO train epoch 170/200 batch 65/66 (98%) running_loss=0.3989
2026-09-24 06:38:54,083 INFO train epoch 170/200 batch 66/66 (100%) running_loss=0.3996
2026-09-24 06:38:56,596 INFO epoch 170/200 done: train_loss=0.3996 val_loss=0.1644 val_accuracy=0.9672 val_macro_f1=0.9542 val_macro_auc=0.9967 (checkpoint_metric=macro_auc)
2026-09-24 06:39:00,728 INFO train epoch 171/200 batch 13/66 (20%) running_loss=0.3963
2026-09-24 06:39:04,332 INFO train epoch 171/200 batch 26/66 (39%) running_loss=0.3894
2026-09-24 06:39:07,924 INFO train epoch 171/200 batch 39/66 (59%) running_loss=0.3899
2026-09-24 06:39:11,685 INFO train epoch 171/200 batch 52/66 (79%) running_loss=0.3941
2026-09-24 06:39:15,265 INFO train epoch 171/200 batch 65/66 (98%) running_loss=0.3925
2026-09-24 06:39:15,494 INFO train epoch 171/200 batch 66/66 (100%) running_loss=0.3928
2026-09-24 06:39:18,000 INFO epoch 171/200 done: train_loss=0.3928 val_loss=0.1917 val_accuracy=0.9611 val_macro_f1=0.9477 val_macro_auc=0.9952 (checkpoint_metric=macro_auc)
2026-09-24 06:39:22,121 INFO train epoch 172/200 batch 13/66 (20%) running_loss=0.3737
2026-09-24 06:39:25,703 INFO train epoch 172/200 batch 26/66 (39%) running_loss=0.3702
2026-09-24 06:39:29,305 INFO train epoch 172/200 batch 39/66 (59%) running_loss=0.3817
2026-09-24 06:39:32,906 INFO train epoch 172/200 batch 52/66 (79%) running_loss=0.3881
2026-09-24 06:39:36,519 INFO train epoch 172/200 batch 65/66 (98%) running_loss=0.3871
2026-09-24 06:39:36,744 INFO train epoch 172/200 batch 66/66 (100%) running_loss=0.3881
2026-09-24 06:39:39,243 INFO epoch 172/200 done: train_loss=0.3881 val_loss=0.1740 val_accuracy=0.9652 val_macro_f1=0.9523 val_macro_auc=0.9963 (checkpoint_metric=macro_auc)
2026-09-24 06:39:43,376 INFO train epoch 173/200 batch 13/66 (20%) running_loss=0.3867
2026-09-24 06:39:47,013 INFO train epoch 173/200 batch 26/66 (39%) running_loss=0.3937
2026-09-24 06:39:50,611 INFO train epoch 173/200 batch 39/66 (59%) running_loss=0.3895
2026-09-24 06:39:54,207 INFO train epoch 173/200 batch 52/66 (79%) running_loss=0.3945
2026-09-24 06:39:57,789 INFO train epoch 173/200 batch 65/66 (98%) running_loss=0.3915
2026-09-24 06:39:58,014 INFO train epoch 173/200 batch 66/66 (100%) running_loss=0.3922
2026-09-24 06:40:00,533 INFO epoch 173/200 done: train_loss=0.3922 val_loss=0.1729 val_accuracy=0.9672 val_macro_f1=0.9538 val_macro_auc=0.9960 (checkpoint_metric=macro_auc)
2026-09-24 06:40:04,646 INFO train epoch 174/200 batch 13/66 (20%) running_loss=0.3918
2026-09-24 06:40:08,327 INFO train epoch 174/200 batch 26/66 (39%) running_loss=0.3867
2026-09-24 06:40:11,904 INFO train epoch 174/200 batch 39/66 (59%) running_loss=0.3918
2026-09-24 06:40:15,485 INFO train epoch 174/200 batch 52/66 (79%) running_loss=0.3964
2026-09-24 06:40:19,079 INFO train epoch 174/200 batch 65/66 (98%) running_loss=0.3971
2026-09-24 06:40:19,304 INFO train epoch 174/200 batch 66/66 (100%) running_loss=0.3968
2026-09-24 06:40:21,810 INFO epoch 174/200 done: train_loss=0.3968 val_loss=0.1747 val_accuracy=0.9611 val_macro_f1=0.9459 val_macro_auc=0.9967 (checkpoint_metric=macro_auc)
2026-09-24 06:40:25,898 INFO train epoch 175/200 batch 13/66 (20%) running_loss=0.4091
2026-09-24 06:40:29,490 INFO train epoch 175/200 batch 26/66 (39%) running_loss=0.3965
2026-09-24 06:40:33,083 INFO train epoch 175/200 batch 39/66 (59%) running_loss=0.3822
2026-09-24 06:40:36,674 INFO train epoch 175/200 batch 52/66 (79%) running_loss=0.3826
2026-09-24 06:40:40,259 INFO train epoch 175/200 batch 65/66 (98%) running_loss=0.3829
2026-09-24 06:40:40,485 INFO train epoch 175/200 batch 66/66 (100%) running_loss=0.3838
2026-09-24 06:40:43,007 INFO epoch 175/200 done: train_loss=0.3838 val_loss=0.1679 val_accuracy=0.9611 val_macro_f1=0.9459 val_macro_auc=0.9962 (checkpoint_metric=macro_auc)
2026-09-24 06:40:47,113 INFO train epoch 176/200 batch 13/66 (20%) running_loss=0.3802
2026-09-24 06:40:50,706 INFO train epoch 176/200 batch 26/66 (39%) running_loss=0.3959
2026-09-24 06:40:54,311 INFO train epoch 176/200 batch 39/66 (59%) running_loss=0.3931
2026-09-24 06:40:57,905 INFO train epoch 176/200 batch 52/66 (79%) running_loss=0.3919
2026-09-24 06:41:01,501 INFO train epoch 176/200 batch 65/66 (98%) running_loss=0.3907
2026-09-24 06:41:01,729 INFO train epoch 176/200 batch 66/66 (100%) running_loss=0.3902
2026-09-24 06:41:04,234 INFO epoch 176/200 done: train_loss=0.3902 val_loss=0.1774 val_accuracy=0.9590 val_macro_f1=0.9438 val_macro_auc=0.9956 (checkpoint_metric=macro_auc)
2026-09-24 06:41:08,328 INFO train epoch 177/200 batch 13/66 (20%) running_loss=0.3635
2026-09-24 06:41:11,915 INFO train epoch 177/200 batch 26/66 (39%) running_loss=0.3754
2026-09-24 06:41:15,684 INFO train epoch 177/200 batch 39/66 (59%) running_loss=0.3782
2026-09-24 06:41:19,275 INFO train epoch 177/200 batch 52/66 (79%) running_loss=0.3814
2026-09-24 06:41:22,867 INFO train epoch 177/200 batch 65/66 (98%) running_loss=0.3778
2026-09-24 06:41:23,096 INFO train epoch 177/200 batch 66/66 (100%) running_loss=0.3777
2026-09-24 06:41:25,609 INFO epoch 177/200 done: train_loss=0.3777 val_loss=0.1759 val_accuracy=0.9570 val_macro_f1=0.9408 val_macro_auc=0.9955 (checkpoint_metric=macro_auc)
2026-09-24 06:41:29,716 INFO train epoch 178/200 batch 13/66 (20%) running_loss=0.3912
2026-09-24 06:41:33,319 INFO train epoch 178/200 batch 26/66 (39%) running_loss=0.3839
2026-09-24 06:41:36,914 INFO train epoch 178/200 batch 39/66 (59%) running_loss=0.3798
2026-09-24 06:41:40,515 INFO train epoch 178/200 batch 52/66 (79%) running_loss=0.3776
2026-09-24 06:41:44,113 INFO train epoch 178/200 batch 65/66 (98%) running_loss=0.3794
2026-09-24 06:41:44,341 INFO train epoch 178/200 batch 66/66 (100%) running_loss=0.3789
2026-09-24 06:41:46,854 INFO epoch 178/200 done: train_loss=0.3789 val_loss=0.1679 val_accuracy=0.9611 val_macro_f1=0.9451 val_macro_auc=0.9967 (checkpoint_metric=macro_auc)
2026-09-24 06:41:51,012 INFO train epoch 179/200 batch 13/66 (20%) running_loss=0.3827
2026-09-24 06:41:54,618 INFO train epoch 179/200 batch 26/66 (39%) running_loss=0.3722
2026-09-24 06:41:58,214 INFO train epoch 179/200 batch 39/66 (59%) running_loss=0.3812
2026-09-24 06:42:01,835 INFO train epoch 179/200 batch 52/66 (79%) running_loss=0.3787
2026-09-24 06:42:05,428 INFO train epoch 179/200 batch 65/66 (98%) running_loss=0.3749
2026-09-24 06:42:05,656 INFO train epoch 179/200 batch 66/66 (100%) running_loss=0.3755
2026-09-24 06:42:08,160 INFO epoch 179/200 done: train_loss=0.3755 val_loss=0.1680 val_accuracy=0.9652 val_macro_f1=0.9508 val_macro_auc=0.9961 (checkpoint_metric=macro_auc)
2026-09-24 06:42:12,390 INFO train epoch 180/200 batch 13/66 (20%) running_loss=0.4274
2026-09-24 06:42:15,990 INFO train epoch 180/200 batch 26/66 (39%) running_loss=0.4035
2026-09-24 06:42:19,622 INFO train epoch 180/200 batch 39/66 (59%) running_loss=0.3955
2026-09-24 06:42:23,224 INFO train epoch 180/200 batch 52/66 (79%) running_loss=0.3962
2026-09-24 06:42:26,806 INFO train epoch 180/200 batch 65/66 (98%) running_loss=0.3978
2026-09-24 06:42:27,035 INFO train epoch 180/200 batch 66/66 (100%) running_loss=0.3969
2026-09-24 06:42:29,547 INFO epoch 180/200 done: train_loss=0.3969 val_loss=0.1749 val_accuracy=0.9590 val_macro_f1=0.9425 val_macro_auc=0.9959 (checkpoint_metric=macro_auc)
2026-09-24 06:42:33,641 INFO train epoch 181/200 batch 13/66 (20%) running_loss=0.3738
2026-09-24 06:42:37,218 INFO train epoch 181/200 batch 26/66 (39%) running_loss=0.3728
2026-09-24 06:42:40,809 INFO train epoch 181/200 batch 39/66 (59%) running_loss=0.3697
2026-09-24 06:42:44,394 INFO train epoch 181/200 batch 52/66 (79%) running_loss=0.3734
2026-09-24 06:42:47,985 INFO train epoch 181/200 batch 65/66 (98%) running_loss=0.3729
2026-09-24 06:42:48,213 INFO train epoch 181/200 batch 66/66 (100%) running_loss=0.3739
2026-09-24 06:42:50,725 INFO epoch 181/200 done: train_loss=0.3739 val_loss=0.1886 val_accuracy=0.9570 val_macro_f1=0.9410 val_macro_auc=0.9945 (checkpoint_metric=macro_auc)
2026-09-24 06:42:54,813 INFO train epoch 182/200 batch 13/66 (20%) running_loss=0.3895
2026-09-24 06:42:58,399 INFO train epoch 182/200 batch 26/66 (39%) running_loss=0.3797
2026-09-24 06:43:02,003 INFO train epoch 182/200 batch 39/66 (59%) running_loss=0.3747
2026-09-24 06:43:05,591 INFO train epoch 182/200 batch 52/66 (79%) running_loss=0.3737
2026-09-24 06:43:09,191 INFO train epoch 182/200 batch 65/66 (98%) running_loss=0.3741
2026-09-24 06:43:09,418 INFO train epoch 182/200 batch 66/66 (100%) running_loss=0.3736
2026-09-24 06:43:11,928 INFO epoch 182/200 done: train_loss=0.3736 val_loss=0.1750 val_accuracy=0.9549 val_macro_f1=0.9374 val_macro_auc=0.9952 (checkpoint_metric=macro_auc)
2026-09-24 06:43:16,042 INFO train epoch 183/200 batch 13/66 (20%) running_loss=0.3773
2026-09-24 06:43:19,638 INFO train epoch 183/200 batch 26/66 (39%) running_loss=0.3766
2026-09-24 06:43:23,422 INFO train epoch 183/200 batch 39/66 (59%) running_loss=0.3862
2026-09-24 06:43:27,026 INFO train epoch 183/200 batch 52/66 (79%) running_loss=0.3841
2026-09-24 06:43:30,609 INFO train epoch 183/200 batch 65/66 (98%) running_loss=0.3800
2026-09-24 06:43:30,838 INFO train epoch 183/200 batch 66/66 (100%) running_loss=0.3804
2026-09-24 06:43:33,342 INFO epoch 183/200 done: train_loss=0.3804 val_loss=0.1839 val_accuracy=0.9570 val_macro_f1=0.9405 val_macro_auc=0.9947 (checkpoint_metric=macro_auc)
2026-09-24 06:43:37,440 INFO train epoch 184/200 batch 13/66 (20%) running_loss=0.3651
2026-09-24 06:43:41,040 INFO train epoch 184/200 batch 26/66 (39%) running_loss=0.3649
2026-09-24 06:43:44,643 INFO train epoch 184/200 batch 39/66 (59%) running_loss=0.3668
2026-09-24 06:43:48,258 INFO train epoch 184/200 batch 52/66 (79%) running_loss=0.3725
2026-09-24 06:43:51,850 INFO train epoch 184/200 batch 65/66 (98%) running_loss=0.3733
2026-09-24 06:43:52,079 INFO train epoch 184/200 batch 66/66 (100%) running_loss=0.3730
2026-09-24 06:43:54,581 INFO epoch 184/200 done: train_loss=0.3730 val_loss=0.1786 val_accuracy=0.9590 val_macro_f1=0.9425 val_macro_auc=0.9950 (checkpoint_metric=macro_auc)
2026-09-24 06:43:58,644 INFO train epoch 185/200 batch 13/66 (20%) running_loss=0.3687
2026-09-24 06:44:02,229 INFO train epoch 185/200 batch 26/66 (39%) running_loss=0.3796
2026-09-24 06:44:05,800 INFO train epoch 185/200 batch 39/66 (59%) running_loss=0.3883
2026-09-24 06:44:09,407 INFO train epoch 185/200 batch 52/66 (79%) running_loss=0.3890
2026-09-24 06:44:12,998 INFO train epoch 185/200 batch 65/66 (98%) running_loss=0.3836
2026-09-24 06:44:13,224 INFO train epoch 185/200 batch 66/66 (100%) running_loss=0.3846
2026-09-24 06:44:15,733 INFO epoch 185/200 done: train_loss=0.3846 val_loss=0.1875 val_accuracy=0.9590 val_macro_f1=0.9439 val_macro_auc=0.9950 (checkpoint_metric=macro_auc)
2026-09-24 06:44:19,924 INFO train epoch 186/200 batch 13/66 (20%) running_loss=0.3444
2026-09-24 06:44:23,515 INFO train epoch 186/200 batch 26/66 (39%) running_loss=0.3547
2026-09-24 06:44:27,101 INFO train epoch 186/200 batch 39/66 (59%) running_loss=0.3654
2026-09-24 06:44:30,705 INFO train epoch 186/200 batch 52/66 (79%) running_loss=0.3703
2026-09-24 06:44:34,302 INFO train epoch 186/200 batch 65/66 (98%) running_loss=0.3730
2026-09-24 06:44:34,530 INFO train epoch 186/200 batch 66/66 (100%) running_loss=0.3728
2026-09-24 06:44:37,046 INFO epoch 186/200 done: train_loss=0.3728 val_loss=0.1646 val_accuracy=0.9713 val_macro_f1=0.9591 val_macro_auc=0.9956 (checkpoint_metric=macro_auc)
2026-09-24 06:44:41,147 INFO train epoch 187/200 batch 13/66 (20%) running_loss=0.3663
2026-09-24 06:44:44,763 INFO train epoch 187/200 batch 26/66 (39%) running_loss=0.3664
2026-09-24 06:44:48,390 INFO train epoch 187/200 batch 39/66 (59%) running_loss=0.3669
2026-09-24 06:44:51,987 INFO train epoch 187/200 batch 52/66 (79%) running_loss=0.3726
2026-09-24 06:44:55,575 INFO train epoch 187/200 batch 65/66 (98%) running_loss=0.3711
2026-09-24 06:44:55,803 INFO train epoch 187/200 batch 66/66 (100%) running_loss=0.3706
2026-09-24 06:44:58,312 INFO epoch 187/200 done: train_loss=0.3706 val_loss=0.1842 val_accuracy=0.9590 val_macro_f1=0.9433 val_macro_auc=0.9947 (checkpoint_metric=macro_auc)
2026-09-24 06:45:02,345 INFO train epoch 188/200 batch 13/66 (20%) running_loss=0.3809
2026-09-24 06:45:05,918 INFO train epoch 188/200 batch 26/66 (39%) running_loss=0.3720
2026-09-24 06:45:09,489 INFO train epoch 188/200 batch 39/66 (59%) running_loss=0.3823
2026-09-24 06:45:13,174 INFO train epoch 188/200 batch 52/66 (79%) running_loss=0.3750
2026-09-24 06:45:16,761 INFO train epoch 188/200 batch 65/66 (98%) running_loss=0.3734
2026-09-24 06:45:16,987 INFO train epoch 188/200 batch 66/66 (100%) running_loss=0.3728
2026-09-24 06:45:19,507 INFO epoch 188/200 done: train_loss=0.3728 val_loss=0.1750 val_accuracy=0.9570 val_macro_f1=0.9400 val_macro_auc=0.9953 (checkpoint_metric=macro_auc)
2026-09-24 06:45:23,647 INFO train epoch 189/200 batch 13/66 (20%) running_loss=0.3757
2026-09-24 06:45:27,222 INFO train epoch 189/200 batch 26/66 (39%) running_loss=0.3764
2026-09-24 06:45:30,818 INFO train epoch 189/200 batch 39/66 (59%) running_loss=0.3847
2026-09-24 06:45:34,405 INFO train epoch 189/200 batch 52/66 (79%) running_loss=0.3809
2026-09-24 06:45:37,993 INFO train epoch 189/200 batch 65/66 (98%) running_loss=0.3811
2026-09-24 06:45:38,223 INFO train epoch 189/200 batch 66/66 (100%) running_loss=0.3809
2026-09-24 06:45:40,718 INFO epoch 189/200 done: train_loss=0.3809 val_loss=0.1805 val_accuracy=0.9590 val_macro_f1=0.9430 val_macro_auc=0.9953 (checkpoint_metric=macro_auc)
2026-09-24 06:45:44,878 INFO train epoch 190/200 batch 13/66 (20%) running_loss=0.3796
2026-09-24 06:45:48,486 INFO train epoch 190/200 batch 26/66 (39%) running_loss=0.3788
2026-09-24 06:45:52,083 INFO train epoch 190/200 batch 39/66 (59%) running_loss=0.3796
2026-09-24 06:45:55,665 INFO train epoch 190/200 batch 52/66 (79%) running_loss=0.3731
2026-09-24 06:45:59,245 INFO train epoch 190/200 batch 65/66 (98%) running_loss=0.3758
2026-09-24 06:45:59,469 INFO train epoch 190/200 batch 66/66 (100%) running_loss=0.3756
2026-09-24 06:46:01,978 INFO epoch 190/200 done: train_loss=0.3756 val_loss=0.1868 val_accuracy=0.9611 val_macro_f1=0.9464 val_macro_auc=0.9946 (checkpoint_metric=macro_auc)
2026-09-24 06:46:06,043 INFO train epoch 191/200 batch 13/66 (20%) running_loss=0.3800
2026-09-24 06:46:09,628 INFO train epoch 191/200 batch 26/66 (39%) running_loss=0.3814
2026-09-24 06:46:13,217 INFO train epoch 191/200 batch 39/66 (59%) running_loss=0.3786
2026-09-24 06:46:16,807 INFO train epoch 191/200 batch 52/66 (79%) running_loss=0.3807
2026-09-24 06:46:20,395 INFO train epoch 191/200 batch 65/66 (98%) running_loss=0.3764
2026-09-24 06:46:20,622 INFO train epoch 191/200 batch 66/66 (100%) running_loss=0.3775
2026-09-24 06:46:23,120 INFO epoch 191/200 done: train_loss=0.3775 val_loss=0.1814 val_accuracy=0.9590 val_macro_f1=0.9433 val_macro_auc=0.9952 (checkpoint_metric=macro_auc)
2026-09-24 06:46:27,242 INFO train epoch 192/200 batch 13/66 (20%) running_loss=0.3679
2026-09-24 06:46:31,019 INFO train epoch 192/200 batch 26/66 (39%) running_loss=0.3683
2026-09-24 06:46:34,621 INFO train epoch 192/200 batch 39/66 (59%) running_loss=0.3708
2026-09-24 06:46:38,208 INFO train epoch 192/200 batch 52/66 (79%) running_loss=0.3705
2026-09-24 06:46:41,797 INFO train epoch 192/200 batch 65/66 (98%) running_loss=0.3686
2026-09-24 06:46:42,025 INFO train epoch 192/200 batch 66/66 (100%) running_loss=0.3684
2026-09-24 06:46:44,545 INFO epoch 192/200 done: train_loss=0.3684 val_loss=0.1764 val_accuracy=0.9590 val_macro_f1=0.9433 val_macro_auc=0.9955 (checkpoint_metric=macro_auc)
2026-09-24 06:46:48,669 INFO train epoch 193/200 batch 13/66 (20%) running_loss=0.3606
2026-09-24 06:46:52,269 INFO train epoch 193/200 batch 26/66 (39%) running_loss=0.3630
2026-09-24 06:46:55,874 INFO train epoch 193/200 batch 39/66 (59%) running_loss=0.3691
2026-09-24 06:46:59,460 INFO train epoch 193/200 batch 52/66 (79%) running_loss=0.3751
2026-09-24 06:47:03,037 INFO train epoch 193/200 batch 65/66 (98%) running_loss=0.3748
2026-09-24 06:47:03,261 INFO train epoch 193/200 batch 66/66 (100%) running_loss=0.3757
2026-09-24 06:47:05,764 INFO epoch 193/200 done: train_loss=0.3757 val_loss=0.1864 val_accuracy=0.9570 val_macro_f1=0.9405 val_macro_auc=0.9946 (checkpoint_metric=macro_auc)
2026-09-24 06:47:09,868 INFO train epoch 194/200 batch 13/66 (20%) running_loss=0.3660
2026-09-24 06:47:13,455 INFO train epoch 194/200 batch 26/66 (39%) running_loss=0.3684
2026-09-24 06:47:17,043 INFO train epoch 194/200 batch 39/66 (59%) running_loss=0.3699
2026-09-24 06:47:20,624 INFO train epoch 194/200 batch 52/66 (79%) running_loss=0.3665
2026-09-24 06:47:24,382 INFO train epoch 194/200 batch 65/66 (98%) running_loss=0.3687
2026-09-24 06:47:24,609 INFO train epoch 194/200 batch 66/66 (100%) running_loss=0.3682
2026-09-24 06:47:27,106 INFO epoch 194/200 done: train_loss=0.3682 val_loss=0.1758 val_accuracy=0.9590 val_macro_f1=0.9433 val_macro_auc=0.9954 (checkpoint_metric=macro_auc)
2026-09-24 06:47:31,135 INFO train epoch 195/200 batch 13/66 (20%) running_loss=0.3937
2026-09-24 06:47:34,733 INFO train epoch 195/200 batch 26/66 (39%) running_loss=0.3829
2026-09-24 06:47:38,344 INFO train epoch 195/200 batch 39/66 (59%) running_loss=0.3804
2026-09-24 06:47:41,939 INFO train epoch 195/200 batch 52/66 (79%) running_loss=0.3805
2026-09-24 06:47:45,530 INFO train epoch 195/200 batch 65/66 (98%) running_loss=0.3822
2026-09-24 06:47:45,757 INFO train epoch 195/200 batch 66/66 (100%) running_loss=0.3818
2026-09-24 06:47:48,258 INFO epoch 195/200 done: train_loss=0.3818 val_loss=0.1781 val_accuracy=0.9590 val_macro_f1=0.9433 val_macro_auc=0.9951 (checkpoint_metric=macro_auc)
2026-09-24 06:47:52,322 INFO train epoch 196/200 batch 13/66 (20%) running_loss=0.3767
2026-09-24 06:47:55,906 INFO train epoch 196/200 batch 26/66 (39%) running_loss=0.3799
2026-09-24 06:47:59,506 INFO train epoch 196/200 batch 39/66 (59%) running_loss=0.3786
2026-09-24 06:48:03,110 INFO train epoch 196/200 batch 52/66 (79%) running_loss=0.3789
2026-09-24 06:48:06,700 INFO train epoch 196/200 batch 65/66 (98%) running_loss=0.3787
2026-09-24 06:48:06,930 INFO train epoch 196/200 batch 66/66 (100%) running_loss=0.3788
2026-09-24 06:48:09,429 INFO epoch 196/200 done: train_loss=0.3788 val_loss=0.1780 val_accuracy=0.9590 val_macro_f1=0.9433 val_macro_auc=0.9948 (checkpoint_metric=macro_auc)
2026-09-24 06:48:13,528 INFO train epoch 197/200 batch 13/66 (20%) running_loss=0.3756
2026-09-24 06:48:17,110 INFO train epoch 197/200 batch 26/66 (39%) running_loss=0.3738
2026-09-24 06:48:20,837 INFO train epoch 197/200 batch 39/66 (59%) running_loss=0.3783
2026-09-24 06:48:24,455 INFO train epoch 197/200 batch 52/66 (79%) running_loss=0.3771
2026-09-24 06:48:28,055 INFO train epoch 197/200 batch 65/66 (98%) running_loss=0.3748
2026-09-24 06:48:28,283 INFO train epoch 197/200 batch 66/66 (100%) running_loss=0.3759
2026-09-24 06:48:30,787 INFO epoch 197/200 done: train_loss=0.3759 val_loss=0.1849 val_accuracy=0.9611 val_macro_f1=0.9464 val_macro_auc=0.9949 (checkpoint_metric=macro_auc)
2026-09-24 06:48:34,929 INFO train epoch 198/200 batch 13/66 (20%) running_loss=0.3697
2026-09-24 06:48:38,529 INFO train epoch 198/200 batch 26/66 (39%) running_loss=0.3642
2026-09-24 06:48:42,118 INFO train epoch 198/200 batch 39/66 (59%) running_loss=0.3652
2026-09-24 06:48:45,702 INFO train epoch 198/200 batch 52/66 (79%) running_loss=0.3697
2026-09-24 06:48:49,286 INFO train epoch 198/200 batch 65/66 (98%) running_loss=0.3716
2026-09-24 06:48:49,513 INFO train epoch 198/200 batch 66/66 (100%) running_loss=0.3710
2026-09-24 06:48:52,021 INFO epoch 198/200 done: train_loss=0.3710 val_loss=0.1815 val_accuracy=0.9611 val_macro_f1=0.9464 val_macro_auc=0.9945 (checkpoint_metric=macro_auc)
2026-09-24 06:48:56,144 INFO train epoch 199/200 batch 13/66 (20%) running_loss=0.3812
2026-09-24 06:48:59,734 INFO train epoch 199/200 batch 26/66 (39%) running_loss=0.3745
2026-09-24 06:49:03,314 INFO train epoch 199/200 batch 39/66 (59%) running_loss=0.3745
2026-09-24 06:49:06,898 INFO train epoch 199/200 batch 52/66 (79%) running_loss=0.3731
2026-09-24 06:49:10,478 INFO train epoch 199/200 batch 65/66 (98%) running_loss=0.3722
2026-09-24 06:49:10,707 INFO train epoch 199/200 batch 66/66 (100%) running_loss=0.3721
2026-09-24 06:49:13,215 INFO epoch 199/200 done: train_loss=0.3721 val_loss=0.1773 val_accuracy=0.9590 val_macro_f1=0.9433 val_macro_auc=0.9952 (checkpoint_metric=macro_auc)
2026-09-24 06:49:17,317 INFO train epoch 200/200 batch 13/66 (20%) running_loss=0.3817
2026-09-24 06:49:20,892 INFO train epoch 200/200 batch 26/66 (39%) running_loss=0.3699
2026-09-24 06:49:24,477 INFO train epoch 200/200 batch 39/66 (59%) running_loss=0.3702
2026-09-24 06:49:28,061 INFO train epoch 200/200 batch 52/66 (79%) running_loss=0.3695
2026-09-24 06:49:31,838 INFO train epoch 200/200 batch 65/66 (98%) running_loss=0.3689
2026-09-24 06:49:32,068 INFO train epoch 200/200 batch 66/66 (100%) running_loss=0.3685
2026-09-24 06:49:34,571 INFO epoch 200/200 done: train_loss=0.3685 val_loss=0.1726 val_accuracy=0.9590 val_macro_f1=0.9433 val_macro_auc=0.9952 (checkpoint_metric=macro_auc)
2026-09-24 06:49:34,824 INFO Training finished. Best epoch=141, smoothed macro_auc=0.9973 (window=3)
2026-09-24 06:49:37,414 INFO Test set evaluated once: accuracy=0.8840 macro_f1=0.8743 macro_auc=0.9810
