2026-08-14 08:39:48,901 INFO Starting augmentation policy search on device=cuda
2026-08-14 08:39:49,154 INFO Reused split from outputs/main1/search_run/split_indices.json: 2102 train / 488 val samples
2026-08-14 08:39:49,358 INFO Captured shared initial weights for policy trials
2026-08-14 08:39:49,360 INFO Trial 1/25: starting (10 trial epochs)
2026-08-14 08:39:56,258 INFO trial epoch 1/10 batch 13/66 (20%) running_loss=1.1858
2026-08-14 08:40:02,463 INFO trial epoch 1/10 batch 26/66 (39%) running_loss=1.1891
2026-08-14 08:40:08,680 INFO trial epoch 1/10 batch 39/66 (59%) running_loss=1.1638
2026-08-14 08:40:14,906 INFO trial epoch 1/10 batch 52/66 (79%) running_loss=1.1474
2026-08-14 08:40:21,146 INFO trial epoch 1/10 batch 65/66 (98%) running_loss=1.1403
2026-08-14 08:40:21,527 INFO trial epoch 1/10 batch 66/66 (100%) running_loss=1.1383
2026-08-14 08:40:24,060 INFO trial epoch 1/10 done: train_loss=1.1383 val_macro_auc=0.5237
2026-08-14 08:40:30,721 INFO trial epoch 2/10 batch 13/66 (20%) running_loss=1.0910
2026-08-14 08:40:36,986 INFO trial epoch 2/10 batch 26/66 (39%) running_loss=1.1069
2026-08-14 08:40:43,263 INFO trial epoch 2/10 batch 39/66 (59%) running_loss=1.1028
2026-08-14 08:40:49,556 INFO trial epoch 2/10 batch 52/66 (79%) running_loss=1.0895
2026-08-14 08:40:55,852 INFO trial epoch 2/10 batch 65/66 (98%) running_loss=1.0838
2026-08-14 08:40:56,160 INFO trial epoch 2/10 batch 66/66 (100%) running_loss=1.0830
2026-08-14 08:40:58,634 INFO trial epoch 2/10 done: train_loss=1.0830 val_macro_auc=0.7540
2026-08-14 08:41:05,343 INFO trial epoch 3/10 batch 13/66 (20%) running_loss=0.9960
2026-08-14 08:41:11,767 INFO trial epoch 3/10 batch 26/66 (39%) running_loss=0.9951
2026-08-14 08:41:18,083 INFO trial epoch 3/10 batch 39/66 (59%) running_loss=0.9896
2026-08-14 08:41:24,392 INFO trial epoch 3/10 batch 52/66 (79%) running_loss=1.0024
2026-08-14 08:41:30,698 INFO trial epoch 3/10 batch 65/66 (98%) running_loss=1.0003
2026-08-14 08:41:31,006 INFO trial epoch 3/10 batch 66/66 (100%) running_loss=1.0027
2026-08-14 08:41:33,471 INFO trial epoch 3/10 done: train_loss=1.0027 val_macro_auc=0.7630
2026-08-14 08:41:40,174 INFO trial epoch 4/10 batch 13/66 (20%) running_loss=0.9419
2026-08-14 08:41:46,460 INFO trial epoch 4/10 batch 26/66 (39%) running_loss=0.9497
2026-08-14 08:41:52,751 INFO trial epoch 4/10 batch 39/66 (59%) running_loss=0.9565
2026-08-14 08:41:59,036 INFO trial epoch 4/10 batch 52/66 (79%) running_loss=0.9416
2026-08-14 08:42:05,319 INFO trial epoch 4/10 batch 65/66 (98%) running_loss=0.9365
2026-08-14 08:42:05,624 INFO trial epoch 4/10 batch 66/66 (100%) running_loss=0.9366
2026-08-14 08:42:08,086 INFO trial epoch 4/10 done: train_loss=0.9366 val_macro_auc=0.7674
2026-08-14 08:42:14,793 INFO trial epoch 5/10 batch 13/66 (20%) running_loss=0.8958
2026-08-14 08:42:21,078 INFO trial epoch 5/10 batch 26/66 (39%) running_loss=0.8774
2026-08-14 08:42:27,367 INFO trial epoch 5/10 batch 39/66 (59%) running_loss=0.8583
2026-08-14 08:42:33,660 INFO trial epoch 5/10 batch 52/66 (79%) running_loss=0.8759
2026-08-14 08:42:39,949 INFO trial epoch 5/10 batch 65/66 (98%) running_loss=0.8763
2026-08-14 08:42:40,257 INFO trial epoch 5/10 batch 66/66 (100%) running_loss=0.8766
2026-08-14 08:42:42,732 INFO trial epoch 5/10 done: train_loss=0.8766 val_macro_auc=0.7841
2026-08-14 08:42:49,452 INFO trial epoch 6/10 batch 13/66 (20%) running_loss=0.8648
2026-08-14 08:42:55,750 INFO trial epoch 6/10 batch 26/66 (39%) running_loss=0.8251
2026-08-14 08:43:02,048 INFO trial epoch 6/10 batch 39/66 (59%) running_loss=0.8181
2026-08-14 08:43:08,355 INFO trial epoch 6/10 batch 52/66 (79%) running_loss=0.8211
2026-08-14 08:43:14,659 INFO trial epoch 6/10 batch 65/66 (98%) running_loss=0.8272
2026-08-14 08:43:14,965 INFO trial epoch 6/10 batch 66/66 (100%) running_loss=0.8259
2026-08-14 08:43:17,447 INFO trial epoch 6/10 done: train_loss=0.8259 val_macro_auc=0.7940
2026-08-14 08:43:24,152 INFO trial epoch 7/10 batch 13/66 (20%) running_loss=0.7675
2026-08-14 08:43:30,444 INFO trial epoch 7/10 batch 26/66 (39%) running_loss=0.7621
2026-08-14 08:43:36,742 INFO trial epoch 7/10 batch 39/66 (59%) running_loss=0.7878
2026-08-14 08:43:43,035 INFO trial epoch 7/10 batch 52/66 (79%) running_loss=0.7929
2026-08-14 08:43:49,327 INFO trial epoch 7/10 batch 65/66 (98%) running_loss=0.7950
2026-08-14 08:43:49,634 INFO trial epoch 7/10 batch 66/66 (100%) running_loss=0.7932
2026-08-14 08:43:52,095 INFO trial epoch 7/10 done: train_loss=0.7932 val_macro_auc=0.8045
2026-08-14 08:43:58,801 INFO trial epoch 8/10 batch 13/66 (20%) running_loss=0.7766
2026-08-14 08:44:05,095 INFO trial epoch 8/10 batch 26/66 (39%) running_loss=0.7626
2026-08-14 08:44:11,394 INFO trial epoch 8/10 batch 39/66 (59%) running_loss=0.7538
2026-08-14 08:44:17,688 INFO trial epoch 8/10 batch 52/66 (79%) running_loss=0.7505
2026-08-14 08:44:23,977 INFO trial epoch 8/10 batch 65/66 (98%) running_loss=0.7545
2026-08-14 08:44:24,284 INFO trial epoch 8/10 batch 66/66 (100%) running_loss=0.7539
2026-08-14 08:44:26,764 INFO trial epoch 8/10 done: train_loss=0.7539 val_macro_auc=0.8116
2026-08-14 08:44:33,472 INFO trial epoch 9/10 batch 13/66 (20%) running_loss=0.7588
2026-08-14 08:44:39,764 INFO trial epoch 9/10 batch 26/66 (39%) running_loss=0.7492
2026-08-14 08:44:46,054 INFO trial epoch 9/10 batch 39/66 (59%) running_loss=0.7438
2026-08-14 08:44:52,348 INFO trial epoch 9/10 batch 52/66 (79%) running_loss=0.7457
2026-08-14 08:44:58,640 INFO trial epoch 9/10 batch 65/66 (98%) running_loss=0.7458
2026-08-14 08:44:58,947 INFO trial epoch 9/10 batch 66/66 (100%) running_loss=0.7451
2026-08-14 08:45:01,403 INFO trial epoch 9/10 done: train_loss=0.7451 val_macro_auc=0.8073
2026-08-14 08:45:08,106 INFO trial epoch 10/10 batch 13/66 (20%) running_loss=0.7057
2026-08-14 08:45:14,402 INFO trial epoch 10/10 batch 26/66 (39%) running_loss=0.7195
2026-08-14 08:45:20,697 INFO trial epoch 10/10 batch 39/66 (59%) running_loss=0.7263
2026-08-14 08:45:27,001 INFO trial epoch 10/10 batch 52/66 (79%) running_loss=0.7284
2026-08-14 08:45:33,300 INFO trial epoch 10/10 batch 65/66 (98%) running_loss=0.7253
2026-08-14 08:45:33,606 INFO trial epoch 10/10 batch 66/66 (100%) running_loss=0.7246
2026-08-14 08:45:36,081 INFO trial epoch 10/10 done: train_loss=0.7246 val_macro_auc=0.8045
2026-08-14 08:45:36,231 INFO Trial 1/25: finished val_macro_auc=0.8078 (best so far: 0.8078)
2026-08-14 08:45:36,234 INFO Trial 2/25: starting (10 trial epochs)
2026-08-14 08:45:43,102 INFO trial epoch 1/10 batch 13/66 (20%) running_loss=1.1909
2026-08-14 08:45:49,408 INFO trial epoch 1/10 batch 26/66 (39%) running_loss=1.1934
2026-08-14 08:45:55,711 INFO trial epoch 1/10 batch 39/66 (59%) running_loss=1.1881
2026-08-14 08:46:02,014 INFO trial epoch 1/10 batch 52/66 (79%) running_loss=1.1670
2026-08-14 08:46:08,314 INFO trial epoch 1/10 batch 65/66 (98%) running_loss=1.1556
2026-08-14 08:46:08,620 INFO trial epoch 1/10 batch 66/66 (100%) running_loss=1.1547
2026-08-14 08:46:11,090 INFO trial epoch 1/10 done: train_loss=1.1547 val_macro_auc=0.5987
2026-08-14 08:46:17,814 INFO trial epoch 2/10 batch 13/66 (20%) running_loss=1.0986
2026-08-14 08:46:24,113 INFO trial epoch 2/10 batch 26/66 (39%) running_loss=1.0981
2026-08-14 08:46:30,411 INFO trial epoch 2/10 batch 39/66 (59%) running_loss=1.0812
2026-08-14 08:46:36,709 INFO trial epoch 2/10 batch 52/66 (79%) running_loss=1.0648
2026-08-14 08:46:43,006 INFO trial epoch 2/10 batch 65/66 (98%) running_loss=1.0496
2026-08-14 08:46:43,312 INFO trial epoch 2/10 batch 66/66 (100%) running_loss=1.0487
2026-08-14 08:46:45,781 INFO trial epoch 2/10 done: train_loss=1.0487 val_macro_auc=0.7025
2026-08-14 08:46:52,479 INFO trial epoch 3/10 batch 13/66 (20%) running_loss=1.0130
2026-08-14 08:46:58,892 INFO trial epoch 3/10 batch 26/66 (39%) running_loss=1.0143
2026-08-14 08:47:05,188 INFO trial epoch 3/10 batch 39/66 (59%) running_loss=1.0124
2026-08-14 08:47:11,480 INFO trial epoch 3/10 batch 52/66 (79%) running_loss=1.0054
2026-08-14 08:47:17,776 INFO trial epoch 3/10 batch 65/66 (98%) running_loss=0.9899
2026-08-14 08:47:18,083 INFO trial epoch 3/10 batch 66/66 (100%) running_loss=0.9894
2026-08-14 08:47:20,558 INFO trial epoch 3/10 done: train_loss=0.9894 val_macro_auc=0.7382
2026-08-14 08:47:27,268 INFO trial epoch 4/10 batch 13/66 (20%) running_loss=0.9622
2026-08-14 08:47:33,564 INFO trial epoch 4/10 batch 26/66 (39%) running_loss=0.9477
2026-08-14 08:47:39,860 INFO trial epoch 4/10 batch 39/66 (59%) running_loss=0.9339
2026-08-14 08:47:46,152 INFO trial epoch 4/10 batch 52/66 (79%) running_loss=0.9283
2026-08-14 08:47:52,444 INFO trial epoch 4/10 batch 65/66 (98%) running_loss=0.9189
2026-08-14 08:47:52,749 INFO trial epoch 4/10 batch 66/66 (100%) running_loss=0.9171
2026-08-14 08:47:55,224 INFO trial epoch 4/10 done: train_loss=0.9171 val_macro_auc=0.7633
2026-08-14 08:48:01,939 INFO trial epoch 5/10 batch 13/66 (20%) running_loss=0.9038
2026-08-14 08:48:08,227 INFO trial epoch 5/10 batch 26/66 (39%) running_loss=0.8969
2026-08-14 08:48:14,517 INFO trial epoch 5/10 batch 39/66 (59%) running_loss=0.8812
2026-08-14 08:48:20,804 INFO trial epoch 5/10 batch 52/66 (79%) running_loss=0.8708
2026-08-14 08:48:27,095 INFO trial epoch 5/10 batch 65/66 (98%) running_loss=0.8721
2026-08-14 08:48:27,401 INFO trial epoch 5/10 batch 66/66 (100%) running_loss=0.8719
2026-08-14 08:48:29,880 INFO trial epoch 5/10 done: train_loss=0.8719 val_macro_auc=0.8190
2026-08-14 08:48:36,598 INFO trial epoch 6/10 batch 13/66 (20%) running_loss=0.8067
2026-08-14 08:48:42,894 INFO trial epoch 6/10 batch 26/66 (39%) running_loss=0.8184
2026-08-14 08:48:49,188 INFO trial epoch 6/10 batch 39/66 (59%) running_loss=0.8144
2026-08-14 08:48:55,485 INFO trial epoch 6/10 batch 52/66 (79%) running_loss=0.8018
2026-08-14 08:49:01,784 INFO trial epoch 6/10 batch 65/66 (98%) running_loss=0.7995
2026-08-14 08:49:02,090 INFO trial epoch 6/10 batch 66/66 (100%) running_loss=0.8018
2026-08-14 08:49:04,562 INFO trial epoch 6/10 done: train_loss=0.8018 val_macro_auc=0.7938
2026-08-14 08:49:11,261 INFO trial epoch 7/10 batch 13/66 (20%) running_loss=0.7877
2026-08-14 08:49:17,555 INFO trial epoch 7/10 batch 26/66 (39%) running_loss=0.8142
2026-08-14 08:49:23,851 INFO trial epoch 7/10 batch 39/66 (59%) running_loss=0.8048
2026-08-14 08:49:30,148 INFO trial epoch 7/10 batch 52/66 (79%) running_loss=0.7935
2026-08-14 08:49:36,441 INFO trial epoch 7/10 batch 65/66 (98%) running_loss=0.7785
2026-08-14 08:49:36,748 INFO trial epoch 7/10 batch 66/66 (100%) running_loss=0.7781
2026-08-14 08:49:39,216 INFO trial epoch 7/10 done: train_loss=0.7781 val_macro_auc=0.8157
2026-08-14 08:49:45,913 INFO trial epoch 8/10 batch 13/66 (20%) running_loss=0.7468
2026-08-14 08:49:52,204 INFO trial epoch 8/10 batch 26/66 (39%) running_loss=0.7680
2026-08-14 08:49:58,501 INFO trial epoch 8/10 batch 39/66 (59%) running_loss=0.7528
2026-08-14 08:50:04,794 INFO trial epoch 8/10 batch 52/66 (79%) running_loss=0.7644
2026-08-14 08:50:11,080 INFO trial epoch 8/10 batch 65/66 (98%) running_loss=0.7527
2026-08-14 08:50:11,386 INFO trial epoch 8/10 batch 66/66 (100%) running_loss=0.7519
2026-08-14 08:50:13,861 INFO trial epoch 8/10 done: train_loss=0.7519 val_macro_auc=0.8054
2026-08-14 08:50:20,563 INFO trial epoch 9/10 batch 13/66 (20%) running_loss=0.6964
2026-08-14 08:50:26,856 INFO trial epoch 9/10 batch 26/66 (39%) running_loss=0.7137
2026-08-14 08:50:33,154 INFO trial epoch 9/10 batch 39/66 (59%) running_loss=0.7023
2026-08-14 08:50:39,451 INFO trial epoch 9/10 batch 52/66 (79%) running_loss=0.6964
2026-08-14 08:50:45,749 INFO trial epoch 9/10 batch 65/66 (98%) running_loss=0.7013
2026-08-14 08:50:46,054 INFO trial epoch 9/10 batch 66/66 (100%) running_loss=0.7012
2026-08-14 08:50:48,532 INFO trial epoch 9/10 done: train_loss=0.7012 val_macro_auc=0.8164
2026-08-14 08:50:55,264 INFO trial epoch 10/10 batch 13/66 (20%) running_loss=0.7161
2026-08-14 08:51:01,558 INFO trial epoch 10/10 batch 26/66 (39%) running_loss=0.7096
2026-08-14 08:51:07,849 INFO trial epoch 10/10 batch 39/66 (59%) running_loss=0.7165
2026-08-14 08:51:14,147 INFO trial epoch 10/10 batch 52/66 (79%) running_loss=0.7076
2026-08-14 08:51:20,446 INFO trial epoch 10/10 batch 65/66 (98%) running_loss=0.7058
2026-08-14 08:51:20,752 INFO trial epoch 10/10 batch 66/66 (100%) running_loss=0.7053
2026-08-14 08:51:23,235 INFO trial epoch 10/10 done: train_loss=0.7053 val_macro_auc=0.8224
2026-08-14 08:51:23,380 INFO Trial 2/25: finished val_macro_auc=0.8147 (best so far: 0.8147)
2026-08-14 08:51:23,383 INFO Trial 3/25: starting (10 trial epochs)
2026-08-14 08:51:30,262 INFO trial epoch 1/10 batch 13/66 (20%) running_loss=1.1416
2026-08-14 08:51:36,564 INFO trial epoch 1/10 batch 26/66 (39%) running_loss=1.1668
2026-08-14 08:51:42,863 INFO trial epoch 1/10 batch 39/66 (59%) running_loss=1.1515
2026-08-14 08:51:49,163 INFO trial epoch 1/10 batch 52/66 (79%) running_loss=1.1525
2026-08-14 08:51:55,466 INFO trial epoch 1/10 batch 65/66 (98%) running_loss=1.1495
2026-08-14 08:51:55,773 INFO trial epoch 1/10 batch 66/66 (100%) running_loss=1.1479
2026-08-14 08:51:58,239 INFO trial epoch 1/10 done: train_loss=1.1479 val_macro_auc=0.6108
2026-08-14 08:52:04,942 INFO trial epoch 2/10 batch 13/66 (20%) running_loss=1.1156
2026-08-14 08:52:11,244 INFO trial epoch 2/10 batch 26/66 (39%) running_loss=1.1111
2026-08-14 08:52:17,548 INFO trial epoch 2/10 batch 39/66 (59%) running_loss=1.0949
2026-08-14 08:52:23,852 INFO trial epoch 2/10 batch 52/66 (79%) running_loss=1.0839
2026-08-14 08:52:30,155 INFO trial epoch 2/10 batch 65/66 (98%) running_loss=1.0772
2026-08-14 08:52:30,461 INFO trial epoch 2/10 batch 66/66 (100%) running_loss=1.0779
2026-08-14 08:52:32,942 INFO trial epoch 2/10 done: train_loss=1.0779 val_macro_auc=0.7579
2026-08-14 08:52:39,657 INFO trial epoch 3/10 batch 13/66 (20%) running_loss=1.0283
2026-08-14 08:52:46,069 INFO trial epoch 3/10 batch 26/66 (39%) running_loss=1.0178
2026-08-14 08:52:52,371 INFO trial epoch 3/10 batch 39/66 (59%) running_loss=1.0141
2026-08-14 08:52:58,668 INFO trial epoch 3/10 batch 52/66 (79%) running_loss=0.9990
2026-08-14 08:53:04,966 INFO trial epoch 3/10 batch 65/66 (98%) running_loss=0.9891
2026-08-14 08:53:05,272 INFO trial epoch 3/10 batch 66/66 (100%) running_loss=0.9886
2026-08-14 08:53:07,761 INFO trial epoch 3/10 done: train_loss=0.9886 val_macro_auc=0.7828
2026-08-14 08:53:14,496 INFO trial epoch 4/10 batch 13/66 (20%) running_loss=0.9472
2026-08-14 08:53:20,794 INFO trial epoch 4/10 batch 26/66 (39%) running_loss=0.9305
2026-08-14 08:53:27,090 INFO trial epoch 4/10 batch 39/66 (59%) running_loss=0.9138
2026-08-14 08:53:33,388 INFO trial epoch 4/10 batch 52/66 (79%) running_loss=0.9028
2026-08-14 08:53:39,687 INFO trial epoch 4/10 batch 65/66 (98%) running_loss=0.8973
2026-08-14 08:53:39,993 INFO trial epoch 4/10 batch 66/66 (100%) running_loss=0.8970
2026-08-14 08:53:42,465 INFO trial epoch 4/10 done: train_loss=0.8970 val_macro_auc=0.7704
2026-08-14 08:53:49,180 INFO trial epoch 5/10 batch 13/66 (20%) running_loss=0.8863
2026-08-14 08:53:55,474 INFO trial epoch 5/10 batch 26/66 (39%) running_loss=0.8474
2026-08-14 08:54:01,773 INFO trial epoch 5/10 batch 39/66 (59%) running_loss=0.8514
2026-08-14 08:54:08,077 INFO trial epoch 5/10 batch 52/66 (79%) running_loss=0.8475
2026-08-14 08:54:14,376 INFO trial epoch 5/10 batch 65/66 (98%) running_loss=0.8382
2026-08-14 08:54:14,684 INFO trial epoch 5/10 batch 66/66 (100%) running_loss=0.8377
2026-08-14 08:54:17,155 INFO trial epoch 5/10 done: train_loss=0.8377 val_macro_auc=0.8192
2026-08-14 08:54:23,866 INFO trial epoch 6/10 batch 13/66 (20%) running_loss=0.8010
2026-08-14 08:54:30,168 INFO trial epoch 6/10 batch 26/66 (39%) running_loss=0.8037
2026-08-14 08:54:36,465 INFO trial epoch 6/10 batch 39/66 (59%) running_loss=0.7944
2026-08-14 08:54:42,768 INFO trial epoch 6/10 batch 52/66 (79%) running_loss=0.8003
2026-08-14 08:54:49,069 INFO trial epoch 6/10 batch 65/66 (98%) running_loss=0.7936
2026-08-14 08:54:49,374 INFO trial epoch 6/10 batch 66/66 (100%) running_loss=0.7938
2026-08-14 08:54:51,855 INFO trial epoch 6/10 done: train_loss=0.7938 val_macro_auc=0.8036
2026-08-14 08:54:58,570 INFO trial epoch 7/10 batch 13/66 (20%) running_loss=0.7947
2026-08-14 08:55:04,863 INFO trial epoch 7/10 batch 26/66 (39%) running_loss=0.7806
2026-08-14 08:55:11,166 INFO trial epoch 7/10 batch 39/66 (59%) running_loss=0.7734
2026-08-14 08:55:17,471 INFO trial epoch 7/10 batch 52/66 (79%) running_loss=0.7749
2026-08-14 08:55:23,762 INFO trial epoch 7/10 batch 65/66 (98%) running_loss=0.7669
2026-08-14 08:55:24,068 INFO trial epoch 7/10 batch 66/66 (100%) running_loss=0.7659
2026-08-14 08:55:26,557 INFO trial epoch 7/10 done: train_loss=0.7659 val_macro_auc=0.8113
2026-08-14 08:55:33,265 INFO trial epoch 8/10 batch 13/66 (20%) running_loss=0.7426
2026-08-14 08:55:39,565 INFO trial epoch 8/10 batch 26/66 (39%) running_loss=0.7345
2026-08-14 08:55:45,866 INFO trial epoch 8/10 batch 39/66 (59%) running_loss=0.7292
2026-08-14 08:55:52,166 INFO trial epoch 8/10 batch 52/66 (79%) running_loss=0.7308
2026-08-14 08:55:58,465 INFO trial epoch 8/10 batch 65/66 (98%) running_loss=0.7224
2026-08-14 08:55:58,771 INFO trial epoch 8/10 batch 66/66 (100%) running_loss=0.7203
2026-08-14 08:56:01,231 INFO trial epoch 8/10 done: train_loss=0.7203 val_macro_auc=0.8079
2026-08-14 08:56:07,946 INFO trial epoch 9/10 batch 13/66 (20%) running_loss=0.7009
2026-08-14 08:56:14,242 INFO trial epoch 9/10 batch 26/66 (39%) running_loss=0.7291
2026-08-14 08:56:20,543 INFO trial epoch 9/10 batch 39/66 (59%) running_loss=0.7349
2026-08-14 08:56:26,845 INFO trial epoch 9/10 batch 52/66 (79%) running_loss=0.7130
2026-08-14 08:56:33,142 INFO trial epoch 9/10 batch 65/66 (98%) running_loss=0.7107
2026-08-14 08:56:33,450 INFO trial epoch 9/10 batch 66/66 (100%) running_loss=0.7114
2026-08-14 08:56:35,925 INFO trial epoch 9/10 done: train_loss=0.7114 val_macro_auc=0.8110
2026-08-14 08:56:42,641 INFO trial epoch 10/10 batch 13/66 (20%) running_loss=0.6356
2026-08-14 08:56:48,939 INFO trial epoch 10/10 batch 26/66 (39%) running_loss=0.6675
2026-08-14 08:56:55,237 INFO trial epoch 10/10 batch 39/66 (59%) running_loss=0.6842
2026-08-14 08:57:01,535 INFO trial epoch 10/10 batch 52/66 (79%) running_loss=0.6901
2026-08-14 08:57:07,840 INFO trial epoch 10/10 batch 65/66 (98%) running_loss=0.6869
2026-08-14 08:57:08,146 INFO trial epoch 10/10 batch 66/66 (100%) running_loss=0.6866
2026-08-14 08:57:10,642 INFO trial epoch 10/10 done: train_loss=0.6866 val_macro_auc=0.8122
2026-08-14 08:57:10,787 INFO Trial 3/25: finished val_macro_auc=0.8104 (best so far: 0.8147)
2026-08-14 08:57:10,789 INFO Trial 4/25: starting (10 trial epochs)
2026-08-14 08:57:17,680 INFO trial epoch 1/10 batch 13/66 (20%) running_loss=1.1606
2026-08-14 08:57:23,979 INFO trial epoch 1/10 batch 26/66 (39%) running_loss=1.2222
2026-08-14 08:57:30,278 INFO trial epoch 1/10 batch 39/66 (59%) running_loss=1.1992
2026-08-14 08:57:36,578 INFO trial epoch 1/10 batch 52/66 (79%) running_loss=1.1843
2026-08-14 08:57:42,884 INFO trial epoch 1/10 batch 65/66 (98%) running_loss=1.1749
2026-08-14 08:57:43,191 INFO trial epoch 1/10 batch 66/66 (100%) running_loss=1.1759
2026-08-14 08:57:45,668 INFO trial epoch 1/10 done: train_loss=1.1759 val_macro_auc=0.6853
2026-08-14 08:57:52,381 INFO trial epoch 2/10 batch 13/66 (20%) running_loss=1.1110
2026-08-14 08:57:58,683 INFO trial epoch 2/10 batch 26/66 (39%) running_loss=1.0937
2026-08-14 08:58:04,983 INFO trial epoch 2/10 batch 39/66 (59%) running_loss=1.0814
2026-08-14 08:58:11,294 INFO trial epoch 2/10 batch 52/66 (79%) running_loss=1.0697
2026-08-14 08:58:17,591 INFO trial epoch 2/10 batch 65/66 (98%) running_loss=1.0697
2026-08-14 08:58:17,898 INFO trial epoch 2/10 batch 66/66 (100%) running_loss=1.0689
2026-08-14 08:58:20,363 INFO trial epoch 2/10 done: train_loss=1.0689 val_macro_auc=0.7311
2026-08-14 08:58:27,065 INFO trial epoch 3/10 batch 13/66 (20%) running_loss=1.0436
2026-08-14 08:58:33,479 INFO trial epoch 3/10 batch 26/66 (39%) running_loss=1.0294
2026-08-14 08:58:39,783 INFO trial epoch 3/10 batch 39/66 (59%) running_loss=1.0216
2026-08-14 08:58:46,078 INFO trial epoch 3/10 batch 52/66 (79%) running_loss=1.0170
2026-08-14 08:58:52,365 INFO trial epoch 3/10 batch 65/66 (98%) running_loss=1.0131
2026-08-14 08:58:52,671 INFO trial epoch 3/10 batch 66/66 (100%) running_loss=1.0126
2026-08-14 08:58:55,144 INFO trial epoch 3/10 done: train_loss=1.0126 val_macro_auc=0.7732
2026-08-14 08:59:01,850 INFO trial epoch 4/10 batch 13/66 (20%) running_loss=0.9212
2026-08-14 08:59:08,152 INFO trial epoch 4/10 batch 26/66 (39%) running_loss=0.9386
2026-08-14 08:59:14,450 INFO trial epoch 4/10 batch 39/66 (59%) running_loss=0.9554
2026-08-14 08:59:20,743 INFO trial epoch 4/10 batch 52/66 (79%) running_loss=0.9427
2026-08-14 08:59:27,042 INFO trial epoch 4/10 batch 65/66 (98%) running_loss=0.9343
2026-08-14 08:59:27,349 INFO trial epoch 4/10 batch 66/66 (100%) running_loss=0.9339
2026-08-14 08:59:29,833 INFO trial epoch 4/10 done: train_loss=0.9339 val_macro_auc=0.7932
2026-08-14 08:59:36,541 INFO trial epoch 5/10 batch 13/66 (20%) running_loss=0.9114
2026-08-14 08:59:42,837 INFO trial epoch 5/10 batch 26/66 (39%) running_loss=0.8755
2026-08-14 08:59:49,135 INFO trial epoch 5/10 batch 39/66 (59%) running_loss=0.8698
2026-08-14 08:59:55,438 INFO trial epoch 5/10 batch 52/66 (79%) running_loss=0.8725
2026-08-14 09:00:01,734 INFO trial epoch 5/10 batch 65/66 (98%) running_loss=0.8665
2026-08-14 09:00:02,042 INFO trial epoch 5/10 batch 66/66 (100%) running_loss=0.8658
2026-08-14 09:00:04,514 INFO trial epoch 5/10 done: train_loss=0.8658 val_macro_auc=0.7783
2026-08-14 09:00:11,234 INFO trial epoch 6/10 batch 13/66 (20%) running_loss=0.8036
2026-08-14 09:00:17,527 INFO trial epoch 6/10 batch 26/66 (39%) running_loss=0.8403
2026-08-14 09:00:23,823 INFO trial epoch 6/10 batch 39/66 (59%) running_loss=0.8232
2026-08-14 09:00:30,118 INFO trial epoch 6/10 batch 52/66 (79%) running_loss=0.8287
2026-08-14 09:00:36,409 INFO trial epoch 6/10 batch 65/66 (98%) running_loss=0.8273
2026-08-14 09:00:36,714 INFO trial epoch 6/10 batch 66/66 (100%) running_loss=0.8264
2026-08-14 09:00:39,183 INFO trial epoch 6/10 done: train_loss=0.8264 val_macro_auc=0.7953
2026-08-14 09:00:45,888 INFO trial epoch 7/10 batch 13/66 (20%) running_loss=0.7841
2026-08-14 09:00:52,180 INFO trial epoch 7/10 batch 26/66 (39%) running_loss=0.7927
2026-08-14 09:00:58,474 INFO trial epoch 7/10 batch 39/66 (59%) running_loss=0.7950
2026-08-14 09:01:04,770 INFO trial epoch 7/10 batch 52/66 (79%) running_loss=0.8028
2026-08-14 09:01:11,065 INFO trial epoch 7/10 batch 65/66 (98%) running_loss=0.8047
2026-08-14 09:01:11,370 INFO trial epoch 7/10 batch 66/66 (100%) running_loss=0.8048
2026-08-14 09:01:13,832 INFO trial epoch 7/10 done: train_loss=0.8048 val_macro_auc=0.8167
2026-08-14 09:01:20,555 INFO trial epoch 8/10 batch 13/66 (20%) running_loss=0.7895
2026-08-14 09:01:26,860 INFO trial epoch 8/10 batch 26/66 (39%) running_loss=0.7709
2026-08-14 09:01:33,157 INFO trial epoch 8/10 batch 39/66 (59%) running_loss=0.7501
2026-08-14 09:01:39,461 INFO trial epoch 8/10 batch 52/66 (79%) running_loss=0.7568
2026-08-14 09:01:45,760 INFO trial epoch 8/10 batch 65/66 (98%) running_loss=0.7507
2026-08-14 09:01:46,068 INFO trial epoch 8/10 batch 66/66 (100%) running_loss=0.7490
2026-08-14 09:01:48,559 INFO trial epoch 8/10 done: train_loss=0.7490 val_macro_auc=0.8266
2026-08-14 09:01:55,260 INFO trial epoch 9/10 batch 13/66 (20%) running_loss=0.7438
2026-08-14 09:02:01,557 INFO trial epoch 9/10 batch 26/66 (39%) running_loss=0.7277
2026-08-14 09:02:07,857 INFO trial epoch 9/10 batch 39/66 (59%) running_loss=0.7087
2026-08-14 09:02:14,160 INFO trial epoch 9/10 batch 52/66 (79%) running_loss=0.7094
2026-08-14 09:02:20,458 INFO trial epoch 9/10 batch 65/66 (98%) running_loss=0.7099
2026-08-14 09:02:20,764 INFO trial epoch 9/10 batch 66/66 (100%) running_loss=0.7111
2026-08-14 09:02:23,244 INFO trial epoch 9/10 done: train_loss=0.7111 val_macro_auc=0.8187
2026-08-14 09:02:29,968 INFO trial epoch 10/10 batch 13/66 (20%) running_loss=0.6964
2026-08-14 09:02:36,267 INFO trial epoch 10/10 batch 26/66 (39%) running_loss=0.7035
2026-08-14 09:02:42,566 INFO trial epoch 10/10 batch 39/66 (59%) running_loss=0.7115
2026-08-14 09:02:48,860 INFO trial epoch 10/10 batch 52/66 (79%) running_loss=0.7236
2026-08-14 09:02:55,154 INFO trial epoch 10/10 batch 65/66 (98%) running_loss=0.7047
2026-08-14 09:02:55,460 INFO trial epoch 10/10 batch 66/66 (100%) running_loss=0.7033
2026-08-14 09:02:57,940 INFO trial epoch 10/10 done: train_loss=0.7033 val_macro_auc=0.8181
2026-08-14 09:02:58,086 INFO Trial 4/25: finished val_macro_auc=0.8212 (best so far: 0.8212)
2026-08-14 09:02:58,089 INFO Trial 5/25: starting (10 trial epochs)
2026-08-14 09:03:04,968 INFO trial epoch 1/10 batch 13/66 (20%) running_loss=1.2402
2026-08-14 09:03:11,267 INFO trial epoch 1/10 batch 26/66 (39%) running_loss=1.2609
2026-08-14 09:03:17,565 INFO trial epoch 1/10 batch 39/66 (59%) running_loss=1.2276
2026-08-14 09:03:23,859 INFO trial epoch 1/10 batch 52/66 (79%) running_loss=1.2037
2026-08-14 09:03:30,156 INFO trial epoch 1/10 batch 65/66 (98%) running_loss=1.1922
2026-08-14 09:03:30,462 INFO trial epoch 1/10 batch 66/66 (100%) running_loss=1.1924
2026-08-14 09:03:32,939 INFO trial epoch 1/10 done: train_loss=1.1924 val_macro_auc=0.5478
2026-08-14 09:03:39,656 INFO trial epoch 2/10 batch 13/66 (20%) running_loss=1.0657
2026-08-14 09:03:45,953 INFO trial epoch 2/10 batch 26/66 (39%) running_loss=1.0935
2026-08-14 09:03:52,251 INFO trial epoch 2/10 batch 39/66 (59%) running_loss=1.0835
2026-08-14 09:03:58,544 INFO trial epoch 2/10 batch 52/66 (79%) running_loss=1.0780
2026-08-14 09:04:04,849 INFO trial epoch 2/10 batch 65/66 (98%) running_loss=1.0885
2026-08-14 09:04:05,156 INFO trial epoch 2/10 batch 66/66 (100%) running_loss=1.0882
2026-08-14 09:04:07,633 INFO trial epoch 2/10 done: train_loss=1.0882 val_macro_auc=0.7426
2026-08-14 09:04:14,336 INFO trial epoch 3/10 batch 13/66 (20%) running_loss=1.0748
2026-08-14 09:04:20,748 INFO trial epoch 3/10 batch 26/66 (39%) running_loss=1.0827
2026-08-14 09:04:27,046 INFO trial epoch 3/10 batch 39/66 (59%) running_loss=1.0707
2026-08-14 09:04:33,348 INFO trial epoch 3/10 batch 52/66 (79%) running_loss=1.0507
2026-08-14 09:04:39,646 INFO trial epoch 3/10 batch 65/66 (98%) running_loss=1.0422
2026-08-14 09:04:39,953 INFO trial epoch 3/10 batch 66/66 (100%) running_loss=1.0421
2026-08-14 09:04:42,423 INFO trial epoch 3/10 done: train_loss=1.0421 val_macro_auc=0.7714
2026-08-14 09:04:49,130 INFO trial epoch 4/10 batch 13/66 (20%) running_loss=1.0039
2026-08-14 09:04:55,427 INFO trial epoch 4/10 batch 26/66 (39%) running_loss=0.9717
2026-08-14 09:05:01,720 INFO trial epoch 4/10 batch 39/66 (59%) running_loss=0.9721
2026-08-14 09:05:08,016 INFO trial epoch 4/10 batch 52/66 (79%) running_loss=0.9524
2026-08-14 09:05:14,308 INFO trial epoch 4/10 batch 65/66 (98%) running_loss=0.9496
2026-08-14 09:05:14,613 INFO trial epoch 4/10 batch 66/66 (100%) running_loss=0.9490
2026-08-14 09:05:17,081 INFO trial epoch 4/10 done: train_loss=0.9490 val_macro_auc=0.7852
2026-08-14 09:05:23,810 INFO trial epoch 5/10 batch 13/66 (20%) running_loss=0.8992
2026-08-14 09:05:30,103 INFO trial epoch 5/10 batch 26/66 (39%) running_loss=0.8981
2026-08-14 09:05:36,395 INFO trial epoch 5/10 batch 39/66 (59%) running_loss=0.9006
2026-08-14 09:05:42,687 INFO trial epoch 5/10 batch 52/66 (79%) running_loss=0.9076
2026-08-14 09:05:48,979 INFO trial epoch 5/10 batch 65/66 (98%) running_loss=0.8991
2026-08-14 09:05:49,285 INFO trial epoch 5/10 batch 66/66 (100%) running_loss=0.8991
2026-08-14 09:05:51,758 INFO trial epoch 5/10 done: train_loss=0.8991 val_macro_auc=0.8209
2026-08-14 09:05:58,472 INFO trial epoch 6/10 batch 13/66 (20%) running_loss=0.8358
2026-08-14 09:06:04,761 INFO trial epoch 6/10 batch 26/66 (39%) running_loss=0.8258
2026-08-14 09:06:11,051 INFO trial epoch 6/10 batch 39/66 (59%) running_loss=0.8518
2026-08-14 09:06:17,351 INFO trial epoch 6/10 batch 52/66 (79%) running_loss=0.8496
2026-08-14 09:06:23,645 INFO trial epoch 6/10 batch 65/66 (98%) running_loss=0.8426
2026-08-14 09:06:23,951 INFO trial epoch 6/10 batch 66/66 (100%) running_loss=0.8431
2026-08-14 09:06:26,425 INFO trial epoch 6/10 done: train_loss=0.8431 val_macro_auc=0.7892
2026-08-14 09:06:33,141 INFO trial epoch 7/10 batch 13/66 (20%) running_loss=0.8178
2026-08-14 09:06:39,440 INFO trial epoch 7/10 batch 26/66 (39%) running_loss=0.8117
2026-08-14 09:06:45,748 INFO trial epoch 7/10 batch 39/66 (59%) running_loss=0.8197
2026-08-14 09:06:52,049 INFO trial epoch 7/10 batch 52/66 (79%) running_loss=0.8073
2026-08-14 09:06:58,347 INFO trial epoch 7/10 batch 65/66 (98%) running_loss=0.8099
2026-08-14 09:06:58,653 INFO trial epoch 7/10 batch 66/66 (100%) running_loss=0.8084
2026-08-14 09:07:01,126 INFO trial epoch 7/10 done: train_loss=0.8084 val_macro_auc=0.8312
2026-08-14 09:07:07,842 INFO trial epoch 8/10 batch 13/66 (20%) running_loss=0.7580
2026-08-14 09:07:14,139 INFO trial epoch 8/10 batch 26/66 (39%) running_loss=0.7432
2026-08-14 09:07:20,433 INFO trial epoch 8/10 batch 39/66 (59%) running_loss=0.7392
2026-08-14 09:07:26,728 INFO trial epoch 8/10 batch 52/66 (79%) running_loss=0.7480
2026-08-14 09:07:33,023 INFO trial epoch 8/10 batch 65/66 (98%) running_loss=0.7505
2026-08-14 09:07:33,331 INFO trial epoch 8/10 batch 66/66 (100%) running_loss=0.7493
2026-08-14 09:07:35,812 INFO trial epoch 8/10 done: train_loss=0.7493 val_macro_auc=0.8319
2026-08-14 09:07:42,522 INFO trial epoch 9/10 batch 13/66 (20%) running_loss=0.7176
2026-08-14 09:07:48,818 INFO trial epoch 9/10 batch 26/66 (39%) running_loss=0.7313
2026-08-14 09:07:55,116 INFO trial epoch 9/10 batch 39/66 (59%) running_loss=0.7468
2026-08-14 09:08:01,412 INFO trial epoch 9/10 batch 52/66 (79%) running_loss=0.7347
2026-08-14 09:08:07,710 INFO trial epoch 9/10 batch 65/66 (98%) running_loss=0.7348
2026-08-14 09:08:08,015 INFO trial epoch 9/10 batch 66/66 (100%) running_loss=0.7355
2026-08-14 09:08:10,479 INFO trial epoch 9/10 done: train_loss=0.7355 val_macro_auc=0.8154
2026-08-14 09:08:17,181 INFO trial epoch 10/10 batch 13/66 (20%) running_loss=0.6754
2026-08-14 09:08:23,473 INFO trial epoch 10/10 batch 26/66 (39%) running_loss=0.7132
2026-08-14 09:08:29,771 INFO trial epoch 10/10 batch 39/66 (59%) running_loss=0.7109
2026-08-14 09:08:36,076 INFO trial epoch 10/10 batch 52/66 (79%) running_loss=0.7127
2026-08-14 09:08:42,373 INFO trial epoch 10/10 batch 65/66 (98%) running_loss=0.7151
2026-08-14 09:08:42,679 INFO trial epoch 10/10 batch 66/66 (100%) running_loss=0.7169
2026-08-14 09:08:45,162 INFO trial epoch 10/10 done: train_loss=0.7169 val_macro_auc=0.8037
2026-08-14 09:08:45,310 INFO Trial 5/25: finished val_macro_auc=0.8170 (best so far: 0.8212)
2026-08-14 09:08:45,314 INFO Trial 6/25: starting (10 trial epochs)
2026-08-14 09:08:52,171 INFO trial epoch 1/10 batch 13/66 (20%) running_loss=1.1346
2026-08-14 09:08:58,468 INFO trial epoch 1/10 batch 26/66 (39%) running_loss=1.1594
2026-08-14 09:09:04,772 INFO trial epoch 1/10 batch 39/66 (59%) running_loss=1.1719
2026-08-14 09:09:11,072 INFO trial epoch 1/10 batch 52/66 (79%) running_loss=1.1683
2026-08-14 09:09:17,375 INFO trial epoch 1/10 batch 65/66 (98%) running_loss=1.1546
2026-08-14 09:09:17,681 INFO trial epoch 1/10 batch 66/66 (100%) running_loss=1.1543
2026-08-14 09:09:20,168 INFO trial epoch 1/10 done: train_loss=1.1543 val_macro_auc=0.5848
2026-08-14 09:09:26,873 INFO trial epoch 2/10 batch 13/66 (20%) running_loss=1.1250
2026-08-14 09:09:33,180 INFO trial epoch 2/10 batch 26/66 (39%) running_loss=1.1136
2026-08-14 09:09:39,478 INFO trial epoch 2/10 batch 39/66 (59%) running_loss=1.1032
2026-08-14 09:09:45,778 INFO trial epoch 2/10 batch 52/66 (79%) running_loss=1.0882
2026-08-14 09:09:52,073 INFO trial epoch 2/10 batch 65/66 (98%) running_loss=1.0832
2026-08-14 09:09:52,378 INFO trial epoch 2/10 batch 66/66 (100%) running_loss=1.0834
2026-08-14 09:09:54,859 INFO trial epoch 2/10 done: train_loss=1.0834 val_macro_auc=0.7539
2026-08-14 09:10:01,566 INFO trial epoch 3/10 batch 13/66 (20%) running_loss=1.0858
2026-08-14 09:10:07,861 INFO trial epoch 3/10 batch 26/66 (39%) running_loss=1.0551
2026-08-14 09:10:14,164 INFO trial epoch 3/10 batch 39/66 (59%) running_loss=1.0472
2026-08-14 09:10:20,461 INFO trial epoch 3/10 batch 52/66 (79%) running_loss=1.0288
2026-08-14 09:10:26,756 INFO trial epoch 3/10 batch 65/66 (98%) running_loss=1.0198
2026-08-14 09:10:27,062 INFO trial epoch 3/10 batch 66/66 (100%) running_loss=1.0185
2026-08-14 09:10:29,532 INFO trial epoch 3/10 done: train_loss=1.0185 val_macro_auc=0.7727
2026-08-14 09:10:36,239 INFO trial epoch 4/10 batch 13/66 (20%) running_loss=0.9696
2026-08-14 09:10:42,534 INFO trial epoch 4/10 batch 26/66 (39%) running_loss=0.9553
2026-08-14 09:10:48,825 INFO trial epoch 4/10 batch 39/66 (59%) running_loss=0.9502
2026-08-14 09:10:55,122 INFO trial epoch 4/10 batch 52/66 (79%) running_loss=0.9436
2026-08-14 09:11:01,418 INFO trial epoch 4/10 batch 65/66 (98%) running_loss=0.9384
2026-08-14 09:11:01,724 INFO trial epoch 4/10 batch 66/66 (100%) running_loss=0.9382
2026-08-14 09:11:04,195 INFO trial epoch 4/10 done: train_loss=0.9382 val_macro_auc=0.7664
2026-08-14 09:11:10,902 INFO trial epoch 5/10 batch 13/66 (20%) running_loss=0.9271
2026-08-14 09:11:17,192 INFO trial epoch 5/10 batch 26/66 (39%) running_loss=0.9249
2026-08-14 09:11:23,488 INFO trial epoch 5/10 batch 39/66 (59%) running_loss=0.9043
2026-08-14 09:11:29,788 INFO trial epoch 5/10 batch 52/66 (79%) running_loss=0.9121
2026-08-14 09:11:36,082 INFO trial epoch 5/10 batch 65/66 (98%) running_loss=0.9019
2026-08-14 09:11:36,388 INFO trial epoch 5/10 batch 66/66 (100%) running_loss=0.9011
2026-08-14 09:11:38,884 INFO trial epoch 5/10 done: train_loss=0.9011 val_macro_auc=0.7942
2026-08-14 09:11:45,578 INFO trial epoch 6/10 batch 13/66 (20%) running_loss=0.8817
2026-08-14 09:11:51,877 INFO trial epoch 6/10 batch 26/66 (39%) running_loss=0.8703
2026-08-14 09:11:58,179 INFO trial epoch 6/10 batch 39/66 (59%) running_loss=0.8629
2026-08-14 09:12:04,477 INFO trial epoch 6/10 batch 52/66 (79%) running_loss=0.8533
2026-08-14 09:12:10,777 INFO trial epoch 6/10 batch 65/66 (98%) running_loss=0.8379
2026-08-14 09:12:11,085 INFO trial epoch 6/10 batch 66/66 (100%) running_loss=0.8422
2026-08-14 09:12:13,576 INFO trial epoch 6/10 done: train_loss=0.8422 val_macro_auc=0.6613
2026-08-14 09:12:20,276 INFO trial epoch 7/10 batch 13/66 (20%) running_loss=0.8779
2026-08-14 09:12:26,572 INFO trial epoch 7/10 batch 26/66 (39%) running_loss=0.8399
2026-08-14 09:12:32,871 INFO trial epoch 7/10 batch 39/66 (59%) running_loss=0.8254
2026-08-14 09:12:39,171 INFO trial epoch 7/10 batch 52/66 (79%) running_loss=0.8121
2026-08-14 09:12:45,474 INFO trial epoch 7/10 batch 65/66 (98%) running_loss=0.8038
2026-08-14 09:12:45,782 INFO trial epoch 7/10 batch 66/66 (100%) running_loss=0.8040
2026-08-14 09:12:48,257 INFO trial epoch 7/10 done: train_loss=0.8040 val_macro_auc=0.8128
2026-08-14 09:12:54,948 INFO trial epoch 8/10 batch 13/66 (20%) running_loss=0.8002
2026-08-14 09:13:01,248 INFO trial epoch 8/10 batch 26/66 (39%) running_loss=0.7997
2026-08-14 09:13:07,544 INFO trial epoch 8/10 batch 39/66 (59%) running_loss=0.7724
2026-08-14 09:13:13,845 INFO trial epoch 8/10 batch 52/66 (79%) running_loss=0.7715
2026-08-14 09:13:20,139 INFO trial epoch 8/10 batch 65/66 (98%) running_loss=0.7657
2026-08-14 09:13:20,446 INFO trial epoch 8/10 batch 66/66 (100%) running_loss=0.7651
2026-08-14 09:13:22,914 INFO trial epoch 8/10 done: train_loss=0.7651 val_macro_auc=0.8226
2026-08-14 09:13:29,621 INFO trial epoch 9/10 batch 13/66 (20%) running_loss=0.7563
2026-08-14 09:13:35,915 INFO trial epoch 9/10 batch 26/66 (39%) running_loss=0.7511
2026-08-14 09:13:42,208 INFO trial epoch 9/10 batch 39/66 (59%) running_loss=0.7532
2026-08-14 09:13:48,502 INFO trial epoch 9/10 batch 52/66 (79%) running_loss=0.7495
2026-08-14 09:13:54,801 INFO trial epoch 9/10 batch 65/66 (98%) running_loss=0.7486
2026-08-14 09:13:55,107 INFO trial epoch 9/10 batch 66/66 (100%) running_loss=0.7485
2026-08-14 09:13:57,587 INFO trial epoch 9/10 done: train_loss=0.7485 val_macro_auc=0.8344
2026-08-14 09:14:04,294 INFO trial epoch 10/10 batch 13/66 (20%) running_loss=0.8238
2026-08-14 09:14:10,590 INFO trial epoch 10/10 batch 26/66 (39%) running_loss=0.7637
2026-08-14 09:14:16,890 INFO trial epoch 10/10 batch 39/66 (59%) running_loss=0.7374
2026-08-14 09:14:23,188 INFO trial epoch 10/10 batch 52/66 (79%) running_loss=0.7320
2026-08-14 09:14:29,489 INFO trial epoch 10/10 batch 65/66 (98%) running_loss=0.7419
2026-08-14 09:14:29,795 INFO trial epoch 10/10 batch 66/66 (100%) running_loss=0.7433
2026-08-14 09:14:32,274 INFO trial epoch 10/10 done: train_loss=0.7433 val_macro_auc=0.8396
2026-08-14 09:14:32,422 INFO Trial 6/25: finished val_macro_auc=0.8322 (best so far: 0.8322)
2026-08-14 09:14:32,425 INFO Trial 7/25: starting (10 trial epochs)
2026-08-14 09:14:39,317 INFO trial epoch 1/10 batch 13/66 (20%) running_loss=1.2641
2026-08-14 09:14:45,617 INFO trial epoch 1/10 batch 26/66 (39%) running_loss=1.2294
2026-08-14 09:14:51,919 INFO trial epoch 1/10 batch 39/66 (59%) running_loss=1.2112
2026-08-14 09:14:58,217 INFO trial epoch 1/10 batch 52/66 (79%) running_loss=1.1879
2026-08-14 09:15:04,516 INFO trial epoch 1/10 batch 65/66 (98%) running_loss=1.1878
2026-08-14 09:15:04,822 INFO trial epoch 1/10 batch 66/66 (100%) running_loss=1.1861
2026-08-14 09:15:07,293 INFO trial epoch 1/10 done: train_loss=1.1861 val_macro_auc=0.7140
2026-08-14 09:15:14,013 INFO trial epoch 2/10 batch 13/66 (20%) running_loss=1.1296
2026-08-14 09:15:20,313 INFO trial epoch 2/10 batch 26/66 (39%) running_loss=1.1153
2026-08-14 09:15:26,617 INFO trial epoch 2/10 batch 39/66 (59%) running_loss=1.1120
2026-08-14 09:15:32,916 INFO trial epoch 2/10 batch 52/66 (79%) running_loss=1.1048
2026-08-14 09:15:39,212 INFO trial epoch 2/10 batch 65/66 (98%) running_loss=1.1017
2026-08-14 09:15:39,519 INFO trial epoch 2/10 batch 66/66 (100%) running_loss=1.1001
2026-08-14 09:15:41,992 INFO trial epoch 2/10 done: train_loss=1.1001 val_macro_auc=0.7472
2026-08-14 09:15:48,706 INFO trial epoch 3/10 batch 13/66 (20%) running_loss=1.0639
2026-08-14 09:15:55,120 INFO trial epoch 3/10 batch 26/66 (39%) running_loss=1.0497
2026-08-14 09:16:01,427 INFO trial epoch 3/10 batch 39/66 (59%) running_loss=1.0410
2026-08-14 09:16:07,726 INFO trial epoch 3/10 batch 52/66 (79%) running_loss=1.0315
2026-08-14 09:16:14,032 INFO trial epoch 3/10 batch 65/66 (98%) running_loss=1.0261
2026-08-14 09:16:14,337 INFO trial epoch 3/10 batch 66/66 (100%) running_loss=1.0267
2026-08-14 09:16:16,833 INFO trial epoch 3/10 done: train_loss=1.0267 val_macro_auc=0.7659
2026-08-14 09:16:23,550 INFO trial epoch 4/10 batch 13/66 (20%) running_loss=0.9787
2026-08-14 09:16:29,846 INFO trial epoch 4/10 batch 26/66 (39%) running_loss=0.9551
2026-08-14 09:16:36,146 INFO trial epoch 4/10 batch 39/66 (59%) running_loss=0.9526
2026-08-14 09:16:42,446 INFO trial epoch 4/10 batch 52/66 (79%) running_loss=0.9483
2026-08-14 09:16:48,750 INFO trial epoch 4/10 batch 65/66 (98%) running_loss=0.9455
2026-08-14 09:16:49,057 INFO trial epoch 4/10 batch 66/66 (100%) running_loss=0.9443
2026-08-14 09:16:51,538 INFO trial epoch 4/10 done: train_loss=0.9443 val_macro_auc=0.7729
2026-08-14 09:16:58,258 INFO trial epoch 5/10 batch 13/66 (20%) running_loss=0.9321
2026-08-14 09:17:04,550 INFO trial epoch 5/10 batch 26/66 (39%) running_loss=0.8895
2026-08-14 09:17:10,848 INFO trial epoch 5/10 batch 39/66 (59%) running_loss=0.8845
2026-08-14 09:17:17,142 INFO trial epoch 5/10 batch 52/66 (79%) running_loss=0.8923
2026-08-14 09:17:23,432 INFO trial epoch 5/10 batch 65/66 (98%) running_loss=0.8907
2026-08-14 09:17:23,738 INFO trial epoch 5/10 batch 66/66 (100%) running_loss=0.8895
2026-08-14 09:17:26,221 INFO trial epoch 5/10 done: train_loss=0.8895 val_macro_auc=0.7852
2026-08-14 09:17:32,935 INFO trial epoch 6/10 batch 13/66 (20%) running_loss=0.8409
2026-08-14 09:17:39,229 INFO trial epoch 6/10 batch 26/66 (39%) running_loss=0.8404
2026-08-14 09:17:45,527 INFO trial epoch 6/10 batch 39/66 (59%) running_loss=0.8421
2026-08-14 09:17:51,822 INFO trial epoch 6/10 batch 52/66 (79%) running_loss=0.8350
2026-08-14 09:17:58,117 INFO trial epoch 6/10 batch 65/66 (98%) running_loss=0.8314
2026-08-14 09:17:58,423 INFO trial epoch 6/10 batch 66/66 (100%) running_loss=0.8295
2026-08-14 09:18:00,895 INFO trial epoch 6/10 done: train_loss=0.8295 val_macro_auc=0.8047
2026-08-14 09:18:07,611 INFO trial epoch 7/10 batch 13/66 (20%) running_loss=0.7818
2026-08-14 09:18:13,913 INFO trial epoch 7/10 batch 26/66 (39%) running_loss=0.7710
2026-08-14 09:18:20,216 INFO trial epoch 7/10 batch 39/66 (59%) running_loss=0.7871
2026-08-14 09:18:26,517 INFO trial epoch 7/10 batch 52/66 (79%) running_loss=0.8033
2026-08-14 09:18:32,820 INFO trial epoch 7/10 batch 65/66 (98%) running_loss=0.8002
2026-08-14 09:18:33,126 INFO trial epoch 7/10 batch 66/66 (100%) running_loss=0.7992
2026-08-14 09:18:35,615 INFO trial epoch 7/10 done: train_loss=0.7992 val_macro_auc=0.8075
2026-08-14 09:18:42,340 INFO trial epoch 8/10 batch 13/66 (20%) running_loss=0.7861
2026-08-14 09:18:48,639 INFO trial epoch 8/10 batch 26/66 (39%) running_loss=0.7580
2026-08-14 09:18:54,946 INFO trial epoch 8/10 batch 39/66 (59%) running_loss=0.7715
2026-08-14 09:19:01,256 INFO trial epoch 8/10 batch 52/66 (79%) running_loss=0.7790
2026-08-14 09:19:07,556 INFO trial epoch 8/10 batch 65/66 (98%) running_loss=0.7710
2026-08-14 09:19:07,863 INFO trial epoch 8/10 batch 66/66 (100%) running_loss=0.7711
2026-08-14 09:19:10,338 INFO trial epoch 8/10 done: train_loss=0.7711 val_macro_auc=0.8120
2026-08-14 09:19:17,046 INFO trial epoch 9/10 batch 13/66 (20%) running_loss=0.8335
2026-08-14 09:19:23,340 INFO trial epoch 9/10 batch 26/66 (39%) running_loss=0.7885
2026-08-14 09:19:29,635 INFO trial epoch 9/10 batch 39/66 (59%) running_loss=0.7804
2026-08-14 09:19:35,930 INFO trial epoch 9/10 batch 52/66 (79%) running_loss=0.7711
2026-08-14 09:19:42,225 INFO trial epoch 9/10 batch 65/66 (98%) running_loss=0.7553
2026-08-14 09:19:42,532 INFO trial epoch 9/10 batch 66/66 (100%) running_loss=0.7543
2026-08-14 09:19:45,026 INFO trial epoch 9/10 done: train_loss=0.7543 val_macro_auc=0.7939
2026-08-14 09:19:51,733 INFO trial epoch 10/10 batch 13/66 (20%) running_loss=0.6865
2026-08-14 09:19:58,024 INFO trial epoch 10/10 batch 26/66 (39%) running_loss=0.7198
2026-08-14 09:20:04,327 INFO trial epoch 10/10 batch 39/66 (59%) running_loss=0.7150
2026-08-14 09:20:10,624 INFO trial epoch 10/10 batch 52/66 (79%) running_loss=0.7302
2026-08-14 09:20:16,920 INFO trial epoch 10/10 batch 65/66 (98%) running_loss=0.7251
2026-08-14 09:20:17,227 INFO trial epoch 10/10 batch 66/66 (100%) running_loss=0.7242
2026-08-14 09:20:19,707 INFO trial epoch 10/10 done: train_loss=0.7242 val_macro_auc=0.7976
2026-08-14 09:20:19,857 INFO Trial 7/25: finished val_macro_auc=0.8012 (best so far: 0.8322)
2026-08-14 09:20:19,860 INFO Trial 8/25: starting (10 trial epochs)
2026-08-14 09:20:26,725 INFO trial epoch 1/10 batch 13/66 (20%) running_loss=1.2678
2026-08-14 09:20:33,031 INFO trial epoch 1/10 batch 26/66 (39%) running_loss=1.2698
2026-08-14 09:20:39,335 INFO trial epoch 1/10 batch 39/66 (59%) running_loss=1.2276
2026-08-14 09:20:45,638 INFO trial epoch 1/10 batch 52/66 (79%) running_loss=1.2002
2026-08-14 09:20:51,936 INFO trial epoch 1/10 batch 65/66 (98%) running_loss=1.1857
2026-08-14 09:20:52,244 INFO trial epoch 1/10 batch 66/66 (100%) running_loss=1.1846
2026-08-14 09:20:54,730 INFO trial epoch 1/10 done: train_loss=1.1846 val_macro_auc=0.5280
2026-08-14 09:21:01,426 INFO trial epoch 2/10 batch 13/66 (20%) running_loss=1.1244
2026-08-14 09:21:07,724 INFO trial epoch 2/10 batch 26/66 (39%) running_loss=1.1182
2026-08-14 09:21:14,023 INFO trial epoch 2/10 batch 39/66 (59%) running_loss=1.1195
2026-08-14 09:21:20,317 INFO trial epoch 2/10 batch 52/66 (79%) running_loss=1.1090
2026-08-14 09:21:26,615 INFO trial epoch 2/10 batch 65/66 (98%) running_loss=1.1023
2026-08-14 09:21:26,921 INFO trial epoch 2/10 batch 66/66 (100%) running_loss=1.1043
2026-08-14 09:21:29,404 INFO trial epoch 2/10 done: train_loss=1.1043 val_macro_auc=0.6339
2026-08-14 09:21:36,120 INFO trial epoch 3/10 batch 13/66 (20%) running_loss=1.1020
2026-08-14 09:21:42,532 INFO trial epoch 3/10 batch 26/66 (39%) running_loss=1.0679
2026-08-14 09:21:48,833 INFO trial epoch 3/10 batch 39/66 (59%) running_loss=1.0438
2026-08-14 09:21:55,132 INFO trial epoch 3/10 batch 52/66 (79%) running_loss=1.0329
2026-08-14 09:22:01,426 INFO trial epoch 3/10 batch 65/66 (98%) running_loss=1.0180
2026-08-14 09:22:01,733 INFO trial epoch 3/10 batch 66/66 (100%) running_loss=1.0182
2026-08-14 09:22:04,206 INFO trial epoch 3/10 done: train_loss=1.0182 val_macro_auc=0.7375
2026-08-14 09:22:10,901 INFO trial epoch 4/10 batch 13/66 (20%) running_loss=0.9470
2026-08-14 09:22:17,195 INFO trial epoch 4/10 batch 26/66 (39%) running_loss=0.9492
2026-08-14 09:22:23,492 INFO trial epoch 4/10 batch 39/66 (59%) running_loss=0.9560
2026-08-14 09:22:29,790 INFO trial epoch 4/10 batch 52/66 (79%) running_loss=0.9434
2026-08-14 09:22:36,082 INFO trial epoch 4/10 batch 65/66 (98%) running_loss=0.9348
2026-08-14 09:22:36,388 INFO trial epoch 4/10 batch 66/66 (100%) running_loss=0.9354
2026-08-14 09:22:38,874 INFO trial epoch 4/10 done: train_loss=0.9354 val_macro_auc=0.7567
2026-08-14 09:22:45,576 INFO trial epoch 5/10 batch 13/66 (20%) running_loss=0.9033
2026-08-14 09:22:51,872 INFO trial epoch 5/10 batch 26/66 (39%) running_loss=0.8675
2026-08-14 09:22:58,169 INFO trial epoch 5/10 batch 39/66 (59%) running_loss=0.8883
2026-08-14 09:23:04,462 INFO trial epoch 5/10 batch 52/66 (79%) running_loss=0.8835
2026-08-14 09:23:10,756 INFO trial epoch 5/10 batch 65/66 (98%) running_loss=0.8887
2026-08-14 09:23:11,061 INFO trial epoch 5/10 batch 66/66 (100%) running_loss=0.8873
2026-08-14 09:23:13,550 INFO trial epoch 5/10 done: train_loss=0.8873 val_macro_auc=0.7736
2026-08-14 09:23:20,260 INFO trial epoch 6/10 batch 13/66 (20%) running_loss=0.8688
2026-08-14 09:23:26,556 INFO trial epoch 6/10 batch 26/66 (39%) running_loss=0.8612
2026-08-14 09:23:32,852 INFO trial epoch 6/10 batch 39/66 (59%) running_loss=0.8486
2026-08-14 09:23:39,147 INFO trial epoch 6/10 batch 52/66 (79%) running_loss=0.8425
2026-08-14 09:23:45,436 INFO trial epoch 6/10 batch 65/66 (98%) running_loss=0.8399
2026-08-14 09:23:45,742 INFO trial epoch 6/10 batch 66/66 (100%) running_loss=0.8386
2026-08-14 09:23:48,219 INFO trial epoch 6/10 done: train_loss=0.8386 val_macro_auc=0.7841
2026-08-14 09:23:54,913 INFO trial epoch 7/10 batch 13/66 (20%) running_loss=0.7857
2026-08-14 09:24:01,207 INFO trial epoch 7/10 batch 26/66 (39%) running_loss=0.8080
2026-08-14 09:24:07,496 INFO trial epoch 7/10 batch 39/66 (59%) running_loss=0.8244
2026-08-14 09:24:13,792 INFO trial epoch 7/10 batch 52/66 (79%) running_loss=0.8125
2026-08-14 09:24:20,085 INFO trial epoch 7/10 batch 65/66 (98%) running_loss=0.8078
2026-08-14 09:24:20,391 INFO trial epoch 7/10 batch 66/66 (100%) running_loss=0.8081
2026-08-14 09:24:22,874 INFO trial epoch 7/10 done: train_loss=0.8081 val_macro_auc=0.7755
2026-08-14 09:24:29,575 INFO trial epoch 8/10 batch 13/66 (20%) running_loss=0.8517
2026-08-14 09:24:35,872 INFO trial epoch 8/10 batch 26/66 (39%) running_loss=0.8217
2026-08-14 09:24:42,168 INFO trial epoch 8/10 batch 39/66 (59%) running_loss=0.7995
2026-08-14 09:24:48,462 INFO trial epoch 8/10 batch 52/66 (79%) running_loss=0.7970
2026-08-14 09:24:54,757 INFO trial epoch 8/10 batch 65/66 (98%) running_loss=0.7829
2026-08-14 09:24:55,065 INFO trial epoch 8/10 batch 66/66 (100%) running_loss=0.7802
2026-08-14 09:24:57,536 INFO trial epoch 8/10 done: train_loss=0.7802 val_macro_auc=0.7943
2026-08-14 09:25:04,260 INFO trial epoch 9/10 batch 13/66 (20%) running_loss=0.7880
2026-08-14 09:25:10,561 INFO trial epoch 9/10 batch 26/66 (39%) running_loss=0.7612
2026-08-14 09:25:16,862 INFO trial epoch 9/10 batch 39/66 (59%) running_loss=0.7549
2026-08-14 09:25:23,154 INFO trial epoch 9/10 batch 52/66 (79%) running_loss=0.7563
2026-08-14 09:25:29,451 INFO trial epoch 9/10 batch 65/66 (98%) running_loss=0.7584
2026-08-14 09:25:29,758 INFO trial epoch 9/10 batch 66/66 (100%) running_loss=0.7595
2026-08-14 09:25:32,238 INFO trial epoch 9/10 done: train_loss=0.7595 val_macro_auc=0.8054
2026-08-14 09:25:38,959 INFO trial epoch 10/10 batch 13/66 (20%) running_loss=0.7337
2026-08-14 09:25:45,252 INFO trial epoch 10/10 batch 26/66 (39%) running_loss=0.7435
2026-08-14 09:25:51,547 INFO trial epoch 10/10 batch 39/66 (59%) running_loss=0.7513
2026-08-14 09:25:57,837 INFO trial epoch 10/10 batch 52/66 (79%) running_loss=0.7462
2026-08-14 09:26:04,122 INFO trial epoch 10/10 batch 65/66 (98%) running_loss=0.7500
2026-08-14 09:26:04,426 INFO trial epoch 10/10 batch 66/66 (100%) running_loss=0.7537
2026-08-14 09:26:06,910 INFO trial epoch 10/10 done: train_loss=0.7537 val_macro_auc=0.8036
2026-08-14 09:26:07,056 INFO Trial 8/25: finished val_macro_auc=0.8011 (best so far: 0.8322)
2026-08-14 09:26:07,059 INFO Trial 9/25: starting (10 trial epochs)
2026-08-14 09:26:13,918 INFO trial epoch 1/10 batch 13/66 (20%) running_loss=1.1665
2026-08-14 09:26:20,220 INFO trial epoch 1/10 batch 26/66 (39%) running_loss=1.1558
2026-08-14 09:26:26,520 INFO trial epoch 1/10 batch 39/66 (59%) running_loss=1.1506
2026-08-14 09:26:32,822 INFO trial epoch 1/10 batch 52/66 (79%) running_loss=1.1377
2026-08-14 09:26:39,121 INFO trial epoch 1/10 batch 65/66 (98%) running_loss=1.1300
2026-08-14 09:26:39,427 INFO trial epoch 1/10 batch 66/66 (100%) running_loss=1.1279
2026-08-14 09:26:41,890 INFO trial epoch 1/10 done: train_loss=1.1279 val_macro_auc=0.7289
2026-08-14 09:26:48,611 INFO trial epoch 2/10 batch 13/66 (20%) running_loss=1.0716
2026-08-14 09:26:54,908 INFO trial epoch 2/10 batch 26/66 (39%) running_loss=1.0174
2026-08-14 09:27:01,210 INFO trial epoch 2/10 batch 39/66 (59%) running_loss=1.0187
2026-08-14 09:27:07,509 INFO trial epoch 2/10 batch 52/66 (79%) running_loss=1.0138
2026-08-14 09:27:13,809 INFO trial epoch 2/10 batch 65/66 (98%) running_loss=1.0124
2026-08-14 09:27:14,115 INFO trial epoch 2/10 batch 66/66 (100%) running_loss=1.0121
2026-08-14 09:27:16,592 INFO trial epoch 2/10 done: train_loss=1.0121 val_macro_auc=0.7789
2026-08-14 09:27:23,308 INFO trial epoch 3/10 batch 13/66 (20%) running_loss=0.9920
2026-08-14 09:27:29,722 INFO trial epoch 3/10 batch 26/66 (39%) running_loss=1.0037
2026-08-14 09:27:36,013 INFO trial epoch 3/10 batch 39/66 (59%) running_loss=0.9902
2026-08-14 09:27:42,309 INFO trial epoch 3/10 batch 52/66 (79%) running_loss=0.9620
2026-08-14 09:27:48,605 INFO trial epoch 3/10 batch 65/66 (98%) running_loss=0.9517
2026-08-14 09:27:48,910 INFO trial epoch 3/10 batch 66/66 (100%) running_loss=0.9493
2026-08-14 09:27:51,386 INFO trial epoch 3/10 done: train_loss=0.9493 val_macro_auc=0.7636
2026-08-14 09:27:58,109 INFO trial epoch 4/10 batch 13/66 (20%) running_loss=0.9251
2026-08-14 09:28:04,399 INFO trial epoch 4/10 batch 26/66 (39%) running_loss=0.8886
2026-08-14 09:28:10,696 INFO trial epoch 4/10 batch 39/66 (59%) running_loss=0.8866
2026-08-14 09:28:16,988 INFO trial epoch 4/10 batch 52/66 (79%) running_loss=0.8749
2026-08-14 09:28:23,285 INFO trial epoch 4/10 batch 65/66 (98%) running_loss=0.8666
2026-08-14 09:28:23,591 INFO trial epoch 4/10 batch 66/66 (100%) running_loss=0.8664
2026-08-14 09:28:26,077 INFO trial epoch 4/10 done: train_loss=0.8664 val_macro_auc=0.8073
2026-08-14 09:28:32,800 INFO trial epoch 5/10 batch 13/66 (20%) running_loss=0.8513
2026-08-14 09:28:39,103 INFO trial epoch 5/10 batch 26/66 (39%) running_loss=0.8544
2026-08-14 09:28:45,404 INFO trial epoch 5/10 batch 39/66 (59%) running_loss=0.8248
2026-08-14 09:28:51,706 INFO trial epoch 5/10 batch 52/66 (79%) running_loss=0.8342
2026-08-14 09:28:58,004 INFO trial epoch 5/10 batch 65/66 (98%) running_loss=0.8219
2026-08-14 09:28:58,310 INFO trial epoch 5/10 batch 66/66 (100%) running_loss=0.8198
2026-08-14 09:29:00,777 INFO trial epoch 5/10 done: train_loss=0.8198 val_macro_auc=0.8154
2026-08-14 09:29:07,489 INFO trial epoch 6/10 batch 13/66 (20%) running_loss=0.7341
2026-08-14 09:29:13,793 INFO trial epoch 6/10 batch 26/66 (39%) running_loss=0.7441
2026-08-14 09:29:20,095 INFO trial epoch 6/10 batch 39/66 (59%) running_loss=0.7526
2026-08-14 09:29:26,395 INFO trial epoch 6/10 batch 52/66 (79%) running_loss=0.7519
2026-08-14 09:29:32,696 INFO trial epoch 6/10 batch 65/66 (98%) running_loss=0.7590
2026-08-14 09:29:33,002 INFO trial epoch 6/10 batch 66/66 (100%) running_loss=0.7598
2026-08-14 09:29:35,476 INFO trial epoch 6/10 done: train_loss=0.7598 val_macro_auc=0.8337
2026-08-14 09:29:42,188 INFO trial epoch 7/10 batch 13/66 (20%) running_loss=0.7482
2026-08-14 09:29:48,482 INFO trial epoch 7/10 batch 26/66 (39%) running_loss=0.7272
2026-08-14 09:29:54,778 INFO trial epoch 7/10 batch 39/66 (59%) running_loss=0.7409
2026-08-14 09:30:01,075 INFO trial epoch 7/10 batch 52/66 (79%) running_loss=0.7324
2026-08-14 09:30:07,369 INFO trial epoch 7/10 batch 65/66 (98%) running_loss=0.7351
2026-08-14 09:30:07,675 INFO trial epoch 7/10 batch 66/66 (100%) running_loss=0.7327
2026-08-14 09:30:10,156 INFO trial epoch 7/10 done: train_loss=0.7327 val_macro_auc=0.8121
2026-08-14 09:30:16,858 INFO trial epoch 8/10 batch 13/66 (20%) running_loss=0.7366
2026-08-14 09:30:23,157 INFO trial epoch 8/10 batch 26/66 (39%) running_loss=0.7441
2026-08-14 09:30:29,455 INFO trial epoch 8/10 batch 39/66 (59%) running_loss=0.7242
2026-08-14 09:30:35,752 INFO trial epoch 8/10 batch 52/66 (79%) running_loss=0.7238
2026-08-14 09:30:42,047 INFO trial epoch 8/10 batch 65/66 (98%) running_loss=0.7187
2026-08-14 09:30:42,353 INFO trial epoch 8/10 batch 66/66 (100%) running_loss=0.7177
2026-08-14 09:30:44,829 INFO trial epoch 8/10 done: train_loss=0.7177 val_macro_auc=0.8439
2026-08-14 09:30:51,521 INFO trial epoch 9/10 batch 13/66 (20%) running_loss=0.7478
2026-08-14 09:30:57,820 INFO trial epoch 9/10 batch 26/66 (39%) running_loss=0.7470
2026-08-14 09:31:04,112 INFO trial epoch 9/10 batch 39/66 (59%) running_loss=0.7214
2026-08-14 09:31:10,406 INFO trial epoch 9/10 batch 52/66 (79%) running_loss=0.7049
2026-08-14 09:31:16,699 INFO trial epoch 9/10 batch 65/66 (98%) running_loss=0.7010
2026-08-14 09:31:17,006 INFO trial epoch 9/10 batch 66/66 (100%) running_loss=0.7027
2026-08-14 09:31:19,493 INFO trial epoch 9/10 done: train_loss=0.7027 val_macro_auc=0.8384
2026-08-14 09:31:26,203 INFO trial epoch 10/10 batch 13/66 (20%) running_loss=0.6819
2026-08-14 09:31:32,497 INFO trial epoch 10/10 batch 26/66 (39%) running_loss=0.6805
2026-08-14 09:31:38,796 INFO trial epoch 10/10 batch 39/66 (59%) running_loss=0.6972
2026-08-14 09:31:45,090 INFO trial epoch 10/10 batch 52/66 (79%) running_loss=0.6902
2026-08-14 09:31:51,387 INFO trial epoch 10/10 batch 65/66 (98%) running_loss=0.6974
2026-08-14 09:31:51,693 INFO trial epoch 10/10 batch 66/66 (100%) running_loss=0.7024
2026-08-14 09:31:54,173 INFO trial epoch 10/10 done: train_loss=0.7024 val_macro_auc=0.8364
2026-08-14 09:31:54,319 INFO Trial 9/25: finished val_macro_auc=0.8396 (best so far: 0.8396)
2026-08-14 09:31:54,322 INFO Trial 10/25: starting (10 trial epochs)
2026-08-14 09:32:01,190 INFO trial epoch 1/10 batch 13/66 (20%) running_loss=1.1384
2026-08-14 09:32:07,491 INFO trial epoch 1/10 batch 26/66 (39%) running_loss=1.1485
2026-08-14 09:32:13,796 INFO trial epoch 1/10 batch 39/66 (59%) running_loss=1.1256
2026-08-14 09:32:20,099 INFO trial epoch 1/10 batch 52/66 (79%) running_loss=1.1273
2026-08-14 09:32:26,393 INFO trial epoch 1/10 batch 65/66 (98%) running_loss=1.1141
2026-08-14 09:32:26,698 INFO trial epoch 1/10 batch 66/66 (100%) running_loss=1.1131
2026-08-14 09:32:29,174 INFO trial epoch 1/10 done: train_loss=1.1131 val_macro_auc=0.7038
2026-08-14 09:32:35,898 INFO trial epoch 2/10 batch 13/66 (20%) running_loss=1.0878
2026-08-14 09:32:42,201 INFO trial epoch 2/10 batch 26/66 (39%) running_loss=1.1047
2026-08-14 09:32:48,506 INFO trial epoch 2/10 batch 39/66 (59%) running_loss=1.0997
2026-08-14 09:32:54,806 INFO trial epoch 2/10 batch 52/66 (79%) running_loss=1.0953
2026-08-14 09:33:01,108 INFO trial epoch 2/10 batch 65/66 (98%) running_loss=1.0871
2026-08-14 09:33:01,413 INFO trial epoch 2/10 batch 66/66 (100%) running_loss=1.0881
2026-08-14 09:33:03,887 INFO trial epoch 2/10 done: train_loss=1.0881 val_macro_auc=0.7312
2026-08-14 09:33:10,592 INFO trial epoch 3/10 batch 13/66 (20%) running_loss=1.0079
2026-08-14 09:33:17,000 INFO trial epoch 3/10 batch 26/66 (39%) running_loss=1.0022
2026-08-14 09:33:23,299 INFO trial epoch 3/10 batch 39/66 (59%) running_loss=1.0015
2026-08-14 09:33:29,594 INFO trial epoch 3/10 batch 52/66 (79%) running_loss=0.9996
2026-08-14 09:33:35,889 INFO trial epoch 3/10 batch 65/66 (98%) running_loss=0.9860
2026-08-14 09:33:36,196 INFO trial epoch 3/10 batch 66/66 (100%) running_loss=0.9889
2026-08-14 09:33:38,679 INFO trial epoch 3/10 done: train_loss=0.9889 val_macro_auc=0.7252
2026-08-14 09:33:45,379 INFO trial epoch 4/10 batch 13/66 (20%) running_loss=0.9436
2026-08-14 09:33:51,673 INFO trial epoch 4/10 batch 26/66 (39%) running_loss=0.9628
2026-08-14 09:33:57,970 INFO trial epoch 4/10 batch 39/66 (59%) running_loss=0.9716
2026-08-14 09:34:04,266 INFO trial epoch 4/10 batch 52/66 (79%) running_loss=0.9537
2026-08-14 09:34:10,562 INFO trial epoch 4/10 batch 65/66 (98%) running_loss=0.9530
2026-08-14 09:34:10,867 INFO trial epoch 4/10 batch 66/66 (100%) running_loss=0.9549
2026-08-14 09:34:13,351 INFO trial epoch 4/10 done: train_loss=0.9549 val_macro_auc=0.7350
2026-08-14 09:34:20,049 INFO trial epoch 5/10 batch 13/66 (20%) running_loss=0.9177
2026-08-14 09:34:26,339 INFO trial epoch 5/10 batch 26/66 (39%) running_loss=0.9216
2026-08-14 09:34:32,633 INFO trial epoch 5/10 batch 39/66 (59%) running_loss=0.9194
2026-08-14 09:34:38,922 INFO trial epoch 5/10 batch 52/66 (79%) running_loss=0.9260
2026-08-14 09:34:45,214 INFO trial epoch 5/10 batch 65/66 (98%) running_loss=0.9206
2026-08-14 09:34:45,520 INFO trial epoch 5/10 batch 66/66 (100%) running_loss=0.9200
2026-08-14 09:34:47,992 INFO trial epoch 5/10 done: train_loss=0.9200 val_macro_auc=0.7702
2026-08-14 09:34:54,694 INFO trial epoch 6/10 batch 13/66 (20%) running_loss=0.8870
2026-08-14 09:35:00,987 INFO trial epoch 6/10 batch 26/66 (39%) running_loss=0.8693
2026-08-14 09:35:07,279 INFO trial epoch 6/10 batch 39/66 (59%) running_loss=0.8714
2026-08-14 09:35:13,566 INFO trial epoch 6/10 batch 52/66 (79%) running_loss=0.8764
2026-08-14 09:35:19,860 INFO trial epoch 6/10 batch 65/66 (98%) running_loss=0.8847
2026-08-14 09:35:20,166 INFO trial epoch 6/10 batch 66/66 (100%) running_loss=0.8844
2026-08-14 09:35:22,651 INFO trial epoch 6/10 done: train_loss=0.8844 val_macro_auc=0.7805
2026-08-14 09:35:29,340 INFO trial epoch 7/10 batch 13/66 (20%) running_loss=0.8782
2026-08-14 09:35:35,632 INFO trial epoch 7/10 batch 26/66 (39%) running_loss=0.8794
2026-08-14 09:35:41,933 INFO trial epoch 7/10 batch 39/66 (59%) running_loss=0.8705
2026-08-14 09:35:48,228 INFO trial epoch 7/10 batch 52/66 (79%) running_loss=0.8527
2026-08-14 09:35:54,523 INFO trial epoch 7/10 batch 65/66 (98%) running_loss=0.8481
2026-08-14 09:35:54,829 INFO trial epoch 7/10 batch 66/66 (100%) running_loss=0.8479
2026-08-14 09:35:57,320 INFO trial epoch 7/10 done: train_loss=0.8479 val_macro_auc=0.8005
2026-08-14 09:36:04,029 INFO trial epoch 8/10 batch 13/66 (20%) running_loss=0.7986
2026-08-14 09:36:10,318 INFO trial epoch 8/10 batch 26/66 (39%) running_loss=0.8091
2026-08-14 09:36:16,612 INFO trial epoch 8/10 batch 39/66 (59%) running_loss=0.8236
2026-08-14 09:36:22,904 INFO trial epoch 8/10 batch 52/66 (79%) running_loss=0.8385
2026-08-14 09:36:29,203 INFO trial epoch 8/10 batch 65/66 (98%) running_loss=0.8388
2026-08-14 09:36:29,510 INFO trial epoch 8/10 batch 66/66 (100%) running_loss=0.8363
2026-08-14 09:36:31,988 INFO trial epoch 8/10 done: train_loss=0.8363 val_macro_auc=0.7827
2026-08-14 09:36:38,694 INFO trial epoch 9/10 batch 13/66 (20%) running_loss=0.8467
2026-08-14 09:36:44,989 INFO trial epoch 9/10 batch 26/66 (39%) running_loss=0.8241
2026-08-14 09:36:51,280 INFO trial epoch 9/10 batch 39/66 (59%) running_loss=0.8221
2026-08-14 09:36:57,578 INFO trial epoch 9/10 batch 52/66 (79%) running_loss=0.8296
2026-08-14 09:37:03,878 INFO trial epoch 9/10 batch 65/66 (98%) running_loss=0.8152
2026-08-14 09:37:04,185 INFO trial epoch 9/10 batch 66/66 (100%) running_loss=0.8134
2026-08-14 09:37:06,664 INFO trial epoch 9/10 done: train_loss=0.8134 val_macro_auc=0.7485
2026-08-14 09:37:13,377 INFO trial epoch 10/10 batch 13/66 (20%) running_loss=0.7643
2026-08-14 09:37:19,672 INFO trial epoch 10/10 batch 26/66 (39%) running_loss=0.7815
2026-08-14 09:37:25,970 INFO trial epoch 10/10 batch 39/66 (59%) running_loss=0.7887
2026-08-14 09:37:32,267 INFO trial epoch 10/10 batch 52/66 (79%) running_loss=0.7893
2026-08-14 09:37:38,565 INFO trial epoch 10/10 batch 65/66 (98%) running_loss=0.7988
2026-08-14 09:37:38,872 INFO trial epoch 10/10 batch 66/66 (100%) running_loss=0.7956
2026-08-14 09:37:41,359 INFO trial epoch 10/10 done: train_loss=0.7956 val_macro_auc=0.7518
2026-08-14 09:37:41,506 INFO Trial 10/25: finished val_macro_auc=0.7610 (best so far: 0.8396)
2026-08-14 09:37:41,512 INFO Trial 11/25: starting (10 trial epochs)
2026-08-14 09:37:48,403 INFO trial epoch 1/10 batch 13/66 (20%) running_loss=1.1576
2026-08-14 09:37:54,706 INFO trial epoch 1/10 batch 26/66 (39%) running_loss=1.1494
2026-08-14 09:38:00,999 INFO trial epoch 1/10 batch 39/66 (59%) running_loss=1.1446
2026-08-14 09:38:07,300 INFO trial epoch 1/10 batch 52/66 (79%) running_loss=1.1580
2026-08-14 09:38:13,600 INFO trial epoch 1/10 batch 65/66 (98%) running_loss=1.1523
2026-08-14 09:38:13,907 INFO trial epoch 1/10 batch 66/66 (100%) running_loss=1.1522
2026-08-14 09:38:16,374 INFO trial epoch 1/10 done: train_loss=1.1522 val_macro_auc=0.3973
2026-08-14 09:38:23,083 INFO trial epoch 2/10 batch 13/66 (20%) running_loss=1.1282
2026-08-14 09:38:29,384 INFO trial epoch 2/10 batch 26/66 (39%) running_loss=1.1123
2026-08-14 09:38:35,684 INFO trial epoch 2/10 batch 39/66 (59%) running_loss=1.1065
2026-08-14 09:38:41,983 INFO trial epoch 2/10 batch 52/66 (79%) running_loss=1.0886
2026-08-14 09:38:48,281 INFO trial epoch 2/10 batch 65/66 (98%) running_loss=1.0859
2026-08-14 09:38:48,588 INFO trial epoch 2/10 batch 66/66 (100%) running_loss=1.0853
2026-08-14 09:38:51,056 INFO trial epoch 2/10 done: train_loss=1.0853 val_macro_auc=0.7737
2026-08-14 09:38:57,779 INFO trial epoch 3/10 batch 13/66 (20%) running_loss=1.0448
2026-08-14 09:39:04,202 INFO trial epoch 3/10 batch 26/66 (39%) running_loss=1.0447
2026-08-14 09:39:10,507 INFO trial epoch 3/10 batch 39/66 (59%) running_loss=1.0422
2026-08-14 09:39:16,809 INFO trial epoch 3/10 batch 52/66 (79%) running_loss=1.0421
2026-08-14 09:39:23,101 INFO trial epoch 3/10 batch 65/66 (98%) running_loss=1.0403
2026-08-14 09:39:23,407 INFO trial epoch 3/10 batch 66/66 (100%) running_loss=1.0408
2026-08-14 09:39:25,874 INFO trial epoch 3/10 done: train_loss=1.0408 val_macro_auc=0.7782
2026-08-14 09:39:32,584 INFO trial epoch 4/10 batch 13/66 (20%) running_loss=0.9774
2026-08-14 09:39:38,884 INFO trial epoch 4/10 batch 26/66 (39%) running_loss=0.9576
2026-08-14 09:39:45,181 INFO trial epoch 4/10 batch 39/66 (59%) running_loss=0.9702
2026-08-14 09:39:51,486 INFO trial epoch 4/10 batch 52/66 (79%) running_loss=0.9721
2026-08-14 09:39:57,784 INFO trial epoch 4/10 batch 65/66 (98%) running_loss=0.9662
2026-08-14 09:39:58,092 INFO trial epoch 4/10 batch 66/66 (100%) running_loss=0.9675
2026-08-14 09:40:00,562 INFO trial epoch 4/10 done: train_loss=0.9675 val_macro_auc=0.7727
2026-08-14 09:40:07,269 INFO trial epoch 5/10 batch 13/66 (20%) running_loss=0.9262
2026-08-14 09:40:13,566 INFO trial epoch 5/10 batch 26/66 (39%) running_loss=0.9432
2026-08-14 09:40:19,859 INFO trial epoch 5/10 batch 39/66 (59%) running_loss=0.9470
2026-08-14 09:40:26,155 INFO trial epoch 5/10 batch 52/66 (79%) running_loss=0.9273
2026-08-14 09:40:32,452 INFO trial epoch 5/10 batch 65/66 (98%) running_loss=0.9176
2026-08-14 09:40:32,760 INFO trial epoch 5/10 batch 66/66 (100%) running_loss=0.9172
2026-08-14 09:40:35,223 INFO trial epoch 5/10 done: train_loss=0.9172 val_macro_auc=0.7913
2026-08-14 09:40:41,943 INFO trial epoch 6/10 batch 13/66 (20%) running_loss=0.8293
2026-08-14 09:40:48,236 INFO trial epoch 6/10 batch 26/66 (39%) running_loss=0.8505
2026-08-14 09:40:54,532 INFO trial epoch 6/10 batch 39/66 (59%) running_loss=0.8721
2026-08-14 09:41:00,830 INFO trial epoch 6/10 batch 52/66 (79%) running_loss=0.8784
2026-08-14 09:41:07,127 INFO trial epoch 6/10 batch 65/66 (98%) running_loss=0.8790
2026-08-14 09:41:07,433 INFO trial epoch 6/10 batch 66/66 (100%) running_loss=0.8783
2026-08-14 09:41:09,903 INFO trial epoch 6/10 done: train_loss=0.8783 val_macro_auc=0.7809
2026-08-14 09:41:16,621 INFO trial epoch 7/10 batch 13/66 (20%) running_loss=0.8697
2026-08-14 09:41:22,922 INFO trial epoch 7/10 batch 26/66 (39%) running_loss=0.8644
2026-08-14 09:41:29,219 INFO trial epoch 7/10 batch 39/66 (59%) running_loss=0.8472
2026-08-14 09:41:35,517 INFO trial epoch 7/10 batch 52/66 (79%) running_loss=0.8377
2026-08-14 09:41:41,814 INFO trial epoch 7/10 batch 65/66 (98%) running_loss=0.8454
2026-08-14 09:41:42,120 INFO trial epoch 7/10 batch 66/66 (100%) running_loss=0.8453
2026-08-14 09:41:44,602 INFO trial epoch 7/10 done: train_loss=0.8453 val_macro_auc=0.8077
2026-08-14 09:41:51,305 INFO trial epoch 8/10 batch 13/66 (20%) running_loss=0.8573
2026-08-14 09:41:57,600 INFO trial epoch 8/10 batch 26/66 (39%) running_loss=0.8118
2026-08-14 09:42:03,897 INFO trial epoch 8/10 batch 39/66 (59%) running_loss=0.8202
2026-08-14 09:42:10,199 INFO trial epoch 8/10 batch 52/66 (79%) running_loss=0.8174
2026-08-14 09:42:16,497 INFO trial epoch 8/10 batch 65/66 (98%) running_loss=0.8081
2026-08-14 09:42:16,804 INFO trial epoch 8/10 batch 66/66 (100%) running_loss=0.8062
2026-08-14 09:42:19,275 INFO trial epoch 8/10 done: train_loss=0.8062 val_macro_auc=0.7880
2026-08-14 09:42:25,980 INFO trial epoch 9/10 batch 13/66 (20%) running_loss=0.7631
2026-08-14 09:42:32,276 INFO trial epoch 9/10 batch 26/66 (39%) running_loss=0.8082
2026-08-14 09:42:38,574 INFO trial epoch 9/10 batch 39/66 (59%) running_loss=0.7837
2026-08-14 09:42:44,876 INFO trial epoch 9/10 batch 52/66 (79%) running_loss=0.7837
2026-08-14 09:42:51,176 INFO trial epoch 9/10 batch 65/66 (98%) running_loss=0.7772
2026-08-14 09:42:51,483 INFO trial epoch 9/10 batch 66/66 (100%) running_loss=0.7765
2026-08-14 09:42:53,948 INFO trial epoch 9/10 done: train_loss=0.7765 val_macro_auc=0.8074
2026-08-14 09:43:00,649 INFO trial epoch 10/10 batch 13/66 (20%) running_loss=0.7397
2026-08-14 09:43:06,947 INFO trial epoch 10/10 batch 26/66 (39%) running_loss=0.7758
2026-08-14 09:43:13,249 INFO trial epoch 10/10 batch 39/66 (59%) running_loss=0.7596
2026-08-14 09:43:19,542 INFO trial epoch 10/10 batch 52/66 (79%) running_loss=0.7588
2026-08-14 09:43:25,836 INFO trial epoch 10/10 batch 65/66 (98%) running_loss=0.7480
2026-08-14 09:43:26,143 INFO trial epoch 10/10 batch 66/66 (100%) running_loss=0.7498
2026-08-14 09:43:28,635 INFO trial epoch 10/10 done: train_loss=0.7498 val_macro_auc=0.7976
2026-08-14 09:43:28,778 INFO Trial 11/25: finished val_macro_auc=0.7977 (best so far: 0.8396)
2026-08-14 09:43:28,781 INFO Trial 12/25: starting (10 trial epochs)
2026-08-14 09:43:35,651 INFO trial epoch 1/10 batch 13/66 (20%) running_loss=1.1116
2026-08-14 09:43:41,955 INFO trial epoch 1/10 batch 26/66 (39%) running_loss=1.1473
2026-08-14 09:43:48,256 INFO trial epoch 1/10 batch 39/66 (59%) running_loss=1.1375
2026-08-14 09:43:54,554 INFO trial epoch 1/10 batch 52/66 (79%) running_loss=1.1314
2026-08-14 09:44:00,850 INFO trial epoch 1/10 batch 65/66 (98%) running_loss=1.1311
2026-08-14 09:44:01,156 INFO trial epoch 1/10 batch 66/66 (100%) running_loss=1.1307
2026-08-14 09:44:03,629 INFO trial epoch 1/10 done: train_loss=1.1307 val_macro_auc=0.5276
2026-08-14 09:44:10,341 INFO trial epoch 2/10 batch 13/66 (20%) running_loss=1.0477
2026-08-14 09:44:16,647 INFO trial epoch 2/10 batch 26/66 (39%) running_loss=1.0416
2026-08-14 09:44:22,955 INFO trial epoch 2/10 batch 39/66 (59%) running_loss=1.0341
2026-08-14 09:44:29,256 INFO trial epoch 2/10 batch 52/66 (79%) running_loss=1.0449
2026-08-14 09:44:35,560 INFO trial epoch 2/10 batch 65/66 (98%) running_loss=1.0506
2026-08-14 09:44:35,866 INFO trial epoch 2/10 batch 66/66 (100%) running_loss=1.0506
2026-08-14 09:44:38,340 INFO trial epoch 2/10 done: train_loss=1.0506 val_macro_auc=0.7617
2026-08-14 09:44:45,056 INFO trial epoch 3/10 batch 13/66 (20%) running_loss=1.0901
2026-08-14 09:44:51,480 INFO trial epoch 3/10 batch 26/66 (39%) running_loss=1.0619
2026-08-14 09:44:57,793 INFO trial epoch 3/10 batch 39/66 (59%) running_loss=1.0538
2026-08-14 09:45:04,098 INFO trial epoch 3/10 batch 52/66 (79%) running_loss=1.0309
2026-08-14 09:45:10,404 INFO trial epoch 3/10 batch 65/66 (98%) running_loss=0.9985
2026-08-14 09:45:10,710 INFO trial epoch 3/10 batch 66/66 (100%) running_loss=0.9998
2026-08-14 09:45:13,193 INFO trial epoch 3/10 done: train_loss=0.9998 val_macro_auc=0.7696
2026-08-14 09:45:19,915 INFO trial epoch 4/10 batch 13/66 (20%) running_loss=0.9514
2026-08-14 09:45:26,211 INFO trial epoch 4/10 batch 26/66 (39%) running_loss=0.9389
2026-08-14 09:45:32,510 INFO trial epoch 4/10 batch 39/66 (59%) running_loss=0.9338
2026-08-14 09:45:38,803 INFO trial epoch 4/10 batch 52/66 (79%) running_loss=0.9294
2026-08-14 09:45:45,108 INFO trial epoch 4/10 batch 65/66 (98%) running_loss=0.9215
2026-08-14 09:45:45,414 INFO trial epoch 4/10 batch 66/66 (100%) running_loss=0.9209
2026-08-14 09:45:47,888 INFO trial epoch 4/10 done: train_loss=0.9209 val_macro_auc=0.7949
2026-08-14 09:45:54,618 INFO trial epoch 5/10 batch 13/66 (20%) running_loss=0.8744
2026-08-14 09:46:00,917 INFO trial epoch 5/10 batch 26/66 (39%) running_loss=0.8529
2026-08-14 09:46:07,215 INFO trial epoch 5/10 batch 39/66 (59%) running_loss=0.8559
2026-08-14 09:46:13,514 INFO trial epoch 5/10 batch 52/66 (79%) running_loss=0.8514
2026-08-14 09:46:19,813 INFO trial epoch 5/10 batch 65/66 (98%) running_loss=0.8604
2026-08-14 09:46:20,120 INFO trial epoch 5/10 batch 66/66 (100%) running_loss=0.8612
2026-08-14 09:46:22,587 INFO trial epoch 5/10 done: train_loss=0.8612 val_macro_auc=0.8123
2026-08-14 09:46:29,306 INFO trial epoch 6/10 batch 13/66 (20%) running_loss=0.8239
2026-08-14 09:46:35,601 INFO trial epoch 6/10 batch 26/66 (39%) running_loss=0.7974
2026-08-14 09:46:41,899 INFO trial epoch 6/10 batch 39/66 (59%) running_loss=0.7970
2026-08-14 09:46:48,198 INFO trial epoch 6/10 batch 52/66 (79%) running_loss=0.7993
2026-08-14 09:46:54,496 INFO trial epoch 6/10 batch 65/66 (98%) running_loss=0.8027
2026-08-14 09:46:54,802 INFO trial epoch 6/10 batch 66/66 (100%) running_loss=0.7995
2026-08-14 09:46:57,277 INFO trial epoch 6/10 done: train_loss=0.7995 val_macro_auc=0.8139
2026-08-14 09:47:04,011 INFO trial epoch 7/10 batch 13/66 (20%) running_loss=0.7935
2026-08-14 09:47:10,309 INFO trial epoch 7/10 batch 26/66 (39%) running_loss=0.7983
2026-08-14 09:47:16,604 INFO trial epoch 7/10 batch 39/66 (59%) running_loss=0.7891
2026-08-14 09:47:22,905 INFO trial epoch 7/10 batch 52/66 (79%) running_loss=0.7846
2026-08-14 09:47:29,195 INFO trial epoch 7/10 batch 65/66 (98%) running_loss=0.7801
2026-08-14 09:47:29,500 INFO trial epoch 7/10 batch 66/66 (100%) running_loss=0.7804
2026-08-14 09:47:31,976 INFO trial epoch 7/10 done: train_loss=0.7804 val_macro_auc=0.8055
2026-08-14 09:47:38,700 INFO trial epoch 8/10 batch 13/66 (20%) running_loss=0.7624
2026-08-14 09:47:44,995 INFO trial epoch 8/10 batch 26/66 (39%) running_loss=0.7433
2026-08-14 09:47:51,290 INFO trial epoch 8/10 batch 39/66 (59%) running_loss=0.7359
2026-08-14 09:47:57,590 INFO trial epoch 8/10 batch 52/66 (79%) running_loss=0.7330
2026-08-14 09:48:03,887 INFO trial epoch 8/10 batch 65/66 (98%) running_loss=0.7361
2026-08-14 09:48:04,195 INFO trial epoch 8/10 batch 66/66 (100%) running_loss=0.7352
2026-08-14 09:48:06,665 INFO trial epoch 8/10 done: train_loss=0.7352 val_macro_auc=0.8216
2026-08-14 09:48:13,382 INFO trial epoch 9/10 batch 13/66 (20%) running_loss=0.6996
2026-08-14 09:48:19,682 INFO trial epoch 9/10 batch 26/66 (39%) running_loss=0.7352
2026-08-14 09:48:25,983 INFO trial epoch 9/10 batch 39/66 (59%) running_loss=0.7285
2026-08-14 09:48:32,286 INFO trial epoch 9/10 batch 52/66 (79%) running_loss=0.7235
2026-08-14 09:48:38,581 INFO trial epoch 9/10 batch 65/66 (98%) running_loss=0.7167
2026-08-14 09:48:38,887 INFO trial epoch 9/10 batch 66/66 (100%) running_loss=0.7156
2026-08-14 09:48:41,373 INFO trial epoch 9/10 done: train_loss=0.7156 val_macro_auc=0.8150
2026-08-14 09:48:48,105 INFO trial epoch 10/10 batch 13/66 (20%) running_loss=0.6949
2026-08-14 09:48:54,398 INFO trial epoch 10/10 batch 26/66 (39%) running_loss=0.7058
2026-08-14 09:49:00,702 INFO trial epoch 10/10 batch 39/66 (59%) running_loss=0.7166
2026-08-14 09:49:07,001 INFO trial epoch 10/10 batch 52/66 (79%) running_loss=0.7110
2026-08-14 09:49:13,305 INFO trial epoch 10/10 batch 65/66 (98%) running_loss=0.7072
2026-08-14 09:49:13,611 INFO trial epoch 10/10 batch 66/66 (100%) running_loss=0.7074
2026-08-14 09:49:16,101 INFO trial epoch 10/10 done: train_loss=0.7074 val_macro_auc=0.8135
2026-08-14 09:49:16,252 INFO Trial 12/25: finished val_macro_auc=0.8167 (best so far: 0.8396)
2026-08-14 09:49:16,255 INFO Trial 13/25: starting (10 trial epochs)
2026-08-14 09:49:23,117 INFO trial epoch 1/10 batch 13/66 (20%) running_loss=1.1118
2026-08-14 09:49:29,421 INFO trial epoch 1/10 batch 26/66 (39%) running_loss=1.1557
2026-08-14 09:49:35,723 INFO trial epoch 1/10 batch 39/66 (59%) running_loss=1.1579
2026-08-14 09:49:42,027 INFO trial epoch 1/10 batch 52/66 (79%) running_loss=1.1624
2026-08-14 09:49:48,327 INFO trial epoch 1/10 batch 65/66 (98%) running_loss=1.1632
2026-08-14 09:49:48,633 INFO trial epoch 1/10 batch 66/66 (100%) running_loss=1.1618
2026-08-14 09:49:51,115 INFO trial epoch 1/10 done: train_loss=1.1618 val_macro_auc=0.5540
2026-08-14 09:49:57,823 INFO trial epoch 2/10 batch 13/66 (20%) running_loss=1.1039
2026-08-14 09:50:04,121 INFO trial epoch 2/10 batch 26/66 (39%) running_loss=1.0901
2026-08-14 09:50:10,426 INFO trial epoch 2/10 batch 39/66 (59%) running_loss=1.0856
2026-08-14 09:50:16,727 INFO trial epoch 2/10 batch 52/66 (79%) running_loss=1.0796
2026-08-14 09:50:23,024 INFO trial epoch 2/10 batch 65/66 (98%) running_loss=1.0809
2026-08-14 09:50:23,330 INFO trial epoch 2/10 batch 66/66 (100%) running_loss=1.0804
2026-08-14 09:50:25,795 INFO trial epoch 2/10 done: train_loss=1.0804 val_macro_auc=0.5578
2026-08-14 09:50:32,507 INFO trial epoch 3/10 batch 13/66 (20%) running_loss=1.0506
2026-08-14 09:50:38,804 INFO trial epoch 3/10 batch 26/66 (39%) running_loss=1.0539
2026-08-14 09:50:45,108 INFO trial epoch 3/10 batch 39/66 (59%) running_loss=1.0580
2026-08-14 09:50:51,412 INFO trial epoch 3/10 batch 52/66 (79%) running_loss=1.0634
2026-08-14 09:50:57,711 INFO trial epoch 3/10 batch 65/66 (98%) running_loss=1.0633
2026-08-14 09:50:58,018 INFO trial epoch 3/10 batch 66/66 (100%) running_loss=1.0631
2026-08-14 09:51:00,484 INFO trial epoch 3/10 done: train_loss=1.0631 val_macro_auc=0.6882
2026-08-14 09:51:07,184 INFO trial epoch 4/10 batch 13/66 (20%) running_loss=1.0405
2026-08-14 09:51:13,485 INFO trial epoch 4/10 batch 26/66 (39%) running_loss=1.0540
2026-08-14 09:51:19,778 INFO trial epoch 4/10 batch 39/66 (59%) running_loss=1.0474
2026-08-14 09:51:26,076 INFO trial epoch 4/10 batch 52/66 (79%) running_loss=1.0386
2026-08-14 09:51:32,374 INFO trial epoch 4/10 batch 65/66 (98%) running_loss=1.0293
2026-08-14 09:51:32,680 INFO trial epoch 4/10 batch 66/66 (100%) running_loss=1.0307
2026-08-14 09:51:35,154 INFO trial epoch 4/10 done: train_loss=1.0307 val_macro_auc=0.7433
2026-08-14 09:51:41,865 INFO trial epoch 5/10 batch 13/66 (20%) running_loss=1.0012
2026-08-14 09:51:48,163 INFO trial epoch 5/10 batch 26/66 (39%) running_loss=0.9838
2026-08-14 09:51:54,458 INFO trial epoch 5/10 batch 39/66 (59%) running_loss=0.9680
2026-08-14 09:52:00,759 INFO trial epoch 5/10 batch 52/66 (79%) running_loss=0.9594
2026-08-14 09:52:07,056 INFO trial epoch 5/10 batch 65/66 (98%) running_loss=0.9509
2026-08-14 09:52:07,361 INFO trial epoch 5/10 batch 66/66 (100%) running_loss=0.9509
2026-08-14 09:52:09,838 INFO trial epoch 5/10 done: train_loss=0.9509 val_macro_auc=0.7769
2026-08-14 09:52:16,539 INFO trial epoch 6/10 batch 13/66 (20%) running_loss=0.9227
2026-08-14 09:52:22,846 INFO trial epoch 6/10 batch 26/66 (39%) running_loss=0.8893
2026-08-14 09:52:29,147 INFO trial epoch 6/10 batch 39/66 (59%) running_loss=0.9006
2026-08-14 09:52:35,445 INFO trial epoch 6/10 batch 52/66 (79%) running_loss=0.8897
2026-08-14 09:52:41,750 INFO trial epoch 6/10 batch 65/66 (98%) running_loss=0.8805
2026-08-14 09:52:42,056 INFO trial epoch 6/10 batch 66/66 (100%) running_loss=0.8797
2026-08-14 09:52:44,525 INFO trial epoch 6/10 done: train_loss=0.8797 val_macro_auc=0.7941
2026-08-14 09:52:51,224 INFO trial epoch 7/10 batch 13/66 (20%) running_loss=0.8490
2026-08-14 09:52:57,514 INFO trial epoch 7/10 batch 26/66 (39%) running_loss=0.8530
2026-08-14 09:53:03,814 INFO trial epoch 7/10 batch 39/66 (59%) running_loss=0.8472
2026-08-14 09:53:10,108 INFO trial epoch 7/10 batch 52/66 (79%) running_loss=0.8392
2026-08-14 09:53:16,406 INFO trial epoch 7/10 batch 65/66 (98%) running_loss=0.8307
2026-08-14 09:53:16,712 INFO trial epoch 7/10 batch 66/66 (100%) running_loss=0.8304
2026-08-14 09:53:19,185 INFO trial epoch 7/10 done: train_loss=0.8304 val_macro_auc=0.7765
2026-08-14 09:53:25,915 INFO trial epoch 8/10 batch 13/66 (20%) running_loss=0.8183
2026-08-14 09:53:32,217 INFO trial epoch 8/10 batch 26/66 (39%) running_loss=0.7923
2026-08-14 09:53:38,511 INFO trial epoch 8/10 batch 39/66 (59%) running_loss=0.7900
2026-08-14 09:53:44,809 INFO trial epoch 8/10 batch 52/66 (79%) running_loss=0.7944
2026-08-14 09:53:51,102 INFO trial epoch 8/10 batch 65/66 (98%) running_loss=0.7896
2026-08-14 09:53:51,409 INFO trial epoch 8/10 batch 66/66 (100%) running_loss=0.7883
2026-08-14 09:53:53,883 INFO trial epoch 8/10 done: train_loss=0.7883 val_macro_auc=0.7782
2026-08-14 09:54:00,594 INFO trial epoch 9/10 batch 13/66 (20%) running_loss=0.7382
2026-08-14 09:54:06,893 INFO trial epoch 9/10 batch 26/66 (39%) running_loss=0.7627
2026-08-14 09:54:13,190 INFO trial epoch 9/10 batch 39/66 (59%) running_loss=0.7774
2026-08-14 09:54:19,488 INFO trial epoch 9/10 batch 52/66 (79%) running_loss=0.7771
2026-08-14 09:54:25,782 INFO trial epoch 9/10 batch 65/66 (98%) running_loss=0.7741
2026-08-14 09:54:26,090 INFO trial epoch 9/10 batch 66/66 (100%) running_loss=0.7742
2026-08-14 09:54:28,565 INFO trial epoch 9/10 done: train_loss=0.7742 val_macro_auc=0.7853
2026-08-14 09:54:35,284 INFO trial epoch 10/10 batch 13/66 (20%) running_loss=0.7644
2026-08-14 09:54:41,577 INFO trial epoch 10/10 batch 26/66 (39%) running_loss=0.7744
2026-08-14 09:54:47,878 INFO trial epoch 10/10 batch 39/66 (59%) running_loss=0.7638
2026-08-14 09:54:54,179 INFO trial epoch 10/10 batch 52/66 (79%) running_loss=0.7562
2026-08-14 09:55:00,479 INFO trial epoch 10/10 batch 65/66 (98%) running_loss=0.7590
2026-08-14 09:55:00,784 INFO trial epoch 10/10 batch 66/66 (100%) running_loss=0.7584
2026-08-14 09:55:03,261 INFO trial epoch 10/10 done: train_loss=0.7584 val_macro_auc=0.7906
2026-08-14 09:55:03,408 INFO Trial 13/25: finished val_macro_auc=0.7847 (best so far: 0.8396)
2026-08-14 09:55:03,411 INFO Trial 14/25: starting (10 trial epochs)
2026-08-14 09:55:10,255 INFO trial epoch 1/10 batch 13/66 (20%) running_loss=1.2178
2026-08-14 09:55:16,560 INFO trial epoch 1/10 batch 26/66 (39%) running_loss=1.2105
2026-08-14 09:55:22,859 INFO trial epoch 1/10 batch 39/66 (59%) running_loss=1.2079
2026-08-14 09:55:29,157 INFO trial epoch 1/10 batch 52/66 (79%) running_loss=1.1940
2026-08-14 09:55:35,448 INFO trial epoch 1/10 batch 65/66 (98%) running_loss=1.1876
2026-08-14 09:55:35,755 INFO trial epoch 1/10 batch 66/66 (100%) running_loss=1.1869
2026-08-14 09:55:38,229 INFO trial epoch 1/10 done: train_loss=1.1869 val_macro_auc=0.5861
2026-08-14 09:55:44,924 INFO trial epoch 2/10 batch 13/66 (20%) running_loss=1.0906
2026-08-14 09:55:51,218 INFO trial epoch 2/10 batch 26/66 (39%) running_loss=1.0817
2026-08-14 09:55:57,516 INFO trial epoch 2/10 batch 39/66 (59%) running_loss=1.0628
2026-08-14 09:56:03,815 INFO trial epoch 2/10 batch 52/66 (79%) running_loss=1.0497
2026-08-14 09:56:10,111 INFO trial epoch 2/10 batch 65/66 (98%) running_loss=1.0473
2026-08-14 09:56:10,416 INFO trial epoch 2/10 batch 66/66 (100%) running_loss=1.0456
2026-08-14 09:56:12,886 INFO trial epoch 2/10 done: train_loss=1.0456 val_macro_auc=0.7244
2026-08-14 09:56:19,579 INFO trial epoch 3/10 batch 13/66 (20%) running_loss=1.0954
2026-08-14 09:56:25,998 INFO trial epoch 3/10 batch 26/66 (39%) running_loss=1.0627
2026-08-14 09:56:32,299 INFO trial epoch 3/10 batch 39/66 (59%) running_loss=1.0436
2026-08-14 09:56:38,595 INFO trial epoch 3/10 batch 52/66 (79%) running_loss=1.0165
2026-08-14 09:56:44,896 INFO trial epoch 3/10 batch 65/66 (98%) running_loss=1.0063
2026-08-14 09:56:45,203 INFO trial epoch 3/10 batch 66/66 (100%) running_loss=1.0064
2026-08-14 09:56:47,671 INFO trial epoch 3/10 done: train_loss=1.0064 val_macro_auc=0.7567
2026-08-14 09:56:54,367 INFO trial epoch 4/10 batch 13/66 (20%) running_loss=0.9649
2026-08-14 09:57:00,663 INFO trial epoch 4/10 batch 26/66 (39%) running_loss=0.9586
2026-08-14 09:57:06,958 INFO trial epoch 4/10 batch 39/66 (59%) running_loss=0.9388
2026-08-14 09:57:13,260 INFO trial epoch 4/10 batch 52/66 (79%) running_loss=0.9459
2026-08-14 09:57:19,550 INFO trial epoch 4/10 batch 65/66 (98%) running_loss=0.9389
2026-08-14 09:57:19,856 INFO trial epoch 4/10 batch 66/66 (100%) running_loss=0.9379
2026-08-14 09:57:22,320 INFO trial epoch 4/10 done: train_loss=0.9379 val_macro_auc=0.7765
2026-08-14 09:57:29,012 INFO trial epoch 5/10 batch 13/66 (20%) running_loss=0.9051
2026-08-14 09:57:35,305 INFO trial epoch 5/10 batch 26/66 (39%) running_loss=0.9072
2026-08-14 09:57:41,597 INFO trial epoch 5/10 batch 39/66 (59%) running_loss=0.8993
2026-08-14 09:57:47,892 INFO trial epoch 5/10 batch 52/66 (79%) running_loss=0.9022
2026-08-14 09:57:54,187 INFO trial epoch 5/10 batch 65/66 (98%) running_loss=0.9063
2026-08-14 09:57:54,494 INFO trial epoch 5/10 batch 66/66 (100%) running_loss=0.9065
2026-08-14 09:57:56,961 INFO trial epoch 5/10 done: train_loss=0.9065 val_macro_auc=0.8012
2026-08-14 09:58:03,652 INFO trial epoch 6/10 batch 13/66 (20%) running_loss=0.8787
2026-08-14 09:58:09,942 INFO trial epoch 6/10 batch 26/66 (39%) running_loss=0.8635
2026-08-14 09:58:16,237 INFO trial epoch 6/10 batch 39/66 (59%) running_loss=0.8666
2026-08-14 09:58:22,534 INFO trial epoch 6/10 batch 52/66 (79%) running_loss=0.8407
2026-08-14 09:58:28,833 INFO trial epoch 6/10 batch 65/66 (98%) running_loss=0.8444
2026-08-14 09:58:29,139 INFO trial epoch 6/10 batch 66/66 (100%) running_loss=0.8452
2026-08-14 09:58:31,614 INFO trial epoch 6/10 done: train_loss=0.8452 val_macro_auc=0.8100
2026-08-14 09:58:38,322 INFO trial epoch 7/10 batch 13/66 (20%) running_loss=0.7975
2026-08-14 09:58:44,619 INFO trial epoch 7/10 batch 26/66 (39%) running_loss=0.7936
2026-08-14 09:58:50,915 INFO trial epoch 7/10 batch 39/66 (59%) running_loss=0.7939
2026-08-14 09:58:57,214 INFO trial epoch 7/10 batch 52/66 (79%) running_loss=0.7965
2026-08-14 09:59:03,506 INFO trial epoch 7/10 batch 65/66 (98%) running_loss=0.8048
2026-08-14 09:59:03,812 INFO trial epoch 7/10 batch 66/66 (100%) running_loss=0.8074
2026-08-14 09:59:06,271 INFO trial epoch 7/10 done: train_loss=0.8074 val_macro_auc=0.8188
2026-08-14 09:59:12,974 INFO trial epoch 8/10 batch 13/66 (20%) running_loss=0.7516
2026-08-14 09:59:19,267 INFO trial epoch 8/10 batch 26/66 (39%) running_loss=0.7640
2026-08-14 09:59:25,559 INFO trial epoch 8/10 batch 39/66 (59%) running_loss=0.7662
2026-08-14 09:59:31,850 INFO trial epoch 8/10 batch 52/66 (79%) running_loss=0.7544
2026-08-14 09:59:38,140 INFO trial epoch 8/10 batch 65/66 (98%) running_loss=0.7596
2026-08-14 09:59:38,447 INFO trial epoch 8/10 batch 66/66 (100%) running_loss=0.7580
2026-08-14 09:59:40,916 INFO trial epoch 8/10 done: train_loss=0.7580 val_macro_auc=0.8225
2026-08-14 09:59:47,612 INFO trial epoch 9/10 batch 13/66 (20%) running_loss=0.6960
2026-08-14 09:59:53,907 INFO trial epoch 9/10 batch 26/66 (39%) running_loss=0.7239
2026-08-14 10:00:00,204 INFO trial epoch 9/10 batch 39/66 (59%) running_loss=0.7193
2026-08-14 10:00:06,498 INFO trial epoch 9/10 batch 52/66 (79%) running_loss=0.7235
2026-08-14 10:00:12,795 INFO trial epoch 9/10 batch 65/66 (98%) running_loss=0.7293
2026-08-14 10:00:13,102 INFO trial epoch 9/10 batch 66/66 (100%) running_loss=0.7293
2026-08-14 10:00:15,594 INFO trial epoch 9/10 done: train_loss=0.7293 val_macro_auc=0.8437
2026-08-14 10:00:22,293 INFO trial epoch 10/10 batch 13/66 (20%) running_loss=0.7116
2026-08-14 10:00:28,591 INFO trial epoch 10/10 batch 26/66 (39%) running_loss=0.7300
2026-08-14 10:00:34,890 INFO trial epoch 10/10 batch 39/66 (59%) running_loss=0.7408
2026-08-14 10:00:41,189 INFO trial epoch 10/10 batch 52/66 (79%) running_loss=0.7439
2026-08-14 10:00:47,480 INFO trial epoch 10/10 batch 65/66 (98%) running_loss=0.7381
2026-08-14 10:00:47,786 INFO trial epoch 10/10 batch 66/66 (100%) running_loss=0.7399
2026-08-14 10:00:50,275 INFO trial epoch 10/10 done: train_loss=0.7399 val_macro_auc=0.8404
2026-08-14 10:00:50,422 INFO Trial 14/25: finished val_macro_auc=0.8355 (best so far: 0.8396)
2026-08-14 10:00:50,425 INFO Trial 15/25: starting (10 trial epochs)
2026-08-14 10:00:57,303 INFO trial epoch 1/10 batch 13/66 (20%) running_loss=1.2055
2026-08-14 10:01:03,602 INFO trial epoch 1/10 batch 26/66 (39%) running_loss=1.1899
2026-08-14 10:01:09,901 INFO trial epoch 1/10 batch 39/66 (59%) running_loss=1.1776
2026-08-14 10:01:16,199 INFO trial epoch 1/10 batch 52/66 (79%) running_loss=1.1567
2026-08-14 10:01:22,494 INFO trial epoch 1/10 batch 65/66 (98%) running_loss=1.1414
2026-08-14 10:01:22,800 INFO trial epoch 1/10 batch 66/66 (100%) running_loss=1.1407
2026-08-14 10:01:25,271 INFO trial epoch 1/10 done: train_loss=1.1407 val_macro_auc=0.7682
2026-08-14 10:01:31,990 INFO trial epoch 2/10 batch 13/66 (20%) running_loss=1.0577
2026-08-14 10:01:38,292 INFO trial epoch 2/10 batch 26/66 (39%) running_loss=1.0841
2026-08-14 10:01:44,595 INFO trial epoch 2/10 batch 39/66 (59%) running_loss=1.0593
2026-08-14 10:01:50,893 INFO trial epoch 2/10 batch 52/66 (79%) running_loss=1.0474
2026-08-14 10:01:57,192 INFO trial epoch 2/10 batch 65/66 (98%) running_loss=1.0343
2026-08-14 10:01:57,497 INFO trial epoch 2/10 batch 66/66 (100%) running_loss=1.0347
2026-08-14 10:01:59,975 INFO trial epoch 2/10 done: train_loss=1.0347 val_macro_auc=0.7560
2026-08-14 10:02:06,688 INFO trial epoch 3/10 batch 13/66 (20%) running_loss=0.9702
2026-08-14 10:02:13,107 INFO trial epoch 3/10 batch 26/66 (39%) running_loss=0.9554
2026-08-14 10:02:19,403 INFO trial epoch 3/10 batch 39/66 (59%) running_loss=0.9644
2026-08-14 10:02:25,701 INFO trial epoch 3/10 batch 52/66 (79%) running_loss=0.9552
2026-08-14 10:02:31,998 INFO trial epoch 3/10 batch 65/66 (98%) running_loss=0.9403
2026-08-14 10:02:32,305 INFO trial epoch 3/10 batch 66/66 (100%) running_loss=0.9389
2026-08-14 10:02:34,771 INFO trial epoch 3/10 done: train_loss=0.9389 val_macro_auc=0.7375
2026-08-14 10:02:41,481 INFO trial epoch 4/10 batch 13/66 (20%) running_loss=0.9112
2026-08-14 10:02:47,773 INFO trial epoch 4/10 batch 26/66 (39%) running_loss=0.8712
2026-08-14 10:02:54,068 INFO trial epoch 4/10 batch 39/66 (59%) running_loss=0.8772
2026-08-14 10:03:00,361 INFO trial epoch 4/10 batch 52/66 (79%) running_loss=0.8746
2026-08-14 10:03:06,658 INFO trial epoch 4/10 batch 65/66 (98%) running_loss=0.8718
2026-08-14 10:03:06,963 INFO trial epoch 4/10 batch 66/66 (100%) running_loss=0.8726
2026-08-14 10:03:09,439 INFO trial epoch 4/10 done: train_loss=0.8726 val_macro_auc=0.7713
2026-08-14 10:03:16,156 INFO trial epoch 5/10 batch 13/66 (20%) running_loss=0.8541
2026-08-14 10:03:22,455 INFO trial epoch 5/10 batch 26/66 (39%) running_loss=0.8554
2026-08-14 10:03:28,755 INFO trial epoch 5/10 batch 39/66 (59%) running_loss=0.8480
2026-08-14 10:03:35,053 INFO trial epoch 5/10 batch 52/66 (79%) running_loss=0.8419
2026-08-14 10:03:41,351 INFO trial epoch 5/10 batch 65/66 (98%) running_loss=0.8356
2026-08-14 10:03:41,657 INFO trial epoch 5/10 batch 66/66 (100%) running_loss=0.8353
2026-08-14 10:03:44,139 INFO trial epoch 5/10 done: train_loss=0.8353 val_macro_auc=0.8057
2026-08-14 10:03:50,866 INFO trial epoch 6/10 batch 13/66 (20%) running_loss=0.8179
2026-08-14 10:03:57,162 INFO trial epoch 6/10 batch 26/66 (39%) running_loss=0.8138
2026-08-14 10:04:03,463 INFO trial epoch 6/10 batch 39/66 (59%) running_loss=0.7838
2026-08-14 10:04:09,760 INFO trial epoch 6/10 batch 52/66 (79%) running_loss=0.7957
2026-08-14 10:04:16,054 INFO trial epoch 6/10 batch 65/66 (98%) running_loss=0.7985
2026-08-14 10:04:16,360 INFO trial epoch 6/10 batch 66/66 (100%) running_loss=0.8015
2026-08-14 10:04:18,852 INFO trial epoch 6/10 done: train_loss=0.8015 val_macro_auc=0.7888
2026-08-14 10:04:25,558 INFO trial epoch 7/10 batch 13/66 (20%) running_loss=0.8112
2026-08-14 10:04:31,857 INFO trial epoch 7/10 batch 26/66 (39%) running_loss=0.8083
2026-08-14 10:04:38,156 INFO trial epoch 7/10 batch 39/66 (59%) running_loss=0.7926
2026-08-14 10:04:44,460 INFO trial epoch 7/10 batch 52/66 (79%) running_loss=0.7848
2026-08-14 10:04:50,755 INFO trial epoch 7/10 batch 65/66 (98%) running_loss=0.7871
2026-08-14 10:04:51,061 INFO trial epoch 7/10 batch 66/66 (100%) running_loss=0.7864
2026-08-14 10:04:53,553 INFO trial epoch 7/10 done: train_loss=0.7864 val_macro_auc=0.8098
2026-08-14 10:05:00,269 INFO trial epoch 8/10 batch 13/66 (20%) running_loss=0.8331
2026-08-14 10:05:06,567 INFO trial epoch 8/10 batch 26/66 (39%) running_loss=0.7861
2026-08-14 10:05:12,859 INFO trial epoch 8/10 batch 39/66 (59%) running_loss=0.7540
2026-08-14 10:05:19,158 INFO trial epoch 8/10 batch 52/66 (79%) running_loss=0.7399
2026-08-14 10:05:25,452 INFO trial epoch 8/10 batch 65/66 (98%) running_loss=0.7464
2026-08-14 10:05:25,759 INFO trial epoch 8/10 batch 66/66 (100%) running_loss=0.7443
2026-08-14 10:05:28,238 INFO trial epoch 8/10 done: train_loss=0.7443 val_macro_auc=0.8040
2026-08-14 10:05:34,959 INFO trial epoch 9/10 batch 13/66 (20%) running_loss=0.7723
2026-08-14 10:05:41,253 INFO trial epoch 9/10 batch 26/66 (39%) running_loss=0.7577
2026-08-14 10:05:47,551 INFO trial epoch 9/10 batch 39/66 (59%) running_loss=0.7365
2026-08-14 10:05:53,848 INFO trial epoch 9/10 batch 52/66 (79%) running_loss=0.7356
2026-08-14 10:06:00,146 INFO trial epoch 9/10 batch 65/66 (98%) running_loss=0.7205
2026-08-14 10:06:00,452 INFO trial epoch 9/10 batch 66/66 (100%) running_loss=0.7205
2026-08-14 10:06:02,943 INFO trial epoch 9/10 done: train_loss=0.7205 val_macro_auc=0.8032
2026-08-14 10:06:09,648 INFO trial epoch 10/10 batch 13/66 (20%) running_loss=0.7515
2026-08-14 10:06:15,953 INFO trial epoch 10/10 batch 26/66 (39%) running_loss=0.7351
2026-08-14 10:06:22,254 INFO trial epoch 10/10 batch 39/66 (59%) running_loss=0.7271
2026-08-14 10:06:28,558 INFO trial epoch 10/10 batch 52/66 (79%) running_loss=0.7284
2026-08-14 10:06:34,859 INFO trial epoch 10/10 batch 65/66 (98%) running_loss=0.7210
2026-08-14 10:06:35,166 INFO trial epoch 10/10 batch 66/66 (100%) running_loss=0.7197
2026-08-14 10:06:37,674 INFO trial epoch 10/10 done: train_loss=0.7197 val_macro_auc=0.8094
2026-08-14 10:06:37,820 INFO Trial 15/25: finished val_macro_auc=0.8056 (best so far: 0.8396)
2026-08-14 10:06:37,825 INFO Trial 16/25: starting (10 trial epochs)
2026-08-14 10:06:44,716 INFO trial epoch 1/10 batch 13/66 (20%) running_loss=1.1533
2026-08-14 10:06:51,016 INFO trial epoch 1/10 batch 26/66 (39%) running_loss=1.1604
2026-08-14 10:06:57,320 INFO trial epoch 1/10 batch 39/66 (59%) running_loss=1.1610
2026-08-14 10:07:03,620 INFO trial epoch 1/10 batch 52/66 (79%) running_loss=1.1468
2026-08-14 10:07:09,921 INFO trial epoch 1/10 batch 65/66 (98%) running_loss=1.1315
2026-08-14 10:07:10,227 INFO trial epoch 1/10 batch 66/66 (100%) running_loss=1.1358
2026-08-14 10:07:12,696 INFO trial epoch 1/10 done: train_loss=1.1358 val_macro_auc=0.6091
2026-08-14 10:07:19,411 INFO trial epoch 2/10 batch 13/66 (20%) running_loss=1.1294
2026-08-14 10:07:25,715 INFO trial epoch 2/10 batch 26/66 (39%) running_loss=1.0988
2026-08-14 10:07:32,015 INFO trial epoch 2/10 batch 39/66 (59%) running_loss=1.0882
2026-08-14 10:07:38,310 INFO trial epoch 2/10 batch 52/66 (79%) running_loss=1.0699
2026-08-14 10:07:44,612 INFO trial epoch 2/10 batch 65/66 (98%) running_loss=1.0544
2026-08-14 10:07:44,919 INFO trial epoch 2/10 batch 66/66 (100%) running_loss=1.0549
2026-08-14 10:07:47,388 INFO trial epoch 2/10 done: train_loss=1.0549 val_macro_auc=0.7514
2026-08-14 10:07:54,106 INFO trial epoch 3/10 batch 13/66 (20%) running_loss=1.0557
2026-08-14 10:08:00,518 INFO trial epoch 3/10 batch 26/66 (39%) running_loss=1.0208
2026-08-14 10:08:06,816 INFO trial epoch 3/10 batch 39/66 (59%) running_loss=1.0046
2026-08-14 10:08:13,114 INFO trial epoch 3/10 batch 52/66 (79%) running_loss=0.9950
2026-08-14 10:08:19,408 INFO trial epoch 3/10 batch 65/66 (98%) running_loss=0.9852
2026-08-14 10:08:19,714 INFO trial epoch 3/10 batch 66/66 (100%) running_loss=0.9858
2026-08-14 10:08:22,176 INFO trial epoch 3/10 done: train_loss=0.9858 val_macro_auc=0.7718
2026-08-14 10:08:28,891 INFO trial epoch 4/10 batch 13/66 (20%) running_loss=0.9699
2026-08-14 10:08:35,191 INFO trial epoch 4/10 batch 26/66 (39%) running_loss=0.9323
2026-08-14 10:08:41,490 INFO trial epoch 4/10 batch 39/66 (59%) running_loss=0.9190
2026-08-14 10:08:47,793 INFO trial epoch 4/10 batch 52/66 (79%) running_loss=0.9136
2026-08-14 10:08:54,095 INFO trial epoch 4/10 batch 65/66 (98%) running_loss=0.9218
2026-08-14 10:08:54,401 INFO trial epoch 4/10 batch 66/66 (100%) running_loss=0.9208
2026-08-14 10:08:56,874 INFO trial epoch 4/10 done: train_loss=0.9208 val_macro_auc=0.7951
2026-08-14 10:09:03,592 INFO trial epoch 5/10 batch 13/66 (20%) running_loss=0.8791
2026-08-14 10:09:09,886 INFO trial epoch 5/10 batch 26/66 (39%) running_loss=0.8712
2026-08-14 10:09:16,184 INFO trial epoch 5/10 batch 39/66 (59%) running_loss=0.8741
2026-08-14 10:09:22,480 INFO trial epoch 5/10 batch 52/66 (79%) running_loss=0.8740
2026-08-14 10:09:28,775 INFO trial epoch 5/10 batch 65/66 (98%) running_loss=0.8801
2026-08-14 10:09:29,080 INFO trial epoch 5/10 batch 66/66 (100%) running_loss=0.8799
2026-08-14 10:09:31,551 INFO trial epoch 5/10 done: train_loss=0.8799 val_macro_auc=0.8054
2026-08-14 10:09:38,272 INFO trial epoch 6/10 batch 13/66 (20%) running_loss=0.8248
2026-08-14 10:09:44,567 INFO trial epoch 6/10 batch 26/66 (39%) running_loss=0.8226
2026-08-14 10:09:50,863 INFO trial epoch 6/10 batch 39/66 (59%) running_loss=0.8321
2026-08-14 10:09:57,161 INFO trial epoch 6/10 batch 52/66 (79%) running_loss=0.8364
2026-08-14 10:10:03,457 INFO trial epoch 6/10 batch 65/66 (98%) running_loss=0.8351
2026-08-14 10:10:03,763 INFO trial epoch 6/10 batch 66/66 (100%) running_loss=0.8340
2026-08-14 10:10:06,231 INFO trial epoch 6/10 done: train_loss=0.8340 val_macro_auc=0.8182
2026-08-14 10:10:12,961 INFO trial epoch 7/10 batch 13/66 (20%) running_loss=0.8201
2026-08-14 10:10:19,254 INFO trial epoch 7/10 batch 26/66 (39%) running_loss=0.8035
2026-08-14 10:10:25,548 INFO trial epoch 7/10 batch 39/66 (59%) running_loss=0.7948
2026-08-14 10:10:31,844 INFO trial epoch 7/10 batch 52/66 (79%) running_loss=0.7961
2026-08-14 10:10:38,140 INFO trial epoch 7/10 batch 65/66 (98%) running_loss=0.7838
2026-08-14 10:10:38,446 INFO trial epoch 7/10 batch 66/66 (100%) running_loss=0.7861
2026-08-14 10:10:40,919 INFO trial epoch 7/10 done: train_loss=0.7861 val_macro_auc=0.8244
2026-08-14 10:10:47,621 INFO trial epoch 8/10 batch 13/66 (20%) running_loss=0.7362
2026-08-14 10:10:53,909 INFO trial epoch 8/10 batch 26/66 (39%) running_loss=0.7373
2026-08-14 10:11:00,207 INFO trial epoch 8/10 batch 39/66 (59%) running_loss=0.7416
2026-08-14 10:11:06,503 INFO trial epoch 8/10 batch 52/66 (79%) running_loss=0.7493
2026-08-14 10:11:12,797 INFO trial epoch 8/10 batch 65/66 (98%) running_loss=0.7531
2026-08-14 10:11:13,103 INFO trial epoch 8/10 batch 66/66 (100%) running_loss=0.7514
2026-08-14 10:11:15,573 INFO trial epoch 8/10 done: train_loss=0.7514 val_macro_auc=0.8369
2026-08-14 10:11:22,287 INFO trial epoch 9/10 batch 13/66 (20%) running_loss=0.7314
2026-08-14 10:11:28,583 INFO trial epoch 9/10 batch 26/66 (39%) running_loss=0.7274
2026-08-14 10:11:34,882 INFO trial epoch 9/10 batch 39/66 (59%) running_loss=0.7434
2026-08-14 10:11:41,180 INFO trial epoch 9/10 batch 52/66 (79%) running_loss=0.7467
2026-08-14 10:11:47,477 INFO trial epoch 9/10 batch 65/66 (98%) running_loss=0.7366
2026-08-14 10:11:47,783 INFO trial epoch 9/10 batch 66/66 (100%) running_loss=0.7388
2026-08-14 10:11:50,252 INFO trial epoch 9/10 done: train_loss=0.7388 val_macro_auc=0.8304
2026-08-14 10:11:56,970 INFO trial epoch 10/10 batch 13/66 (20%) running_loss=0.6702
2026-08-14 10:12:03,260 INFO trial epoch 10/10 batch 26/66 (39%) running_loss=0.7139
2026-08-14 10:12:09,552 INFO trial epoch 10/10 batch 39/66 (59%) running_loss=0.7099
2026-08-14 10:12:15,843 INFO trial epoch 10/10 batch 52/66 (79%) running_loss=0.7101
2026-08-14 10:12:22,142 INFO trial epoch 10/10 batch 65/66 (98%) running_loss=0.7120
2026-08-14 10:12:22,447 INFO trial epoch 10/10 batch 66/66 (100%) running_loss=0.7119
2026-08-14 10:12:24,936 INFO trial epoch 10/10 done: train_loss=0.7119 val_macro_auc=0.8373
2026-08-14 10:12:25,082 INFO Trial 16/25: finished val_macro_auc=0.8348 (best so far: 0.8396)
2026-08-14 10:12:25,085 INFO Trial 17/25: starting (10 trial epochs)
2026-08-14 10:12:31,935 INFO trial epoch 1/10 batch 13/66 (20%) running_loss=1.1591
2026-08-14 10:12:38,238 INFO trial epoch 1/10 batch 26/66 (39%) running_loss=1.2036
2026-08-14 10:12:44,544 INFO trial epoch 1/10 batch 39/66 (59%) running_loss=1.2084
2026-08-14 10:12:50,847 INFO trial epoch 1/10 batch 52/66 (79%) running_loss=1.2016
2026-08-14 10:12:57,143 INFO trial epoch 1/10 batch 65/66 (98%) running_loss=1.1855
2026-08-14 10:12:57,449 INFO trial epoch 1/10 batch 66/66 (100%) running_loss=1.1874
2026-08-14 10:12:59,926 INFO trial epoch 1/10 done: train_loss=1.1874 val_macro_auc=0.5613
2026-08-14 10:13:06,668 INFO trial epoch 2/10 batch 13/66 (20%) running_loss=1.1899
2026-08-14 10:13:12,964 INFO trial epoch 2/10 batch 26/66 (39%) running_loss=1.1352
2026-08-14 10:13:19,257 INFO trial epoch 2/10 batch 39/66 (59%) running_loss=1.1215
2026-08-14 10:13:25,557 INFO trial epoch 2/10 batch 52/66 (79%) running_loss=1.1014
2026-08-14 10:13:31,856 INFO trial epoch 2/10 batch 65/66 (98%) running_loss=1.0940
2026-08-14 10:13:32,160 INFO trial epoch 2/10 batch 66/66 (100%) running_loss=1.0937
2026-08-14 10:13:34,636 INFO trial epoch 2/10 done: train_loss=1.0937 val_macro_auc=0.6201
2026-08-14 10:13:41,349 INFO trial epoch 3/10 batch 13/66 (20%) running_loss=1.0498
2026-08-14 10:13:47,760 INFO trial epoch 3/10 batch 26/66 (39%) running_loss=1.0464
2026-08-14 10:13:54,060 INFO trial epoch 3/10 batch 39/66 (59%) running_loss=1.0383
2026-08-14 10:14:00,356 INFO trial epoch 3/10 batch 52/66 (79%) running_loss=1.0356
2026-08-14 10:14:06,648 INFO trial epoch 3/10 batch 65/66 (98%) running_loss=1.0217
2026-08-14 10:14:06,954 INFO trial epoch 3/10 batch 66/66 (100%) running_loss=1.0212
2026-08-14 10:14:09,448 INFO trial epoch 3/10 done: train_loss=1.0212 val_macro_auc=0.7571
2026-08-14 10:14:16,162 INFO trial epoch 4/10 batch 13/66 (20%) running_loss=0.9829
2026-08-14 10:14:22,463 INFO trial epoch 4/10 batch 26/66 (39%) running_loss=0.9542
2026-08-14 10:14:28,763 INFO trial epoch 4/10 batch 39/66 (59%) running_loss=0.9465
2026-08-14 10:14:35,061 INFO trial epoch 4/10 batch 52/66 (79%) running_loss=0.9371
2026-08-14 10:14:41,356 INFO trial epoch 4/10 batch 65/66 (98%) running_loss=0.9337
2026-08-14 10:14:41,663 INFO trial epoch 4/10 batch 66/66 (100%) running_loss=0.9324
2026-08-14 10:14:44,139 INFO trial epoch 4/10 done: train_loss=0.9324 val_macro_auc=0.7610
2026-08-14 10:14:50,850 INFO trial epoch 5/10 batch 13/66 (20%) running_loss=0.8626
2026-08-14 10:14:57,138 INFO trial epoch 5/10 batch 26/66 (39%) running_loss=0.8729
2026-08-14 10:15:03,433 INFO trial epoch 5/10 batch 39/66 (59%) running_loss=0.8554
2026-08-14 10:15:09,733 INFO trial epoch 5/10 batch 52/66 (79%) running_loss=0.8465
2026-08-14 10:15:16,030 INFO trial epoch 5/10 batch 65/66 (98%) running_loss=0.8495
2026-08-14 10:15:16,337 INFO trial epoch 5/10 batch 66/66 (100%) running_loss=0.8478
2026-08-14 10:15:18,805 INFO trial epoch 5/10 done: train_loss=0.8478 val_macro_auc=0.7904
2026-08-14 10:15:25,522 INFO trial epoch 6/10 batch 13/66 (20%) running_loss=0.8349
2026-08-14 10:15:31,812 INFO trial epoch 6/10 batch 26/66 (39%) running_loss=0.8027
2026-08-14 10:15:38,105 INFO trial epoch 6/10 batch 39/66 (59%) running_loss=0.8053
2026-08-14 10:15:44,401 INFO trial epoch 6/10 batch 52/66 (79%) running_loss=0.8148
2026-08-14 10:15:50,703 INFO trial epoch 6/10 batch 65/66 (98%) running_loss=0.8115
2026-08-14 10:15:51,008 INFO trial epoch 6/10 batch 66/66 (100%) running_loss=0.8110
2026-08-14 10:15:53,491 INFO trial epoch 6/10 done: train_loss=0.8110 val_macro_auc=0.7877
2026-08-14 10:16:00,211 INFO trial epoch 7/10 batch 13/66 (20%) running_loss=0.7768
2026-08-14 10:16:06,510 INFO trial epoch 7/10 batch 26/66 (39%) running_loss=0.8084
2026-08-14 10:16:12,803 INFO trial epoch 7/10 batch 39/66 (59%) running_loss=0.8035
2026-08-14 10:16:19,099 INFO trial epoch 7/10 batch 52/66 (79%) running_loss=0.7957
2026-08-14 10:16:25,396 INFO trial epoch 7/10 batch 65/66 (98%) running_loss=0.7843
2026-08-14 10:16:25,704 INFO trial epoch 7/10 batch 66/66 (100%) running_loss=0.7835
2026-08-14 10:16:28,179 INFO trial epoch 7/10 done: train_loss=0.7835 val_macro_auc=0.7934
2026-08-14 10:16:34,893 INFO trial epoch 8/10 batch 13/66 (20%) running_loss=0.7216
2026-08-14 10:16:41,183 INFO trial epoch 8/10 batch 26/66 (39%) running_loss=0.7282
2026-08-14 10:16:47,483 INFO trial epoch 8/10 batch 39/66 (59%) running_loss=0.7388
2026-08-14 10:16:53,780 INFO trial epoch 8/10 batch 52/66 (79%) running_loss=0.7572
2026-08-14 10:17:00,081 INFO trial epoch 8/10 batch 65/66 (98%) running_loss=0.7652
2026-08-14 10:17:00,386 INFO trial epoch 8/10 batch 66/66 (100%) running_loss=0.7652
2026-08-14 10:17:02,852 INFO trial epoch 8/10 done: train_loss=0.7652 val_macro_auc=0.8025
2026-08-14 10:17:09,570 INFO trial epoch 9/10 batch 13/66 (20%) running_loss=0.7453
2026-08-14 10:17:15,860 INFO trial epoch 9/10 batch 26/66 (39%) running_loss=0.7414
2026-08-14 10:17:22,152 INFO trial epoch 9/10 batch 39/66 (59%) running_loss=0.7465
2026-08-14 10:17:28,448 INFO trial epoch 9/10 batch 52/66 (79%) running_loss=0.7483
2026-08-14 10:17:34,748 INFO trial epoch 9/10 batch 65/66 (98%) running_loss=0.7487
2026-08-14 10:17:35,055 INFO trial epoch 9/10 batch 66/66 (100%) running_loss=0.7486
2026-08-14 10:17:37,528 INFO trial epoch 9/10 done: train_loss=0.7486 val_macro_auc=0.8048
2026-08-14 10:17:44,253 INFO trial epoch 10/10 batch 13/66 (20%) running_loss=0.6962
2026-08-14 10:17:50,551 INFO trial epoch 10/10 batch 26/66 (39%) running_loss=0.7084
2026-08-14 10:17:56,848 INFO trial epoch 10/10 batch 39/66 (59%) running_loss=0.7147
2026-08-14 10:18:03,144 INFO trial epoch 10/10 batch 52/66 (79%) running_loss=0.7148
2026-08-14 10:18:09,438 INFO trial epoch 10/10 batch 65/66 (98%) running_loss=0.7183
2026-08-14 10:18:09,744 INFO trial epoch 10/10 batch 66/66 (100%) running_loss=0.7186
2026-08-14 10:18:12,218 INFO trial epoch 10/10 done: train_loss=0.7186 val_macro_auc=0.8074
2026-08-14 10:18:12,368 INFO Trial 17/25: finished val_macro_auc=0.8049 (best so far: 0.8396)
2026-08-14 10:18:12,371 INFO Trial 18/25: starting (10 trial epochs)
2026-08-14 10:18:19,255 INFO trial epoch 1/10 batch 13/66 (20%) running_loss=1.1347
2026-08-14 10:18:25,560 INFO trial epoch 1/10 batch 26/66 (39%) running_loss=1.1885
2026-08-14 10:18:31,858 INFO trial epoch 1/10 batch 39/66 (59%) running_loss=1.1723
2026-08-14 10:18:38,156 INFO trial epoch 1/10 batch 52/66 (79%) running_loss=1.1722
2026-08-14 10:18:44,457 INFO trial epoch 1/10 batch 65/66 (98%) running_loss=1.1607
2026-08-14 10:18:44,762 INFO trial epoch 1/10 batch 66/66 (100%) running_loss=1.1598
2026-08-14 10:18:47,257 INFO trial epoch 1/10 done: train_loss=1.1598 val_macro_auc=0.6047
2026-08-14 10:18:53,971 INFO trial epoch 2/10 batch 13/66 (20%) running_loss=1.1218
2026-08-14 10:19:00,274 INFO trial epoch 2/10 batch 26/66 (39%) running_loss=1.1034
2026-08-14 10:19:06,582 INFO trial epoch 2/10 batch 39/66 (59%) running_loss=1.1036
2026-08-14 10:19:12,890 INFO trial epoch 2/10 batch 52/66 (79%) running_loss=1.1111
2026-08-14 10:19:19,184 INFO trial epoch 2/10 batch 65/66 (98%) running_loss=1.0963
2026-08-14 10:19:19,491 INFO trial epoch 2/10 batch 66/66 (100%) running_loss=1.0964
2026-08-14 10:19:21,964 INFO trial epoch 2/10 done: train_loss=1.0964 val_macro_auc=0.7253
2026-08-14 10:19:28,687 INFO trial epoch 3/10 batch 13/66 (20%) running_loss=1.0590
2026-08-14 10:19:34,983 INFO trial epoch 3/10 batch 26/66 (39%) running_loss=1.0597
2026-08-14 10:19:41,285 INFO trial epoch 3/10 batch 39/66 (59%) running_loss=1.0627
2026-08-14 10:19:47,586 INFO trial epoch 3/10 batch 52/66 (79%) running_loss=1.0640
2026-08-14 10:19:53,891 INFO trial epoch 3/10 batch 65/66 (98%) running_loss=1.0540
2026-08-14 10:19:54,196 INFO trial epoch 3/10 batch 66/66 (100%) running_loss=1.0537
2026-08-14 10:19:56,675 INFO trial epoch 3/10 done: train_loss=1.0537 val_macro_auc=0.7579
2026-08-14 10:20:03,397 INFO trial epoch 4/10 batch 13/66 (20%) running_loss=0.9741
2026-08-14 10:20:09,691 INFO trial epoch 4/10 batch 26/66 (39%) running_loss=0.9995
2026-08-14 10:20:15,993 INFO trial epoch 4/10 batch 39/66 (59%) running_loss=0.9966
2026-08-14 10:20:22,292 INFO trial epoch 4/10 batch 52/66 (79%) running_loss=0.9782
2026-08-14 10:20:28,593 INFO trial epoch 4/10 batch 65/66 (98%) running_loss=0.9619
2026-08-14 10:20:28,900 INFO trial epoch 4/10 batch 66/66 (100%) running_loss=0.9638
2026-08-14 10:20:31,389 INFO trial epoch 4/10 done: train_loss=0.9638 val_macro_auc=0.7633
2026-08-14 10:20:38,108 INFO trial epoch 5/10 batch 13/66 (20%) running_loss=0.9073
2026-08-14 10:20:44,410 INFO trial epoch 5/10 batch 26/66 (39%) running_loss=0.9015
2026-08-14 10:20:50,713 INFO trial epoch 5/10 batch 39/66 (59%) running_loss=0.9206
2026-08-14 10:20:57,011 INFO trial epoch 5/10 batch 52/66 (79%) running_loss=0.9049
2026-08-14 10:21:03,310 INFO trial epoch 5/10 batch 65/66 (98%) running_loss=0.8985
2026-08-14 10:21:03,616 INFO trial epoch 5/10 batch 66/66 (100%) running_loss=0.9008
2026-08-14 10:21:06,100 INFO trial epoch 5/10 done: train_loss=0.9008 val_macro_auc=0.7763
2026-08-14 10:21:12,813 INFO trial epoch 6/10 batch 13/66 (20%) running_loss=0.8682
2026-08-14 10:21:19,110 INFO trial epoch 6/10 batch 26/66 (39%) running_loss=0.8504
2026-08-14 10:21:25,410 INFO trial epoch 6/10 batch 39/66 (59%) running_loss=0.8448
2026-08-14 10:21:31,715 INFO trial epoch 6/10 batch 52/66 (79%) running_loss=0.8427
2026-08-14 10:21:38,015 INFO trial epoch 6/10 batch 65/66 (98%) running_loss=0.8435
2026-08-14 10:21:38,321 INFO trial epoch 6/10 batch 66/66 (100%) running_loss=0.8432
2026-08-14 10:21:40,799 INFO trial epoch 6/10 done: train_loss=0.8432 val_macro_auc=0.8015
2026-08-14 10:21:47,521 INFO trial epoch 7/10 batch 13/66 (20%) running_loss=0.9007
2026-08-14 10:21:53,817 INFO trial epoch 7/10 batch 26/66 (39%) running_loss=0.8524
2026-08-14 10:22:00,112 INFO trial epoch 7/10 batch 39/66 (59%) running_loss=0.8461
2026-08-14 10:22:06,417 INFO trial epoch 7/10 batch 52/66 (79%) running_loss=0.8342
2026-08-14 10:22:12,718 INFO trial epoch 7/10 batch 65/66 (98%) running_loss=0.8281
2026-08-14 10:22:13,024 INFO trial epoch 7/10 batch 66/66 (100%) running_loss=0.8271
2026-08-14 10:22:15,497 INFO trial epoch 7/10 done: train_loss=0.8271 val_macro_auc=0.7991
2026-08-14 10:22:22,223 INFO trial epoch 8/10 batch 13/66 (20%) running_loss=0.7860
2026-08-14 10:22:28,524 INFO trial epoch 8/10 batch 26/66 (39%) running_loss=0.7931
2026-08-14 10:22:34,823 INFO trial epoch 8/10 batch 39/66 (59%) running_loss=0.7849
2026-08-14 10:22:41,118 INFO trial epoch 8/10 batch 52/66 (79%) running_loss=0.7865
2026-08-14 10:22:47,418 INFO trial epoch 8/10 batch 65/66 (98%) running_loss=0.7820
2026-08-14 10:22:47,723 INFO trial epoch 8/10 batch 66/66 (100%) running_loss=0.7856
2026-08-14 10:22:50,209 INFO trial epoch 8/10 done: train_loss=0.7856 val_macro_auc=0.8034
2026-08-14 10:22:56,932 INFO trial epoch 9/10 batch 13/66 (20%) running_loss=0.8038
2026-08-14 10:23:03,229 INFO trial epoch 9/10 batch 26/66 (39%) running_loss=0.7687
2026-08-14 10:23:09,525 INFO trial epoch 9/10 batch 39/66 (59%) running_loss=0.7542
2026-08-14 10:23:15,826 INFO trial epoch 9/10 batch 52/66 (79%) running_loss=0.7581
2026-08-14 10:23:22,124 INFO trial epoch 9/10 batch 65/66 (98%) running_loss=0.7593
2026-08-14 10:23:22,428 INFO trial epoch 9/10 batch 66/66 (100%) running_loss=0.7609
2026-08-14 10:23:24,915 INFO trial epoch 9/10 done: train_loss=0.7609 val_macro_auc=0.8122
2026-08-14 10:23:31,637 INFO trial epoch 10/10 batch 13/66 (20%) running_loss=0.7297
2026-08-14 10:23:37,931 INFO trial epoch 10/10 batch 26/66 (39%) running_loss=0.7457
2026-08-14 10:23:44,228 INFO trial epoch 10/10 batch 39/66 (59%) running_loss=0.7276
2026-08-14 10:23:50,526 INFO trial epoch 10/10 batch 52/66 (79%) running_loss=0.7302
2026-08-14 10:23:56,819 INFO trial epoch 10/10 batch 65/66 (98%) running_loss=0.7330
2026-08-14 10:23:57,127 INFO trial epoch 10/10 batch 66/66 (100%) running_loss=0.7326
2026-08-14 10:23:59,603 INFO trial epoch 10/10 done: train_loss=0.7326 val_macro_auc=0.8154
2026-08-14 10:23:59,748 INFO Trial 18/25: finished val_macro_auc=0.8103 (best so far: 0.8396)
2026-08-14 10:23:59,751 INFO Trial 19/25: starting (10 trial epochs)
2026-08-14 10:24:06,632 INFO trial epoch 1/10 batch 13/66 (20%) running_loss=1.1415
2026-08-14 10:24:12,930 INFO trial epoch 1/10 batch 26/66 (39%) running_loss=1.2178
2026-08-14 10:24:19,231 INFO trial epoch 1/10 batch 39/66 (59%) running_loss=1.1945
2026-08-14 10:24:25,534 INFO trial epoch 1/10 batch 52/66 (79%) running_loss=1.1857
2026-08-14 10:24:31,837 INFO trial epoch 1/10 batch 65/66 (98%) running_loss=1.1634
2026-08-14 10:24:32,145 INFO trial epoch 1/10 batch 66/66 (100%) running_loss=1.1640
2026-08-14 10:24:34,625 INFO trial epoch 1/10 done: train_loss=1.1640 val_macro_auc=0.6378
2026-08-14 10:24:41,328 INFO trial epoch 2/10 batch 13/66 (20%) running_loss=1.1066
2026-08-14 10:24:47,624 INFO trial epoch 2/10 batch 26/66 (39%) running_loss=1.1228
2026-08-14 10:24:53,922 INFO trial epoch 2/10 batch 39/66 (59%) running_loss=1.1241
2026-08-14 10:25:00,222 INFO trial epoch 2/10 batch 52/66 (79%) running_loss=1.1113
2026-08-14 10:25:06,520 INFO trial epoch 2/10 batch 65/66 (98%) running_loss=1.1135
2026-08-14 10:25:06,827 INFO trial epoch 2/10 batch 66/66 (100%) running_loss=1.1119
2026-08-14 10:25:09,300 INFO trial epoch 2/10 done: train_loss=1.1119 val_macro_auc=0.6746
2026-08-14 10:25:16,009 INFO trial epoch 3/10 batch 13/66 (20%) running_loss=1.0617
2026-08-14 10:25:22,429 INFO trial epoch 3/10 batch 26/66 (39%) running_loss=1.0278
2026-08-14 10:25:28,728 INFO trial epoch 3/10 batch 39/66 (59%) running_loss=1.0232
2026-08-14 10:25:35,021 INFO trial epoch 3/10 batch 52/66 (79%) running_loss=1.0086
2026-08-14 10:25:41,317 INFO trial epoch 3/10 batch 65/66 (98%) running_loss=1.0094
2026-08-14 10:25:41,623 INFO trial epoch 3/10 batch 66/66 (100%) running_loss=1.0101
2026-08-14 10:25:44,086 INFO trial epoch 3/10 done: train_loss=1.0101 val_macro_auc=0.7496
2026-08-14 10:25:50,783 INFO trial epoch 4/10 batch 13/66 (20%) running_loss=1.0496
2026-08-14 10:25:57,078 INFO trial epoch 4/10 batch 26/66 (39%) running_loss=1.0134
2026-08-14 10:26:03,376 INFO trial epoch 4/10 batch 39/66 (59%) running_loss=1.0035
2026-08-14 10:26:09,672 INFO trial epoch 4/10 batch 52/66 (79%) running_loss=0.9892
2026-08-14 10:26:15,965 INFO trial epoch 4/10 batch 65/66 (98%) running_loss=0.9936
2026-08-14 10:26:16,272 INFO trial epoch 4/10 batch 66/66 (100%) running_loss=0.9927
2026-08-14 10:26:18,742 INFO trial epoch 4/10 done: train_loss=0.9927 val_macro_auc=0.7539
2026-08-14 10:26:25,446 INFO trial epoch 5/10 batch 13/66 (20%) running_loss=0.9703
2026-08-14 10:26:31,737 INFO trial epoch 5/10 batch 26/66 (39%) running_loss=0.9707
2026-08-14 10:26:38,032 INFO trial epoch 5/10 batch 39/66 (59%) running_loss=0.9564
2026-08-14 10:26:44,325 INFO trial epoch 5/10 batch 52/66 (79%) running_loss=0.9548
2026-08-14 10:26:50,615 INFO trial epoch 5/10 batch 65/66 (98%) running_loss=0.9530
2026-08-14 10:26:50,921 INFO trial epoch 5/10 batch 66/66 (100%) running_loss=0.9543
2026-08-14 10:26:53,390 INFO trial epoch 5/10 done: train_loss=0.9543 val_macro_auc=0.7780
2026-08-14 10:27:00,092 INFO trial epoch 6/10 batch 13/66 (20%) running_loss=0.9582
2026-08-14 10:27:06,385 INFO trial epoch 6/10 batch 26/66 (39%) running_loss=0.9229
2026-08-14 10:27:12,679 INFO trial epoch 6/10 batch 39/66 (59%) running_loss=0.9118
2026-08-14 10:27:18,971 INFO trial epoch 6/10 batch 52/66 (79%) running_loss=0.9096
2026-08-14 10:27:25,273 INFO trial epoch 6/10 batch 65/66 (98%) running_loss=0.9063
2026-08-14 10:27:25,580 INFO trial epoch 6/10 batch 66/66 (100%) running_loss=0.9065
2026-08-14 10:27:28,067 INFO trial epoch 6/10 done: train_loss=0.9065 val_macro_auc=0.7613
2026-08-14 10:27:34,772 INFO trial epoch 7/10 batch 13/66 (20%) running_loss=0.8839
2026-08-14 10:27:41,065 INFO trial epoch 7/10 batch 26/66 (39%) running_loss=0.8757
2026-08-14 10:27:47,362 INFO trial epoch 7/10 batch 39/66 (59%) running_loss=0.8721
2026-08-14 10:27:53,656 INFO trial epoch 7/10 batch 52/66 (79%) running_loss=0.8681
2026-08-14 10:27:59,956 INFO trial epoch 7/10 batch 65/66 (98%) running_loss=0.8618
2026-08-14 10:28:00,262 INFO trial epoch 7/10 batch 66/66 (100%) running_loss=0.8604
2026-08-14 10:28:02,756 INFO trial epoch 7/10 done: train_loss=0.8604 val_macro_auc=0.7641
2026-08-14 10:28:09,462 INFO trial epoch 8/10 batch 13/66 (20%) running_loss=0.8410
2026-08-14 10:28:15,754 INFO trial epoch 8/10 batch 26/66 (39%) running_loss=0.8461
2026-08-14 10:28:22,055 INFO trial epoch 8/10 batch 39/66 (59%) running_loss=0.8380
2026-08-14 10:28:28,356 INFO trial epoch 8/10 batch 52/66 (79%) running_loss=0.8235
2026-08-14 10:28:34,655 INFO trial epoch 8/10 batch 65/66 (98%) running_loss=0.8310
2026-08-14 10:28:34,962 INFO trial epoch 8/10 batch 66/66 (100%) running_loss=0.8308
2026-08-14 10:28:37,448 INFO trial epoch 8/10 done: train_loss=0.8308 val_macro_auc=0.7848
2026-08-14 10:28:44,159 INFO trial epoch 9/10 batch 13/66 (20%) running_loss=0.8615
2026-08-14 10:28:50,456 INFO trial epoch 9/10 batch 26/66 (39%) running_loss=0.8232
2026-08-14 10:28:56,750 INFO trial epoch 9/10 batch 39/66 (59%) running_loss=0.8015
2026-08-14 10:29:03,042 INFO trial epoch 9/10 batch 52/66 (79%) running_loss=0.8006
2026-08-14 10:29:09,336 INFO trial epoch 9/10 batch 65/66 (98%) running_loss=0.7932
2026-08-14 10:29:09,642 INFO trial epoch 9/10 batch 66/66 (100%) running_loss=0.7911
2026-08-14 10:29:12,124 INFO trial epoch 9/10 done: train_loss=0.7911 val_macro_auc=0.8179
2026-08-14 10:29:18,837 INFO trial epoch 10/10 batch 13/66 (20%) running_loss=0.8112
2026-08-14 10:29:25,135 INFO trial epoch 10/10 batch 26/66 (39%) running_loss=0.7741
2026-08-14 10:29:31,431 INFO trial epoch 10/10 batch 39/66 (59%) running_loss=0.7972
2026-08-14 10:29:37,723 INFO trial epoch 10/10 batch 52/66 (79%) running_loss=0.8020
2026-08-14 10:29:44,020 INFO trial epoch 10/10 batch 65/66 (98%) running_loss=0.7963
2026-08-14 10:29:44,325 INFO trial epoch 10/10 batch 66/66 (100%) running_loss=0.7986
2026-08-14 10:29:46,803 INFO trial epoch 10/10 done: train_loss=0.7986 val_macro_auc=0.8236
2026-08-14 10:29:46,947 INFO Trial 19/25: finished val_macro_auc=0.8087 (best so far: 0.8396)
2026-08-14 10:29:46,950 INFO Trial 20/25: starting (10 trial epochs)
2026-08-14 10:29:53,793 INFO trial epoch 1/10 batch 13/66 (20%) running_loss=1.1141
2026-08-14 10:30:00,099 INFO trial epoch 1/10 batch 26/66 (39%) running_loss=1.1393
2026-08-14 10:30:06,407 INFO trial epoch 1/10 batch 39/66 (59%) running_loss=1.1407
2026-08-14 10:30:12,712 INFO trial epoch 1/10 batch 52/66 (79%) running_loss=1.1215
2026-08-14 10:30:19,013 INFO trial epoch 1/10 batch 65/66 (98%) running_loss=1.1190
2026-08-14 10:30:19,318 INFO trial epoch 1/10 batch 66/66 (100%) running_loss=1.1191
2026-08-14 10:30:21,792 INFO trial epoch 1/10 done: train_loss=1.1191 val_macro_auc=0.7440
2026-08-14 10:30:28,498 INFO trial epoch 2/10 batch 13/66 (20%) running_loss=1.1031
2026-08-14 10:30:34,791 INFO trial epoch 2/10 batch 26/66 (39%) running_loss=1.0685
2026-08-14 10:30:41,090 INFO trial epoch 2/10 batch 39/66 (59%) running_loss=1.0538
2026-08-14 10:30:47,384 INFO trial epoch 2/10 batch 52/66 (79%) running_loss=1.0467
2026-08-14 10:30:53,679 INFO trial epoch 2/10 batch 65/66 (98%) running_loss=1.0313
2026-08-14 10:30:53,986 INFO trial epoch 2/10 batch 66/66 (100%) running_loss=1.0308
2026-08-14 10:30:56,461 INFO trial epoch 2/10 done: train_loss=1.0308 val_macro_auc=0.7348
2026-08-14 10:31:03,146 INFO trial epoch 3/10 batch 13/66 (20%) running_loss=0.9575
2026-08-14 10:31:09,564 INFO trial epoch 3/10 batch 26/66 (39%) running_loss=0.9535
2026-08-14 10:31:15,864 INFO trial epoch 3/10 batch 39/66 (59%) running_loss=0.9516
2026-08-14 10:31:22,157 INFO trial epoch 3/10 batch 52/66 (79%) running_loss=0.9432
2026-08-14 10:31:28,449 INFO trial epoch 3/10 batch 65/66 (98%) running_loss=0.9247
2026-08-14 10:31:28,754 INFO trial epoch 3/10 batch 66/66 (100%) running_loss=0.9231
2026-08-14 10:31:31,249 INFO trial epoch 3/10 done: train_loss=0.9231 val_macro_auc=0.7626
2026-08-14 10:31:37,947 INFO trial epoch 4/10 batch 13/66 (20%) running_loss=0.9230
2026-08-14 10:31:44,244 INFO trial epoch 4/10 batch 26/66 (39%) running_loss=0.9038
2026-08-14 10:31:50,539 INFO trial epoch 4/10 batch 39/66 (59%) running_loss=0.8817
2026-08-14 10:31:56,831 INFO trial epoch 4/10 batch 52/66 (79%) running_loss=0.8698
2026-08-14 10:32:03,129 INFO trial epoch 4/10 batch 65/66 (98%) running_loss=0.8755
2026-08-14 10:32:03,435 INFO trial epoch 4/10 batch 66/66 (100%) running_loss=0.8754
2026-08-14 10:32:05,912 INFO trial epoch 4/10 done: train_loss=0.8754 val_macro_auc=0.7852
2026-08-14 10:32:12,602 INFO trial epoch 5/10 batch 13/66 (20%) running_loss=0.8291
2026-08-14 10:32:18,898 INFO trial epoch 5/10 batch 26/66 (39%) running_loss=0.8250
2026-08-14 10:32:25,206 INFO trial epoch 5/10 batch 39/66 (59%) running_loss=0.8165
2026-08-14 10:32:31,503 INFO trial epoch 5/10 batch 52/66 (79%) running_loss=0.8100
2026-08-14 10:32:37,800 INFO trial epoch 5/10 batch 65/66 (98%) running_loss=0.8082
2026-08-14 10:32:38,106 INFO trial epoch 5/10 batch 66/66 (100%) running_loss=0.8081
2026-08-14 10:32:40,570 INFO trial epoch 5/10 done: train_loss=0.8081 val_macro_auc=0.8080
2026-08-14 10:32:47,276 INFO trial epoch 6/10 batch 13/66 (20%) running_loss=0.8742
2026-08-14 10:32:53,569 INFO trial epoch 6/10 batch 26/66 (39%) running_loss=0.8414
2026-08-14 10:32:59,865 INFO trial epoch 6/10 batch 39/66 (59%) running_loss=0.8195
2026-08-14 10:33:06,166 INFO trial epoch 6/10 batch 52/66 (79%) running_loss=0.8008
2026-08-14 10:33:12,461 INFO trial epoch 6/10 batch 65/66 (98%) running_loss=0.8019
2026-08-14 10:33:12,768 INFO trial epoch 6/10 batch 66/66 (100%) running_loss=0.8011
2026-08-14 10:33:15,258 INFO trial epoch 6/10 done: train_loss=0.8011 val_macro_auc=0.8041
2026-08-14 10:33:21,954 INFO trial epoch 7/10 batch 13/66 (20%) running_loss=0.7424
2026-08-14 10:33:28,245 INFO trial epoch 7/10 batch 26/66 (39%) running_loss=0.7603
2026-08-14 10:33:34,540 INFO trial epoch 7/10 batch 39/66 (59%) running_loss=0.7428
2026-08-14 10:33:40,831 INFO trial epoch 7/10 batch 52/66 (79%) running_loss=0.7494
2026-08-14 10:33:47,129 INFO trial epoch 7/10 batch 65/66 (98%) running_loss=0.7576
2026-08-14 10:33:47,439 INFO trial epoch 7/10 batch 66/66 (100%) running_loss=0.7564
2026-08-14 10:33:49,907 INFO trial epoch 7/10 done: train_loss=0.7564 val_macro_auc=0.8329
2026-08-14 10:33:56,596 INFO trial epoch 8/10 batch 13/66 (20%) running_loss=0.6954
2026-08-14 10:34:02,890 INFO trial epoch 8/10 batch 26/66 (39%) running_loss=0.7542
2026-08-14 10:34:09,188 INFO trial epoch 8/10 batch 39/66 (59%) running_loss=0.7409
2026-08-14 10:34:15,485 INFO trial epoch 8/10 batch 52/66 (79%) running_loss=0.7328
2026-08-14 10:34:21,779 INFO trial epoch 8/10 batch 65/66 (98%) running_loss=0.7305
2026-08-14 10:34:22,086 INFO trial epoch 8/10 batch 66/66 (100%) running_loss=0.7267
2026-08-14 10:34:24,571 INFO trial epoch 8/10 done: train_loss=0.7267 val_macro_auc=0.8349
2026-08-14 10:34:31,272 INFO trial epoch 9/10 batch 13/66 (20%) running_loss=0.7595
2026-08-14 10:34:37,565 INFO trial epoch 9/10 batch 26/66 (39%) running_loss=0.7133
2026-08-14 10:34:43,857 INFO trial epoch 9/10 batch 39/66 (59%) running_loss=0.7166
2026-08-14 10:34:50,148 INFO trial epoch 9/10 batch 52/66 (79%) running_loss=0.7188
2026-08-14 10:34:56,445 INFO trial epoch 9/10 batch 65/66 (98%) running_loss=0.7161
2026-08-14 10:34:56,752 INFO trial epoch 9/10 batch 66/66 (100%) running_loss=0.7165
2026-08-14 10:34:59,230 INFO trial epoch 9/10 done: train_loss=0.7165 val_macro_auc=0.8391
2026-08-14 10:35:05,917 INFO trial epoch 10/10 batch 13/66 (20%) running_loss=0.6610
2026-08-14 10:35:12,215 INFO trial epoch 10/10 batch 26/66 (39%) running_loss=0.6841
2026-08-14 10:35:18,513 INFO trial epoch 10/10 batch 39/66 (59%) running_loss=0.6741
2026-08-14 10:35:24,807 INFO trial epoch 10/10 batch 52/66 (79%) running_loss=0.6874
2026-08-14 10:35:31,103 INFO trial epoch 10/10 batch 65/66 (98%) running_loss=0.6949
2026-08-14 10:35:31,409 INFO trial epoch 10/10 batch 66/66 (100%) running_loss=0.6957
2026-08-14 10:35:33,908 INFO trial epoch 10/10 done: train_loss=0.6957 val_macro_auc=0.8358
2026-08-14 10:35:34,053 INFO Trial 20/25: finished val_macro_auc=0.8366 (best so far: 0.8396)
2026-08-14 10:35:34,059 INFO Trial 21/25: starting (10 trial epochs)
2026-08-14 10:35:40,904 INFO trial epoch 1/10 batch 13/66 (20%) running_loss=1.1398
2026-08-14 10:35:47,208 INFO trial epoch 1/10 batch 26/66 (39%) running_loss=1.1894
2026-08-14 10:35:53,511 INFO trial epoch 1/10 batch 39/66 (59%) running_loss=1.1795
2026-08-14 10:35:59,815 INFO trial epoch 1/10 batch 52/66 (79%) running_loss=1.1651
2026-08-14 10:36:06,118 INFO trial epoch 1/10 batch 65/66 (98%) running_loss=1.1532
2026-08-14 10:36:06,425 INFO trial epoch 1/10 batch 66/66 (100%) running_loss=1.1502
2026-08-14 10:36:08,908 INFO trial epoch 1/10 done: train_loss=1.1502 val_macro_auc=0.5817
2026-08-14 10:36:15,611 INFO trial epoch 2/10 batch 13/66 (20%) running_loss=1.1097
2026-08-14 10:36:21,914 INFO trial epoch 2/10 batch 26/66 (39%) running_loss=1.1089
2026-08-14 10:36:28,219 INFO trial epoch 2/10 batch 39/66 (59%) running_loss=1.1170
2026-08-14 10:36:34,529 INFO trial epoch 2/10 batch 52/66 (79%) running_loss=1.1073
2026-08-14 10:36:40,829 INFO trial epoch 2/10 batch 65/66 (98%) running_loss=1.0850
2026-08-14 10:36:41,134 INFO trial epoch 2/10 batch 66/66 (100%) running_loss=1.0834
2026-08-14 10:36:43,612 INFO trial epoch 2/10 done: train_loss=1.0834 val_macro_auc=0.7648
2026-08-14 10:36:50,324 INFO trial epoch 3/10 batch 13/66 (20%) running_loss=0.9813
2026-08-14 10:36:56,740 INFO trial epoch 3/10 batch 26/66 (39%) running_loss=0.9649
2026-08-14 10:37:03,052 INFO trial epoch 3/10 batch 39/66 (59%) running_loss=0.9610
2026-08-14 10:37:09,352 INFO trial epoch 3/10 batch 52/66 (79%) running_loss=0.9675
2026-08-14 10:37:15,652 INFO trial epoch 3/10 batch 65/66 (98%) running_loss=0.9567
2026-08-14 10:37:15,959 INFO trial epoch 3/10 batch 66/66 (100%) running_loss=0.9561
2026-08-14 10:37:18,444 INFO trial epoch 3/10 done: train_loss=0.9561 val_macro_auc=0.7470
2026-08-14 10:37:25,149 INFO trial epoch 4/10 batch 13/66 (20%) running_loss=0.9545
2026-08-14 10:37:31,443 INFO trial epoch 4/10 batch 26/66 (39%) running_loss=0.9306
2026-08-14 10:37:37,737 INFO trial epoch 4/10 batch 39/66 (59%) running_loss=0.9110
2026-08-14 10:37:44,041 INFO trial epoch 4/10 batch 52/66 (79%) running_loss=0.9015
2026-08-14 10:37:50,340 INFO trial epoch 4/10 batch 65/66 (98%) running_loss=0.8853
2026-08-14 10:37:50,646 INFO trial epoch 4/10 batch 66/66 (100%) running_loss=0.8816
2026-08-14 10:37:53,117 INFO trial epoch 4/10 done: train_loss=0.8816 val_macro_auc=0.7807
2026-08-14 10:37:59,817 INFO trial epoch 5/10 batch 13/66 (20%) running_loss=0.8001
2026-08-14 10:38:06,115 INFO trial epoch 5/10 batch 26/66 (39%) running_loss=0.7933
2026-08-14 10:38:12,412 INFO trial epoch 5/10 batch 39/66 (59%) running_loss=0.8164
2026-08-14 10:38:18,714 INFO trial epoch 5/10 batch 52/66 (79%) running_loss=0.8190
2026-08-14 10:38:25,020 INFO trial epoch 5/10 batch 65/66 (98%) running_loss=0.8094
2026-08-14 10:38:25,327 INFO trial epoch 5/10 batch 66/66 (100%) running_loss=0.8097
2026-08-14 10:38:27,800 INFO trial epoch 5/10 done: train_loss=0.8097 val_macro_auc=0.7927
2026-08-14 10:38:34,518 INFO trial epoch 6/10 batch 13/66 (20%) running_loss=0.7688
2026-08-14 10:38:40,819 INFO trial epoch 6/10 batch 26/66 (39%) running_loss=0.7798
2026-08-14 10:38:47,115 INFO trial epoch 6/10 batch 39/66 (59%) running_loss=0.7802
2026-08-14 10:38:53,409 INFO trial epoch 6/10 batch 52/66 (79%) running_loss=0.7748
2026-08-14 10:38:59,704 INFO trial epoch 6/10 batch 65/66 (98%) running_loss=0.7705
2026-08-14 10:39:00,010 INFO trial epoch 6/10 batch 66/66 (100%) running_loss=0.7711
2026-08-14 10:39:02,480 INFO trial epoch 6/10 done: train_loss=0.7711 val_macro_auc=0.8037
2026-08-14 10:39:09,197 INFO trial epoch 7/10 batch 13/66 (20%) running_loss=0.7408
2026-08-14 10:39:15,492 INFO trial epoch 7/10 batch 26/66 (39%) running_loss=0.7774
2026-08-14 10:39:21,784 INFO trial epoch 7/10 batch 39/66 (59%) running_loss=0.7450
2026-08-14 10:39:28,076 INFO trial epoch 7/10 batch 52/66 (79%) running_loss=0.7511
2026-08-14 10:39:34,368 INFO trial epoch 7/10 batch 65/66 (98%) running_loss=0.7488
2026-08-14 10:39:34,674 INFO trial epoch 7/10 batch 66/66 (100%) running_loss=0.7479
2026-08-14 10:39:37,154 INFO trial epoch 7/10 done: train_loss=0.7479 val_macro_auc=0.8140
2026-08-14 10:39:43,856 INFO trial epoch 8/10 batch 13/66 (20%) running_loss=0.7027
2026-08-14 10:39:50,151 INFO trial epoch 8/10 batch 26/66 (39%) running_loss=0.7315
2026-08-14 10:39:56,447 INFO trial epoch 8/10 batch 39/66 (59%) running_loss=0.7222
2026-08-14 10:40:02,747 INFO trial epoch 8/10 batch 52/66 (79%) running_loss=0.7177
2026-08-14 10:40:09,046 INFO trial epoch 8/10 batch 65/66 (98%) running_loss=0.7130
2026-08-14 10:40:09,355 INFO trial epoch 8/10 batch 66/66 (100%) running_loss=0.7184
2026-08-14 10:40:11,830 INFO trial epoch 8/10 done: train_loss=0.7184 val_macro_auc=0.8092
2026-08-14 10:40:18,547 INFO trial epoch 9/10 batch 13/66 (20%) running_loss=0.7180
2026-08-14 10:40:24,843 INFO trial epoch 9/10 batch 26/66 (39%) running_loss=0.6921
2026-08-14 10:40:31,149 INFO trial epoch 9/10 batch 39/66 (59%) running_loss=0.7007
2026-08-14 10:40:37,447 INFO trial epoch 9/10 batch 52/66 (79%) running_loss=0.7145
2026-08-14 10:40:43,752 INFO trial epoch 9/10 batch 65/66 (98%) running_loss=0.7226
2026-08-14 10:40:44,061 INFO trial epoch 9/10 batch 66/66 (100%) running_loss=0.7231
2026-08-14 10:40:46,532 INFO trial epoch 9/10 done: train_loss=0.7231 val_macro_auc=0.8135
2026-08-14 10:40:53,225 INFO trial epoch 10/10 batch 13/66 (20%) running_loss=0.7059
2026-08-14 10:40:59,519 INFO trial epoch 10/10 batch 26/66 (39%) running_loss=0.7039
2026-08-14 10:41:05,814 INFO trial epoch 10/10 batch 39/66 (59%) running_loss=0.6963
2026-08-14 10:41:12,115 INFO trial epoch 10/10 batch 52/66 (79%) running_loss=0.7059
2026-08-14 10:41:18,413 INFO trial epoch 10/10 batch 65/66 (98%) running_loss=0.6983
2026-08-14 10:41:18,719 INFO trial epoch 10/10 batch 66/66 (100%) running_loss=0.6995
2026-08-14 10:41:21,198 INFO trial epoch 10/10 done: train_loss=0.6995 val_macro_auc=0.8087
2026-08-14 10:41:21,351 INFO Trial 21/25: finished val_macro_auc=0.8105 (best so far: 0.8396)
2026-08-14 10:41:21,354 INFO Trial 22/25: starting (10 trial epochs)
2026-08-14 10:41:28,191 INFO trial epoch 1/10 batch 13/66 (20%) running_loss=1.1365
2026-08-14 10:41:34,491 INFO trial epoch 1/10 batch 26/66 (39%) running_loss=1.1605
2026-08-14 10:41:40,800 INFO trial epoch 1/10 batch 39/66 (59%) running_loss=1.1889
2026-08-14 10:41:47,100 INFO trial epoch 1/10 batch 52/66 (79%) running_loss=1.1958
2026-08-14 10:41:53,402 INFO trial epoch 1/10 batch 65/66 (98%) running_loss=1.1663
2026-08-14 10:41:53,706 INFO trial epoch 1/10 batch 66/66 (100%) running_loss=1.1653
2026-08-14 10:41:56,185 INFO trial epoch 1/10 done: train_loss=1.1653 val_macro_auc=0.7166
2026-08-14 10:42:02,902 INFO trial epoch 2/10 batch 13/66 (20%) running_loss=1.0892
2026-08-14 10:42:09,207 INFO trial epoch 2/10 batch 26/66 (39%) running_loss=1.0844
2026-08-14 10:42:15,502 INFO trial epoch 2/10 batch 39/66 (59%) running_loss=1.0860
2026-08-14 10:42:21,802 INFO trial epoch 2/10 batch 52/66 (79%) running_loss=1.0919
2026-08-14 10:42:28,100 INFO trial epoch 2/10 batch 65/66 (98%) running_loss=1.0802
2026-08-14 10:42:28,406 INFO trial epoch 2/10 batch 66/66 (100%) running_loss=1.0793
2026-08-14 10:42:30,889 INFO trial epoch 2/10 done: train_loss=1.0793 val_macro_auc=0.7674
2026-08-14 10:42:37,573 INFO trial epoch 3/10 batch 13/66 (20%) running_loss=1.0577
2026-08-14 10:42:44,000 INFO trial epoch 3/10 batch 26/66 (39%) running_loss=1.0470
2026-08-14 10:42:50,305 INFO trial epoch 3/10 batch 39/66 (59%) running_loss=1.0258
2026-08-14 10:42:56,605 INFO trial epoch 3/10 batch 52/66 (79%) running_loss=1.0110
2026-08-14 10:43:02,899 INFO trial epoch 3/10 batch 65/66 (98%) running_loss=1.0181
2026-08-14 10:43:03,205 INFO trial epoch 3/10 batch 66/66 (100%) running_loss=1.0190
2026-08-14 10:43:05,687 INFO trial epoch 3/10 done: train_loss=1.0190 val_macro_auc=0.7701
2026-08-14 10:43:12,377 INFO trial epoch 4/10 batch 13/66 (20%) running_loss=0.9914
2026-08-14 10:43:18,670 INFO trial epoch 4/10 batch 26/66 (39%) running_loss=0.9676
2026-08-14 10:43:24,964 INFO trial epoch 4/10 batch 39/66 (59%) running_loss=0.9628
2026-08-14 10:43:31,260 INFO trial epoch 4/10 batch 52/66 (79%) running_loss=0.9640
2026-08-14 10:43:37,559 INFO trial epoch 4/10 batch 65/66 (98%) running_loss=0.9521
2026-08-14 10:43:37,867 INFO trial epoch 4/10 batch 66/66 (100%) running_loss=0.9501
2026-08-14 10:43:40,352 INFO trial epoch 4/10 done: train_loss=0.9501 val_macro_auc=0.7832
2026-08-14 10:43:47,052 INFO trial epoch 5/10 batch 13/66 (20%) running_loss=0.8659
2026-08-14 10:43:53,351 INFO trial epoch 5/10 batch 26/66 (39%) running_loss=0.8757
2026-08-14 10:43:59,644 INFO trial epoch 5/10 batch 39/66 (59%) running_loss=0.8779
2026-08-14 10:44:05,945 INFO trial epoch 5/10 batch 52/66 (79%) running_loss=0.8863
2026-08-14 10:44:12,245 INFO trial epoch 5/10 batch 65/66 (98%) running_loss=0.8818
2026-08-14 10:44:12,552 INFO trial epoch 5/10 batch 66/66 (100%) running_loss=0.8845
2026-08-14 10:44:15,024 INFO trial epoch 5/10 done: train_loss=0.8845 val_macro_auc=0.7950
2026-08-14 10:44:21,719 INFO trial epoch 6/10 batch 13/66 (20%) running_loss=0.8079
2026-08-14 10:44:28,016 INFO trial epoch 6/10 batch 26/66 (39%) running_loss=0.8081
2026-08-14 10:44:34,311 INFO trial epoch 6/10 batch 39/66 (59%) running_loss=0.8277
2026-08-14 10:44:40,606 INFO trial epoch 6/10 batch 52/66 (79%) running_loss=0.8300
2026-08-14 10:44:46,899 INFO trial epoch 6/10 batch 65/66 (98%) running_loss=0.8350
2026-08-14 10:44:47,204 INFO trial epoch 6/10 batch 66/66 (100%) running_loss=0.8317
2026-08-14 10:44:49,663 INFO trial epoch 6/10 done: train_loss=0.8317 val_macro_auc=0.8056
2026-08-14 10:44:56,343 INFO trial epoch 7/10 batch 13/66 (20%) running_loss=0.7857
2026-08-14 10:45:02,636 INFO trial epoch 7/10 batch 26/66 (39%) running_loss=0.7941
2026-08-14 10:45:08,927 INFO trial epoch 7/10 batch 39/66 (59%) running_loss=0.7957
2026-08-14 10:45:15,217 INFO trial epoch 7/10 batch 52/66 (79%) running_loss=0.7948
2026-08-14 10:45:21,511 INFO trial epoch 7/10 batch 65/66 (98%) running_loss=0.7799
2026-08-14 10:45:21,817 INFO trial epoch 7/10 batch 66/66 (100%) running_loss=0.7798
2026-08-14 10:45:24,306 INFO trial epoch 7/10 done: train_loss=0.7798 val_macro_auc=0.8054
2026-08-14 10:45:30,992 INFO trial epoch 8/10 batch 13/66 (20%) running_loss=0.7171
2026-08-14 10:45:37,285 INFO trial epoch 8/10 batch 26/66 (39%) running_loss=0.7219
2026-08-14 10:45:43,583 INFO trial epoch 8/10 batch 39/66 (59%) running_loss=0.7122
2026-08-14 10:45:49,873 INFO trial epoch 8/10 batch 52/66 (79%) running_loss=0.7292
2026-08-14 10:45:56,166 INFO trial epoch 8/10 batch 65/66 (98%) running_loss=0.7239
2026-08-14 10:45:56,473 INFO trial epoch 8/10 batch 66/66 (100%) running_loss=0.7241
2026-08-14 10:45:58,942 INFO trial epoch 8/10 done: train_loss=0.7241 val_macro_auc=0.8218
2026-08-14 10:46:05,634 INFO trial epoch 9/10 batch 13/66 (20%) running_loss=0.6955
2026-08-14 10:46:11,930 INFO trial epoch 9/10 batch 26/66 (39%) running_loss=0.6796
2026-08-14 10:46:18,227 INFO trial epoch 9/10 batch 39/66 (59%) running_loss=0.6806
2026-08-14 10:46:24,524 INFO trial epoch 9/10 batch 52/66 (79%) running_loss=0.6889
2026-08-14 10:46:30,821 INFO trial epoch 9/10 batch 65/66 (98%) running_loss=0.6933
2026-08-14 10:46:31,127 INFO trial epoch 9/10 batch 66/66 (100%) running_loss=0.6973
2026-08-14 10:46:33,608 INFO trial epoch 9/10 done: train_loss=0.6973 val_macro_auc=0.8185
2026-08-14 10:46:40,299 INFO trial epoch 10/10 batch 13/66 (20%) running_loss=0.6562
2026-08-14 10:46:46,595 INFO trial epoch 10/10 batch 26/66 (39%) running_loss=0.6578
2026-08-14 10:46:52,896 INFO trial epoch 10/10 batch 39/66 (59%) running_loss=0.6777
2026-08-14 10:46:59,191 INFO trial epoch 10/10 batch 52/66 (79%) running_loss=0.6758
2026-08-14 10:47:05,481 INFO trial epoch 10/10 batch 65/66 (98%) running_loss=0.6796
2026-08-14 10:47:05,787 INFO trial epoch 10/10 batch 66/66 (100%) running_loss=0.6798
2026-08-14 10:47:08,263 INFO trial epoch 10/10 done: train_loss=0.6798 val_macro_auc=0.8251
2026-08-14 10:47:08,410 INFO Trial 22/25: finished val_macro_auc=0.8218 (best so far: 0.8396)
2026-08-14 10:47:08,413 INFO Trial 23/25: starting (10 trial epochs)
2026-08-14 10:47:15,283 INFO trial epoch 1/10 batch 13/66 (20%) running_loss=1.2373
2026-08-14 10:47:21,583 INFO trial epoch 1/10 batch 26/66 (39%) running_loss=1.2066
2026-08-14 10:47:27,879 INFO trial epoch 1/10 batch 39/66 (59%) running_loss=1.1991
2026-08-14 10:47:34,174 INFO trial epoch 1/10 batch 52/66 (79%) running_loss=1.1844
2026-08-14 10:47:40,468 INFO trial epoch 1/10 batch 65/66 (98%) running_loss=1.1699
2026-08-14 10:47:40,773 INFO trial epoch 1/10 batch 66/66 (100%) running_loss=1.1700
2026-08-14 10:47:43,243 INFO trial epoch 1/10 done: train_loss=1.1700 val_macro_auc=0.7423
2026-08-14 10:47:49,969 INFO trial epoch 2/10 batch 13/66 (20%) running_loss=1.0772
2026-08-14 10:47:56,268 INFO trial epoch 2/10 batch 26/66 (39%) running_loss=1.0880
2026-08-14 10:48:02,573 INFO trial epoch 2/10 batch 39/66 (59%) running_loss=1.0736
2026-08-14 10:48:08,871 INFO trial epoch 2/10 batch 52/66 (79%) running_loss=1.0605
2026-08-14 10:48:15,167 INFO trial epoch 2/10 batch 65/66 (98%) running_loss=1.0671
2026-08-14 10:48:15,475 INFO trial epoch 2/10 batch 66/66 (100%) running_loss=1.0659
2026-08-14 10:48:17,953 INFO trial epoch 2/10 done: train_loss=1.0659 val_macro_auc=0.7421
2026-08-14 10:48:24,665 INFO trial epoch 3/10 batch 13/66 (20%) running_loss=1.0722
2026-08-14 10:48:31,084 INFO trial epoch 3/10 batch 26/66 (39%) running_loss=1.0333
2026-08-14 10:48:37,386 INFO trial epoch 3/10 batch 39/66 (59%) running_loss=1.0309
2026-08-14 10:48:43,685 INFO trial epoch 3/10 batch 52/66 (79%) running_loss=1.0118
2026-08-14 10:48:49,978 INFO trial epoch 3/10 batch 65/66 (98%) running_loss=1.0099
2026-08-14 10:48:50,287 INFO trial epoch 3/10 batch 66/66 (100%) running_loss=1.0087
2026-08-14 10:48:52,762 INFO trial epoch 3/10 done: train_loss=1.0087 val_macro_auc=0.7525
2026-08-14 10:48:59,486 INFO trial epoch 4/10 batch 13/66 (20%) running_loss=0.9200
2026-08-14 10:49:05,781 INFO trial epoch 4/10 batch 26/66 (39%) running_loss=0.9335
2026-08-14 10:49:12,075 INFO trial epoch 4/10 batch 39/66 (59%) running_loss=0.9378
2026-08-14 10:49:18,372 INFO trial epoch 4/10 batch 52/66 (79%) running_loss=0.9311
2026-08-14 10:49:24,667 INFO trial epoch 4/10 batch 65/66 (98%) running_loss=0.9301
2026-08-14 10:49:24,974 INFO trial epoch 4/10 batch 66/66 (100%) running_loss=0.9321
2026-08-14 10:49:27,440 INFO trial epoch 4/10 done: train_loss=0.9321 val_macro_auc=0.7660
2026-08-14 10:49:34,148 INFO trial epoch 5/10 batch 13/66 (20%) running_loss=0.8940
2026-08-14 10:49:40,442 INFO trial epoch 5/10 batch 26/66 (39%) running_loss=0.8962
2026-08-14 10:49:46,734 INFO trial epoch 5/10 batch 39/66 (59%) running_loss=0.8787
2026-08-14 10:49:53,036 INFO trial epoch 5/10 batch 52/66 (79%) running_loss=0.8642
2026-08-14 10:49:59,335 INFO trial epoch 5/10 batch 65/66 (98%) running_loss=0.8692
2026-08-14 10:49:59,643 INFO trial epoch 5/10 batch 66/66 (100%) running_loss=0.8669
2026-08-14 10:50:02,107 INFO trial epoch 5/10 done: train_loss=0.8669 val_macro_auc=0.7727
2026-08-14 10:50:08,824 INFO trial epoch 6/10 batch 13/66 (20%) running_loss=0.8303
2026-08-14 10:50:15,119 INFO trial epoch 6/10 batch 26/66 (39%) running_loss=0.8014
2026-08-14 10:50:21,415 INFO trial epoch 6/10 batch 39/66 (59%) running_loss=0.8042
2026-08-14 10:50:27,713 INFO trial epoch 6/10 batch 52/66 (79%) running_loss=0.8125
2026-08-14 10:50:34,009 INFO trial epoch 6/10 batch 65/66 (98%) running_loss=0.8254
2026-08-14 10:50:34,314 INFO trial epoch 6/10 batch 66/66 (100%) running_loss=0.8260
2026-08-14 10:50:36,783 INFO trial epoch 6/10 done: train_loss=0.8260 val_macro_auc=0.8005
2026-08-14 10:50:43,499 INFO trial epoch 7/10 batch 13/66 (20%) running_loss=0.7881
2026-08-14 10:50:49,789 INFO trial epoch 7/10 batch 26/66 (39%) running_loss=0.7836
2026-08-14 10:50:56,083 INFO trial epoch 7/10 batch 39/66 (59%) running_loss=0.7897
2026-08-14 10:51:02,369 INFO trial epoch 7/10 batch 52/66 (79%) running_loss=0.8009
2026-08-14 10:51:08,663 INFO trial epoch 7/10 batch 65/66 (98%) running_loss=0.7966
2026-08-14 10:51:08,970 INFO trial epoch 7/10 batch 66/66 (100%) running_loss=0.7972
2026-08-14 10:51:11,437 INFO trial epoch 7/10 done: train_loss=0.7972 val_macro_auc=0.8120
2026-08-14 10:51:18,139 INFO trial epoch 8/10 batch 13/66 (20%) running_loss=0.8059
2026-08-14 10:51:24,432 INFO trial epoch 8/10 batch 26/66 (39%) running_loss=0.7968
2026-08-14 10:51:30,729 INFO trial epoch 8/10 batch 39/66 (59%) running_loss=0.7721
2026-08-14 10:51:37,025 INFO trial epoch 8/10 batch 52/66 (79%) running_loss=0.7734
2026-08-14 10:51:43,322 INFO trial epoch 8/10 batch 65/66 (98%) running_loss=0.7742
2026-08-14 10:51:43,629 INFO trial epoch 8/10 batch 66/66 (100%) running_loss=0.7767
2026-08-14 10:51:46,103 INFO trial epoch 8/10 done: train_loss=0.7767 val_macro_auc=0.8231
2026-08-14 10:51:52,824 INFO trial epoch 9/10 batch 13/66 (20%) running_loss=0.7850
2026-08-14 10:51:59,118 INFO trial epoch 9/10 batch 26/66 (39%) running_loss=0.7517
2026-08-14 10:52:05,421 INFO trial epoch 9/10 batch 39/66 (59%) running_loss=0.7512
2026-08-14 10:52:11,719 INFO trial epoch 9/10 batch 52/66 (79%) running_loss=0.7550
2026-08-14 10:52:18,016 INFO trial epoch 9/10 batch 65/66 (98%) running_loss=0.7681
2026-08-14 10:52:18,322 INFO trial epoch 9/10 batch 66/66 (100%) running_loss=0.7685
2026-08-14 10:52:20,797 INFO trial epoch 9/10 done: train_loss=0.7685 val_macro_auc=0.8194
2026-08-14 10:52:27,542 INFO trial epoch 10/10 batch 13/66 (20%) running_loss=0.7602
2026-08-14 10:52:33,837 INFO trial epoch 10/10 batch 26/66 (39%) running_loss=0.7546
2026-08-14 10:52:40,135 INFO trial epoch 10/10 batch 39/66 (59%) running_loss=0.7476
2026-08-14 10:52:46,436 INFO trial epoch 10/10 batch 52/66 (79%) running_loss=0.7569
2026-08-14 10:52:52,731 INFO trial epoch 10/10 batch 65/66 (98%) running_loss=0.7523
2026-08-14 10:52:53,036 INFO trial epoch 10/10 batch 66/66 (100%) running_loss=0.7512
2026-08-14 10:52:55,514 INFO trial epoch 10/10 done: train_loss=0.7512 val_macro_auc=0.8248
2026-08-14 10:52:55,663 INFO Trial 23/25: finished val_macro_auc=0.8224 (best so far: 0.8396)
2026-08-14 10:52:55,666 INFO Trial 24/25: starting (10 trial epochs)
2026-08-14 10:53:02,537 INFO trial epoch 1/10 batch 13/66 (20%) running_loss=1.2095
2026-08-14 10:53:08,833 INFO trial epoch 1/10 batch 26/66 (39%) running_loss=1.1904
2026-08-14 10:53:15,128 INFO trial epoch 1/10 batch 39/66 (59%) running_loss=1.1814
2026-08-14 10:53:21,425 INFO trial epoch 1/10 batch 52/66 (79%) running_loss=1.1989
2026-08-14 10:53:27,722 INFO trial epoch 1/10 batch 65/66 (98%) running_loss=1.1766
2026-08-14 10:53:28,027 INFO trial epoch 1/10 batch 66/66 (100%) running_loss=1.1741
2026-08-14 10:53:30,514 INFO trial epoch 1/10 done: train_loss=1.1741 val_macro_auc=0.6725
2026-08-14 10:53:37,223 INFO trial epoch 2/10 batch 13/66 (20%) running_loss=1.1289
2026-08-14 10:53:43,521 INFO trial epoch 2/10 batch 26/66 (39%) running_loss=1.1096
2026-08-14 10:53:49,819 INFO trial epoch 2/10 batch 39/66 (59%) running_loss=1.0795
2026-08-14 10:53:56,117 INFO trial epoch 2/10 batch 52/66 (79%) running_loss=1.0689
2026-08-14 10:54:02,421 INFO trial epoch 2/10 batch 65/66 (98%) running_loss=1.0547
2026-08-14 10:54:02,727 INFO trial epoch 2/10 batch 66/66 (100%) running_loss=1.0563
2026-08-14 10:54:05,214 INFO trial epoch 2/10 done: train_loss=1.0563 val_macro_auc=0.7664
2026-08-14 10:54:11,909 INFO trial epoch 3/10 batch 13/66 (20%) running_loss=0.9404
2026-08-14 10:54:18,321 INFO trial epoch 3/10 batch 26/66 (39%) running_loss=0.9408
2026-08-14 10:54:24,618 INFO trial epoch 3/10 batch 39/66 (59%) running_loss=0.9409
2026-08-14 10:54:30,912 INFO trial epoch 3/10 batch 52/66 (79%) running_loss=0.9520
2026-08-14 10:54:37,202 INFO trial epoch 3/10 batch 65/66 (98%) running_loss=0.9489
2026-08-14 10:54:37,510 INFO trial epoch 3/10 batch 66/66 (100%) running_loss=0.9491
2026-08-14 10:54:39,995 INFO trial epoch 3/10 done: train_loss=0.9491 val_macro_auc=0.7584
2026-08-14 10:54:46,703 INFO trial epoch 4/10 batch 13/66 (20%) running_loss=0.8952
2026-08-14 10:54:52,990 INFO trial epoch 4/10 batch 26/66 (39%) running_loss=0.8984
2026-08-14 10:54:59,282 INFO trial epoch 4/10 batch 39/66 (59%) running_loss=0.8852
2026-08-14 10:55:05,575 INFO trial epoch 4/10 batch 52/66 (79%) running_loss=0.8741
2026-08-14 10:55:11,870 INFO trial epoch 4/10 batch 65/66 (98%) running_loss=0.8709
2026-08-14 10:55:12,178 INFO trial epoch 4/10 batch 66/66 (100%) running_loss=0.8691
2026-08-14 10:55:14,648 INFO trial epoch 4/10 done: train_loss=0.8691 val_macro_auc=0.8317
2026-08-14 10:55:21,339 INFO trial epoch 5/10 batch 13/66 (20%) running_loss=0.8751
2026-08-14 10:55:27,634 INFO trial epoch 5/10 batch 26/66 (39%) running_loss=0.8365
2026-08-14 10:55:33,927 INFO trial epoch 5/10 batch 39/66 (59%) running_loss=0.8154
2026-08-14 10:55:40,223 INFO trial epoch 5/10 batch 52/66 (79%) running_loss=0.8231
2026-08-14 10:55:46,516 INFO trial epoch 5/10 batch 65/66 (98%) running_loss=0.8278
2026-08-14 10:55:46,822 INFO trial epoch 5/10 batch 66/66 (100%) running_loss=0.8259
2026-08-14 10:55:49,289 INFO trial epoch 5/10 done: train_loss=0.8259 val_macro_auc=0.7901
2026-08-14 10:55:56,006 INFO trial epoch 6/10 batch 13/66 (20%) running_loss=0.8091
2026-08-14 10:56:02,300 INFO trial epoch 6/10 batch 26/66 (39%) running_loss=0.8121
2026-08-14 10:56:08,599 INFO trial epoch 6/10 batch 39/66 (59%) running_loss=0.7954
2026-08-14 10:56:14,899 INFO trial epoch 6/10 batch 52/66 (79%) running_loss=0.7981
2026-08-14 10:56:21,192 INFO trial epoch 6/10 batch 65/66 (98%) running_loss=0.7932
2026-08-14 10:56:21,498 INFO trial epoch 6/10 batch 66/66 (100%) running_loss=0.7954
2026-08-14 10:56:23,968 INFO trial epoch 6/10 done: train_loss=0.7954 val_macro_auc=0.8062
2026-08-14 10:56:30,676 INFO trial epoch 7/10 batch 13/66 (20%) running_loss=0.7563
2026-08-14 10:56:36,976 INFO trial epoch 7/10 batch 26/66 (39%) running_loss=0.7694
2026-08-14 10:56:43,273 INFO trial epoch 7/10 batch 39/66 (59%) running_loss=0.7700
2026-08-14 10:56:49,571 INFO trial epoch 7/10 batch 52/66 (79%) running_loss=0.7514
2026-08-14 10:56:55,864 INFO trial epoch 7/10 batch 65/66 (98%) running_loss=0.7544
2026-08-14 10:56:56,171 INFO trial epoch 7/10 batch 66/66 (100%) running_loss=0.7545
2026-08-14 10:56:58,654 INFO trial epoch 7/10 done: train_loss=0.7545 val_macro_auc=0.8023
2026-08-14 10:57:05,355 INFO trial epoch 8/10 batch 13/66 (20%) running_loss=0.7385
2026-08-14 10:57:11,643 INFO trial epoch 8/10 batch 26/66 (39%) running_loss=0.7183
2026-08-14 10:57:17,932 INFO trial epoch 8/10 batch 39/66 (59%) running_loss=0.7068
2026-08-14 10:57:24,226 INFO trial epoch 8/10 batch 52/66 (79%) running_loss=0.7195
2026-08-14 10:57:30,526 INFO trial epoch 8/10 batch 65/66 (98%) running_loss=0.7125
2026-08-14 10:57:30,833 INFO trial epoch 8/10 batch 66/66 (100%) running_loss=0.7118
2026-08-14 10:57:33,303 INFO trial epoch 8/10 done: train_loss=0.7118 val_macro_auc=0.8157
2026-08-14 10:57:40,012 INFO trial epoch 9/10 batch 13/66 (20%) running_loss=0.6862
2026-08-14 10:57:46,299 INFO trial epoch 9/10 batch 26/66 (39%) running_loss=0.7228
2026-08-14 10:57:52,596 INFO trial epoch 9/10 batch 39/66 (59%) running_loss=0.7262
2026-08-14 10:57:58,890 INFO trial epoch 9/10 batch 52/66 (79%) running_loss=0.7146
2026-08-14 10:58:05,183 INFO trial epoch 9/10 batch 65/66 (98%) running_loss=0.7163
2026-08-14 10:58:05,490 INFO trial epoch 9/10 batch 66/66 (100%) running_loss=0.7165
2026-08-14 10:58:07,961 INFO trial epoch 9/10 done: train_loss=0.7165 val_macro_auc=0.8249
2026-08-14 10:58:14,675 INFO trial epoch 10/10 batch 13/66 (20%) running_loss=0.6671
2026-08-14 10:58:20,964 INFO trial epoch 10/10 batch 26/66 (39%) running_loss=0.6614
2026-08-14 10:58:27,260 INFO trial epoch 10/10 batch 39/66 (59%) running_loss=0.6607
2026-08-14 10:58:33,558 INFO trial epoch 10/10 batch 52/66 (79%) running_loss=0.6696
2026-08-14 10:58:39,856 INFO trial epoch 10/10 batch 65/66 (98%) running_loss=0.6711
2026-08-14 10:58:40,162 INFO trial epoch 10/10 batch 66/66 (100%) running_loss=0.6733
2026-08-14 10:58:42,645 INFO trial epoch 10/10 done: train_loss=0.6733 val_macro_auc=0.8324
2026-08-14 10:58:42,791 INFO Trial 24/25: finished val_macro_auc=0.8243 (best so far: 0.8396)
2026-08-14 10:58:42,794 INFO Trial 25/25: starting (10 trial epochs)
2026-08-14 10:58:49,676 INFO trial epoch 1/10 batch 13/66 (20%) running_loss=1.1633
2026-08-14 10:58:55,973 INFO trial epoch 1/10 batch 26/66 (39%) running_loss=1.2296
2026-08-14 10:59:02,271 INFO trial epoch 1/10 batch 39/66 (59%) running_loss=1.1970
2026-08-14 10:59:08,571 INFO trial epoch 1/10 batch 52/66 (79%) running_loss=1.1782
2026-08-14 10:59:14,874 INFO trial epoch 1/10 batch 65/66 (98%) running_loss=1.1667
2026-08-14 10:59:15,182 INFO trial epoch 1/10 batch 66/66 (100%) running_loss=1.1694
2026-08-14 10:59:17,649 INFO trial epoch 1/10 done: train_loss=1.1694 val_macro_auc=0.6797
2026-08-14 10:59:24,362 INFO trial epoch 2/10 batch 13/66 (20%) running_loss=1.0591
2026-08-14 10:59:30,663 INFO trial epoch 2/10 batch 26/66 (39%) running_loss=1.0743
2026-08-14 10:59:36,961 INFO trial epoch 2/10 batch 39/66 (59%) running_loss=1.0729
2026-08-14 10:59:43,259 INFO trial epoch 2/10 batch 52/66 (79%) running_loss=1.0651
2026-08-14 10:59:49,558 INFO trial epoch 2/10 batch 65/66 (98%) running_loss=1.0575
2026-08-14 10:59:49,864 INFO trial epoch 2/10 batch 66/66 (100%) running_loss=1.0564
2026-08-14 10:59:52,347 INFO trial epoch 2/10 done: train_loss=1.0564 val_macro_auc=0.6710
2026-08-14 10:59:59,058 INFO trial epoch 3/10 batch 13/66 (20%) running_loss=1.0864
2026-08-14 11:00:05,477 INFO trial epoch 3/10 batch 26/66 (39%) running_loss=1.0435
2026-08-14 11:00:11,772 INFO trial epoch 3/10 batch 39/66 (59%) running_loss=1.0230
2026-08-14 11:00:18,072 INFO trial epoch 3/10 batch 52/66 (79%) running_loss=1.0150
2026-08-14 11:00:24,370 INFO trial epoch 3/10 batch 65/66 (98%) running_loss=1.0074
2026-08-14 11:00:24,676 INFO trial epoch 3/10 batch 66/66 (100%) running_loss=1.0053
2026-08-14 11:00:27,153 INFO trial epoch 3/10 done: train_loss=1.0053 val_macro_auc=0.7717
2026-08-14 11:00:33,872 INFO trial epoch 4/10 batch 13/66 (20%) running_loss=0.9535
2026-08-14 11:00:40,167 INFO trial epoch 4/10 batch 26/66 (39%) running_loss=0.9158
2026-08-14 11:00:46,464 INFO trial epoch 4/10 batch 39/66 (59%) running_loss=0.9234
2026-08-14 11:00:52,755 INFO trial epoch 4/10 batch 52/66 (79%) running_loss=0.9391
2026-08-14 11:00:59,051 INFO trial epoch 4/10 batch 65/66 (98%) running_loss=0.9313
2026-08-14 11:00:59,355 INFO trial epoch 4/10 batch 66/66 (100%) running_loss=0.9327
2026-08-14 11:01:01,818 INFO trial epoch 4/10 done: train_loss=0.9327 val_macro_auc=0.7788
2026-08-14 11:01:08,566 INFO trial epoch 5/10 batch 13/66 (20%) running_loss=0.8719
2026-08-14 11:01:14,865 INFO trial epoch 5/10 batch 26/66 (39%) running_loss=0.8653
2026-08-14 11:01:21,164 INFO trial epoch 5/10 batch 39/66 (59%) running_loss=0.8417
2026-08-14 11:01:27,462 INFO trial epoch 5/10 batch 52/66 (79%) running_loss=0.8657
2026-08-14 11:01:33,759 INFO trial epoch 5/10 batch 65/66 (98%) running_loss=0.8685
2026-08-14 11:01:34,065 INFO trial epoch 5/10 batch 66/66 (100%) running_loss=0.8678
2026-08-14 11:01:36,538 INFO trial epoch 5/10 done: train_loss=0.8678 val_macro_auc=0.8029
2026-08-14 11:01:43,257 INFO trial epoch 6/10 batch 13/66 (20%) running_loss=0.8198
2026-08-14 11:01:49,563 INFO trial epoch 6/10 batch 26/66 (39%) running_loss=0.8351
2026-08-14 11:01:55,855 INFO trial epoch 6/10 batch 39/66 (59%) running_loss=0.8261
2026-08-14 11:02:02,150 INFO trial epoch 6/10 batch 52/66 (79%) running_loss=0.8198
2026-08-14 11:02:08,448 INFO trial epoch 6/10 batch 65/66 (98%) running_loss=0.8245
2026-08-14 11:02:08,754 INFO trial epoch 6/10 batch 66/66 (100%) running_loss=0.8242
2026-08-14 11:02:11,223 INFO trial epoch 6/10 done: train_loss=0.8242 val_macro_auc=0.7936
2026-08-14 11:02:17,933 INFO trial epoch 7/10 batch 13/66 (20%) running_loss=0.7877
2026-08-14 11:02:24,229 INFO trial epoch 7/10 batch 26/66 (39%) running_loss=0.7559
2026-08-14 11:02:30,526 INFO trial epoch 7/10 batch 39/66 (59%) running_loss=0.7726
2026-08-14 11:02:36,830 INFO trial epoch 7/10 batch 52/66 (79%) running_loss=0.7594
2026-08-14 11:02:43,127 INFO trial epoch 7/10 batch 65/66 (98%) running_loss=0.7617
2026-08-14 11:02:43,433 INFO trial epoch 7/10 batch 66/66 (100%) running_loss=0.7607
2026-08-14 11:02:45,914 INFO trial epoch 7/10 done: train_loss=0.7607 val_macro_auc=0.7994
2026-08-14 11:02:52,624 INFO trial epoch 8/10 batch 13/66 (20%) running_loss=0.7508
2026-08-14 11:02:58,927 INFO trial epoch 8/10 batch 26/66 (39%) running_loss=0.7417
2026-08-14 11:03:05,225 INFO trial epoch 8/10 batch 39/66 (59%) running_loss=0.7380
2026-08-14 11:03:11,523 INFO trial epoch 8/10 batch 52/66 (79%) running_loss=0.7441
2026-08-14 11:03:17,814 INFO trial epoch 8/10 batch 65/66 (98%) running_loss=0.7477
2026-08-14 11:03:18,120 INFO trial epoch 8/10 batch 66/66 (100%) running_loss=0.7465
2026-08-14 11:03:20,585 INFO trial epoch 8/10 done: train_loss=0.7465 val_macro_auc=0.8267
2026-08-14 11:03:27,304 INFO trial epoch 9/10 batch 13/66 (20%) running_loss=0.6656
2026-08-14 11:03:33,604 INFO trial epoch 9/10 batch 26/66 (39%) running_loss=0.7012
2026-08-14 11:03:39,898 INFO trial epoch 9/10 batch 39/66 (59%) running_loss=0.7238
2026-08-14 11:03:46,193 INFO trial epoch 9/10 batch 52/66 (79%) running_loss=0.7280
2026-08-14 11:03:52,491 INFO trial epoch 9/10 batch 65/66 (98%) running_loss=0.7244
2026-08-14 11:03:52,798 INFO trial epoch 9/10 batch 66/66 (100%) running_loss=0.7252
2026-08-14 11:03:55,272 INFO trial epoch 9/10 done: train_loss=0.7252 val_macro_auc=0.8247
2026-08-14 11:04:01,986 INFO trial epoch 10/10 batch 13/66 (20%) running_loss=0.6654
2026-08-14 11:04:08,284 INFO trial epoch 10/10 batch 26/66 (39%) running_loss=0.6944
2026-08-14 11:04:14,585 INFO trial epoch 10/10 batch 39/66 (59%) running_loss=0.7062
2026-08-14 11:04:20,888 INFO trial epoch 10/10 batch 52/66 (79%) running_loss=0.7027
2026-08-14 11:04:27,186 INFO trial epoch 10/10 batch 65/66 (98%) running_loss=0.7055
2026-08-14 11:04:27,493 INFO trial epoch 10/10 batch 66/66 (100%) running_loss=0.7050
2026-08-14 11:04:29,967 INFO trial epoch 10/10 done: train_loss=0.7050 val_macro_auc=0.8105
2026-08-14 11:04:30,110 INFO Trial 25/25: finished val_macro_auc=0.8206 (best so far: 0.8396)
2026-08-14 11:04:30,114 INFO Augmentation search finished: 25 trials evaluated
2026-08-14 11:04:30,121 INFO Selected policy val_macro_auc=0.8396
