
======================================================================
STAGE 1/3: NSGA-II architecture search
======================================================================
Starting NSGA-II search on device=cuda
Dataset ready: 3 classes, 2102 train / 488 val samples; split=group-aware over 233 groups
Fixed 4 proxy batches (16 samples) selected for ZiCO
==========================================================
n_gen  |  n_eval  | n_nds  |      eps      |   indicator  
==========================================================
     1 |       20 |      9 |             - |             -
     2 |       40 |     17 |  0.0074408906 |         nadir
     3 |       60 |     20 |  0.2625681923 |         ideal
     4 |       80 |     20 |  0.0033168215 |         nadir
     5 |      100 |     20 |  0.0788597764 |         ideal
     6 |      120 |     20 |  0.0210979687 |             f
     7 |      140 |     20 |  0.1264342886 |         ideal
     8 |      160 |     20 |  0.0160052671 |             f
     9 |      180 |     20 |  0.0808336511 |         ideal
    10 |      200 |     20 |  0.0103225609 |         ideal
Search finished: 200 evaluations logged, 200 valid, 197 unique candidates cached
Pareto front: 71 architectures
Selected architecture c3ff0050f5cb (topsis_score=0.6349)
Saved 3D Pareto front plot to outputs/figshare_run1/search_run/pareto_front_3d.png
Saved 2D Pareto front plot to outputs/figshare_run1/search_run/pareto_front_2d.png
Selected architecture: c3ff0050f5cb5a233845723c27d656ec0fb8304e03d3b2c591e77cd95bbc0e44

======================================================================
STAGE 2/3: augmentation policy search
======================================================================
Starting augmentation policy search on device=cuda
Reused split from outputs/figshare_run1/search_run/split_indices.json: 2102 train / 488 val samples
Captured shared initial weights for policy trials
Trial 1/25: starting (10 trial epochs)
trial epoch 1/10 batch 13/66 (20%) running_loss=1.0788
trial epoch 1/10 batch 26/66 (39%) running_loss=1.0944
trial epoch 1/10 batch 39/66 (59%) running_loss=1.0934
trial epoch 1/10 batch 52/66 (79%) running_loss=1.0888
trial epoch 1/10 batch 65/66 (98%) running_loss=1.0876
trial epoch 1/10 batch 66/66 (100%) running_loss=1.0869
trial epoch 1/10 done: train_loss=1.0869 val_macro_auc=0.6984
trial epoch 2/10 batch 13/66 (20%) running_loss=1.0656
trial epoch 2/10 batch 26/66 (39%) running_loss=1.0468
trial epoch 2/10 batch 39/66 (59%) running_loss=1.0480
trial epoch 2/10 batch 52/66 (79%) running_loss=1.0326
trial epoch 2/10 batch 65/66 (98%) running_loss=1.0184
trial epoch 2/10 batch 66/66 (100%) running_loss=1.0176
trial epoch 2/10 done: train_loss=1.0176 val_macro_auc=0.7605
trial epoch 3/10 batch 13/66 (20%) running_loss=0.9052
trial epoch 3/10 batch 26/66 (39%) running_loss=0.9308
trial epoch 3/10 batch 39/66 (59%) running_loss=0.9264
trial epoch 3/10 batch 52/66 (79%) running_loss=0.9126
trial epoch 3/10 batch 65/66 (98%) running_loss=0.8978
trial epoch 3/10 batch 66/66 (100%) running_loss=0.8963
trial epoch 3/10 done: train_loss=0.8963 val_macro_auc=0.8162
trial epoch 4/10 batch 13/66 (20%) running_loss=0.8725
trial epoch 4/10 batch 26/66 (39%) running_loss=0.8735
trial epoch 4/10 batch 39/66 (59%) running_loss=0.8662
trial epoch 4/10 batch 52/66 (79%) running_loss=0.8488
trial epoch 4/10 batch 65/66 (98%) running_loss=0.8379
trial epoch 4/10 batch 66/66 (100%) running_loss=0.8383
trial epoch 4/10 done: train_loss=0.8383 val_macro_auc=0.8069
trial epoch 5/10 batch 13/66 (20%) running_loss=0.7738
trial epoch 5/10 batch 26/66 (39%) running_loss=0.8042
trial epoch 5/10 batch 39/66 (59%) running_loss=0.7998
trial epoch 5/10 batch 52/66 (79%) running_loss=0.7969
trial epoch 5/10 batch 65/66 (98%) running_loss=0.7881
trial epoch 5/10 batch 66/66 (100%) running_loss=0.7880
trial epoch 5/10 done: train_loss=0.7880 val_macro_auc=0.8322
trial epoch 6/10 batch 13/66 (20%) running_loss=0.7574
trial epoch 6/10 batch 26/66 (39%) running_loss=0.7566
trial epoch 6/10 batch 39/66 (59%) running_loss=0.7577
trial epoch 6/10 batch 52/66 (79%) running_loss=0.7485
trial epoch 6/10 batch 65/66 (98%) running_loss=0.7456
trial epoch 6/10 batch 66/66 (100%) running_loss=0.7464
trial epoch 6/10 done: train_loss=0.7464 val_macro_auc=0.8332
trial epoch 7/10 batch 13/66 (20%) running_loss=0.7619
trial epoch 7/10 batch 26/66 (39%) running_loss=0.7382
trial epoch 7/10 batch 39/66 (59%) running_loss=0.7252
trial epoch 7/10 batch 52/66 (79%) running_loss=0.7299
trial epoch 7/10 batch 65/66 (98%) running_loss=0.7400
trial epoch 7/10 batch 66/66 (100%) running_loss=0.7387
trial epoch 7/10 done: train_loss=0.7387 val_macro_auc=0.8210
trial epoch 8/10 batch 13/66 (20%) running_loss=0.7153
trial epoch 8/10 batch 26/66 (39%) running_loss=0.7286
trial epoch 8/10 batch 39/66 (59%) running_loss=0.7100
trial epoch 8/10 batch 52/66 (79%) running_loss=0.7037
trial epoch 8/10 batch 65/66 (98%) running_loss=0.6924
trial epoch 8/10 batch 66/66 (100%) running_loss=0.6928
trial epoch 8/10 done: train_loss=0.6928 val_macro_auc=0.8374
trial epoch 9/10 batch 13/66 (20%) running_loss=0.6479
trial epoch 9/10 batch 26/66 (39%) running_loss=0.6739
trial epoch 9/10 batch 39/66 (59%) running_loss=0.6742
trial epoch 9/10 batch 52/66 (79%) running_loss=0.6712
trial epoch 9/10 batch 65/66 (98%) running_loss=0.6742
trial epoch 9/10 batch 66/66 (100%) running_loss=0.6749
trial epoch 9/10 done: train_loss=0.6749 val_macro_auc=0.8424
trial epoch 10/10 batch 13/66 (20%) running_loss=0.6681
trial epoch 10/10 batch 26/66 (39%) running_loss=0.6678
trial epoch 10/10 batch 39/66 (59%) running_loss=0.6531
trial epoch 10/10 batch 52/66 (79%) running_loss=0.6472
trial epoch 10/10 batch 65/66 (98%) running_loss=0.6496
trial epoch 10/10 batch 66/66 (100%) running_loss=0.6496
trial epoch 10/10 done: train_loss=0.6496 val_macro_auc=0.8521
Trial 1/25: finished val_macro_auc=0.8440 (best so far: 0.8440)
Trial 2/25: starting (10 trial epochs)
trial epoch 1/10 batch 13/66 (20%) running_loss=1.0939
trial epoch 1/10 batch 26/66 (39%) running_loss=1.0812
trial epoch 1/10 batch 39/66 (59%) running_loss=1.0793
trial epoch 1/10 batch 52/66 (79%) running_loss=1.0692
trial epoch 1/10 batch 65/66 (98%) running_loss=1.0773
trial epoch 1/10 batch 66/66 (100%) running_loss=1.0764
trial epoch 1/10 done: train_loss=1.0764 val_macro_auc=0.7804
trial epoch 2/10 batch 13/66 (20%) running_loss=0.9784
trial epoch 2/10 batch 26/66 (39%) running_loss=0.9970
trial epoch 2/10 batch 39/66 (59%) running_loss=0.9865
trial epoch 2/10 batch 52/66 (79%) running_loss=0.9722
trial epoch 2/10 batch 65/66 (98%) running_loss=0.9717
trial epoch 2/10 batch 66/66 (100%) running_loss=0.9715
trial epoch 2/10 done: train_loss=0.9715 val_macro_auc=0.7867
trial epoch 3/10 batch 13/66 (20%) running_loss=0.9297
trial epoch 3/10 batch 26/66 (39%) running_loss=0.9088
trial epoch 3/10 batch 39/66 (59%) running_loss=0.8875
trial epoch 3/10 batch 52/66 (79%) running_loss=0.8767
trial epoch 3/10 batch 65/66 (98%) running_loss=0.8799
trial epoch 3/10 batch 66/66 (100%) running_loss=0.8820
trial epoch 3/10 done: train_loss=0.8820 val_macro_auc=0.7787
trial epoch 4/10 batch 13/66 (20%) running_loss=0.8945
trial epoch 4/10 batch 26/66 (39%) running_loss=0.8778
trial epoch 4/10 batch 39/66 (59%) running_loss=0.8764
trial epoch 4/10 batch 52/66 (79%) running_loss=0.8691
trial epoch 4/10 batch 65/66 (98%) running_loss=0.8586
trial epoch 4/10 batch 66/66 (100%) running_loss=0.8571
trial epoch 4/10 done: train_loss=0.8571 val_macro_auc=0.8132
trial epoch 5/10 batch 13/66 (20%) running_loss=0.8223
trial epoch 5/10 batch 26/66 (39%) running_loss=0.8343
trial epoch 5/10 batch 39/66 (59%) running_loss=0.8185
trial epoch 5/10 batch 52/66 (79%) running_loss=0.8192
trial epoch 5/10 batch 65/66 (98%) running_loss=0.8078
trial epoch 5/10 batch 66/66 (100%) running_loss=0.8073
trial epoch 5/10 done: train_loss=0.8073 val_macro_auc=0.8106
trial epoch 6/10 batch 13/66 (20%) running_loss=0.7694
trial epoch 6/10 batch 26/66 (39%) running_loss=0.7814
trial epoch 6/10 batch 39/66 (59%) running_loss=0.7883
trial epoch 6/10 batch 52/66 (79%) running_loss=0.7807
trial epoch 6/10 batch 65/66 (98%) running_loss=0.7719
trial epoch 6/10 batch 66/66 (100%) running_loss=0.7737
trial epoch 6/10 done: train_loss=0.7737 val_macro_auc=0.8291
trial epoch 7/10 batch 13/66 (20%) running_loss=0.8228
trial epoch 7/10 batch 26/66 (39%) running_loss=0.7841
trial epoch 7/10 batch 39/66 (59%) running_loss=0.7673
trial epoch 7/10 batch 52/66 (79%) running_loss=0.7562
trial epoch 7/10 batch 65/66 (98%) running_loss=0.7414
trial epoch 7/10 batch 66/66 (100%) running_loss=0.7423
trial epoch 7/10 done: train_loss=0.7423 val_macro_auc=0.8562
trial epoch 8/10 batch 13/66 (20%) running_loss=0.6973
trial epoch 8/10 batch 26/66 (39%) running_loss=0.6855
trial epoch 8/10 batch 39/66 (59%) running_loss=0.6957
trial epoch 8/10 batch 52/66 (79%) running_loss=0.6917
trial epoch 8/10 batch 65/66 (98%) running_loss=0.7053
trial epoch 8/10 batch 66/66 (100%) running_loss=0.7053
trial epoch 8/10 done: train_loss=0.7053 val_macro_auc=0.8420
trial epoch 9/10 batch 13/66 (20%) running_loss=0.7218
trial epoch 9/10 batch 26/66 (39%) running_loss=0.6916
trial epoch 9/10 batch 39/66 (59%) running_loss=0.6785
trial epoch 9/10 batch 52/66 (79%) running_loss=0.6771
trial epoch 9/10 batch 65/66 (98%) running_loss=0.6732
trial epoch 9/10 batch 66/66 (100%) running_loss=0.6721
trial epoch 9/10 done: train_loss=0.6721 val_macro_auc=0.8546
trial epoch 10/10 batch 13/66 (20%) running_loss=0.6728
trial epoch 10/10 batch 26/66 (39%) running_loss=0.6526
trial epoch 10/10 batch 39/66 (59%) running_loss=0.6452
trial epoch 10/10 batch 52/66 (79%) running_loss=0.6616
trial epoch 10/10 batch 65/66 (98%) running_loss=0.6785
trial epoch 10/10 batch 66/66 (100%) running_loss=0.6764
trial epoch 10/10 done: train_loss=0.6764 val_macro_auc=0.8519
Trial 2/25: finished val_macro_auc=0.8495 (best so far: 0.8495)
Trial 3/25: starting (10 trial epochs)
trial epoch 1/10 batch 13/66 (20%) running_loss=1.0770
trial epoch 1/10 batch 26/66 (39%) running_loss=1.0885
trial epoch 1/10 batch 39/66 (59%) running_loss=1.0920
trial epoch 1/10 batch 52/66 (79%) running_loss=1.0903
trial epoch 1/10 batch 65/66 (98%) running_loss=1.0855
trial epoch 1/10 batch 66/66 (100%) running_loss=1.0866
trial epoch 1/10 done: train_loss=1.0866 val_macro_auc=0.6792
trial epoch 2/10 batch 13/66 (20%) running_loss=1.0687
trial epoch 2/10 batch 26/66 (39%) running_loss=1.0351
trial epoch 2/10 batch 39/66 (59%) running_loss=1.0124
trial epoch 2/10 batch 52/66 (79%) running_loss=1.0039
trial epoch 2/10 batch 65/66 (98%) running_loss=0.9948
trial epoch 2/10 batch 66/66 (100%) running_loss=0.9936
trial epoch 2/10 done: train_loss=0.9936 val_macro_auc=0.7376
trial epoch 3/10 batch 13/66 (20%) running_loss=0.9272
trial epoch 3/10 batch 26/66 (39%) running_loss=0.9379
trial epoch 3/10 batch 39/66 (59%) running_loss=0.9327
trial epoch 3/10 batch 52/66 (79%) running_loss=0.9281
trial epoch 3/10 batch 65/66 (98%) running_loss=0.9304
trial epoch 3/10 batch 66/66 (100%) running_loss=0.9311
trial epoch 3/10 done: train_loss=0.9311 val_macro_auc=0.7087
trial epoch 4/10 batch 13/66 (20%) running_loss=0.8932
trial epoch 4/10 batch 26/66 (39%) running_loss=0.9112
trial epoch 4/10 batch 39/66 (59%) running_loss=0.8989
trial epoch 4/10 batch 52/66 (79%) running_loss=0.8960
trial epoch 4/10 batch 65/66 (98%) running_loss=0.8872
trial epoch 4/10 batch 66/66 (100%) running_loss=0.8892
trial epoch 4/10 done: train_loss=0.8892 val_macro_auc=0.7550
trial epoch 5/10 batch 13/66 (20%) running_loss=0.8786
trial epoch 5/10 batch 26/66 (39%) running_loss=0.8642
trial epoch 5/10 batch 39/66 (59%) running_loss=0.8612
trial epoch 5/10 batch 52/66 (79%) running_loss=0.8556
trial epoch 5/10 batch 65/66 (98%) running_loss=0.8612
trial epoch 5/10 batch 66/66 (100%) running_loss=0.8623
trial epoch 5/10 done: train_loss=0.8623 val_macro_auc=0.7546
trial epoch 6/10 batch 13/66 (20%) running_loss=0.7562
trial epoch 6/10 batch 26/66 (39%) running_loss=0.8327
trial epoch 6/10 batch 39/66 (59%) running_loss=0.8342
trial epoch 6/10 batch 52/66 (79%) running_loss=0.8405
trial epoch 6/10 batch 65/66 (98%) running_loss=0.8386
trial epoch 6/10 batch 66/66 (100%) running_loss=0.8379
trial epoch 6/10 done: train_loss=0.8379 val_macro_auc=0.7734
trial epoch 7/10 batch 13/66 (20%) running_loss=0.8248
trial epoch 7/10 batch 26/66 (39%) running_loss=0.7961
trial epoch 7/10 batch 39/66 (59%) running_loss=0.7975
trial epoch 7/10 batch 52/66 (79%) running_loss=0.8033
trial epoch 7/10 batch 65/66 (98%) running_loss=0.7985
trial epoch 7/10 batch 66/66 (100%) running_loss=0.8000
trial epoch 7/10 done: train_loss=0.8000 val_macro_auc=0.7516
trial epoch 8/10 batch 13/66 (20%) running_loss=0.8270
trial epoch 8/10 batch 26/66 (39%) running_loss=0.8101
trial epoch 8/10 batch 39/66 (59%) running_loss=0.8043
trial epoch 8/10 batch 52/66 (79%) running_loss=0.7934
trial epoch 8/10 batch 65/66 (98%) running_loss=0.7844
trial epoch 8/10 batch 66/66 (100%) running_loss=0.7859
trial epoch 8/10 done: train_loss=0.7859 val_macro_auc=0.7329
trial epoch 9/10 batch 13/66 (20%) running_loss=0.8059
trial epoch 9/10 batch 26/66 (39%) running_loss=0.7700
trial epoch 9/10 batch 39/66 (59%) running_loss=0.7702
trial epoch 9/10 batch 52/66 (79%) running_loss=0.7622
trial epoch 9/10 batch 65/66 (98%) running_loss=0.7567
trial epoch 9/10 batch 66/66 (100%) running_loss=0.7606
trial epoch 9/10 done: train_loss=0.7606 val_macro_auc=0.7615
trial epoch 10/10 batch 13/66 (20%) running_loss=0.7537
trial epoch 10/10 batch 26/66 (39%) running_loss=0.7387
trial epoch 10/10 batch 39/66 (59%) running_loss=0.7550
trial epoch 10/10 batch 52/66 (79%) running_loss=0.7502
trial epoch 10/10 batch 65/66 (98%) running_loss=0.7575
trial epoch 10/10 batch 66/66 (100%) running_loss=0.7588
trial epoch 10/10 done: train_loss=0.7588 val_macro_auc=0.7209
Trial 3/25: finished val_macro_auc=0.7384 (best so far: 0.8495)
Trial 4/25: starting (10 trial epochs)
trial epoch 1/10 batch 13/66 (20%) running_loss=1.1078
trial epoch 1/10 batch 26/66 (39%) running_loss=1.1144
trial epoch 1/10 batch 39/66 (59%) running_loss=1.1096
trial epoch 1/10 batch 52/66 (79%) running_loss=1.1145
trial epoch 1/10 batch 65/66 (98%) running_loss=1.1046
trial epoch 1/10 batch 66/66 (100%) running_loss=1.1046
trial epoch 1/10 done: train_loss=1.1046 val_macro_auc=0.6675
trial epoch 2/10 batch 13/66 (20%) running_loss=1.0598
trial epoch 2/10 batch 26/66 (39%) running_loss=1.0693
trial epoch 2/10 batch 39/66 (59%) running_loss=1.0636
trial epoch 2/10 batch 52/66 (79%) running_loss=1.0532
trial epoch 2/10 batch 65/66 (98%) running_loss=1.0451
trial epoch 2/10 batch 66/66 (100%) running_loss=1.0446
trial epoch 2/10 done: train_loss=1.0446 val_macro_auc=0.7664
trial epoch 3/10 batch 13/66 (20%) running_loss=0.9726
trial epoch 3/10 batch 26/66 (39%) running_loss=0.9553
trial epoch 3/10 batch 39/66 (59%) running_loss=0.9526
trial epoch 3/10 batch 52/66 (79%) running_loss=0.9351
trial epoch 3/10 batch 65/66 (98%) running_loss=0.9229
trial epoch 3/10 batch 66/66 (100%) running_loss=0.9245
trial epoch 3/10 done: train_loss=0.9245 val_macro_auc=0.7594
trial epoch 4/10 batch 13/66 (20%) running_loss=0.8592
trial epoch 4/10 batch 26/66 (39%) running_loss=0.8218
trial epoch 4/10 batch 39/66 (59%) running_loss=0.8440
trial epoch 4/10 batch 52/66 (79%) running_loss=0.8460
trial epoch 4/10 batch 65/66 (98%) running_loss=0.8493
trial epoch 4/10 batch 66/66 (100%) running_loss=0.8482
trial epoch 4/10 done: train_loss=0.8482 val_macro_auc=0.8202
trial epoch 5/10 batch 13/66 (20%) running_loss=0.8428
trial epoch 5/10 batch 26/66 (39%) running_loss=0.8404
trial epoch 5/10 batch 39/66 (59%) running_loss=0.8062
trial epoch 5/10 batch 52/66 (79%) running_loss=0.8103
trial epoch 5/10 batch 65/66 (98%) running_loss=0.8027
trial epoch 5/10 batch 66/66 (100%) running_loss=0.8006
trial epoch 5/10 done: train_loss=0.8006 val_macro_auc=0.7888
trial epoch 6/10 batch 13/66 (20%) running_loss=0.7709
trial epoch 6/10 batch 26/66 (39%) running_loss=0.7673
trial epoch 6/10 batch 39/66 (59%) running_loss=0.7562
trial epoch 6/10 batch 52/66 (79%) running_loss=0.7557
trial epoch 6/10 batch 65/66 (98%) running_loss=0.7488
trial epoch 6/10 batch 66/66 (100%) running_loss=0.7506
trial epoch 6/10 done: train_loss=0.7506 val_macro_auc=0.8138
trial epoch 7/10 batch 13/66 (20%) running_loss=0.7245
trial epoch 7/10 batch 26/66 (39%) running_loss=0.7064
trial epoch 7/10 batch 39/66 (59%) running_loss=0.7050
trial epoch 7/10 batch 52/66 (79%) running_loss=0.7099
trial epoch 7/10 batch 65/66 (98%) running_loss=0.7182
trial epoch 7/10 batch 66/66 (100%) running_loss=0.7191
trial epoch 7/10 done: train_loss=0.7191 val_macro_auc=0.8245
trial epoch 8/10 batch 13/66 (20%) running_loss=0.6988
trial epoch 8/10 batch 26/66 (39%) running_loss=0.6944
trial epoch 8/10 batch 39/66 (59%) running_loss=0.6921
trial epoch 8/10 batch 52/66 (79%) running_loss=0.6768
trial epoch 8/10 batch 65/66 (98%) running_loss=0.6792
trial epoch 8/10 batch 66/66 (100%) running_loss=0.6790
trial epoch 8/10 done: train_loss=0.6790 val_macro_auc=0.8119
trial epoch 9/10 batch 13/66 (20%) running_loss=0.6639
trial epoch 9/10 batch 26/66 (39%) running_loss=0.6930
trial epoch 9/10 batch 39/66 (59%) running_loss=0.6853
trial epoch 9/10 batch 52/66 (79%) running_loss=0.6821
trial epoch 9/10 batch 65/66 (98%) running_loss=0.6844
trial epoch 9/10 batch 66/66 (100%) running_loss=0.6858
trial epoch 9/10 done: train_loss=0.6858 val_macro_auc=0.8227
trial epoch 10/10 batch 13/66 (20%) running_loss=0.6979
trial epoch 10/10 batch 26/66 (39%) running_loss=0.6771
trial epoch 10/10 batch 39/66 (59%) running_loss=0.6740
trial epoch 10/10 batch 52/66 (79%) running_loss=0.6725
trial epoch 10/10 batch 65/66 (98%) running_loss=0.6746
trial epoch 10/10 batch 66/66 (100%) running_loss=0.6771
trial epoch 10/10 done: train_loss=0.6771 val_macro_auc=0.8200
Trial 4/25: finished val_macro_auc=0.8182 (best so far: 0.8495)
Trial 5/25: starting (10 trial epochs)
trial epoch 1/10 batch 13/66 (20%) running_loss=1.1128
trial epoch 1/10 batch 26/66 (39%) running_loss=1.1068
trial epoch 1/10 batch 39/66 (59%) running_loss=1.1002
trial epoch 1/10 batch 52/66 (79%) running_loss=1.0949
trial epoch 1/10 batch 65/66 (98%) running_loss=1.0964
trial epoch 1/10 batch 66/66 (100%) running_loss=1.0950
trial epoch 1/10 done: train_loss=1.0950 val_macro_auc=0.6820
trial epoch 2/10 batch 13/66 (20%) running_loss=1.0695
trial epoch 2/10 batch 26/66 (39%) running_loss=1.0381
trial epoch 2/10 batch 39/66 (59%) running_loss=1.0170
trial epoch 2/10 batch 52/66 (79%) running_loss=1.0008
trial epoch 2/10 batch 65/66 (98%) running_loss=0.9960
trial epoch 2/10 batch 66/66 (100%) running_loss=0.9958
trial epoch 2/10 done: train_loss=0.9958 val_macro_auc=0.7673
trial epoch 3/10 batch 13/66 (20%) running_loss=0.9381
trial epoch 3/10 batch 26/66 (39%) running_loss=0.9532
trial epoch 3/10 batch 39/66 (59%) running_loss=0.9396
trial epoch 3/10 batch 52/66 (79%) running_loss=0.9338
trial epoch 3/10 batch 65/66 (98%) running_loss=0.9196
trial epoch 3/10 batch 66/66 (100%) running_loss=0.9181
trial epoch 3/10 done: train_loss=0.9181 val_macro_auc=0.7935
trial epoch 4/10 batch 13/66 (20%) running_loss=0.8543
trial epoch 4/10 batch 26/66 (39%) running_loss=0.8751
trial epoch 4/10 batch 39/66 (59%) running_loss=0.8560
trial epoch 4/10 batch 52/66 (79%) running_loss=0.8585
trial epoch 4/10 batch 65/66 (98%) running_loss=0.8443
trial epoch 4/10 batch 66/66 (100%) running_loss=0.8446
trial epoch 4/10 done: train_loss=0.8446 val_macro_auc=0.7606
trial epoch 5/10 batch 13/66 (20%) running_loss=0.8764
trial epoch 5/10 batch 26/66 (39%) running_loss=0.8329
trial epoch 5/10 batch 39/66 (59%) running_loss=0.8175
trial epoch 5/10 batch 52/66 (79%) running_loss=0.8077
trial epoch 5/10 batch 65/66 (98%) running_loss=0.7958
trial epoch 5/10 batch 66/66 (100%) running_loss=0.7944
trial epoch 5/10 done: train_loss=0.7944 val_macro_auc=0.7888
trial epoch 6/10 batch 13/66 (20%) running_loss=0.7768
trial epoch 6/10 batch 26/66 (39%) running_loss=0.7735
trial epoch 6/10 batch 39/66 (59%) running_loss=0.7861
trial epoch 6/10 batch 52/66 (79%) running_loss=0.7756
trial epoch 6/10 batch 65/66 (98%) running_loss=0.7772
trial epoch 6/10 batch 66/66 (100%) running_loss=0.7788
trial epoch 6/10 done: train_loss=0.7788 val_macro_auc=0.8374
trial epoch 7/10 batch 13/66 (20%) running_loss=0.7810
trial epoch 7/10 batch 26/66 (39%) running_loss=0.7440
trial epoch 7/10 batch 39/66 (59%) running_loss=0.7380
trial epoch 7/10 batch 52/66 (79%) running_loss=0.7355
trial epoch 7/10 batch 65/66 (98%) running_loss=0.7400
trial epoch 7/10 batch 66/66 (100%) running_loss=0.7396
trial epoch 7/10 done: train_loss=0.7396 val_macro_auc=0.8187
trial epoch 8/10 batch 13/66 (20%) running_loss=0.7312
trial epoch 8/10 batch 26/66 (39%) running_loss=0.6999
trial epoch 8/10 batch 39/66 (59%) running_loss=0.7218
trial epoch 8/10 batch 52/66 (79%) running_loss=0.7238
trial epoch 8/10 batch 65/66 (98%) running_loss=0.7169
trial epoch 8/10 batch 66/66 (100%) running_loss=0.7165
trial epoch 8/10 done: train_loss=0.7165 val_macro_auc=0.8511
trial epoch 9/10 batch 13/66 (20%) running_loss=0.6797
trial epoch 9/10 batch 26/66 (39%) running_loss=0.6671
trial epoch 9/10 batch 39/66 (59%) running_loss=0.6885
trial epoch 9/10 batch 52/66 (79%) running_loss=0.6882
trial epoch 9/10 batch 65/66 (98%) running_loss=0.6813
trial epoch 9/10 batch 66/66 (100%) running_loss=0.6832
trial epoch 9/10 done: train_loss=0.6832 val_macro_auc=0.8355
trial epoch 10/10 batch 13/66 (20%) running_loss=0.7090
trial epoch 10/10 batch 26/66 (39%) running_loss=0.6859
trial epoch 10/10 batch 39/66 (59%) running_loss=0.6863
trial epoch 10/10 batch 52/66 (79%) running_loss=0.6806
trial epoch 10/10 batch 65/66 (98%) running_loss=0.6782
trial epoch 10/10 batch 66/66 (100%) running_loss=0.6784
trial epoch 10/10 done: train_loss=0.6784 val_macro_auc=0.8487
Trial 5/25: finished val_macro_auc=0.8451 (best so far: 0.8495)
=================================================
n_gen  |  n_eval  |     f_avg     |     f_min    
=================================================
     1 |        5 | -8.190360E-01 | -8.494761E-01
Trial 6/25: starting (10 trial epochs)
trial epoch 1/10 batch 13/66 (20%) running_loss=1.0911
trial epoch 1/10 batch 26/66 (39%) running_loss=1.0946
trial epoch 1/10 batch 39/66 (59%) running_loss=1.0965
trial epoch 1/10 batch 52/66 (79%) running_loss=1.0921
trial epoch 1/10 batch 65/66 (98%) running_loss=1.0902
trial epoch 1/10 batch 66/66 (100%) running_loss=1.0911
trial epoch 1/10 done: train_loss=1.0911 val_macro_auc=0.7118
trial epoch 2/10 batch 13/66 (20%) running_loss=1.0716
trial epoch 2/10 batch 26/66 (39%) running_loss=1.0239
trial epoch 2/10 batch 39/66 (59%) running_loss=1.0379
trial epoch 2/10 batch 52/66 (79%) running_loss=1.0289
trial epoch 2/10 batch 65/66 (98%) running_loss=1.0203
trial epoch 2/10 batch 66/66 (100%) running_loss=1.0201
trial epoch 2/10 done: train_loss=1.0201 val_macro_auc=0.7862
trial epoch 3/10 batch 13/66 (20%) running_loss=0.9195
trial epoch 3/10 batch 26/66 (39%) running_loss=0.9103
trial epoch 3/10 batch 39/66 (59%) running_loss=0.9231
trial epoch 3/10 batch 52/66 (79%) running_loss=0.9158
trial epoch 3/10 batch 65/66 (98%) running_loss=0.8997
trial epoch 3/10 batch 66/66 (100%) running_loss=0.9003
trial epoch 3/10 done: train_loss=0.9003 val_macro_auc=0.8014
trial epoch 4/10 batch 13/66 (20%) running_loss=0.8946
trial epoch 4/10 batch 26/66 (39%) running_loss=0.8673
trial epoch 4/10 batch 39/66 (59%) running_loss=0.8458
trial epoch 4/10 batch 52/66 (79%) running_loss=0.8555
trial epoch 4/10 batch 65/66 (98%) running_loss=0.8577
trial epoch 4/10 batch 66/66 (100%) running_loss=0.8572
trial epoch 4/10 done: train_loss=0.8572 val_macro_auc=0.8008
trial epoch 5/10 batch 13/66 (20%) running_loss=0.8137
trial epoch 5/10 batch 26/66 (39%) running_loss=0.8500
trial epoch 5/10 batch 39/66 (59%) running_loss=0.8422
trial epoch 5/10 batch 52/66 (79%) running_loss=0.8163
trial epoch 5/10 batch 65/66 (98%) running_loss=0.8066
trial epoch 5/10 batch 66/66 (100%) running_loss=0.8058
trial epoch 5/10 done: train_loss=0.8058 val_macro_auc=0.8138
trial epoch 6/10 batch 13/66 (20%) running_loss=0.8043
trial epoch 6/10 batch 26/66 (39%) running_loss=0.7598
trial epoch 6/10 batch 39/66 (59%) running_loss=0.7676
trial epoch 6/10 batch 52/66 (79%) running_loss=0.7647
trial epoch 6/10 batch 65/66 (98%) running_loss=0.7619
trial epoch 6/10 batch 66/66 (100%) running_loss=0.7640
trial epoch 6/10 done: train_loss=0.7640 val_macro_auc=0.8068
trial epoch 7/10 batch 13/66 (20%) running_loss=0.7255
trial epoch 7/10 batch 26/66 (39%) running_loss=0.7062
trial epoch 7/10 batch 39/66 (59%) running_loss=0.7118
trial epoch 7/10 batch 52/66 (79%) running_loss=0.7139
trial epoch 7/10 batch 65/66 (98%) running_loss=0.7128
trial epoch 7/10 batch 66/66 (100%) running_loss=0.7137
trial epoch 7/10 done: train_loss=0.7137 val_macro_auc=0.8059
trial epoch 8/10 batch 13/66 (20%) running_loss=0.6920
trial epoch 8/10 batch 26/66 (39%) running_loss=0.6716
trial epoch 8/10 batch 39/66 (59%) running_loss=0.6634
trial epoch 8/10 batch 52/66 (79%) running_loss=0.6890
trial epoch 8/10 batch 65/66 (98%) running_loss=0.6995
trial epoch 8/10 batch 66/66 (100%) running_loss=0.6985
trial epoch 8/10 done: train_loss=0.6985 val_macro_auc=0.8248
trial epoch 9/10 batch 13/66 (20%) running_loss=0.6818
trial epoch 9/10 batch 26/66 (39%) running_loss=0.6617
trial epoch 9/10 batch 39/66 (59%) running_loss=0.6533
trial epoch 9/10 batch 52/66 (79%) running_loss=0.6628
trial epoch 9/10 batch 65/66 (98%) running_loss=0.6738
trial epoch 9/10 batch 66/66 (100%) running_loss=0.6762
trial epoch 9/10 done: train_loss=0.6762 val_macro_auc=0.8255
trial epoch 10/10 batch 13/66 (20%) running_loss=0.6354
trial epoch 10/10 batch 26/66 (39%) running_loss=0.6430
trial epoch 10/10 batch 39/66 (59%) running_loss=0.6549
trial epoch 10/10 batch 52/66 (79%) running_loss=0.6627
trial epoch 10/10 batch 65/66 (98%) running_loss=0.6676
trial epoch 10/10 batch 66/66 (100%) running_loss=0.6696
trial epoch 10/10 done: train_loss=0.6696 val_macro_auc=0.8234
Trial 6/25: finished val_macro_auc=0.8246 (best so far: 0.8495)
Trial 7/25: starting (10 trial epochs)
trial epoch 1/10 batch 13/66 (20%) running_loss=1.0848
trial epoch 1/10 batch 26/66 (39%) running_loss=1.0896
trial epoch 1/10 batch 39/66 (59%) running_loss=1.0943
trial epoch 1/10 batch 52/66 (79%) running_loss=1.0964
trial epoch 1/10 batch 65/66 (98%) running_loss=1.0860
trial epoch 1/10 batch 66/66 (100%) running_loss=1.0858
trial epoch 1/10 done: train_loss=1.0858 val_macro_auc=0.6902
trial epoch 2/10 batch 13/66 (20%) running_loss=1.0471
trial epoch 2/10 batch 26/66 (39%) running_loss=1.0019
trial epoch 2/10 batch 39/66 (59%) running_loss=0.9883
trial epoch 2/10 batch 52/66 (79%) running_loss=0.9791
trial epoch 2/10 batch 65/66 (98%) running_loss=0.9760
trial epoch 2/10 batch 66/66 (100%) running_loss=0.9763
trial epoch 2/10 done: train_loss=0.9763 val_macro_auc=0.7651
trial epoch 3/10 batch 13/66 (20%) running_loss=0.9313
trial epoch 3/10 batch 26/66 (39%) running_loss=0.9203
trial epoch 3/10 batch 39/66 (59%) running_loss=0.9013
trial epoch 3/10 batch 52/66 (79%) running_loss=0.8859
trial epoch 3/10 batch 65/66 (98%) running_loss=0.8730
trial epoch 3/10 batch 66/66 (100%) running_loss=0.8761
trial epoch 3/10 done: train_loss=0.8761 val_macro_auc=0.7964
trial epoch 4/10 batch 13/66 (20%) running_loss=0.8885
trial epoch 4/10 batch 26/66 (39%) running_loss=0.9170
trial epoch 4/10 batch 39/66 (59%) running_loss=0.8998
trial epoch 4/10 batch 52/66 (79%) running_loss=0.8847
trial epoch 4/10 batch 65/66 (98%) running_loss=0.8892
trial epoch 4/10 batch 66/66 (100%) running_loss=0.8882
trial epoch 4/10 done: train_loss=0.8882 val_macro_auc=0.7833
trial epoch 5/10 batch 13/66 (20%) running_loss=0.8190
trial epoch 5/10 batch 26/66 (39%) running_loss=0.8369
trial epoch 5/10 batch 39/66 (59%) running_loss=0.8267
trial epoch 5/10 batch 52/66 (79%) running_loss=0.8252
trial epoch 5/10 batch 65/66 (98%) running_loss=0.8224
trial epoch 5/10 batch 66/66 (100%) running_loss=0.8221
trial epoch 5/10 done: train_loss=0.8221 val_macro_auc=0.7634
trial epoch 6/10 batch 13/66 (20%) running_loss=0.7790
trial epoch 6/10 batch 26/66 (39%) running_loss=0.7839
trial epoch 6/10 batch 39/66 (59%) running_loss=0.7976
trial epoch 6/10 batch 52/66 (79%) running_loss=0.7912
trial epoch 6/10 batch 65/66 (98%) running_loss=0.7864
trial epoch 6/10 batch 66/66 (100%) running_loss=0.7871
trial epoch 6/10 done: train_loss=0.7871 val_macro_auc=0.8301
trial epoch 7/10 batch 13/66 (20%) running_loss=0.7814
trial epoch 7/10 batch 26/66 (39%) running_loss=0.7620
trial epoch 7/10 batch 39/66 (59%) running_loss=0.7546
trial epoch 7/10 batch 52/66 (79%) running_loss=0.7565
trial epoch 7/10 batch 65/66 (98%) running_loss=0.7588
trial epoch 7/10 batch 66/66 (100%) running_loss=0.7578
trial epoch 7/10 done: train_loss=0.7578 val_macro_auc=0.8250
trial epoch 8/10 batch 13/66 (20%) running_loss=0.6999
trial epoch 8/10 batch 26/66 (39%) running_loss=0.7163
trial epoch 8/10 batch 39/66 (59%) running_loss=0.7170
trial epoch 8/10 batch 52/66 (79%) running_loss=0.7222
trial epoch 8/10 batch 65/66 (98%) running_loss=0.7168
trial epoch 8/10 batch 66/66 (100%) running_loss=0.7157
trial epoch 8/10 done: train_loss=0.7157 val_macro_auc=0.8311
trial epoch 9/10 batch 13/66 (20%) running_loss=0.6883
trial epoch 9/10 batch 26/66 (39%) running_loss=0.6991
trial epoch 9/10 batch 39/66 (59%) running_loss=0.7103
trial epoch 9/10 batch 52/66 (79%) running_loss=0.7110
trial epoch 9/10 batch 65/66 (98%) running_loss=0.7101
trial epoch 9/10 batch 66/66 (100%) running_loss=0.7109
trial epoch 9/10 done: train_loss=0.7109 val_macro_auc=0.8242
trial epoch 10/10 batch 13/66 (20%) running_loss=0.7000
trial epoch 10/10 batch 26/66 (39%) running_loss=0.7459
trial epoch 10/10 batch 39/66 (59%) running_loss=0.7151
trial epoch 10/10 batch 52/66 (79%) running_loss=0.7043
trial epoch 10/10 batch 65/66 (98%) running_loss=0.6986
trial epoch 10/10 batch 66/66 (100%) running_loss=0.6985
trial epoch 10/10 done: train_loss=0.6985 val_macro_auc=0.8195
Trial 7/25: finished val_macro_auc=0.8250 (best so far: 0.8495)
Trial 8/25: starting (10 trial epochs)
trial epoch 1/10 batch 13/66 (20%) running_loss=1.0920
trial epoch 1/10 batch 26/66 (39%) running_loss=1.0903
trial epoch 1/10 batch 39/66 (59%) running_loss=1.0837
trial epoch 1/10 batch 52/66 (79%) running_loss=1.0833
trial epoch 1/10 batch 65/66 (98%) running_loss=1.0795
trial epoch 1/10 batch 66/66 (100%) running_loss=1.0803
trial epoch 1/10 done: train_loss=1.0803 val_macro_auc=0.7379
trial epoch 2/10 batch 13/66 (20%) running_loss=1.0374
trial epoch 2/10 batch 26/66 (39%) running_loss=1.0254
trial epoch 2/10 batch 39/66 (59%) running_loss=0.9926
trial epoch 2/10 batch 52/66 (79%) running_loss=0.9835
trial epoch 2/10 batch 65/66 (98%) running_loss=0.9852
trial epoch 2/10 batch 66/66 (100%) running_loss=0.9839
trial epoch 2/10 done: train_loss=0.9839 val_macro_auc=0.7711
trial epoch 3/10 batch 13/66 (20%) running_loss=0.9506
trial epoch 3/10 batch 26/66 (39%) running_loss=0.9123
trial epoch 3/10 batch 39/66 (59%) running_loss=0.9151
trial epoch 3/10 batch 52/66 (79%) running_loss=0.8936
trial epoch 3/10 batch 65/66 (98%) running_loss=0.9040
trial epoch 3/10 batch 66/66 (100%) running_loss=0.9024
trial epoch 3/10 done: train_loss=0.9024 val_macro_auc=0.8073
trial epoch 4/10 batch 13/66 (20%) running_loss=0.8745
trial epoch 4/10 batch 26/66 (39%) running_loss=0.8484
trial epoch 4/10 batch 39/66 (59%) running_loss=0.8421
trial epoch 4/10 batch 52/66 (79%) running_loss=0.8230
trial epoch 4/10 batch 65/66 (98%) running_loss=0.8257
trial epoch 4/10 batch 66/66 (100%) running_loss=0.8281
trial epoch 4/10 done: train_loss=0.8281 val_macro_auc=0.8249
trial epoch 5/10 batch 13/66 (20%) running_loss=0.8708
trial epoch 5/10 batch 26/66 (39%) running_loss=0.8339
trial epoch 5/10 batch 39/66 (59%) running_loss=0.8209
trial epoch 5/10 batch 52/66 (79%) running_loss=0.8175
trial epoch 5/10 batch 65/66 (98%) running_loss=0.8023
trial epoch 5/10 batch 66/66 (100%) running_loss=0.8048
trial epoch 5/10 done: train_loss=0.8048 val_macro_auc=0.8154
trial epoch 6/10 batch 13/66 (20%) running_loss=0.8050
trial epoch 6/10 batch 26/66 (39%) running_loss=0.7852
trial epoch 6/10 batch 39/66 (59%) running_loss=0.7864
trial epoch 6/10 batch 52/66 (79%) running_loss=0.7739
trial epoch 6/10 batch 65/66 (98%) running_loss=0.7617
trial epoch 6/10 batch 66/66 (100%) running_loss=0.7615
trial epoch 6/10 done: train_loss=0.7615 val_macro_auc=0.8264
trial epoch 7/10 batch 13/66 (20%) running_loss=0.7005
trial epoch 7/10 batch 26/66 (39%) running_loss=0.7169
trial epoch 7/10 batch 39/66 (59%) running_loss=0.7032
trial epoch 7/10 batch 52/66 (79%) running_loss=0.7051
trial epoch 7/10 batch 65/66 (98%) running_loss=0.7214
trial epoch 7/10 batch 66/66 (100%) running_loss=0.7236
trial epoch 7/10 done: train_loss=0.7236 val_macro_auc=0.8384
trial epoch 8/10 batch 13/66 (20%) running_loss=0.7522
trial epoch 8/10 batch 26/66 (39%) running_loss=0.7128
trial epoch 8/10 batch 39/66 (59%) running_loss=0.6951
trial epoch 8/10 batch 52/66 (79%) running_loss=0.6954
trial epoch 8/10 batch 65/66 (98%) running_loss=0.6979
trial epoch 8/10 batch 66/66 (100%) running_loss=0.6970
trial epoch 8/10 done: train_loss=0.6970 val_macro_auc=0.8428
trial epoch 9/10 batch 13/66 (20%) running_loss=0.6976
trial epoch 9/10 batch 26/66 (39%) running_loss=0.6784
trial epoch 9/10 batch 39/66 (59%) running_loss=0.6712
trial epoch 9/10 batch 52/66 (79%) running_loss=0.6663
trial epoch 9/10 batch 65/66 (98%) running_loss=0.6842
trial epoch 9/10 batch 66/66 (100%) running_loss=0.6856
trial epoch 9/10 done: train_loss=0.6856 val_macro_auc=0.8460
trial epoch 10/10 batch 13/66 (20%) running_loss=0.6669
trial epoch 10/10 batch 26/66 (39%) running_loss=0.6850
trial epoch 10/10 batch 39/66 (59%) running_loss=0.6749
trial epoch 10/10 batch 52/66 (79%) running_loss=0.6775
trial epoch 10/10 batch 65/66 (98%) running_loss=0.6710
trial epoch 10/10 batch 66/66 (100%) running_loss=0.6733
trial epoch 10/10 done: train_loss=0.6733 val_macro_auc=0.8441
Trial 8/25: finished val_macro_auc=0.8443 (best so far: 0.8495)
Trial 9/25: starting (10 trial epochs)
trial epoch 1/10 batch 13/66 (20%) running_loss=1.1111
trial epoch 1/10 batch 26/66 (39%) running_loss=1.1086
trial epoch 1/10 batch 39/66 (59%) running_loss=1.1026
trial epoch 1/10 batch 52/66 (79%) running_loss=1.0936
trial epoch 1/10 batch 65/66 (98%) running_loss=1.0800
trial epoch 1/10 batch 66/66 (100%) running_loss=1.0788
trial epoch 1/10 done: train_loss=1.0788 val_macro_auc=0.7287
trial epoch 2/10 batch 13/66 (20%) running_loss=1.0729
trial epoch 2/10 batch 26/66 (39%) running_loss=1.0416
trial epoch 2/10 batch 39/66 (59%) running_loss=1.0314
trial epoch 2/10 batch 52/66 (79%) running_loss=1.0161
trial epoch 2/10 batch 65/66 (98%) running_loss=0.9979
trial epoch 2/10 batch 66/66 (100%) running_loss=0.9978
trial epoch 2/10 done: train_loss=0.9978 val_macro_auc=0.7741
trial epoch 3/10 batch 13/66 (20%) running_loss=0.9245
trial epoch 3/10 batch 26/66 (39%) running_loss=0.9433
trial epoch 3/10 batch 39/66 (59%) running_loss=0.9283
trial epoch 3/10 batch 52/66 (79%) running_loss=0.9169
trial epoch 3/10 batch 65/66 (98%) running_loss=0.9070
trial epoch 3/10 batch 66/66 (100%) running_loss=0.9056
trial epoch 3/10 done: train_loss=0.9056 val_macro_auc=0.7839
trial epoch 4/10 batch 13/66 (20%) running_loss=0.9220
trial epoch 4/10 batch 26/66 (39%) running_loss=0.8987
trial epoch 4/10 batch 39/66 (59%) running_loss=0.8575
trial epoch 4/10 batch 52/66 (79%) running_loss=0.8609
trial epoch 4/10 batch 65/66 (98%) running_loss=0.8498
trial epoch 4/10 batch 66/66 (100%) running_loss=0.8493
trial epoch 4/10 done: train_loss=0.8493 val_macro_auc=0.8105
trial epoch 5/10 batch 13/66 (20%) running_loss=0.8352
trial epoch 5/10 batch 26/66 (39%) running_loss=0.8424
trial epoch 5/10 batch 39/66 (59%) running_loss=0.8340
trial epoch 5/10 batch 52/66 (79%) running_loss=0.8196
trial epoch 5/10 batch 65/66 (98%) running_loss=0.8079
trial epoch 5/10 batch 66/66 (100%) running_loss=0.8057
trial epoch 5/10 done: train_loss=0.8057 val_macro_auc=0.8399
trial epoch 6/10 batch 13/66 (20%) running_loss=0.7959
trial epoch 6/10 batch 26/66 (39%) running_loss=0.7887
trial epoch 6/10 batch 39/66 (59%) running_loss=0.7856
trial epoch 6/10 batch 52/66 (79%) running_loss=0.7809
trial epoch 6/10 batch 65/66 (98%) running_loss=0.7823
trial epoch 6/10 batch 66/66 (100%) running_loss=0.7833
trial epoch 6/10 done: train_loss=0.7833 val_macro_auc=0.8532
trial epoch 7/10 batch 13/66 (20%) running_loss=0.7414
trial epoch 7/10 batch 26/66 (39%) running_loss=0.7475
trial epoch 7/10 batch 39/66 (59%) running_loss=0.7479
trial epoch 7/10 batch 52/66 (79%) running_loss=0.7456
trial epoch 7/10 batch 65/66 (98%) running_loss=0.7305
trial epoch 7/10 batch 66/66 (100%) running_loss=0.7301
trial epoch 7/10 done: train_loss=0.7301 val_macro_auc=0.8509
trial epoch 8/10 batch 13/66 (20%) running_loss=0.6912
trial epoch 8/10 batch 26/66 (39%) running_loss=0.7044
trial epoch 8/10 batch 39/66 (59%) running_loss=0.7073
trial epoch 8/10 batch 52/66 (79%) running_loss=0.7024
trial epoch 8/10 batch 65/66 (98%) running_loss=0.7179
trial epoch 8/10 batch 66/66 (100%) running_loss=0.7179
trial epoch 8/10 done: train_loss=0.7179 val_macro_auc=0.8572
trial epoch 9/10 batch 13/66 (20%) running_loss=0.7329
trial epoch 9/10 batch 26/66 (39%) running_loss=0.6883
trial epoch 9/10 batch 39/66 (59%) running_loss=0.7047
trial epoch 9/10 batch 52/66 (79%) running_loss=0.7001
trial epoch 9/10 batch 65/66 (98%) running_loss=0.6917
trial epoch 9/10 batch 66/66 (100%) running_loss=0.6896
trial epoch 9/10 done: train_loss=0.6896 val_macro_auc=0.8689
trial epoch 10/10 batch 13/66 (20%) running_loss=0.6892
trial epoch 10/10 batch 26/66 (39%) running_loss=0.6896
trial epoch 10/10 batch 39/66 (59%) running_loss=0.6780
trial epoch 10/10 batch 52/66 (79%) running_loss=0.6733
trial epoch 10/10 batch 65/66 (98%) running_loss=0.6668
trial epoch 10/10 batch 66/66 (100%) running_loss=0.6648
trial epoch 10/10 done: train_loss=0.6648 val_macro_auc=0.8599
Trial 9/25: finished val_macro_auc=0.8620 (best so far: 0.8620)
Trial 10/25: starting (10 trial epochs)
trial epoch 1/10 batch 13/66 (20%) running_loss=1.0996
trial epoch 1/10 batch 26/66 (39%) running_loss=1.1046
trial epoch 1/10 batch 39/66 (59%) running_loss=1.0933
trial epoch 1/10 batch 52/66 (79%) running_loss=1.0862
trial epoch 1/10 batch 65/66 (98%) running_loss=1.0813
trial epoch 1/10 batch 66/66 (100%) running_loss=1.0824
trial epoch 1/10 done: train_loss=1.0824 val_macro_auc=0.7229
trial epoch 2/10 batch 13/66 (20%) running_loss=1.0765
trial epoch 2/10 batch 26/66 (39%) running_loss=1.0462
trial epoch 2/10 batch 39/66 (59%) running_loss=1.0187
trial epoch 2/10 batch 52/66 (79%) running_loss=0.9895
trial epoch 2/10 batch 65/66 (98%) running_loss=0.9836
trial epoch 2/10 batch 66/66 (100%) running_loss=0.9821
trial epoch 2/10 done: train_loss=0.9821 val_macro_auc=0.7682
trial epoch 3/10 batch 13/66 (20%) running_loss=0.8908
trial epoch 3/10 batch 26/66 (39%) running_loss=0.8952
trial epoch 3/10 batch 39/66 (59%) running_loss=0.8916
trial epoch 3/10 batch 52/66 (79%) running_loss=0.8944
trial epoch 3/10 batch 65/66 (98%) running_loss=0.8891
trial epoch 3/10 batch 66/66 (100%) running_loss=0.8909
trial epoch 3/10 done: train_loss=0.8909 val_macro_auc=0.7939
trial epoch 4/10 batch 13/66 (20%) running_loss=0.9122
trial epoch 4/10 batch 26/66 (39%) running_loss=0.8503
trial epoch 4/10 batch 39/66 (59%) running_loss=0.8532
trial epoch 4/10 batch 52/66 (79%) running_loss=0.8733
trial epoch 4/10 batch 65/66 (98%) running_loss=0.8596
trial epoch 4/10 batch 66/66 (100%) running_loss=0.8587
trial epoch 4/10 done: train_loss=0.8587 val_macro_auc=0.7758
trial epoch 5/10 batch 13/66 (20%) running_loss=0.8024
trial epoch 5/10 batch 26/66 (39%) running_loss=0.7892
trial epoch 5/10 batch 39/66 (59%) running_loss=0.7868
trial epoch 5/10 batch 52/66 (79%) running_loss=0.7931
trial epoch 5/10 batch 65/66 (98%) running_loss=0.7949
trial epoch 5/10 batch 66/66 (100%) running_loss=0.7960
trial epoch 5/10 done: train_loss=0.7960 val_macro_auc=0.8224
trial epoch 6/10 batch 13/66 (20%) running_loss=0.7528
trial epoch 6/10 batch 26/66 (39%) running_loss=0.7745
trial epoch 6/10 batch 39/66 (59%) running_loss=0.7426
trial epoch 6/10 batch 52/66 (79%) running_loss=0.7517
trial epoch 6/10 batch 65/66 (98%) running_loss=0.7594
trial epoch 6/10 batch 66/66 (100%) running_loss=0.7595
trial epoch 6/10 done: train_loss=0.7595 val_macro_auc=0.8486
trial epoch 7/10 batch 13/66 (20%) running_loss=0.7412
trial epoch 7/10 batch 26/66 (39%) running_loss=0.7471
trial epoch 7/10 batch 39/66 (59%) running_loss=0.7373
trial epoch 7/10 batch 52/66 (79%) running_loss=0.7302
trial epoch 7/10 batch 65/66 (98%) running_loss=0.7260
trial epoch 7/10 batch 66/66 (100%) running_loss=0.7278
trial epoch 7/10 done: train_loss=0.7278 val_macro_auc=0.8276
trial epoch 8/10 batch 13/66 (20%) running_loss=0.6808
trial epoch 8/10 batch 26/66 (39%) running_loss=0.7011
trial epoch 8/10 batch 39/66 (59%) running_loss=0.6902
trial epoch 8/10 batch 52/66 (79%) running_loss=0.6864
trial epoch 8/10 batch 65/66 (98%) running_loss=0.6840
trial epoch 8/10 batch 66/66 (100%) running_loss=0.6826
trial epoch 8/10 done: train_loss=0.6826 val_macro_auc=0.8289
trial epoch 9/10 batch 13/66 (20%) running_loss=0.7153
trial epoch 9/10 batch 26/66 (39%) running_loss=0.7276
trial epoch 9/10 batch 39/66 (59%) running_loss=0.7079
trial epoch 9/10 batch 52/66 (79%) running_loss=0.6818
trial epoch 9/10 batch 65/66 (98%) running_loss=0.6844
trial epoch 9/10 batch 66/66 (100%) running_loss=0.6838
trial epoch 9/10 done: train_loss=0.6838 val_macro_auc=0.8423
trial epoch 10/10 batch 13/66 (20%) running_loss=0.6400
trial epoch 10/10 batch 26/66 (39%) running_loss=0.6471
trial epoch 10/10 batch 39/66 (59%) running_loss=0.6516
trial epoch 10/10 batch 52/66 (79%) running_loss=0.6558
trial epoch 10/10 batch 65/66 (98%) running_loss=0.6522
trial epoch 10/10 batch 66/66 (100%) running_loss=0.6518
trial epoch 10/10 done: train_loss=0.6518 val_macro_auc=0.8386
Trial 10/25: finished val_macro_auc=0.8366 (best so far: 0.8620)
     2 |       10 | -8.489735E-01 | -8.620100E-01
Trial 11/25: starting (10 trial epochs)
trial epoch 1/10 batch 13/66 (20%) running_loss=1.0961
trial epoch 1/10 batch 26/66 (39%) running_loss=1.1201
trial epoch 1/10 batch 39/66 (59%) running_loss=1.1058
trial epoch 1/10 batch 52/66 (79%) running_loss=1.0986
trial epoch 1/10 batch 65/66 (98%) running_loss=1.0951
trial epoch 1/10 batch 66/66 (100%) running_loss=1.0943
trial epoch 1/10 done: train_loss=1.0943 val_macro_auc=0.6646
trial epoch 2/10 batch 13/66 (20%) running_loss=1.0673
trial epoch 2/10 batch 26/66 (39%) running_loss=1.0487
trial epoch 2/10 batch 39/66 (59%) running_loss=1.0416
trial epoch 2/10 batch 52/66 (79%) running_loss=1.0427
trial epoch 2/10 batch 65/66 (98%) running_loss=1.0357
trial epoch 2/10 batch 66/66 (100%) running_loss=1.0360
trial epoch 2/10 done: train_loss=1.0360 val_macro_auc=0.7492
trial epoch 3/10 batch 13/66 (20%) running_loss=0.9670
trial epoch 3/10 batch 26/66 (39%) running_loss=0.9503
trial epoch 3/10 batch 39/66 (59%) running_loss=0.9373
trial epoch 3/10 batch 52/66 (79%) running_loss=0.9401
trial epoch 3/10 batch 65/66 (98%) running_loss=0.9346
trial epoch 3/10 batch 66/66 (100%) running_loss=0.9362
trial epoch 3/10 done: train_loss=0.9362 val_macro_auc=0.7667
trial epoch 4/10 batch 13/66 (20%) running_loss=0.9136
trial epoch 4/10 batch 26/66 (39%) running_loss=0.9242
trial epoch 4/10 batch 39/66 (59%) running_loss=0.8971
trial epoch 4/10 batch 52/66 (79%) running_loss=0.8792
trial epoch 4/10 batch 65/66 (98%) running_loss=0.8815
trial epoch 4/10 batch 66/66 (100%) running_loss=0.8806
trial epoch 4/10 done: train_loss=0.8806 val_macro_auc=0.7816
trial epoch 5/10 batch 13/66 (20%) running_loss=0.8287
trial epoch 5/10 batch 26/66 (39%) running_loss=0.8610
trial epoch 5/10 batch 39/66 (59%) running_loss=0.8594
trial epoch 5/10 batch 52/66 (79%) running_loss=0.8662
trial epoch 5/10 batch 65/66 (98%) running_loss=0.8571
trial epoch 5/10 batch 66/66 (100%) running_loss=0.8570
trial epoch 5/10 done: train_loss=0.8570 val_macro_auc=0.8071
trial epoch 6/10 batch 13/66 (20%) running_loss=0.8441
trial epoch 6/10 batch 26/66 (39%) running_loss=0.8222
trial epoch 6/10 batch 39/66 (59%) running_loss=0.7961
trial epoch 6/10 batch 52/66 (79%) running_loss=0.7939
trial epoch 6/10 batch 65/66 (98%) running_loss=0.7902
trial epoch 6/10 batch 66/66 (100%) running_loss=0.7901
trial epoch 6/10 done: train_loss=0.7901 val_macro_auc=0.8264
trial epoch 7/10 batch 13/66 (20%) running_loss=0.7780
trial epoch 7/10 batch 26/66 (39%) running_loss=0.7580
trial epoch 7/10 batch 39/66 (59%) running_loss=0.7297
trial epoch 7/10 batch 52/66 (79%) running_loss=0.7375
trial epoch 7/10 batch 65/66 (98%) running_loss=0.7333
trial epoch 7/10 batch 66/66 (100%) running_loss=0.7359
trial epoch 7/10 done: train_loss=0.7359 val_macro_auc=0.8225
trial epoch 8/10 batch 13/66 (20%) running_loss=0.7672
trial epoch 8/10 batch 26/66 (39%) running_loss=0.7749
trial epoch 8/10 batch 39/66 (59%) running_loss=0.7487
trial epoch 8/10 batch 52/66 (79%) running_loss=0.7293
trial epoch 8/10 batch 65/66 (98%) running_loss=0.7103
trial epoch 8/10 batch 66/66 (100%) running_loss=0.7125
trial epoch 8/10 done: train_loss=0.7125 val_macro_auc=0.8193
trial epoch 9/10 batch 13/66 (20%) running_loss=0.6978
trial epoch 9/10 batch 26/66 (39%) running_loss=0.6689
trial epoch 9/10 batch 39/66 (59%) running_loss=0.6649
trial epoch 9/10 batch 52/66 (79%) running_loss=0.6871
trial epoch 9/10 batch 65/66 (98%) running_loss=0.6870
trial epoch 9/10 batch 66/66 (100%) running_loss=0.6878
trial epoch 9/10 done: train_loss=0.6878 val_macro_auc=0.8250
trial epoch 10/10 batch 13/66 (20%) running_loss=0.6372
trial epoch 10/10 batch 26/66 (39%) running_loss=0.6662
trial epoch 10/10 batch 39/66 (59%) running_loss=0.6684
trial epoch 10/10 batch 52/66 (79%) running_loss=0.6624
trial epoch 10/10 batch 65/66 (98%) running_loss=0.6730
trial epoch 10/10 batch 66/66 (100%) running_loss=0.6735
trial epoch 10/10 done: train_loss=0.6735 val_macro_auc=0.8262
Trial 11/25: finished val_macro_auc=0.8235 (best so far: 0.8620)
Trial 12/25: starting (10 trial epochs)
trial epoch 1/10 batch 13/66 (20%) running_loss=1.0955
trial epoch 1/10 batch 26/66 (39%) running_loss=1.1177
trial epoch 1/10 batch 39/66 (59%) running_loss=1.1047
trial epoch 1/10 batch 52/66 (79%) running_loss=1.0984
trial epoch 1/10 batch 65/66 (98%) running_loss=1.0966
trial epoch 1/10 batch 66/66 (100%) running_loss=1.0955
trial epoch 1/10 done: train_loss=1.0955 val_macro_auc=0.7330
trial epoch 2/10 batch 13/66 (20%) running_loss=1.0325
trial epoch 2/10 batch 26/66 (39%) running_loss=1.0332
trial epoch 2/10 batch 39/66 (59%) running_loss=1.0126
trial epoch 2/10 batch 52/66 (79%) running_loss=0.9923
trial epoch 2/10 batch 65/66 (98%) running_loss=1.0034
trial epoch 2/10 batch 66/66 (100%) running_loss=1.0039
trial epoch 2/10 done: train_loss=1.0039 val_macro_auc=0.7705
trial epoch 3/10 batch 13/66 (20%) running_loss=0.9650
trial epoch 3/10 batch 26/66 (39%) running_loss=0.9387
trial epoch 3/10 batch 39/66 (59%) running_loss=0.9322
trial epoch 3/10 batch 52/66 (79%) running_loss=0.9271
trial epoch 3/10 batch 65/66 (98%) running_loss=0.9188
trial epoch 3/10 batch 66/66 (100%) running_loss=0.9196
trial epoch 3/10 done: train_loss=0.9196 val_macro_auc=0.7789
trial epoch 4/10 batch 13/66 (20%) running_loss=0.8758
trial epoch 4/10 batch 26/66 (39%) running_loss=0.8788
trial epoch 4/10 batch 39/66 (59%) running_loss=0.8726
trial epoch 4/10 batch 52/66 (79%) running_loss=0.8655
trial epoch 4/10 batch 65/66 (98%) running_loss=0.8511
trial epoch 4/10 batch 66/66 (100%) running_loss=0.8507
trial epoch 4/10 done: train_loss=0.8507 val_macro_auc=0.7898
trial epoch 5/10 batch 13/66 (20%) running_loss=0.7784
trial epoch 5/10 batch 26/66 (39%) running_loss=0.7983
trial epoch 5/10 batch 39/66 (59%) running_loss=0.7945
trial epoch 5/10 batch 52/66 (79%) running_loss=0.7945
trial epoch 5/10 batch 65/66 (98%) running_loss=0.7801
trial epoch 5/10 batch 66/66 (100%) running_loss=0.7812
trial epoch 5/10 done: train_loss=0.7812 val_macro_auc=0.7987
trial epoch 6/10 batch 13/66 (20%) running_loss=0.8259
trial epoch 6/10 batch 26/66 (39%) running_loss=0.7892
trial epoch 6/10 batch 39/66 (59%) running_loss=0.7741
trial epoch 6/10 batch 52/66 (79%) running_loss=0.7693
trial epoch 6/10 batch 65/66 (98%) running_loss=0.7691
trial epoch 6/10 batch 66/66 (100%) running_loss=0.7692
trial epoch 6/10 done: train_loss=0.7692 val_macro_auc=0.8288
trial epoch 7/10 batch 13/66 (20%) running_loss=0.7740
trial epoch 7/10 batch 26/66 (39%) running_loss=0.7502
trial epoch 7/10 batch 39/66 (59%) running_loss=0.7429
trial epoch 7/10 batch 52/66 (79%) running_loss=0.7292
trial epoch 7/10 batch 65/66 (98%) running_loss=0.7197
trial epoch 7/10 batch 66/66 (100%) running_loss=0.7236
trial epoch 7/10 done: train_loss=0.7236 val_macro_auc=0.8409
trial epoch 8/10 batch 13/66 (20%) running_loss=0.7197
trial epoch 8/10 batch 26/66 (39%) running_loss=0.7035
trial epoch 8/10 batch 39/66 (59%) running_loss=0.7013
trial epoch 8/10 batch 52/66 (79%) running_loss=0.7154
trial epoch 8/10 batch 65/66 (98%) running_loss=0.7077
trial epoch 8/10 batch 66/66 (100%) running_loss=0.7075
trial epoch 8/10 done: train_loss=0.7075 val_macro_auc=0.8496
trial epoch 9/10 batch 13/66 (20%) running_loss=0.6386
trial epoch 9/10 batch 26/66 (39%) running_loss=0.6333
trial epoch 9/10 batch 39/66 (59%) running_loss=0.6559
trial epoch 9/10 batch 52/66 (79%) running_loss=0.6645
trial epoch 9/10 batch 65/66 (98%) running_loss=0.6709
trial epoch 9/10 batch 66/66 (100%) running_loss=0.6708
trial epoch 9/10 done: train_loss=0.6708 val_macro_auc=0.8339
trial epoch 10/10 batch 13/66 (20%) running_loss=0.6818
trial epoch 10/10 batch 26/66 (39%) running_loss=0.6796
trial epoch 10/10 batch 39/66 (59%) running_loss=0.6847
trial epoch 10/10 batch 52/66 (79%) running_loss=0.6791
trial epoch 10/10 batch 65/66 (98%) running_loss=0.6755
trial epoch 10/10 batch 66/66 (100%) running_loss=0.6753
trial epoch 10/10 done: train_loss=0.6753 val_macro_auc=0.8413
Trial 12/25: finished val_macro_auc=0.8416 (best so far: 0.8620)
Trial 13/25: starting (10 trial epochs)
trial epoch 1/10 batch 13/66 (20%) running_loss=1.1165
trial epoch 1/10 batch 26/66 (39%) running_loss=1.0999
trial epoch 1/10 batch 39/66 (59%) running_loss=1.1021
trial epoch 1/10 batch 52/66 (79%) running_loss=1.0971
trial epoch 1/10 batch 65/66 (98%) running_loss=1.0909
trial epoch 1/10 batch 66/66 (100%) running_loss=1.0905
trial epoch 1/10 done: train_loss=1.0905 val_macro_auc=0.7255
trial epoch 2/10 batch 13/66 (20%) running_loss=1.0328
trial epoch 2/10 batch 26/66 (39%) running_loss=1.0257
trial epoch 2/10 batch 39/66 (59%) running_loss=1.0194
trial epoch 2/10 batch 52/66 (79%) running_loss=1.0135
trial epoch 2/10 batch 65/66 (98%) running_loss=1.0168
trial epoch 2/10 batch 66/66 (100%) running_loss=1.0155
trial epoch 2/10 done: train_loss=1.0155 val_macro_auc=0.7801
trial epoch 3/10 batch 13/66 (20%) running_loss=0.9316
trial epoch 3/10 batch 26/66 (39%) running_loss=0.9511
trial epoch 3/10 batch 39/66 (59%) running_loss=0.9435
trial epoch 3/10 batch 52/66 (79%) running_loss=0.9347
trial epoch 3/10 batch 65/66 (98%) running_loss=0.9360
trial epoch 3/10 batch 66/66 (100%) running_loss=0.9331
trial epoch 3/10 done: train_loss=0.9331 val_macro_auc=0.7900
trial epoch 4/10 batch 13/66 (20%) running_loss=0.8669
trial epoch 4/10 batch 26/66 (39%) running_loss=0.8549
trial epoch 4/10 batch 39/66 (59%) running_loss=0.8497
trial epoch 4/10 batch 52/66 (79%) running_loss=0.8568
trial epoch 4/10 batch 65/66 (98%) running_loss=0.8662
trial epoch 4/10 batch 66/66 (100%) running_loss=0.8668
trial epoch 4/10 done: train_loss=0.8668 val_macro_auc=0.8068
trial epoch 5/10 batch 13/66 (20%) running_loss=0.8964
trial epoch 5/10 batch 26/66 (39%) running_loss=0.8400
trial epoch 5/10 batch 39/66 (59%) running_loss=0.8466
trial epoch 5/10 batch 52/66 (79%) running_loss=0.8368
trial epoch 5/10 batch 65/66 (98%) running_loss=0.8319
trial epoch 5/10 batch 66/66 (100%) running_loss=0.8315
trial epoch 5/10 done: train_loss=0.8315 val_macro_auc=0.8208
trial epoch 6/10 batch 13/66 (20%) running_loss=0.8237
trial epoch 6/10 batch 26/66 (39%) running_loss=0.7850
trial epoch 6/10 batch 39/66 (59%) running_loss=0.7940
trial epoch 6/10 batch 52/66 (79%) running_loss=0.7882
trial epoch 6/10 batch 65/66 (98%) running_loss=0.7818
trial epoch 6/10 batch 66/66 (100%) running_loss=0.7817
trial epoch 6/10 done: train_loss=0.7817 val_macro_auc=0.8146
trial epoch 7/10 batch 13/66 (20%) running_loss=0.7323
trial epoch 7/10 batch 26/66 (39%) running_loss=0.7574
trial epoch 7/10 batch 39/66 (59%) running_loss=0.7488
trial epoch 7/10 batch 52/66 (79%) running_loss=0.7618
trial epoch 7/10 batch 65/66 (98%) running_loss=0.7581
trial epoch 7/10 batch 66/66 (100%) running_loss=0.7565
trial epoch 7/10 done: train_loss=0.7565 val_macro_auc=0.8282
trial epoch 8/10 batch 13/66 (20%) running_loss=0.7949
trial epoch 8/10 batch 26/66 (39%) running_loss=0.7278
trial epoch 8/10 batch 39/66 (59%) running_loss=0.7230
trial epoch 8/10 batch 52/66 (79%) running_loss=0.7358
trial epoch 8/10 batch 65/66 (98%) running_loss=0.7176
trial epoch 8/10 batch 66/66 (100%) running_loss=0.7159
trial epoch 8/10 done: train_loss=0.7159 val_macro_auc=0.8435
trial epoch 9/10 batch 13/66 (20%) running_loss=0.7388
trial epoch 9/10 batch 26/66 (39%) running_loss=0.6957
trial epoch 9/10 batch 39/66 (59%) running_loss=0.7000
trial epoch 9/10 batch 52/66 (79%) running_loss=0.7036
trial epoch 9/10 batch 65/66 (98%) running_loss=0.7001
trial epoch 9/10 batch 66/66 (100%) running_loss=0.6984
trial epoch 9/10 done: train_loss=0.6984 val_macro_auc=0.8517
trial epoch 10/10 batch 13/66 (20%) running_loss=0.7037
trial epoch 10/10 batch 26/66 (39%) running_loss=0.7039
trial epoch 10/10 batch 39/66 (59%) running_loss=0.6978
trial epoch 10/10 batch 52/66 (79%) running_loss=0.6943
trial epoch 10/10 batch 65/66 (98%) running_loss=0.6923
trial epoch 10/10 batch 66/66 (100%) running_loss=0.6915
trial epoch 10/10 done: train_loss=0.6915 val_macro_auc=0.8488
Trial 13/25: finished val_macro_auc=0.8480 (best so far: 0.8620)
Trial 14/25: starting (10 trial epochs)
trial epoch 1/10 batch 13/66 (20%) running_loss=1.1053
trial epoch 1/10 batch 26/66 (39%) running_loss=1.1042
trial epoch 1/10 batch 39/66 (59%) running_loss=1.1052
trial epoch 1/10 batch 52/66 (79%) running_loss=1.1013
trial epoch 1/10 batch 65/66 (98%) running_loss=1.0990
trial epoch 1/10 batch 66/66 (100%) running_loss=1.0964
trial epoch 1/10 done: train_loss=1.0964 val_macro_auc=0.7401
trial epoch 2/10 batch 13/66 (20%) running_loss=1.0369
trial epoch 2/10 batch 26/66 (39%) running_loss=1.0241
trial epoch 2/10 batch 39/66 (59%) running_loss=1.0244
trial epoch 2/10 batch 52/66 (79%) running_loss=1.0277
trial epoch 2/10 batch 65/66 (98%) running_loss=1.0144
trial epoch 2/10 batch 66/66 (100%) running_loss=1.0115
trial epoch 2/10 done: train_loss=1.0115 val_macro_auc=0.7579
trial epoch 3/10 batch 13/66 (20%) running_loss=0.9041
trial epoch 3/10 batch 26/66 (39%) running_loss=0.9031
trial epoch 3/10 batch 39/66 (59%) running_loss=0.9075
trial epoch 3/10 batch 52/66 (79%) running_loss=0.9001
trial epoch 3/10 batch 65/66 (98%) running_loss=0.8817
trial epoch 3/10 batch 66/66 (100%) running_loss=0.8824
trial epoch 3/10 done: train_loss=0.8824 val_macro_auc=0.7561
trial epoch 4/10 batch 13/66 (20%) running_loss=0.8680
trial epoch 4/10 batch 26/66 (39%) running_loss=0.8420
trial epoch 4/10 batch 39/66 (59%) running_loss=0.8355
trial epoch 4/10 batch 52/66 (79%) running_loss=0.8292
trial epoch 4/10 batch 65/66 (98%) running_loss=0.8198
trial epoch 4/10 batch 66/66 (100%) running_loss=0.8182
trial epoch 4/10 done: train_loss=0.8182 val_macro_auc=0.8171
trial epoch 5/10 batch 13/66 (20%) running_loss=0.8030
trial epoch 5/10 batch 26/66 (39%) running_loss=0.7900
trial epoch 5/10 batch 39/66 (59%) running_loss=0.7687
trial epoch 5/10 batch 52/66 (79%) running_loss=0.7717
trial epoch 5/10 batch 65/66 (98%) running_loss=0.7755
trial epoch 5/10 batch 66/66 (100%) running_loss=0.7765
trial epoch 5/10 done: train_loss=0.7765 val_macro_auc=0.8186
trial epoch 6/10 batch 13/66 (20%) running_loss=0.7512
trial epoch 6/10 batch 26/66 (39%) running_loss=0.7432
trial epoch 6/10 batch 39/66 (59%) running_loss=0.7496
trial epoch 6/10 batch 52/66 (79%) running_loss=0.7430
trial epoch 6/10 batch 65/66 (98%) running_loss=0.7358
trial epoch 6/10 batch 66/66 (100%) running_loss=0.7370
trial epoch 6/10 done: train_loss=0.7370 val_macro_auc=0.8244
trial epoch 7/10 batch 13/66 (20%) running_loss=0.7797
trial epoch 7/10 batch 26/66 (39%) running_loss=0.7521
trial epoch 7/10 batch 39/66 (59%) running_loss=0.7363
trial epoch 7/10 batch 52/66 (79%) running_loss=0.7237
trial epoch 7/10 batch 65/66 (98%) running_loss=0.7154
trial epoch 7/10 batch 66/66 (100%) running_loss=0.7165
trial epoch 7/10 done: train_loss=0.7165 val_macro_auc=0.8224
trial epoch 8/10 batch 13/66 (20%) running_loss=0.7305
trial epoch 8/10 batch 26/66 (39%) running_loss=0.7152
trial epoch 8/10 batch 39/66 (59%) running_loss=0.6982
trial epoch 8/10 batch 52/66 (79%) running_loss=0.6969
trial epoch 8/10 batch 65/66 (98%) running_loss=0.7047
trial epoch 8/10 batch 66/66 (100%) running_loss=0.7034
trial epoch 8/10 done: train_loss=0.7034 val_macro_auc=0.8215
trial epoch 9/10 batch 13/66 (20%) running_loss=0.6947
trial epoch 9/10 batch 26/66 (39%) running_loss=0.7001
trial epoch 9/10 batch 39/66 (59%) running_loss=0.6868
trial epoch 9/10 batch 52/66 (79%) running_loss=0.6723
trial epoch 9/10 batch 65/66 (98%) running_loss=0.6717
trial epoch 9/10 batch 66/66 (100%) running_loss=0.6718
trial epoch 9/10 done: train_loss=0.6718 val_macro_auc=0.8340
trial epoch 10/10 batch 13/66 (20%) running_loss=0.7213
trial epoch 10/10 batch 26/66 (39%) running_loss=0.6924
trial epoch 10/10 batch 39/66 (59%) running_loss=0.6913
trial epoch 10/10 batch 52/66 (79%) running_loss=0.6731
trial epoch 10/10 batch 65/66 (98%) running_loss=0.6693
trial epoch 10/10 batch 66/66 (100%) running_loss=0.6681
trial epoch 10/10 done: train_loss=0.6681 val_macro_auc=0.8342
Trial 14/25: finished val_macro_auc=0.8299 (best so far: 0.8620)
Trial 15/25: starting (10 trial epochs)
trial epoch 1/10 batch 13/66 (20%) running_loss=1.0973
trial epoch 1/10 batch 26/66 (39%) running_loss=1.1054
trial epoch 1/10 batch 39/66 (59%) running_loss=1.0761
trial epoch 1/10 batch 52/66 (79%) running_loss=1.0687
trial epoch 1/10 batch 65/66 (98%) running_loss=1.0599
trial epoch 1/10 batch 66/66 (100%) running_loss=1.0590
trial epoch 1/10 done: train_loss=1.0590 val_macro_auc=0.7483
trial epoch 2/10 batch 13/66 (20%) running_loss=1.0307
trial epoch 2/10 batch 26/66 (39%) running_loss=1.0281
trial epoch 2/10 batch 39/66 (59%) running_loss=1.0188
trial epoch 2/10 batch 52/66 (79%) running_loss=1.0348
trial epoch 2/10 batch 65/66 (98%) running_loss=1.0199
trial epoch 2/10 batch 66/66 (100%) running_loss=1.0193
trial epoch 2/10 done: train_loss=1.0193 val_macro_auc=0.7567
trial epoch 3/10 batch 13/66 (20%) running_loss=1.0052
trial epoch 3/10 batch 26/66 (39%) running_loss=1.0102
trial epoch 3/10 batch 39/66 (59%) running_loss=0.9956
trial epoch 3/10 batch 52/66 (79%) running_loss=0.9868
trial epoch 3/10 batch 65/66 (98%) running_loss=0.9689
trial epoch 3/10 batch 66/66 (100%) running_loss=0.9674
trial epoch 3/10 done: train_loss=0.9674 val_macro_auc=0.7838
trial epoch 4/10 batch 13/66 (20%) running_loss=0.9646
trial epoch 4/10 batch 26/66 (39%) running_loss=0.9447
trial epoch 4/10 batch 39/66 (59%) running_loss=0.9312
trial epoch 4/10 batch 52/66 (79%) running_loss=0.9333
trial epoch 4/10 batch 65/66 (98%) running_loss=0.9225
trial epoch 4/10 batch 66/66 (100%) running_loss=0.9207
trial epoch 4/10 done: train_loss=0.9207 val_macro_auc=0.6891
trial epoch 5/10 batch 13/66 (20%) running_loss=0.8788
trial epoch 5/10 batch 26/66 (39%) running_loss=0.8955
trial epoch 5/10 batch 39/66 (59%) running_loss=0.8957
trial epoch 5/10 batch 52/66 (79%) running_loss=0.8772
trial epoch 5/10 batch 65/66 (98%) running_loss=0.8753
trial epoch 5/10 batch 66/66 (100%) running_loss=0.8769
trial epoch 5/10 done: train_loss=0.8769 val_macro_auc=0.6989
trial epoch 6/10 batch 13/66 (20%) running_loss=0.8668
trial epoch 6/10 batch 26/66 (39%) running_loss=0.8370
trial epoch 6/10 batch 39/66 (59%) running_loss=0.8335
trial epoch 6/10 batch 52/66 (79%) running_loss=0.8300
trial epoch 6/10 batch 65/66 (98%) running_loss=0.8246
trial epoch 6/10 batch 66/66 (100%) running_loss=0.8226
trial epoch 6/10 done: train_loss=0.8226 val_macro_auc=0.6964
trial epoch 7/10 batch 13/66 (20%) running_loss=0.8139
trial epoch 7/10 batch 26/66 (39%) running_loss=0.8165
trial epoch 7/10 batch 39/66 (59%) running_loss=0.8004
trial epoch 7/10 batch 52/66 (79%) running_loss=0.8084
trial epoch 7/10 batch 65/66 (98%) running_loss=0.8042
trial epoch 7/10 batch 66/66 (100%) running_loss=0.8037
trial epoch 7/10 done: train_loss=0.8037 val_macro_auc=0.7526
trial epoch 8/10 batch 13/66 (20%) running_loss=0.7582
trial epoch 8/10 batch 26/66 (39%) running_loss=0.7653
trial epoch 8/10 batch 39/66 (59%) running_loss=0.7749
trial epoch 8/10 batch 52/66 (79%) running_loss=0.7783
trial epoch 8/10 batch 65/66 (98%) running_loss=0.7908
trial epoch 8/10 batch 66/66 (100%) running_loss=0.7914
trial epoch 8/10 done: train_loss=0.7914 val_macro_auc=0.7553
trial epoch 9/10 batch 13/66 (20%) running_loss=0.7699
trial epoch 9/10 batch 26/66 (39%) running_loss=0.7832
trial epoch 9/10 batch 39/66 (59%) running_loss=0.7772
trial epoch 9/10 batch 52/66 (79%) running_loss=0.7679
trial epoch 9/10 batch 65/66 (98%) running_loss=0.7593
trial epoch 9/10 batch 66/66 (100%) running_loss=0.7587
trial epoch 9/10 done: train_loss=0.7587 val_macro_auc=0.6928
trial epoch 10/10 batch 13/66 (20%) running_loss=0.7605
trial epoch 10/10 batch 26/66 (39%) running_loss=0.7612
trial epoch 10/10 batch 39/66 (59%) running_loss=0.7724
trial epoch 10/10 batch 52/66 (79%) running_loss=0.7634
trial epoch 10/10 batch 65/66 (98%) running_loss=0.7536
trial epoch 10/10 batch 66/66 (100%) running_loss=0.7527
trial epoch 10/10 done: train_loss=0.7527 val_macro_auc=0.6974
Trial 15/25: finished val_macro_auc=0.7152 (best so far: 0.8620)
     3 |       15 | -8.497788E-01 | -8.620100E-01
Trial 16/25: starting (10 trial epochs)
trial epoch 1/10 batch 13/66 (20%) running_loss=1.0742
trial epoch 1/10 batch 26/66 (39%) running_loss=1.1016
trial epoch 1/10 batch 39/66 (59%) running_loss=1.0922
trial epoch 1/10 batch 52/66 (79%) running_loss=1.0858
trial epoch 1/10 batch 65/66 (98%) running_loss=1.0799
trial epoch 1/10 batch 66/66 (100%) running_loss=1.0816
trial epoch 1/10 done: train_loss=1.0816 val_macro_auc=0.7459
trial epoch 2/10 batch 13/66 (20%) running_loss=1.0054
trial epoch 2/10 batch 26/66 (39%) running_loss=0.9917
trial epoch 2/10 batch 39/66 (59%) running_loss=0.9906
trial epoch 2/10 batch 52/66 (79%) running_loss=0.9856
trial epoch 2/10 batch 65/66 (98%) running_loss=0.9696
trial epoch 2/10 batch 66/66 (100%) running_loss=0.9712
trial epoch 2/10 done: train_loss=0.9712 val_macro_auc=0.7979
trial epoch 3/10 batch 13/66 (20%) running_loss=0.9323
trial epoch 3/10 batch 26/66 (39%) running_loss=0.9075
trial epoch 3/10 batch 39/66 (59%) running_loss=0.9055
trial epoch 3/10 batch 52/66 (79%) running_loss=0.9027
trial epoch 3/10 batch 65/66 (98%) running_loss=0.8925
trial epoch 3/10 batch 66/66 (100%) running_loss=0.8915
trial epoch 3/10 done: train_loss=0.8915 val_macro_auc=0.7820
trial epoch 4/10 batch 13/66 (20%) running_loss=0.8688
trial epoch 4/10 batch 26/66 (39%) running_loss=0.8679
trial epoch 4/10 batch 39/66 (59%) running_loss=0.8586
trial epoch 4/10 batch 52/66 (79%) running_loss=0.8508
trial epoch 4/10 batch 65/66 (98%) running_loss=0.8601
trial epoch 4/10 batch 66/66 (100%) running_loss=0.8594
trial epoch 4/10 done: train_loss=0.8594 val_macro_auc=0.7594
trial epoch 5/10 batch 13/66 (20%) running_loss=0.7907
trial epoch 5/10 batch 26/66 (39%) running_loss=0.8082
trial epoch 5/10 batch 39/66 (59%) running_loss=0.8162
trial epoch 5/10 batch 52/66 (79%) running_loss=0.8139
trial epoch 5/10 batch 65/66 (98%) running_loss=0.8096
trial epoch 5/10 batch 66/66 (100%) running_loss=0.8100
trial epoch 5/10 done: train_loss=0.8100 val_macro_auc=0.8158
trial epoch 6/10 batch 13/66 (20%) running_loss=0.7845
trial epoch 6/10 batch 26/66 (39%) running_loss=0.7614
trial epoch 6/10 batch 39/66 (59%) running_loss=0.7425
trial epoch 6/10 batch 52/66 (79%) running_loss=0.7378
trial epoch 6/10 batch 65/66 (98%) running_loss=0.7444
trial epoch 6/10 batch 66/66 (100%) running_loss=0.7464
trial epoch 6/10 done: train_loss=0.7464 val_macro_auc=0.8137
trial epoch 7/10 batch 13/66 (20%) running_loss=0.7106
trial epoch 7/10 batch 26/66 (39%) running_loss=0.7142
trial epoch 7/10 batch 39/66 (59%) running_loss=0.7171
trial epoch 7/10 batch 52/66 (79%) running_loss=0.7225
trial epoch 7/10 batch 65/66 (98%) running_loss=0.7256
trial epoch 7/10 batch 66/66 (100%) running_loss=0.7252
trial epoch 7/10 done: train_loss=0.7252 val_macro_auc=0.8068
trial epoch 8/10 batch 13/66 (20%) running_loss=0.7658
trial epoch 8/10 batch 26/66 (39%) running_loss=0.7476
trial epoch 8/10 batch 39/66 (59%) running_loss=0.7284
trial epoch 8/10 batch 52/66 (79%) running_loss=0.7297
trial epoch 8/10 batch 65/66 (98%) running_loss=0.7339
trial epoch 8/10 batch 66/66 (100%) running_loss=0.7337
trial epoch 8/10 done: train_loss=0.7337 val_macro_auc=0.8205
trial epoch 9/10 batch 13/66 (20%) running_loss=0.7390
trial epoch 9/10 batch 26/66 (39%) running_loss=0.7192
trial epoch 9/10 batch 39/66 (59%) running_loss=0.7030
trial epoch 9/10 batch 52/66 (79%) running_loss=0.6970
trial epoch 9/10 batch 65/66 (98%) running_loss=0.6954
trial epoch 9/10 batch 66/66 (100%) running_loss=0.6954
trial epoch 9/10 done: train_loss=0.6954 val_macro_auc=0.8250
trial epoch 10/10 batch 13/66 (20%) running_loss=0.6538
trial epoch 10/10 batch 26/66 (39%) running_loss=0.6868
trial epoch 10/10 batch 39/66 (59%) running_loss=0.6689
trial epoch 10/10 batch 52/66 (79%) running_loss=0.6713
trial epoch 10/10 batch 65/66 (98%) running_loss=0.6704
trial epoch 10/10 batch 66/66 (100%) running_loss=0.6718
trial epoch 10/10 done: train_loss=0.6718 val_macro_auc=0.8317
Trial 16/25: finished val_macro_auc=0.8257 (best so far: 0.8620)
Trial 17/25: starting (10 trial epochs)
trial epoch 1/10 batch 13/66 (20%) running_loss=1.1069
trial epoch 1/10 batch 26/66 (39%) running_loss=1.1072
trial epoch 1/10 batch 39/66 (59%) running_loss=1.0967
trial epoch 1/10 batch 52/66 (79%) running_loss=1.0780
trial epoch 1/10 batch 65/66 (98%) running_loss=1.0682
trial epoch 1/10 batch 66/66 (100%) running_loss=1.0662
trial epoch 1/10 done: train_loss=1.0662 val_macro_auc=0.7592
trial epoch 2/10 batch 13/66 (20%) running_loss=1.0123
trial epoch 2/10 batch 26/66 (39%) running_loss=0.9846
trial epoch 2/10 batch 39/66 (59%) running_loss=0.9788
trial epoch 2/10 batch 52/66 (79%) running_loss=0.9843
trial epoch 2/10 batch 65/66 (98%) running_loss=0.9834
trial epoch 2/10 batch 66/66 (100%) running_loss=0.9846
trial epoch 2/10 done: train_loss=0.9846 val_macro_auc=0.7588
trial epoch 3/10 batch 13/66 (20%) running_loss=0.9146
trial epoch 3/10 batch 26/66 (39%) running_loss=0.9175
trial epoch 3/10 batch 39/66 (59%) running_loss=0.9359
trial epoch 3/10 batch 52/66 (79%) running_loss=0.9255
trial epoch 3/10 batch 65/66 (98%) running_loss=0.9069
trial epoch 3/10 batch 66/66 (100%) running_loss=0.9088
trial epoch 3/10 done: train_loss=0.9088 val_macro_auc=0.7306
trial epoch 4/10 batch 13/66 (20%) running_loss=0.8608
trial epoch 4/10 batch 26/66 (39%) running_loss=0.8450
trial epoch 4/10 batch 39/66 (59%) running_loss=0.8715
trial epoch 4/10 batch 52/66 (79%) running_loss=0.8728
trial epoch 4/10 batch 65/66 (98%) running_loss=0.8665
trial epoch 4/10 batch 66/66 (100%) running_loss=0.8665
trial epoch 4/10 done: train_loss=0.8665 val_macro_auc=0.7288
trial epoch 5/10 batch 13/66 (20%) running_loss=0.7941
trial epoch 5/10 batch 26/66 (39%) running_loss=0.7814
trial epoch 5/10 batch 39/66 (59%) running_loss=0.8115
trial epoch 5/10 batch 52/66 (79%) running_loss=0.8219
trial epoch 5/10 batch 65/66 (98%) running_loss=0.8092
trial epoch 5/10 batch 66/66 (100%) running_loss=0.8097
trial epoch 5/10 done: train_loss=0.8097 val_macro_auc=0.7465
trial epoch 6/10 batch 13/66 (20%) running_loss=0.7919
trial epoch 6/10 batch 26/66 (39%) running_loss=0.7602
trial epoch 6/10 batch 39/66 (59%) running_loss=0.7641
trial epoch 6/10 batch 52/66 (79%) running_loss=0.7688
trial epoch 6/10 batch 65/66 (98%) running_loss=0.7719
trial epoch 6/10 batch 66/66 (100%) running_loss=0.7705
trial epoch 6/10 done: train_loss=0.7705 val_macro_auc=0.8109
trial epoch 7/10 batch 13/66 (20%) running_loss=0.7963
trial epoch 7/10 batch 26/66 (39%) running_loss=0.7680
trial epoch 7/10 batch 39/66 (59%) running_loss=0.7507
trial epoch 7/10 batch 52/66 (79%) running_loss=0.7461
trial epoch 7/10 batch 65/66 (98%) running_loss=0.7495
trial epoch 7/10 batch 66/66 (100%) running_loss=0.7477
trial epoch 7/10 done: train_loss=0.7477 val_macro_auc=0.8157
trial epoch 8/10 batch 13/66 (20%) running_loss=0.7535
trial epoch 8/10 batch 26/66 (39%) running_loss=0.7470
trial epoch 8/10 batch 39/66 (59%) running_loss=0.7372
trial epoch 8/10 batch 52/66 (79%) running_loss=0.7298
trial epoch 8/10 batch 65/66 (98%) running_loss=0.7186
trial epoch 8/10 batch 66/66 (100%) running_loss=0.7186
trial epoch 8/10 done: train_loss=0.7186 val_macro_auc=0.8141
trial epoch 9/10 batch 13/66 (20%) running_loss=0.7104
trial epoch 9/10 batch 26/66 (39%) running_loss=0.7091
trial epoch 9/10 batch 39/66 (59%) running_loss=0.7137
trial epoch 9/10 batch 52/66 (79%) running_loss=0.7054
trial epoch 9/10 batch 65/66 (98%) running_loss=0.6909
trial epoch 9/10 batch 66/66 (100%) running_loss=0.6892
trial epoch 9/10 done: train_loss=0.6892 val_macro_auc=0.8274
trial epoch 10/10 batch 13/66 (20%) running_loss=0.6336
trial epoch 10/10 batch 26/66 (39%) running_loss=0.6605
trial epoch 10/10 batch 39/66 (59%) running_loss=0.6853
trial epoch 10/10 batch 52/66 (79%) running_loss=0.7021
trial epoch 10/10 batch 65/66 (98%) running_loss=0.6957
trial epoch 10/10 batch 66/66 (100%) running_loss=0.6962
trial epoch 10/10 done: train_loss=0.6962 val_macro_auc=0.8252
Trial 17/25: finished val_macro_auc=0.8222 (best so far: 0.8620)
Trial 18/25: starting (10 trial epochs)
trial epoch 1/10 batch 13/66 (20%) running_loss=1.0895
trial epoch 1/10 batch 26/66 (39%) running_loss=1.1005
trial epoch 1/10 batch 39/66 (59%) running_loss=1.1022
trial epoch 1/10 batch 52/66 (79%) running_loss=1.0984
trial epoch 1/10 batch 65/66 (98%) running_loss=1.0923
trial epoch 1/10 batch 66/66 (100%) running_loss=1.0916
trial epoch 1/10 done: train_loss=1.0916 val_macro_auc=0.6937
trial epoch 2/10 batch 13/66 (20%) running_loss=1.0408
trial epoch 2/10 batch 26/66 (39%) running_loss=1.0421
trial epoch 2/10 batch 39/66 (59%) running_loss=1.0296
trial epoch 2/10 batch 52/66 (79%) running_loss=1.0298
trial epoch 2/10 batch 65/66 (98%) running_loss=1.0179
trial epoch 2/10 batch 66/66 (100%) running_loss=1.0167
trial epoch 2/10 done: train_loss=1.0167 val_macro_auc=0.7029
trial epoch 3/10 batch 13/66 (20%) running_loss=0.9827
trial epoch 3/10 batch 26/66 (39%) running_loss=0.9667
trial epoch 3/10 batch 39/66 (59%) running_loss=0.9639
trial epoch 3/10 batch 52/66 (79%) running_loss=0.9485
trial epoch 3/10 batch 65/66 (98%) running_loss=0.9309
trial epoch 3/10 batch 66/66 (100%) running_loss=0.9324
trial epoch 3/10 done: train_loss=0.9324 val_macro_auc=0.7944
trial epoch 4/10 batch 13/66 (20%) running_loss=0.8875
trial epoch 4/10 batch 26/66 (39%) running_loss=0.8780
trial epoch 4/10 batch 39/66 (59%) running_loss=0.8785
trial epoch 4/10 batch 52/66 (79%) running_loss=0.8629
trial epoch 4/10 batch 65/66 (98%) running_loss=0.8523
trial epoch 4/10 batch 66/66 (100%) running_loss=0.8529
trial epoch 4/10 done: train_loss=0.8529 val_macro_auc=0.7860
trial epoch 5/10 batch 13/66 (20%) running_loss=0.7235
trial epoch 5/10 batch 26/66 (39%) running_loss=0.8000
trial epoch 5/10 batch 39/66 (59%) running_loss=0.7951
trial epoch 5/10 batch 52/66 (79%) running_loss=0.7915
trial epoch 5/10 batch 65/66 (98%) running_loss=0.8011
trial epoch 5/10 batch 66/66 (100%) running_loss=0.8004
trial epoch 5/10 done: train_loss=0.8004 val_macro_auc=0.8211
trial epoch 6/10 batch 13/66 (20%) running_loss=0.7177
trial epoch 6/10 batch 26/66 (39%) running_loss=0.7544
trial epoch 6/10 batch 39/66 (59%) running_loss=0.7745
trial epoch 6/10 batch 52/66 (79%) running_loss=0.7715
trial epoch 6/10 batch 65/66 (98%) running_loss=0.7693
trial epoch 6/10 batch 66/66 (100%) running_loss=0.7707
trial epoch 6/10 done: train_loss=0.7707 val_macro_auc=0.8159
trial epoch 7/10 batch 13/66 (20%) running_loss=0.7486
trial epoch 7/10 batch 26/66 (39%) running_loss=0.7485
trial epoch 7/10 batch 39/66 (59%) running_loss=0.7241
trial epoch 7/10 batch 52/66 (79%) running_loss=0.7084
trial epoch 7/10 batch 65/66 (98%) running_loss=0.7120
trial epoch 7/10 batch 66/66 (100%) running_loss=0.7121
trial epoch 7/10 done: train_loss=0.7121 val_macro_auc=0.8300
trial epoch 8/10 batch 13/66 (20%) running_loss=0.7417
trial epoch 8/10 batch 26/66 (39%) running_loss=0.7346
trial epoch 8/10 batch 39/66 (59%) running_loss=0.7219
trial epoch 8/10 batch 52/66 (79%) running_loss=0.7178
trial epoch 8/10 batch 65/66 (98%) running_loss=0.7136
trial epoch 8/10 batch 66/66 (100%) running_loss=0.7123
trial epoch 8/10 done: train_loss=0.7123 val_macro_auc=0.8103
trial epoch 9/10 batch 13/66 (20%) running_loss=0.6746
trial epoch 9/10 batch 26/66 (39%) running_loss=0.6798
trial epoch 9/10 batch 39/66 (59%) running_loss=0.6695
trial epoch 9/10 batch 52/66 (79%) running_loss=0.6774
trial epoch 9/10 batch 65/66 (98%) running_loss=0.6804
trial epoch 9/10 batch 66/66 (100%) running_loss=0.6786
trial epoch 9/10 done: train_loss=0.6786 val_macro_auc=0.8245
trial epoch 10/10 batch 13/66 (20%) running_loss=0.6545
trial epoch 10/10 batch 26/66 (39%) running_loss=0.7082
trial epoch 10/10 batch 39/66 (59%) running_loss=0.6825
trial epoch 10/10 batch 52/66 (79%) running_loss=0.6694
trial epoch 10/10 batch 65/66 (98%) running_loss=0.6702
trial epoch 10/10 batch 66/66 (100%) running_loss=0.6684
trial epoch 10/10 done: train_loss=0.6684 val_macro_auc=0.8293
Trial 18/25: finished val_macro_auc=0.8214 (best so far: 0.8620)
Trial 19/25: starting (10 trial epochs)
trial epoch 1/10 batch 13/66 (20%) running_loss=1.1002
trial epoch 1/10 batch 26/66 (39%) running_loss=1.0949
trial epoch 1/10 batch 39/66 (59%) running_loss=1.0833
trial epoch 1/10 batch 52/66 (79%) running_loss=1.0849
trial epoch 1/10 batch 65/66 (98%) running_loss=1.0718
trial epoch 1/10 batch 66/66 (100%) running_loss=1.0731
trial epoch 1/10 done: train_loss=1.0731 val_macro_auc=0.7664
trial epoch 2/10 batch 13/66 (20%) running_loss=0.9671
trial epoch 2/10 batch 26/66 (39%) running_loss=0.9754
trial epoch 2/10 batch 39/66 (59%) running_loss=0.9694
trial epoch 2/10 batch 52/66 (79%) running_loss=0.9665
trial epoch 2/10 batch 65/66 (98%) running_loss=0.9553
trial epoch 2/10 batch 66/66 (100%) running_loss=0.9556
trial epoch 2/10 done: train_loss=0.9556 val_macro_auc=0.7785
trial epoch 3/10 batch 13/66 (20%) running_loss=0.9180
trial epoch 3/10 batch 26/66 (39%) running_loss=0.8830
trial epoch 3/10 batch 39/66 (59%) running_loss=0.8845
trial epoch 3/10 batch 52/66 (79%) running_loss=0.8772
trial epoch 3/10 batch 65/66 (98%) running_loss=0.8829
trial epoch 3/10 batch 66/66 (100%) running_loss=0.8818
trial epoch 3/10 done: train_loss=0.8818 val_macro_auc=0.8145
trial epoch 4/10 batch 13/66 (20%) running_loss=0.8494
trial epoch 4/10 batch 26/66 (39%) running_loss=0.8562
trial epoch 4/10 batch 39/66 (59%) running_loss=0.8275
trial epoch 4/10 batch 52/66 (79%) running_loss=0.8254
trial epoch 4/10 batch 65/66 (98%) running_loss=0.8163
trial epoch 4/10 batch 66/66 (100%) running_loss=0.8172
trial epoch 4/10 done: train_loss=0.8172 val_macro_auc=0.8136
trial epoch 5/10 batch 13/66 (20%) running_loss=0.7689
trial epoch 5/10 batch 26/66 (39%) running_loss=0.7630
trial epoch 5/10 batch 39/66 (59%) running_loss=0.7640
trial epoch 5/10 batch 52/66 (79%) running_loss=0.7631
trial epoch 5/10 batch 65/66 (98%) running_loss=0.7658
trial epoch 5/10 batch 66/66 (100%) running_loss=0.7658
trial epoch 5/10 done: train_loss=0.7658 val_macro_auc=0.8274
trial epoch 6/10 batch 13/66 (20%) running_loss=0.7210
trial epoch 6/10 batch 26/66 (39%) running_loss=0.7200
trial epoch 6/10 batch 39/66 (59%) running_loss=0.7359
trial epoch 6/10 batch 52/66 (79%) running_loss=0.7317
trial epoch 6/10 batch 65/66 (98%) running_loss=0.7242
trial epoch 6/10 batch 66/66 (100%) running_loss=0.7237
trial epoch 6/10 done: train_loss=0.7237 val_macro_auc=0.8388
trial epoch 7/10 batch 13/66 (20%) running_loss=0.6761
trial epoch 7/10 batch 26/66 (39%) running_loss=0.6890
trial epoch 7/10 batch 39/66 (59%) running_loss=0.6913
trial epoch 7/10 batch 52/66 (79%) running_loss=0.6840
trial epoch 7/10 batch 65/66 (98%) running_loss=0.6883
trial epoch 7/10 batch 66/66 (100%) running_loss=0.6916
trial epoch 7/10 done: train_loss=0.6916 val_macro_auc=0.8547
trial epoch 8/10 batch 13/66 (20%) running_loss=0.6559
trial epoch 8/10 batch 26/66 (39%) running_loss=0.6857
trial epoch 8/10 batch 39/66 (59%) running_loss=0.6684
trial epoch 8/10 batch 52/66 (79%) running_loss=0.6544
trial epoch 8/10 batch 65/66 (98%) running_loss=0.6509
trial epoch 8/10 batch 66/66 (100%) running_loss=0.6528
trial epoch 8/10 done: train_loss=0.6528 val_macro_auc=0.8464
trial epoch 9/10 batch 13/66 (20%) running_loss=0.6367
trial epoch 9/10 batch 26/66 (39%) running_loss=0.6287
trial epoch 9/10 batch 39/66 (59%) running_loss=0.6295
trial epoch 9/10 batch 52/66 (79%) running_loss=0.6312
trial epoch 9/10 batch 65/66 (98%) running_loss=0.6330
trial epoch 9/10 batch 66/66 (100%) running_loss=0.6318
trial epoch 9/10 done: train_loss=0.6318 val_macro_auc=0.8503
trial epoch 10/10 batch 13/66 (20%) running_loss=0.6877
trial epoch 10/10 batch 26/66 (39%) running_loss=0.6609
trial epoch 10/10 batch 39/66 (59%) running_loss=0.6453
trial epoch 10/10 batch 52/66 (79%) running_loss=0.6320
trial epoch 10/10 batch 65/66 (98%) running_loss=0.6343
trial epoch 10/10 batch 66/66 (100%) running_loss=0.6339
trial epoch 10/10 done: train_loss=0.6339 val_macro_auc=0.8581
Trial 19/25: finished val_macro_auc=0.8516 (best so far: 0.8620)
Trial 20/25: starting (10 trial epochs)
trial epoch 1/10 batch 13/66 (20%) running_loss=1.1127
trial epoch 1/10 batch 26/66 (39%) running_loss=1.0913
trial epoch 1/10 batch 39/66 (59%) running_loss=1.0777
trial epoch 1/10 batch 52/66 (79%) running_loss=1.0588
trial epoch 1/10 batch 65/66 (98%) running_loss=1.0463
trial epoch 1/10 batch 66/66 (100%) running_loss=1.0482
trial epoch 1/10 done: train_loss=1.0482 val_macro_auc=0.7710
trial epoch 2/10 batch 13/66 (20%) running_loss=0.8540
trial epoch 2/10 batch 26/66 (39%) running_loss=0.9015
trial epoch 2/10 batch 39/66 (59%) running_loss=0.9141
trial epoch 2/10 batch 52/66 (79%) running_loss=0.9160
trial epoch 2/10 batch 65/66 (98%) running_loss=0.9052
trial epoch 2/10 batch 66/66 (100%) running_loss=0.9060
trial epoch 2/10 done: train_loss=0.9060 val_macro_auc=0.7856
trial epoch 3/10 batch 13/66 (20%) running_loss=0.9048
trial epoch 3/10 batch 26/66 (39%) running_loss=0.8884
trial epoch 3/10 batch 39/66 (59%) running_loss=0.8754
trial epoch 3/10 batch 52/66 (79%) running_loss=0.8682
trial epoch 3/10 batch 65/66 (98%) running_loss=0.8595
trial epoch 3/10 batch 66/66 (100%) running_loss=0.8579
trial epoch 3/10 done: train_loss=0.8579 val_macro_auc=0.7971
trial epoch 4/10 batch 13/66 (20%) running_loss=0.8159
trial epoch 4/10 batch 26/66 (39%) running_loss=0.8225
trial epoch 4/10 batch 39/66 (59%) running_loss=0.7983
trial epoch 4/10 batch 52/66 (79%) running_loss=0.7840
trial epoch 4/10 batch 65/66 (98%) running_loss=0.7790
trial epoch 4/10 batch 66/66 (100%) running_loss=0.7800
trial epoch 4/10 done: train_loss=0.7800 val_macro_auc=0.8285
trial epoch 5/10 batch 13/66 (20%) running_loss=0.8175
trial epoch 5/10 batch 26/66 (39%) running_loss=0.7893
trial epoch 5/10 batch 39/66 (59%) running_loss=0.7897
trial epoch 5/10 batch 52/66 (79%) running_loss=0.7831
trial epoch 5/10 batch 65/66 (98%) running_loss=0.7831
trial epoch 5/10 batch 66/66 (100%) running_loss=0.7806
trial epoch 5/10 done: train_loss=0.7806 val_macro_auc=0.8333
trial epoch 6/10 batch 13/66 (20%) running_loss=0.7887
trial epoch 6/10 batch 26/66 (39%) running_loss=0.7372
trial epoch 6/10 batch 39/66 (59%) running_loss=0.7318
trial epoch 6/10 batch 52/66 (79%) running_loss=0.7309
trial epoch 6/10 batch 65/66 (98%) running_loss=0.7236
trial epoch 6/10 batch 66/66 (100%) running_loss=0.7228
trial epoch 6/10 done: train_loss=0.7228 val_macro_auc=0.8304
trial epoch 7/10 batch 13/66 (20%) running_loss=0.6990
trial epoch 7/10 batch 26/66 (39%) running_loss=0.6960
trial epoch 7/10 batch 39/66 (59%) running_loss=0.6690
trial epoch 7/10 batch 52/66 (79%) running_loss=0.6765
trial epoch 7/10 batch 65/66 (98%) running_loss=0.6917
trial epoch 7/10 batch 66/66 (100%) running_loss=0.6913
trial epoch 7/10 done: train_loss=0.6913 val_macro_auc=0.8648
trial epoch 8/10 batch 13/66 (20%) running_loss=0.6853
trial epoch 8/10 batch 26/66 (39%) running_loss=0.6724
trial epoch 8/10 batch 39/66 (59%) running_loss=0.6522
trial epoch 8/10 batch 52/66 (79%) running_loss=0.6788
trial epoch 8/10 batch 65/66 (98%) running_loss=0.6721
trial epoch 8/10 batch 66/66 (100%) running_loss=0.6716
trial epoch 8/10 done: train_loss=0.6716 val_macro_auc=0.8547
trial epoch 9/10 batch 13/66 (20%) running_loss=0.6244
trial epoch 9/10 batch 26/66 (39%) running_loss=0.6511
trial epoch 9/10 batch 39/66 (59%) running_loss=0.6504
trial epoch 9/10 batch 52/66 (79%) running_loss=0.6475
trial epoch 9/10 batch 65/66 (98%) running_loss=0.6466
trial epoch 9/10 batch 66/66 (100%) running_loss=0.6473
trial epoch 9/10 done: train_loss=0.6473 val_macro_auc=0.8479
trial epoch 10/10 batch 13/66 (20%) running_loss=0.6351
trial epoch 10/10 batch 26/66 (39%) running_loss=0.6452
trial epoch 10/10 batch 39/66 (59%) running_loss=0.6396
trial epoch 10/10 batch 52/66 (79%) running_loss=0.6395
trial epoch 10/10 batch 65/66 (98%) running_loss=0.6373
trial epoch 10/10 batch 66/66 (100%) running_loss=0.6374
trial epoch 10/10 done: train_loss=0.6374 val_macro_auc=0.8483
Trial 20/25: finished val_macro_auc=0.8503 (best so far: 0.8620)
     4 |       20 | -8.522822E-01 | -8.620100E-01
Trial 21/25: starting (10 trial epochs)
trial epoch 1/10 batch 13/66 (20%) running_loss=1.1116
trial epoch 1/10 batch 26/66 (39%) running_loss=1.0939
trial epoch 1/10 batch 39/66 (59%) running_loss=1.0890
trial epoch 1/10 batch 52/66 (79%) running_loss=1.0879
trial epoch 1/10 batch 65/66 (98%) running_loss=1.0877
trial epoch 1/10 batch 66/66 (100%) running_loss=1.0869
trial epoch 1/10 done: train_loss=1.0869 val_macro_auc=0.7721
trial epoch 2/10 batch 13/66 (20%) running_loss=1.0842
trial epoch 2/10 batch 26/66 (39%) running_loss=1.0538
trial epoch 2/10 batch 39/66 (59%) running_loss=1.0355
trial epoch 2/10 batch 52/66 (79%) running_loss=1.0270
trial epoch 2/10 batch 65/66 (98%) running_loss=1.0181
trial epoch 2/10 batch 66/66 (100%) running_loss=1.0183
trial epoch 2/10 done: train_loss=1.0183 val_macro_auc=0.7695
trial epoch 3/10 batch 13/66 (20%) running_loss=0.9893
trial epoch 3/10 batch 26/66 (39%) running_loss=0.9784
trial epoch 3/10 batch 39/66 (59%) running_loss=0.9624
trial epoch 3/10 batch 52/66 (79%) running_loss=0.9525
trial epoch 3/10 batch 65/66 (98%) running_loss=0.9421
trial epoch 3/10 batch 66/66 (100%) running_loss=0.9413
trial epoch 3/10 done: train_loss=0.9413 val_macro_auc=0.7820
trial epoch 4/10 batch 13/66 (20%) running_loss=0.8993
trial epoch 4/10 batch 26/66 (39%) running_loss=0.8651
trial epoch 4/10 batch 39/66 (59%) running_loss=0.8661
trial epoch 4/10 batch 52/66 (79%) running_loss=0.8679
trial epoch 4/10 batch 65/66 (98%) running_loss=0.8670
trial epoch 4/10 batch 66/66 (100%) running_loss=0.8659
trial epoch 4/10 done: train_loss=0.8659 val_macro_auc=0.7969
trial epoch 5/10 batch 13/66 (20%) running_loss=0.8868
trial epoch 5/10 batch 26/66 (39%) running_loss=0.8536
trial epoch 5/10 batch 39/66 (59%) running_loss=0.8376
trial epoch 5/10 batch 52/66 (79%) running_loss=0.8278
trial epoch 5/10 batch 65/66 (98%) running_loss=0.8272
trial epoch 5/10 batch 66/66 (100%) running_loss=0.8290
trial epoch 5/10 done: train_loss=0.8290 val_macro_auc=0.8023
trial epoch 6/10 batch 13/66 (20%) running_loss=0.8645
trial epoch 6/10 batch 26/66 (39%) running_loss=0.8357
trial epoch 6/10 batch 39/66 (59%) running_loss=0.8327
trial epoch 6/10 batch 52/66 (79%) running_loss=0.8199
trial epoch 6/10 batch 65/66 (98%) running_loss=0.8010
trial epoch 6/10 batch 66/66 (100%) running_loss=0.8008
trial epoch 6/10 done: train_loss=0.8008 val_macro_auc=0.7929
trial epoch 7/10 batch 13/66 (20%) running_loss=0.7579
trial epoch 7/10 batch 26/66 (39%) running_loss=0.7459
trial epoch 7/10 batch 39/66 (59%) running_loss=0.7623
trial epoch 7/10 batch 52/66 (79%) running_loss=0.7681
trial epoch 7/10 batch 65/66 (98%) running_loss=0.7586
trial epoch 7/10 batch 66/66 (100%) running_loss=0.7576
trial epoch 7/10 done: train_loss=0.7576 val_macro_auc=0.8205
trial epoch 8/10 batch 13/66 (20%) running_loss=0.7709
trial epoch 8/10 batch 26/66 (39%) running_loss=0.7433
trial epoch 8/10 batch 39/66 (59%) running_loss=0.7439
trial epoch 8/10 batch 52/66 (79%) running_loss=0.7354
trial epoch 8/10 batch 65/66 (98%) running_loss=0.7250
trial epoch 8/10 batch 66/66 (100%) running_loss=0.7250
trial epoch 8/10 done: train_loss=0.7250 val_macro_auc=0.8240
trial epoch 9/10 batch 13/66 (20%) running_loss=0.7560
trial epoch 9/10 batch 26/66 (39%) running_loss=0.7427
trial epoch 9/10 batch 39/66 (59%) running_loss=0.7378
trial epoch 9/10 batch 52/66 (79%) running_loss=0.7401
trial epoch 9/10 batch 65/66 (98%) running_loss=0.7264
trial epoch 9/10 batch 66/66 (100%) running_loss=0.7261
trial epoch 9/10 done: train_loss=0.7261 val_macro_auc=0.8273
trial epoch 10/10 batch 13/66 (20%) running_loss=0.6602
trial epoch 10/10 batch 26/66 (39%) running_loss=0.6752
trial epoch 10/10 batch 39/66 (59%) running_loss=0.6856
trial epoch 10/10 batch 52/66 (79%) running_loss=0.6880
trial epoch 10/10 batch 65/66 (98%) running_loss=0.6872
trial epoch 10/10 batch 66/66 (100%) running_loss=0.6872
trial epoch 10/10 done: train_loss=0.6872 val_macro_auc=0.8314
Trial 21/25: finished val_macro_auc=0.8275 (best so far: 0.8620)
Trial 22/25: starting (10 trial epochs)
trial epoch 1/10 batch 13/66 (20%) running_loss=1.0897
trial epoch 1/10 batch 26/66 (39%) running_loss=1.0874
trial epoch 1/10 batch 39/66 (59%) running_loss=1.0842
trial epoch 1/10 batch 52/66 (79%) running_loss=1.0917
trial epoch 1/10 batch 65/66 (98%) running_loss=1.0978
trial epoch 1/10 batch 66/66 (100%) running_loss=1.0985
trial epoch 1/10 done: train_loss=1.0985 val_macro_auc=0.6566
trial epoch 2/10 batch 13/66 (20%) running_loss=1.0447
trial epoch 2/10 batch 26/66 (39%) running_loss=1.0420
trial epoch 2/10 batch 39/66 (59%) running_loss=1.0383
trial epoch 2/10 batch 52/66 (79%) running_loss=1.0363
trial epoch 2/10 batch 65/66 (98%) running_loss=1.0381
trial epoch 2/10 batch 66/66 (100%) running_loss=1.0377
trial epoch 2/10 done: train_loss=1.0377 val_macro_auc=0.7375
trial epoch 3/10 batch 13/66 (20%) running_loss=1.0083
trial epoch 3/10 batch 26/66 (39%) running_loss=1.0006
trial epoch 3/10 batch 39/66 (59%) running_loss=0.9917
trial epoch 3/10 batch 52/66 (79%) running_loss=0.9767
trial epoch 3/10 batch 65/66 (98%) running_loss=0.9805
trial epoch 3/10 batch 66/66 (100%) running_loss=0.9803
trial epoch 3/10 done: train_loss=0.9803 val_macro_auc=0.7945
trial epoch 4/10 batch 13/66 (20%) running_loss=0.9169
trial epoch 4/10 batch 26/66 (39%) running_loss=0.9410
trial epoch 4/10 batch 39/66 (59%) running_loss=0.9250
trial epoch 4/10 batch 52/66 (79%) running_loss=0.9187
trial epoch 4/10 batch 65/66 (98%) running_loss=0.9116
trial epoch 4/10 batch 66/66 (100%) running_loss=0.9093
trial epoch 4/10 done: train_loss=0.9093 val_macro_auc=0.7740
trial epoch 5/10 batch 13/66 (20%) running_loss=0.8948
trial epoch 5/10 batch 26/66 (39%) running_loss=0.8730
trial epoch 5/10 batch 39/66 (59%) running_loss=0.8699
trial epoch 5/10 batch 52/66 (79%) running_loss=0.8703
trial epoch 5/10 batch 65/66 (98%) running_loss=0.8580
trial epoch 5/10 batch 66/66 (100%) running_loss=0.8568
trial epoch 5/10 done: train_loss=0.8568 val_macro_auc=0.7902
trial epoch 6/10 batch 13/66 (20%) running_loss=0.8224
trial epoch 6/10 batch 26/66 (39%) running_loss=0.8375
trial epoch 6/10 batch 39/66 (59%) running_loss=0.8264
trial epoch 6/10 batch 52/66 (79%) running_loss=0.8250
trial epoch 6/10 batch 65/66 (98%) running_loss=0.8284
trial epoch 6/10 batch 66/66 (100%) running_loss=0.8267
trial epoch 6/10 done: train_loss=0.8267 val_macro_auc=0.8107
trial epoch 7/10 batch 13/66 (20%) running_loss=0.8102
trial epoch 7/10 batch 26/66 (39%) running_loss=0.8079
trial epoch 7/10 batch 39/66 (59%) running_loss=0.7978
trial epoch 7/10 batch 52/66 (79%) running_loss=0.7850
trial epoch 7/10 batch 65/66 (98%) running_loss=0.7790
trial epoch 7/10 batch 66/66 (100%) running_loss=0.7774
trial epoch 7/10 done: train_loss=0.7774 val_macro_auc=0.8109
trial epoch 8/10 batch 13/66 (20%) running_loss=0.7539
trial epoch 8/10 batch 26/66 (39%) running_loss=0.7514
trial epoch 8/10 batch 39/66 (59%) running_loss=0.7369
trial epoch 8/10 batch 52/66 (79%) running_loss=0.7282
trial epoch 8/10 batch 65/66 (98%) running_loss=0.7350
trial epoch 8/10 batch 66/66 (100%) running_loss=0.7341
trial epoch 8/10 done: train_loss=0.7341 val_macro_auc=0.8340
trial epoch 9/10 batch 13/66 (20%) running_loss=0.6917
trial epoch 9/10 batch 26/66 (39%) running_loss=0.7028
trial epoch 9/10 batch 39/66 (59%) running_loss=0.7224
trial epoch 9/10 batch 52/66 (79%) running_loss=0.7284
trial epoch 9/10 batch 65/66 (98%) running_loss=0.7188
trial epoch 9/10 batch 66/66 (100%) running_loss=0.7178
trial epoch 9/10 done: train_loss=0.7178 val_macro_auc=0.8328
trial epoch 10/10 batch 13/66 (20%) running_loss=0.6811
trial epoch 10/10 batch 26/66 (39%) running_loss=0.7052
trial epoch 10/10 batch 39/66 (59%) running_loss=0.6957
trial epoch 10/10 batch 52/66 (79%) running_loss=0.7024
trial epoch 10/10 batch 65/66 (98%) running_loss=0.7079
trial epoch 10/10 batch 66/66 (100%) running_loss=0.7079
trial epoch 10/10 done: train_loss=0.7079 val_macro_auc=0.8336
Trial 22/25: finished val_macro_auc=0.8335 (best so far: 0.8620)
Trial 23/25: starting (10 trial epochs)
trial epoch 1/10 batch 13/66 (20%) running_loss=1.1087
trial epoch 1/10 batch 26/66 (39%) running_loss=1.0997
trial epoch 1/10 batch 39/66 (59%) running_loss=1.1034
trial epoch 1/10 batch 52/66 (79%) running_loss=1.1092
trial epoch 1/10 batch 65/66 (98%) running_loss=1.0993
trial epoch 1/10 batch 66/66 (100%) running_loss=1.0990
trial epoch 1/10 done: train_loss=1.0990 val_macro_auc=0.5590
trial epoch 2/10 batch 13/66 (20%) running_loss=1.0856
trial epoch 2/10 batch 26/66 (39%) running_loss=1.0609
trial epoch 2/10 batch 39/66 (59%) running_loss=1.0458
trial epoch 2/10 batch 52/66 (79%) running_loss=1.0370
trial epoch 2/10 batch 65/66 (98%) running_loss=1.0179
trial epoch 2/10 batch 66/66 (100%) running_loss=1.0163
trial epoch 2/10 done: train_loss=1.0163 val_macro_auc=0.6724
trial epoch 3/10 batch 13/66 (20%) running_loss=0.9365
trial epoch 3/10 batch 26/66 (39%) running_loss=0.9210
trial epoch 3/10 batch 39/66 (59%) running_loss=0.9363
trial epoch 3/10 batch 52/66 (79%) running_loss=0.9364
trial epoch 3/10 batch 65/66 (98%) running_loss=0.9369
trial epoch 3/10 batch 66/66 (100%) running_loss=0.9342
trial epoch 3/10 done: train_loss=0.9342 val_macro_auc=0.7199
trial epoch 4/10 batch 13/66 (20%) running_loss=0.8858
trial epoch 4/10 batch 26/66 (39%) running_loss=0.9224
trial epoch 4/10 batch 39/66 (59%) running_loss=0.9143
trial epoch 4/10 batch 52/66 (79%) running_loss=0.8998
trial epoch 4/10 batch 65/66 (98%) running_loss=0.8887
trial epoch 4/10 batch 66/66 (100%) running_loss=0.8908
trial epoch 4/10 done: train_loss=0.8908 val_macro_auc=0.7394
trial epoch 5/10 batch 13/66 (20%) running_loss=0.8591
trial epoch 5/10 batch 26/66 (39%) running_loss=0.8475
trial epoch 5/10 batch 39/66 (59%) running_loss=0.8444
trial epoch 5/10 batch 52/66 (79%) running_loss=0.8491
trial epoch 5/10 batch 65/66 (98%) running_loss=0.8441
trial epoch 5/10 batch 66/66 (100%) running_loss=0.8450
trial epoch 5/10 done: train_loss=0.8450 val_macro_auc=0.7945
trial epoch 6/10 batch 13/66 (20%) running_loss=0.8384
trial epoch 6/10 batch 26/66 (39%) running_loss=0.8169
trial epoch 6/10 batch 39/66 (59%) running_loss=0.8087
trial epoch 6/10 batch 52/66 (79%) running_loss=0.8035
trial epoch 6/10 batch 65/66 (98%) running_loss=0.8206
trial epoch 6/10 batch 66/66 (100%) running_loss=0.8243
trial epoch 6/10 done: train_loss=0.8243 val_macro_auc=0.7532
trial epoch 7/10 batch 13/66 (20%) running_loss=0.7600
trial epoch 7/10 batch 26/66 (39%) running_loss=0.7731
trial epoch 7/10 batch 39/66 (59%) running_loss=0.7718
trial epoch 7/10 batch 52/66 (79%) running_loss=0.7861
trial epoch 7/10 batch 65/66 (98%) running_loss=0.7863
trial epoch 7/10 batch 66/66 (100%) running_loss=0.7844
trial epoch 7/10 done: train_loss=0.7844 val_macro_auc=0.7553
trial epoch 8/10 batch 13/66 (20%) running_loss=0.8248
trial epoch 8/10 batch 26/66 (39%) running_loss=0.7935
trial epoch 8/10 batch 39/66 (59%) running_loss=0.7991
trial epoch 8/10 batch 52/66 (79%) running_loss=0.7937
trial epoch 8/10 batch 65/66 (98%) running_loss=0.7743
trial epoch 8/10 batch 66/66 (100%) running_loss=0.7778
trial epoch 8/10 done: train_loss=0.7778 val_macro_auc=0.7743
trial epoch 9/10 batch 13/66 (20%) running_loss=0.7124
trial epoch 9/10 batch 26/66 (39%) running_loss=0.7355
trial epoch 9/10 batch 39/66 (59%) running_loss=0.7281
trial epoch 9/10 batch 52/66 (79%) running_loss=0.7310
trial epoch 9/10 batch 65/66 (98%) running_loss=0.7377
trial epoch 9/10 batch 66/66 (100%) running_loss=0.7389
trial epoch 9/10 done: train_loss=0.7389 val_macro_auc=0.7515
trial epoch 10/10 batch 13/66 (20%) running_loss=0.7386
trial epoch 10/10 batch 26/66 (39%) running_loss=0.7345
trial epoch 10/10 batch 39/66 (59%) running_loss=0.7345
trial epoch 10/10 batch 52/66 (79%) running_loss=0.7304
trial epoch 10/10 batch 65/66 (98%) running_loss=0.7397
trial epoch 10/10 batch 66/66 (100%) running_loss=0.7371
trial epoch 10/10 done: train_loss=0.7371 val_macro_auc=0.7497
Trial 23/25: finished val_macro_auc=0.7585 (best so far: 0.8620)
Trial 24/25: starting (10 trial epochs)
trial epoch 1/10 batch 13/66 (20%) running_loss=1.0973
trial epoch 1/10 batch 26/66 (39%) running_loss=1.1020
trial epoch 1/10 batch 39/66 (59%) running_loss=1.0956
trial epoch 1/10 batch 52/66 (79%) running_loss=1.0858
trial epoch 1/10 batch 65/66 (98%) running_loss=1.0756
trial epoch 1/10 batch 66/66 (100%) running_loss=1.0739
trial epoch 1/10 done: train_loss=1.0739 val_macro_auc=0.7276
trial epoch 2/10 batch 13/66 (20%) running_loss=1.0354
trial epoch 2/10 batch 26/66 (39%) running_loss=1.0365
trial epoch 2/10 batch 39/66 (59%) running_loss=1.0312
trial epoch 2/10 batch 52/66 (79%) running_loss=1.0109
trial epoch 2/10 batch 65/66 (98%) running_loss=1.0052
trial epoch 2/10 batch 66/66 (100%) running_loss=1.0046
trial epoch 2/10 done: train_loss=1.0046 val_macro_auc=0.7939
trial epoch 3/10 batch 13/66 (20%) running_loss=0.9468
trial epoch 3/10 batch 26/66 (39%) running_loss=0.9229
trial epoch 3/10 batch 39/66 (59%) running_loss=0.9320
trial epoch 3/10 batch 52/66 (79%) running_loss=0.9084
trial epoch 3/10 batch 65/66 (98%) running_loss=0.9024
trial epoch 3/10 batch 66/66 (100%) running_loss=0.9055
trial epoch 3/10 done: train_loss=0.9055 val_macro_auc=0.8274
trial epoch 4/10 batch 13/66 (20%) running_loss=0.8378
trial epoch 4/10 batch 26/66 (39%) running_loss=0.8297
trial epoch 4/10 batch 39/66 (59%) running_loss=0.8193
trial epoch 4/10 batch 52/66 (79%) running_loss=0.8263
trial epoch 4/10 batch 65/66 (98%) running_loss=0.8277
trial epoch 4/10 batch 66/66 (100%) running_loss=0.8283
trial epoch 4/10 done: train_loss=0.8283 val_macro_auc=0.8329
trial epoch 5/10 batch 13/66 (20%) running_loss=0.7472
trial epoch 5/10 batch 26/66 (39%) running_loss=0.7741
trial epoch 5/10 batch 39/66 (59%) running_loss=0.7860
trial epoch 5/10 batch 52/66 (79%) running_loss=0.7847
trial epoch 5/10 batch 65/66 (98%) running_loss=0.7718
trial epoch 5/10 batch 66/66 (100%) running_loss=0.7730
trial epoch 5/10 done: train_loss=0.7730 val_macro_auc=0.8246
trial epoch 6/10 batch 13/66 (20%) running_loss=0.7569
trial epoch 6/10 batch 26/66 (39%) running_loss=0.7596
trial epoch 6/10 batch 39/66 (59%) running_loss=0.7510
trial epoch 6/10 batch 52/66 (79%) running_loss=0.7533
trial epoch 6/10 batch 65/66 (98%) running_loss=0.7448
trial epoch 6/10 batch 66/66 (100%) running_loss=0.7445
trial epoch 6/10 done: train_loss=0.7445 val_macro_auc=0.8240
trial epoch 7/10 batch 13/66 (20%) running_loss=0.6680
trial epoch 7/10 batch 26/66 (39%) running_loss=0.6952
trial epoch 7/10 batch 39/66 (59%) running_loss=0.6859
trial epoch 7/10 batch 52/66 (79%) running_loss=0.6874
trial epoch 7/10 batch 65/66 (98%) running_loss=0.7067
trial epoch 7/10 batch 66/66 (100%) running_loss=0.7077
trial epoch 7/10 done: train_loss=0.7077 val_macro_auc=0.8600
trial epoch 8/10 batch 13/66 (20%) running_loss=0.6953
trial epoch 8/10 batch 26/66 (39%) running_loss=0.6906
trial epoch 8/10 batch 39/66 (59%) running_loss=0.6916
trial epoch 8/10 batch 52/66 (79%) running_loss=0.6818
trial epoch 8/10 batch 65/66 (98%) running_loss=0.6723
trial epoch 8/10 batch 66/66 (100%) running_loss=0.6732
trial epoch 8/10 done: train_loss=0.6732 val_macro_auc=0.8466
trial epoch 9/10 batch 13/66 (20%) running_loss=0.6680
trial epoch 9/10 batch 26/66 (39%) running_loss=0.6849
trial epoch 9/10 batch 39/66 (59%) running_loss=0.6653
trial epoch 9/10 batch 52/66 (79%) running_loss=0.6689
trial epoch 9/10 batch 65/66 (98%) running_loss=0.6656
trial epoch 9/10 batch 66/66 (100%) running_loss=0.6655
trial epoch 9/10 done: train_loss=0.6655 val_macro_auc=0.8502
trial epoch 10/10 batch 13/66 (20%) running_loss=0.6682
trial epoch 10/10 batch 26/66 (39%) running_loss=0.6512
trial epoch 10/10 batch 39/66 (59%) running_loss=0.6547
trial epoch 10/10 batch 52/66 (79%) running_loss=0.6374
trial epoch 10/10 batch 65/66 (98%) running_loss=0.6439
trial epoch 10/10 batch 66/66 (100%) running_loss=0.6434
trial epoch 10/10 done: train_loss=0.6434 val_macro_auc=0.8452
Trial 24/25: finished val_macro_auc=0.8473 (best so far: 0.8620)
Trial 25/25: starting (10 trial epochs)
trial epoch 1/10 batch 13/66 (20%) running_loss=1.1818
trial epoch 1/10 batch 26/66 (39%) running_loss=1.1358
trial epoch 1/10 batch 39/66 (59%) running_loss=1.1205
trial epoch 1/10 batch 52/66 (79%) running_loss=1.1125
trial epoch 1/10 batch 65/66 (98%) running_loss=1.1046
trial epoch 1/10 batch 66/66 (100%) running_loss=1.1046
trial epoch 1/10 done: train_loss=1.1046 val_macro_auc=0.6241
trial epoch 2/10 batch 13/66 (20%) running_loss=1.0575
trial epoch 2/10 batch 26/66 (39%) running_loss=1.0425
trial epoch 2/10 batch 39/66 (59%) running_loss=1.0324
trial epoch 2/10 batch 52/66 (79%) running_loss=1.0193
trial epoch 2/10 batch 65/66 (98%) running_loss=1.0164
trial epoch 2/10 batch 66/66 (100%) running_loss=1.0155
trial epoch 2/10 done: train_loss=1.0155 val_macro_auc=0.7482
trial epoch 3/10 batch 13/66 (20%) running_loss=0.9598
trial epoch 3/10 batch 26/66 (39%) running_loss=0.9509
trial epoch 3/10 batch 39/66 (59%) running_loss=0.9360
trial epoch 3/10 batch 52/66 (79%) running_loss=0.9110
trial epoch 3/10 batch 65/66 (98%) running_loss=0.8979
trial epoch 3/10 batch 66/66 (100%) running_loss=0.9000
trial epoch 3/10 done: train_loss=0.9000 val_macro_auc=0.7788
trial epoch 4/10 batch 13/66 (20%) running_loss=0.8197
trial epoch 4/10 batch 26/66 (39%) running_loss=0.8412
trial epoch 4/10 batch 39/66 (59%) running_loss=0.8583
trial epoch 4/10 batch 52/66 (79%) running_loss=0.8525
trial epoch 4/10 batch 65/66 (98%) running_loss=0.8545
trial epoch 4/10 batch 66/66 (100%) running_loss=0.8543
trial epoch 4/10 done: train_loss=0.8543 val_macro_auc=0.7923
trial epoch 5/10 batch 13/66 (20%) running_loss=0.7897
trial epoch 5/10 batch 26/66 (39%) running_loss=0.8064
trial epoch 5/10 batch 39/66 (59%) running_loss=0.8032
trial epoch 5/10 batch 52/66 (79%) running_loss=0.7881
trial epoch 5/10 batch 65/66 (98%) running_loss=0.7855
trial epoch 5/10 batch 66/66 (100%) running_loss=0.7866
trial epoch 5/10 done: train_loss=0.7866 val_macro_auc=0.8082
trial epoch 6/10 batch 13/66 (20%) running_loss=0.7832
trial epoch 6/10 batch 26/66 (39%) running_loss=0.7499
trial epoch 6/10 batch 39/66 (59%) running_loss=0.7392
trial epoch 6/10 batch 52/66 (79%) running_loss=0.7263
trial epoch 6/10 batch 65/66 (98%) running_loss=0.7294
trial epoch 6/10 batch 66/66 (100%) running_loss=0.7308
trial epoch 6/10 done: train_loss=0.7308 val_macro_auc=0.8068
trial epoch 7/10 batch 13/66 (20%) running_loss=0.7235
trial epoch 7/10 batch 26/66 (39%) running_loss=0.7240
trial epoch 7/10 batch 39/66 (59%) running_loss=0.7342
trial epoch 7/10 batch 52/66 (79%) running_loss=0.7435
trial epoch 7/10 batch 65/66 (98%) running_loss=0.7405
trial epoch 7/10 batch 66/66 (100%) running_loss=0.7417
trial epoch 7/10 done: train_loss=0.7417 val_macro_auc=0.8233
trial epoch 8/10 batch 13/66 (20%) running_loss=0.6717
trial epoch 8/10 batch 26/66 (39%) running_loss=0.7110
trial epoch 8/10 batch 39/66 (59%) running_loss=0.7119
trial epoch 8/10 batch 52/66 (79%) running_loss=0.7078
trial epoch 8/10 batch 65/66 (98%) running_loss=0.7034
trial epoch 8/10 batch 66/66 (100%) running_loss=0.7025
trial epoch 8/10 done: train_loss=0.7025 val_macro_auc=0.8336
trial epoch 9/10 batch 13/66 (20%) running_loss=0.6425
trial epoch 9/10 batch 26/66 (39%) running_loss=0.6961
trial epoch 9/10 batch 39/66 (59%) running_loss=0.6993
trial epoch 9/10 batch 52/66 (79%) running_loss=0.6932
trial epoch 9/10 batch 65/66 (98%) running_loss=0.6875
trial epoch 9/10 batch 66/66 (100%) running_loss=0.6867
trial epoch 9/10 done: train_loss=0.6867 val_macro_auc=0.8299
trial epoch 10/10 batch 13/66 (20%) running_loss=0.6684
trial epoch 10/10 batch 26/66 (39%) running_loss=0.6718
trial epoch 10/10 batch 39/66 (59%) running_loss=0.6611
trial epoch 10/10 batch 52/66 (79%) running_loss=0.6669
trial epoch 10/10 batch 65/66 (98%) running_loss=0.6686
trial epoch 10/10 batch 66/66 (100%) running_loss=0.6691
trial epoch 10/10 done: train_loss=0.6691 val_macro_auc=0.8375
Trial 25/25: finished val_macro_auc=0.8337 (best so far: 0.8620)
     5 |       25 | -8.522822E-01 | -8.620100E-01
Augmentation search finished: 25 trials evaluated
Selected policy val_macro_auc=0.8620
Selected policy val_macro_auc=0.8620

======================================================================
STAGE 3/3: final training
======================================================================
Starting final training on device=cuda, amp=True, physical_batch_size=32, accumulation_steps=1, effective_batch_size=32
Augmentation policy: from outputs/figshare_run1/augmentation_run/selected_policy.json
Classes: {'glioma_tumor': 0, 'meningioma_tumor': 1, 'pituitary_tumor': 2}
Regularization: weight_decay=7.0e-04 classifier_dropout=0.30 label_smoothing=0.10 drop_path=0.20
train epoch 1/250 batch 13/66 (20%) running_loss=1.1064
train epoch 1/250 batch 26/66 (39%) running_loss=1.1231
train epoch 1/250 batch 39/66 (59%) running_loss=1.1188
train epoch 1/250 batch 52/66 (79%) running_loss=1.1042
train epoch 1/250 batch 65/66 (98%) running_loss=1.0990
train epoch 1/250 batch 66/66 (100%) running_loss=1.0995
epoch 1/250 done: train_loss=1.0995 val_loss=1.0150 val_accuracy=0.5061 val_macro_f1=0.2240 val_macro_auc=0.7250 (checkpoint_metric=macro_auc) [new best]
train epoch 2/250 batch 13/66 (20%) running_loss=1.1079
train epoch 2/250 batch 26/66 (39%) running_loss=1.0972
train epoch 2/250 batch 39/66 (59%) running_loss=1.0813
train epoch 2/250 batch 52/66 (79%) running_loss=1.0712
train epoch 2/250 batch 65/66 (98%) running_loss=1.0574
train epoch 2/250 batch 66/66 (100%) running_loss=1.0580
epoch 2/250 done: train_loss=1.0580 val_loss=1.0714 val_accuracy=0.4467 val_macro_f1=0.2937 val_macro_auc=0.7373 (checkpoint_metric=macro_auc) [new best]
train epoch 3/250 batch 13/66 (20%) running_loss=1.0712
train epoch 3/250 batch 26/66 (39%) running_loss=1.0387
train epoch 3/250 batch 39/66 (59%) running_loss=1.0307
train epoch 3/250 batch 52/66 (79%) running_loss=1.0090
train epoch 3/250 batch 65/66 (98%) running_loss=0.9958
train epoch 3/250 batch 66/66 (100%) running_loss=0.9938
epoch 3/250 done: train_loss=0.9938 val_loss=1.3489 val_accuracy=0.4221 val_macro_f1=0.2676 val_macro_auc=0.7890 (checkpoint_metric=macro_auc) [new best]
train epoch 4/250 batch 13/66 (20%) running_loss=0.9687
train epoch 4/250 batch 26/66 (39%) running_loss=0.9413
train epoch 4/250 batch 39/66 (59%) running_loss=0.9377
train epoch 4/250 batch 52/66 (79%) running_loss=0.9348
train epoch 4/250 batch 65/66 (98%) running_loss=0.9341
train epoch 4/250 batch 66/66 (100%) running_loss=0.9335
epoch 4/250 done: train_loss=0.9335 val_loss=1.0368 val_accuracy=0.6045 val_macro_f1=0.4328 val_macro_auc=0.7683 (checkpoint_metric=macro_auc) [new best]
train epoch 5/250 batch 13/66 (20%) running_loss=0.9245
train epoch 5/250 batch 26/66 (39%) running_loss=0.9216
train epoch 5/250 batch 39/66 (59%) running_loss=0.9003
train epoch 5/250 batch 52/66 (79%) running_loss=0.8943
train epoch 5/250 batch 65/66 (98%) running_loss=0.8971
train epoch 5/250 batch 66/66 (100%) running_loss=0.8963
epoch 5/250 done: train_loss=0.8963 val_loss=0.8518 val_accuracy=0.6311 val_macro_f1=0.4527 val_macro_auc=0.8108 (checkpoint_metric=macro_auc) [new best]
train epoch 6/250 batch 13/66 (20%) running_loss=0.9072
train epoch 6/250 batch 26/66 (39%) running_loss=0.8973
train epoch 6/250 batch 39/66 (59%) running_loss=0.8797
train epoch 6/250 batch 52/66 (79%) running_loss=0.8754
train epoch 6/250 batch 65/66 (98%) running_loss=0.8700
train epoch 6/250 batch 66/66 (100%) running_loss=0.8731
epoch 6/250 done: train_loss=0.8731 val_loss=0.7112 val_accuracy=0.6803 val_macro_f1=0.4886 val_macro_auc=0.8019 (checkpoint_metric=macro_auc) [new best]
train epoch 7/250 batch 13/66 (20%) running_loss=0.8547
train epoch 7/250 batch 26/66 (39%) running_loss=0.8558
train epoch 7/250 batch 39/66 (59%) running_loss=0.8466
train epoch 7/250 batch 52/66 (79%) running_loss=0.8498
train epoch 7/250 batch 65/66 (98%) running_loss=0.8473
train epoch 7/250 batch 66/66 (100%) running_loss=0.8482
epoch 7/250 done: train_loss=0.8482 val_loss=0.7832 val_accuracy=0.6906 val_macro_f1=0.4965 val_macro_auc=0.8230 (checkpoint_metric=macro_auc) [new best]
train epoch 8/250 batch 13/66 (20%) running_loss=0.8492
train epoch 8/250 batch 26/66 (39%) running_loss=0.8340
train epoch 8/250 batch 39/66 (59%) running_loss=0.8301
train epoch 8/250 batch 52/66 (79%) running_loss=0.8325
train epoch 8/250 batch 65/66 (98%) running_loss=0.8380
train epoch 8/250 batch 66/66 (100%) running_loss=0.8366
epoch 8/250 done: train_loss=0.8366 val_loss=0.9606 val_accuracy=0.6066 val_macro_f1=0.4339 val_macro_auc=0.8260 (checkpoint_metric=macro_auc) [new best]
train epoch 9/250 batch 13/66 (20%) running_loss=0.8595
train epoch 9/250 batch 26/66 (39%) running_loss=0.8515
train epoch 9/250 batch 39/66 (59%) running_loss=0.8406
train epoch 9/250 batch 52/66 (79%) running_loss=0.8335
train epoch 9/250 batch 65/66 (98%) running_loss=0.8268
train epoch 9/250 batch 66/66 (100%) running_loss=0.8284
epoch 9/250 done: train_loss=0.8284 val_loss=0.6001 val_accuracy=0.7582 val_macro_f1=0.5474 val_macro_auc=0.8477 (checkpoint_metric=macro_auc) [new best]
train epoch 10/250 batch 13/66 (20%) running_loss=0.8204
train epoch 10/250 batch 26/66 (39%) running_loss=0.8118
train epoch 10/250 batch 39/66 (59%) running_loss=0.7991
train epoch 10/250 batch 52/66 (79%) running_loss=0.8055
train epoch 10/250 batch 65/66 (98%) running_loss=0.8166
train epoch 10/250 batch 66/66 (100%) running_loss=0.8163
epoch 10/250 done: train_loss=0.8163 val_loss=0.7783 val_accuracy=0.6947 val_macro_f1=0.5082 val_macro_auc=0.8367 (checkpoint_metric=macro_auc) [new best]
train epoch 11/250 batch 13/66 (20%) running_loss=0.7966
train epoch 11/250 batch 26/66 (39%) running_loss=0.8122
train epoch 11/250 batch 39/66 (59%) running_loss=0.8087
train epoch 11/250 batch 52/66 (79%) running_loss=0.8103
train epoch 11/250 batch 65/66 (98%) running_loss=0.8054
train epoch 11/250 batch 66/66 (100%) running_loss=0.8057
epoch 11/250 done: train_loss=0.8057 val_loss=0.6264 val_accuracy=0.7602 val_macro_f1=0.5656 val_macro_auc=0.8557 (checkpoint_metric=macro_auc) [new best]
train epoch 12/250 batch 13/66 (20%) running_loss=0.8130
train epoch 12/250 batch 26/66 (39%) running_loss=0.8284
train epoch 12/250 batch 39/66 (59%) running_loss=0.8076
train epoch 12/250 batch 52/66 (79%) running_loss=0.8063
train epoch 12/250 batch 65/66 (98%) running_loss=0.8084
train epoch 12/250 batch 66/66 (100%) running_loss=0.8079
epoch 12/250 done: train_loss=0.8079 val_loss=0.9516 val_accuracy=0.5574 val_macro_f1=0.3961 val_macro_auc=0.8427 (checkpoint_metric=macro_auc)
train epoch 13/250 batch 13/66 (20%) running_loss=0.8293
train epoch 13/250 batch 26/66 (39%) running_loss=0.8080
train epoch 13/250 batch 39/66 (59%) running_loss=0.7966
train epoch 13/250 batch 52/66 (79%) running_loss=0.7876
train epoch 13/250 batch 65/66 (98%) running_loss=0.7870
train epoch 13/250 batch 66/66 (100%) running_loss=0.7856
epoch 13/250 done: train_loss=0.7856 val_loss=0.6076 val_accuracy=0.7664 val_macro_f1=0.5852 val_macro_auc=0.8680 (checkpoint_metric=macro_auc) [new best]
train epoch 14/250 batch 13/66 (20%) running_loss=0.7974
train epoch 14/250 batch 26/66 (39%) running_loss=0.7990
train epoch 14/250 batch 39/66 (59%) running_loss=0.8047
train epoch 14/250 batch 52/66 (79%) running_loss=0.7922
train epoch 14/250 batch 65/66 (98%) running_loss=0.7883
train epoch 14/250 batch 66/66 (100%) running_loss=0.7883
epoch 14/250 done: train_loss=0.7883 val_loss=0.7282 val_accuracy=0.6967 val_macro_f1=0.5093 val_macro_auc=0.8441 (checkpoint_metric=macro_auc)
train epoch 15/250 batch 13/66 (20%) running_loss=0.7811
train epoch 15/250 batch 26/66 (39%) running_loss=0.7659
train epoch 15/250 batch 39/66 (59%) running_loss=0.7828
train epoch 15/250 batch 52/66 (79%) running_loss=0.7759
train epoch 15/250 batch 65/66 (98%) running_loss=0.7732
train epoch 15/250 batch 66/66 (100%) running_loss=0.7736
epoch 15/250 done: train_loss=0.7736 val_loss=0.8236 val_accuracy=0.6578 val_macro_f1=0.4731 val_macro_auc=0.8536 (checkpoint_metric=macro_auc)
train epoch 16/250 batch 13/66 (20%) running_loss=0.7545
train epoch 16/250 batch 26/66 (39%) running_loss=0.7352
train epoch 16/250 batch 39/66 (59%) running_loss=0.7378
train epoch 16/250 batch 52/66 (79%) running_loss=0.7525
train epoch 16/250 batch 65/66 (98%) running_loss=0.7543
train epoch 16/250 batch 66/66 (100%) running_loss=0.7541
epoch 16/250 done: train_loss=0.7541 val_loss=0.6561 val_accuracy=0.7684 val_macro_f1=0.7034 val_macro_auc=0.9021 (checkpoint_metric=macro_auc) [new best]
train epoch 17/250 batch 13/66 (20%) running_loss=0.7941
train epoch 17/250 batch 26/66 (39%) running_loss=0.8005
train epoch 17/250 batch 39/66 (59%) running_loss=0.7901
train epoch 17/250 batch 52/66 (79%) running_loss=0.7844
train epoch 17/250 batch 65/66 (98%) running_loss=0.7703
train epoch 17/250 batch 66/66 (100%) running_loss=0.7724
epoch 17/250 done: train_loss=0.7724 val_loss=0.5820 val_accuracy=0.7910 val_macro_f1=0.6882 val_macro_auc=0.9010 (checkpoint_metric=macro_auc) [new best]
train epoch 18/250 batch 13/66 (20%) running_loss=0.7502
train epoch 18/250 batch 26/66 (39%) running_loss=0.7462
train epoch 18/250 batch 39/66 (59%) running_loss=0.7400
train epoch 18/250 batch 52/66 (79%) running_loss=0.7444
train epoch 18/250 batch 65/66 (98%) running_loss=0.7424
train epoch 18/250 batch 66/66 (100%) running_loss=0.7420
epoch 18/250 done: train_loss=0.7420 val_loss=0.5698 val_accuracy=0.7684 val_macro_f1=0.7057 val_macro_auc=0.9023 (checkpoint_metric=macro_auc) [new best]
train epoch 19/250 batch 13/66 (20%) running_loss=0.7551
train epoch 19/250 batch 26/66 (39%) running_loss=0.7469
train epoch 19/250 batch 39/66 (59%) running_loss=0.7432
train epoch 19/250 batch 52/66 (79%) running_loss=0.7479
train epoch 19/250 batch 65/66 (98%) running_loss=0.7504
train epoch 19/250 batch 66/66 (100%) running_loss=0.7497
epoch 19/250 done: train_loss=0.7497 val_loss=0.7410 val_accuracy=0.6619 val_macro_f1=0.5944 val_macro_auc=0.8981 (checkpoint_metric=macro_auc)
train epoch 20/250 batch 13/66 (20%) running_loss=0.7772
train epoch 20/250 batch 26/66 (39%) running_loss=0.7760
train epoch 20/250 batch 39/66 (59%) running_loss=0.7606
train epoch 20/250 batch 52/66 (79%) running_loss=0.7452
train epoch 20/250 batch 65/66 (98%) running_loss=0.7430
train epoch 20/250 batch 66/66 (100%) running_loss=0.7425
epoch 20/250 done: train_loss=0.7425 val_loss=0.6091 val_accuracy=0.7848 val_macro_f1=0.7025 val_macro_auc=0.8946 (checkpoint_metric=macro_auc)
train epoch 21/250 batch 13/66 (20%) running_loss=0.7021
train epoch 21/250 batch 26/66 (39%) running_loss=0.7207
train epoch 21/250 batch 39/66 (59%) running_loss=0.7236
train epoch 21/250 batch 52/66 (79%) running_loss=0.7286
train epoch 21/250 batch 65/66 (98%) running_loss=0.7314
train epoch 21/250 batch 66/66 (100%) running_loss=0.7307
epoch 21/250 done: train_loss=0.7307 val_loss=0.8338 val_accuracy=0.6270 val_macro_f1=0.5385 val_macro_auc=0.8736 (checkpoint_metric=macro_auc)
train epoch 22/250 batch 13/66 (20%) running_loss=0.7550
train epoch 22/250 batch 26/66 (39%) running_loss=0.7498
train epoch 22/250 batch 39/66 (59%) running_loss=0.7334
train epoch 22/250 batch 52/66 (79%) running_loss=0.7258
train epoch 22/250 batch 65/66 (98%) running_loss=0.7225
train epoch 22/250 batch 66/66 (100%) running_loss=0.7225
epoch 22/250 done: train_loss=0.7225 val_loss=0.5810 val_accuracy=0.8012 val_macro_f1=0.7416 val_macro_auc=0.9296 (checkpoint_metric=macro_auc)
train epoch 23/250 batch 13/66 (20%) running_loss=0.7364
train epoch 23/250 batch 26/66 (39%) running_loss=0.7096
train epoch 23/250 batch 39/66 (59%) running_loss=0.7206
train epoch 23/250 batch 52/66 (79%) running_loss=0.7308
train epoch 23/250 batch 65/66 (98%) running_loss=0.7315
train epoch 23/250 batch 66/66 (100%) running_loss=0.7311
epoch 23/250 done: train_loss=0.7311 val_loss=0.6530 val_accuracy=0.7049 val_macro_f1=0.6406 val_macro_auc=0.8981 (checkpoint_metric=macro_auc)
train epoch 24/250 batch 13/66 (20%) running_loss=0.7012
train epoch 24/250 batch 26/66 (39%) running_loss=0.6849
train epoch 24/250 batch 39/66 (59%) running_loss=0.6884
train epoch 24/250 batch 52/66 (79%) running_loss=0.6915
train epoch 24/250 batch 65/66 (98%) running_loss=0.6904
train epoch 24/250 batch 66/66 (100%) running_loss=0.6916
epoch 24/250 done: train_loss=0.6916 val_loss=0.4328 val_accuracy=0.8689 val_macro_f1=0.8004 val_macro_auc=0.9550 (checkpoint_metric=macro_auc) [new best]
train epoch 25/250 batch 13/66 (20%) running_loss=0.6636
train epoch 25/250 batch 26/66 (39%) running_loss=0.6909
train epoch 25/250 batch 39/66 (59%) running_loss=0.6904
train epoch 25/250 batch 52/66 (79%) running_loss=0.6902
train epoch 25/250 batch 65/66 (98%) running_loss=0.7030
train epoch 25/250 batch 66/66 (100%) running_loss=0.7018
epoch 25/250 done: train_loss=0.7018 val_loss=0.5698 val_accuracy=0.7480 val_macro_f1=0.5550 val_macro_auc=0.9121 (checkpoint_metric=macro_auc)
train epoch 26/250 batch 13/66 (20%) running_loss=0.6924
train epoch 26/250 batch 26/66 (39%) running_loss=0.6963
train epoch 26/250 batch 39/66 (59%) running_loss=0.7045
train epoch 26/250 batch 52/66 (79%) running_loss=0.7035
train epoch 26/250 batch 65/66 (98%) running_loss=0.6984
train epoch 26/250 batch 66/66 (100%) running_loss=0.6998
epoch 26/250 done: train_loss=0.6998 val_loss=0.4006 val_accuracy=0.8709 val_macro_f1=0.7959 val_macro_auc=0.9528 (checkpoint_metric=macro_auc) [new best]
train epoch 27/250 batch 13/66 (20%) running_loss=0.6581
train epoch 27/250 batch 26/66 (39%) running_loss=0.6919
train epoch 27/250 batch 39/66 (59%) running_loss=0.6903
train epoch 27/250 batch 52/66 (79%) running_loss=0.6831
train epoch 27/250 batch 65/66 (98%) running_loss=0.6834
train epoch 27/250 batch 66/66 (100%) running_loss=0.6838
epoch 27/250 done: train_loss=0.6838 val_loss=0.6049 val_accuracy=0.7520 val_macro_f1=0.7260 val_macro_auc=0.9437 (checkpoint_metric=macro_auc)
train epoch 28/250 batch 13/66 (20%) running_loss=0.6729
train epoch 28/250 batch 26/66 (39%) running_loss=0.6825
train epoch 28/250 batch 39/66 (59%) running_loss=0.6866
train epoch 28/250 batch 52/66 (79%) running_loss=0.6883
train epoch 28/250 batch 65/66 (98%) running_loss=0.6866
train epoch 28/250 batch 66/66 (100%) running_loss=0.6863
epoch 28/250 done: train_loss=0.6863 val_loss=0.5117 val_accuracy=0.8094 val_macro_f1=0.7841 val_macro_auc=0.9709 (checkpoint_metric=macro_auc) [new best]
train epoch 29/250 batch 13/66 (20%) running_loss=0.6871
train epoch 29/250 batch 26/66 (39%) running_loss=0.6807
train epoch 29/250 batch 39/66 (59%) running_loss=0.6747
train epoch 29/250 batch 52/66 (79%) running_loss=0.6670
train epoch 29/250 batch 65/66 (98%) running_loss=0.6726
train epoch 29/250 batch 66/66 (100%) running_loss=0.6756
epoch 29/250 done: train_loss=0.6756 val_loss=0.6876 val_accuracy=0.6926 val_macro_f1=0.6483 val_macro_auc=0.9398 (checkpoint_metric=macro_auc)
train epoch 30/250 batch 13/66 (20%) running_loss=0.6997
train epoch 30/250 batch 26/66 (39%) running_loss=0.6904
train epoch 30/250 batch 39/66 (59%) running_loss=0.6811
train epoch 30/250 batch 52/66 (79%) running_loss=0.6773
train epoch 30/250 batch 65/66 (98%) running_loss=0.6776
train epoch 30/250 batch 66/66 (100%) running_loss=0.6790
epoch 30/250 done: train_loss=0.6790 val_loss=0.4360 val_accuracy=0.8689 val_macro_f1=0.8141 val_macro_auc=0.9591 (checkpoint_metric=macro_auc) [new best]
train epoch 31/250 batch 13/66 (20%) running_loss=0.6715
train epoch 31/250 batch 26/66 (39%) running_loss=0.6817
train epoch 31/250 batch 39/66 (59%) running_loss=0.6787
train epoch 31/250 batch 52/66 (79%) running_loss=0.6746
train epoch 31/250 batch 65/66 (98%) running_loss=0.6811
train epoch 31/250 batch 66/66 (100%) running_loss=0.6790
epoch 31/250 done: train_loss=0.6790 val_loss=0.6079 val_accuracy=0.7316 val_macro_f1=0.6040 val_macro_auc=0.9152 (checkpoint_metric=macro_auc)
train epoch 32/250 batch 13/66 (20%) running_loss=0.6720
train epoch 32/250 batch 26/66 (39%) running_loss=0.6712
train epoch 32/250 batch 39/66 (59%) running_loss=0.6661
train epoch 32/250 batch 52/66 (79%) running_loss=0.6634
train epoch 32/250 batch 65/66 (98%) running_loss=0.6574
train epoch 32/250 batch 66/66 (100%) running_loss=0.6564
epoch 32/250 done: train_loss=0.6564 val_loss=0.3947 val_accuracy=0.8873 val_macro_f1=0.8512 val_macro_auc=0.9731 (checkpoint_metric=macro_auc)
train epoch 33/250 batch 13/66 (20%) running_loss=0.6533
train epoch 33/250 batch 26/66 (39%) running_loss=0.6745
train epoch 33/250 batch 39/66 (59%) running_loss=0.6687
train epoch 33/250 batch 52/66 (79%) running_loss=0.6701
train epoch 33/250 batch 65/66 (98%) running_loss=0.6678
train epoch 33/250 batch 66/66 (100%) running_loss=0.6681
epoch 33/250 done: train_loss=0.6681 val_loss=0.4644 val_accuracy=0.8197 val_macro_f1=0.7652 val_macro_auc=0.9536 (checkpoint_metric=macro_auc)
train epoch 34/250 batch 13/66 (20%) running_loss=0.6582
train epoch 34/250 batch 26/66 (39%) running_loss=0.6612
train epoch 34/250 batch 39/66 (59%) running_loss=0.6719
train epoch 34/250 batch 52/66 (79%) running_loss=0.6702
train epoch 34/250 batch 65/66 (98%) running_loss=0.6617
train epoch 34/250 batch 66/66 (100%) running_loss=0.6617
epoch 34/250 done: train_loss=0.6617 val_loss=0.4196 val_accuracy=0.8463 val_macro_f1=0.8082 val_macro_auc=0.9670 (checkpoint_metric=macro_auc) [new best]
train epoch 35/250 batch 13/66 (20%) running_loss=0.6672
train epoch 35/250 batch 26/66 (39%) running_loss=0.6384
train epoch 35/250 batch 39/66 (59%) running_loss=0.6281
train epoch 35/250 batch 52/66 (79%) running_loss=0.6257
train epoch 35/250 batch 65/66 (98%) running_loss=0.6276
train epoch 35/250 batch 66/66 (100%) running_loss=0.6266
epoch 35/250 done: train_loss=0.6266 val_loss=0.3749 val_accuracy=0.8627 val_macro_f1=0.8305 val_macro_auc=0.9757 (checkpoint_metric=macro_auc) [new best]
train epoch 36/250 batch 13/66 (20%) running_loss=0.6084
train epoch 36/250 batch 26/66 (39%) running_loss=0.6151
train epoch 36/250 batch 39/66 (59%) running_loss=0.6165
train epoch 36/250 batch 52/66 (79%) running_loss=0.6201
train epoch 36/250 batch 65/66 (98%) running_loss=0.6182
train epoch 36/250 batch 66/66 (100%) running_loss=0.6192
epoch 36/250 done: train_loss=0.6192 val_loss=0.4218 val_accuracy=0.8525 val_macro_f1=0.8255 val_macro_auc=0.9728 (checkpoint_metric=macro_auc) [new best]
train epoch 37/250 batch 13/66 (20%) running_loss=0.5990
train epoch 37/250 batch 26/66 (39%) running_loss=0.6283
train epoch 37/250 batch 39/66 (59%) running_loss=0.6484
train epoch 37/250 batch 52/66 (79%) running_loss=0.6369
train epoch 37/250 batch 65/66 (98%) running_loss=0.6387
train epoch 37/250 batch 66/66 (100%) running_loss=0.6379
epoch 37/250 done: train_loss=0.6379 val_loss=0.3568 val_accuracy=0.8914 val_macro_f1=0.8518 val_macro_auc=0.9790 (checkpoint_metric=macro_auc) [new best]
train epoch 38/250 batch 13/66 (20%) running_loss=0.6216
train epoch 38/250 batch 26/66 (39%) running_loss=0.6104
train epoch 38/250 batch 39/66 (59%) running_loss=0.6040
train epoch 38/250 batch 52/66 (79%) running_loss=0.6096
train epoch 38/250 batch 65/66 (98%) running_loss=0.6084
train epoch 38/250 batch 66/66 (100%) running_loss=0.6077
epoch 38/250 done: train_loss=0.6077 val_loss=0.4035 val_accuracy=0.8504 val_macro_f1=0.8208 val_macro_auc=0.9739 (checkpoint_metric=macro_auc)
train epoch 39/250 batch 13/66 (20%) running_loss=0.6311
train epoch 39/250 batch 26/66 (39%) running_loss=0.6136
train epoch 39/250 batch 39/66 (59%) running_loss=0.6122
train epoch 39/250 batch 52/66 (79%) running_loss=0.6130
train epoch 39/250 batch 65/66 (98%) running_loss=0.6052
train epoch 39/250 batch 66/66 (100%) running_loss=0.6059
epoch 39/250 done: train_loss=0.6059 val_loss=0.3064 val_accuracy=0.9016 val_macro_f1=0.8715 val_macro_auc=0.9849 (checkpoint_metric=macro_auc) [new best]
train epoch 40/250 batch 13/66 (20%) running_loss=0.6021
train epoch 40/250 batch 26/66 (39%) running_loss=0.5997
train epoch 40/250 batch 39/66 (59%) running_loss=0.6041
train epoch 40/250 batch 52/66 (79%) running_loss=0.5911
train epoch 40/250 batch 65/66 (98%) running_loss=0.5931
train epoch 40/250 batch 66/66 (100%) running_loss=0.5929
epoch 40/250 done: train_loss=0.5929 val_loss=0.5586 val_accuracy=0.8033 val_macro_f1=0.7836 val_macro_auc=0.9642 (checkpoint_metric=macro_auc)
train epoch 41/250 batch 13/66 (20%) running_loss=0.6026
train epoch 41/250 batch 26/66 (39%) running_loss=0.6278
train epoch 41/250 batch 39/66 (59%) running_loss=0.6176
train epoch 41/250 batch 52/66 (79%) running_loss=0.6073
train epoch 41/250 batch 65/66 (98%) running_loss=0.6063
train epoch 41/250 batch 66/66 (100%) running_loss=0.6057
epoch 41/250 done: train_loss=0.6057 val_loss=0.5107 val_accuracy=0.7971 val_macro_f1=0.7607 val_macro_auc=0.9656 (checkpoint_metric=macro_auc)
train epoch 42/250 batch 13/66 (20%) running_loss=0.5791
train epoch 42/250 batch 26/66 (39%) running_loss=0.6032
train epoch 42/250 batch 39/66 (59%) running_loss=0.5875
train epoch 42/250 batch 52/66 (79%) running_loss=0.5866
train epoch 42/250 batch 65/66 (98%) running_loss=0.5878
train epoch 42/250 batch 66/66 (100%) running_loss=0.5881
epoch 42/250 done: train_loss=0.5881 val_loss=0.4343 val_accuracy=0.8258 val_macro_f1=0.6898 val_macro_auc=0.9788 (checkpoint_metric=macro_auc)
train epoch 43/250 batch 13/66 (20%) running_loss=0.5796
train epoch 43/250 batch 26/66 (39%) running_loss=0.5775
train epoch 43/250 batch 39/66 (59%) running_loss=0.5761
train epoch 43/250 batch 52/66 (79%) running_loss=0.5716
train epoch 43/250 batch 65/66 (98%) running_loss=0.5850
train epoch 43/250 batch 66/66 (100%) running_loss=0.5848
epoch 43/250 done: train_loss=0.5848 val_loss=0.3889 val_accuracy=0.8627 val_macro_f1=0.8031 val_macro_auc=0.9840 (checkpoint_metric=macro_auc)
train epoch 44/250 batch 13/66 (20%) running_loss=0.6054
train epoch 44/250 batch 26/66 (39%) running_loss=0.5976
train epoch 44/250 batch 39/66 (59%) running_loss=0.5850
train epoch 44/250 batch 52/66 (79%) running_loss=0.5792
train epoch 44/250 batch 65/66 (98%) running_loss=0.5768
train epoch 44/250 batch 66/66 (100%) running_loss=0.5772
epoch 44/250 done: train_loss=0.5772 val_loss=0.3552 val_accuracy=0.8770 val_macro_f1=0.8453 val_macro_auc=0.9789 (checkpoint_metric=macro_auc) [new best]
train epoch 45/250 batch 13/66 (20%) running_loss=0.5905
train epoch 45/250 batch 26/66 (39%) running_loss=0.5836
train epoch 45/250 batch 39/66 (59%) running_loss=0.5843
train epoch 45/250 batch 52/66 (79%) running_loss=0.5898
train epoch 45/250 batch 65/66 (98%) running_loss=0.5844
train epoch 45/250 batch 66/66 (100%) running_loss=0.5845
epoch 45/250 done: train_loss=0.5845 val_loss=0.4168 val_accuracy=0.8463 val_macro_f1=0.8136 val_macro_auc=0.9744 (checkpoint_metric=macro_auc)
train epoch 46/250 batch 13/66 (20%) running_loss=0.5433
train epoch 46/250 batch 26/66 (39%) running_loss=0.5502
train epoch 46/250 batch 39/66 (59%) running_loss=0.5526
train epoch 46/250 batch 52/66 (79%) running_loss=0.5610
train epoch 46/250 batch 65/66 (98%) running_loss=0.5592
train epoch 46/250 batch 66/66 (100%) running_loss=0.5604
epoch 46/250 done: train_loss=0.5604 val_loss=0.2626 val_accuracy=0.9221 val_macro_f1=0.8928 val_macro_auc=0.9860 (checkpoint_metric=macro_auc)
train epoch 47/250 batch 13/66 (20%) running_loss=0.5571
train epoch 47/250 batch 26/66 (39%) running_loss=0.5608
train epoch 47/250 batch 39/66 (59%) running_loss=0.5698
train epoch 47/250 batch 52/66 (79%) running_loss=0.5679
train epoch 47/250 batch 65/66 (98%) running_loss=0.5631
train epoch 47/250 batch 66/66 (100%) running_loss=0.5634
epoch 47/250 done: train_loss=0.5634 val_loss=0.2561 val_accuracy=0.9098 val_macro_f1=0.8767 val_macro_auc=0.9841 (checkpoint_metric=macro_auc) [new best]
train epoch 48/250 batch 13/66 (20%) running_loss=0.5597
train epoch 48/250 batch 26/66 (39%) running_loss=0.5724
train epoch 48/250 batch 39/66 (59%) running_loss=0.5614
train epoch 48/250 batch 52/66 (79%) running_loss=0.5603
train epoch 48/250 batch 65/66 (98%) running_loss=0.5623
train epoch 48/250 batch 66/66 (100%) running_loss=0.5622
epoch 48/250 done: train_loss=0.5622 val_loss=0.2901 val_accuracy=0.9139 val_macro_f1=0.8831 val_macro_auc=0.9865 (checkpoint_metric=macro_auc) [new best]
train epoch 49/250 batch 13/66 (20%) running_loss=0.5320
train epoch 49/250 batch 26/66 (39%) running_loss=0.5250
train epoch 49/250 batch 39/66 (59%) running_loss=0.5377
train epoch 49/250 batch 52/66 (79%) running_loss=0.5412
train epoch 49/250 batch 65/66 (98%) running_loss=0.5475
train epoch 49/250 batch 66/66 (100%) running_loss=0.5474
epoch 49/250 done: train_loss=0.5474 val_loss=0.3234 val_accuracy=0.8955 val_macro_f1=0.8449 val_macro_auc=0.9742 (checkpoint_metric=macro_auc)
train epoch 50/250 batch 13/66 (20%) running_loss=0.5573
train epoch 50/250 batch 26/66 (39%) running_loss=0.5452
train epoch 50/250 batch 39/66 (59%) running_loss=0.5471
train epoch 50/250 batch 52/66 (79%) running_loss=0.5436
train epoch 50/250 batch 65/66 (98%) running_loss=0.5390
train epoch 50/250 batch 66/66 (100%) running_loss=0.5399
epoch 50/250 done: train_loss=0.5399 val_loss=0.2707 val_accuracy=0.9324 val_macro_f1=0.9113 val_macro_auc=0.9895 (checkpoint_metric=macro_auc)
train epoch 51/250 batch 13/66 (20%) running_loss=0.5507
train epoch 51/250 batch 26/66 (39%) running_loss=0.5414
train epoch 51/250 batch 39/66 (59%) running_loss=0.5459
train epoch 51/250 batch 52/66 (79%) running_loss=0.5400
train epoch 51/250 batch 65/66 (98%) running_loss=0.5405
train epoch 51/250 batch 66/66 (100%) running_loss=0.5414
epoch 51/250 done: train_loss=0.5414 val_loss=0.2516 val_accuracy=0.9242 val_macro_f1=0.8833 val_macro_auc=0.9841 (checkpoint_metric=macro_auc)
train epoch 52/250 batch 13/66 (20%) running_loss=0.5271
train epoch 52/250 batch 26/66 (39%) running_loss=0.5252
train epoch 52/250 batch 39/66 (59%) running_loss=0.5326
train epoch 52/250 batch 52/66 (79%) running_loss=0.5341
train epoch 52/250 batch 65/66 (98%) running_loss=0.5363
train epoch 52/250 batch 66/66 (100%) running_loss=0.5359
epoch 52/250 done: train_loss=0.5359 val_loss=0.4059 val_accuracy=0.8545 val_macro_f1=0.8283 val_macro_auc=0.9776 (checkpoint_metric=macro_auc)
train epoch 53/250 batch 13/66 (20%) running_loss=0.5006
train epoch 53/250 batch 26/66 (39%) running_loss=0.5068
train epoch 53/250 batch 39/66 (59%) running_loss=0.5237
train epoch 53/250 batch 52/66 (79%) running_loss=0.5296
train epoch 53/250 batch 65/66 (98%) running_loss=0.5301
train epoch 53/250 batch 66/66 (100%) running_loss=0.5319
epoch 53/250 done: train_loss=0.5319 val_loss=0.2396 val_accuracy=0.9119 val_macro_f1=0.8748 val_macro_auc=0.9889 (checkpoint_metric=macro_auc)
train epoch 54/250 batch 13/66 (20%) running_loss=0.5605
train epoch 54/250 batch 26/66 (39%) running_loss=0.5500
train epoch 54/250 batch 39/66 (59%) running_loss=0.5401
train epoch 54/250 batch 52/66 (79%) running_loss=0.5467
train epoch 54/250 batch 65/66 (98%) running_loss=0.5468
train epoch 54/250 batch 66/66 (100%) running_loss=0.5472
epoch 54/250 done: train_loss=0.5472 val_loss=0.3151 val_accuracy=0.8873 val_macro_f1=0.8448 val_macro_auc=0.9708 (checkpoint_metric=macro_auc)
train epoch 55/250 batch 13/66 (20%) running_loss=0.5450
train epoch 55/250 batch 26/66 (39%) running_loss=0.5473
train epoch 55/250 batch 39/66 (59%) running_loss=0.5327
train epoch 55/250 batch 52/66 (79%) running_loss=0.5331
train epoch 55/250 batch 65/66 (98%) running_loss=0.5278
train epoch 55/250 batch 66/66 (100%) running_loss=0.5281
epoch 55/250 done: train_loss=0.5281 val_loss=0.2837 val_accuracy=0.9037 val_macro_f1=0.8759 val_macro_auc=0.9860 (checkpoint_metric=macro_auc)
train epoch 56/250 batch 13/66 (20%) running_loss=0.5239
train epoch 56/250 batch 26/66 (39%) running_loss=0.5284
train epoch 56/250 batch 39/66 (59%) running_loss=0.5245
train epoch 56/250 batch 52/66 (79%) running_loss=0.5163
train epoch 56/250 batch 65/66 (98%) running_loss=0.5223
train epoch 56/250 batch 66/66 (100%) running_loss=0.5252
epoch 56/250 done: train_loss=0.5252 val_loss=0.2266 val_accuracy=0.9344 val_macro_f1=0.9118 val_macro_auc=0.9912 (checkpoint_metric=macro_auc)
train epoch 57/250 batch 13/66 (20%) running_loss=0.5295
train epoch 57/250 batch 26/66 (39%) running_loss=0.5466
train epoch 57/250 batch 39/66 (59%) running_loss=0.5426
train epoch 57/250 batch 52/66 (79%) running_loss=0.5290
train epoch 57/250 batch 65/66 (98%) running_loss=0.5334
train epoch 57/250 batch 66/66 (100%) running_loss=0.5338
epoch 57/250 done: train_loss=0.5338 val_loss=0.3425 val_accuracy=0.8811 val_macro_f1=0.8488 val_macro_auc=0.9839 (checkpoint_metric=macro_auc) [new best]
train epoch 58/250 batch 13/66 (20%) running_loss=0.5265
train epoch 58/250 batch 26/66 (39%) running_loss=0.5185
train epoch 58/250 batch 39/66 (59%) running_loss=0.5203
train epoch 58/250 batch 52/66 (79%) running_loss=0.5174
train epoch 58/250 batch 65/66 (98%) running_loss=0.5158
train epoch 58/250 batch 66/66 (100%) running_loss=0.5149
epoch 58/250 done: train_loss=0.5149 val_loss=0.2288 val_accuracy=0.9139 val_macro_f1=0.8801 val_macro_auc=0.9888 (checkpoint_metric=macro_auc) [new best]
train epoch 59/250 batch 13/66 (20%) running_loss=0.5231
train epoch 59/250 batch 26/66 (39%) running_loss=0.5173
train epoch 59/250 batch 39/66 (59%) running_loss=0.5125
train epoch 59/250 batch 52/66 (79%) running_loss=0.5134
train epoch 59/250 batch 65/66 (98%) running_loss=0.5229
train epoch 59/250 batch 66/66 (100%) running_loss=0.5222
epoch 59/250 done: train_loss=0.5222 val_loss=0.3155 val_accuracy=0.9057 val_macro_f1=0.8761 val_macro_auc=0.9853 (checkpoint_metric=macro_auc)
train epoch 60/250 batch 13/66 (20%) running_loss=0.5181
train epoch 60/250 batch 26/66 (39%) running_loss=0.5102
train epoch 60/250 batch 39/66 (59%) running_loss=0.5111
train epoch 60/250 batch 52/66 (79%) running_loss=0.5161
train epoch 60/250 batch 65/66 (98%) running_loss=0.5136
train epoch 60/250 batch 66/66 (100%) running_loss=0.5144
epoch 60/250 done: train_loss=0.5144 val_loss=0.2275 val_accuracy=0.9221 val_macro_f1=0.8820 val_macro_auc=0.9846 (checkpoint_metric=macro_auc)
train epoch 61/250 batch 13/66 (20%) running_loss=0.5198
train epoch 61/250 batch 26/66 (39%) running_loss=0.5300
train epoch 61/250 batch 39/66 (59%) running_loss=0.5236
train epoch 61/250 batch 52/66 (79%) running_loss=0.5169
train epoch 61/250 batch 65/66 (98%) running_loss=0.5164
train epoch 61/250 batch 66/66 (100%) running_loss=0.5157
epoch 61/250 done: train_loss=0.5157 val_loss=0.2145 val_accuracy=0.9447 val_macro_f1=0.9161 val_macro_auc=0.9922 (checkpoint_metric=macro_auc)
train epoch 62/250 batch 13/66 (20%) running_loss=0.5129
train epoch 62/250 batch 26/66 (39%) running_loss=0.5056
train epoch 62/250 batch 39/66 (59%) running_loss=0.5091
train epoch 62/250 batch 52/66 (79%) running_loss=0.5076
train epoch 62/250 batch 65/66 (98%) running_loss=0.5040
train epoch 62/250 batch 66/66 (100%) running_loss=0.5044
epoch 62/250 done: train_loss=0.5044 val_loss=0.2321 val_accuracy=0.9303 val_macro_f1=0.8970 val_macro_auc=0.9888 (checkpoint_metric=macro_auc) [new best]
train epoch 63/250 batch 13/66 (20%) running_loss=0.4760
train epoch 63/250 batch 26/66 (39%) running_loss=0.4800
train epoch 63/250 batch 39/66 (59%) running_loss=0.4828
train epoch 63/250 batch 52/66 (79%) running_loss=0.5120
train epoch 63/250 batch 65/66 (98%) running_loss=0.5143
train epoch 63/250 batch 66/66 (100%) running_loss=0.5132
epoch 63/250 done: train_loss=0.5132 val_loss=0.2606 val_accuracy=0.9221 val_macro_f1=0.8999 val_macro_auc=0.9892 (checkpoint_metric=macro_auc) [new best]
train epoch 64/250 batch 13/66 (20%) running_loss=0.4631
train epoch 64/250 batch 26/66 (39%) running_loss=0.4852
train epoch 64/250 batch 39/66 (59%) running_loss=0.4907
train epoch 64/250 batch 52/66 (79%) running_loss=0.4961
train epoch 64/250 batch 65/66 (98%) running_loss=0.5004
train epoch 64/250 batch 66/66 (100%) running_loss=0.5009
epoch 64/250 done: train_loss=0.5009 val_loss=0.2170 val_accuracy=0.9283 val_macro_f1=0.8909 val_macro_auc=0.9906 (checkpoint_metric=macro_auc)
train epoch 65/250 batch 13/66 (20%) running_loss=0.5158
train epoch 65/250 batch 26/66 (39%) running_loss=0.4991
train epoch 65/250 batch 39/66 (59%) running_loss=0.4974
train epoch 65/250 batch 52/66 (79%) running_loss=0.4951
train epoch 65/250 batch 65/66 (98%) running_loss=0.4885
train epoch 65/250 batch 66/66 (100%) running_loss=0.4881
epoch 65/250 done: train_loss=0.4881 val_loss=0.2643 val_accuracy=0.9119 val_macro_f1=0.8902 val_macro_auc=0.9879 (checkpoint_metric=macro_auc)
train epoch 66/250 batch 13/66 (20%) running_loss=0.4877
train epoch 66/250 batch 26/66 (39%) running_loss=0.4857
train epoch 66/250 batch 39/66 (59%) running_loss=0.4853
train epoch 66/250 batch 52/66 (79%) running_loss=0.4916
train epoch 66/250 batch 65/66 (98%) running_loss=0.4972
train epoch 66/250 batch 66/66 (100%) running_loss=0.4968
epoch 66/250 done: train_loss=0.4968 val_loss=0.2693 val_accuracy=0.9016 val_macro_f1=0.8676 val_macro_auc=0.9874 (checkpoint_metric=macro_auc)
train epoch 67/250 batch 13/66 (20%) running_loss=0.5229
train epoch 67/250 batch 26/66 (39%) running_loss=0.5189
train epoch 67/250 batch 39/66 (59%) running_loss=0.4999
train epoch 67/250 batch 52/66 (79%) running_loss=0.5035
train epoch 67/250 batch 65/66 (98%) running_loss=0.5019
train epoch 67/250 batch 66/66 (100%) running_loss=0.5016
epoch 67/250 done: train_loss=0.5016 val_loss=0.2467 val_accuracy=0.9180 val_macro_f1=0.8879 val_macro_auc=0.9880 (checkpoint_metric=macro_auc)
train epoch 68/250 batch 13/66 (20%) running_loss=0.4653
train epoch 68/250 batch 26/66 (39%) running_loss=0.4688
train epoch 68/250 batch 39/66 (59%) running_loss=0.4782
train epoch 68/250 batch 52/66 (79%) running_loss=0.4936
train epoch 68/250 batch 65/66 (98%) running_loss=0.4969
train epoch 68/250 batch 66/66 (100%) running_loss=0.4959
epoch 68/250 done: train_loss=0.4959 val_loss=0.2814 val_accuracy=0.9037 val_macro_f1=0.8769 val_macro_auc=0.9879 (checkpoint_metric=macro_auc)
train epoch 69/250 batch 13/66 (20%) running_loss=0.5148
train epoch 69/250 batch 26/66 (39%) running_loss=0.5139
train epoch 69/250 batch 39/66 (59%) running_loss=0.5008
train epoch 69/250 batch 52/66 (79%) running_loss=0.4994
train epoch 69/250 batch 65/66 (98%) running_loss=0.4938
train epoch 69/250 batch 66/66 (100%) running_loss=0.4944
epoch 69/250 done: train_loss=0.4944 val_loss=0.1962 val_accuracy=0.9303 val_macro_f1=0.8924 val_macro_auc=0.9915 (checkpoint_metric=macro_auc)
train epoch 70/250 batch 13/66 (20%) running_loss=0.4695
train epoch 70/250 batch 26/66 (39%) running_loss=0.4687
train epoch 70/250 batch 39/66 (59%) running_loss=0.4756
train epoch 70/250 batch 52/66 (79%) running_loss=0.4791
train epoch 70/250 batch 65/66 (98%) running_loss=0.4852
train epoch 70/250 batch 66/66 (100%) running_loss=0.4840
epoch 70/250 done: train_loss=0.4840 val_loss=0.2423 val_accuracy=0.9344 val_macro_f1=0.8988 val_macro_auc=0.9920 (checkpoint_metric=macro_auc) [new best]
train epoch 71/250 batch 13/66 (20%) running_loss=0.4871
train epoch 71/250 batch 26/66 (39%) running_loss=0.4793
train epoch 71/250 batch 39/66 (59%) running_loss=0.4916
train epoch 71/250 batch 52/66 (79%) running_loss=0.4931
train epoch 71/250 batch 65/66 (98%) running_loss=0.4899
train epoch 71/250 batch 66/66 (100%) running_loss=0.4909
epoch 71/250 done: train_loss=0.4909 val_loss=0.2098 val_accuracy=0.9344 val_macro_f1=0.9032 val_macro_auc=0.9878 (checkpoint_metric=macro_auc)
train epoch 72/250 batch 13/66 (20%) running_loss=0.5210
train epoch 72/250 batch 26/66 (39%) running_loss=0.5082
train epoch 72/250 batch 39/66 (59%) running_loss=0.4878
train epoch 72/250 batch 52/66 (79%) running_loss=0.4890
train epoch 72/250 batch 65/66 (98%) running_loss=0.4869
train epoch 72/250 batch 66/66 (100%) running_loss=0.4865
epoch 72/250 done: train_loss=0.4865 val_loss=0.2983 val_accuracy=0.8873 val_macro_f1=0.8529 val_macro_auc=0.9854 (checkpoint_metric=macro_auc)
train epoch 73/250 batch 13/66 (20%) running_loss=0.4745
train epoch 73/250 batch 26/66 (39%) running_loss=0.4683
train epoch 73/250 batch 39/66 (59%) running_loss=0.4773
train epoch 73/250 batch 52/66 (79%) running_loss=0.4762
train epoch 73/250 batch 65/66 (98%) running_loss=0.4829
train epoch 73/250 batch 66/66 (100%) running_loss=0.4846
epoch 73/250 done: train_loss=0.4846 val_loss=0.2774 val_accuracy=0.9180 val_macro_f1=0.9016 val_macro_auc=0.9921 (checkpoint_metric=macro_auc)
train epoch 74/250 batch 13/66 (20%) running_loss=0.4828
train epoch 74/250 batch 26/66 (39%) running_loss=0.4869
train epoch 74/250 batch 39/66 (59%) running_loss=0.4907
train epoch 74/250 batch 52/66 (79%) running_loss=0.4849
train epoch 74/250 batch 65/66 (98%) running_loss=0.4821
train epoch 74/250 batch 66/66 (100%) running_loss=0.4851
epoch 74/250 done: train_loss=0.4851 val_loss=0.2349 val_accuracy=0.9221 val_macro_f1=0.8851 val_macro_auc=0.9910 (checkpoint_metric=macro_auc)
train epoch 75/250 batch 13/66 (20%) running_loss=0.4624
train epoch 75/250 batch 26/66 (39%) running_loss=0.4628
train epoch 75/250 batch 39/66 (59%) running_loss=0.4701
train epoch 75/250 batch 52/66 (79%) running_loss=0.4760
train epoch 75/250 batch 65/66 (98%) running_loss=0.4781
train epoch 75/250 batch 66/66 (100%) running_loss=0.4781
epoch 75/250 done: train_loss=0.4781 val_loss=0.2136 val_accuracy=0.9324 val_macro_f1=0.9038 val_macro_auc=0.9895 (checkpoint_metric=macro_auc) [new best]
train epoch 76/250 batch 13/66 (20%) running_loss=0.4836
train epoch 76/250 batch 26/66 (39%) running_loss=0.4822
train epoch 76/250 batch 39/66 (59%) running_loss=0.4835
train epoch 76/250 batch 52/66 (79%) running_loss=0.4875
train epoch 76/250 batch 65/66 (98%) running_loss=0.4865
train epoch 76/250 batch 66/66 (100%) running_loss=0.4862
epoch 76/250 done: train_loss=0.4862 val_loss=0.2687 val_accuracy=0.8975 val_macro_f1=0.8653 val_macro_auc=0.9884 (checkpoint_metric=macro_auc)
train epoch 77/250 batch 13/66 (20%) running_loss=0.5014
train epoch 77/250 batch 26/66 (39%) running_loss=0.4808
train epoch 77/250 batch 39/66 (59%) running_loss=0.4833
train epoch 77/250 batch 52/66 (79%) running_loss=0.4809
train epoch 77/250 batch 65/66 (98%) running_loss=0.4867
train epoch 77/250 batch 66/66 (100%) running_loss=0.4858
epoch 77/250 done: train_loss=0.4858 val_loss=0.3154 val_accuracy=0.8975 val_macro_f1=0.8670 val_macro_auc=0.9833 (checkpoint_metric=macro_auc)
train epoch 78/250 batch 13/66 (20%) running_loss=0.4746
train epoch 78/250 batch 26/66 (39%) running_loss=0.4786
train epoch 78/250 batch 39/66 (59%) running_loss=0.4727
train epoch 78/250 batch 52/66 (79%) running_loss=0.4723
train epoch 78/250 batch 65/66 (98%) running_loss=0.4727
train epoch 78/250 batch 66/66 (100%) running_loss=0.4725
epoch 78/250 done: train_loss=0.4725 val_loss=0.2760 val_accuracy=0.9037 val_macro_f1=0.8875 val_macro_auc=0.9911 (checkpoint_metric=macro_auc)
train epoch 79/250 batch 13/66 (20%) running_loss=0.4872
train epoch 79/250 batch 26/66 (39%) running_loss=0.4628
train epoch 79/250 batch 39/66 (59%) running_loss=0.4773
train epoch 79/250 batch 52/66 (79%) running_loss=0.4710
train epoch 79/250 batch 65/66 (98%) running_loss=0.4668
train epoch 79/250 batch 66/66 (100%) running_loss=0.4672
epoch 79/250 done: train_loss=0.4672 val_loss=0.2081 val_accuracy=0.9488 val_macro_f1=0.9314 val_macro_auc=0.9928 (checkpoint_metric=macro_auc)
train epoch 80/250 batch 13/66 (20%) running_loss=0.4338
train epoch 80/250 batch 26/66 (39%) running_loss=0.4324
train epoch 80/250 batch 39/66 (59%) running_loss=0.4462
train epoch 80/250 batch 52/66 (79%) running_loss=0.4463
train epoch 80/250 batch 65/66 (98%) running_loss=0.4559
train epoch 80/250 batch 66/66 (100%) running_loss=0.4552
epoch 80/250 done: train_loss=0.4552 val_loss=0.3316 val_accuracy=0.8811 val_macro_f1=0.8520 val_macro_auc=0.9879 (checkpoint_metric=macro_auc)
train epoch 81/250 batch 13/66 (20%) running_loss=0.4373
train epoch 81/250 batch 26/66 (39%) running_loss=0.4366
train epoch 81/250 batch 39/66 (59%) running_loss=0.4549
train epoch 81/250 batch 52/66 (79%) running_loss=0.4639
train epoch 81/250 batch 65/66 (98%) running_loss=0.4696
train epoch 81/250 batch 66/66 (100%) running_loss=0.4696
epoch 81/250 done: train_loss=0.4696 val_loss=0.2305 val_accuracy=0.9262 val_macro_f1=0.9041 val_macro_auc=0.9896 (checkpoint_metric=macro_auc)
train epoch 82/250 batch 13/66 (20%) running_loss=0.4897
train epoch 82/250 batch 26/66 (39%) running_loss=0.4767
train epoch 82/250 batch 39/66 (59%) running_loss=0.4751
train epoch 82/250 batch 52/66 (79%) running_loss=0.4730
train epoch 82/250 batch 65/66 (98%) running_loss=0.4713
train epoch 82/250 batch 66/66 (100%) running_loss=0.4723
epoch 82/250 done: train_loss=0.4723 val_loss=0.2965 val_accuracy=0.8914 val_macro_f1=0.8592 val_macro_auc=0.9766 (checkpoint_metric=macro_auc)
train epoch 83/250 batch 13/66 (20%) running_loss=0.4474
train epoch 83/250 batch 26/66 (39%) running_loss=0.4577
train epoch 83/250 batch 39/66 (59%) running_loss=0.4624
train epoch 83/250 batch 52/66 (79%) running_loss=0.4668
train epoch 83/250 batch 65/66 (98%) running_loss=0.4670
train epoch 83/250 batch 66/66 (100%) running_loss=0.4666
epoch 83/250 done: train_loss=0.4666 val_loss=0.2240 val_accuracy=0.9447 val_macro_f1=0.9270 val_macro_auc=0.9929 (checkpoint_metric=macro_auc)
train epoch 84/250 batch 13/66 (20%) running_loss=0.4411
train epoch 84/250 batch 26/66 (39%) running_loss=0.4329
train epoch 84/250 batch 39/66 (59%) running_loss=0.4373
train epoch 84/250 batch 52/66 (79%) running_loss=0.4390
train epoch 84/250 batch 65/66 (98%) running_loss=0.4478
train epoch 84/250 batch 66/66 (100%) running_loss=0.4483
epoch 84/250 done: train_loss=0.4483 val_loss=0.2260 val_accuracy=0.9385 val_macro_f1=0.9166 val_macro_auc=0.9910 (checkpoint_metric=macro_auc)
train epoch 85/250 batch 13/66 (20%) running_loss=0.4678
train epoch 85/250 batch 26/66 (39%) running_loss=0.4661
train epoch 85/250 batch 39/66 (59%) running_loss=0.4616
train epoch 85/250 batch 52/66 (79%) running_loss=0.4626
train epoch 85/250 batch 65/66 (98%) running_loss=0.4653
train epoch 85/250 batch 66/66 (100%) running_loss=0.4644
epoch 85/250 done: train_loss=0.4644 val_loss=0.2589 val_accuracy=0.9201 val_macro_f1=0.8958 val_macro_auc=0.9881 (checkpoint_metric=macro_auc)
train epoch 86/250 batch 13/66 (20%) running_loss=0.4238
train epoch 86/250 batch 26/66 (39%) running_loss=0.4377
train epoch 86/250 batch 39/66 (59%) running_loss=0.4472
train epoch 86/250 batch 52/66 (79%) running_loss=0.4641
train epoch 86/250 batch 65/66 (98%) running_loss=0.4641
train epoch 86/250 batch 66/66 (100%) running_loss=0.4658
epoch 86/250 done: train_loss=0.4658 val_loss=0.2407 val_accuracy=0.9324 val_macro_f1=0.9000 val_macro_auc=0.9908 (checkpoint_metric=macro_auc)
train epoch 87/250 batch 13/66 (20%) running_loss=0.4491
train epoch 87/250 batch 26/66 (39%) running_loss=0.4436
train epoch 87/250 batch 39/66 (59%) running_loss=0.4563
train epoch 87/250 batch 52/66 (79%) running_loss=0.4573
train epoch 87/250 batch 65/66 (98%) running_loss=0.4592
train epoch 87/250 batch 66/66 (100%) running_loss=0.4606
epoch 87/250 done: train_loss=0.4606 val_loss=0.2139 val_accuracy=0.9283 val_macro_f1=0.9038 val_macro_auc=0.9913 (checkpoint_metric=macro_auc)
train epoch 88/250 batch 13/66 (20%) running_loss=0.4333
train epoch 88/250 batch 26/66 (39%) running_loss=0.4454
train epoch 88/250 batch 39/66 (59%) running_loss=0.4467
train epoch 88/250 batch 52/66 (79%) running_loss=0.4549
train epoch 88/250 batch 65/66 (98%) running_loss=0.4531
train epoch 88/250 batch 66/66 (100%) running_loss=0.4526
epoch 88/250 done: train_loss=0.4526 val_loss=0.2509 val_accuracy=0.9139 val_macro_f1=0.8923 val_macro_auc=0.9912 (checkpoint_metric=macro_auc) [new best]
train epoch 89/250 batch 13/66 (20%) running_loss=0.4489
train epoch 89/250 batch 26/66 (39%) running_loss=0.4606
train epoch 89/250 batch 39/66 (59%) running_loss=0.4675
train epoch 89/250 batch 52/66 (79%) running_loss=0.4558
train epoch 89/250 batch 65/66 (98%) running_loss=0.4521
train epoch 89/250 batch 66/66 (100%) running_loss=0.4521
epoch 89/250 done: train_loss=0.4521 val_loss=0.2698 val_accuracy=0.9242 val_macro_f1=0.8990 val_macro_auc=0.9889 (checkpoint_metric=macro_auc)
train epoch 90/250 batch 13/66 (20%) running_loss=0.4886
train epoch 90/250 batch 26/66 (39%) running_loss=0.4798
train epoch 90/250 batch 39/66 (59%) running_loss=0.4801
train epoch 90/250 batch 52/66 (79%) running_loss=0.4779
train epoch 90/250 batch 65/66 (98%) running_loss=0.4764
train epoch 90/250 batch 66/66 (100%) running_loss=0.4775
epoch 90/250 done: train_loss=0.4775 val_loss=0.3369 val_accuracy=0.8770 val_macro_f1=0.8647 val_macro_auc=0.9869 (checkpoint_metric=macro_auc)
train epoch 91/250 batch 13/66 (20%) running_loss=0.4325
train epoch 91/250 batch 26/66 (39%) running_loss=0.4447
train epoch 91/250 batch 39/66 (59%) running_loss=0.4467
train epoch 91/250 batch 52/66 (79%) running_loss=0.4541
train epoch 91/250 batch 65/66 (98%) running_loss=0.4542
train epoch 91/250 batch 66/66 (100%) running_loss=0.4541
epoch 91/250 done: train_loss=0.4541 val_loss=0.2780 val_accuracy=0.9057 val_macro_f1=0.8730 val_macro_auc=0.9813 (checkpoint_metric=macro_auc)
train epoch 92/250 batch 13/66 (20%) running_loss=0.4465
train epoch 92/250 batch 26/66 (39%) running_loss=0.4552
train epoch 92/250 batch 39/66 (59%) running_loss=0.4492
train epoch 92/250 batch 52/66 (79%) running_loss=0.4485
train epoch 92/250 batch 65/66 (98%) running_loss=0.4488
train epoch 92/250 batch 66/66 (100%) running_loss=0.4481
epoch 92/250 done: train_loss=0.4481 val_loss=0.1745 val_accuracy=0.9467 val_macro_f1=0.9251 val_macro_auc=0.9937 (checkpoint_metric=macro_auc)
train epoch 93/250 batch 13/66 (20%) running_loss=0.4306
train epoch 93/250 batch 26/66 (39%) running_loss=0.4293
train epoch 93/250 batch 39/66 (59%) running_loss=0.4305
train epoch 93/250 batch 52/66 (79%) running_loss=0.4339
train epoch 93/250 batch 65/66 (98%) running_loss=0.4390
train epoch 93/250 batch 66/66 (100%) running_loss=0.4387
epoch 93/250 done: train_loss=0.4387 val_loss=0.3047 val_accuracy=0.8975 val_macro_f1=0.8643 val_macro_auc=0.9837 (checkpoint_metric=macro_auc)
train epoch 94/250 batch 13/66 (20%) running_loss=0.4696
train epoch 94/250 batch 26/66 (39%) running_loss=0.4549
train epoch 94/250 batch 39/66 (59%) running_loss=0.4612
train epoch 94/250 batch 52/66 (79%) running_loss=0.4590
train epoch 94/250 batch 65/66 (98%) running_loss=0.4557
train epoch 94/250 batch 66/66 (100%) running_loss=0.4557
epoch 94/250 done: train_loss=0.4557 val_loss=0.1752 val_accuracy=0.9488 val_macro_f1=0.9260 val_macro_auc=0.9950 (checkpoint_metric=macro_auc)
train epoch 95/250 batch 13/66 (20%) running_loss=0.4433
train epoch 95/250 batch 26/66 (39%) running_loss=0.4552
train epoch 95/250 batch 39/66 (59%) running_loss=0.4454
train epoch 95/250 batch 52/66 (79%) running_loss=0.4502
train epoch 95/250 batch 65/66 (98%) running_loss=0.4444
train epoch 95/250 batch 66/66 (100%) running_loss=0.4451
epoch 95/250 done: train_loss=0.4451 val_loss=0.2057 val_accuracy=0.9303 val_macro_f1=0.9056 val_macro_auc=0.9913 (checkpoint_metric=macro_auc)
train epoch 96/250 batch 13/66 (20%) running_loss=0.4212
train epoch 96/250 batch 26/66 (39%) running_loss=0.4218
train epoch 96/250 batch 39/66 (59%) running_loss=0.4325
train epoch 96/250 batch 52/66 (79%) running_loss=0.4381
train epoch 96/250 batch 65/66 (98%) running_loss=0.4414
train epoch 96/250 batch 66/66 (100%) running_loss=0.4409
epoch 96/250 done: train_loss=0.4409 val_loss=0.1987 val_accuracy=0.9385 val_macro_f1=0.9197 val_macro_auc=0.9930 (checkpoint_metric=macro_auc) [new best]
train epoch 97/250 batch 13/66 (20%) running_loss=0.4105
train epoch 97/250 batch 26/66 (39%) running_loss=0.4145
train epoch 97/250 batch 39/66 (59%) running_loss=0.4167
train epoch 97/250 batch 52/66 (79%) running_loss=0.4235
train epoch 97/250 batch 65/66 (98%) running_loss=0.4270
train epoch 97/250 batch 66/66 (100%) running_loss=0.4264
epoch 97/250 done: train_loss=0.4264 val_loss=0.1920 val_accuracy=0.9467 val_macro_f1=0.9294 val_macro_auc=0.9937 (checkpoint_metric=macro_auc)
train epoch 98/250 batch 13/66 (20%) running_loss=0.4646
train epoch 98/250 batch 26/66 (39%) running_loss=0.4518
train epoch 98/250 batch 39/66 (59%) running_loss=0.4510
train epoch 98/250 batch 52/66 (79%) running_loss=0.4474
train epoch 98/250 batch 65/66 (98%) running_loss=0.4448
train epoch 98/250 batch 66/66 (100%) running_loss=0.4447
epoch 98/250 done: train_loss=0.4447 val_loss=0.2103 val_accuracy=0.9488 val_macro_f1=0.9307 val_macro_auc=0.9931 (checkpoint_metric=macro_auc) [new best]
train epoch 99/250 batch 13/66 (20%) running_loss=0.4179
train epoch 99/250 batch 26/66 (39%) running_loss=0.4301
train epoch 99/250 batch 39/66 (59%) running_loss=0.4435
train epoch 99/250 batch 52/66 (79%) running_loss=0.4433
train epoch 99/250 batch 65/66 (98%) running_loss=0.4421
train epoch 99/250 batch 66/66 (100%) running_loss=0.4422
epoch 99/250 done: train_loss=0.4422 val_loss=0.2159 val_accuracy=0.9406 val_macro_f1=0.9183 val_macro_auc=0.9936 (checkpoint_metric=macro_auc) [new best]
train epoch 100/250 batch 13/66 (20%) running_loss=0.4306
train epoch 100/250 batch 26/66 (39%) running_loss=0.4494
train epoch 100/250 batch 39/66 (59%) running_loss=0.4445
train epoch 100/250 batch 52/66 (79%) running_loss=0.4537
train epoch 100/250 batch 65/66 (98%) running_loss=0.4483
train epoch 100/250 batch 66/66 (100%) running_loss=0.4483
epoch 100/250 done: train_loss=0.4483 val_loss=0.2000 val_accuracy=0.9467 val_macro_f1=0.9250 val_macro_auc=0.9917 (checkpoint_metric=macro_auc)
train epoch 101/250 batch 13/66 (20%) running_loss=0.4557
train epoch 101/250 batch 26/66 (39%) running_loss=0.4533
train epoch 101/250 batch 39/66 (59%) running_loss=0.4493
train epoch 101/250 batch 52/66 (79%) running_loss=0.4461
train epoch 101/250 batch 65/66 (98%) running_loss=0.4415
train epoch 101/250 batch 66/66 (100%) running_loss=0.4406
epoch 101/250 done: train_loss=0.4406 val_loss=0.2255 val_accuracy=0.9344 val_macro_f1=0.9157 val_macro_auc=0.9927 (checkpoint_metric=macro_auc)
train epoch 102/250 batch 13/66 (20%) running_loss=0.4211
train epoch 102/250 batch 26/66 (39%) running_loss=0.4240
train epoch 102/250 batch 39/66 (59%) running_loss=0.4363
train epoch 102/250 batch 52/66 (79%) running_loss=0.4336
train epoch 102/250 batch 65/66 (98%) running_loss=0.4383
train epoch 102/250 batch 66/66 (100%) running_loss=0.4378
epoch 102/250 done: train_loss=0.4378 val_loss=0.2072 val_accuracy=0.9324 val_macro_f1=0.9018 val_macro_auc=0.9891 (checkpoint_metric=macro_auc)
train epoch 103/250 batch 13/66 (20%) running_loss=0.4488
train epoch 103/250 batch 26/66 (39%) running_loss=0.4541
train epoch 103/250 batch 39/66 (59%) running_loss=0.4474
train epoch 103/250 batch 52/66 (79%) running_loss=0.4469
train epoch 103/250 batch 65/66 (98%) running_loss=0.4434
train epoch 103/250 batch 66/66 (100%) running_loss=0.4433
epoch 103/250 done: train_loss=0.4433 val_loss=0.1965 val_accuracy=0.9447 val_macro_f1=0.9289 val_macro_auc=0.9923 (checkpoint_metric=macro_auc)
train epoch 104/250 batch 13/66 (20%) running_loss=0.4265
train epoch 104/250 batch 26/66 (39%) running_loss=0.4250
train epoch 104/250 batch 39/66 (59%) running_loss=0.4175
train epoch 104/250 batch 52/66 (79%) running_loss=0.4210
train epoch 104/250 batch 65/66 (98%) running_loss=0.4253
train epoch 104/250 batch 66/66 (100%) running_loss=0.4252
epoch 104/250 done: train_loss=0.4252 val_loss=0.1906 val_accuracy=0.9488 val_macro_f1=0.9314 val_macro_auc=0.9934 (checkpoint_metric=macro_auc)
train epoch 105/250 batch 13/66 (20%) running_loss=0.4349
train epoch 105/250 batch 26/66 (39%) running_loss=0.4362
train epoch 105/250 batch 39/66 (59%) running_loss=0.4298
train epoch 105/250 batch 52/66 (79%) running_loss=0.4344
train epoch 105/250 batch 65/66 (98%) running_loss=0.4351
train epoch 105/250 batch 66/66 (100%) running_loss=0.4358
epoch 105/250 done: train_loss=0.4358 val_loss=0.2776 val_accuracy=0.9057 val_macro_f1=0.8729 val_macro_auc=0.9836 (checkpoint_metric=macro_auc)
train epoch 106/250 batch 13/66 (20%) running_loss=0.4485
train epoch 106/250 batch 26/66 (39%) running_loss=0.4539
train epoch 106/250 batch 39/66 (59%) running_loss=0.4454
train epoch 106/250 batch 52/66 (79%) running_loss=0.4415
train epoch 106/250 batch 65/66 (98%) running_loss=0.4394
train epoch 106/250 batch 66/66 (100%) running_loss=0.4402
epoch 106/250 done: train_loss=0.4402 val_loss=0.1795 val_accuracy=0.9385 val_macro_f1=0.9135 val_macro_auc=0.9930 (checkpoint_metric=macro_auc)
train epoch 107/250 batch 13/66 (20%) running_loss=0.4254
train epoch 107/250 batch 26/66 (39%) running_loss=0.4306
train epoch 107/250 batch 39/66 (59%) running_loss=0.4344
train epoch 107/250 batch 52/66 (79%) running_loss=0.4338
train epoch 107/250 batch 65/66 (98%) running_loss=0.4320
train epoch 107/250 batch 66/66 (100%) running_loss=0.4310
epoch 107/250 done: train_loss=0.4310 val_loss=0.2027 val_accuracy=0.9365 val_macro_f1=0.9154 val_macro_auc=0.9924 (checkpoint_metric=macro_auc)
train epoch 108/250 batch 13/66 (20%) running_loss=0.4525
train epoch 108/250 batch 26/66 (39%) running_loss=0.4397
train epoch 108/250 batch 39/66 (59%) running_loss=0.4328
train epoch 108/250 batch 52/66 (79%) running_loss=0.4361
train epoch 108/250 batch 65/66 (98%) running_loss=0.4355
train epoch 108/250 batch 66/66 (100%) running_loss=0.4359
epoch 108/250 done: train_loss=0.4359 val_loss=0.2025 val_accuracy=0.9324 val_macro_f1=0.9069 val_macro_auc=0.9892 (checkpoint_metric=macro_auc)
train epoch 109/250 batch 13/66 (20%) running_loss=0.4034
train epoch 109/250 batch 26/66 (39%) running_loss=0.4114
train epoch 109/250 batch 39/66 (59%) running_loss=0.4156
train epoch 109/250 batch 52/66 (79%) running_loss=0.4189
train epoch 109/250 batch 65/66 (98%) running_loss=0.4276
train epoch 109/250 batch 66/66 (100%) running_loss=0.4284
epoch 109/250 done: train_loss=0.4284 val_loss=0.2358 val_accuracy=0.9303 val_macro_f1=0.9077 val_macro_auc=0.9886 (checkpoint_metric=macro_auc)
train epoch 110/250 batch 13/66 (20%) running_loss=0.4261
train epoch 110/250 batch 26/66 (39%) running_loss=0.4350
train epoch 110/250 batch 39/66 (59%) running_loss=0.4316
train epoch 110/250 batch 52/66 (79%) running_loss=0.4251
train epoch 110/250 batch 65/66 (98%) running_loss=0.4220
train epoch 110/250 batch 66/66 (100%) running_loss=0.4215
epoch 110/250 done: train_loss=0.4215 val_loss=0.1746 val_accuracy=0.9549 val_macro_f1=0.9327 val_macro_auc=0.9947 (checkpoint_metric=macro_auc)
train epoch 111/250 batch 13/66 (20%) running_loss=0.4333
train epoch 111/250 batch 26/66 (39%) running_loss=0.4361
train epoch 111/250 batch 39/66 (59%) running_loss=0.4273
train epoch 111/250 batch 52/66 (79%) running_loss=0.4266
train epoch 111/250 batch 65/66 (98%) running_loss=0.4211
train epoch 111/250 batch 66/66 (100%) running_loss=0.4206
epoch 111/250 done: train_loss=0.4206 val_loss=0.2378 val_accuracy=0.9160 val_macro_f1=0.8974 val_macro_auc=0.9920 (checkpoint_metric=macro_auc)
train epoch 112/250 batch 13/66 (20%) running_loss=0.4096
train epoch 112/250 batch 26/66 (39%) running_loss=0.4264
train epoch 112/250 batch 39/66 (59%) running_loss=0.4312
train epoch 112/250 batch 52/66 (79%) running_loss=0.4288
train epoch 112/250 batch 65/66 (98%) running_loss=0.4280
train epoch 112/250 batch 66/66 (100%) running_loss=0.4276
epoch 112/250 done: train_loss=0.4276 val_loss=0.2151 val_accuracy=0.9324 val_macro_f1=0.9076 val_macro_auc=0.9908 (checkpoint_metric=macro_auc)
train epoch 113/250 batch 13/66 (20%) running_loss=0.4043
train epoch 113/250 batch 26/66 (39%) running_loss=0.4150
train epoch 113/250 batch 39/66 (59%) running_loss=0.4192
train epoch 113/250 batch 52/66 (79%) running_loss=0.4201
train epoch 113/250 batch 65/66 (98%) running_loss=0.4243
train epoch 113/250 batch 66/66 (100%) running_loss=0.4251
epoch 113/250 done: train_loss=0.4251 val_loss=0.1897 val_accuracy=0.9508 val_macro_f1=0.9360 val_macro_auc=0.9948 (checkpoint_metric=macro_auc)
train epoch 114/250 batch 13/66 (20%) running_loss=0.4135
train epoch 114/250 batch 26/66 (39%) running_loss=0.4277
train epoch 114/250 batch 39/66 (59%) running_loss=0.4245
train epoch 114/250 batch 52/66 (79%) running_loss=0.4226
train epoch 114/250 batch 65/66 (98%) running_loss=0.4240
train epoch 114/250 batch 66/66 (100%) running_loss=0.4247
epoch 114/250 done: train_loss=0.4247 val_loss=0.1611 val_accuracy=0.9508 val_macro_f1=0.9302 val_macro_auc=0.9949 (checkpoint_metric=macro_auc) [new best]
train epoch 115/250 batch 13/66 (20%) running_loss=0.4127
train epoch 115/250 batch 26/66 (39%) running_loss=0.4051
train epoch 115/250 batch 39/66 (59%) running_loss=0.4105
train epoch 115/250 batch 52/66 (79%) running_loss=0.4137
train epoch 115/250 batch 65/66 (98%) running_loss=0.4160
train epoch 115/250 batch 66/66 (100%) running_loss=0.4177
epoch 115/250 done: train_loss=0.4177 val_loss=0.1612 val_accuracy=0.9529 val_macro_f1=0.9278 val_macro_auc=0.9949 (checkpoint_metric=macro_auc) [new best]
train epoch 116/250 batch 13/66 (20%) running_loss=0.4262
train epoch 116/250 batch 26/66 (39%) running_loss=0.4294
train epoch 116/250 batch 39/66 (59%) running_loss=0.4197
train epoch 116/250 batch 52/66 (79%) running_loss=0.4152
train epoch 116/250 batch 65/66 (98%) running_loss=0.4184
train epoch 116/250 batch 66/66 (100%) running_loss=0.4183
epoch 116/250 done: train_loss=0.4183 val_loss=0.2073 val_accuracy=0.9303 val_macro_f1=0.9041 val_macro_auc=0.9915 (checkpoint_metric=macro_auc)
train epoch 117/250 batch 13/66 (20%) running_loss=0.4216
train epoch 117/250 batch 26/66 (39%) running_loss=0.4193
train epoch 117/250 batch 39/66 (59%) running_loss=0.4238
train epoch 117/250 batch 52/66 (79%) running_loss=0.4253
train epoch 117/250 batch 65/66 (98%) running_loss=0.4239
train epoch 117/250 batch 66/66 (100%) running_loss=0.4235
epoch 117/250 done: train_loss=0.4235 val_loss=0.2115 val_accuracy=0.9303 val_macro_f1=0.9167 val_macro_auc=0.9940 (checkpoint_metric=macro_auc)
train epoch 118/250 batch 13/66 (20%) running_loss=0.4330
train epoch 118/250 batch 26/66 (39%) running_loss=0.4205
train epoch 118/250 batch 39/66 (59%) running_loss=0.4262
train epoch 118/250 batch 52/66 (79%) running_loss=0.4305
train epoch 118/250 batch 65/66 (98%) running_loss=0.4279
train epoch 118/250 batch 66/66 (100%) running_loss=0.4276
epoch 118/250 done: train_loss=0.4276 val_loss=0.2573 val_accuracy=0.9139 val_macro_f1=0.8875 val_macro_auc=0.9896 (checkpoint_metric=macro_auc)
train epoch 119/250 batch 13/66 (20%) running_loss=0.4361
train epoch 119/250 batch 26/66 (39%) running_loss=0.4256
train epoch 119/250 batch 39/66 (59%) running_loss=0.4235
train epoch 119/250 batch 52/66 (79%) running_loss=0.4172
train epoch 119/250 batch 65/66 (98%) running_loss=0.4146
train epoch 119/250 batch 66/66 (100%) running_loss=0.4140
epoch 119/250 done: train_loss=0.4140 val_loss=0.1596 val_accuracy=0.9652 val_macro_f1=0.9517 val_macro_auc=0.9962 (checkpoint_metric=macro_auc)
train epoch 120/250 batch 13/66 (20%) running_loss=0.4088
train epoch 120/250 batch 26/66 (39%) running_loss=0.4061
train epoch 120/250 batch 39/66 (59%) running_loss=0.4107
train epoch 120/250 batch 52/66 (79%) running_loss=0.4079
train epoch 120/250 batch 65/66 (98%) running_loss=0.4101
train epoch 120/250 batch 66/66 (100%) running_loss=0.4100
epoch 120/250 done: train_loss=0.4100 val_loss=0.1502 val_accuracy=0.9631 val_macro_f1=0.9490 val_macro_auc=0.9945 (checkpoint_metric=macro_auc)
train epoch 121/250 batch 13/66 (20%) running_loss=0.3976
train epoch 121/250 batch 26/66 (39%) running_loss=0.4153
train epoch 121/250 batch 39/66 (59%) running_loss=0.4066
train epoch 121/250 batch 52/66 (79%) running_loss=0.4094
train epoch 121/250 batch 65/66 (98%) running_loss=0.4062
train epoch 121/250 batch 66/66 (100%) running_loss=0.4067
epoch 121/250 done: train_loss=0.4067 val_loss=0.1733 val_accuracy=0.9529 val_macro_f1=0.9381 val_macro_auc=0.9962 (checkpoint_metric=macro_auc) [new best]
train epoch 122/250 batch 13/66 (20%) running_loss=0.4095
train epoch 122/250 batch 26/66 (39%) running_loss=0.4147
train epoch 122/250 batch 39/66 (59%) running_loss=0.4104
train epoch 122/250 batch 52/66 (79%) running_loss=0.4174
train epoch 122/250 batch 65/66 (98%) running_loss=0.4214
train epoch 122/250 batch 66/66 (100%) running_loss=0.4207
epoch 122/250 done: train_loss=0.4207 val_loss=0.1733 val_accuracy=0.9549 val_macro_f1=0.9377 val_macro_auc=0.9948 (checkpoint_metric=macro_auc)
train epoch 123/250 batch 13/66 (20%) running_loss=0.4247
train epoch 123/250 batch 26/66 (39%) running_loss=0.4151
train epoch 123/250 batch 39/66 (59%) running_loss=0.4155
train epoch 123/250 batch 52/66 (79%) running_loss=0.4155
train epoch 123/250 batch 65/66 (98%) running_loss=0.4128
train epoch 123/250 batch 66/66 (100%) running_loss=0.4134
epoch 123/250 done: train_loss=0.4134 val_loss=0.1817 val_accuracy=0.9652 val_macro_f1=0.9524 val_macro_auc=0.9963 (checkpoint_metric=macro_auc) [new best]
train epoch 124/250 batch 13/66 (20%) running_loss=0.4076
train epoch 124/250 batch 26/66 (39%) running_loss=0.4067
train epoch 124/250 batch 39/66 (59%) running_loss=0.4063
train epoch 124/250 batch 52/66 (79%) running_loss=0.4048
train epoch 124/250 batch 65/66 (98%) running_loss=0.4052
train epoch 124/250 batch 66/66 (100%) running_loss=0.4065
epoch 124/250 done: train_loss=0.4065 val_loss=0.1846 val_accuracy=0.9529 val_macro_f1=0.9335 val_macro_auc=0.9962 (checkpoint_metric=macro_auc)
train epoch 125/250 batch 13/66 (20%) running_loss=0.4299
train epoch 125/250 batch 26/66 (39%) running_loss=0.4081
train epoch 125/250 batch 39/66 (59%) running_loss=0.4040
train epoch 125/250 batch 52/66 (79%) running_loss=0.4111
train epoch 125/250 batch 65/66 (98%) running_loss=0.4087
train epoch 125/250 batch 66/66 (100%) running_loss=0.4082
epoch 125/250 done: train_loss=0.4082 val_loss=0.1798 val_accuracy=0.9611 val_macro_f1=0.9468 val_macro_auc=0.9951 (checkpoint_metric=macro_auc) [new best]
train epoch 126/250 batch 13/66 (20%) running_loss=0.4114
train epoch 126/250 batch 26/66 (39%) running_loss=0.4099
train epoch 126/250 batch 39/66 (59%) running_loss=0.4093
train epoch 126/250 batch 52/66 (79%) running_loss=0.4099
train epoch 126/250 batch 65/66 (98%) running_loss=0.4121
train epoch 126/250 batch 66/66 (100%) running_loss=0.4115
epoch 126/250 done: train_loss=0.4115 val_loss=0.1859 val_accuracy=0.9508 val_macro_f1=0.9319 val_macro_auc=0.9930 (checkpoint_metric=macro_auc)
train epoch 127/250 batch 13/66 (20%) running_loss=0.4268
train epoch 127/250 batch 26/66 (39%) running_loss=0.4183
train epoch 127/250 batch 39/66 (59%) running_loss=0.4167
train epoch 127/250 batch 52/66 (79%) running_loss=0.4138
train epoch 127/250 batch 65/66 (98%) running_loss=0.4085
train epoch 127/250 batch 66/66 (100%) running_loss=0.4092
epoch 127/250 done: train_loss=0.4092 val_loss=0.2099 val_accuracy=0.9426 val_macro_f1=0.9247 val_macro_auc=0.9927 (checkpoint_metric=macro_auc)
train epoch 128/250 batch 13/66 (20%) running_loss=0.4034
train epoch 128/250 batch 26/66 (39%) running_loss=0.3969
train epoch 128/250 batch 39/66 (59%) running_loss=0.3991
train epoch 128/250 batch 52/66 (79%) running_loss=0.4054
train epoch 128/250 batch 65/66 (98%) running_loss=0.4081
train epoch 128/250 batch 66/66 (100%) running_loss=0.4085
epoch 128/250 done: train_loss=0.4085 val_loss=0.2013 val_accuracy=0.9406 val_macro_f1=0.9215 val_macro_auc=0.9920 (checkpoint_metric=macro_auc)
train epoch 129/250 batch 13/66 (20%) running_loss=0.3897
train epoch 129/250 batch 26/66 (39%) running_loss=0.3965
train epoch 129/250 batch 39/66 (59%) running_loss=0.3977
train epoch 129/250 batch 52/66 (79%) running_loss=0.4030
train epoch 129/250 batch 65/66 (98%) running_loss=0.4066
train epoch 129/250 batch 66/66 (100%) running_loss=0.4067
epoch 129/250 done: train_loss=0.4067 val_loss=0.1993 val_accuracy=0.9467 val_macro_f1=0.9257 val_macro_auc=0.9940 (checkpoint_metric=macro_auc)
train epoch 130/250 batch 13/66 (20%) running_loss=0.3899
train epoch 130/250 batch 26/66 (39%) running_loss=0.3928
train epoch 130/250 batch 39/66 (59%) running_loss=0.4038
train epoch 130/250 batch 52/66 (79%) running_loss=0.4041
train epoch 130/250 batch 65/66 (98%) running_loss=0.4025
train epoch 130/250 batch 66/66 (100%) running_loss=0.4032
epoch 130/250 done: train_loss=0.4032 val_loss=0.1874 val_accuracy=0.9488 val_macro_f1=0.9300 val_macro_auc=0.9937 (checkpoint_metric=macro_auc)
train epoch 131/250 batch 13/66 (20%) running_loss=0.4090
train epoch 131/250 batch 26/66 (39%) running_loss=0.3999
train epoch 131/250 batch 39/66 (59%) running_loss=0.4062
train epoch 131/250 batch 52/66 (79%) running_loss=0.4070
train epoch 131/250 batch 65/66 (98%) running_loss=0.4077
train epoch 131/250 batch 66/66 (100%) running_loss=0.4080
epoch 131/250 done: train_loss=0.4080 val_loss=0.2271 val_accuracy=0.9365 val_macro_f1=0.9160 val_macro_auc=0.9923 (checkpoint_metric=macro_auc)
train epoch 132/250 batch 13/66 (20%) running_loss=0.3981
train epoch 132/250 batch 26/66 (39%) running_loss=0.3923
train epoch 132/250 batch 39/66 (59%) running_loss=0.3907
train epoch 132/250 batch 52/66 (79%) running_loss=0.3941
train epoch 132/250 batch 65/66 (98%) running_loss=0.3933
train epoch 132/250 batch 66/66 (100%) running_loss=0.3929
epoch 132/250 done: train_loss=0.3929 val_loss=0.2058 val_accuracy=0.9447 val_macro_f1=0.9258 val_macro_auc=0.9948 (checkpoint_metric=macro_auc)
train epoch 133/250 batch 13/66 (20%) running_loss=0.4006
train epoch 133/250 batch 26/66 (39%) running_loss=0.3902
train epoch 133/250 batch 39/66 (59%) running_loss=0.3908
train epoch 133/250 batch 52/66 (79%) running_loss=0.3935
train epoch 133/250 batch 65/66 (98%) running_loss=0.3945
train epoch 133/250 batch 66/66 (100%) running_loss=0.3941
epoch 133/250 done: train_loss=0.3941 val_loss=0.1636 val_accuracy=0.9652 val_macro_f1=0.9493 val_macro_auc=0.9928 (checkpoint_metric=macro_auc)
train epoch 134/250 batch 13/66 (20%) running_loss=0.3978
train epoch 134/250 batch 26/66 (39%) running_loss=0.4011
train epoch 134/250 batch 39/66 (59%) running_loss=0.3996
train epoch 134/250 batch 52/66 (79%) running_loss=0.3997
train epoch 134/250 batch 65/66 (98%) running_loss=0.4034
train epoch 134/250 batch 66/66 (100%) running_loss=0.4035
epoch 134/250 done: train_loss=0.4035 val_loss=0.1605 val_accuracy=0.9570 val_macro_f1=0.9432 val_macro_auc=0.9956 (checkpoint_metric=macro_auc)
train epoch 135/250 batch 13/66 (20%) running_loss=0.4307
train epoch 135/250 batch 26/66 (39%) running_loss=0.4245
train epoch 135/250 batch 39/66 (59%) running_loss=0.4156
train epoch 135/250 batch 52/66 (79%) running_loss=0.4056
train epoch 135/250 batch 65/66 (98%) running_loss=0.4063
train epoch 135/250 batch 66/66 (100%) running_loss=0.4057
epoch 135/250 done: train_loss=0.4057 val_loss=0.1606 val_accuracy=0.9590 val_macro_f1=0.9428 val_macro_auc=0.9956 (checkpoint_metric=macro_auc)
train epoch 136/250 batch 13/66 (20%) running_loss=0.4331
train epoch 136/250 batch 26/66 (39%) running_loss=0.4266
train epoch 136/250 batch 39/66 (59%) running_loss=0.4195
train epoch 136/250 batch 52/66 (79%) running_loss=0.4134
train epoch 136/250 batch 65/66 (98%) running_loss=0.4108
train epoch 136/250 batch 66/66 (100%) running_loss=0.4111
epoch 136/250 done: train_loss=0.4111 val_loss=0.1566 val_accuracy=0.9652 val_macro_f1=0.9545 val_macro_auc=0.9957 (checkpoint_metric=macro_auc)
train epoch 137/250 batch 13/66 (20%) running_loss=0.3913
train epoch 137/250 batch 26/66 (39%) running_loss=0.3927
train epoch 137/250 batch 39/66 (59%) running_loss=0.3945
train epoch 137/250 batch 52/66 (79%) running_loss=0.3927
train epoch 137/250 batch 65/66 (98%) running_loss=0.3984
train epoch 137/250 batch 66/66 (100%) running_loss=0.3995
epoch 137/250 done: train_loss=0.3995 val_loss=0.2059 val_accuracy=0.9447 val_macro_f1=0.9301 val_macro_auc=0.9937 (checkpoint_metric=macro_auc)
train epoch 138/250 batch 13/66 (20%) running_loss=0.4046
train epoch 138/250 batch 26/66 (39%) running_loss=0.3952
train epoch 138/250 batch 39/66 (59%) running_loss=0.3935
train epoch 138/250 batch 52/66 (79%) running_loss=0.3962
train epoch 138/250 batch 65/66 (98%) running_loss=0.3958
train epoch 138/250 batch 66/66 (100%) running_loss=0.3972
epoch 138/250 done: train_loss=0.3972 val_loss=0.1757 val_accuracy=0.9549 val_macro_f1=0.9376 val_macro_auc=0.9933 (checkpoint_metric=macro_auc)
train epoch 139/250 batch 13/66 (20%) running_loss=0.4009
train epoch 139/250 batch 26/66 (39%) running_loss=0.3987
train epoch 139/250 batch 39/66 (59%) running_loss=0.3949
train epoch 139/250 batch 52/66 (79%) running_loss=0.3872
train epoch 139/250 batch 65/66 (98%) running_loss=0.3861
train epoch 139/250 batch 66/66 (100%) running_loss=0.3859
epoch 139/250 done: train_loss=0.3859 val_loss=0.1743 val_accuracy=0.9529 val_macro_f1=0.9406 val_macro_auc=0.9945 (checkpoint_metric=macro_auc)
train epoch 140/250 batch 13/66 (20%) running_loss=0.4016
train epoch 140/250 batch 26/66 (39%) running_loss=0.3882
train epoch 140/250 batch 39/66 (59%) running_loss=0.3829
train epoch 140/250 batch 52/66 (79%) running_loss=0.3814
train epoch 140/250 batch 65/66 (98%) running_loss=0.3840
train epoch 140/250 batch 66/66 (100%) running_loss=0.3839
epoch 140/250 done: train_loss=0.3839 val_loss=0.1849 val_accuracy=0.9570 val_macro_f1=0.9433 val_macro_auc=0.9947 (checkpoint_metric=macro_auc)
train epoch 141/250 batch 13/66 (20%) running_loss=0.4027
train epoch 141/250 batch 26/66 (39%) running_loss=0.4084
train epoch 141/250 batch 39/66 (59%) running_loss=0.3960
train epoch 141/250 batch 52/66 (79%) running_loss=0.3975
train epoch 141/250 batch 65/66 (98%) running_loss=0.3921
train epoch 141/250 batch 66/66 (100%) running_loss=0.3921
epoch 141/250 done: train_loss=0.3921 val_loss=0.1813 val_accuracy=0.9652 val_macro_f1=0.9558 val_macro_auc=0.9950 (checkpoint_metric=macro_auc)
train epoch 142/250 batch 13/66 (20%) running_loss=0.3773
train epoch 142/250 batch 26/66 (39%) running_loss=0.3770
train epoch 142/250 batch 39/66 (59%) running_loss=0.3802
train epoch 142/250 batch 52/66 (79%) running_loss=0.3843
train epoch 142/250 batch 65/66 (98%) running_loss=0.3921
train epoch 142/250 batch 66/66 (100%) running_loss=0.3920
epoch 142/250 done: train_loss=0.3920 val_loss=0.2272 val_accuracy=0.9139 val_macro_f1=0.8905 val_macro_auc=0.9910 (checkpoint_metric=macro_auc)
train epoch 143/250 batch 13/66 (20%) running_loss=0.4005
train epoch 143/250 batch 26/66 (39%) running_loss=0.3933
train epoch 143/250 batch 39/66 (59%) running_loss=0.3866
train epoch 143/250 batch 52/66 (79%) running_loss=0.3899
train epoch 143/250 batch 65/66 (98%) running_loss=0.3921
train epoch 143/250 batch 66/66 (100%) running_loss=0.3931
epoch 143/250 done: train_loss=0.3931 val_loss=0.2023 val_accuracy=0.9365 val_macro_f1=0.9148 val_macro_auc=0.9919 (checkpoint_metric=macro_auc)
train epoch 144/250 batch 13/66 (20%) running_loss=0.3848
train epoch 144/250 batch 26/66 (39%) running_loss=0.3856
train epoch 144/250 batch 39/66 (59%) running_loss=0.3866
train epoch 144/250 batch 52/66 (79%) running_loss=0.3892
train epoch 144/250 batch 65/66 (98%) running_loss=0.3867
train epoch 144/250 batch 66/66 (100%) running_loss=0.3863
epoch 144/250 done: train_loss=0.3863 val_loss=0.2063 val_accuracy=0.9447 val_macro_f1=0.9270 val_macro_auc=0.9924 (checkpoint_metric=macro_auc)
train epoch 145/250 batch 13/66 (20%) running_loss=0.3823
train epoch 145/250 batch 26/66 (39%) running_loss=0.3757
train epoch 145/250 batch 39/66 (59%) running_loss=0.3800
train epoch 145/250 batch 52/66 (79%) running_loss=0.3795
train epoch 145/250 batch 65/66 (98%) running_loss=0.3794
train epoch 145/250 batch 66/66 (100%) running_loss=0.3791
epoch 145/250 done: train_loss=0.3791 val_loss=0.2053 val_accuracy=0.9447 val_macro_f1=0.9249 val_macro_auc=0.9916 (checkpoint_metric=macro_auc)
train epoch 146/250 batch 13/66 (20%) running_loss=0.3798
train epoch 146/250 batch 26/66 (39%) running_loss=0.3878
train epoch 146/250 batch 39/66 (59%) running_loss=0.3966
train epoch 146/250 batch 52/66 (79%) running_loss=0.3949
train epoch 146/250 batch 65/66 (98%) running_loss=0.3943
train epoch 146/250 batch 66/66 (100%) running_loss=0.3940
epoch 146/250 done: train_loss=0.3940 val_loss=0.2010 val_accuracy=0.9488 val_macro_f1=0.9301 val_macro_auc=0.9912 (checkpoint_metric=macro_auc)
train epoch 147/250 batch 13/66 (20%) running_loss=0.3686
train epoch 147/250 batch 26/66 (39%) running_loss=0.3689
train epoch 147/250 batch 39/66 (59%) running_loss=0.3778
train epoch 147/250 batch 52/66 (79%) running_loss=0.3795
train epoch 147/250 batch 65/66 (98%) running_loss=0.3803
train epoch 147/250 batch 66/66 (100%) running_loss=0.3806
epoch 147/250 done: train_loss=0.3806 val_loss=0.1888 val_accuracy=0.9467 val_macro_f1=0.9275 val_macro_auc=0.9927 (checkpoint_metric=macro_auc)
train epoch 148/250 batch 13/66 (20%) running_loss=0.3902
train epoch 148/250 batch 26/66 (39%) running_loss=0.3914
train epoch 148/250 batch 39/66 (59%) running_loss=0.3877
train epoch 148/250 batch 52/66 (79%) running_loss=0.3817
train epoch 148/250 batch 65/66 (98%) running_loss=0.3868
train epoch 148/250 batch 66/66 (100%) running_loss=0.3861
epoch 148/250 done: train_loss=0.3861 val_loss=0.1793 val_accuracy=0.9570 val_macro_f1=0.9408 val_macro_auc=0.9939 (checkpoint_metric=macro_auc)
train epoch 149/250 batch 13/66 (20%) running_loss=0.4055
train epoch 149/250 batch 26/66 (39%) running_loss=0.3833
train epoch 149/250 batch 39/66 (59%) running_loss=0.3857
train epoch 149/250 batch 52/66 (79%) running_loss=0.3831
train epoch 149/250 batch 65/66 (98%) running_loss=0.3872
train epoch 149/250 batch 66/66 (100%) running_loss=0.3880
epoch 149/250 done: train_loss=0.3880 val_loss=0.1861 val_accuracy=0.9426 val_macro_f1=0.9238 val_macro_auc=0.9931 (checkpoint_metric=macro_auc)
train epoch 150/250 batch 13/66 (20%) running_loss=0.3732
train epoch 150/250 batch 26/66 (39%) running_loss=0.3804
train epoch 150/250 batch 39/66 (59%) running_loss=0.3818
train epoch 150/250 batch 52/66 (79%) running_loss=0.3878
train epoch 150/250 batch 65/66 (98%) running_loss=0.3859
train epoch 150/250 batch 66/66 (100%) running_loss=0.3858
epoch 150/250 done: train_loss=0.3858 val_loss=0.1747 val_accuracy=0.9652 val_macro_f1=0.9535 val_macro_auc=0.9950 (checkpoint_metric=macro_auc)
train epoch 151/250 batch 13/66 (20%) running_loss=0.3746
train epoch 151/250 batch 26/66 (39%) running_loss=0.3816
train epoch 151/250 batch 39/66 (59%) running_loss=0.3807
train epoch 151/250 batch 52/66 (79%) running_loss=0.3803
train epoch 151/250 batch 65/66 (98%) running_loss=0.3801
train epoch 151/250 batch 66/66 (100%) running_loss=0.3799
epoch 151/250 done: train_loss=0.3799 val_loss=0.1636 val_accuracy=0.9693 val_macro_f1=0.9575 val_macro_auc=0.9925 (checkpoint_metric=macro_auc)
train epoch 152/250 batch 13/66 (20%) running_loss=0.3790
train epoch 152/250 batch 26/66 (39%) running_loss=0.3799
train epoch 152/250 batch 39/66 (59%) running_loss=0.3799
train epoch 152/250 batch 52/66 (79%) running_loss=0.3868
train epoch 152/250 batch 65/66 (98%) running_loss=0.3824
train epoch 152/250 batch 66/66 (100%) running_loss=0.3825
epoch 152/250 done: train_loss=0.3825 val_loss=0.2176 val_accuracy=0.9303 val_macro_f1=0.9073 val_macro_auc=0.9903 (checkpoint_metric=macro_auc)
train epoch 153/250 batch 13/66 (20%) running_loss=0.3737
train epoch 153/250 batch 26/66 (39%) running_loss=0.3764
train epoch 153/250 batch 39/66 (59%) running_loss=0.3751
train epoch 153/250 batch 52/66 (79%) running_loss=0.3781
train epoch 153/250 batch 65/66 (98%) running_loss=0.3788
train epoch 153/250 batch 66/66 (100%) running_loss=0.3786
epoch 153/250 done: train_loss=0.3786 val_loss=0.1960 val_accuracy=0.9488 val_macro_f1=0.9304 val_macro_auc=0.9904 (checkpoint_metric=macro_auc)
train epoch 154/250 batch 13/66 (20%) running_loss=0.3873
train epoch 154/250 batch 26/66 (39%) running_loss=0.3834
train epoch 154/250 batch 39/66 (59%) running_loss=0.3817
train epoch 154/250 batch 52/66 (79%) running_loss=0.3794
train epoch 154/250 batch 65/66 (98%) running_loss=0.3804
train epoch 154/250 batch 66/66 (100%) running_loss=0.3810
epoch 154/250 done: train_loss=0.3810 val_loss=0.1638 val_accuracy=0.9488 val_macro_f1=0.9291 val_macro_auc=0.9944 (checkpoint_metric=macro_auc)
train epoch 155/250 batch 13/66 (20%) running_loss=0.3726
train epoch 155/250 batch 26/66 (39%) running_loss=0.3712
train epoch 155/250 batch 39/66 (59%) running_loss=0.3683
train epoch 155/250 batch 52/66 (79%) running_loss=0.3723
train epoch 155/250 batch 65/66 (98%) running_loss=0.3750
train epoch 155/250 batch 66/66 (100%) running_loss=0.3745
epoch 155/250 done: train_loss=0.3745 val_loss=0.1867 val_accuracy=0.9508 val_macro_f1=0.9351 val_macro_auc=0.9932 (checkpoint_metric=macro_auc)
train epoch 156/250 batch 13/66 (20%) running_loss=0.3704
train epoch 156/250 batch 26/66 (39%) running_loss=0.3701
train epoch 156/250 batch 39/66 (59%) running_loss=0.3686
train epoch 156/250 batch 52/66 (79%) running_loss=0.3684
train epoch 156/250 batch 65/66 (98%) running_loss=0.3708
train epoch 156/250 batch 66/66 (100%) running_loss=0.3703
epoch 156/250 done: train_loss=0.3703 val_loss=0.1967 val_accuracy=0.9549 val_macro_f1=0.9387 val_macro_auc=0.9915 (checkpoint_metric=macro_auc)
train epoch 157/250 batch 13/66 (20%) running_loss=0.3615
train epoch 157/250 batch 26/66 (39%) running_loss=0.3651
train epoch 157/250 batch 39/66 (59%) running_loss=0.3707
train epoch 157/250 batch 52/66 (79%) running_loss=0.3715
train epoch 157/250 batch 65/66 (98%) running_loss=0.3753
train epoch 157/250 batch 66/66 (100%) running_loss=0.3752
epoch 157/250 done: train_loss=0.3752 val_loss=0.1922 val_accuracy=0.9529 val_macro_f1=0.9369 val_macro_auc=0.9926 (checkpoint_metric=macro_auc)
train epoch 158/250 batch 13/66 (20%) running_loss=0.3726
train epoch 158/250 batch 26/66 (39%) running_loss=0.3794
train epoch 158/250 batch 39/66 (59%) running_loss=0.3806
train epoch 158/250 batch 52/66 (79%) running_loss=0.3842
train epoch 158/250 batch 65/66 (98%) running_loss=0.3856
train epoch 158/250 batch 66/66 (100%) running_loss=0.3851
epoch 158/250 done: train_loss=0.3851 val_loss=0.1744 val_accuracy=0.9631 val_macro_f1=0.9484 val_macro_auc=0.9942 (checkpoint_metric=macro_auc)
train epoch 159/250 batch 13/66 (20%) running_loss=0.3684
train epoch 159/250 batch 26/66 (39%) running_loss=0.3768
train epoch 159/250 batch 39/66 (59%) running_loss=0.3782
train epoch 159/250 batch 52/66 (79%) running_loss=0.3772
train epoch 159/250 batch 65/66 (98%) running_loss=0.3778
train epoch 159/250 batch 66/66 (100%) running_loss=0.3788
epoch 159/250 done: train_loss=0.3788 val_loss=0.1510 val_accuracy=0.9693 val_macro_f1=0.9582 val_macro_auc=0.9950 (checkpoint_metric=macro_auc)
train epoch 160/250 batch 13/66 (20%) running_loss=0.3833
train epoch 160/250 batch 26/66 (39%) running_loss=0.3745
train epoch 160/250 batch 39/66 (59%) running_loss=0.3722
train epoch 160/250 batch 52/66 (79%) running_loss=0.3786
train epoch 160/250 batch 65/66 (98%) running_loss=0.3797
train epoch 160/250 batch 66/66 (100%) running_loss=0.3803
epoch 160/250 done: train_loss=0.3803 val_loss=0.1834 val_accuracy=0.9467 val_macro_f1=0.9304 val_macro_auc=0.9934 (checkpoint_metric=macro_auc)
train epoch 161/250 batch 13/66 (20%) running_loss=0.3925
train epoch 161/250 batch 26/66 (39%) running_loss=0.3770
train epoch 161/250 batch 39/66 (59%) running_loss=0.3769
train epoch 161/250 batch 52/66 (79%) running_loss=0.3772
train epoch 161/250 batch 65/66 (98%) running_loss=0.3810
train epoch 161/250 batch 66/66 (100%) running_loss=0.3806
epoch 161/250 done: train_loss=0.3806 val_loss=0.1490 val_accuracy=0.9672 val_macro_f1=0.9549 val_macro_auc=0.9955 (checkpoint_metric=macro_auc)
train epoch 162/250 batch 13/66 (20%) running_loss=0.3662
train epoch 162/250 batch 26/66 (39%) running_loss=0.3685
train epoch 162/250 batch 39/66 (59%) running_loss=0.3655
train epoch 162/250 batch 52/66 (79%) running_loss=0.3698
train epoch 162/250 batch 65/66 (98%) running_loss=0.3694
train epoch 162/250 batch 66/66 (100%) running_loss=0.3689
epoch 162/250 done: train_loss=0.3689 val_loss=0.1475 val_accuracy=0.9713 val_macro_f1=0.9617 val_macro_auc=0.9960 (checkpoint_metric=macro_auc)
train epoch 163/250 batch 13/66 (20%) running_loss=0.3635
train epoch 163/250 batch 26/66 (39%) running_loss=0.3738
train epoch 163/250 batch 39/66 (59%) running_loss=0.3657
train epoch 163/250 batch 52/66 (79%) running_loss=0.3681
train epoch 163/250 batch 65/66 (98%) running_loss=0.3689
train epoch 163/250 batch 66/66 (100%) running_loss=0.3716
epoch 163/250 done: train_loss=0.3716 val_loss=0.1819 val_accuracy=0.9611 val_macro_f1=0.9464 val_macro_auc=0.9932 (checkpoint_metric=macro_auc)
train epoch 164/250 batch 13/66 (20%) running_loss=0.3510
train epoch 164/250 batch 26/66 (39%) running_loss=0.3678
train epoch 164/250 batch 39/66 (59%) running_loss=0.3749
train epoch 164/250 batch 52/66 (79%) running_loss=0.3773
train epoch 164/250 batch 65/66 (98%) running_loss=0.3750
train epoch 164/250 batch 66/66 (100%) running_loss=0.3744
epoch 164/250 done: train_loss=0.3744 val_loss=0.1690 val_accuracy=0.9652 val_macro_f1=0.9531 val_macro_auc=0.9936 (checkpoint_metric=macro_auc)
train epoch 165/250 batch 13/66 (20%) running_loss=0.3720
train epoch 165/250 batch 26/66 (39%) running_loss=0.3669
train epoch 165/250 batch 39/66 (59%) running_loss=0.3747
train epoch 165/250 batch 52/66 (79%) running_loss=0.3722
train epoch 165/250 batch 65/66 (98%) running_loss=0.3758
train epoch 165/250 batch 66/66 (100%) running_loss=0.3770
epoch 165/250 done: train_loss=0.3770 val_loss=0.1680 val_accuracy=0.9631 val_macro_f1=0.9476 val_macro_auc=0.9949 (checkpoint_metric=macro_auc)
train epoch 166/250 batch 13/66 (20%) running_loss=0.3683
train epoch 166/250 batch 26/66 (39%) running_loss=0.3686
train epoch 166/250 batch 39/66 (59%) running_loss=0.3730
train epoch 166/250 batch 52/66 (79%) running_loss=0.3691
train epoch 166/250 batch 65/66 (98%) running_loss=0.3753
train epoch 166/250 batch 66/66 (100%) running_loss=0.3748
epoch 166/250 done: train_loss=0.3748 val_loss=0.1925 val_accuracy=0.9529 val_macro_f1=0.9370 val_macro_auc=0.9931 (checkpoint_metric=macro_auc)
train epoch 167/250 batch 13/66 (20%) running_loss=0.3783
train epoch 167/250 batch 26/66 (39%) running_loss=0.3697
train epoch 167/250 batch 39/66 (59%) running_loss=0.3743
train epoch 167/250 batch 52/66 (79%) running_loss=0.3738
train epoch 167/250 batch 65/66 (98%) running_loss=0.3730
train epoch 167/250 batch 66/66 (100%) running_loss=0.3725
epoch 167/250 done: train_loss=0.3725 val_loss=0.1571 val_accuracy=0.9590 val_macro_f1=0.9447 val_macro_auc=0.9939 (checkpoint_metric=macro_auc)
train epoch 168/250 batch 13/66 (20%) running_loss=0.3618
train epoch 168/250 batch 26/66 (39%) running_loss=0.3637
train epoch 168/250 batch 39/66 (59%) running_loss=0.3646
train epoch 168/250 batch 52/66 (79%) running_loss=0.3648
train epoch 168/250 batch 65/66 (98%) running_loss=0.3701
train epoch 168/250 batch 66/66 (100%) running_loss=0.3702
epoch 168/250 done: train_loss=0.3702 val_loss=0.1590 val_accuracy=0.9611 val_macro_f1=0.9465 val_macro_auc=0.9947 (checkpoint_metric=macro_auc)
train epoch 169/250 batch 13/66 (20%) running_loss=0.3551
train epoch 169/250 batch 26/66 (39%) running_loss=0.3586
train epoch 169/250 batch 39/66 (59%) running_loss=0.3633
train epoch 169/250 batch 52/66 (79%) running_loss=0.3621
train epoch 169/250 batch 65/66 (98%) running_loss=0.3638
train epoch 169/250 batch 66/66 (100%) running_loss=0.3636
epoch 169/250 done: train_loss=0.3636 val_loss=0.2073 val_accuracy=0.9426 val_macro_f1=0.9238 val_macro_auc=0.9917 (checkpoint_metric=macro_auc)
train epoch 170/250 batch 13/66 (20%) running_loss=0.3623
train epoch 170/250 batch 26/66 (39%) running_loss=0.3696
train epoch 170/250 batch 39/66 (59%) running_loss=0.3652
train epoch 170/250 batch 52/66 (79%) running_loss=0.3710
train epoch 170/250 batch 65/66 (98%) running_loss=0.3686
train epoch 170/250 batch 66/66 (100%) running_loss=0.3692
epoch 170/250 done: train_loss=0.3692 val_loss=0.1734 val_accuracy=0.9570 val_macro_f1=0.9434 val_macro_auc=0.9945 (checkpoint_metric=macro_auc)
train epoch 171/250 batch 13/66 (20%) running_loss=0.3589
train epoch 171/250 batch 26/66 (39%) running_loss=0.3606
train epoch 171/250 batch 39/66 (59%) running_loss=0.3644
train epoch 171/250 batch 52/66 (79%) running_loss=0.3654
train epoch 171/250 batch 65/66 (98%) running_loss=0.3664
train epoch 171/250 batch 66/66 (100%) running_loss=0.3663
epoch 171/250 done: train_loss=0.3663 val_loss=0.1612 val_accuracy=0.9652 val_macro_f1=0.9504 val_macro_auc=0.9952 (checkpoint_metric=macro_auc)
train epoch 172/250 batch 13/66 (20%) running_loss=0.3676
train epoch 172/250 batch 26/66 (39%) running_loss=0.3662
train epoch 172/250 batch 39/66 (59%) running_loss=0.3651
train epoch 172/250 batch 52/66 (79%) running_loss=0.3675
train epoch 172/250 batch 65/66 (98%) running_loss=0.3695
train epoch 172/250 batch 66/66 (100%) running_loss=0.3692
epoch 172/250 done: train_loss=0.3692 val_loss=0.1710 val_accuracy=0.9447 val_macro_f1=0.9271 val_macro_auc=0.9931 (checkpoint_metric=macro_auc)
train epoch 173/250 batch 13/66 (20%) running_loss=0.3575
train epoch 173/250 batch 26/66 (39%) running_loss=0.3662
train epoch 173/250 batch 39/66 (59%) running_loss=0.3648
train epoch 173/250 batch 52/66 (79%) running_loss=0.3614
train epoch 173/250 batch 65/66 (98%) running_loss=0.3616
train epoch 173/250 batch 66/66 (100%) running_loss=0.3615
epoch 173/250 done: train_loss=0.3615 val_loss=0.1588 val_accuracy=0.9693 val_macro_f1=0.9600 val_macro_auc=0.9950 (checkpoint_metric=macro_auc)
train epoch 174/250 batch 13/66 (20%) running_loss=0.3455
train epoch 174/250 batch 26/66 (39%) running_loss=0.3569
train epoch 174/250 batch 39/66 (59%) running_loss=0.3605
train epoch 174/250 batch 52/66 (79%) running_loss=0.3633
train epoch 174/250 batch 65/66 (98%) running_loss=0.3683
train epoch 174/250 batch 66/66 (100%) running_loss=0.3678
epoch 174/250 done: train_loss=0.3678 val_loss=0.1672 val_accuracy=0.9631 val_macro_f1=0.9513 val_macro_auc=0.9950 (checkpoint_metric=macro_auc)
train epoch 175/250 batch 13/66 (20%) running_loss=0.3544
train epoch 175/250 batch 26/66 (39%) running_loss=0.3506
train epoch 175/250 batch 39/66 (59%) running_loss=0.3564
train epoch 175/250 batch 52/66 (79%) running_loss=0.3581
train epoch 175/250 batch 65/66 (98%) running_loss=0.3574
train epoch 175/250 batch 66/66 (100%) running_loss=0.3572
epoch 175/250 done: train_loss=0.3572 val_loss=0.1816 val_accuracy=0.9529 val_macro_f1=0.9387 val_macro_auc=0.9949 (checkpoint_metric=macro_auc)
train epoch 176/250 batch 13/66 (20%) running_loss=0.3655
train epoch 176/250 batch 26/66 (39%) running_loss=0.3634
train epoch 176/250 batch 39/66 (59%) running_loss=0.3604
train epoch 176/250 batch 52/66 (79%) running_loss=0.3612
train epoch 176/250 batch 65/66 (98%) running_loss=0.3609
train epoch 176/250 batch 66/66 (100%) running_loss=0.3609
epoch 176/250 done: train_loss=0.3609 val_loss=0.1559 val_accuracy=0.9693 val_macro_f1=0.9580 val_macro_auc=0.9947 (checkpoint_metric=macro_auc)
train epoch 177/250 batch 13/66 (20%) running_loss=0.3517
train epoch 177/250 batch 26/66 (39%) running_loss=0.3597
train epoch 177/250 batch 39/66 (59%) running_loss=0.3637
train epoch 177/250 batch 52/66 (79%) running_loss=0.3660
train epoch 177/250 batch 65/66 (98%) running_loss=0.3661
train epoch 177/250 batch 66/66 (100%) running_loss=0.3656
epoch 177/250 done: train_loss=0.3656 val_loss=0.1560 val_accuracy=0.9734 val_macro_f1=0.9665 val_macro_auc=0.9954 (checkpoint_metric=macro_auc)
train epoch 178/250 batch 13/66 (20%) running_loss=0.3433
train epoch 178/250 batch 26/66 (39%) running_loss=0.3454
train epoch 178/250 batch 39/66 (59%) running_loss=0.3562
train epoch 178/250 batch 52/66 (79%) running_loss=0.3599
train epoch 178/250 batch 65/66 (98%) running_loss=0.3658
train epoch 178/250 batch 66/66 (100%) running_loss=0.3660
epoch 178/250 done: train_loss=0.3660 val_loss=0.1621 val_accuracy=0.9713 val_macro_f1=0.9601 val_macro_auc=0.9965 (checkpoint_metric=macro_auc)
train epoch 179/250 batch 13/66 (20%) running_loss=0.3767
train epoch 179/250 batch 26/66 (39%) running_loss=0.3698
train epoch 179/250 batch 39/66 (59%) running_loss=0.3655
train epoch 179/250 batch 52/66 (79%) running_loss=0.3616
train epoch 179/250 batch 65/66 (98%) running_loss=0.3607
train epoch 179/250 batch 66/66 (100%) running_loss=0.3603
epoch 179/250 done: train_loss=0.3603 val_loss=0.1573 val_accuracy=0.9693 val_macro_f1=0.9570 val_macro_auc=0.9948 (checkpoint_metric=macro_auc)
train epoch 180/250 batch 13/66 (20%) running_loss=0.3515
train epoch 180/250 batch 26/66 (39%) running_loss=0.3547
train epoch 180/250 batch 39/66 (59%) running_loss=0.3574
train epoch 180/250 batch 52/66 (79%) running_loss=0.3585
train epoch 180/250 batch 65/66 (98%) running_loss=0.3598
train epoch 180/250 batch 66/66 (100%) running_loss=0.3598
epoch 180/250 done: train_loss=0.3598 val_loss=0.1803 val_accuracy=0.9611 val_macro_f1=0.9485 val_macro_auc=0.9936 (checkpoint_metric=macro_auc)
train epoch 181/250 batch 13/66 (20%) running_loss=0.3653
train epoch 181/250 batch 26/66 (39%) running_loss=0.3633
train epoch 181/250 batch 39/66 (59%) running_loss=0.3599
train epoch 181/250 batch 52/66 (79%) running_loss=0.3594
train epoch 181/250 batch 65/66 (98%) running_loss=0.3591
train epoch 181/250 batch 66/66 (100%) running_loss=0.3590
epoch 181/250 done: train_loss=0.3590 val_loss=0.1613 val_accuracy=0.9611 val_macro_f1=0.9478 val_macro_auc=0.9944 (checkpoint_metric=macro_auc)
train epoch 182/250 batch 13/66 (20%) running_loss=0.3571
train epoch 182/250 batch 26/66 (39%) running_loss=0.3537
train epoch 182/250 batch 39/66 (59%) running_loss=0.3554
train epoch 182/250 batch 52/66 (79%) running_loss=0.3561
train epoch 182/250 batch 65/66 (98%) running_loss=0.3562
train epoch 182/250 batch 66/66 (100%) running_loss=0.3563
epoch 182/250 done: train_loss=0.3563 val_loss=0.1626 val_accuracy=0.9631 val_macro_f1=0.9513 val_macro_auc=0.9942 (checkpoint_metric=macro_auc)
train epoch 183/250 batch 13/66 (20%) running_loss=0.3520
train epoch 183/250 batch 26/66 (39%) running_loss=0.3615
train epoch 183/250 batch 39/66 (59%) running_loss=0.3557
train epoch 183/250 batch 52/66 (79%) running_loss=0.3597
train epoch 183/250 batch 65/66 (98%) running_loss=0.3620
train epoch 183/250 batch 66/66 (100%) running_loss=0.3621
epoch 183/250 done: train_loss=0.3621 val_loss=0.1635 val_accuracy=0.9631 val_macro_f1=0.9514 val_macro_auc=0.9944 (checkpoint_metric=macro_auc)
train epoch 184/250 batch 13/66 (20%) running_loss=0.3616
train epoch 184/250 batch 26/66 (39%) running_loss=0.3629
train epoch 184/250 batch 39/66 (59%) running_loss=0.3624
train epoch 184/250 batch 52/66 (79%) running_loss=0.3612
train epoch 184/250 batch 65/66 (98%) running_loss=0.3583
train epoch 184/250 batch 66/66 (100%) running_loss=0.3581
epoch 184/250 done: train_loss=0.3581 val_loss=0.1757 val_accuracy=0.9611 val_macro_f1=0.9488 val_macro_auc=0.9933 (checkpoint_metric=macro_auc)
train epoch 185/250 batch 13/66 (20%) running_loss=0.3513
train epoch 185/250 batch 26/66 (39%) running_loss=0.3551
train epoch 185/250 batch 39/66 (59%) running_loss=0.3536
train epoch 185/250 batch 52/66 (79%) running_loss=0.3541
train epoch 185/250 batch 65/66 (98%) running_loss=0.3567
train epoch 185/250 batch 66/66 (100%) running_loss=0.3563
epoch 185/250 done: train_loss=0.3563 val_loss=0.1738 val_accuracy=0.9570 val_macro_f1=0.9441 val_macro_auc=0.9934 (checkpoint_metric=macro_auc)
train epoch 186/250 batch 13/66 (20%) running_loss=0.3513
train epoch 186/250 batch 26/66 (39%) running_loss=0.3514
train epoch 186/250 batch 39/66 (59%) running_loss=0.3542
train epoch 186/250 batch 52/66 (79%) running_loss=0.3540
train epoch 186/250 batch 65/66 (98%) running_loss=0.3531
train epoch 186/250 batch 66/66 (100%) running_loss=0.3527
epoch 186/250 done: train_loss=0.3527 val_loss=0.1532 val_accuracy=0.9672 val_macro_f1=0.9558 val_macro_auc=0.9946 (checkpoint_metric=macro_auc)
train epoch 187/250 batch 13/66 (20%) running_loss=0.3403
train epoch 187/250 batch 26/66 (39%) running_loss=0.3452
train epoch 187/250 batch 39/66 (59%) running_loss=0.3482
train epoch 187/250 batch 52/66 (79%) running_loss=0.3508
train epoch 187/250 batch 65/66 (98%) running_loss=0.3535
train epoch 187/250 batch 66/66 (100%) running_loss=0.3536
epoch 187/250 done: train_loss=0.3536 val_loss=0.1686 val_accuracy=0.9590 val_macro_f1=0.9458 val_macro_auc=0.9935 (checkpoint_metric=macro_auc)
train epoch 188/250 batch 13/66 (20%) running_loss=0.3545
train epoch 188/250 batch 26/66 (39%) running_loss=0.3605
train epoch 188/250 batch 39/66 (59%) running_loss=0.3553
train epoch 188/250 batch 52/66 (79%) running_loss=0.3559
train epoch 188/250 batch 65/66 (98%) running_loss=0.3581
train epoch 188/250 batch 66/66 (100%) running_loss=0.3579
epoch 188/250 done: train_loss=0.3579 val_loss=0.1704 val_accuracy=0.9672 val_macro_f1=0.9565 val_macro_auc=0.9931 (checkpoint_metric=macro_auc)
train epoch 189/250 batch 13/66 (20%) running_loss=0.3522
train epoch 189/250 batch 26/66 (39%) running_loss=0.3557
train epoch 189/250 batch 39/66 (59%) running_loss=0.3541
train epoch 189/250 batch 52/66 (79%) running_loss=0.3537
train epoch 189/250 batch 65/66 (98%) running_loss=0.3524
train epoch 189/250 batch 66/66 (100%) running_loss=0.3523
epoch 189/250 done: train_loss=0.3523 val_loss=0.1715 val_accuracy=0.9590 val_macro_f1=0.9483 val_macro_auc=0.9911 (checkpoint_metric=macro_auc)
train epoch 190/250 batch 13/66 (20%) running_loss=0.3455
train epoch 190/250 batch 26/66 (39%) running_loss=0.3524
train epoch 190/250 batch 39/66 (59%) running_loss=0.3497
train epoch 190/250 batch 52/66 (79%) running_loss=0.3522
train epoch 190/250 batch 65/66 (98%) running_loss=0.3517
train epoch 190/250 batch 66/66 (100%) running_loss=0.3529
epoch 190/250 done: train_loss=0.3529 val_loss=0.1530 val_accuracy=0.9734 val_macro_f1=0.9630 val_macro_auc=0.9937 (checkpoint_metric=macro_auc)
train epoch 191/250 batch 13/66 (20%) running_loss=0.3508
train epoch 191/250 batch 26/66 (39%) running_loss=0.3482
train epoch 191/250 batch 39/66 (59%) running_loss=0.3522
train epoch 191/250 batch 52/66 (79%) running_loss=0.3488
train epoch 191/250 batch 65/66 (98%) running_loss=0.3477
train epoch 191/250 batch 66/66 (100%) running_loss=0.3475
epoch 191/250 done: train_loss=0.3475 val_loss=0.1570 val_accuracy=0.9734 val_macro_f1=0.9639 val_macro_auc=0.9941 (checkpoint_metric=macro_auc)
train epoch 192/250 batch 13/66 (20%) running_loss=0.3493
train epoch 192/250 batch 26/66 (39%) running_loss=0.3493
train epoch 192/250 batch 39/66 (59%) running_loss=0.3505
train epoch 192/250 batch 52/66 (79%) running_loss=0.3503
train epoch 192/250 batch 65/66 (98%) running_loss=0.3557
train epoch 192/250 batch 66/66 (100%) running_loss=0.3556
epoch 192/250 done: train_loss=0.3556 val_loss=0.1568 val_accuracy=0.9631 val_macro_f1=0.9514 val_macro_auc=0.9929 (checkpoint_metric=macro_auc)
train epoch 193/250 batch 13/66 (20%) running_loss=0.3503
train epoch 193/250 batch 26/66 (39%) running_loss=0.3560
train epoch 193/250 batch 39/66 (59%) running_loss=0.3608
train epoch 193/250 batch 52/66 (79%) running_loss=0.3588
train epoch 193/250 batch 65/66 (98%) running_loss=0.3556
train epoch 193/250 batch 66/66 (100%) running_loss=0.3555
epoch 193/250 done: train_loss=0.3555 val_loss=0.1624 val_accuracy=0.9652 val_macro_f1=0.9547 val_macro_auc=0.9938 (checkpoint_metric=macro_auc)
train epoch 194/250 batch 13/66 (20%) running_loss=0.3375
train epoch 194/250 batch 26/66 (39%) running_loss=0.3429
train epoch 194/250 batch 39/66 (59%) running_loss=0.3435
train epoch 194/250 batch 52/66 (79%) running_loss=0.3427
train epoch 194/250 batch 65/66 (98%) running_loss=0.3437
train epoch 194/250 batch 66/66 (100%) running_loss=0.3438
epoch 194/250 done: train_loss=0.3438 val_loss=0.1608 val_accuracy=0.9672 val_macro_f1=0.9578 val_macro_auc=0.9932 (checkpoint_metric=macro_auc)
train epoch 195/250 batch 13/66 (20%) running_loss=0.3421
train epoch 195/250 batch 26/66 (39%) running_loss=0.3509
train epoch 195/250 batch 39/66 (59%) running_loss=0.3565
train epoch 195/250 batch 52/66 (79%) running_loss=0.3571
train epoch 195/250 batch 65/66 (98%) running_loss=0.3556
train epoch 195/250 batch 66/66 (100%) running_loss=0.3555
epoch 195/250 done: train_loss=0.3555 val_loss=0.1737 val_accuracy=0.9590 val_macro_f1=0.9450 val_macro_auc=0.9932 (checkpoint_metric=macro_auc)
train epoch 196/250 batch 13/66 (20%) running_loss=0.3494
train epoch 196/250 batch 26/66 (39%) running_loss=0.3539
train epoch 196/250 batch 39/66 (59%) running_loss=0.3520
train epoch 196/250 batch 52/66 (79%) running_loss=0.3525
train epoch 196/250 batch 65/66 (98%) running_loss=0.3520
train epoch 196/250 batch 66/66 (100%) running_loss=0.3518
epoch 196/250 done: train_loss=0.3518 val_loss=0.1622 val_accuracy=0.9734 val_macro_f1=0.9651 val_macro_auc=0.9927 (checkpoint_metric=macro_auc)
train epoch 197/250 batch 13/66 (20%) running_loss=0.3489
train epoch 197/250 batch 26/66 (39%) running_loss=0.3494
train epoch 197/250 batch 39/66 (59%) running_loss=0.3534
train epoch 197/250 batch 52/66 (79%) running_loss=0.3519
train epoch 197/250 batch 65/66 (98%) running_loss=0.3523
train epoch 197/250 batch 66/66 (100%) running_loss=0.3527
epoch 197/250 done: train_loss=0.3527 val_loss=0.1624 val_accuracy=0.9693 val_macro_f1=0.9589 val_macro_auc=0.9931 (checkpoint_metric=macro_auc)
train epoch 198/250 batch 13/66 (20%) running_loss=0.3476
train epoch 198/250 batch 26/66 (39%) running_loss=0.3468
train epoch 198/250 batch 39/66 (59%) running_loss=0.3504
train epoch 198/250 batch 52/66 (79%) running_loss=0.3513
train epoch 198/250 batch 65/66 (98%) running_loss=0.3537
train epoch 198/250 batch 66/66 (100%) running_loss=0.3539
epoch 198/250 done: train_loss=0.3539 val_loss=0.1601 val_accuracy=0.9672 val_macro_f1=0.9538 val_macro_auc=0.9933 (checkpoint_metric=macro_auc)
train epoch 199/250 batch 13/66 (20%) running_loss=0.3514
train epoch 199/250 batch 26/66 (39%) running_loss=0.3570
train epoch 199/250 batch 39/66 (59%) running_loss=0.3524
train epoch 199/250 batch 52/66 (79%) running_loss=0.3535
train epoch 199/250 batch 65/66 (98%) running_loss=0.3526
train epoch 199/250 batch 66/66 (100%) running_loss=0.3522
epoch 199/250 done: train_loss=0.3522 val_loss=0.1650 val_accuracy=0.9652 val_macro_f1=0.9530 val_macro_auc=0.9931 (checkpoint_metric=macro_auc)
train epoch 200/250 batch 13/66 (20%) running_loss=0.3578
train epoch 200/250 batch 26/66 (39%) running_loss=0.3460
train epoch 200/250 batch 39/66 (59%) running_loss=0.3459
train epoch 200/250 batch 52/66 (79%) running_loss=0.3483
train epoch 200/250 batch 65/66 (98%) running_loss=0.3472
train epoch 200/250 batch 66/66 (100%) running_loss=0.3473
epoch 200/250 done: train_loss=0.3473 val_loss=0.1709 val_accuracy=0.9713 val_macro_f1=0.9612 val_macro_auc=0.9940 (checkpoint_metric=macro_auc)
train epoch 201/250 batch 13/66 (20%) running_loss=0.3489
train epoch 201/250 batch 26/66 (39%) running_loss=0.3459
train epoch 201/250 batch 39/66 (59%) running_loss=0.3491
train epoch 201/250 batch 52/66 (79%) running_loss=0.3487
train epoch 201/250 batch 65/66 (98%) running_loss=0.3522
train epoch 201/250 batch 66/66 (100%) running_loss=0.3521
epoch 201/250 done: train_loss=0.3521 val_loss=0.1566 val_accuracy=0.9693 val_macro_f1=0.9603 val_macro_auc=0.9941 (checkpoint_metric=macro_auc)
train epoch 202/250 batch 13/66 (20%) running_loss=0.3469
train epoch 202/250 batch 26/66 (39%) running_loss=0.3529
train epoch 202/250 batch 39/66 (59%) running_loss=0.3467
train epoch 202/250 batch 52/66 (79%) running_loss=0.3493
train epoch 202/250 batch 65/66 (98%) running_loss=0.3486
train epoch 202/250 batch 66/66 (100%) running_loss=0.3498
epoch 202/250 done: train_loss=0.3498 val_loss=0.1521 val_accuracy=0.9734 val_macro_f1=0.9651 val_macro_auc=0.9940 (checkpoint_metric=macro_auc)
train epoch 203/250 batch 13/66 (20%) running_loss=0.3511
train epoch 203/250 batch 26/66 (39%) running_loss=0.3515
train epoch 203/250 batch 39/66 (59%) running_loss=0.3506
train epoch 203/250 batch 52/66 (79%) running_loss=0.3501
train epoch 203/250 batch 65/66 (98%) running_loss=0.3495
train epoch 203/250 batch 66/66 (100%) running_loss=0.3491
epoch 203/250 done: train_loss=0.3491 val_loss=0.1625 val_accuracy=0.9631 val_macro_f1=0.9524 val_macro_auc=0.9936 (checkpoint_metric=macro_auc)
train epoch 204/250 batch 13/66 (20%) running_loss=0.3506
train epoch 204/250 batch 26/66 (39%) running_loss=0.3464
train epoch 204/250 batch 39/66 (59%) running_loss=0.3468
train epoch 204/250 batch 52/66 (79%) running_loss=0.3518
train epoch 204/250 batch 65/66 (98%) running_loss=0.3501
train epoch 204/250 batch 66/66 (100%) running_loss=0.3502
epoch 204/250 done: train_loss=0.3502 val_loss=0.1620 val_accuracy=0.9713 val_macro_f1=0.9634 val_macro_auc=0.9935 (checkpoint_metric=macro_auc)
train epoch 205/250 batch 13/66 (20%) running_loss=0.3489
train epoch 205/250 batch 26/66 (39%) running_loss=0.3475
train epoch 205/250 batch 39/66 (59%) running_loss=0.3496
train epoch 205/250 batch 52/66 (79%) running_loss=0.3484
train epoch 205/250 batch 65/66 (98%) running_loss=0.3484
train epoch 205/250 batch 66/66 (100%) running_loss=0.3484
epoch 205/250 done: train_loss=0.3484 val_loss=0.1494 val_accuracy=0.9713 val_macro_f1=0.9635 val_macro_auc=0.9937 (checkpoint_metric=macro_auc)
train epoch 206/250 batch 13/66 (20%) running_loss=0.3519
train epoch 206/250 batch 26/66 (39%) running_loss=0.3499
train epoch 206/250 batch 39/66 (59%) running_loss=0.3461
train epoch 206/250 batch 52/66 (79%) running_loss=0.3470
train epoch 206/250 batch 65/66 (98%) running_loss=0.3483
train epoch 206/250 batch 66/66 (100%) running_loss=0.3484
epoch 206/250 done: train_loss=0.3484 val_loss=0.1518 val_accuracy=0.9672 val_macro_f1=0.9542 val_macro_auc=0.9934 (checkpoint_metric=macro_auc)
train epoch 207/250 batch 13/66 (20%) running_loss=0.3515
train epoch 207/250 batch 26/66 (39%) running_loss=0.3504
train epoch 207/250 batch 39/66 (59%) running_loss=0.3493
train epoch 207/250 batch 52/66 (79%) running_loss=0.3466
train epoch 207/250 batch 65/66 (98%) running_loss=0.3470
train epoch 207/250 batch 66/66 (100%) running_loss=0.3474
epoch 207/250 done: train_loss=0.3474 val_loss=0.1537 val_accuracy=0.9631 val_macro_f1=0.9484 val_macro_auc=0.9937 (checkpoint_metric=macro_auc)
train epoch 208/250 batch 13/66 (20%) running_loss=0.3479
train epoch 208/250 batch 26/66 (39%) running_loss=0.3476
train epoch 208/250 batch 39/66 (59%) running_loss=0.3476
train epoch 208/250 batch 52/66 (79%) running_loss=0.3462
train epoch 208/250 batch 65/66 (98%) running_loss=0.3457
train epoch 208/250 batch 66/66 (100%) running_loss=0.3461
epoch 208/250 done: train_loss=0.3461 val_loss=0.1645 val_accuracy=0.9652 val_macro_f1=0.9537 val_macro_auc=0.9931 (checkpoint_metric=macro_auc)
train epoch 209/250 batch 13/66 (20%) running_loss=0.3469
train epoch 209/250 batch 26/66 (39%) running_loss=0.3447
train epoch 209/250 batch 39/66 (59%) running_loss=0.3413
train epoch 209/250 batch 52/66 (79%) running_loss=0.3436
train epoch 209/250 batch 65/66 (98%) running_loss=0.3431
train epoch 209/250 batch 66/66 (100%) running_loss=0.3433
epoch 209/250 done: train_loss=0.3433 val_loss=0.1608 val_accuracy=0.9713 val_macro_f1=0.9620 val_macro_auc=0.9932 (checkpoint_metric=macro_auc)
train epoch 210/250 batch 13/66 (20%) running_loss=0.3432
train epoch 210/250 batch 26/66 (39%) running_loss=0.3425
train epoch 210/250 batch 39/66 (59%) running_loss=0.3427
train epoch 210/250 batch 52/66 (79%) running_loss=0.3445
train epoch 210/250 batch 65/66 (98%) running_loss=0.3441
train epoch 210/250 batch 66/66 (100%) running_loss=0.3444
epoch 210/250 done: train_loss=0.3444 val_loss=0.1551 val_accuracy=0.9652 val_macro_f1=0.9544 val_macro_auc=0.9934 (checkpoint_metric=macro_auc)
train epoch 211/250 batch 13/66 (20%) running_loss=0.3467
train epoch 211/250 batch 26/66 (39%) running_loss=0.3484
train epoch 211/250 batch 39/66 (59%) running_loss=0.3465
train epoch 211/250 batch 52/66 (79%) running_loss=0.3472
train epoch 211/250 batch 65/66 (98%) running_loss=0.3448
train epoch 211/250 batch 66/66 (100%) running_loss=0.3451
epoch 211/250 done: train_loss=0.3451 val_loss=0.1576 val_accuracy=0.9672 val_macro_f1=0.9578 val_macro_auc=0.9935 (checkpoint_metric=macro_auc)
train epoch 212/250 batch 13/66 (20%) running_loss=0.3301
train epoch 212/250 batch 26/66 (39%) running_loss=0.3328
train epoch 212/250 batch 39/66 (59%) running_loss=0.3376
train epoch 212/250 batch 52/66 (79%) running_loss=0.3402
train epoch 212/250 batch 65/66 (98%) running_loss=0.3408
train epoch 212/250 batch 66/66 (100%) running_loss=0.3423
epoch 212/250 done: train_loss=0.3423 val_loss=0.1671 val_accuracy=0.9672 val_macro_f1=0.9578 val_macro_auc=0.9917 (checkpoint_metric=macro_auc)
train epoch 213/250 batch 13/66 (20%) running_loss=0.3361
train epoch 213/250 batch 26/66 (39%) running_loss=0.3379
train epoch 213/250 batch 39/66 (59%) running_loss=0.3395
train epoch 213/250 batch 52/66 (79%) running_loss=0.3415
train epoch 213/250 batch 65/66 (98%) running_loss=0.3443
train epoch 213/250 batch 66/66 (100%) running_loss=0.3441
epoch 213/250 done: train_loss=0.3441 val_loss=0.1552 val_accuracy=0.9693 val_macro_f1=0.9606 val_macro_auc=0.9935 (checkpoint_metric=macro_auc)
train epoch 214/250 batch 13/66 (20%) running_loss=0.3492
train epoch 214/250 batch 26/66 (39%) running_loss=0.3452
train epoch 214/250 batch 39/66 (59%) running_loss=0.3453
train epoch 214/250 batch 52/66 (79%) running_loss=0.3507
train epoch 214/250 batch 65/66 (98%) running_loss=0.3497
train epoch 214/250 batch 66/66 (100%) running_loss=0.3503
epoch 214/250 done: train_loss=0.3503 val_loss=0.1561 val_accuracy=0.9672 val_macro_f1=0.9564 val_macro_auc=0.9929 (checkpoint_metric=macro_auc)
train epoch 215/250 batch 13/66 (20%) running_loss=0.3459
train epoch 215/250 batch 26/66 (39%) running_loss=0.3412
train epoch 215/250 batch 39/66 (59%) running_loss=0.3408
train epoch 215/250 batch 52/66 (79%) running_loss=0.3416
train epoch 215/250 batch 65/66 (98%) running_loss=0.3417
train epoch 215/250 batch 66/66 (100%) running_loss=0.3415
epoch 215/250 done: train_loss=0.3415 val_loss=0.1618 val_accuracy=0.9652 val_macro_f1=0.9551 val_macro_auc=0.9935 (checkpoint_metric=macro_auc)
train epoch 216/250 batch 13/66 (20%) running_loss=0.3582
train epoch 216/250 batch 26/66 (39%) running_loss=0.3480
train epoch 216/250 batch 39/66 (59%) running_loss=0.3462
train epoch 216/250 batch 52/66 (79%) running_loss=0.3435
train epoch 216/250 batch 65/66 (98%) running_loss=0.3429
train epoch 216/250 batch 66/66 (100%) running_loss=0.3443
epoch 216/250 done: train_loss=0.3443 val_loss=0.1559 val_accuracy=0.9754 val_macro_f1=0.9656 val_macro_auc=0.9937 (checkpoint_metric=macro_auc)
train epoch 217/250 batch 13/66 (20%) running_loss=0.3462
train epoch 217/250 batch 26/66 (39%) running_loss=0.3456
train epoch 217/250 batch 39/66 (59%) running_loss=0.3463
train epoch 217/250 batch 52/66 (79%) running_loss=0.3492
train epoch 217/250 batch 65/66 (98%) running_loss=0.3507
train epoch 217/250 batch 66/66 (100%) running_loss=0.3510
epoch 217/250 done: train_loss=0.3510 val_loss=0.1600 val_accuracy=0.9693 val_macro_f1=0.9573 val_macro_auc=0.9941 (checkpoint_metric=macro_auc)
train epoch 218/250 batch 13/66 (20%) running_loss=0.3471
train epoch 218/250 batch 26/66 (39%) running_loss=0.3452
train epoch 218/250 batch 39/66 (59%) running_loss=0.3473
train epoch 218/250 batch 52/66 (79%) running_loss=0.3494
train epoch 218/250 batch 65/66 (98%) running_loss=0.3459
train epoch 218/250 batch 66/66 (100%) running_loss=0.3463
epoch 218/250 done: train_loss=0.3463 val_loss=0.1637 val_accuracy=0.9652 val_macro_f1=0.9537 val_macro_auc=0.9940 (checkpoint_metric=macro_auc)
train epoch 219/250 batch 13/66 (20%) running_loss=0.3423
train epoch 219/250 batch 26/66 (39%) running_loss=0.3389
train epoch 219/250 batch 39/66 (59%) running_loss=0.3409
train epoch 219/250 batch 52/66 (79%) running_loss=0.3412
train epoch 219/250 batch 65/66 (98%) running_loss=0.3426
train epoch 219/250 batch 66/66 (100%) running_loss=0.3424
epoch 219/250 done: train_loss=0.3424 val_loss=0.1596 val_accuracy=0.9672 val_macro_f1=0.9557 val_macro_auc=0.9941 (checkpoint_metric=macro_auc)
train epoch 220/250 batch 13/66 (20%) running_loss=0.3406
train epoch 220/250 batch 26/66 (39%) running_loss=0.3384
train epoch 220/250 batch 39/66 (59%) running_loss=0.3415
train epoch 220/250 batch 52/66 (79%) running_loss=0.3386
train epoch 220/250 batch 65/66 (98%) running_loss=0.3400
train epoch 220/250 batch 66/66 (100%) running_loss=0.3399
epoch 220/250 done: train_loss=0.3399 val_loss=0.1529 val_accuracy=0.9713 val_macro_f1=0.9620 val_macro_auc=0.9943 (checkpoint_metric=macro_auc)
train epoch 221/250 batch 13/66 (20%) running_loss=0.3430
train epoch 221/250 batch 26/66 (39%) running_loss=0.3420
train epoch 221/250 batch 39/66 (59%) running_loss=0.3386
train epoch 221/250 batch 52/66 (79%) running_loss=0.3393
train epoch 221/250 batch 65/66 (98%) running_loss=0.3379
train epoch 221/250 batch 66/66 (100%) running_loss=0.3380
epoch 221/250 done: train_loss=0.3380 val_loss=0.1528 val_accuracy=0.9734 val_macro_f1=0.9621 val_macro_auc=0.9944 (checkpoint_metric=macro_auc)
train epoch 222/250 batch 13/66 (20%) running_loss=0.3347
train epoch 222/250 batch 26/66 (39%) running_loss=0.3399
train epoch 222/250 batch 39/66 (59%) running_loss=0.3372
train epoch 222/250 batch 52/66 (79%) running_loss=0.3381
train epoch 222/250 batch 65/66 (98%) running_loss=0.3364
train epoch 222/250 batch 66/66 (100%) running_loss=0.3365
epoch 222/250 done: train_loss=0.3365 val_loss=0.1556 val_accuracy=0.9693 val_macro_f1=0.9584 val_macro_auc=0.9942 (checkpoint_metric=macro_auc)
train epoch 223/250 batch 13/66 (20%) running_loss=0.3447
train epoch 223/250 batch 26/66 (39%) running_loss=0.3425
train epoch 223/250 batch 39/66 (59%) running_loss=0.3429
train epoch 223/250 batch 52/66 (79%) running_loss=0.3412
train epoch 223/250 batch 65/66 (98%) running_loss=0.3382
train epoch 223/250 batch 66/66 (100%) running_loss=0.3384
epoch 223/250 done: train_loss=0.3384 val_loss=0.1513 val_accuracy=0.9754 val_macro_f1=0.9656 val_macro_auc=0.9943 (checkpoint_metric=macro_auc)
train epoch 224/250 batch 13/66 (20%) running_loss=0.3331
train epoch 224/250 batch 26/66 (39%) running_loss=0.3371
train epoch 224/250 batch 39/66 (59%) running_loss=0.3391
train epoch 224/250 batch 52/66 (79%) running_loss=0.3394
train epoch 224/250 batch 65/66 (98%) running_loss=0.3396
train epoch 224/250 batch 66/66 (100%) running_loss=0.3393
epoch 224/250 done: train_loss=0.3393 val_loss=0.1544 val_accuracy=0.9734 val_macro_f1=0.9636 val_macro_auc=0.9940 (checkpoint_metric=macro_auc)
train epoch 225/250 batch 13/66 (20%) running_loss=0.3390
train epoch 225/250 batch 26/66 (39%) running_loss=0.3393
train epoch 225/250 batch 39/66 (59%) running_loss=0.3357
train epoch 225/250 batch 52/66 (79%) running_loss=0.3371
train epoch 225/250 batch 65/66 (98%) running_loss=0.3380
train epoch 225/250 batch 66/66 (100%) running_loss=0.3379
epoch 225/250 done: train_loss=0.3379 val_loss=0.1551 val_accuracy=0.9734 val_macro_f1=0.9625 val_macro_auc=0.9941 (checkpoint_metric=macro_auc)
train epoch 226/250 batch 13/66 (20%) running_loss=0.3513
train epoch 226/250 batch 26/66 (39%) running_loss=0.3405
train epoch 226/250 batch 39/66 (59%) running_loss=0.3400
train epoch 226/250 batch 52/66 (79%) running_loss=0.3409
train epoch 226/250 batch 65/66 (98%) running_loss=0.3388
train epoch 226/250 batch 66/66 (100%) running_loss=0.3386
epoch 226/250 done: train_loss=0.3386 val_loss=0.1479 val_accuracy=0.9693 val_macro_f1=0.9588 val_macro_auc=0.9942 (checkpoint_metric=macro_auc)
train epoch 227/250 batch 13/66 (20%) running_loss=0.3411
train epoch 227/250 batch 26/66 (39%) running_loss=0.3371
train epoch 227/250 batch 39/66 (59%) running_loss=0.3385
train epoch 227/250 batch 52/66 (79%) running_loss=0.3375
train epoch 227/250 batch 65/66 (98%) running_loss=0.3369
train epoch 227/250 batch 66/66 (100%) running_loss=0.3368
epoch 227/250 done: train_loss=0.3368 val_loss=0.1519 val_accuracy=0.9734 val_macro_f1=0.9636 val_macro_auc=0.9938 (checkpoint_metric=macro_auc)
train epoch 228/250 batch 13/66 (20%) running_loss=0.3356
train epoch 228/250 batch 26/66 (39%) running_loss=0.3343
train epoch 228/250 batch 39/66 (59%) running_loss=0.3364
train epoch 228/250 batch 52/66 (79%) running_loss=0.3351
train epoch 228/250 batch 65/66 (98%) running_loss=0.3355
train epoch 228/250 batch 66/66 (100%) running_loss=0.3358
epoch 228/250 done: train_loss=0.3358 val_loss=0.1483 val_accuracy=0.9693 val_macro_f1=0.9603 val_macro_auc=0.9940 (checkpoint_metric=macro_auc)
train epoch 229/250 batch 13/66 (20%) running_loss=0.3457
train epoch 229/250 batch 26/66 (39%) running_loss=0.3452
train epoch 229/250 batch 39/66 (59%) running_loss=0.3447
train epoch 229/250 batch 52/66 (79%) running_loss=0.3436
train epoch 229/250 batch 65/66 (98%) running_loss=0.3424
train epoch 229/250 batch 66/66 (100%) running_loss=0.3425
epoch 229/250 done: train_loss=0.3425 val_loss=0.1603 val_accuracy=0.9713 val_macro_f1=0.9612 val_macro_auc=0.9934 (checkpoint_metric=macro_auc)
train epoch 230/250 batch 13/66 (20%) running_loss=0.3446
train epoch 230/250 batch 26/66 (39%) running_loss=0.3429
train epoch 230/250 batch 39/66 (59%) running_loss=0.3416
train epoch 230/250 batch 52/66 (79%) running_loss=0.3405
train epoch 230/250 batch 65/66 (98%) running_loss=0.3381
train epoch 230/250 batch 66/66 (100%) running_loss=0.3379
epoch 230/250 done: train_loss=0.3379 val_loss=0.1526 val_accuracy=0.9713 val_macro_f1=0.9623 val_macro_auc=0.9939 (checkpoint_metric=macro_auc)
train epoch 231/250 batch 13/66 (20%) running_loss=0.3428
train epoch 231/250 batch 26/66 (39%) running_loss=0.3441
train epoch 231/250 batch 39/66 (59%) running_loss=0.3410
train epoch 231/250 batch 52/66 (79%) running_loss=0.3434
train epoch 231/250 batch 65/66 (98%) running_loss=0.3426
train epoch 231/250 batch 66/66 (100%) running_loss=0.3424
epoch 231/250 done: train_loss=0.3424 val_loss=0.1521 val_accuracy=0.9693 val_macro_f1=0.9592 val_macro_auc=0.9938 (checkpoint_metric=macro_auc)
train epoch 232/250 batch 13/66 (20%) running_loss=0.3326
train epoch 232/250 batch 26/66 (39%) running_loss=0.3381
train epoch 232/250 batch 39/66 (59%) running_loss=0.3375
train epoch 232/250 batch 52/66 (79%) running_loss=0.3411
train epoch 232/250 batch 65/66 (98%) running_loss=0.3394
train epoch 232/250 batch 66/66 (100%) running_loss=0.3392
epoch 232/250 done: train_loss=0.3392 val_loss=0.1610 val_accuracy=0.9693 val_macro_f1=0.9584 val_macro_auc=0.9937 (checkpoint_metric=macro_auc)
train epoch 233/250 batch 13/66 (20%) running_loss=0.3302
train epoch 233/250 batch 26/66 (39%) running_loss=0.3424
train epoch 233/250 batch 39/66 (59%) running_loss=0.3467
train epoch 233/250 batch 52/66 (79%) running_loss=0.3452
train epoch 233/250 batch 65/66 (98%) running_loss=0.3439
train epoch 233/250 batch 66/66 (100%) running_loss=0.3438
epoch 233/250 done: train_loss=0.3438 val_loss=0.1519 val_accuracy=0.9734 val_macro_f1=0.9640 val_macro_auc=0.9941 (checkpoint_metric=macro_auc)
train epoch 234/250 batch 13/66 (20%) running_loss=0.3405
train epoch 234/250 batch 26/66 (39%) running_loss=0.3363
train epoch 234/250 batch 39/66 (59%) running_loss=0.3355
train epoch 234/250 batch 52/66 (79%) running_loss=0.3364
train epoch 234/250 batch 65/66 (98%) running_loss=0.3398
train epoch 234/250 batch 66/66 (100%) running_loss=0.3403
epoch 234/250 done: train_loss=0.3403 val_loss=0.1496 val_accuracy=0.9713 val_macro_f1=0.9623 val_macro_auc=0.9943 (checkpoint_metric=macro_auc)
train epoch 235/250 batch 13/66 (20%) running_loss=0.3432
train epoch 235/250 batch 26/66 (39%) running_loss=0.3417
train epoch 235/250 batch 39/66 (59%) running_loss=0.3421
train epoch 235/250 batch 52/66 (79%) running_loss=0.3407
train epoch 235/250 batch 65/66 (98%) running_loss=0.3416
train epoch 235/250 batch 66/66 (100%) running_loss=0.3415
epoch 235/250 done: train_loss=0.3415 val_loss=0.1564 val_accuracy=0.9713 val_macro_f1=0.9612 val_macro_auc=0.9938 (checkpoint_metric=macro_auc)
train epoch 236/250 batch 13/66 (20%) running_loss=0.3292
train epoch 236/250 batch 26/66 (39%) running_loss=0.3334
train epoch 236/250 batch 39/66 (59%) running_loss=0.3369
train epoch 236/250 batch 52/66 (79%) running_loss=0.3364
train epoch 236/250 batch 65/66 (98%) running_loss=0.3357
train epoch 236/250 batch 66/66 (100%) running_loss=0.3359
epoch 236/250 done: train_loss=0.3359 val_loss=0.1587 val_accuracy=0.9693 val_macro_f1=0.9595 val_macro_auc=0.9936 (checkpoint_metric=macro_auc)
train epoch 237/250 batch 13/66 (20%) running_loss=0.3434
train epoch 237/250 batch 26/66 (39%) running_loss=0.3374
train epoch 237/250 batch 39/66 (59%) running_loss=0.3367
train epoch 237/250 batch 52/66 (79%) running_loss=0.3393
train epoch 237/250 batch 65/66 (98%) running_loss=0.3394
train epoch 237/250 batch 66/66 (100%) running_loss=0.3394
epoch 237/250 done: train_loss=0.3394 val_loss=0.1593 val_accuracy=0.9693 val_macro_f1=0.9595 val_macro_auc=0.9936 (checkpoint_metric=macro_auc)
train epoch 238/250 batch 13/66 (20%) running_loss=0.3395
train epoch 238/250 batch 26/66 (39%) running_loss=0.3410
train epoch 238/250 batch 39/66 (59%) running_loss=0.3401
train epoch 238/250 batch 52/66 (79%) running_loss=0.3398
train epoch 238/250 batch 65/66 (98%) running_loss=0.3400
train epoch 238/250 batch 66/66 (100%) running_loss=0.3397
epoch 238/250 done: train_loss=0.3397 val_loss=0.1530 val_accuracy=0.9672 val_macro_f1=0.9578 val_macro_auc=0.9939 (checkpoint_metric=macro_auc)
train epoch 239/250 batch 13/66 (20%) running_loss=0.3396
train epoch 239/250 batch 26/66 (39%) running_loss=0.3352
train epoch 239/250 batch 39/66 (59%) running_loss=0.3362
train epoch 239/250 batch 52/66 (79%) running_loss=0.3375
train epoch 239/250 batch 65/66 (98%) running_loss=0.3368
train epoch 239/250 batch 66/66 (100%) running_loss=0.3367
epoch 239/250 done: train_loss=0.3367 val_loss=0.1536 val_accuracy=0.9713 val_macro_f1=0.9620 val_macro_auc=0.9937 (checkpoint_metric=macro_auc)
train epoch 240/250 batch 13/66 (20%) running_loss=0.3361
train epoch 240/250 batch 26/66 (39%) running_loss=0.3382
train epoch 240/250 batch 39/66 (59%) running_loss=0.3410
train epoch 240/250 batch 52/66 (79%) running_loss=0.3419
train epoch 240/250 batch 65/66 (98%) running_loss=0.3398
train epoch 240/250 batch 66/66 (100%) running_loss=0.3395
epoch 240/250 done: train_loss=0.3395 val_loss=0.1548 val_accuracy=0.9713 val_macro_f1=0.9623 val_macro_auc=0.9938 (checkpoint_metric=macro_auc)
train epoch 241/250 batch 13/66 (20%) running_loss=0.3360
train epoch 241/250 batch 26/66 (39%) running_loss=0.3376
train epoch 241/250 batch 39/66 (59%) running_loss=0.3384
train epoch 241/250 batch 52/66 (79%) running_loss=0.3354
train epoch 241/250 batch 65/66 (98%) running_loss=0.3345
train epoch 241/250 batch 66/66 (100%) running_loss=0.3342
epoch 241/250 done: train_loss=0.3342 val_loss=0.1566 val_accuracy=0.9672 val_macro_f1=0.9578 val_macro_auc=0.9936 (checkpoint_metric=macro_auc)
train epoch 242/250 batch 13/66 (20%) running_loss=0.3448
train epoch 242/250 batch 26/66 (39%) running_loss=0.3390
train epoch 242/250 batch 39/66 (59%) running_loss=0.3400
train epoch 242/250 batch 52/66 (79%) running_loss=0.3393
train epoch 242/250 batch 65/66 (98%) running_loss=0.3395
train epoch 242/250 batch 66/66 (100%) running_loss=0.3400
epoch 242/250 done: train_loss=0.3400 val_loss=0.1547 val_accuracy=0.9734 val_macro_f1=0.9651 val_macro_auc=0.9939 (checkpoint_metric=macro_auc)
train epoch 243/250 batch 13/66 (20%) running_loss=0.3503
train epoch 243/250 batch 26/66 (39%) running_loss=0.3442
train epoch 243/250 batch 39/66 (59%) running_loss=0.3428
train epoch 243/250 batch 52/66 (79%) running_loss=0.3417
train epoch 243/250 batch 65/66 (98%) running_loss=0.3434
train epoch 243/250 batch 66/66 (100%) running_loss=0.3431
epoch 243/250 done: train_loss=0.3431 val_loss=0.1615 val_accuracy=0.9693 val_macro_f1=0.9584 val_macro_auc=0.9936 (checkpoint_metric=macro_auc)
train epoch 244/250 batch 13/66 (20%) running_loss=0.3426
train epoch 244/250 batch 26/66 (39%) running_loss=0.3415
train epoch 244/250 batch 39/66 (59%) running_loss=0.3396
train epoch 244/250 batch 52/66 (79%) running_loss=0.3400
train epoch 244/250 batch 65/66 (98%) running_loss=0.3383
train epoch 244/250 batch 66/66 (100%) running_loss=0.3384
epoch 244/250 done: train_loss=0.3384 val_loss=0.1558 val_accuracy=0.9713 val_macro_f1=0.9623 val_macro_auc=0.9938 (checkpoint_metric=macro_auc)
train epoch 245/250 batch 13/66 (20%) running_loss=0.3377
train epoch 245/250 batch 26/66 (39%) running_loss=0.3422
train epoch 245/250 batch 39/66 (59%) running_loss=0.3417
train epoch 245/250 batch 52/66 (79%) running_loss=0.3403
train epoch 245/250 batch 65/66 (98%) running_loss=0.3387
train epoch 245/250 batch 66/66 (100%) running_loss=0.3395
epoch 245/250 done: train_loss=0.3395 val_loss=0.1560 val_accuracy=0.9693 val_macro_f1=0.9595 val_macro_auc=0.9938 (checkpoint_metric=macro_auc)
train epoch 246/250 batch 13/66 (20%) running_loss=0.3441
train epoch 246/250 batch 26/66 (39%) running_loss=0.3440
train epoch 246/250 batch 39/66 (59%) running_loss=0.3432
train epoch 246/250 batch 52/66 (79%) running_loss=0.3415
train epoch 246/250 batch 65/66 (98%) running_loss=0.3412
train epoch 246/250 batch 66/66 (100%) running_loss=0.3420
epoch 246/250 done: train_loss=0.3420 val_loss=0.1525 val_accuracy=0.9754 val_macro_f1=0.9670 val_macro_auc=0.9943 (checkpoint_metric=macro_auc)
train epoch 247/250 batch 13/66 (20%) running_loss=0.3540
train epoch 247/250 batch 26/66 (39%) running_loss=0.3429
train epoch 247/250 batch 39/66 (59%) running_loss=0.3417
train epoch 247/250 batch 52/66 (79%) running_loss=0.3398
train epoch 247/250 batch 65/66 (98%) running_loss=0.3411
train epoch 247/250 batch 66/66 (100%) running_loss=0.3409
epoch 247/250 done: train_loss=0.3409 val_loss=0.1526 val_accuracy=0.9693 val_macro_f1=0.9606 val_macro_auc=0.9939 (checkpoint_metric=macro_auc)
train epoch 248/250 batch 13/66 (20%) running_loss=0.3309
train epoch 248/250 batch 26/66 (39%) running_loss=0.3410
train epoch 248/250 batch 39/66 (59%) running_loss=0.3431
train epoch 248/250 batch 52/66 (79%) running_loss=0.3420
train epoch 248/250 batch 65/66 (98%) running_loss=0.3415
train epoch 248/250 batch 66/66 (100%) running_loss=0.3417
epoch 248/250 done: train_loss=0.3417 val_loss=0.1536 val_accuracy=0.9734 val_macro_f1=0.9639 val_macro_auc=0.9941 (checkpoint_metric=macro_auc)
train epoch 249/250 batch 13/66 (20%) running_loss=0.3368
train epoch 249/250 batch 26/66 (39%) running_loss=0.3366
train epoch 249/250 batch 39/66 (59%) running_loss=0.3387
train epoch 249/250 batch 52/66 (79%) running_loss=0.3398
train epoch 249/250 batch 65/66 (98%) running_loss=0.3407
train epoch 249/250 batch 66/66 (100%) running_loss=0.3409
epoch 249/250 done: train_loss=0.3409 val_loss=0.1561 val_accuracy=0.9713 val_macro_f1=0.9612 val_macro_auc=0.9939 (checkpoint_metric=macro_auc)
train epoch 250/250 batch 13/66 (20%) running_loss=0.3514
train epoch 250/250 batch 26/66 (39%) running_loss=0.3455
train epoch 250/250 batch 39/66 (59%) running_loss=0.3436
train epoch 250/250 batch 52/66 (79%) running_loss=0.3410
train epoch 250/250 batch 65/66 (98%) running_loss=0.3404
train epoch 250/250 batch 66/66 (100%) running_loss=0.3408
epoch 250/250 done: train_loss=0.3408 val_loss=0.1623 val_accuracy=0.9734 val_macro_f1=0.9631 val_macro_auc=0.9938 (checkpoint_metric=macro_auc)
Training finished. Best epoch=125, smoothed macro_auc=0.9958 (window=3)
Test set evaluated once: accuracy=0.8987 macro_f1=0.8891 macro_auc=0.9807
Best epoch: 125

======================================================================
DONE
======================================================================
Test accuracy:  0.8987
Test macro F1:  0.8891
Test macro AUC: 0.9807
Full results in: outputs/figshare_run1
