2026-09-18 17:51:30,522 INFO Starting final training on device=cuda, amp=True, physical_batch_size=32, accumulation_steps=1, effective_batch_size=32
2026-09-18 17:51:30,523 INFO Augmentation policy: sample-adaptive, from outputs/main1/augmentation_run/selected_policy.json
2026-09-18 17:51:30,993 INFO Classes: {'glioma_tumor': 0, 'meningioma_tumor': 1, 'pituitary_tumor': 2}
2026-09-18 17:51:30,993 INFO Regularization: weight_decay=7.0e-04 classifier_dropout=0.30 label_smoothing=0.10 drop_path=0.20
2026-09-18 17:51:36,059 INFO train epoch 1/200 batch 13/66 (20%) running_loss=1.1145
2026-09-18 17:51:39,622 INFO train epoch 1/200 batch 26/66 (39%) running_loss=1.1398
2026-09-18 17:51:43,184 INFO train epoch 1/200 batch 39/66 (59%) running_loss=1.1420
2026-09-18 17:51:46,733 INFO train epoch 1/200 batch 52/66 (79%) running_loss=1.1512
2026-09-18 17:51:50,379 INFO train epoch 1/200 batch 65/66 (98%) running_loss=1.1524
2026-09-18 17:51:50,755 INFO train epoch 1/200 batch 66/66 (100%) running_loss=1.1531
2026-09-18 17:51:53,556 INFO epoch 1/200 done: train_loss=1.1531 val_loss=1.0282 val_accuracy=0.5061 val_macro_f1=0.2240 val_macro_auc=0.5286 (checkpoint_metric=macro_auc) [new best]
2026-09-18 17:51:57,656 INFO train epoch 2/200 batch 13/66 (20%) running_loss=1.1212
2026-09-18 17:52:01,239 INFO train epoch 2/200 batch 26/66 (39%) running_loss=1.1501
2026-09-18 17:52:04,804 INFO train epoch 2/200 batch 39/66 (59%) running_loss=1.1513
2026-09-18 17:52:08,349 INFO train epoch 2/200 batch 52/66 (79%) running_loss=1.1379
2026-09-18 17:52:11,896 INFO train epoch 2/200 batch 65/66 (98%) running_loss=1.1283
2026-09-18 17:52:12,117 INFO train epoch 2/200 batch 66/66 (100%) running_loss=1.1271
2026-09-18 17:52:14,750 INFO epoch 2/200 done: train_loss=1.1271 val_loss=1.0360 val_accuracy=0.5410 val_macro_f1=0.2899 val_macro_auc=0.6872 (checkpoint_metric=macro_auc) [new best]
2026-09-18 17:52:18,855 INFO train epoch 3/200 batch 13/66 (20%) running_loss=1.0521
2026-09-18 17:52:22,406 INFO train epoch 3/200 batch 26/66 (39%) running_loss=1.0650
2026-09-18 17:52:26,140 INFO train epoch 3/200 batch 39/66 (59%) running_loss=1.0600
2026-09-18 17:52:29,694 INFO train epoch 3/200 batch 52/66 (79%) running_loss=1.0627
2026-09-18 17:52:33,237 INFO train epoch 3/200 batch 65/66 (98%) running_loss=1.0633
2026-09-18 17:52:33,461 INFO train epoch 3/200 batch 66/66 (100%) running_loss=1.0631
2026-09-18 17:52:36,076 INFO epoch 3/200 done: train_loss=1.0631 val_loss=0.9312 val_accuracy=0.6332 val_macro_f1=0.4269 val_macro_auc=0.7548 (checkpoint_metric=macro_auc) [new best]
2026-09-18 17:52:40,084 INFO train epoch 4/200 batch 13/66 (20%) running_loss=1.0029
2026-09-18 17:52:43,618 INFO train epoch 4/200 batch 26/66 (39%) running_loss=1.0112
2026-09-18 17:52:47,166 INFO train epoch 4/200 batch 39/66 (59%) running_loss=1.0046
2026-09-18 17:52:50,725 INFO train epoch 4/200 batch 52/66 (79%) running_loss=1.0045
2026-09-18 17:52:54,274 INFO train epoch 4/200 batch 65/66 (98%) running_loss=0.9969
2026-09-18 17:52:54,498 INFO train epoch 4/200 batch 66/66 (100%) running_loss=0.9972
2026-09-18 17:52:57,100 INFO epoch 4/200 done: train_loss=0.9972 val_loss=0.8078 val_accuracy=0.6926 val_macro_f1=0.4967 val_macro_auc=0.7953 (checkpoint_metric=macro_auc) [new best]
2026-09-18 17:53:01,187 INFO train epoch 5/200 batch 13/66 (20%) running_loss=0.9469
2026-09-18 17:53:04,727 INFO train epoch 5/200 batch 26/66 (39%) running_loss=0.9460
2026-09-18 17:53:08,281 INFO train epoch 5/200 batch 39/66 (59%) running_loss=0.9516
2026-09-18 17:53:11,993 INFO train epoch 5/200 batch 52/66 (79%) running_loss=0.9464
2026-09-18 17:53:15,543 INFO train epoch 5/200 batch 65/66 (98%) running_loss=0.9341
2026-09-18 17:53:15,764 INFO train epoch 5/200 batch 66/66 (100%) running_loss=0.9348
2026-09-18 17:53:18,380 INFO epoch 5/200 done: train_loss=0.9348 val_loss=1.0138 val_accuracy=0.4672 val_macro_f1=0.3144 val_macro_auc=0.7937 (checkpoint_metric=macro_auc) [new best]
2026-09-18 17:53:22,453 INFO train epoch 6/200 batch 13/66 (20%) running_loss=0.9575
2026-09-18 17:53:26,000 INFO train epoch 6/200 batch 26/66 (39%) running_loss=0.9543
2026-09-18 17:53:29,549 INFO train epoch 6/200 batch 39/66 (59%) running_loss=0.9404
2026-09-18 17:53:33,091 INFO train epoch 6/200 batch 52/66 (79%) running_loss=0.9389
2026-09-18 17:53:36,628 INFO train epoch 6/200 batch 65/66 (98%) running_loss=0.9254
2026-09-18 17:53:36,850 INFO train epoch 6/200 batch 66/66 (100%) running_loss=0.9248
2026-09-18 17:53:39,478 INFO epoch 6/200 done: train_loss=0.9248 val_loss=0.6894 val_accuracy=0.7049 val_macro_f1=0.5067 val_macro_auc=0.7980 (checkpoint_metric=macro_auc) [new best]
2026-09-18 17:53:43,568 INFO train epoch 7/200 batch 13/66 (20%) running_loss=0.9312
2026-09-18 17:53:47,114 INFO train epoch 7/200 batch 26/66 (39%) running_loss=0.9034
2026-09-18 17:53:50,652 INFO train epoch 7/200 batch 39/66 (59%) running_loss=0.8978
2026-09-18 17:53:54,189 INFO train epoch 7/200 batch 52/66 (79%) running_loss=0.8939
2026-09-18 17:53:57,727 INFO train epoch 7/200 batch 65/66 (98%) running_loss=0.8931
2026-09-18 17:53:57,948 INFO train epoch 7/200 batch 66/66 (100%) running_loss=0.8941
2026-09-18 17:54:00,503 INFO epoch 7/200 done: train_loss=0.8941 val_loss=0.6862 val_accuracy=0.7111 val_macro_f1=0.5110 val_macro_auc=0.7866 (checkpoint_metric=macro_auc)
2026-09-18 17:54:04,549 INFO train epoch 8/200 batch 13/66 (20%) running_loss=0.8649
2026-09-18 17:54:08,119 INFO train epoch 8/200 batch 26/66 (39%) running_loss=0.8681
2026-09-18 17:54:11,685 INFO train epoch 8/200 batch 39/66 (59%) running_loss=0.8636
2026-09-18 17:54:15,231 INFO train epoch 8/200 batch 52/66 (79%) running_loss=0.8574
2026-09-18 17:54:18,770 INFO train epoch 8/200 batch 65/66 (98%) running_loss=0.8594
2026-09-18 17:54:18,993 INFO train epoch 8/200 batch 66/66 (100%) running_loss=0.8593
2026-09-18 17:54:21,624 INFO epoch 8/200 done: train_loss=0.8593 val_loss=0.6247 val_accuracy=0.7807 val_macro_f1=0.5654 val_macro_auc=0.8359 (checkpoint_metric=macro_auc) [new best]
2026-09-18 17:54:25,734 INFO train epoch 9/200 batch 13/66 (20%) running_loss=0.8319
2026-09-18 17:54:29,292 INFO train epoch 9/200 batch 26/66 (39%) running_loss=0.8383
2026-09-18 17:54:32,841 INFO train epoch 9/200 batch 39/66 (59%) running_loss=0.8500
2026-09-18 17:54:36,395 INFO train epoch 9/200 batch 52/66 (79%) running_loss=0.8471
2026-09-18 17:54:39,933 INFO train epoch 9/200 batch 65/66 (98%) running_loss=0.8416
2026-09-18 17:54:40,155 INFO train epoch 9/200 batch 66/66 (100%) running_loss=0.8424
2026-09-18 17:54:42,816 INFO epoch 9/200 done: train_loss=0.8424 val_loss=0.5833 val_accuracy=0.7766 val_macro_f1=0.5631 val_macro_auc=0.8553 (checkpoint_metric=macro_auc) [new best]
2026-09-18 17:54:46,937 INFO train epoch 10/200 batch 13/66 (20%) running_loss=0.8416
2026-09-18 17:54:50,483 INFO train epoch 10/200 batch 26/66 (39%) running_loss=0.8322
2026-09-18 17:54:54,032 INFO train epoch 10/200 batch 39/66 (59%) running_loss=0.8398
2026-09-18 17:54:57,579 INFO train epoch 10/200 batch 52/66 (79%) running_loss=0.8372
2026-09-18 17:55:01,133 INFO train epoch 10/200 batch 65/66 (98%) running_loss=0.8375
2026-09-18 17:55:01,355 INFO train epoch 10/200 batch 66/66 (100%) running_loss=0.8373
2026-09-18 17:55:03,993 INFO epoch 10/200 done: train_loss=0.8373 val_loss=0.6099 val_accuracy=0.7602 val_macro_f1=0.5491 val_macro_auc=0.8294 (checkpoint_metric=macro_auc) [new best]
2026-09-18 17:55:08,067 INFO train epoch 11/200 batch 13/66 (20%) running_loss=0.8712
2026-09-18 17:55:11,620 INFO train epoch 11/200 batch 26/66 (39%) running_loss=0.8520
2026-09-18 17:55:15,176 INFO train epoch 11/200 batch 39/66 (59%) running_loss=0.8410
2026-09-18 17:55:18,717 INFO train epoch 11/200 batch 52/66 (79%) running_loss=0.8353
2026-09-18 17:55:22,254 INFO train epoch 11/200 batch 65/66 (98%) running_loss=0.8354
2026-09-18 17:55:22,479 INFO train epoch 11/200 batch 66/66 (100%) running_loss=0.8357
2026-09-18 17:55:25,217 INFO epoch 11/200 done: train_loss=0.8357 val_loss=0.6888 val_accuracy=0.7520 val_macro_f1=0.5431 val_macro_auc=0.8587 (checkpoint_metric=macro_auc) [new best]
2026-09-18 17:55:29,252 INFO train epoch 12/200 batch 13/66 (20%) running_loss=0.8252
2026-09-18 17:55:32,805 INFO train epoch 12/200 batch 26/66 (39%) running_loss=0.8127
2026-09-18 17:55:36,354 INFO train epoch 12/200 batch 39/66 (59%) running_loss=0.8093
2026-09-18 17:55:39,904 INFO train epoch 12/200 batch 52/66 (79%) running_loss=0.8058
2026-09-18 17:55:43,439 INFO train epoch 12/200 batch 65/66 (98%) running_loss=0.8150
2026-09-18 17:55:43,660 INFO train epoch 12/200 batch 66/66 (100%) running_loss=0.8161
2026-09-18 17:55:46,182 INFO epoch 12/200 done: train_loss=0.8161 val_loss=0.6741 val_accuracy=0.8033 val_macro_f1=0.5873 val_macro_auc=0.8521 (checkpoint_metric=macro_auc)
2026-09-18 17:55:50,260 INFO train epoch 13/200 batch 13/66 (20%) running_loss=0.8323
2026-09-18 17:55:53,808 INFO train epoch 13/200 batch 26/66 (39%) running_loss=0.8251
2026-09-18 17:55:57,349 INFO train epoch 13/200 batch 39/66 (59%) running_loss=0.8167
2026-09-18 17:56:00,931 INFO train epoch 13/200 batch 52/66 (79%) running_loss=0.8156
2026-09-18 17:56:04,484 INFO train epoch 13/200 batch 65/66 (98%) running_loss=0.8150
2026-09-18 17:56:04,706 INFO train epoch 13/200 batch 66/66 (100%) running_loss=0.8151
2026-09-18 17:56:07,349 INFO epoch 13/200 done: train_loss=0.8151 val_loss=0.6049 val_accuracy=0.7705 val_macro_f1=0.6051 val_macro_auc=0.8588 (checkpoint_metric=macro_auc) [new best]
2026-09-18 17:56:11,428 INFO train epoch 14/200 batch 13/66 (20%) running_loss=0.7988
2026-09-18 17:56:14,977 INFO train epoch 14/200 batch 26/66 (39%) running_loss=0.8204
2026-09-18 17:56:18,524 INFO train epoch 14/200 batch 39/66 (59%) running_loss=0.8382
2026-09-18 17:56:22,238 INFO train epoch 14/200 batch 52/66 (79%) running_loss=0.8549
2026-09-18 17:56:25,786 INFO train epoch 14/200 batch 65/66 (98%) running_loss=0.8556
2026-09-18 17:56:26,011 INFO train epoch 14/200 batch 66/66 (100%) running_loss=0.8576
2026-09-18 17:56:28,671 INFO epoch 14/200 done: train_loss=0.8576 val_loss=0.5685 val_accuracy=0.7807 val_macro_f1=0.5659 val_macro_auc=0.8739 (checkpoint_metric=macro_auc) [new best]
2026-09-18 17:56:32,794 INFO train epoch 15/200 batch 13/66 (20%) running_loss=0.8135
2026-09-18 17:56:36,396 INFO train epoch 15/200 batch 26/66 (39%) running_loss=0.8246
2026-09-18 17:56:39,965 INFO train epoch 15/200 batch 39/66 (59%) running_loss=0.8269
2026-09-18 17:56:43,537 INFO train epoch 15/200 batch 52/66 (79%) running_loss=0.8225
2026-09-18 17:56:47,087 INFO train epoch 15/200 batch 65/66 (98%) running_loss=0.8126
2026-09-18 17:56:47,309 INFO train epoch 15/200 batch 66/66 (100%) running_loss=0.8126
2026-09-18 17:56:49,956 INFO epoch 15/200 done: train_loss=0.8126 val_loss=0.7056 val_accuracy=0.7152 val_macro_f1=0.5101 val_macro_auc=0.8899 (checkpoint_metric=macro_auc) [new best]
2026-09-18 17:56:54,005 INFO train epoch 16/200 batch 13/66 (20%) running_loss=0.8017
2026-09-18 17:56:57,546 INFO train epoch 16/200 batch 26/66 (39%) running_loss=0.8143
2026-09-18 17:57:01,118 INFO train epoch 16/200 batch 39/66 (59%) running_loss=0.8060
2026-09-18 17:57:04,669 INFO train epoch 16/200 batch 52/66 (79%) running_loss=0.7991
2026-09-18 17:57:08,359 INFO train epoch 16/200 batch 65/66 (98%) running_loss=0.7875
2026-09-18 17:57:08,582 INFO train epoch 16/200 batch 66/66 (100%) running_loss=0.7872
2026-09-18 17:57:11,265 INFO epoch 16/200 done: train_loss=0.7872 val_loss=0.5544 val_accuracy=0.7848 val_macro_f1=0.5829 val_macro_auc=0.8802 (checkpoint_metric=macro_auc) [new best]
2026-09-18 17:57:15,384 INFO train epoch 17/200 batch 13/66 (20%) running_loss=0.8093
2026-09-18 17:57:18,937 INFO train epoch 17/200 batch 26/66 (39%) running_loss=0.7923
2026-09-18 17:57:22,492 INFO train epoch 17/200 batch 39/66 (59%) running_loss=0.7916
2026-09-18 17:57:26,058 INFO train epoch 17/200 batch 52/66 (79%) running_loss=0.7951
2026-09-18 17:57:29,615 INFO train epoch 17/200 batch 65/66 (98%) running_loss=0.7949
2026-09-18 17:57:29,837 INFO train epoch 17/200 batch 66/66 (100%) running_loss=0.7954
2026-09-18 17:57:32,338 INFO epoch 17/200 done: train_loss=0.7954 val_loss=0.5518 val_accuracy=0.7971 val_macro_f1=0.6167 val_macro_auc=0.8573 (checkpoint_metric=macro_auc)
2026-09-18 17:57:36,394 INFO train epoch 18/200 batch 13/66 (20%) running_loss=0.7853
2026-09-18 17:57:39,937 INFO train epoch 18/200 batch 26/66 (39%) running_loss=0.7981
2026-09-18 17:57:43,489 INFO train epoch 18/200 batch 39/66 (59%) running_loss=0.7919
2026-09-18 17:57:47,031 INFO train epoch 18/200 batch 52/66 (79%) running_loss=0.7881
2026-09-18 17:57:50,574 INFO train epoch 18/200 batch 65/66 (98%) running_loss=0.7807
2026-09-18 17:57:50,797 INFO train epoch 18/200 batch 66/66 (100%) running_loss=0.7812
2026-09-18 17:57:53,336 INFO epoch 18/200 done: train_loss=0.7812 val_loss=0.5459 val_accuracy=0.7807 val_macro_f1=0.6101 val_macro_auc=0.8818 (checkpoint_metric=macro_auc)
2026-09-18 17:57:57,426 INFO train epoch 19/200 batch 13/66 (20%) running_loss=0.7928
2026-09-18 17:58:00,973 INFO train epoch 19/200 batch 26/66 (39%) running_loss=0.7724
2026-09-18 17:58:04,535 INFO train epoch 19/200 batch 39/66 (59%) running_loss=0.7638
2026-09-18 17:58:08,110 INFO train epoch 19/200 batch 52/66 (79%) running_loss=0.7629
2026-09-18 17:58:11,814 INFO train epoch 19/200 batch 65/66 (98%) running_loss=0.7718
2026-09-18 17:58:12,037 INFO train epoch 19/200 batch 66/66 (100%) running_loss=0.7721
2026-09-18 17:58:14,548 INFO epoch 19/200 done: train_loss=0.7721 val_loss=0.9103 val_accuracy=0.6393 val_macro_f1=0.4746 val_macro_auc=0.8848 (checkpoint_metric=macro_auc)
2026-09-18 17:58:18,618 INFO train epoch 20/200 batch 13/66 (20%) running_loss=0.7954
2026-09-18 17:58:22,163 INFO train epoch 20/200 batch 26/66 (39%) running_loss=0.7774
2026-09-18 17:58:25,718 INFO train epoch 20/200 batch 39/66 (59%) running_loss=0.7672
2026-09-18 17:58:29,270 INFO train epoch 20/200 batch 52/66 (79%) running_loss=0.7618
2026-09-18 17:58:32,818 INFO train epoch 20/200 batch 65/66 (98%) running_loss=0.7630
2026-09-18 17:58:33,039 INFO train epoch 20/200 batch 66/66 (100%) running_loss=0.7624
2026-09-18 17:58:35,680 INFO epoch 20/200 done: train_loss=0.7624 val_loss=0.5040 val_accuracy=0.8217 val_macro_f1=0.6413 val_macro_auc=0.9139 (checkpoint_metric=macro_auc) [new best]
2026-09-18 17:58:39,785 INFO train epoch 21/200 batch 13/66 (20%) running_loss=0.7643
2026-09-18 17:58:43,324 INFO train epoch 21/200 batch 26/66 (39%) running_loss=0.7581
2026-09-18 17:58:46,872 INFO train epoch 21/200 batch 39/66 (59%) running_loss=0.7511
2026-09-18 17:58:50,419 INFO train epoch 21/200 batch 52/66 (79%) running_loss=0.7531
2026-09-18 17:58:53,959 INFO train epoch 21/200 batch 65/66 (98%) running_loss=0.7595
2026-09-18 17:58:54,181 INFO train epoch 21/200 batch 66/66 (100%) running_loss=0.7587
2026-09-18 17:58:56,795 INFO epoch 21/200 done: train_loss=0.7587 val_loss=0.5302 val_accuracy=0.8053 val_macro_f1=0.6154 val_macro_auc=0.9087 (checkpoint_metric=macro_auc) [new best]
2026-09-18 17:59:00,889 INFO train epoch 22/200 batch 13/66 (20%) running_loss=0.7030
2026-09-18 17:59:04,481 INFO train epoch 22/200 batch 26/66 (39%) running_loss=0.7268
2026-09-18 17:59:08,017 INFO train epoch 22/200 batch 39/66 (59%) running_loss=0.7428
2026-09-18 17:59:11,554 INFO train epoch 22/200 batch 52/66 (79%) running_loss=0.7525
2026-09-18 17:59:15,174 INFO train epoch 22/200 batch 65/66 (98%) running_loss=0.7576
2026-09-18 17:59:15,394 INFO train epoch 22/200 batch 66/66 (100%) running_loss=0.7567
2026-09-18 17:59:17,931 INFO epoch 22/200 done: train_loss=0.7567 val_loss=0.7986 val_accuracy=0.5943 val_macro_f1=0.5361 val_macro_auc=0.8592 (checkpoint_metric=macro_auc)
2026-09-18 17:59:21,963 INFO train epoch 23/200 batch 13/66 (20%) running_loss=0.7041
2026-09-18 17:59:25,517 INFO train epoch 23/200 batch 26/66 (39%) running_loss=0.7349
2026-09-18 17:59:29,083 INFO train epoch 23/200 batch 39/66 (59%) running_loss=0.7541
2026-09-18 17:59:32,625 INFO train epoch 23/200 batch 52/66 (79%) running_loss=0.7481
2026-09-18 17:59:36,157 INFO train epoch 23/200 batch 65/66 (98%) running_loss=0.7515
2026-09-18 17:59:36,379 INFO train epoch 23/200 batch 66/66 (100%) running_loss=0.7515
2026-09-18 17:59:38,892 INFO epoch 23/200 done: train_loss=0.7515 val_loss=0.6345 val_accuracy=0.7582 val_macro_f1=0.6430 val_macro_auc=0.9136 (checkpoint_metric=macro_auc)
2026-09-18 17:59:42,932 INFO train epoch 24/200 batch 13/66 (20%) running_loss=0.7746
2026-09-18 17:59:46,480 INFO train epoch 24/200 batch 26/66 (39%) running_loss=0.7567
2026-09-18 17:59:50,034 INFO train epoch 24/200 batch 39/66 (59%) running_loss=0.7454
2026-09-18 17:59:53,601 INFO train epoch 24/200 batch 52/66 (79%) running_loss=0.7418
2026-09-18 17:59:57,145 INFO train epoch 24/200 batch 65/66 (98%) running_loss=0.7395
2026-09-18 17:59:57,367 INFO train epoch 24/200 batch 66/66 (100%) running_loss=0.7384
2026-09-18 17:59:59,885 INFO epoch 24/200 done: train_loss=0.7384 val_loss=0.5547 val_accuracy=0.8094 val_macro_f1=0.7305 val_macro_auc=0.9148 (checkpoint_metric=macro_auc)
2026-09-18 18:00:03,948 INFO train epoch 25/200 batch 13/66 (20%) running_loss=0.7300
2026-09-18 18:00:07,514 INFO train epoch 25/200 batch 26/66 (39%) running_loss=0.7356
2026-09-18 18:00:11,085 INFO train epoch 25/200 batch 39/66 (59%) running_loss=0.7306
2026-09-18 18:00:14,638 INFO train epoch 25/200 batch 52/66 (79%) running_loss=0.7291
2026-09-18 18:00:18,181 INFO train epoch 25/200 batch 65/66 (98%) running_loss=0.7267
2026-09-18 18:00:18,404 INFO train epoch 25/200 batch 66/66 (100%) running_loss=0.7254
2026-09-18 18:00:21,051 INFO epoch 25/200 done: train_loss=0.7254 val_loss=0.4480 val_accuracy=0.8402 val_macro_f1=0.7176 val_macro_auc=0.9227 (checkpoint_metric=macro_auc) [new best]
2026-09-18 18:00:25,136 INFO train epoch 26/200 batch 13/66 (20%) running_loss=0.7351
2026-09-18 18:00:28,726 INFO train epoch 26/200 batch 26/66 (39%) running_loss=0.7233
2026-09-18 18:00:32,283 INFO train epoch 26/200 batch 39/66 (59%) running_loss=0.7445
2026-09-18 18:00:35,835 INFO train epoch 26/200 batch 52/66 (79%) running_loss=0.7538
2026-09-18 18:00:39,375 INFO train epoch 26/200 batch 65/66 (98%) running_loss=0.7444
2026-09-18 18:00:39,599 INFO train epoch 26/200 batch 66/66 (100%) running_loss=0.7449
2026-09-18 18:00:42,235 INFO epoch 26/200 done: train_loss=0.7449 val_loss=0.4433 val_accuracy=0.8586 val_macro_f1=0.7355 val_macro_auc=0.9400 (checkpoint_metric=macro_auc) [new best]
2026-09-18 18:00:46,291 INFO train epoch 27/200 batch 13/66 (20%) running_loss=0.7430
2026-09-18 18:00:49,837 INFO train epoch 27/200 batch 26/66 (39%) running_loss=0.7276
2026-09-18 18:00:53,401 INFO train epoch 27/200 batch 39/66 (59%) running_loss=0.7285
2026-09-18 18:00:56,955 INFO train epoch 27/200 batch 52/66 (79%) running_loss=0.7247
2026-09-18 18:01:00,498 INFO train epoch 27/200 batch 65/66 (98%) running_loss=0.7242
2026-09-18 18:01:00,721 INFO train epoch 27/200 batch 66/66 (100%) running_loss=0.7247
2026-09-18 18:01:03,352 INFO epoch 27/200 done: train_loss=0.7247 val_loss=0.5407 val_accuracy=0.8217 val_macro_f1=0.7446 val_macro_auc=0.9354 (checkpoint_metric=macro_auc) [new best]
2026-09-18 18:01:07,449 INFO train epoch 28/200 batch 13/66 (20%) running_loss=0.7028
2026-09-18 18:01:11,001 INFO train epoch 28/200 batch 26/66 (39%) running_loss=0.7003
2026-09-18 18:01:14,546 INFO train epoch 28/200 batch 39/66 (59%) running_loss=0.7079
2026-09-18 18:01:18,098 INFO train epoch 28/200 batch 52/66 (79%) running_loss=0.7153
2026-09-18 18:01:21,642 INFO train epoch 28/200 batch 65/66 (98%) running_loss=0.7167
2026-09-18 18:01:21,863 INFO train epoch 28/200 batch 66/66 (100%) running_loss=0.7154
2026-09-18 18:01:24,399 INFO epoch 28/200 done: train_loss=0.7154 val_loss=0.5202 val_accuracy=0.8197 val_macro_f1=0.7217 val_macro_auc=0.9178 (checkpoint_metric=macro_auc)
2026-09-18 18:01:28,580 INFO train epoch 29/200 batch 13/66 (20%) running_loss=0.7017
2026-09-18 18:01:32,121 INFO train epoch 29/200 batch 26/66 (39%) running_loss=0.7321
2026-09-18 18:01:35,700 INFO train epoch 29/200 batch 39/66 (59%) running_loss=0.7232
2026-09-18 18:01:39,261 INFO train epoch 29/200 batch 52/66 (79%) running_loss=0.7159
2026-09-18 18:01:42,808 INFO train epoch 29/200 batch 65/66 (98%) running_loss=0.7174
2026-09-18 18:01:43,031 INFO train epoch 29/200 batch 66/66 (100%) running_loss=0.7167
2026-09-18 18:01:45,561 INFO epoch 29/200 done: train_loss=0.7167 val_loss=0.5792 val_accuracy=0.7746 val_macro_f1=0.6877 val_macro_auc=0.9254 (checkpoint_metric=macro_auc)
2026-09-18 18:01:49,706 INFO train epoch 30/200 batch 13/66 (20%) running_loss=0.7152
2026-09-18 18:01:53,282 INFO train epoch 30/200 batch 26/66 (39%) running_loss=0.6928
2026-09-18 18:01:56,837 INFO train epoch 30/200 batch 39/66 (59%) running_loss=0.7102
2026-09-18 18:02:00,415 INFO train epoch 30/200 batch 52/66 (79%) running_loss=0.7181
2026-09-18 18:02:03,960 INFO train epoch 30/200 batch 65/66 (98%) running_loss=0.7131
2026-09-18 18:02:04,182 INFO train epoch 30/200 batch 66/66 (100%) running_loss=0.7116
2026-09-18 18:02:06,697 INFO epoch 30/200 done: train_loss=0.7116 val_loss=0.4959 val_accuracy=0.8135 val_macro_f1=0.7336 val_macro_auc=0.9276 (checkpoint_metric=macro_auc)
2026-09-18 18:02:10,714 INFO train epoch 31/200 batch 13/66 (20%) running_loss=0.7296
2026-09-18 18:02:14,264 INFO train epoch 31/200 batch 26/66 (39%) running_loss=0.7239
2026-09-18 18:02:17,811 INFO train epoch 31/200 batch 39/66 (59%) running_loss=0.7198
2026-09-18 18:02:21,365 INFO train epoch 31/200 batch 52/66 (79%) running_loss=0.7193
2026-09-18 18:02:25,081 INFO train epoch 31/200 batch 65/66 (98%) running_loss=0.7050
2026-09-18 18:02:25,303 INFO train epoch 31/200 batch 66/66 (100%) running_loss=0.7047
2026-09-18 18:02:27,943 INFO epoch 31/200 done: train_loss=0.7047 val_loss=0.4393 val_accuracy=0.8402 val_macro_f1=0.7606 val_macro_auc=0.9485 (checkpoint_metric=macro_auc) [new best]
2026-09-18 18:02:32,009 INFO train epoch 32/200 batch 13/66 (20%) running_loss=0.6707
2026-09-18 18:02:35,563 INFO train epoch 32/200 batch 26/66 (39%) running_loss=0.6922
2026-09-18 18:02:39,113 INFO train epoch 32/200 batch 39/66 (59%) running_loss=0.6998
2026-09-18 18:02:42,660 INFO train epoch 32/200 batch 52/66 (79%) running_loss=0.7122
2026-09-18 18:02:46,213 INFO train epoch 32/200 batch 65/66 (98%) running_loss=0.7167
2026-09-18 18:02:46,437 INFO train epoch 32/200 batch 66/66 (100%) running_loss=0.7154
2026-09-18 18:02:49,071 INFO epoch 32/200 done: train_loss=0.7154 val_loss=0.4596 val_accuracy=0.8443 val_macro_f1=0.7657 val_macro_auc=0.9342 (checkpoint_metric=macro_auc) [new best]
2026-09-18 18:02:53,138 INFO train epoch 33/200 batch 13/66 (20%) running_loss=0.6987
2026-09-18 18:02:56,688 INFO train epoch 33/200 batch 26/66 (39%) running_loss=0.6927
2026-09-18 18:03:00,246 INFO train epoch 33/200 batch 39/66 (59%) running_loss=0.7031
2026-09-18 18:03:03,794 INFO train epoch 33/200 batch 52/66 (79%) running_loss=0.7089
2026-09-18 18:03:07,347 INFO train epoch 33/200 batch 65/66 (98%) running_loss=0.7119
2026-09-18 18:03:07,570 INFO train epoch 33/200 batch 66/66 (100%) running_loss=0.7121
2026-09-18 18:03:10,104 INFO epoch 33/200 done: train_loss=0.7121 val_loss=0.5545 val_accuracy=0.7848 val_macro_f1=0.7062 val_macro_auc=0.9250 (checkpoint_metric=macro_auc)
2026-09-18 18:03:14,233 INFO train epoch 34/200 batch 13/66 (20%) running_loss=0.6920
2026-09-18 18:03:17,810 INFO train epoch 34/200 batch 26/66 (39%) running_loss=0.6969
2026-09-18 18:03:21,359 INFO train epoch 34/200 batch 39/66 (59%) running_loss=0.6902
2026-09-18 18:03:24,914 INFO train epoch 34/200 batch 52/66 (79%) running_loss=0.6895
2026-09-18 18:03:28,456 INFO train epoch 34/200 batch 65/66 (98%) running_loss=0.6973
2026-09-18 18:03:28,678 INFO train epoch 34/200 batch 66/66 (100%) running_loss=0.6964
2026-09-18 18:03:31,204 INFO epoch 34/200 done: train_loss=0.6964 val_loss=0.4912 val_accuracy=0.8443 val_macro_f1=0.7251 val_macro_auc=0.9041 (checkpoint_metric=macro_auc)
2026-09-18 18:03:35,307 INFO train epoch 35/200 batch 13/66 (20%) running_loss=0.7288
2026-09-18 18:03:39,005 INFO train epoch 35/200 batch 26/66 (39%) running_loss=0.6943
2026-09-18 18:03:42,564 INFO train epoch 35/200 batch 39/66 (59%) running_loss=0.6872
2026-09-18 18:03:46,121 INFO train epoch 35/200 batch 52/66 (79%) running_loss=0.6836
2026-09-18 18:03:49,667 INFO train epoch 35/200 batch 65/66 (98%) running_loss=0.6877
2026-09-18 18:03:49,892 INFO train epoch 35/200 batch 66/66 (100%) running_loss=0.6875
2026-09-18 18:03:52,417 INFO epoch 35/200 done: train_loss=0.6875 val_loss=0.5124 val_accuracy=0.8422 val_macro_f1=0.7891 val_macro_auc=0.9657 (checkpoint_metric=macro_auc)
2026-09-18 18:03:56,499 INFO train epoch 36/200 batch 13/66 (20%) running_loss=0.6985
2026-09-18 18:04:00,056 INFO train epoch 36/200 batch 26/66 (39%) running_loss=0.7116
2026-09-18 18:04:03,609 INFO train epoch 36/200 batch 39/66 (59%) running_loss=0.7180
2026-09-18 18:04:07,148 INFO train epoch 36/200 batch 52/66 (79%) running_loss=0.7031
2026-09-18 18:04:10,692 INFO train epoch 36/200 batch 65/66 (98%) running_loss=0.7051
2026-09-18 18:04:10,915 INFO train epoch 36/200 batch 66/66 (100%) running_loss=0.7038
2026-09-18 18:04:13,529 INFO epoch 36/200 done: train_loss=0.7038 val_loss=0.5550 val_accuracy=0.7951 val_macro_f1=0.7474 val_macro_auc=0.9454 (checkpoint_metric=macro_auc) [new best]
2026-09-18 18:04:17,627 INFO train epoch 37/200 batch 13/66 (20%) running_loss=0.6773
2026-09-18 18:04:21,182 INFO train epoch 37/200 batch 26/66 (39%) running_loss=0.6974
2026-09-18 18:04:24,728 INFO train epoch 37/200 batch 39/66 (59%) running_loss=0.6948
2026-09-18 18:04:28,272 INFO train epoch 37/200 batch 52/66 (79%) running_loss=0.6972
2026-09-18 18:04:31,808 INFO train epoch 37/200 batch 65/66 (98%) running_loss=0.6935
2026-09-18 18:04:32,030 INFO train epoch 37/200 batch 66/66 (100%) running_loss=0.6934
2026-09-18 18:04:34,541 INFO epoch 37/200 done: train_loss=0.6934 val_loss=0.6574 val_accuracy=0.6824 val_macro_f1=0.5693 val_macro_auc=0.8967 (checkpoint_metric=macro_auc)
2026-09-18 18:04:38,598 INFO train epoch 38/200 batch 13/66 (20%) running_loss=0.6446
2026-09-18 18:04:42,221 INFO train epoch 38/200 batch 26/66 (39%) running_loss=0.6585
2026-09-18 18:04:45,774 INFO train epoch 38/200 batch 39/66 (59%) running_loss=0.6710
2026-09-18 18:04:49,330 INFO train epoch 38/200 batch 52/66 (79%) running_loss=0.6771
2026-09-18 18:04:52,875 INFO train epoch 38/200 batch 65/66 (98%) running_loss=0.6807
2026-09-18 18:04:53,099 INFO train epoch 38/200 batch 66/66 (100%) running_loss=0.6794
2026-09-18 18:04:55,621 INFO epoch 38/200 done: train_loss=0.6794 val_loss=0.4354 val_accuracy=0.8750 val_macro_f1=0.8173 val_macro_auc=0.9646 (checkpoint_metric=macro_auc)
2026-09-18 18:04:59,652 INFO train epoch 39/200 batch 13/66 (20%) running_loss=0.6840
2026-09-18 18:05:03,189 INFO train epoch 39/200 batch 26/66 (39%) running_loss=0.6760
2026-09-18 18:05:06,761 INFO train epoch 39/200 batch 39/66 (59%) running_loss=0.6793
2026-09-18 18:05:10,320 INFO train epoch 39/200 batch 52/66 (79%) running_loss=0.6657
2026-09-18 18:05:13,867 INFO train epoch 39/200 batch 65/66 (98%) running_loss=0.6694
2026-09-18 18:05:14,090 INFO train epoch 39/200 batch 66/66 (100%) running_loss=0.6688
2026-09-18 18:05:16,733 INFO epoch 39/200 done: train_loss=0.6688 val_loss=0.5025 val_accuracy=0.8012 val_macro_f1=0.7604 val_macro_auc=0.9575 (checkpoint_metric=macro_auc) [new best]
2026-09-18 18:05:20,796 INFO train epoch 40/200 batch 13/66 (20%) running_loss=0.6745
2026-09-18 18:05:24,340 INFO train epoch 40/200 batch 26/66 (39%) running_loss=0.6897
2026-09-18 18:05:27,896 INFO train epoch 40/200 batch 39/66 (59%) running_loss=0.6949
2026-09-18 18:05:31,449 INFO train epoch 40/200 batch 52/66 (79%) running_loss=0.6798
2026-09-18 18:05:34,998 INFO train epoch 40/200 batch 65/66 (98%) running_loss=0.6774
2026-09-18 18:05:35,220 INFO train epoch 40/200 batch 66/66 (100%) running_loss=0.6780
2026-09-18 18:05:37,855 INFO epoch 40/200 done: train_loss=0.6780 val_loss=0.4482 val_accuracy=0.8566 val_macro_f1=0.8043 val_macro_auc=0.9603 (checkpoint_metric=macro_auc) [new best]
2026-09-18 18:05:42,103 INFO train epoch 41/200 batch 13/66 (20%) running_loss=0.6479
2026-09-18 18:05:45,678 INFO train epoch 41/200 batch 26/66 (39%) running_loss=0.6518
2026-09-18 18:05:49,232 INFO train epoch 41/200 batch 39/66 (59%) running_loss=0.6693
2026-09-18 18:05:52,779 INFO train epoch 41/200 batch 52/66 (79%) running_loss=0.6693
2026-09-18 18:05:56,332 INFO train epoch 41/200 batch 65/66 (98%) running_loss=0.6753
2026-09-18 18:05:56,553 INFO train epoch 41/200 batch 66/66 (100%) running_loss=0.6746
2026-09-18 18:05:59,074 INFO epoch 41/200 done: train_loss=0.6746 val_loss=0.4747 val_accuracy=0.8074 val_macro_f1=0.7327 val_macro_auc=0.9425 (checkpoint_metric=macro_auc)
2026-09-18 18:06:03,114 INFO train epoch 42/200 batch 13/66 (20%) running_loss=0.6418
2026-09-18 18:06:06,686 INFO train epoch 42/200 batch 26/66 (39%) running_loss=0.6351
2026-09-18 18:06:10,252 INFO train epoch 42/200 batch 39/66 (59%) running_loss=0.6497
2026-09-18 18:06:13,810 INFO train epoch 42/200 batch 52/66 (79%) running_loss=0.6537
2026-09-18 18:06:17,368 INFO train epoch 42/200 batch 65/66 (98%) running_loss=0.6565
2026-09-18 18:06:17,589 INFO train epoch 42/200 batch 66/66 (100%) running_loss=0.6564
2026-09-18 18:06:20,124 INFO epoch 42/200 done: train_loss=0.6564 val_loss=0.5053 val_accuracy=0.8135 val_macro_f1=0.7844 val_macro_auc=0.9629 (checkpoint_metric=macro_auc)
2026-09-18 18:06:24,157 INFO train epoch 43/200 batch 13/66 (20%) running_loss=0.6769
2026-09-18 18:06:27,686 INFO train epoch 43/200 batch 26/66 (39%) running_loss=0.6686
2026-09-18 18:06:31,224 INFO train epoch 43/200 batch 39/66 (59%) running_loss=0.6679
2026-09-18 18:06:34,809 INFO train epoch 43/200 batch 52/66 (79%) running_loss=0.6601
2026-09-18 18:06:38,511 INFO train epoch 43/200 batch 65/66 (98%) running_loss=0.6537
2026-09-18 18:06:38,735 INFO train epoch 43/200 batch 66/66 (100%) running_loss=0.6530
2026-09-18 18:06:41,256 INFO epoch 43/200 done: train_loss=0.6530 val_loss=0.5036 val_accuracy=0.7971 val_macro_f1=0.7557 val_macro_auc=0.9541 (checkpoint_metric=macro_auc)
2026-09-18 18:06:45,333 INFO train epoch 44/200 batch 13/66 (20%) running_loss=0.6799
2026-09-18 18:06:48,906 INFO train epoch 44/200 batch 26/66 (39%) running_loss=0.6842
2026-09-18 18:06:52,469 INFO train epoch 44/200 batch 39/66 (59%) running_loss=0.6590
2026-09-18 18:06:56,037 INFO train epoch 44/200 batch 52/66 (79%) running_loss=0.6523
2026-09-18 18:06:59,588 INFO train epoch 44/200 batch 65/66 (98%) running_loss=0.6559
2026-09-18 18:06:59,812 INFO train epoch 44/200 batch 66/66 (100%) running_loss=0.6547
2026-09-18 18:07:02,334 INFO epoch 44/200 done: train_loss=0.6547 val_loss=0.4024 val_accuracy=0.8811 val_macro_f1=0.8186 val_macro_auc=0.9633 (checkpoint_metric=macro_auc)
2026-09-18 18:07:06,403 INFO train epoch 45/200 batch 13/66 (20%) running_loss=0.6686
2026-09-18 18:07:09,955 INFO train epoch 45/200 batch 26/66 (39%) running_loss=0.6433
2026-09-18 18:07:13,509 INFO train epoch 45/200 batch 39/66 (59%) running_loss=0.6390
2026-09-18 18:07:17,075 INFO train epoch 45/200 batch 52/66 (79%) running_loss=0.6385
2026-09-18 18:07:20,614 INFO train epoch 45/200 batch 65/66 (98%) running_loss=0.6420
2026-09-18 18:07:20,838 INFO train epoch 45/200 batch 66/66 (100%) running_loss=0.6416
2026-09-18 18:07:23,367 INFO epoch 45/200 done: train_loss=0.6416 val_loss=0.4437 val_accuracy=0.8586 val_macro_f1=0.7984 val_macro_auc=0.9529 (checkpoint_metric=macro_auc)
2026-09-18 18:07:27,472 INFO train epoch 46/200 batch 13/66 (20%) running_loss=0.6649
2026-09-18 18:07:31,021 INFO train epoch 46/200 batch 26/66 (39%) running_loss=0.6482
2026-09-18 18:07:34,576 INFO train epoch 46/200 batch 39/66 (59%) running_loss=0.6370
2026-09-18 18:07:38,129 INFO train epoch 46/200 batch 52/66 (79%) running_loss=0.6496
2026-09-18 18:07:41,675 INFO train epoch 46/200 batch 65/66 (98%) running_loss=0.6466
2026-09-18 18:07:41,900 INFO train epoch 46/200 batch 66/66 (100%) running_loss=0.6456
2026-09-18 18:07:44,418 INFO epoch 46/200 done: train_loss=0.6456 val_loss=0.6599 val_accuracy=0.7213 val_macro_f1=0.6822 val_macro_auc=0.9254 (checkpoint_metric=macro_auc)
2026-09-18 18:07:48,427 INFO train epoch 47/200 batch 13/66 (20%) running_loss=0.6328
2026-09-18 18:07:52,125 INFO train epoch 47/200 batch 26/66 (39%) running_loss=0.6371
2026-09-18 18:07:55,674 INFO train epoch 47/200 batch 39/66 (59%) running_loss=0.6251
2026-09-18 18:07:59,223 INFO train epoch 47/200 batch 52/66 (79%) running_loss=0.6291
2026-09-18 18:08:02,762 INFO train epoch 47/200 batch 65/66 (98%) running_loss=0.6331
2026-09-18 18:08:02,984 INFO train epoch 47/200 batch 66/66 (100%) running_loss=0.6331
2026-09-18 18:08:05,502 INFO epoch 47/200 done: train_loss=0.6331 val_loss=0.3756 val_accuracy=0.9057 val_macro_f1=0.8620 val_macro_auc=0.9735 (checkpoint_metric=macro_auc)
2026-09-18 18:08:09,606 INFO train epoch 48/200 batch 13/66 (20%) running_loss=0.6351
2026-09-18 18:08:13,170 INFO train epoch 48/200 batch 26/66 (39%) running_loss=0.6263
2026-09-18 18:08:16,739 INFO train epoch 48/200 batch 39/66 (59%) running_loss=0.6334
2026-09-18 18:08:20,297 INFO train epoch 48/200 batch 52/66 (79%) running_loss=0.6221
2026-09-18 18:08:23,846 INFO train epoch 48/200 batch 65/66 (98%) running_loss=0.6196
2026-09-18 18:08:24,067 INFO train epoch 48/200 batch 66/66 (100%) running_loss=0.6191
2026-09-18 18:08:26,581 INFO epoch 48/200 done: train_loss=0.6191 val_loss=0.4244 val_accuracy=0.8750 val_macro_f1=0.8050 val_macro_auc=0.9596 (checkpoint_metric=macro_auc)
2026-09-18 18:08:30,645 INFO train epoch 49/200 batch 13/66 (20%) running_loss=0.6269
2026-09-18 18:08:34,198 INFO train epoch 49/200 batch 26/66 (39%) running_loss=0.6207
2026-09-18 18:08:37,764 INFO train epoch 49/200 batch 39/66 (59%) running_loss=0.6390
2026-09-18 18:08:41,318 INFO train epoch 49/200 batch 52/66 (79%) running_loss=0.6448
2026-09-18 18:08:45,034 INFO train epoch 49/200 batch 65/66 (98%) running_loss=0.6375
2026-09-18 18:08:45,256 INFO train epoch 49/200 batch 66/66 (100%) running_loss=0.6369
2026-09-18 18:08:47,912 INFO epoch 49/200 done: train_loss=0.6369 val_loss=0.3907 val_accuracy=0.8852 val_macro_f1=0.8343 val_macro_auc=0.9703 (checkpoint_metric=macro_auc) [new best]
2026-09-18 18:08:51,937 INFO train epoch 50/200 batch 13/66 (20%) running_loss=0.5421
2026-09-18 18:08:55,505 INFO train epoch 50/200 batch 26/66 (39%) running_loss=0.5668
2026-09-18 18:08:59,071 INFO train epoch 50/200 batch 39/66 (59%) running_loss=0.5858
2026-09-18 18:09:02,631 INFO train epoch 50/200 batch 52/66 (79%) running_loss=0.5871
2026-09-18 18:09:06,175 INFO train epoch 50/200 batch 65/66 (98%) running_loss=0.6002
2026-09-18 18:09:06,396 INFO train epoch 50/200 batch 66/66 (100%) running_loss=0.6013
2026-09-18 18:09:08,914 INFO epoch 50/200 done: train_loss=0.6013 val_loss=0.4099 val_accuracy=0.8852 val_macro_f1=0.8155 val_macro_auc=0.9541 (checkpoint_metric=macro_auc)
2026-09-18 18:09:12,978 INFO train epoch 51/200 batch 13/66 (20%) running_loss=0.5990
2026-09-18 18:09:16,535 INFO train epoch 51/200 batch 26/66 (39%) running_loss=0.6172
2026-09-18 18:09:20,079 INFO train epoch 51/200 batch 39/66 (59%) running_loss=0.6296
2026-09-18 18:09:23,636 INFO train epoch 51/200 batch 52/66 (79%) running_loss=0.6283
2026-09-18 18:09:27,180 INFO train epoch 51/200 batch 65/66 (98%) running_loss=0.6326
2026-09-18 18:09:27,401 INFO train epoch 51/200 batch 66/66 (100%) running_loss=0.6325
2026-09-18 18:09:29,934 INFO epoch 51/200 done: train_loss=0.6325 val_loss=0.5870 val_accuracy=0.7684 val_macro_f1=0.7270 val_macro_auc=0.9372 (checkpoint_metric=macro_auc)
2026-09-18 18:09:33,950 INFO train epoch 52/200 batch 13/66 (20%) running_loss=0.6596
2026-09-18 18:09:37,498 INFO train epoch 52/200 batch 26/66 (39%) running_loss=0.6526
2026-09-18 18:09:41,054 INFO train epoch 52/200 batch 39/66 (59%) running_loss=0.6310
2026-09-18 18:09:44,617 INFO train epoch 52/200 batch 52/66 (79%) running_loss=0.6377
2026-09-18 18:09:48,318 INFO train epoch 52/200 batch 65/66 (98%) running_loss=0.6303
2026-09-18 18:09:48,539 INFO train epoch 52/200 batch 66/66 (100%) running_loss=0.6321
2026-09-18 18:09:51,064 INFO epoch 52/200 done: train_loss=0.6321 val_loss=0.3795 val_accuracy=0.8586 val_macro_f1=0.7784 val_macro_auc=0.9585 (checkpoint_metric=macro_auc)
2026-09-18 18:09:55,138 INFO train epoch 53/200 batch 13/66 (20%) running_loss=0.6136
2026-09-18 18:09:58,694 INFO train epoch 53/200 batch 26/66 (39%) running_loss=0.6082
2026-09-18 18:10:02,245 INFO train epoch 53/200 batch 39/66 (59%) running_loss=0.6060
2026-09-18 18:10:05,791 INFO train epoch 53/200 batch 52/66 (79%) running_loss=0.6154
2026-09-18 18:10:09,314 INFO train epoch 53/200 batch 65/66 (98%) running_loss=0.6199
2026-09-18 18:10:09,537 INFO train epoch 53/200 batch 66/66 (100%) running_loss=0.6211
2026-09-18 18:10:12,076 INFO epoch 53/200 done: train_loss=0.6211 val_loss=0.4789 val_accuracy=0.8443 val_macro_f1=0.7898 val_macro_auc=0.9555 (checkpoint_metric=macro_auc)
2026-09-18 18:10:16,069 INFO train epoch 54/200 batch 13/66 (20%) running_loss=0.6449
2026-09-18 18:10:19,609 INFO train epoch 54/200 batch 26/66 (39%) running_loss=0.6280
2026-09-18 18:10:23,154 INFO train epoch 54/200 batch 39/66 (59%) running_loss=0.6308
2026-09-18 18:10:26,698 INFO train epoch 54/200 batch 52/66 (79%) running_loss=0.6321
2026-09-18 18:10:30,235 INFO train epoch 54/200 batch 65/66 (98%) running_loss=0.6320
2026-09-18 18:10:30,458 INFO train epoch 54/200 batch 66/66 (100%) running_loss=0.6324
2026-09-18 18:10:32,975 INFO epoch 54/200 done: train_loss=0.6324 val_loss=0.3737 val_accuracy=0.8955 val_macro_f1=0.8501 val_macro_auc=0.9707 (checkpoint_metric=macro_auc)
2026-09-18 18:10:37,056 INFO train epoch 55/200 batch 13/66 (20%) running_loss=0.5856
2026-09-18 18:10:40,750 INFO train epoch 55/200 batch 26/66 (39%) running_loss=0.6134
2026-09-18 18:10:44,312 INFO train epoch 55/200 batch 39/66 (59%) running_loss=0.6044
2026-09-18 18:10:47,850 INFO train epoch 55/200 batch 52/66 (79%) running_loss=0.6079
2026-09-18 18:10:51,389 INFO train epoch 55/200 batch 65/66 (98%) running_loss=0.6121
2026-09-18 18:10:51,612 INFO train epoch 55/200 batch 66/66 (100%) running_loss=0.6119
2026-09-18 18:10:54,135 INFO epoch 55/200 done: train_loss=0.6119 val_loss=0.5598 val_accuracy=0.7971 val_macro_f1=0.7412 val_macro_auc=0.9269 (checkpoint_metric=macro_auc)
2026-09-18 18:10:58,214 INFO train epoch 56/200 batch 13/66 (20%) running_loss=0.6063
2026-09-18 18:11:01,773 INFO train epoch 56/200 batch 26/66 (39%) running_loss=0.6016
2026-09-18 18:11:05,324 INFO train epoch 56/200 batch 39/66 (59%) running_loss=0.6019
2026-09-18 18:11:08,880 INFO train epoch 56/200 batch 52/66 (79%) running_loss=0.6008
2026-09-18 18:11:12,421 INFO train epoch 56/200 batch 65/66 (98%) running_loss=0.6070
2026-09-18 18:11:12,643 INFO train epoch 56/200 batch 66/66 (100%) running_loss=0.6056
2026-09-18 18:11:15,173 INFO epoch 56/200 done: train_loss=0.6056 val_loss=0.5059 val_accuracy=0.7848 val_macro_f1=0.7495 val_macro_auc=0.9630 (checkpoint_metric=macro_auc)
2026-09-18 18:11:19,241 INFO train epoch 57/200 batch 13/66 (20%) running_loss=0.6116
2026-09-18 18:11:22,804 INFO train epoch 57/200 batch 26/66 (39%) running_loss=0.6135
2026-09-18 18:11:26,357 INFO train epoch 57/200 batch 39/66 (59%) running_loss=0.6114
2026-09-18 18:11:29,904 INFO train epoch 57/200 batch 52/66 (79%) running_loss=0.6062
2026-09-18 18:11:33,457 INFO train epoch 57/200 batch 65/66 (98%) running_loss=0.6038
2026-09-18 18:11:33,682 INFO train epoch 57/200 batch 66/66 (100%) running_loss=0.6036
2026-09-18 18:11:36,229 INFO epoch 57/200 done: train_loss=0.6036 val_loss=0.3488 val_accuracy=0.8791 val_macro_f1=0.7876 val_macro_auc=0.9600 (checkpoint_metric=macro_auc)
2026-09-18 18:11:40,330 INFO train epoch 58/200 batch 13/66 (20%) running_loss=0.6534
2026-09-18 18:11:43,863 INFO train epoch 58/200 batch 26/66 (39%) running_loss=0.6487
2026-09-18 18:11:47,410 INFO train epoch 58/200 batch 39/66 (59%) running_loss=0.6290
2026-09-18 18:11:51,011 INFO train epoch 58/200 batch 52/66 (79%) running_loss=0.6251
2026-09-18 18:11:54,546 INFO train epoch 58/200 batch 65/66 (98%) running_loss=0.6153
2026-09-18 18:11:54,768 INFO train epoch 58/200 batch 66/66 (100%) running_loss=0.6152
2026-09-18 18:11:57,286 INFO epoch 58/200 done: train_loss=0.6152 val_loss=0.5095 val_accuracy=0.8135 val_macro_f1=0.7853 val_macro_auc=0.9715 (checkpoint_metric=macro_auc)
2026-09-18 18:12:01,345 INFO train epoch 59/200 batch 13/66 (20%) running_loss=0.5737
2026-09-18 18:12:04,895 INFO train epoch 59/200 batch 26/66 (39%) running_loss=0.5979
2026-09-18 18:12:08,443 INFO train epoch 59/200 batch 39/66 (59%) running_loss=0.5763
2026-09-18 18:12:12,001 INFO train epoch 59/200 batch 52/66 (79%) running_loss=0.5773
2026-09-18 18:12:15,556 INFO train epoch 59/200 batch 65/66 (98%) running_loss=0.5791
2026-09-18 18:12:15,778 INFO train epoch 59/200 batch 66/66 (100%) running_loss=0.5801
2026-09-18 18:12:18,389 INFO epoch 59/200 done: train_loss=0.5801 val_loss=0.3854 val_accuracy=0.8811 val_macro_f1=0.8460 val_macro_auc=0.9737 (checkpoint_metric=macro_auc) [new best]
2026-09-18 18:12:22,442 INFO train epoch 60/200 batch 13/66 (20%) running_loss=0.5656
2026-09-18 18:12:25,992 INFO train epoch 60/200 batch 26/66 (39%) running_loss=0.5801
2026-09-18 18:12:29,538 INFO train epoch 60/200 batch 39/66 (59%) running_loss=0.5869
2026-09-18 18:12:33,088 INFO train epoch 60/200 batch 52/66 (79%) running_loss=0.5929
2026-09-18 18:12:36,629 INFO train epoch 60/200 batch 65/66 (98%) running_loss=0.5897
2026-09-18 18:12:36,851 INFO train epoch 60/200 batch 66/66 (100%) running_loss=0.5891
2026-09-18 18:12:39,480 INFO epoch 60/200 done: train_loss=0.5891 val_loss=0.3953 val_accuracy=0.8730 val_macro_f1=0.8077 val_macro_auc=0.9683 (checkpoint_metric=macro_auc) [new best]
2026-09-18 18:12:43,922 INFO train epoch 61/200 batch 13/66 (20%) running_loss=0.5878
2026-09-18 18:12:47,507 INFO train epoch 61/200 batch 26/66 (39%) running_loss=0.5928
2026-09-18 18:12:51,070 INFO train epoch 61/200 batch 39/66 (59%) running_loss=0.5898
2026-09-18 18:12:54,632 INFO train epoch 61/200 batch 52/66 (79%) running_loss=0.5935
2026-09-18 18:12:58,192 INFO train epoch 61/200 batch 65/66 (98%) running_loss=0.5877
2026-09-18 18:12:58,419 INFO train epoch 61/200 batch 66/66 (100%) running_loss=0.5879
2026-09-18 18:13:01,056 INFO epoch 61/200 done: train_loss=0.5879 val_loss=0.4165 val_accuracy=0.8566 val_macro_f1=0.8226 val_macro_auc=0.9764 (checkpoint_metric=macro_auc) [new best]
2026-09-18 18:13:05,142 INFO train epoch 62/200 batch 13/66 (20%) running_loss=0.5656
2026-09-18 18:13:08,719 INFO train epoch 62/200 batch 26/66 (39%) running_loss=0.5654
2026-09-18 18:13:12,279 INFO train epoch 62/200 batch 39/66 (59%) running_loss=0.5661
2026-09-18 18:13:15,837 INFO train epoch 62/200 batch 52/66 (79%) running_loss=0.5863
2026-09-18 18:13:19,376 INFO train epoch 62/200 batch 65/66 (98%) running_loss=0.5868
2026-09-18 18:13:19,599 INFO train epoch 62/200 batch 66/66 (100%) running_loss=0.5866
2026-09-18 18:13:22,115 INFO epoch 62/200 done: train_loss=0.5866 val_loss=0.3590 val_accuracy=0.8934 val_macro_f1=0.8414 val_macro_auc=0.9733 (checkpoint_metric=macro_auc)
2026-09-18 18:13:26,188 INFO train epoch 63/200 batch 13/66 (20%) running_loss=0.5241
2026-09-18 18:13:29,737 INFO train epoch 63/200 batch 26/66 (39%) running_loss=0.5475
2026-09-18 18:13:33,286 INFO train epoch 63/200 batch 39/66 (59%) running_loss=0.5621
2026-09-18 18:13:36,838 INFO train epoch 63/200 batch 52/66 (79%) running_loss=0.5696
2026-09-18 18:13:40,395 INFO train epoch 63/200 batch 65/66 (98%) running_loss=0.5702
2026-09-18 18:13:40,617 INFO train epoch 63/200 batch 66/66 (100%) running_loss=0.5701
2026-09-18 18:13:43,358 INFO epoch 63/200 done: train_loss=0.5701 val_loss=0.3625 val_accuracy=0.9037 val_macro_f1=0.8651 val_macro_auc=0.9787 (checkpoint_metric=macro_auc) [new best]
2026-09-18 18:13:47,430 INFO train epoch 64/200 batch 13/66 (20%) running_loss=0.5745
2026-09-18 18:13:50,976 INFO train epoch 64/200 batch 26/66 (39%) running_loss=0.5687
2026-09-18 18:13:54,526 INFO train epoch 64/200 batch 39/66 (59%) running_loss=0.5718
2026-09-18 18:13:58,076 INFO train epoch 64/200 batch 52/66 (79%) running_loss=0.5790
2026-09-18 18:14:01,636 INFO train epoch 64/200 batch 65/66 (98%) running_loss=0.5850
2026-09-18 18:14:01,859 INFO train epoch 64/200 batch 66/66 (100%) running_loss=0.5852
2026-09-18 18:14:04,397 INFO epoch 64/200 done: train_loss=0.5852 val_loss=0.3425 val_accuracy=0.8955 val_macro_f1=0.8468 val_macro_auc=0.9722 (checkpoint_metric=macro_auc)
2026-09-18 18:14:08,431 INFO train epoch 65/200 batch 13/66 (20%) running_loss=0.5320
2026-09-18 18:14:11,980 INFO train epoch 65/200 batch 26/66 (39%) running_loss=0.5700
2026-09-18 18:14:15,532 INFO train epoch 65/200 batch 39/66 (59%) running_loss=0.5611
2026-09-18 18:14:19,081 INFO train epoch 65/200 batch 52/66 (79%) running_loss=0.5599
2026-09-18 18:14:22,622 INFO train epoch 65/200 batch 65/66 (98%) running_loss=0.5543
2026-09-18 18:14:22,844 INFO train epoch 65/200 batch 66/66 (100%) running_loss=0.5561
2026-09-18 18:14:25,344 INFO epoch 65/200 done: train_loss=0.5561 val_loss=0.3797 val_accuracy=0.8873 val_macro_f1=0.8352 val_macro_auc=0.9632 (checkpoint_metric=macro_auc)
2026-09-18 18:14:29,427 INFO train epoch 66/200 batch 13/66 (20%) running_loss=0.5804
2026-09-18 18:14:33,006 INFO train epoch 66/200 batch 26/66 (39%) running_loss=0.5881
2026-09-18 18:14:36,553 INFO train epoch 66/200 batch 39/66 (59%) running_loss=0.5877
2026-09-18 18:14:40,095 INFO train epoch 66/200 batch 52/66 (79%) running_loss=0.5769
2026-09-18 18:14:43,792 INFO train epoch 66/200 batch 65/66 (98%) running_loss=0.5792
2026-09-18 18:14:44,013 INFO train epoch 66/200 batch 66/66 (100%) running_loss=0.5788
2026-09-18 18:14:46,543 INFO epoch 66/200 done: train_loss=0.5788 val_loss=0.3831 val_accuracy=0.8996 val_macro_f1=0.8640 val_macro_auc=0.9743 (checkpoint_metric=macro_auc)
2026-09-18 18:14:50,626 INFO train epoch 67/200 batch 13/66 (20%) running_loss=0.5708
2026-09-18 18:14:54,172 INFO train epoch 67/200 batch 26/66 (39%) running_loss=0.5527
2026-09-18 18:14:57,729 INFO train epoch 67/200 batch 39/66 (59%) running_loss=0.5552
2026-09-18 18:15:01,302 INFO train epoch 67/200 batch 52/66 (79%) running_loss=0.5595
2026-09-18 18:15:04,852 INFO train epoch 67/200 batch 65/66 (98%) running_loss=0.5690
2026-09-18 18:15:05,073 INFO train epoch 67/200 batch 66/66 (100%) running_loss=0.5676
2026-09-18 18:15:07,599 INFO epoch 67/200 done: train_loss=0.5676 val_loss=0.4239 val_accuracy=0.8668 val_macro_f1=0.8212 val_macro_auc=0.9659 (checkpoint_metric=macro_auc)
2026-09-18 18:15:11,684 INFO train epoch 68/200 batch 13/66 (20%) running_loss=0.5314
2026-09-18 18:15:15,247 INFO train epoch 68/200 batch 26/66 (39%) running_loss=0.5521
2026-09-18 18:15:18,811 INFO train epoch 68/200 batch 39/66 (59%) running_loss=0.5475
2026-09-18 18:15:22,358 INFO train epoch 68/200 batch 52/66 (79%) running_loss=0.5502
2026-09-18 18:15:25,904 INFO train epoch 68/200 batch 65/66 (98%) running_loss=0.5487
2026-09-18 18:15:26,130 INFO train epoch 68/200 batch 66/66 (100%) running_loss=0.5484
2026-09-18 18:15:28,664 INFO epoch 68/200 done: train_loss=0.5484 val_loss=0.2964 val_accuracy=0.9139 val_macro_f1=0.8687 val_macro_auc=0.9764 (checkpoint_metric=macro_auc)
2026-09-18 18:15:32,748 INFO train epoch 69/200 batch 13/66 (20%) running_loss=0.5318
2026-09-18 18:15:36,297 INFO train epoch 69/200 batch 26/66 (39%) running_loss=0.5556
2026-09-18 18:15:39,846 INFO train epoch 69/200 batch 39/66 (59%) running_loss=0.5567
2026-09-18 18:15:43,398 INFO train epoch 69/200 batch 52/66 (79%) running_loss=0.5529
2026-09-18 18:15:46,944 INFO train epoch 69/200 batch 65/66 (98%) running_loss=0.5511
2026-09-18 18:15:47,167 INFO train epoch 69/200 batch 66/66 (100%) running_loss=0.5517
2026-09-18 18:15:49,701 INFO epoch 69/200 done: train_loss=0.5517 val_loss=0.3837 val_accuracy=0.8811 val_macro_f1=0.8344 val_macro_auc=0.9657 (checkpoint_metric=macro_auc)
2026-09-18 18:15:53,728 INFO train epoch 70/200 batch 13/66 (20%) running_loss=0.4952
2026-09-18 18:15:57,443 INFO train epoch 70/200 batch 26/66 (39%) running_loss=0.5003
2026-09-18 18:16:01,000 INFO train epoch 70/200 batch 39/66 (59%) running_loss=0.5139
2026-09-18 18:16:04,576 INFO train epoch 70/200 batch 52/66 (79%) running_loss=0.5242
2026-09-18 18:16:08,127 INFO train epoch 70/200 batch 65/66 (98%) running_loss=0.5312
2026-09-18 18:16:08,350 INFO train epoch 70/200 batch 66/66 (100%) running_loss=0.5326
2026-09-18 18:16:10,897 INFO epoch 70/200 done: train_loss=0.5326 val_loss=0.7322 val_accuracy=0.6721 val_macro_f1=0.6354 val_macro_auc=0.9217 (checkpoint_metric=macro_auc)
2026-09-18 18:16:14,909 INFO train epoch 71/200 batch 13/66 (20%) running_loss=0.5642
2026-09-18 18:16:18,455 INFO train epoch 71/200 batch 26/66 (39%) running_loss=0.5636
2026-09-18 18:16:21,998 INFO train epoch 71/200 batch 39/66 (59%) running_loss=0.5692
2026-09-18 18:16:25,557 INFO train epoch 71/200 batch 52/66 (79%) running_loss=0.5747
2026-09-18 18:16:29,104 INFO train epoch 71/200 batch 65/66 (98%) running_loss=0.5719
2026-09-18 18:16:29,327 INFO train epoch 71/200 batch 66/66 (100%) running_loss=0.5707
2026-09-18 18:16:31,853 INFO epoch 71/200 done: train_loss=0.5707 val_loss=0.3908 val_accuracy=0.8750 val_macro_f1=0.8380 val_macro_auc=0.9777 (checkpoint_metric=macro_auc)
2026-09-18 18:16:35,851 INFO train epoch 72/200 batch 13/66 (20%) running_loss=0.5460
2026-09-18 18:16:39,386 INFO train epoch 72/200 batch 26/66 (39%) running_loss=0.5728
2026-09-18 18:16:42,935 INFO train epoch 72/200 batch 39/66 (59%) running_loss=0.5849
2026-09-18 18:16:46,501 INFO train epoch 72/200 batch 52/66 (79%) running_loss=0.5823
2026-09-18 18:16:50,043 INFO train epoch 72/200 batch 65/66 (98%) running_loss=0.5730
2026-09-18 18:16:50,266 INFO train epoch 72/200 batch 66/66 (100%) running_loss=0.5727
2026-09-18 18:16:52,786 INFO epoch 72/200 done: train_loss=0.5727 val_loss=0.4016 val_accuracy=0.8709 val_macro_f1=0.8257 val_macro_auc=0.9730 (checkpoint_metric=macro_auc)
2026-09-18 18:16:56,855 INFO train epoch 73/200 batch 13/66 (20%) running_loss=0.5441
2026-09-18 18:17:00,427 INFO train epoch 73/200 batch 26/66 (39%) running_loss=0.5489
2026-09-18 18:17:04,160 INFO train epoch 73/200 batch 39/66 (59%) running_loss=0.5401
2026-09-18 18:17:07,733 INFO train epoch 73/200 batch 52/66 (79%) running_loss=0.5504
2026-09-18 18:17:11,282 INFO train epoch 73/200 batch 65/66 (98%) running_loss=0.5562
2026-09-18 18:17:11,506 INFO train epoch 73/200 batch 66/66 (100%) running_loss=0.5570
2026-09-18 18:17:14,132 INFO epoch 73/200 done: train_loss=0.5570 val_loss=0.2905 val_accuracy=0.9037 val_macro_f1=0.8460 val_macro_auc=0.9789 (checkpoint_metric=macro_auc) [new best]
2026-09-18 18:17:18,203 INFO train epoch 74/200 batch 13/66 (20%) running_loss=0.5492
2026-09-18 18:17:21,757 INFO train epoch 74/200 batch 26/66 (39%) running_loss=0.5639
2026-09-18 18:17:25,309 INFO train epoch 74/200 batch 39/66 (59%) running_loss=0.5593
2026-09-18 18:17:28,861 INFO train epoch 74/200 batch 52/66 (79%) running_loss=0.5500
2026-09-18 18:17:32,412 INFO train epoch 74/200 batch 65/66 (98%) running_loss=0.5499
2026-09-18 18:17:32,635 INFO train epoch 74/200 batch 66/66 (100%) running_loss=0.5491
2026-09-18 18:17:35,148 INFO epoch 74/200 done: train_loss=0.5491 val_loss=0.3385 val_accuracy=0.9057 val_macro_f1=0.8584 val_macro_auc=0.9748 (checkpoint_metric=macro_auc)
2026-09-18 18:17:39,168 INFO train epoch 75/200 batch 13/66 (20%) running_loss=0.5499
2026-09-18 18:17:42,721 INFO train epoch 75/200 batch 26/66 (39%) running_loss=0.5432
2026-09-18 18:17:46,269 INFO train epoch 75/200 batch 39/66 (59%) running_loss=0.5357
2026-09-18 18:17:49,831 INFO train epoch 75/200 batch 52/66 (79%) running_loss=0.5326
2026-09-18 18:17:53,373 INFO train epoch 75/200 batch 65/66 (98%) running_loss=0.5330
2026-09-18 18:17:53,596 INFO train epoch 75/200 batch 66/66 (100%) running_loss=0.5333
2026-09-18 18:17:56,241 INFO epoch 75/200 done: train_loss=0.5333 val_loss=0.4055 val_accuracy=0.8627 val_macro_f1=0.8266 val_macro_auc=0.9768 (checkpoint_metric=macro_auc) [new best]
2026-09-18 18:18:00,342 INFO train epoch 76/200 batch 13/66 (20%) running_loss=0.5340
2026-09-18 18:18:03,882 INFO train epoch 76/200 batch 26/66 (39%) running_loss=0.5424
2026-09-18 18:18:07,422 INFO train epoch 76/200 batch 39/66 (59%) running_loss=0.5516
2026-09-18 18:18:10,970 INFO train epoch 76/200 batch 52/66 (79%) running_loss=0.5560
2026-09-18 18:18:14,596 INFO train epoch 76/200 batch 65/66 (98%) running_loss=0.5533
2026-09-18 18:18:14,819 INFO train epoch 76/200 batch 66/66 (100%) running_loss=0.5531
2026-09-18 18:18:17,328 INFO epoch 76/200 done: train_loss=0.5531 val_loss=0.4635 val_accuracy=0.8135 val_macro_f1=0.7415 val_macro_auc=0.9524 (checkpoint_metric=macro_auc)
2026-09-18 18:18:21,404 INFO train epoch 77/200 batch 13/66 (20%) running_loss=0.5204
2026-09-18 18:18:24,962 INFO train epoch 77/200 batch 26/66 (39%) running_loss=0.5383
2026-09-18 18:18:28,509 INFO train epoch 77/200 batch 39/66 (59%) running_loss=0.5450
2026-09-18 18:18:32,055 INFO train epoch 77/200 batch 52/66 (79%) running_loss=0.5474
2026-09-18 18:18:35,601 INFO train epoch 77/200 batch 65/66 (98%) running_loss=0.5437
2026-09-18 18:18:35,823 INFO train epoch 77/200 batch 66/66 (100%) running_loss=0.5442
2026-09-18 18:18:38,341 INFO epoch 77/200 done: train_loss=0.5442 val_loss=0.3965 val_accuracy=0.8668 val_macro_f1=0.8345 val_macro_auc=0.9797 (checkpoint_metric=macro_auc)
2026-09-18 18:18:42,368 INFO train epoch 78/200 batch 13/66 (20%) running_loss=0.5143
2026-09-18 18:18:45,940 INFO train epoch 78/200 batch 26/66 (39%) running_loss=0.5276
2026-09-18 18:18:49,499 INFO train epoch 78/200 batch 39/66 (59%) running_loss=0.5293
2026-09-18 18:18:53,070 INFO train epoch 78/200 batch 52/66 (79%) running_loss=0.5244
2026-09-18 18:18:56,620 INFO train epoch 78/200 batch 65/66 (98%) running_loss=0.5301
2026-09-18 18:18:56,841 INFO train epoch 78/200 batch 66/66 (100%) running_loss=0.5298
2026-09-18 18:18:59,352 INFO epoch 78/200 done: train_loss=0.5298 val_loss=0.3204 val_accuracy=0.9242 val_macro_f1=0.8821 val_macro_auc=0.9823 (checkpoint_metric=macro_auc)
2026-09-18 18:19:03,431 INFO train epoch 79/200 batch 13/66 (20%) running_loss=0.4962
2026-09-18 18:19:06,982 INFO train epoch 79/200 batch 26/66 (39%) running_loss=0.5173
2026-09-18 18:19:10,541 INFO train epoch 79/200 batch 39/66 (59%) running_loss=0.5152
2026-09-18 18:19:14,261 INFO train epoch 79/200 batch 52/66 (79%) running_loss=0.5181
2026-09-18 18:19:17,797 INFO train epoch 79/200 batch 65/66 (98%) running_loss=0.5169
2026-09-18 18:19:18,022 INFO train epoch 79/200 batch 66/66 (100%) running_loss=0.5172
2026-09-18 18:19:20,652 INFO epoch 79/200 done: train_loss=0.5172 val_loss=0.3384 val_accuracy=0.8832 val_macro_f1=0.8316 val_macro_auc=0.9726 (checkpoint_metric=macro_auc) [new best]
2026-09-18 18:19:24,721 INFO train epoch 80/200 batch 13/66 (20%) running_loss=0.5271
2026-09-18 18:19:28,278 INFO train epoch 80/200 batch 26/66 (39%) running_loss=0.5207
2026-09-18 18:19:31,831 INFO train epoch 80/200 batch 39/66 (59%) running_loss=0.5251
2026-09-18 18:19:35,386 INFO train epoch 80/200 batch 52/66 (79%) running_loss=0.5231
2026-09-18 18:19:38,930 INFO train epoch 80/200 batch 65/66 (98%) running_loss=0.5198
2026-09-18 18:19:39,152 INFO train epoch 80/200 batch 66/66 (100%) running_loss=0.5207
2026-09-18 18:19:41,663 INFO epoch 80/200 done: train_loss=0.5207 val_loss=0.3629 val_accuracy=0.9037 val_macro_f1=0.8774 val_macro_auc=0.9797 (checkpoint_metric=macro_auc)
2026-09-18 18:19:45,734 INFO train epoch 81/200 batch 13/66 (20%) running_loss=0.5132
2026-09-18 18:19:49,286 INFO train epoch 81/200 batch 26/66 (39%) running_loss=0.5087
2026-09-18 18:19:52,847 INFO train epoch 81/200 batch 39/66 (59%) running_loss=0.5154
2026-09-18 18:19:56,418 INFO train epoch 81/200 batch 52/66 (79%) running_loss=0.5179
2026-09-18 18:19:59,968 INFO train epoch 81/200 batch 65/66 (98%) running_loss=0.5207
2026-09-18 18:20:00,189 INFO train epoch 81/200 batch 66/66 (100%) running_loss=0.5240
2026-09-18 18:20:02,699 INFO epoch 81/200 done: train_loss=0.5240 val_loss=0.3201 val_accuracy=0.9160 val_macro_f1=0.8826 val_macro_auc=0.9760 (checkpoint_metric=macro_auc)
2026-09-18 18:20:06,768 INFO train epoch 82/200 batch 13/66 (20%) running_loss=0.5498
2026-09-18 18:20:10,316 INFO train epoch 82/200 batch 26/66 (39%) running_loss=0.5409
2026-09-18 18:20:13,853 INFO train epoch 82/200 batch 39/66 (59%) running_loss=0.5225
2026-09-18 18:20:17,393 INFO train epoch 82/200 batch 52/66 (79%) running_loss=0.5317
2026-09-18 18:20:21,093 INFO train epoch 82/200 batch 65/66 (98%) running_loss=0.5357
2026-09-18 18:20:21,315 INFO train epoch 82/200 batch 66/66 (100%) running_loss=0.5361
2026-09-18 18:20:23,957 INFO epoch 82/200 done: train_loss=0.5361 val_loss=0.3269 val_accuracy=0.9098 val_macro_f1=0.8712 val_macro_auc=0.9824 (checkpoint_metric=macro_auc) [new best]
2026-09-18 18:20:27,999 INFO train epoch 83/200 batch 13/66 (20%) running_loss=0.5153
2026-09-18 18:20:31,536 INFO train epoch 83/200 batch 26/66 (39%) running_loss=0.5102
2026-09-18 18:20:35,086 INFO train epoch 83/200 batch 39/66 (59%) running_loss=0.5160
2026-09-18 18:20:38,630 INFO train epoch 83/200 batch 52/66 (79%) running_loss=0.5133
2026-09-18 18:20:42,177 INFO train epoch 83/200 batch 65/66 (98%) running_loss=0.5181
2026-09-18 18:20:42,400 INFO train epoch 83/200 batch 66/66 (100%) running_loss=0.5188
2026-09-18 18:20:44,937 INFO epoch 83/200 done: train_loss=0.5188 val_loss=0.3569 val_accuracy=0.8934 val_macro_f1=0.8472 val_macro_auc=0.9725 (checkpoint_metric=macro_auc)
2026-09-18 18:20:49,008 INFO train epoch 84/200 batch 13/66 (20%) running_loss=0.5306
2026-09-18 18:20:52,558 INFO train epoch 84/200 batch 26/66 (39%) running_loss=0.5255
2026-09-18 18:20:56,117 INFO train epoch 84/200 batch 39/66 (59%) running_loss=0.5158
2026-09-18 18:20:59,672 INFO train epoch 84/200 batch 52/66 (79%) running_loss=0.5085
2026-09-18 18:21:03,213 INFO train epoch 84/200 batch 65/66 (98%) running_loss=0.5061
2026-09-18 18:21:03,437 INFO train epoch 84/200 batch 66/66 (100%) running_loss=0.5055
2026-09-18 18:21:05,947 INFO epoch 84/200 done: train_loss=0.5055 val_loss=0.3041 val_accuracy=0.9344 val_macro_f1=0.9068 val_macro_auc=0.9825 (checkpoint_metric=macro_auc)
2026-09-18 18:21:10,026 INFO train epoch 85/200 batch 13/66 (20%) running_loss=0.4971
2026-09-18 18:21:13,585 INFO train epoch 85/200 batch 26/66 (39%) running_loss=0.5051
2026-09-18 18:21:17,141 INFO train epoch 85/200 batch 39/66 (59%) running_loss=0.5053
2026-09-18 18:21:20,716 INFO train epoch 85/200 batch 52/66 (79%) running_loss=0.5061
2026-09-18 18:21:24,266 INFO train epoch 85/200 batch 65/66 (98%) running_loss=0.5072
2026-09-18 18:21:24,488 INFO train epoch 85/200 batch 66/66 (100%) running_loss=0.5070
2026-09-18 18:21:27,004 INFO epoch 85/200 done: train_loss=0.5070 val_loss=0.3364 val_accuracy=0.8852 val_macro_f1=0.8345 val_macro_auc=0.9667 (checkpoint_metric=macro_auc)
2026-09-18 18:21:31,161 INFO train epoch 86/200 batch 13/66 (20%) running_loss=0.4791
2026-09-18 18:21:34,708 INFO train epoch 86/200 batch 26/66 (39%) running_loss=0.4870
2026-09-18 18:21:38,277 INFO train epoch 86/200 batch 39/66 (59%) running_loss=0.4993
2026-09-18 18:21:41,833 INFO train epoch 86/200 batch 52/66 (79%) running_loss=0.5104
2026-09-18 18:21:45,376 INFO train epoch 86/200 batch 65/66 (98%) running_loss=0.5104
2026-09-18 18:21:45,598 INFO train epoch 86/200 batch 66/66 (100%) running_loss=0.5095
2026-09-18 18:21:48,111 INFO epoch 86/200 done: train_loss=0.5095 val_loss=0.2846 val_accuracy=0.9098 val_macro_f1=0.8364 val_macro_auc=0.9842 (checkpoint_metric=macro_auc)
2026-09-18 18:21:52,321 INFO train epoch 87/200 batch 13/66 (20%) running_loss=0.5135
2026-09-18 18:21:55,869 INFO train epoch 87/200 batch 26/66 (39%) running_loss=0.5245
2026-09-18 18:21:59,425 INFO train epoch 87/200 batch 39/66 (59%) running_loss=0.5216
2026-09-18 18:22:02,961 INFO train epoch 87/200 batch 52/66 (79%) running_loss=0.5194
2026-09-18 18:22:06,507 INFO train epoch 87/200 batch 65/66 (98%) running_loss=0.5195
2026-09-18 18:22:06,727 INFO train epoch 87/200 batch 66/66 (100%) running_loss=0.5206
2026-09-18 18:22:09,248 INFO epoch 87/200 done: train_loss=0.5206 val_loss=0.3327 val_accuracy=0.9119 val_macro_f1=0.8727 val_macro_auc=0.9822 (checkpoint_metric=macro_auc)
2026-09-18 18:22:13,240 INFO train epoch 88/200 batch 13/66 (20%) running_loss=0.4638
2026-09-18 18:22:16,782 INFO train epoch 88/200 batch 26/66 (39%) running_loss=0.4886
2026-09-18 18:22:20,342 INFO train epoch 88/200 batch 39/66 (59%) running_loss=0.4896
2026-09-18 18:22:23,902 INFO train epoch 88/200 batch 52/66 (79%) running_loss=0.4933
2026-09-18 18:22:27,614 INFO train epoch 88/200 batch 65/66 (98%) running_loss=0.4971
2026-09-18 18:22:27,838 INFO train epoch 88/200 batch 66/66 (100%) running_loss=0.4974
2026-09-18 18:22:30,492 INFO epoch 88/200 done: train_loss=0.4974 val_loss=0.4026 val_accuracy=0.8893 val_macro_f1=0.8611 val_macro_auc=0.9791 (checkpoint_metric=macro_auc) [new best]
2026-09-18 18:22:34,616 INFO train epoch 89/200 batch 13/66 (20%) running_loss=0.4930
2026-09-18 18:22:38,192 INFO train epoch 89/200 batch 26/66 (39%) running_loss=0.5043
2026-09-18 18:22:41,759 INFO train epoch 89/200 batch 39/66 (59%) running_loss=0.5035
2026-09-18 18:22:45,314 INFO train epoch 89/200 batch 52/66 (79%) running_loss=0.4966
2026-09-18 18:22:48,866 INFO train epoch 89/200 batch 65/66 (98%) running_loss=0.5018
2026-09-18 18:22:49,091 INFO train epoch 89/200 batch 66/66 (100%) running_loss=0.5044
2026-09-18 18:22:51,614 INFO epoch 89/200 done: train_loss=0.5044 val_loss=0.2855 val_accuracy=0.9201 val_macro_f1=0.8678 val_macro_auc=0.9811 (checkpoint_metric=macro_auc)
2026-09-18 18:22:55,643 INFO train epoch 90/200 batch 13/66 (20%) running_loss=0.5201
2026-09-18 18:22:59,212 INFO train epoch 90/200 batch 26/66 (39%) running_loss=0.5212
2026-09-18 18:23:02,749 INFO train epoch 90/200 batch 39/66 (59%) running_loss=0.5156
2026-09-18 18:23:06,300 INFO train epoch 90/200 batch 52/66 (79%) running_loss=0.5048
2026-09-18 18:23:09,844 INFO train epoch 90/200 batch 65/66 (98%) running_loss=0.5016
2026-09-18 18:23:10,067 INFO train epoch 90/200 batch 66/66 (100%) running_loss=0.5042
2026-09-18 18:23:12,577 INFO epoch 90/200 done: train_loss=0.5042 val_loss=0.2956 val_accuracy=0.9037 val_macro_f1=0.8405 val_macro_auc=0.9777 (checkpoint_metric=macro_auc)
2026-09-18 18:23:16,658 INFO train epoch 91/200 batch 13/66 (20%) running_loss=0.5028
2026-09-18 18:23:20,224 INFO train epoch 91/200 batch 26/66 (39%) running_loss=0.5162
2026-09-18 18:23:23,769 INFO train epoch 91/200 batch 39/66 (59%) running_loss=0.5106
2026-09-18 18:23:27,362 INFO train epoch 91/200 batch 52/66 (79%) running_loss=0.5002
2026-09-18 18:23:30,906 INFO train epoch 91/200 batch 65/66 (98%) running_loss=0.5000
2026-09-18 18:23:31,128 INFO train epoch 91/200 batch 66/66 (100%) running_loss=0.5004
2026-09-18 18:23:33,837 INFO epoch 91/200 done: train_loss=0.5004 val_loss=0.2691 val_accuracy=0.9221 val_macro_f1=0.8682 val_macro_auc=0.9828 (checkpoint_metric=macro_auc)
2026-09-18 18:23:38,214 INFO train epoch 92/200 batch 13/66 (20%) running_loss=0.5016
2026-09-18 18:23:41,761 INFO train epoch 92/200 batch 26/66 (39%) running_loss=0.4884
2026-09-18 18:23:45,316 INFO train epoch 92/200 batch 39/66 (59%) running_loss=0.4843
2026-09-18 18:23:48,849 INFO train epoch 92/200 batch 52/66 (79%) running_loss=0.4804
2026-09-18 18:23:52,375 INFO train epoch 92/200 batch 65/66 (98%) running_loss=0.4826
2026-09-18 18:23:52,596 INFO train epoch 92/200 batch 66/66 (100%) running_loss=0.4830
2026-09-18 18:23:55,130 INFO epoch 92/200 done: train_loss=0.4830 val_loss=0.2789 val_accuracy=0.9262 val_macro_f1=0.8878 val_macro_auc=0.9846 (checkpoint_metric=macro_auc)
2026-09-18 18:23:59,210 INFO train epoch 93/200 batch 13/66 (20%) running_loss=0.5105
2026-09-18 18:24:02,775 INFO train epoch 93/200 batch 26/66 (39%) running_loss=0.5210
2026-09-18 18:24:06,328 INFO train epoch 93/200 batch 39/66 (59%) running_loss=0.5162
2026-09-18 18:24:09,884 INFO train epoch 93/200 batch 52/66 (79%) running_loss=0.5195
2026-09-18 18:24:13,437 INFO train epoch 93/200 batch 65/66 (98%) running_loss=0.5198
2026-09-18 18:24:13,660 INFO train epoch 93/200 batch 66/66 (100%) running_loss=0.5188
2026-09-18 18:24:16,292 INFO epoch 93/200 done: train_loss=0.5188 val_loss=0.2651 val_accuracy=0.9488 val_macro_f1=0.9208 val_macro_auc=0.9882 (checkpoint_metric=macro_auc) [new best]
2026-09-18 18:24:20,351 INFO train epoch 94/200 batch 13/66 (20%) running_loss=0.4750
2026-09-18 18:24:24,004 INFO train epoch 94/200 batch 26/66 (39%) running_loss=0.4786
2026-09-18 18:24:27,559 INFO train epoch 94/200 batch 39/66 (59%) running_loss=0.4816
2026-09-18 18:24:31,107 INFO train epoch 94/200 batch 52/66 (79%) running_loss=0.4915
2026-09-18 18:24:34,653 INFO train epoch 94/200 batch 65/66 (98%) running_loss=0.4903
2026-09-18 18:24:34,877 INFO train epoch 94/200 batch 66/66 (100%) running_loss=0.4900
2026-09-18 18:24:37,498 INFO epoch 94/200 done: train_loss=0.4900 val_loss=0.2974 val_accuracy=0.9160 val_macro_f1=0.8870 val_macro_auc=0.9843 (checkpoint_metric=macro_auc) [new best]
2026-09-18 18:24:41,598 INFO train epoch 95/200 batch 13/66 (20%) running_loss=0.5163
2026-09-18 18:24:45,160 INFO train epoch 95/200 batch 26/66 (39%) running_loss=0.5020
2026-09-18 18:24:48,715 INFO train epoch 95/200 batch 39/66 (59%) running_loss=0.4981
2026-09-18 18:24:52,285 INFO train epoch 95/200 batch 52/66 (79%) running_loss=0.4984
2026-09-18 18:24:55,829 INFO train epoch 95/200 batch 65/66 (98%) running_loss=0.4974
2026-09-18 18:24:56,051 INFO train epoch 95/200 batch 66/66 (100%) running_loss=0.4965
2026-09-18 18:24:58,683 INFO epoch 95/200 done: train_loss=0.4965 val_loss=0.3080 val_accuracy=0.9201 val_macro_f1=0.8892 val_macro_auc=0.9867 (checkpoint_metric=macro_auc) [new best]
2026-09-18 18:25:02,797 INFO train epoch 96/200 batch 13/66 (20%) running_loss=0.5118
2026-09-18 18:25:06,345 INFO train epoch 96/200 batch 26/66 (39%) running_loss=0.4881
2026-09-18 18:25:09,908 INFO train epoch 96/200 batch 39/66 (59%) running_loss=0.4954
2026-09-18 18:25:13,616 INFO train epoch 96/200 batch 52/66 (79%) running_loss=0.4923
2026-09-18 18:25:17,179 INFO train epoch 96/200 batch 65/66 (98%) running_loss=0.4859
2026-09-18 18:25:17,402 INFO train epoch 96/200 batch 66/66 (100%) running_loss=0.4850
2026-09-18 18:25:19,933 INFO epoch 96/200 done: train_loss=0.4850 val_loss=0.3031 val_accuracy=0.9057 val_macro_f1=0.8720 val_macro_auc=0.9816 (checkpoint_metric=macro_auc)
2026-09-18 18:25:23,944 INFO train epoch 97/200 batch 13/66 (20%) running_loss=0.4747
2026-09-18 18:25:27,499 INFO train epoch 97/200 batch 26/66 (39%) running_loss=0.4717
2026-09-18 18:25:31,054 INFO train epoch 97/200 batch 39/66 (59%) running_loss=0.4889
2026-09-18 18:25:34,614 INFO train epoch 97/200 batch 52/66 (79%) running_loss=0.4965
2026-09-18 18:25:38,157 INFO train epoch 97/200 batch 65/66 (98%) running_loss=0.4938
2026-09-18 18:25:38,381 INFO train epoch 97/200 batch 66/66 (100%) running_loss=0.4956
2026-09-18 18:25:40,905 INFO epoch 97/200 done: train_loss=0.4956 val_loss=0.3097 val_accuracy=0.9303 val_macro_f1=0.9042 val_macro_auc=0.9850 (checkpoint_metric=macro_auc)
2026-09-18 18:25:44,945 INFO train epoch 98/200 batch 13/66 (20%) running_loss=0.4656
2026-09-18 18:25:48,508 INFO train epoch 98/200 batch 26/66 (39%) running_loss=0.4809
2026-09-18 18:25:52,076 INFO train epoch 98/200 batch 39/66 (59%) running_loss=0.4837
2026-09-18 18:25:55,634 INFO train epoch 98/200 batch 52/66 (79%) running_loss=0.4887
2026-09-18 18:25:59,194 INFO train epoch 98/200 batch 65/66 (98%) running_loss=0.4876
2026-09-18 18:25:59,414 INFO train epoch 98/200 batch 66/66 (100%) running_loss=0.4870
2026-09-18 18:26:01,943 INFO epoch 98/200 done: train_loss=0.4870 val_loss=0.2975 val_accuracy=0.9406 val_macro_f1=0.9176 val_macro_auc=0.9868 (checkpoint_metric=macro_auc)
2026-09-18 18:26:06,033 INFO train epoch 99/200 batch 13/66 (20%) running_loss=0.4417
2026-09-18 18:26:09,648 INFO train epoch 99/200 batch 26/66 (39%) running_loss=0.4538
2026-09-18 18:26:13,191 INFO train epoch 99/200 batch 39/66 (59%) running_loss=0.4600
2026-09-18 18:26:16,737 INFO train epoch 99/200 batch 52/66 (79%) running_loss=0.4683
2026-09-18 18:26:20,282 INFO train epoch 99/200 batch 65/66 (98%) running_loss=0.4673
2026-09-18 18:26:20,503 INFO train epoch 99/200 batch 66/66 (100%) running_loss=0.4674
2026-09-18 18:26:23,043 INFO epoch 99/200 done: train_loss=0.4674 val_loss=0.3275 val_accuracy=0.8873 val_macro_f1=0.8440 val_macro_auc=0.9774 (checkpoint_metric=macro_auc)
2026-09-18 18:26:27,078 INFO train epoch 100/200 batch 13/66 (20%) running_loss=0.5041
2026-09-18 18:26:30,625 INFO train epoch 100/200 batch 26/66 (39%) running_loss=0.4853
2026-09-18 18:26:34,187 INFO train epoch 100/200 batch 39/66 (59%) running_loss=0.4785
2026-09-18 18:26:37,731 INFO train epoch 100/200 batch 52/66 (79%) running_loss=0.4760
2026-09-18 18:26:41,284 INFO train epoch 100/200 batch 65/66 (98%) running_loss=0.4790
2026-09-18 18:26:41,506 INFO train epoch 100/200 batch 66/66 (100%) running_loss=0.4791
2026-09-18 18:26:44,030 INFO epoch 100/200 done: train_loss=0.4791 val_loss=0.2716 val_accuracy=0.9303 val_macro_f1=0.9016 val_macro_auc=0.9828 (checkpoint_metric=macro_auc)
2026-09-18 18:26:48,065 INFO train epoch 101/200 batch 13/66 (20%) running_loss=0.4804
2026-09-18 18:26:51,631 INFO train epoch 101/200 batch 26/66 (39%) running_loss=0.4847
2026-09-18 18:26:55,210 INFO train epoch 101/200 batch 39/66 (59%) running_loss=0.4782
2026-09-18 18:26:58,791 INFO train epoch 101/200 batch 52/66 (79%) running_loss=0.4740
2026-09-18 18:27:02,344 INFO train epoch 101/200 batch 65/66 (98%) running_loss=0.4735
2026-09-18 18:27:02,566 INFO train epoch 101/200 batch 66/66 (100%) running_loss=0.4734
2026-09-18 18:27:05,082 INFO epoch 101/200 done: train_loss=0.4734 val_loss=0.2619 val_accuracy=0.9365 val_macro_f1=0.9080 val_macro_auc=0.9885 (checkpoint_metric=macro_auc)
2026-09-18 18:27:09,152 INFO train epoch 102/200 batch 13/66 (20%) running_loss=0.4560
2026-09-18 18:27:12,741 INFO train epoch 102/200 batch 26/66 (39%) running_loss=0.4545
2026-09-18 18:27:16,333 INFO train epoch 102/200 batch 39/66 (59%) running_loss=0.4600
2026-09-18 18:27:20,083 INFO train epoch 102/200 batch 52/66 (79%) running_loss=0.4703
2026-09-18 18:27:23,631 INFO train epoch 102/200 batch 65/66 (98%) running_loss=0.4660
2026-09-18 18:27:23,854 INFO train epoch 102/200 batch 66/66 (100%) running_loss=0.4660
2026-09-18 18:27:26,373 INFO epoch 102/200 done: train_loss=0.4660 val_loss=0.2665 val_accuracy=0.9324 val_macro_f1=0.9035 val_macro_auc=0.9852 (checkpoint_metric=macro_auc)
2026-09-18 18:27:30,474 INFO train epoch 103/200 batch 13/66 (20%) running_loss=0.4630
2026-09-18 18:27:34,044 INFO train epoch 103/200 batch 26/66 (39%) running_loss=0.4591
2026-09-18 18:27:37,596 INFO train epoch 103/200 batch 39/66 (59%) running_loss=0.4679
2026-09-18 18:27:41,149 INFO train epoch 103/200 batch 52/66 (79%) running_loss=0.4683
2026-09-18 18:27:44,688 INFO train epoch 103/200 batch 65/66 (98%) running_loss=0.4627
2026-09-18 18:27:44,910 INFO train epoch 103/200 batch 66/66 (100%) running_loss=0.4624
2026-09-18 18:27:47,434 INFO epoch 103/200 done: train_loss=0.4624 val_loss=0.2832 val_accuracy=0.9303 val_macro_f1=0.8988 val_macro_auc=0.9813 (checkpoint_metric=macro_auc)
2026-09-18 18:27:51,437 INFO train epoch 104/200 batch 13/66 (20%) running_loss=0.4557
2026-09-18 18:27:54,984 INFO train epoch 104/200 batch 26/66 (39%) running_loss=0.4570
2026-09-18 18:27:58,533 INFO train epoch 104/200 batch 39/66 (59%) running_loss=0.4681
2026-09-18 18:28:02,087 INFO train epoch 104/200 batch 52/66 (79%) running_loss=0.4663
2026-09-18 18:28:05,638 INFO train epoch 104/200 batch 65/66 (98%) running_loss=0.4697
2026-09-18 18:28:05,860 INFO train epoch 104/200 batch 66/66 (100%) running_loss=0.4693
2026-09-18 18:28:08,375 INFO epoch 104/200 done: train_loss=0.4693 val_loss=0.2710 val_accuracy=0.9283 val_macro_f1=0.8951 val_macro_auc=0.9829 (checkpoint_metric=macro_auc)
2026-09-18 18:28:12,416 INFO train epoch 105/200 batch 13/66 (20%) running_loss=0.4941
2026-09-18 18:28:16,074 INFO train epoch 105/200 batch 26/66 (39%) running_loss=0.4570
2026-09-18 18:28:19,633 INFO train epoch 105/200 batch 39/66 (59%) running_loss=0.4610
2026-09-18 18:28:23,189 INFO train epoch 105/200 batch 52/66 (79%) running_loss=0.4612
2026-09-18 18:28:26,739 INFO train epoch 105/200 batch 65/66 (98%) running_loss=0.4629
2026-09-18 18:28:26,961 INFO train epoch 105/200 batch 66/66 (100%) running_loss=0.4629
2026-09-18 18:28:29,484 INFO epoch 105/200 done: train_loss=0.4629 val_loss=0.3123 val_accuracy=0.9057 val_macro_f1=0.8643 val_macro_auc=0.9773 (checkpoint_metric=macro_auc)
2026-09-18 18:28:33,566 INFO train epoch 106/200 batch 13/66 (20%) running_loss=0.4445
2026-09-18 18:28:37,127 INFO train epoch 106/200 batch 26/66 (39%) running_loss=0.4546
2026-09-18 18:28:40,680 INFO train epoch 106/200 batch 39/66 (59%) running_loss=0.4482
2026-09-18 18:28:44,237 INFO train epoch 106/200 batch 52/66 (79%) running_loss=0.4488
2026-09-18 18:28:47,801 INFO train epoch 106/200 batch 65/66 (98%) running_loss=0.4535
2026-09-18 18:28:48,033 INFO train epoch 106/200 batch 66/66 (100%) running_loss=0.4542
2026-09-18 18:28:50,546 INFO epoch 106/200 done: train_loss=0.4542 val_loss=0.3117 val_accuracy=0.8975 val_macro_f1=0.8512 val_macro_auc=0.9802 (checkpoint_metric=macro_auc)
2026-09-18 18:28:54,570 INFO train epoch 107/200 batch 13/66 (20%) running_loss=0.4621
2026-09-18 18:28:58,138 INFO train epoch 107/200 batch 26/66 (39%) running_loss=0.4642
2026-09-18 18:29:01,736 INFO train epoch 107/200 batch 39/66 (59%) running_loss=0.4678
2026-09-18 18:29:05,279 INFO train epoch 107/200 batch 52/66 (79%) running_loss=0.4639
2026-09-18 18:29:08,824 INFO train epoch 107/200 batch 65/66 (98%) running_loss=0.4715
2026-09-18 18:29:09,046 INFO train epoch 107/200 batch 66/66 (100%) running_loss=0.4723
2026-09-18 18:29:11,580 INFO epoch 107/200 done: train_loss=0.4723 val_loss=0.2631 val_accuracy=0.9221 val_macro_f1=0.8815 val_macro_auc=0.9891 (checkpoint_metric=macro_auc)
2026-09-18 18:29:15,583 INFO train epoch 108/200 batch 13/66 (20%) running_loss=0.4779
2026-09-18 18:29:19,159 INFO train epoch 108/200 batch 26/66 (39%) running_loss=0.4478
2026-09-18 18:29:22,874 INFO train epoch 108/200 batch 39/66 (59%) running_loss=0.4521
2026-09-18 18:29:26,417 INFO train epoch 108/200 batch 52/66 (79%) running_loss=0.4446
2026-09-18 18:29:29,963 INFO train epoch 108/200 batch 65/66 (98%) running_loss=0.4498
2026-09-18 18:29:30,185 INFO train epoch 108/200 batch 66/66 (100%) running_loss=0.4509
2026-09-18 18:29:32,703 INFO epoch 108/200 done: train_loss=0.4509 val_loss=0.3810 val_accuracy=0.8852 val_macro_f1=0.8442 val_macro_auc=0.9750 (checkpoint_metric=macro_auc)
2026-09-18 18:29:36,736 INFO train epoch 109/200 batch 13/66 (20%) running_loss=0.4519
2026-09-18 18:29:40,298 INFO train epoch 109/200 batch 26/66 (39%) running_loss=0.4572
2026-09-18 18:29:43,889 INFO train epoch 109/200 batch 39/66 (59%) running_loss=0.4481
2026-09-18 18:29:47,448 INFO train epoch 109/200 batch 52/66 (79%) running_loss=0.4524
2026-09-18 18:29:51,004 INFO train epoch 109/200 batch 65/66 (98%) running_loss=0.4534
2026-09-18 18:29:51,226 INFO train epoch 109/200 batch 66/66 (100%) running_loss=0.4529
2026-09-18 18:29:53,750 INFO epoch 109/200 done: train_loss=0.4529 val_loss=0.2330 val_accuracy=0.9488 val_macro_f1=0.9225 val_macro_auc=0.9892 (checkpoint_metric=macro_auc)
2026-09-18 18:29:57,819 INFO train epoch 110/200 batch 13/66 (20%) running_loss=0.4687
2026-09-18 18:30:01,357 INFO train epoch 110/200 batch 26/66 (39%) running_loss=0.4544
2026-09-18 18:30:04,894 INFO train epoch 110/200 batch 39/66 (59%) running_loss=0.4518
2026-09-18 18:30:08,439 INFO train epoch 110/200 batch 52/66 (79%) running_loss=0.4563
2026-09-18 18:30:11,992 INFO train epoch 110/200 batch 65/66 (98%) running_loss=0.4654
2026-09-18 18:30:12,216 INFO train epoch 110/200 batch 66/66 (100%) running_loss=0.4659
2026-09-18 18:30:14,739 INFO epoch 110/200 done: train_loss=0.4659 val_loss=0.3333 val_accuracy=0.9119 val_macro_f1=0.8828 val_macro_auc=0.9782 (checkpoint_metric=macro_auc)
2026-09-18 18:30:18,823 INFO train epoch 111/200 batch 13/66 (20%) running_loss=0.4426
2026-09-18 18:30:22,392 INFO train epoch 111/200 batch 26/66 (39%) running_loss=0.4581
2026-09-18 18:30:25,946 INFO train epoch 111/200 batch 39/66 (59%) running_loss=0.4604
2026-09-18 18:30:29,491 INFO train epoch 111/200 batch 52/66 (79%) running_loss=0.4581
2026-09-18 18:30:33,046 INFO train epoch 111/200 batch 65/66 (98%) running_loss=0.4533
2026-09-18 18:30:33,270 INFO train epoch 111/200 batch 66/66 (100%) running_loss=0.4543
2026-09-18 18:30:35,795 INFO epoch 111/200 done: train_loss=0.4543 val_loss=0.2636 val_accuracy=0.9344 val_macro_f1=0.9018 val_macro_auc=0.9842 (checkpoint_metric=macro_auc)
2026-09-18 18:30:39,875 INFO train epoch 112/200 batch 13/66 (20%) running_loss=0.4299
2026-09-18 18:30:43,429 INFO train epoch 112/200 batch 26/66 (39%) running_loss=0.4395
2026-09-18 18:30:46,983 INFO train epoch 112/200 batch 39/66 (59%) running_loss=0.4553
2026-09-18 18:30:50,545 INFO train epoch 112/200 batch 52/66 (79%) running_loss=0.4586
2026-09-18 18:30:54,094 INFO train epoch 112/200 batch 65/66 (98%) running_loss=0.4515
2026-09-18 18:30:54,317 INFO train epoch 112/200 batch 66/66 (100%) running_loss=0.4514
2026-09-18 18:30:56,854 INFO epoch 112/200 done: train_loss=0.4514 val_loss=0.2622 val_accuracy=0.9344 val_macro_f1=0.9064 val_macro_auc=0.9843 (checkpoint_metric=macro_auc)
2026-09-18 18:31:00,868 INFO train epoch 113/200 batch 13/66 (20%) running_loss=0.4767
2026-09-18 18:31:04,411 INFO train epoch 113/200 batch 26/66 (39%) running_loss=0.4576
2026-09-18 18:31:07,981 INFO train epoch 113/200 batch 39/66 (59%) running_loss=0.4453
2026-09-18 18:31:11,530 INFO train epoch 113/200 batch 52/66 (79%) running_loss=0.4510
2026-09-18 18:31:15,073 INFO train epoch 113/200 batch 65/66 (98%) running_loss=0.4579
2026-09-18 18:31:15,294 INFO train epoch 113/200 batch 66/66 (100%) running_loss=0.4573
2026-09-18 18:31:17,807 INFO epoch 113/200 done: train_loss=0.4573 val_loss=0.2593 val_accuracy=0.9426 val_macro_f1=0.9138 val_macro_auc=0.9868 (checkpoint_metric=macro_auc)
2026-09-18 18:31:21,886 INFO train epoch 114/200 batch 13/66 (20%) running_loss=0.4325
2026-09-18 18:31:25,443 INFO train epoch 114/200 batch 26/66 (39%) running_loss=0.4235
2026-09-18 18:31:29,152 INFO train epoch 114/200 batch 39/66 (59%) running_loss=0.4368
2026-09-18 18:31:32,714 INFO train epoch 114/200 batch 52/66 (79%) running_loss=0.4445
2026-09-18 18:31:36,276 INFO train epoch 114/200 batch 65/66 (98%) running_loss=0.4481
2026-09-18 18:31:36,498 INFO train epoch 114/200 batch 66/66 (100%) running_loss=0.4478
2026-09-18 18:31:39,152 INFO epoch 114/200 done: train_loss=0.4478 val_loss=0.2322 val_accuracy=0.9467 val_macro_f1=0.9162 val_macro_auc=0.9905 (checkpoint_metric=macro_auc) [new best]
2026-09-18 18:31:43,239 INFO train epoch 115/200 batch 13/66 (20%) running_loss=0.4232
2026-09-18 18:31:46,819 INFO train epoch 115/200 batch 26/66 (39%) running_loss=0.4235
2026-09-18 18:31:50,436 INFO train epoch 115/200 batch 39/66 (59%) running_loss=0.4265
2026-09-18 18:31:54,015 INFO train epoch 115/200 batch 52/66 (79%) running_loss=0.4209
2026-09-18 18:31:57,573 INFO train epoch 115/200 batch 65/66 (98%) running_loss=0.4218
2026-09-18 18:31:57,795 INFO train epoch 115/200 batch 66/66 (100%) running_loss=0.4238
2026-09-18 18:32:00,335 INFO epoch 115/200 done: train_loss=0.4238 val_loss=0.2920 val_accuracy=0.9160 val_macro_f1=0.8827 val_macro_auc=0.9826 (checkpoint_metric=macro_auc)
2026-09-18 18:32:04,458 INFO train epoch 116/200 batch 13/66 (20%) running_loss=0.4349
2026-09-18 18:32:08,032 INFO train epoch 116/200 batch 26/66 (39%) running_loss=0.4400
2026-09-18 18:32:11,593 INFO train epoch 116/200 batch 39/66 (59%) running_loss=0.4449
2026-09-18 18:32:15,145 INFO train epoch 116/200 batch 52/66 (79%) running_loss=0.4466
2026-09-18 18:32:18,849 INFO train epoch 116/200 batch 65/66 (98%) running_loss=0.4501
2026-09-18 18:32:19,071 INFO train epoch 116/200 batch 66/66 (100%) running_loss=0.4504
2026-09-18 18:32:21,587 INFO epoch 116/200 done: train_loss=0.4504 val_loss=0.3750 val_accuracy=0.8709 val_macro_f1=0.8289 val_macro_auc=0.9810 (checkpoint_metric=macro_auc)
2026-09-18 18:32:25,699 INFO train epoch 117/200 batch 13/66 (20%) running_loss=0.4663
2026-09-18 18:32:29,243 INFO train epoch 117/200 batch 26/66 (39%) running_loss=0.4515
2026-09-18 18:32:32,792 INFO train epoch 117/200 batch 39/66 (59%) running_loss=0.4420
2026-09-18 18:32:36,345 INFO train epoch 117/200 batch 52/66 (79%) running_loss=0.4430
2026-09-18 18:32:39,886 INFO train epoch 117/200 batch 65/66 (98%) running_loss=0.4359
2026-09-18 18:32:40,108 INFO train epoch 117/200 batch 66/66 (100%) running_loss=0.4372
2026-09-18 18:32:42,611 INFO epoch 117/200 done: train_loss=0.4372 val_loss=0.2761 val_accuracy=0.9303 val_macro_f1=0.9019 val_macro_auc=0.9817 (checkpoint_metric=macro_auc)
2026-09-18 18:32:46,653 INFO train epoch 118/200 batch 13/66 (20%) running_loss=0.3966
2026-09-18 18:32:50,207 INFO train epoch 118/200 batch 26/66 (39%) running_loss=0.4140
2026-09-18 18:32:53,767 INFO train epoch 118/200 batch 39/66 (59%) running_loss=0.4181
2026-09-18 18:32:57,320 INFO train epoch 118/200 batch 52/66 (79%) running_loss=0.4246
2026-09-18 18:33:00,875 INFO train epoch 118/200 batch 65/66 (98%) running_loss=0.4319
2026-09-18 18:33:01,096 INFO train epoch 118/200 batch 66/66 (100%) running_loss=0.4323
2026-09-18 18:33:03,621 INFO epoch 118/200 done: train_loss=0.4323 val_loss=0.4187 val_accuracy=0.8545 val_macro_f1=0.8088 val_macro_auc=0.9747 (checkpoint_metric=macro_auc)
2026-09-18 18:33:07,697 INFO train epoch 119/200 batch 13/66 (20%) running_loss=0.4492
2026-09-18 18:33:11,251 INFO train epoch 119/200 batch 26/66 (39%) running_loss=0.4486
2026-09-18 18:33:14,813 INFO train epoch 119/200 batch 39/66 (59%) running_loss=0.4439
2026-09-18 18:33:18,387 INFO train epoch 119/200 batch 52/66 (79%) running_loss=0.4428
2026-09-18 18:33:21,946 INFO train epoch 119/200 batch 65/66 (98%) running_loss=0.4380
2026-09-18 18:33:22,167 INFO train epoch 119/200 batch 66/66 (100%) running_loss=0.4373
2026-09-18 18:33:24,681 INFO epoch 119/200 done: train_loss=0.4373 val_loss=0.2517 val_accuracy=0.9406 val_macro_f1=0.9163 val_macro_auc=0.9883 (checkpoint_metric=macro_auc)
2026-09-18 18:33:28,752 INFO train epoch 120/200 batch 13/66 (20%) running_loss=0.4219
2026-09-18 18:33:32,480 INFO train epoch 120/200 batch 26/66 (39%) running_loss=0.4221
2026-09-18 18:33:36,030 INFO train epoch 120/200 batch 39/66 (59%) running_loss=0.4377
2026-09-18 18:33:39,609 INFO train epoch 120/200 batch 52/66 (79%) running_loss=0.4393
2026-09-18 18:33:43,156 INFO train epoch 120/200 batch 65/66 (98%) running_loss=0.4385
2026-09-18 18:33:43,377 INFO train epoch 120/200 batch 66/66 (100%) running_loss=0.4384
2026-09-18 18:33:45,906 INFO epoch 120/200 done: train_loss=0.4384 val_loss=0.2467 val_accuracy=0.9324 val_macro_f1=0.9029 val_macro_auc=0.9853 (checkpoint_metric=macro_auc)
2026-09-18 18:33:49,929 INFO train epoch 121/200 batch 13/66 (20%) running_loss=0.4098
2026-09-18 18:33:53,475 INFO train epoch 121/200 batch 26/66 (39%) running_loss=0.4129
2026-09-18 18:33:57,021 INFO train epoch 121/200 batch 39/66 (59%) running_loss=0.4262
2026-09-18 18:34:00,575 INFO train epoch 121/200 batch 52/66 (79%) running_loss=0.4337
2026-09-18 18:34:04,128 INFO train epoch 121/200 batch 65/66 (98%) running_loss=0.4389
2026-09-18 18:34:04,351 INFO train epoch 121/200 batch 66/66 (100%) running_loss=0.4393
2026-09-18 18:34:06,873 INFO epoch 121/200 done: train_loss=0.4393 val_loss=0.2679 val_accuracy=0.9467 val_macro_f1=0.9221 val_macro_auc=0.9845 (checkpoint_metric=macro_auc)
2026-09-18 18:34:10,907 INFO train epoch 122/200 batch 13/66 (20%) running_loss=0.4336
2026-09-18 18:34:14,466 INFO train epoch 122/200 batch 26/66 (39%) running_loss=0.4374
2026-09-18 18:34:18,014 INFO train epoch 122/200 batch 39/66 (59%) running_loss=0.4381
2026-09-18 18:34:21,548 INFO train epoch 122/200 batch 52/66 (79%) running_loss=0.4344
2026-09-18 18:34:25,260 INFO train epoch 122/200 batch 65/66 (98%) running_loss=0.4383
2026-09-18 18:34:25,483 INFO train epoch 122/200 batch 66/66 (100%) running_loss=0.4386
2026-09-18 18:34:28,018 INFO epoch 122/200 done: train_loss=0.4386 val_loss=0.2503 val_accuracy=0.9488 val_macro_f1=0.9260 val_macro_auc=0.9881 (checkpoint_metric=macro_auc)
2026-09-18 18:34:32,082 INFO train epoch 123/200 batch 13/66 (20%) running_loss=0.4389
2026-09-18 18:34:35,644 INFO train epoch 123/200 batch 26/66 (39%) running_loss=0.4419
2026-09-18 18:34:39,218 INFO train epoch 123/200 batch 39/66 (59%) running_loss=0.4388
2026-09-18 18:34:42,784 INFO train epoch 123/200 batch 52/66 (79%) running_loss=0.4329
2026-09-18 18:34:46,349 INFO train epoch 123/200 batch 65/66 (98%) running_loss=0.4330
2026-09-18 18:34:46,573 INFO train epoch 123/200 batch 66/66 (100%) running_loss=0.4341
2026-09-18 18:34:49,093 INFO epoch 123/200 done: train_loss=0.4341 val_loss=0.3252 val_accuracy=0.8996 val_macro_f1=0.8695 val_macro_auc=0.9819 (checkpoint_metric=macro_auc)
2026-09-18 18:34:53,181 INFO train epoch 124/200 batch 13/66 (20%) running_loss=0.4220
2026-09-18 18:34:56,759 INFO train epoch 124/200 batch 26/66 (39%) running_loss=0.4165
2026-09-18 18:35:00,338 INFO train epoch 124/200 batch 39/66 (59%) running_loss=0.4161
2026-09-18 18:35:03,901 INFO train epoch 124/200 batch 52/66 (79%) running_loss=0.4212
2026-09-18 18:35:07,444 INFO train epoch 124/200 batch 65/66 (98%) running_loss=0.4245
2026-09-18 18:35:07,668 INFO train epoch 124/200 batch 66/66 (100%) running_loss=0.4238
2026-09-18 18:35:10,191 INFO epoch 124/200 done: train_loss=0.4238 val_loss=0.3493 val_accuracy=0.8893 val_macro_f1=0.8543 val_macro_auc=0.9784 (checkpoint_metric=macro_auc)
2026-09-18 18:35:14,249 INFO train epoch 125/200 batch 13/66 (20%) running_loss=0.4382
2026-09-18 18:35:17,817 INFO train epoch 125/200 batch 26/66 (39%) running_loss=0.4447
2026-09-18 18:35:21,362 INFO train epoch 125/200 batch 39/66 (59%) running_loss=0.4337
2026-09-18 18:35:24,935 INFO train epoch 125/200 batch 52/66 (79%) running_loss=0.4315
2026-09-18 18:35:28,481 INFO train epoch 125/200 batch 65/66 (98%) running_loss=0.4283
2026-09-18 18:35:28,705 INFO train epoch 125/200 batch 66/66 (100%) running_loss=0.4282
2026-09-18 18:35:31,231 INFO epoch 125/200 done: train_loss=0.4282 val_loss=0.2594 val_accuracy=0.9406 val_macro_f1=0.9112 val_macro_auc=0.9795 (checkpoint_metric=macro_auc)
2026-09-18 18:35:35,308 INFO train epoch 126/200 batch 13/66 (20%) running_loss=0.4113
2026-09-18 18:35:39,063 INFO train epoch 126/200 batch 26/66 (39%) running_loss=0.4006
2026-09-18 18:35:42,644 INFO train epoch 126/200 batch 39/66 (59%) running_loss=0.4046
2026-09-18 18:35:46,197 INFO train epoch 126/200 batch 52/66 (79%) running_loss=0.4067
2026-09-18 18:35:49,749 INFO train epoch 126/200 batch 65/66 (98%) running_loss=0.4173
2026-09-18 18:35:49,975 INFO train epoch 126/200 batch 66/66 (100%) running_loss=0.4184
2026-09-18 18:35:52,496 INFO epoch 126/200 done: train_loss=0.4184 val_loss=0.2993 val_accuracy=0.9098 val_macro_f1=0.8763 val_macro_auc=0.9805 (checkpoint_metric=macro_auc)
2026-09-18 18:35:56,591 INFO train epoch 127/200 batch 13/66 (20%) running_loss=0.4386
2026-09-18 18:36:00,149 INFO train epoch 127/200 batch 26/66 (39%) running_loss=0.4323
2026-09-18 18:36:03,697 INFO train epoch 127/200 batch 39/66 (59%) running_loss=0.4354
2026-09-18 18:36:07,245 INFO train epoch 127/200 batch 52/66 (79%) running_loss=0.4283
2026-09-18 18:36:10,796 INFO train epoch 127/200 batch 65/66 (98%) running_loss=0.4286
2026-09-18 18:36:11,018 INFO train epoch 127/200 batch 66/66 (100%) running_loss=0.4277
2026-09-18 18:36:13,532 INFO epoch 127/200 done: train_loss=0.4277 val_loss=0.3190 val_accuracy=0.8893 val_macro_f1=0.8593 val_macro_auc=0.9845 (checkpoint_metric=macro_auc)
2026-09-18 18:36:17,572 INFO train epoch 128/200 batch 13/66 (20%) running_loss=0.4465
2026-09-18 18:36:21,113 INFO train epoch 128/200 batch 26/66 (39%) running_loss=0.4331
2026-09-18 18:36:24,651 INFO train epoch 128/200 batch 39/66 (59%) running_loss=0.4393
2026-09-18 18:36:28,195 INFO train epoch 128/200 batch 52/66 (79%) running_loss=0.4357
2026-09-18 18:36:31,893 INFO train epoch 128/200 batch 65/66 (98%) running_loss=0.4336
2026-09-18 18:36:32,113 INFO train epoch 128/200 batch 66/66 (100%) running_loss=0.4333
2026-09-18 18:36:34,632 INFO epoch 128/200 done: train_loss=0.4333 val_loss=0.2910 val_accuracy=0.9119 val_macro_f1=0.8863 val_macro_auc=0.9895 (checkpoint_metric=macro_auc)
2026-09-18 18:36:38,680 INFO train epoch 129/200 batch 13/66 (20%) running_loss=0.4039
2026-09-18 18:36:42,203 INFO train epoch 129/200 batch 26/66 (39%) running_loss=0.3912
2026-09-18 18:36:45,736 INFO train epoch 129/200 batch 39/66 (59%) running_loss=0.3965
2026-09-18 18:36:49,288 INFO train epoch 129/200 batch 52/66 (79%) running_loss=0.4016
2026-09-18 18:36:52,838 INFO train epoch 129/200 batch 65/66 (98%) running_loss=0.4086
2026-09-18 18:36:53,060 INFO train epoch 129/200 batch 66/66 (100%) running_loss=0.4097
2026-09-18 18:36:55,574 INFO epoch 129/200 done: train_loss=0.4097 val_loss=0.2644 val_accuracy=0.9447 val_macro_f1=0.9202 val_macro_auc=0.9866 (checkpoint_metric=macro_auc)
2026-09-18 18:36:59,592 INFO train epoch 130/200 batch 13/66 (20%) running_loss=0.4230
2026-09-18 18:37:03,143 INFO train epoch 130/200 batch 26/66 (39%) running_loss=0.4138
2026-09-18 18:37:06,716 INFO train epoch 130/200 batch 39/66 (59%) running_loss=0.4147
2026-09-18 18:37:10,312 INFO train epoch 130/200 batch 52/66 (79%) running_loss=0.4109
2026-09-18 18:37:13,860 INFO train epoch 130/200 batch 65/66 (98%) running_loss=0.4132
2026-09-18 18:37:14,083 INFO train epoch 130/200 batch 66/66 (100%) running_loss=0.4139
2026-09-18 18:37:16,714 INFO epoch 130/200 done: train_loss=0.4139 val_loss=0.2488 val_accuracy=0.9385 val_macro_f1=0.9115 val_macro_auc=0.9890 (checkpoint_metric=macro_auc) [new best]
2026-09-18 18:37:20,814 INFO train epoch 131/200 batch 13/66 (20%) running_loss=0.4175
2026-09-18 18:37:24,380 INFO train epoch 131/200 batch 26/66 (39%) running_loss=0.4269
2026-09-18 18:37:28,098 INFO train epoch 131/200 batch 39/66 (59%) running_loss=0.4325
2026-09-18 18:37:31,653 INFO train epoch 131/200 batch 52/66 (79%) running_loss=0.4235
2026-09-18 18:37:35,207 INFO train epoch 131/200 batch 65/66 (98%) running_loss=0.4241
2026-09-18 18:37:35,428 INFO train epoch 131/200 batch 66/66 (100%) running_loss=0.4235
2026-09-18 18:37:37,943 INFO epoch 131/200 done: train_loss=0.4235 val_loss=0.2208 val_accuracy=0.9590 val_macro_f1=0.9385 val_macro_auc=0.9894 (checkpoint_metric=macro_auc)
2026-09-18 18:37:42,053 INFO train epoch 132/200 batch 13/66 (20%) running_loss=0.3981
2026-09-18 18:37:45,613 INFO train epoch 132/200 batch 26/66 (39%) running_loss=0.3991
2026-09-18 18:37:49,165 INFO train epoch 132/200 batch 39/66 (59%) running_loss=0.4131
2026-09-18 18:37:52,715 INFO train epoch 132/200 batch 52/66 (79%) running_loss=0.4168
2026-09-18 18:37:56,270 INFO train epoch 132/200 batch 65/66 (98%) running_loss=0.4180
2026-09-18 18:37:56,494 INFO train epoch 132/200 batch 66/66 (100%) running_loss=0.4172
2026-09-18 18:37:59,144 INFO epoch 132/200 done: train_loss=0.4172 val_loss=0.2224 val_accuracy=0.9447 val_macro_f1=0.9181 val_macro_auc=0.9896 (checkpoint_metric=macro_auc) [new best]
2026-09-18 18:38:03,170 INFO train epoch 133/200 batch 13/66 (20%) running_loss=0.4351
2026-09-18 18:38:06,737 INFO train epoch 133/200 batch 26/66 (39%) running_loss=0.4251
2026-09-18 18:38:10,291 INFO train epoch 133/200 batch 39/66 (59%) running_loss=0.4201
2026-09-18 18:38:13,835 INFO train epoch 133/200 batch 52/66 (79%) running_loss=0.4130
2026-09-18 18:38:17,377 INFO train epoch 133/200 batch 65/66 (98%) running_loss=0.4117
2026-09-18 18:38:17,598 INFO train epoch 133/200 batch 66/66 (100%) running_loss=0.4114
2026-09-18 18:38:20,119 INFO epoch 133/200 done: train_loss=0.4114 val_loss=0.2286 val_accuracy=0.9508 val_macro_f1=0.9258 val_macro_auc=0.9859 (checkpoint_metric=macro_auc)
2026-09-18 18:38:24,171 INFO train epoch 134/200 batch 13/66 (20%) running_loss=0.4064
2026-09-18 18:38:27,724 INFO train epoch 134/200 batch 26/66 (39%) running_loss=0.3991
2026-09-18 18:38:31,372 INFO train epoch 134/200 batch 39/66 (59%) running_loss=0.3904
2026-09-18 18:38:34,913 INFO train epoch 134/200 batch 52/66 (79%) running_loss=0.3979
2026-09-18 18:38:38,454 INFO train epoch 134/200 batch 65/66 (98%) running_loss=0.3979
2026-09-18 18:38:38,676 INFO train epoch 134/200 batch 66/66 (100%) running_loss=0.3978
2026-09-18 18:38:41,195 INFO epoch 134/200 done: train_loss=0.3978 val_loss=0.2288 val_accuracy=0.9549 val_macro_f1=0.9333 val_macro_auc=0.9861 (checkpoint_metric=macro_auc)
2026-09-18 18:38:45,209 INFO train epoch 135/200 batch 13/66 (20%) running_loss=0.4211
2026-09-18 18:38:48,755 INFO train epoch 135/200 batch 26/66 (39%) running_loss=0.4084
2026-09-18 18:38:52,301 INFO train epoch 135/200 batch 39/66 (59%) running_loss=0.4074
2026-09-18 18:38:55,846 INFO train epoch 135/200 batch 52/66 (79%) running_loss=0.4137
2026-09-18 18:38:59,403 INFO train epoch 135/200 batch 65/66 (98%) running_loss=0.4132
2026-09-18 18:38:59,628 INFO train epoch 135/200 batch 66/66 (100%) running_loss=0.4126
2026-09-18 18:39:02,160 INFO epoch 135/200 done: train_loss=0.4126 val_loss=0.2420 val_accuracy=0.9365 val_macro_f1=0.9073 val_macro_auc=0.9871 (checkpoint_metric=macro_auc)
2026-09-18 18:39:06,239 INFO train epoch 136/200 batch 13/66 (20%) running_loss=0.4153
2026-09-18 18:39:09,799 INFO train epoch 136/200 batch 26/66 (39%) running_loss=0.4085
2026-09-18 18:39:13,351 INFO train epoch 136/200 batch 39/66 (59%) running_loss=0.4082
2026-09-18 18:39:16,899 INFO train epoch 136/200 batch 52/66 (79%) running_loss=0.4077
2026-09-18 18:39:20,434 INFO train epoch 136/200 batch 65/66 (98%) running_loss=0.4089
2026-09-18 18:39:20,658 INFO train epoch 136/200 batch 66/66 (100%) running_loss=0.4081
2026-09-18 18:39:23,176 INFO epoch 136/200 done: train_loss=0.4081 val_loss=0.2312 val_accuracy=0.9385 val_macro_f1=0.9151 val_macro_auc=0.9898 (checkpoint_metric=macro_auc)
2026-09-18 18:39:27,201 INFO train epoch 137/200 batch 13/66 (20%) running_loss=0.3819
2026-09-18 18:39:30,755 INFO train epoch 137/200 batch 26/66 (39%) running_loss=0.3807
2026-09-18 18:39:34,485 INFO train epoch 137/200 batch 39/66 (59%) running_loss=0.3814
2026-09-18 18:39:38,039 INFO train epoch 137/200 batch 52/66 (79%) running_loss=0.3867
2026-09-18 18:39:41,584 INFO train epoch 137/200 batch 65/66 (98%) running_loss=0.3905
2026-09-18 18:39:41,805 INFO train epoch 137/200 batch 66/66 (100%) running_loss=0.3913
2026-09-18 18:39:44,329 INFO epoch 137/200 done: train_loss=0.3913 val_loss=0.2786 val_accuracy=0.9242 val_macro_f1=0.8992 val_macro_auc=0.9863 (checkpoint_metric=macro_auc)
2026-09-18 18:39:48,377 INFO train epoch 138/200 batch 13/66 (20%) running_loss=0.3982
2026-09-18 18:39:51,971 INFO train epoch 138/200 batch 26/66 (39%) running_loss=0.4068
2026-09-18 18:39:55,538 INFO train epoch 138/200 batch 39/66 (59%) running_loss=0.4059
2026-09-18 18:39:59,101 INFO train epoch 138/200 batch 52/66 (79%) running_loss=0.4098
2026-09-18 18:40:02,650 INFO train epoch 138/200 batch 65/66 (98%) running_loss=0.4060
2026-09-18 18:40:02,875 INFO train epoch 138/200 batch 66/66 (100%) running_loss=0.4062
2026-09-18 18:40:05,391 INFO epoch 138/200 done: train_loss=0.4062 val_loss=0.2175 val_accuracy=0.9488 val_macro_f1=0.9271 val_macro_auc=0.9906 (checkpoint_metric=macro_auc)
2026-09-18 18:40:09,415 INFO train epoch 139/200 batch 13/66 (20%) running_loss=0.4241
2026-09-18 18:40:12,975 INFO train epoch 139/200 batch 26/66 (39%) running_loss=0.4145
2026-09-18 18:40:16,525 INFO train epoch 139/200 batch 39/66 (59%) running_loss=0.4081
2026-09-18 18:40:20,077 INFO train epoch 139/200 batch 52/66 (79%) running_loss=0.4098
2026-09-18 18:40:23,622 INFO train epoch 139/200 batch 65/66 (98%) running_loss=0.4098
2026-09-18 18:40:23,845 INFO train epoch 139/200 batch 66/66 (100%) running_loss=0.4109
2026-09-18 18:40:26,367 INFO epoch 139/200 done: train_loss=0.4109 val_loss=0.2601 val_accuracy=0.9221 val_macro_f1=0.8912 val_macro_auc=0.9852 (checkpoint_metric=macro_auc)
2026-09-18 18:40:30,445 INFO train epoch 140/200 batch 13/66 (20%) running_loss=0.3846
2026-09-18 18:40:34,004 INFO train epoch 140/200 batch 26/66 (39%) running_loss=0.3894
2026-09-18 18:40:37,557 INFO train epoch 140/200 batch 39/66 (59%) running_loss=0.3932
2026-09-18 18:40:41,113 INFO train epoch 140/200 batch 52/66 (79%) running_loss=0.3947
2026-09-18 18:40:44,752 INFO train epoch 140/200 batch 65/66 (98%) running_loss=0.3956
2026-09-18 18:40:44,975 INFO train epoch 140/200 batch 66/66 (100%) running_loss=0.3961
2026-09-18 18:40:47,500 INFO epoch 140/200 done: train_loss=0.3961 val_loss=0.2713 val_accuracy=0.9447 val_macro_f1=0.9234 val_macro_auc=0.9839 (checkpoint_metric=macro_auc)
2026-09-18 18:40:51,529 INFO train epoch 141/200 batch 13/66 (20%) running_loss=0.4160
2026-09-18 18:40:55,101 INFO train epoch 141/200 batch 26/66 (39%) running_loss=0.4303
2026-09-18 18:40:58,660 INFO train epoch 141/200 batch 39/66 (59%) running_loss=0.4180
2026-09-18 18:41:02,226 INFO train epoch 141/200 batch 52/66 (79%) running_loss=0.4105
2026-09-18 18:41:05,784 INFO train epoch 141/200 batch 65/66 (98%) running_loss=0.4064
2026-09-18 18:41:06,009 INFO train epoch 141/200 batch 66/66 (100%) running_loss=0.4059
2026-09-18 18:41:08,525 INFO epoch 141/200 done: train_loss=0.4059 val_loss=0.2347 val_accuracy=0.9385 val_macro_f1=0.9137 val_macro_auc=0.9895 (checkpoint_metric=macro_auc)
2026-09-18 18:41:12,604 INFO train epoch 142/200 batch 13/66 (20%) running_loss=0.3885
2026-09-18 18:41:16,159 INFO train epoch 142/200 batch 26/66 (39%) running_loss=0.3974
2026-09-18 18:41:19,714 INFO train epoch 142/200 batch 39/66 (59%) running_loss=0.3952
2026-09-18 18:41:23,265 INFO train epoch 142/200 batch 52/66 (79%) running_loss=0.3968
2026-09-18 18:41:26,814 INFO train epoch 142/200 batch 65/66 (98%) running_loss=0.3981
2026-09-18 18:41:27,038 INFO train epoch 142/200 batch 66/66 (100%) running_loss=0.3991
2026-09-18 18:41:29,548 INFO epoch 142/200 done: train_loss=0.3991 val_loss=0.2832 val_accuracy=0.9180 val_macro_f1=0.8886 val_macro_auc=0.9870 (checkpoint_metric=macro_auc)
2026-09-18 18:41:33,595 INFO train epoch 143/200 batch 13/66 (20%) running_loss=0.4139
2026-09-18 18:41:37,164 INFO train epoch 143/200 batch 26/66 (39%) running_loss=0.4005
2026-09-18 18:41:40,712 INFO train epoch 143/200 batch 39/66 (59%) running_loss=0.4035
2026-09-18 18:41:44,254 INFO train epoch 143/200 batch 52/66 (79%) running_loss=0.4001
2026-09-18 18:41:47,815 INFO train epoch 143/200 batch 65/66 (98%) running_loss=0.3999
2026-09-18 18:41:48,039 INFO train epoch 143/200 batch 66/66 (100%) running_loss=0.3992
2026-09-18 18:41:50,693 INFO epoch 143/200 done: train_loss=0.3992 val_loss=0.2280 val_accuracy=0.9529 val_macro_f1=0.9291 val_macro_auc=0.9893 (checkpoint_metric=macro_auc)
2026-09-18 18:41:54,939 INFO train epoch 144/200 batch 13/66 (20%) running_loss=0.4117
2026-09-18 18:41:58,486 INFO train epoch 144/200 batch 26/66 (39%) running_loss=0.4059
2026-09-18 18:42:02,039 INFO train epoch 144/200 batch 39/66 (59%) running_loss=0.4016
2026-09-18 18:42:05,579 INFO train epoch 144/200 batch 52/66 (79%) running_loss=0.3989
2026-09-18 18:42:09,124 INFO train epoch 144/200 batch 65/66 (98%) running_loss=0.3990
2026-09-18 18:42:09,348 INFO train epoch 144/200 batch 66/66 (100%) running_loss=0.3984
2026-09-18 18:42:11,882 INFO epoch 144/200 done: train_loss=0.3984 val_loss=0.2203 val_accuracy=0.9549 val_macro_f1=0.9355 val_macro_auc=0.9908 (checkpoint_metric=macro_auc)
2026-09-18 18:42:15,952 INFO train epoch 145/200 batch 13/66 (20%) running_loss=0.3858
2026-09-18 18:42:19,492 INFO train epoch 145/200 batch 26/66 (39%) running_loss=0.3774
2026-09-18 18:42:23,030 INFO train epoch 145/200 batch 39/66 (59%) running_loss=0.3887
2026-09-18 18:42:26,565 INFO train epoch 145/200 batch 52/66 (79%) running_loss=0.3920
2026-09-18 18:42:30,096 INFO train epoch 145/200 batch 65/66 (98%) running_loss=0.3939
2026-09-18 18:42:30,317 INFO train epoch 145/200 batch 66/66 (100%) running_loss=0.3933
2026-09-18 18:42:32,946 INFO epoch 145/200 done: train_loss=0.3933 val_loss=0.2333 val_accuracy=0.9570 val_macro_f1=0.9370 val_macro_auc=0.9888 (checkpoint_metric=macro_auc) [new best]
2026-09-18 18:42:37,095 INFO train epoch 146/200 batch 13/66 (20%) running_loss=0.3983
2026-09-18 18:42:40,633 INFO train epoch 146/200 batch 26/66 (39%) running_loss=0.3930
2026-09-18 18:42:44,270 INFO train epoch 146/200 batch 39/66 (59%) running_loss=0.3920
2026-09-18 18:42:47,819 INFO train epoch 146/200 batch 52/66 (79%) running_loss=0.3929
2026-09-18 18:42:51,373 INFO train epoch 146/200 batch 65/66 (98%) running_loss=0.3942
2026-09-18 18:42:51,595 INFO train epoch 146/200 batch 66/66 (100%) running_loss=0.3943
2026-09-18 18:42:54,217 INFO epoch 146/200 done: train_loss=0.3943 val_loss=0.2262 val_accuracy=0.9385 val_macro_f1=0.9130 val_macro_auc=0.9910 (checkpoint_metric=macro_auc) [new best]
2026-09-18 18:42:58,326 INFO train epoch 147/200 batch 13/66 (20%) running_loss=0.3994
2026-09-18 18:43:01,898 INFO train epoch 147/200 batch 26/66 (39%) running_loss=0.3896
2026-09-18 18:43:05,436 INFO train epoch 147/200 batch 39/66 (59%) running_loss=0.3908
2026-09-18 18:43:08,978 INFO train epoch 147/200 batch 52/66 (79%) running_loss=0.3923
2026-09-18 18:43:12,520 INFO train epoch 147/200 batch 65/66 (98%) running_loss=0.3919
2026-09-18 18:43:12,744 INFO train epoch 147/200 batch 66/66 (100%) running_loss=0.3928
2026-09-18 18:43:15,275 INFO epoch 147/200 done: train_loss=0.3928 val_loss=0.2445 val_accuracy=0.9385 val_macro_f1=0.9119 val_macro_auc=0.9871 (checkpoint_metric=macro_auc)
2026-09-18 18:43:19,372 INFO train epoch 148/200 batch 13/66 (20%) running_loss=0.3799
2026-09-18 18:43:22,945 INFO train epoch 148/200 batch 26/66 (39%) running_loss=0.3976
2026-09-18 18:43:26,501 INFO train epoch 148/200 batch 39/66 (59%) running_loss=0.3890
2026-09-18 18:43:30,053 INFO train epoch 148/200 batch 52/66 (79%) running_loss=0.3861
2026-09-18 18:43:33,606 INFO train epoch 148/200 batch 65/66 (98%) running_loss=0.3907
2026-09-18 18:43:33,827 INFO train epoch 148/200 batch 66/66 (100%) running_loss=0.3904
2026-09-18 18:43:36,333 INFO epoch 148/200 done: train_loss=0.3904 val_loss=0.2351 val_accuracy=0.9529 val_macro_f1=0.9331 val_macro_auc=0.9902 (checkpoint_metric=macro_auc)
2026-09-18 18:43:40,593 INFO train epoch 149/200 batch 13/66 (20%) running_loss=0.3839
2026-09-18 18:43:44,177 INFO train epoch 149/200 batch 26/66 (39%) running_loss=0.3796
2026-09-18 18:43:47,757 INFO train epoch 149/200 batch 39/66 (59%) running_loss=0.3800
2026-09-18 18:43:51,320 INFO train epoch 149/200 batch 52/66 (79%) running_loss=0.3872
2026-09-18 18:43:54,876 INFO train epoch 149/200 batch 65/66 (98%) running_loss=0.3924
2026-09-18 18:43:55,098 INFO train epoch 149/200 batch 66/66 (100%) running_loss=0.3919
2026-09-18 18:43:57,623 INFO epoch 149/200 done: train_loss=0.3919 val_loss=0.2191 val_accuracy=0.9508 val_macro_f1=0.9277 val_macro_auc=0.9891 (checkpoint_metric=macro_auc)
2026-09-18 18:44:01,647 INFO train epoch 150/200 batch 13/66 (20%) running_loss=0.3952
2026-09-18 18:44:05,201 INFO train epoch 150/200 batch 26/66 (39%) running_loss=0.3894
2026-09-18 18:44:08,756 INFO train epoch 150/200 batch 39/66 (59%) running_loss=0.3929
2026-09-18 18:44:12,311 INFO train epoch 150/200 batch 52/66 (79%) running_loss=0.3957
2026-09-18 18:44:15,857 INFO train epoch 150/200 batch 65/66 (98%) running_loss=0.3976
2026-09-18 18:44:16,079 INFO train epoch 150/200 batch 66/66 (100%) running_loss=0.3974
2026-09-18 18:44:18,586 INFO epoch 150/200 done: train_loss=0.3974 val_loss=0.2538 val_accuracy=0.9283 val_macro_f1=0.9015 val_macro_auc=0.9892 (checkpoint_metric=macro_auc)
2026-09-18 18:44:22,648 INFO train epoch 151/200 batch 13/66 (20%) running_loss=0.3993
2026-09-18 18:44:26,202 INFO train epoch 151/200 batch 26/66 (39%) running_loss=0.3806
2026-09-18 18:44:29,744 INFO train epoch 151/200 batch 39/66 (59%) running_loss=0.3842
2026-09-18 18:44:33,280 INFO train epoch 151/200 batch 52/66 (79%) running_loss=0.3819
2026-09-18 18:44:36,901 INFO train epoch 151/200 batch 65/66 (98%) running_loss=0.3843
2026-09-18 18:44:37,123 INFO train epoch 151/200 batch 66/66 (100%) running_loss=0.3851
2026-09-18 18:44:39,637 INFO epoch 151/200 done: train_loss=0.3851 val_loss=0.2304 val_accuracy=0.9529 val_macro_f1=0.9325 val_macro_auc=0.9903 (checkpoint_metric=macro_auc)
2026-09-18 18:44:43,713 INFO train epoch 152/200 batch 13/66 (20%) running_loss=0.3871
2026-09-18 18:44:47,251 INFO train epoch 152/200 batch 26/66 (39%) running_loss=0.3969
2026-09-18 18:44:50,800 INFO train epoch 152/200 batch 39/66 (59%) running_loss=0.3894
2026-09-18 18:44:54,340 INFO train epoch 152/200 batch 52/66 (79%) running_loss=0.3874
2026-09-18 18:44:57,878 INFO train epoch 152/200 batch 65/66 (98%) running_loss=0.3865
2026-09-18 18:44:58,101 INFO train epoch 152/200 batch 66/66 (100%) running_loss=0.3857
2026-09-18 18:45:00,623 INFO epoch 152/200 done: train_loss=0.3857 val_loss=0.2155 val_accuracy=0.9488 val_macro_f1=0.9256 val_macro_auc=0.9884 (checkpoint_metric=macro_auc)
2026-09-18 18:45:04,687 INFO train epoch 153/200 batch 13/66 (20%) running_loss=0.3892
2026-09-18 18:45:08,241 INFO train epoch 153/200 batch 26/66 (39%) running_loss=0.4048
2026-09-18 18:45:11,793 INFO train epoch 153/200 batch 39/66 (59%) running_loss=0.3920
2026-09-18 18:45:15,347 INFO train epoch 153/200 batch 52/66 (79%) running_loss=0.3893
2026-09-18 18:45:18,893 INFO train epoch 153/200 batch 65/66 (98%) running_loss=0.3909
2026-09-18 18:45:19,116 INFO train epoch 153/200 batch 66/66 (100%) running_loss=0.3904
2026-09-18 18:45:21,653 INFO epoch 153/200 done: train_loss=0.3904 val_loss=0.2282 val_accuracy=0.9508 val_macro_f1=0.9291 val_macro_auc=0.9906 (checkpoint_metric=macro_auc)
2026-09-18 18:45:25,707 INFO train epoch 154/200 batch 13/66 (20%) running_loss=0.4002
2026-09-18 18:45:29,270 INFO train epoch 154/200 batch 26/66 (39%) running_loss=0.3902
2026-09-18 18:45:32,847 INFO train epoch 154/200 batch 39/66 (59%) running_loss=0.3805
2026-09-18 18:45:36,416 INFO train epoch 154/200 batch 52/66 (79%) running_loss=0.3829
2026-09-18 18:45:39,980 INFO train epoch 154/200 batch 65/66 (98%) running_loss=0.3827
2026-09-18 18:45:40,202 INFO train epoch 154/200 batch 66/66 (100%) running_loss=0.3822
2026-09-18 18:45:42,721 INFO epoch 154/200 done: train_loss=0.3822 val_loss=0.2350 val_accuracy=0.9385 val_macro_f1=0.9137 val_macro_auc=0.9894 (checkpoint_metric=macro_auc)
2026-09-18 18:45:46,837 INFO train epoch 155/200 batch 13/66 (20%) running_loss=0.3781
2026-09-18 18:45:50,557 INFO train epoch 155/200 batch 26/66 (39%) running_loss=0.3778
2026-09-18 18:45:54,138 INFO train epoch 155/200 batch 39/66 (59%) running_loss=0.3848
2026-09-18 18:45:57,703 INFO train epoch 155/200 batch 52/66 (79%) running_loss=0.3854
2026-09-18 18:46:01,262 INFO train epoch 155/200 batch 65/66 (98%) running_loss=0.3826
2026-09-18 18:46:01,485 INFO train epoch 155/200 batch 66/66 (100%) running_loss=0.3825
2026-09-18 18:46:04,124 INFO epoch 155/200 done: train_loss=0.3825 val_loss=0.2214 val_accuracy=0.9467 val_macro_f1=0.9252 val_macro_auc=0.9912 (checkpoint_metric=macro_auc) [new best]
2026-09-18 18:46:08,209 INFO train epoch 156/200 batch 13/66 (20%) running_loss=0.3956
2026-09-18 18:46:11,787 INFO train epoch 156/200 batch 26/66 (39%) running_loss=0.3855
2026-09-18 18:46:15,337 INFO train epoch 156/200 batch 39/66 (59%) running_loss=0.3811
2026-09-18 18:46:18,891 INFO train epoch 156/200 batch 52/66 (79%) running_loss=0.3813
2026-09-18 18:46:22,442 INFO train epoch 156/200 batch 65/66 (98%) running_loss=0.3840
2026-09-18 18:46:22,665 INFO train epoch 156/200 batch 66/66 (100%) running_loss=0.3839
2026-09-18 18:46:25,196 INFO epoch 156/200 done: train_loss=0.3839 val_loss=0.2239 val_accuracy=0.9508 val_macro_f1=0.9297 val_macro_auc=0.9900 (checkpoint_metric=macro_auc)
2026-09-18 18:46:29,248 INFO train epoch 157/200 batch 13/66 (20%) running_loss=0.3665
2026-09-18 18:46:32,806 INFO train epoch 157/200 batch 26/66 (39%) running_loss=0.3728
2026-09-18 18:46:36,360 INFO train epoch 157/200 batch 39/66 (59%) running_loss=0.3713
2026-09-18 18:46:39,913 INFO train epoch 157/200 batch 52/66 (79%) running_loss=0.3758
2026-09-18 18:46:43,455 INFO train epoch 157/200 batch 65/66 (98%) running_loss=0.3751
2026-09-18 18:46:43,677 INFO train epoch 157/200 batch 66/66 (100%) running_loss=0.3764
2026-09-18 18:46:46,206 INFO epoch 157/200 done: train_loss=0.3764 val_loss=0.2354 val_accuracy=0.9406 val_macro_f1=0.9172 val_macro_auc=0.9894 (checkpoint_metric=macro_auc)
2026-09-18 18:46:50,289 INFO train epoch 158/200 batch 13/66 (20%) running_loss=0.3809
2026-09-18 18:46:54,012 INFO train epoch 158/200 batch 26/66 (39%) running_loss=0.3837
2026-09-18 18:46:57,572 INFO train epoch 158/200 batch 39/66 (59%) running_loss=0.3802
2026-09-18 18:47:01,142 INFO train epoch 158/200 batch 52/66 (79%) running_loss=0.3835
2026-09-18 18:47:04,691 INFO train epoch 158/200 batch 65/66 (98%) running_loss=0.3856
2026-09-18 18:47:04,917 INFO train epoch 158/200 batch 66/66 (100%) running_loss=0.3855
2026-09-18 18:47:07,443 INFO epoch 158/200 done: train_loss=0.3855 val_loss=0.2421 val_accuracy=0.9262 val_macro_f1=0.8990 val_macro_auc=0.9877 (checkpoint_metric=macro_auc)
2026-09-18 18:47:11,530 INFO train epoch 159/200 batch 13/66 (20%) running_loss=0.3787
2026-09-18 18:47:15,104 INFO train epoch 159/200 batch 26/66 (39%) running_loss=0.3765
2026-09-18 18:47:18,663 INFO train epoch 159/200 batch 39/66 (59%) running_loss=0.3834
2026-09-18 18:47:22,229 INFO train epoch 159/200 batch 52/66 (79%) running_loss=0.3876
2026-09-18 18:47:25,786 INFO train epoch 159/200 batch 65/66 (98%) running_loss=0.3860
2026-09-18 18:47:26,012 INFO train epoch 159/200 batch 66/66 (100%) running_loss=0.3854
2026-09-18 18:47:28,529 INFO epoch 159/200 done: train_loss=0.3854 val_loss=0.2246 val_accuracy=0.9529 val_macro_f1=0.9319 val_macro_auc=0.9886 (checkpoint_metric=macro_auc)
2026-09-18 18:47:32,626 INFO train epoch 160/200 batch 13/66 (20%) running_loss=0.3611
2026-09-18 18:47:36,184 INFO train epoch 160/200 batch 26/66 (39%) running_loss=0.3662
2026-09-18 18:47:39,733 INFO train epoch 160/200 batch 39/66 (59%) running_loss=0.3697
2026-09-18 18:47:43,279 INFO train epoch 160/200 batch 52/66 (79%) running_loss=0.3702
2026-09-18 18:47:46,984 INFO train epoch 160/200 batch 65/66 (98%) running_loss=0.3667
2026-09-18 18:47:47,208 INFO train epoch 160/200 batch 66/66 (100%) running_loss=0.3674
2026-09-18 18:47:49,739 INFO epoch 160/200 done: train_loss=0.3674 val_loss=0.2114 val_accuracy=0.9570 val_macro_f1=0.9369 val_macro_auc=0.9917 (checkpoint_metric=macro_auc)
2026-09-18 18:47:53,789 INFO train epoch 161/200 batch 13/66 (20%) running_loss=0.3847
2026-09-18 18:47:57,359 INFO train epoch 161/200 batch 26/66 (39%) running_loss=0.3738
2026-09-18 18:48:00,925 INFO train epoch 161/200 batch 39/66 (59%) running_loss=0.3732
2026-09-18 18:48:04,480 INFO train epoch 161/200 batch 52/66 (79%) running_loss=0.3749
2026-09-18 18:48:08,032 INFO train epoch 161/200 batch 65/66 (98%) running_loss=0.3754
2026-09-18 18:48:08,254 INFO train epoch 161/200 batch 66/66 (100%) running_loss=0.3760
2026-09-18 18:48:10,888 INFO epoch 161/200 done: train_loss=0.3760 val_loss=0.2123 val_accuracy=0.9570 val_macro_f1=0.9369 val_macro_auc=0.9910 (checkpoint_metric=macro_auc) [new best]
2026-09-18 18:48:14,915 INFO train epoch 162/200 batch 13/66 (20%) running_loss=0.3856
2026-09-18 18:48:18,461 INFO train epoch 162/200 batch 26/66 (39%) running_loss=0.3860
2026-09-18 18:48:22,007 INFO train epoch 162/200 batch 39/66 (59%) running_loss=0.3783
2026-09-18 18:48:25,559 INFO train epoch 162/200 batch 52/66 (79%) running_loss=0.3783
2026-09-18 18:48:29,100 INFO train epoch 162/200 batch 65/66 (98%) running_loss=0.3750
2026-09-18 18:48:29,322 INFO train epoch 162/200 batch 66/66 (100%) running_loss=0.3757
2026-09-18 18:48:31,837 INFO epoch 162/200 done: train_loss=0.3757 val_loss=0.2241 val_accuracy=0.9508 val_macro_f1=0.9285 val_macro_auc=0.9877 (checkpoint_metric=macro_auc)
2026-09-18 18:48:35,888 INFO train epoch 163/200 batch 13/66 (20%) running_loss=0.3614
2026-09-18 18:48:39,435 INFO train epoch 163/200 batch 26/66 (39%) running_loss=0.3628
2026-09-18 18:48:42,987 INFO train epoch 163/200 batch 39/66 (59%) running_loss=0.3618
2026-09-18 18:48:46,687 INFO train epoch 163/200 batch 52/66 (79%) running_loss=0.3609
2026-09-18 18:48:50,224 INFO train epoch 163/200 batch 65/66 (98%) running_loss=0.3636
2026-09-18 18:48:50,443 INFO train epoch 163/200 batch 66/66 (100%) running_loss=0.3644
2026-09-18 18:48:52,960 INFO epoch 163/200 done: train_loss=0.3644 val_loss=0.2125 val_accuracy=0.9590 val_macro_f1=0.9412 val_macro_auc=0.9907 (checkpoint_metric=macro_auc)
2026-09-18 18:48:57,014 INFO train epoch 164/200 batch 13/66 (20%) running_loss=0.3897
2026-09-18 18:49:00,572 INFO train epoch 164/200 batch 26/66 (39%) running_loss=0.3802
2026-09-18 18:49:04,128 INFO train epoch 164/200 batch 39/66 (59%) running_loss=0.3779
2026-09-18 18:49:07,676 INFO train epoch 164/200 batch 52/66 (79%) running_loss=0.3751
2026-09-18 18:49:11,215 INFO train epoch 164/200 batch 65/66 (98%) running_loss=0.3755
2026-09-18 18:49:11,436 INFO train epoch 164/200 batch 66/66 (100%) running_loss=0.3762
2026-09-18 18:49:13,961 INFO epoch 164/200 done: train_loss=0.3762 val_loss=0.2192 val_accuracy=0.9529 val_macro_f1=0.9310 val_macro_auc=0.9887 (checkpoint_metric=macro_auc)
2026-09-18 18:49:17,996 INFO train epoch 165/200 batch 13/66 (20%) running_loss=0.3734
2026-09-18 18:49:21,538 INFO train epoch 165/200 batch 26/66 (39%) running_loss=0.3673
2026-09-18 18:49:25,082 INFO train epoch 165/200 batch 39/66 (59%) running_loss=0.3629
2026-09-18 18:49:28,630 INFO train epoch 165/200 batch 52/66 (79%) running_loss=0.3634
2026-09-18 18:49:32,180 INFO train epoch 165/200 batch 65/66 (98%) running_loss=0.3635
2026-09-18 18:49:32,402 INFO train epoch 165/200 batch 66/66 (100%) running_loss=0.3642
2026-09-18 18:49:34,924 INFO epoch 165/200 done: train_loss=0.3642 val_loss=0.2074 val_accuracy=0.9590 val_macro_f1=0.9412 val_macro_auc=0.9896 (checkpoint_metric=macro_auc)
2026-09-18 18:49:39,042 INFO train epoch 166/200 batch 13/66 (20%) running_loss=0.3634
2026-09-18 18:49:42,606 INFO train epoch 166/200 batch 26/66 (39%) running_loss=0.3690
2026-09-18 18:49:46,152 INFO train epoch 166/200 batch 39/66 (59%) running_loss=0.3700
2026-09-18 18:49:49,712 INFO train epoch 166/200 batch 52/66 (79%) running_loss=0.3694
2026-09-18 18:49:53,266 INFO train epoch 166/200 batch 65/66 (98%) running_loss=0.3724
2026-09-18 18:49:53,488 INFO train epoch 166/200 batch 66/66 (100%) running_loss=0.3728
2026-09-18 18:49:56,012 INFO epoch 166/200 done: train_loss=0.3728 val_loss=0.2267 val_accuracy=0.9426 val_macro_f1=0.9183 val_macro_auc=0.9873 (checkpoint_metric=macro_auc)
2026-09-18 18:50:00,099 INFO train epoch 167/200 batch 13/66 (20%) running_loss=0.3592
2026-09-18 18:50:03,659 INFO train epoch 167/200 batch 26/66 (39%) running_loss=0.3564
2026-09-18 18:50:07,218 INFO train epoch 167/200 batch 39/66 (59%) running_loss=0.3661
2026-09-18 18:50:10,775 INFO train epoch 167/200 batch 52/66 (79%) running_loss=0.3636
2026-09-18 18:50:14,320 INFO train epoch 167/200 batch 65/66 (98%) running_loss=0.3655
2026-09-18 18:50:14,542 INFO train epoch 167/200 batch 66/66 (100%) running_loss=0.3666
2026-09-18 18:50:17,068 INFO epoch 167/200 done: train_loss=0.3666 val_loss=0.2280 val_accuracy=0.9406 val_macro_f1=0.9144 val_macro_auc=0.9875 (checkpoint_metric=macro_auc)
2026-09-18 18:50:21,083 INFO train epoch 168/200 batch 13/66 (20%) running_loss=0.3840
2026-09-18 18:50:24,649 INFO train epoch 168/200 batch 26/66 (39%) running_loss=0.3727
2026-09-18 18:50:28,200 INFO train epoch 168/200 batch 39/66 (59%) running_loss=0.3681
2026-09-18 18:50:31,770 INFO train epoch 168/200 batch 52/66 (79%) running_loss=0.3705
2026-09-18 18:50:35,331 INFO train epoch 168/200 batch 65/66 (98%) running_loss=0.3684
2026-09-18 18:50:35,555 INFO train epoch 168/200 batch 66/66 (100%) running_loss=0.3684
2026-09-18 18:50:38,079 INFO epoch 168/200 done: train_loss=0.3684 val_loss=0.2192 val_accuracy=0.9488 val_macro_f1=0.9282 val_macro_auc=0.9904 (checkpoint_metric=macro_auc)
2026-09-18 18:50:42,069 INFO train epoch 169/200 batch 13/66 (20%) running_loss=0.3742
2026-09-18 18:50:45,610 INFO train epoch 169/200 batch 26/66 (39%) running_loss=0.3646
2026-09-18 18:50:49,306 INFO train epoch 169/200 batch 39/66 (59%) running_loss=0.3621
2026-09-18 18:50:52,857 INFO train epoch 169/200 batch 52/66 (79%) running_loss=0.3637
2026-09-18 18:50:56,407 INFO train epoch 169/200 batch 65/66 (98%) running_loss=0.3634
2026-09-18 18:50:56,629 INFO train epoch 169/200 batch 66/66 (100%) running_loss=0.3634
2026-09-18 18:50:59,155 INFO epoch 169/200 done: train_loss=0.3634 val_loss=0.2060 val_accuracy=0.9529 val_macro_f1=0.9326 val_macro_auc=0.9909 (checkpoint_metric=macro_auc)
2026-09-18 18:51:03,205 INFO train epoch 170/200 batch 13/66 (20%) running_loss=0.3846
2026-09-18 18:51:06,765 INFO train epoch 170/200 batch 26/66 (39%) running_loss=0.3724
2026-09-18 18:51:10,325 INFO train epoch 170/200 batch 39/66 (59%) running_loss=0.3754
2026-09-18 18:51:13,889 INFO train epoch 170/200 batch 52/66 (79%) running_loss=0.3703
2026-09-18 18:51:17,436 INFO train epoch 170/200 batch 65/66 (98%) running_loss=0.3760
2026-09-18 18:51:17,660 INFO train epoch 170/200 batch 66/66 (100%) running_loss=0.3773
2026-09-18 18:51:20,319 INFO epoch 170/200 done: train_loss=0.3773 val_loss=0.2080 val_accuracy=0.9570 val_macro_f1=0.9373 val_macro_auc=0.9904 (checkpoint_metric=macro_auc) [new best]
2026-09-18 18:51:24,423 INFO train epoch 171/200 batch 13/66 (20%) running_loss=0.3802
2026-09-18 18:51:27,993 INFO train epoch 171/200 batch 26/66 (39%) running_loss=0.3708
2026-09-18 18:51:31,566 INFO train epoch 171/200 batch 39/66 (59%) running_loss=0.3655
2026-09-18 18:51:35,119 INFO train epoch 171/200 batch 52/66 (79%) running_loss=0.3690
2026-09-18 18:51:38,673 INFO train epoch 171/200 batch 65/66 (98%) running_loss=0.3666
2026-09-18 18:51:38,896 INFO train epoch 171/200 batch 66/66 (100%) running_loss=0.3664
2026-09-18 18:51:41,414 INFO epoch 171/200 done: train_loss=0.3664 val_loss=0.2205 val_accuracy=0.9529 val_macro_f1=0.9329 val_macro_auc=0.9879 (checkpoint_metric=macro_auc)
2026-09-18 18:51:45,506 INFO train epoch 172/200 batch 13/66 (20%) running_loss=0.3558
2026-09-18 18:51:49,100 INFO train epoch 172/200 batch 26/66 (39%) running_loss=0.3537
2026-09-18 18:51:52,685 INFO train epoch 172/200 batch 39/66 (59%) running_loss=0.3551
2026-09-18 18:51:56,313 INFO train epoch 172/200 batch 52/66 (79%) running_loss=0.3639
2026-09-18 18:51:59,865 INFO train epoch 172/200 batch 65/66 (98%) running_loss=0.3647
2026-09-18 18:52:00,087 INFO train epoch 172/200 batch 66/66 (100%) running_loss=0.3647
2026-09-18 18:52:02,629 INFO epoch 172/200 done: train_loss=0.3647 val_loss=0.2115 val_accuracy=0.9590 val_macro_f1=0.9401 val_macro_auc=0.9901 (checkpoint_metric=macro_auc)
2026-09-18 18:52:06,670 INFO train epoch 173/200 batch 13/66 (20%) running_loss=0.3636
2026-09-18 18:52:10,224 INFO train epoch 173/200 batch 26/66 (39%) running_loss=0.3606
2026-09-18 18:52:13,787 INFO train epoch 173/200 batch 39/66 (59%) running_loss=0.3553
2026-09-18 18:52:17,338 INFO train epoch 173/200 batch 52/66 (79%) running_loss=0.3610
2026-09-18 18:52:20,893 INFO train epoch 173/200 batch 65/66 (98%) running_loss=0.3616
2026-09-18 18:52:21,122 INFO train epoch 173/200 batch 66/66 (100%) running_loss=0.3618
2026-09-18 18:52:23,642 INFO epoch 173/200 done: train_loss=0.3618 val_loss=0.2221 val_accuracy=0.9447 val_macro_f1=0.9228 val_macro_auc=0.9885 (checkpoint_metric=macro_auc)
2026-09-18 18:52:27,718 INFO train epoch 174/200 batch 13/66 (20%) running_loss=0.3716
2026-09-18 18:52:31,266 INFO train epoch 174/200 batch 26/66 (39%) running_loss=0.3675
2026-09-18 18:52:34,815 INFO train epoch 174/200 batch 39/66 (59%) running_loss=0.3700
2026-09-18 18:52:38,407 INFO train epoch 174/200 batch 52/66 (79%) running_loss=0.3706
2026-09-18 18:52:41,969 INFO train epoch 174/200 batch 65/66 (98%) running_loss=0.3700
2026-09-18 18:52:42,193 INFO train epoch 174/200 batch 66/66 (100%) running_loss=0.3698
2026-09-18 18:52:44,745 INFO epoch 174/200 done: train_loss=0.3698 val_loss=0.2179 val_accuracy=0.9529 val_macro_f1=0.9323 val_macro_auc=0.9889 (checkpoint_metric=macro_auc)
2026-09-18 18:52:48,861 INFO train epoch 175/200 batch 13/66 (20%) running_loss=0.3777
2026-09-18 18:52:52,412 INFO train epoch 175/200 batch 26/66 (39%) running_loss=0.3691
2026-09-18 18:52:55,979 INFO train epoch 175/200 batch 39/66 (59%) running_loss=0.3616
2026-09-18 18:52:59,536 INFO train epoch 175/200 batch 52/66 (79%) running_loss=0.3626
2026-09-18 18:53:03,246 INFO train epoch 175/200 batch 65/66 (98%) running_loss=0.3617
2026-09-18 18:53:03,469 INFO train epoch 175/200 batch 66/66 (100%) running_loss=0.3618
2026-09-18 18:53:05,996 INFO epoch 175/200 done: train_loss=0.3618 val_loss=0.2136 val_accuracy=0.9488 val_macro_f1=0.9273 val_macro_auc=0.9883 (checkpoint_metric=macro_auc)
2026-09-18 18:53:10,069 INFO train epoch 176/200 batch 13/66 (20%) running_loss=0.3654
2026-09-18 18:53:13,615 INFO train epoch 176/200 batch 26/66 (39%) running_loss=0.3682
2026-09-18 18:53:17,172 INFO train epoch 176/200 batch 39/66 (59%) running_loss=0.3681
2026-09-18 18:53:20,729 INFO train epoch 176/200 batch 52/66 (79%) running_loss=0.3672
2026-09-18 18:53:24,291 INFO train epoch 176/200 batch 65/66 (98%) running_loss=0.3625
2026-09-18 18:53:24,513 INFO train epoch 176/200 batch 66/66 (100%) running_loss=0.3625
2026-09-18 18:53:27,043 INFO epoch 176/200 done: train_loss=0.3625 val_loss=0.2122 val_accuracy=0.9488 val_macro_f1=0.9263 val_macro_auc=0.9881 (checkpoint_metric=macro_auc)
2026-09-18 18:53:31,125 INFO train epoch 177/200 batch 13/66 (20%) running_loss=0.3430
2026-09-18 18:53:34,669 INFO train epoch 177/200 batch 26/66 (39%) running_loss=0.3563
2026-09-18 18:53:38,220 INFO train epoch 177/200 batch 39/66 (59%) running_loss=0.3580
2026-09-18 18:53:41,772 INFO train epoch 177/200 batch 52/66 (79%) running_loss=0.3623
2026-09-18 18:53:45,324 INFO train epoch 177/200 batch 65/66 (98%) running_loss=0.3630
2026-09-18 18:53:45,546 INFO train epoch 177/200 batch 66/66 (100%) running_loss=0.3635
2026-09-18 18:53:48,068 INFO epoch 177/200 done: train_loss=0.3635 val_loss=0.2119 val_accuracy=0.9508 val_macro_f1=0.9291 val_macro_auc=0.9882 (checkpoint_metric=macro_auc)
2026-09-18 18:53:52,174 INFO train epoch 178/200 batch 13/66 (20%) running_loss=0.3754
2026-09-18 18:53:55,896 INFO train epoch 178/200 batch 26/66 (39%) running_loss=0.3645
2026-09-18 18:53:59,466 INFO train epoch 178/200 batch 39/66 (59%) running_loss=0.3665
2026-09-18 18:54:03,020 INFO train epoch 178/200 batch 52/66 (79%) running_loss=0.3611
2026-09-18 18:54:06,563 INFO train epoch 178/200 batch 65/66 (98%) running_loss=0.3664
2026-09-18 18:54:06,786 INFO train epoch 178/200 batch 66/66 (100%) running_loss=0.3661
2026-09-18 18:54:09,300 INFO epoch 178/200 done: train_loss=0.3661 val_loss=0.2081 val_accuracy=0.9529 val_macro_f1=0.9317 val_macro_auc=0.9893 (checkpoint_metric=macro_auc)
2026-09-18 18:54:13,348 INFO train epoch 179/200 batch 13/66 (20%) running_loss=0.3706
2026-09-18 18:54:16,909 INFO train epoch 179/200 batch 26/66 (39%) running_loss=0.3623
2026-09-18 18:54:20,456 INFO train epoch 179/200 batch 39/66 (59%) running_loss=0.3630
2026-09-18 18:54:24,008 INFO train epoch 179/200 batch 52/66 (79%) running_loss=0.3613
2026-09-18 18:54:27,553 INFO train epoch 179/200 batch 65/66 (98%) running_loss=0.3593
2026-09-18 18:54:27,774 INFO train epoch 179/200 batch 66/66 (100%) running_loss=0.3589
2026-09-18 18:54:30,297 INFO epoch 179/200 done: train_loss=0.3589 val_loss=0.2148 val_accuracy=0.9488 val_macro_f1=0.9273 val_macro_auc=0.9878 (checkpoint_metric=macro_auc)
2026-09-18 18:54:34,304 INFO train epoch 180/200 batch 13/66 (20%) running_loss=0.3619
2026-09-18 18:54:37,846 INFO train epoch 180/200 batch 26/66 (39%) running_loss=0.3602
2026-09-18 18:54:41,400 INFO train epoch 180/200 batch 39/66 (59%) running_loss=0.3531
2026-09-18 18:54:44,954 INFO train epoch 180/200 batch 52/66 (79%) running_loss=0.3563
2026-09-18 18:54:48,498 INFO train epoch 180/200 batch 65/66 (98%) running_loss=0.3593
2026-09-18 18:54:48,719 INFO train epoch 180/200 batch 66/66 (100%) running_loss=0.3591
2026-09-18 18:54:51,236 INFO epoch 180/200 done: train_loss=0.3591 val_loss=0.2214 val_accuracy=0.9447 val_macro_f1=0.9217 val_macro_auc=0.9871 (checkpoint_metric=macro_auc)
2026-09-18 18:54:55,332 INFO train epoch 181/200 batch 13/66 (20%) running_loss=0.3638
2026-09-18 18:54:58,974 INFO train epoch 181/200 batch 26/66 (39%) running_loss=0.3616
2026-09-18 18:55:02,541 INFO train epoch 181/200 batch 39/66 (59%) running_loss=0.3584
2026-09-18 18:55:06,095 INFO train epoch 181/200 batch 52/66 (79%) running_loss=0.3614
2026-09-18 18:55:09,652 INFO train epoch 181/200 batch 65/66 (98%) running_loss=0.3614
2026-09-18 18:55:09,876 INFO train epoch 181/200 batch 66/66 (100%) running_loss=0.3616
2026-09-18 18:55:12,388 INFO epoch 181/200 done: train_loss=0.3616 val_loss=0.2138 val_accuracy=0.9426 val_macro_f1=0.9175 val_macro_auc=0.9879 (checkpoint_metric=macro_auc)
2026-09-18 18:55:16,474 INFO train epoch 182/200 batch 13/66 (20%) running_loss=0.3626
2026-09-18 18:55:20,023 INFO train epoch 182/200 batch 26/66 (39%) running_loss=0.3560
2026-09-18 18:55:23,575 INFO train epoch 182/200 batch 39/66 (59%) running_loss=0.3556
2026-09-18 18:55:27,137 INFO train epoch 182/200 batch 52/66 (79%) running_loss=0.3551
2026-09-18 18:55:30,689 INFO train epoch 182/200 batch 65/66 (98%) running_loss=0.3553
2026-09-18 18:55:30,915 INFO train epoch 182/200 batch 66/66 (100%) running_loss=0.3549
2026-09-18 18:55:33,441 INFO epoch 182/200 done: train_loss=0.3549 val_loss=0.2195 val_accuracy=0.9467 val_macro_f1=0.9246 val_macro_auc=0.9881 (checkpoint_metric=macro_auc)
2026-09-18 18:55:37,475 INFO train epoch 183/200 batch 13/66 (20%) running_loss=0.3629
2026-09-18 18:55:41,032 INFO train epoch 183/200 batch 26/66 (39%) running_loss=0.3584
2026-09-18 18:55:44,610 INFO train epoch 183/200 batch 39/66 (59%) running_loss=0.3641
2026-09-18 18:55:48,187 INFO train epoch 183/200 batch 52/66 (79%) running_loss=0.3614
2026-09-18 18:55:51,738 INFO train epoch 183/200 batch 65/66 (98%) running_loss=0.3596
2026-09-18 18:55:51,959 INFO train epoch 183/200 batch 66/66 (100%) running_loss=0.3598
2026-09-18 18:55:54,476 INFO epoch 183/200 done: train_loss=0.3598 val_loss=0.2131 val_accuracy=0.9529 val_macro_f1=0.9329 val_macro_auc=0.9884 (checkpoint_metric=macro_auc)
2026-09-18 18:55:58,527 INFO train epoch 184/200 batch 13/66 (20%) running_loss=0.3486
2026-09-18 18:56:02,253 INFO train epoch 184/200 batch 26/66 (39%) running_loss=0.3459
2026-09-18 18:56:05,813 INFO train epoch 184/200 batch 39/66 (59%) running_loss=0.3480
2026-09-18 18:56:09,363 INFO train epoch 184/200 batch 52/66 (79%) running_loss=0.3522
2026-09-18 18:56:12,903 INFO train epoch 184/200 batch 65/66 (98%) running_loss=0.3553
2026-09-18 18:56:13,125 INFO train epoch 184/200 batch 66/66 (100%) running_loss=0.3549
2026-09-18 18:56:15,652 INFO epoch 184/200 done: train_loss=0.3549 val_loss=0.2126 val_accuracy=0.9508 val_macro_f1=0.9304 val_macro_auc=0.9881 (checkpoint_metric=macro_auc)
2026-09-18 18:56:19,679 INFO train epoch 185/200 batch 13/66 (20%) running_loss=0.3487
2026-09-18 18:56:23,242 INFO train epoch 185/200 batch 26/66 (39%) running_loss=0.3544
2026-09-18 18:56:26,830 INFO train epoch 185/200 batch 39/66 (59%) running_loss=0.3587
2026-09-18 18:56:30,402 INFO train epoch 185/200 batch 52/66 (79%) running_loss=0.3605
2026-09-18 18:56:33,945 INFO train epoch 185/200 batch 65/66 (98%) running_loss=0.3607
2026-09-18 18:56:34,168 INFO train epoch 185/200 batch 66/66 (100%) running_loss=0.3609
2026-09-18 18:56:36,718 INFO epoch 185/200 done: train_loss=0.3609 val_loss=0.2100 val_accuracy=0.9549 val_macro_f1=0.9351 val_macro_auc=0.9893 (checkpoint_metric=macro_auc)
2026-09-18 18:56:40,798 INFO train epoch 186/200 batch 13/66 (20%) running_loss=0.3433
2026-09-18 18:56:44,345 INFO train epoch 186/200 batch 26/66 (39%) running_loss=0.3495
2026-09-18 18:56:47,894 INFO train epoch 186/200 batch 39/66 (59%) running_loss=0.3544
2026-09-18 18:56:51,450 INFO train epoch 186/200 batch 52/66 (79%) running_loss=0.3592
2026-09-18 18:56:55,006 INFO train epoch 186/200 batch 65/66 (98%) running_loss=0.3595
2026-09-18 18:56:55,229 INFO train epoch 186/200 batch 66/66 (100%) running_loss=0.3599
2026-09-18 18:56:57,766 INFO epoch 186/200 done: train_loss=0.3599 val_loss=0.2132 val_accuracy=0.9529 val_macro_f1=0.9329 val_macro_auc=0.9880 (checkpoint_metric=macro_auc)
2026-09-18 18:57:01,793 INFO train epoch 187/200 batch 13/66 (20%) running_loss=0.3546
2026-09-18 18:57:05,350 INFO train epoch 187/200 batch 26/66 (39%) running_loss=0.3518
2026-09-18 18:57:08,985 INFO train epoch 187/200 batch 39/66 (59%) running_loss=0.3503
2026-09-18 18:57:12,539 INFO train epoch 187/200 batch 52/66 (79%) running_loss=0.3571
2026-09-18 18:57:16,079 INFO train epoch 187/200 batch 65/66 (98%) running_loss=0.3554
2026-09-18 18:57:16,301 INFO train epoch 187/200 batch 66/66 (100%) running_loss=0.3550
2026-09-18 18:57:18,810 INFO epoch 187/200 done: train_loss=0.3550 val_loss=0.2174 val_accuracy=0.9529 val_macro_f1=0.9332 val_macro_auc=0.9879 (checkpoint_metric=macro_auc)
2026-09-18 18:57:22,858 INFO train epoch 188/200 batch 13/66 (20%) running_loss=0.3811
2026-09-18 18:57:26,406 INFO train epoch 188/200 batch 26/66 (39%) running_loss=0.3729
2026-09-18 18:57:29,972 INFO train epoch 188/200 batch 39/66 (59%) running_loss=0.3735
2026-09-18 18:57:33,516 INFO train epoch 188/200 batch 52/66 (79%) running_loss=0.3635
2026-09-18 18:57:37,052 INFO train epoch 188/200 batch 65/66 (98%) running_loss=0.3627
2026-09-18 18:57:37,274 INFO train epoch 188/200 batch 66/66 (100%) running_loss=0.3621
2026-09-18 18:57:39,791 INFO epoch 188/200 done: train_loss=0.3621 val_loss=0.2102 val_accuracy=0.9570 val_macro_f1=0.9386 val_macro_auc=0.9885 (checkpoint_metric=macro_auc)
2026-09-18 18:57:43,868 INFO train epoch 189/200 batch 13/66 (20%) running_loss=0.3613
2026-09-18 18:57:47,422 INFO train epoch 189/200 batch 26/66 (39%) running_loss=0.3592
2026-09-18 18:57:50,991 INFO train epoch 189/200 batch 39/66 (59%) running_loss=0.3601
2026-09-18 18:57:54,553 INFO train epoch 189/200 batch 52/66 (79%) running_loss=0.3613
2026-09-18 18:57:58,111 INFO train epoch 189/200 batch 65/66 (98%) running_loss=0.3570
2026-09-18 18:57:58,341 INFO train epoch 189/200 batch 66/66 (100%) running_loss=0.3572
2026-09-18 18:58:00,880 INFO epoch 189/200 done: train_loss=0.3572 val_loss=0.2073 val_accuracy=0.9529 val_macro_f1=0.9326 val_macro_auc=0.9888 (checkpoint_metric=macro_auc)
2026-09-18 18:58:04,925 INFO train epoch 190/200 batch 13/66 (20%) running_loss=0.3575
2026-09-18 18:58:08,470 INFO train epoch 190/200 batch 26/66 (39%) running_loss=0.3584
2026-09-18 18:58:12,187 INFO train epoch 190/200 batch 39/66 (59%) running_loss=0.3586
2026-09-18 18:58:15,738 INFO train epoch 190/200 batch 52/66 (79%) running_loss=0.3553
2026-09-18 18:58:19,273 INFO train epoch 190/200 batch 65/66 (98%) running_loss=0.3541
2026-09-18 18:58:19,495 INFO train epoch 190/200 batch 66/66 (100%) running_loss=0.3546
2026-09-18 18:58:22,006 INFO epoch 190/200 done: train_loss=0.3546 val_loss=0.2157 val_accuracy=0.9529 val_macro_f1=0.9332 val_macro_auc=0.9881 (checkpoint_metric=macro_auc)
2026-09-18 18:58:26,086 INFO train epoch 191/200 batch 13/66 (20%) running_loss=0.3721
2026-09-18 18:58:29,626 INFO train epoch 191/200 batch 26/66 (39%) running_loss=0.3732
2026-09-18 18:58:33,171 INFO train epoch 191/200 batch 39/66 (59%) running_loss=0.3691
2026-09-18 18:58:36,716 INFO train epoch 191/200 batch 52/66 (79%) running_loss=0.3654
2026-09-18 18:58:40,259 INFO train epoch 191/200 batch 65/66 (98%) running_loss=0.3669
2026-09-18 18:58:40,482 INFO train epoch 191/200 batch 66/66 (100%) running_loss=0.3664
2026-09-18 18:58:43,003 INFO epoch 191/200 done: train_loss=0.3664 val_loss=0.2154 val_accuracy=0.9529 val_macro_f1=0.9332 val_macro_auc=0.9881 (checkpoint_metric=macro_auc)
2026-09-18 18:58:47,064 INFO train epoch 192/200 batch 13/66 (20%) running_loss=0.3580
2026-09-18 18:58:50,631 INFO train epoch 192/200 batch 26/66 (39%) running_loss=0.3465
2026-09-18 18:58:54,188 INFO train epoch 192/200 batch 39/66 (59%) running_loss=0.3451
2026-09-18 18:58:57,758 INFO train epoch 192/200 batch 52/66 (79%) running_loss=0.3466
2026-09-18 18:59:01,321 INFO train epoch 192/200 batch 65/66 (98%) running_loss=0.3479
2026-09-18 18:59:01,544 INFO train epoch 192/200 batch 66/66 (100%) running_loss=0.3477
2026-09-18 18:59:04,077 INFO epoch 192/200 done: train_loss=0.3477 val_loss=0.2176 val_accuracy=0.9488 val_macro_f1=0.9284 val_macro_auc=0.9879 (checkpoint_metric=macro_auc)
2026-09-18 18:59:08,157 INFO train epoch 193/200 batch 13/66 (20%) running_loss=0.3495
2026-09-18 18:59:11,722 INFO train epoch 193/200 batch 26/66 (39%) running_loss=0.3464
2026-09-18 18:59:15,372 INFO train epoch 193/200 batch 39/66 (59%) running_loss=0.3553
2026-09-18 18:59:18,930 INFO train epoch 193/200 batch 52/66 (79%) running_loss=0.3572
2026-09-18 18:59:22,475 INFO train epoch 193/200 batch 65/66 (98%) running_loss=0.3566
2026-09-18 18:59:22,700 INFO train epoch 193/200 batch 66/66 (100%) running_loss=0.3567
2026-09-18 18:59:25,215 INFO epoch 193/200 done: train_loss=0.3567 val_loss=0.2210 val_accuracy=0.9447 val_macro_f1=0.9231 val_macro_auc=0.9873 (checkpoint_metric=macro_auc)
2026-09-18 18:59:29,220 INFO train epoch 194/200 batch 13/66 (20%) running_loss=0.3588
2026-09-18 18:59:32,768 INFO train epoch 194/200 batch 26/66 (39%) running_loss=0.3569
2026-09-18 18:59:36,313 INFO train epoch 194/200 batch 39/66 (59%) running_loss=0.3593
2026-09-18 18:59:39,876 INFO train epoch 194/200 batch 52/66 (79%) running_loss=0.3610
2026-09-18 18:59:43,435 INFO train epoch 194/200 batch 65/66 (98%) running_loss=0.3615
2026-09-18 18:59:43,657 INFO train epoch 194/200 batch 66/66 (100%) running_loss=0.3611
2026-09-18 18:59:46,182 INFO epoch 194/200 done: train_loss=0.3611 val_loss=0.2188 val_accuracy=0.9447 val_macro_f1=0.9224 val_macro_auc=0.9875 (checkpoint_metric=macro_auc)
2026-09-18 18:59:50,218 INFO train epoch 195/200 batch 13/66 (20%) running_loss=0.3705
2026-09-18 18:59:53,771 INFO train epoch 195/200 batch 26/66 (39%) running_loss=0.3669
2026-09-18 18:59:57,325 INFO train epoch 195/200 batch 39/66 (59%) running_loss=0.3636
2026-09-18 19:00:00,888 INFO train epoch 195/200 batch 52/66 (79%) running_loss=0.3604
2026-09-18 19:00:04,439 INFO train epoch 195/200 batch 65/66 (98%) running_loss=0.3616
2026-09-18 19:00:04,660 INFO train epoch 195/200 batch 66/66 (100%) running_loss=0.3617
2026-09-18 19:00:07,165 INFO epoch 195/200 done: train_loss=0.3617 val_loss=0.2181 val_accuracy=0.9508 val_macro_f1=0.9315 val_macro_auc=0.9880 (checkpoint_metric=macro_auc)
2026-09-18 19:00:11,162 INFO train epoch 196/200 batch 13/66 (20%) running_loss=0.3597
2026-09-18 19:00:14,696 INFO train epoch 196/200 batch 26/66 (39%) running_loss=0.3597
2026-09-18 19:00:18,402 INFO train epoch 196/200 batch 39/66 (59%) running_loss=0.3560
2026-09-18 19:00:21,968 INFO train epoch 196/200 batch 52/66 (79%) running_loss=0.3585
2026-09-18 19:00:25,507 INFO train epoch 196/200 batch 65/66 (98%) running_loss=0.3593
2026-09-18 19:00:25,727 INFO train epoch 196/200 batch 66/66 (100%) running_loss=0.3591
2026-09-18 19:00:28,260 INFO epoch 196/200 done: train_loss=0.3591 val_loss=0.2154 val_accuracy=0.9508 val_macro_f1=0.9315 val_macro_auc=0.9879 (checkpoint_metric=macro_auc)
2026-09-18 19:00:32,363 INFO train epoch 197/200 batch 13/66 (20%) running_loss=0.3521
2026-09-18 19:00:35,956 INFO train epoch 197/200 batch 26/66 (39%) running_loss=0.3561
2026-09-18 19:00:39,535 INFO train epoch 197/200 batch 39/66 (59%) running_loss=0.3564
2026-09-18 19:00:43,101 INFO train epoch 197/200 batch 52/66 (79%) running_loss=0.3529
2026-09-18 19:00:46,651 INFO train epoch 197/200 batch 65/66 (98%) running_loss=0.3545
2026-09-18 19:00:46,874 INFO train epoch 197/200 batch 66/66 (100%) running_loss=0.3547
2026-09-18 19:00:49,406 INFO epoch 197/200 done: train_loss=0.3547 val_loss=0.2185 val_accuracy=0.9508 val_macro_f1=0.9315 val_macro_auc=0.9879 (checkpoint_metric=macro_auc)
2026-09-18 19:00:53,467 INFO train epoch 198/200 batch 13/66 (20%) running_loss=0.3530
2026-09-18 19:00:57,008 INFO train epoch 198/200 batch 26/66 (39%) running_loss=0.3590
2026-09-18 19:01:00,579 INFO train epoch 198/200 batch 39/66 (59%) running_loss=0.3553
2026-09-18 19:01:04,133 INFO train epoch 198/200 batch 52/66 (79%) running_loss=0.3575
2026-09-18 19:01:07,680 INFO train epoch 198/200 batch 65/66 (98%) running_loss=0.3567
2026-09-18 19:01:07,902 INFO train epoch 198/200 batch 66/66 (100%) running_loss=0.3562
2026-09-18 19:01:10,410 INFO epoch 198/200 done: train_loss=0.3562 val_loss=0.2127 val_accuracy=0.9508 val_macro_f1=0.9315 val_macro_auc=0.9882 (checkpoint_metric=macro_auc)
2026-09-18 19:01:14,482 INFO train epoch 199/200 batch 13/66 (20%) running_loss=0.3649
2026-09-18 19:01:18,029 INFO train epoch 199/200 batch 26/66 (39%) running_loss=0.3542
2026-09-18 19:01:21,571 INFO train epoch 199/200 batch 39/66 (59%) running_loss=0.3532
2026-09-18 19:01:25,106 INFO train epoch 199/200 batch 52/66 (79%) running_loss=0.3539
2026-09-18 19:01:28,718 INFO train epoch 199/200 batch 65/66 (98%) running_loss=0.3534
2026-09-18 19:01:28,939 INFO train epoch 199/200 batch 66/66 (100%) running_loss=0.3532
2026-09-18 19:01:31,471 INFO epoch 199/200 done: train_loss=0.3532 val_loss=0.2181 val_accuracy=0.9508 val_macro_f1=0.9315 val_macro_auc=0.9879 (checkpoint_metric=macro_auc)
2026-09-18 19:01:35,539 INFO train epoch 200/200 batch 13/66 (20%) running_loss=0.3574
2026-09-18 19:01:39,080 INFO train epoch 200/200 batch 26/66 (39%) running_loss=0.3546
2026-09-18 19:01:42,627 INFO train epoch 200/200 batch 39/66 (59%) running_loss=0.3583
2026-09-18 19:01:46,178 INFO train epoch 200/200 batch 52/66 (79%) running_loss=0.3538
2026-09-18 19:01:49,782 INFO train epoch 200/200 batch 65/66 (98%) running_loss=0.3503
2026-09-18 19:01:50,009 INFO train epoch 200/200 batch 66/66 (100%) running_loss=0.3500
2026-09-18 19:01:52,612 INFO epoch 200/200 done: train_loss=0.3500 val_loss=0.2183 val_accuracy=0.9488 val_macro_f1=0.9287 val_macro_auc=0.9878 (checkpoint_metric=macro_auc)
2026-09-18 19:01:52,854 INFO Training finished. Best epoch=170, smoothed macro_auc=0.9906 (window=3)
2026-09-18 19:01:55,453 INFO Test set evaluated once: accuracy=0.9114 macro_f1=0.8985 macro_auc=0.9755
