2026-08-15 04:09:24,360 INFO Starting legacy (fixed 2-op) augmentation search on device=cuda
2026-08-15 04:09:24,615 INFO Reused split from outputs/fixedda_run/search_run/split_indices.json: 2102 train / 488 val samples
2026-08-15 04:09:24,822 INFO Captured shared initial weights for policy trials
2026-08-15 04:09:24,825 INFO Trial 1/25: starting (ops=brightness+random_erasing, 10 trial epochs)
2026-08-15 04:09:31,738 INFO trial epoch 1/10 batch 13/66 (20%) running_loss=1.1803
2026-08-15 04:09:37,935 INFO trial epoch 1/10 batch 26/66 (39%) running_loss=1.1707
2026-08-15 04:09:44,146 INFO trial epoch 1/10 batch 39/66 (59%) running_loss=1.1528
2026-08-15 04:09:50,365 INFO trial epoch 1/10 batch 52/66 (79%) running_loss=1.1383
2026-08-15 04:09:56,603 INFO trial epoch 1/10 batch 65/66 (98%) running_loss=1.1321
2026-08-15 04:09:56,968 INFO trial epoch 1/10 batch 66/66 (100%) running_loss=1.1310
2026-08-15 04:09:59,485 INFO trial epoch 1/10 done: train_loss=1.1310 val_macro_auc=0.5197
2026-08-15 04:10:06,109 INFO trial epoch 2/10 batch 13/66 (20%) running_loss=1.0770
2026-08-15 04:10:12,369 INFO trial epoch 2/10 batch 26/66 (39%) running_loss=1.0841
2026-08-15 04:10:18,640 INFO trial epoch 2/10 batch 39/66 (59%) running_loss=1.0809
2026-08-15 04:10:24,916 INFO trial epoch 2/10 batch 52/66 (79%) running_loss=1.0828
2026-08-15 04:10:31,210 INFO trial epoch 2/10 batch 65/66 (98%) running_loss=1.0715
2026-08-15 04:10:31,517 INFO trial epoch 2/10 batch 66/66 (100%) running_loss=1.0705
2026-08-15 04:10:33,986 INFO trial epoch 2/10 done: train_loss=1.0705 val_macro_auc=0.7603
2026-08-15 04:10:40,662 INFO trial epoch 3/10 batch 13/66 (20%) running_loss=0.9595
2026-08-15 04:10:47,088 INFO trial epoch 3/10 batch 26/66 (39%) running_loss=0.9778
2026-08-15 04:10:53,407 INFO trial epoch 3/10 batch 39/66 (59%) running_loss=0.9817
2026-08-15 04:10:59,715 INFO trial epoch 3/10 batch 52/66 (79%) running_loss=0.9818
2026-08-15 04:11:06,017 INFO trial epoch 3/10 batch 65/66 (98%) running_loss=0.9676
2026-08-15 04:11:06,326 INFO trial epoch 3/10 batch 66/66 (100%) running_loss=0.9718
2026-08-15 04:11:08,797 INFO trial epoch 3/10 done: train_loss=0.9718 val_macro_auc=0.7548
2026-08-15 04:11:15,466 INFO trial epoch 4/10 batch 13/66 (20%) running_loss=0.8794
2026-08-15 04:11:21,746 INFO trial epoch 4/10 batch 26/66 (39%) running_loss=0.8859
2026-08-15 04:11:28,026 INFO trial epoch 4/10 batch 39/66 (59%) running_loss=0.9118
2026-08-15 04:11:34,299 INFO trial epoch 4/10 batch 52/66 (79%) running_loss=0.9044
2026-08-15 04:11:40,564 INFO trial epoch 4/10 batch 65/66 (98%) running_loss=0.8962
2026-08-15 04:11:40,870 INFO trial epoch 4/10 batch 66/66 (100%) running_loss=0.8965
2026-08-15 04:11:43,335 INFO trial epoch 4/10 done: train_loss=0.8965 val_macro_auc=0.7940
2026-08-15 04:11:49,992 INFO trial epoch 5/10 batch 13/66 (20%) running_loss=0.8574
2026-08-15 04:11:56,269 INFO trial epoch 5/10 batch 26/66 (39%) running_loss=0.8312
2026-08-15 04:12:02,557 INFO trial epoch 5/10 batch 39/66 (59%) running_loss=0.8183
2026-08-15 04:12:08,846 INFO trial epoch 5/10 batch 52/66 (79%) running_loss=0.8292
2026-08-15 04:12:15,137 INFO trial epoch 5/10 batch 65/66 (98%) running_loss=0.8240
2026-08-15 04:12:15,444 INFO trial epoch 5/10 batch 66/66 (100%) running_loss=0.8233
2026-08-15 04:12:17,902 INFO trial epoch 5/10 done: train_loss=0.8233 val_macro_auc=0.7895
2026-08-15 04:12:24,562 INFO trial epoch 6/10 batch 13/66 (20%) running_loss=0.7874
2026-08-15 04:12:30,859 INFO trial epoch 6/10 batch 26/66 (39%) running_loss=0.7831
2026-08-15 04:12:37,159 INFO trial epoch 6/10 batch 39/66 (59%) running_loss=0.7644
2026-08-15 04:12:43,461 INFO trial epoch 6/10 batch 52/66 (79%) running_loss=0.7689
2026-08-15 04:12:49,760 INFO trial epoch 6/10 batch 65/66 (98%) running_loss=0.7739
2026-08-15 04:12:50,069 INFO trial epoch 6/10 batch 66/66 (100%) running_loss=0.7718
2026-08-15 04:12:52,548 INFO trial epoch 6/10 done: train_loss=0.7718 val_macro_auc=0.8140
2026-08-15 04:12:59,211 INFO trial epoch 7/10 batch 13/66 (20%) running_loss=0.7204
2026-08-15 04:13:05,495 INFO trial epoch 7/10 batch 26/66 (39%) running_loss=0.7136
2026-08-15 04:13:11,787 INFO trial epoch 7/10 batch 39/66 (59%) running_loss=0.7317
2026-08-15 04:13:18,067 INFO trial epoch 7/10 batch 52/66 (79%) running_loss=0.7256
2026-08-15 04:13:24,345 INFO trial epoch 7/10 batch 65/66 (98%) running_loss=0.7365
2026-08-15 04:13:24,649 INFO trial epoch 7/10 batch 66/66 (100%) running_loss=0.7351
2026-08-15 04:13:27,112 INFO trial epoch 7/10 done: train_loss=0.7351 val_macro_auc=0.8055
2026-08-15 04:13:33,764 INFO trial epoch 8/10 batch 13/66 (20%) running_loss=0.7042
2026-08-15 04:13:40,044 INFO trial epoch 8/10 batch 26/66 (39%) running_loss=0.6923
2026-08-15 04:13:46,329 INFO trial epoch 8/10 batch 39/66 (59%) running_loss=0.6814
2026-08-15 04:13:52,610 INFO trial epoch 8/10 batch 52/66 (79%) running_loss=0.6818
2026-08-15 04:13:58,889 INFO trial epoch 8/10 batch 65/66 (98%) running_loss=0.6929
2026-08-15 04:13:59,194 INFO trial epoch 8/10 batch 66/66 (100%) running_loss=0.6925
2026-08-15 04:14:01,661 INFO trial epoch 8/10 done: train_loss=0.6925 val_macro_auc=0.8308
2026-08-15 04:14:08,328 INFO trial epoch 9/10 batch 13/66 (20%) running_loss=0.7053
2026-08-15 04:14:14,617 INFO trial epoch 9/10 batch 26/66 (39%) running_loss=0.6994
2026-08-15 04:14:20,906 INFO trial epoch 9/10 batch 39/66 (59%) running_loss=0.6827
2026-08-15 04:14:27,193 INFO trial epoch 9/10 batch 52/66 (79%) running_loss=0.6864
2026-08-15 04:14:33,485 INFO trial epoch 9/10 batch 65/66 (98%) running_loss=0.6815
2026-08-15 04:14:33,790 INFO trial epoch 9/10 batch 66/66 (100%) running_loss=0.6812
2026-08-15 04:14:36,249 INFO trial epoch 9/10 done: train_loss=0.6812 val_macro_auc=0.8427
2026-08-15 04:14:42,908 INFO trial epoch 10/10 batch 13/66 (20%) running_loss=0.6616
2026-08-15 04:14:49,193 INFO trial epoch 10/10 batch 26/66 (39%) running_loss=0.6466
2026-08-15 04:14:55,481 INFO trial epoch 10/10 batch 39/66 (59%) running_loss=0.6690
2026-08-15 04:15:01,772 INFO trial epoch 10/10 batch 52/66 (79%) running_loss=0.6725
2026-08-15 04:15:08,061 INFO trial epoch 10/10 batch 65/66 (98%) running_loss=0.6657
2026-08-15 04:15:08,367 INFO trial epoch 10/10 batch 66/66 (100%) running_loss=0.6650
2026-08-15 04:15:10,835 INFO trial epoch 10/10 done: train_loss=0.6650 val_macro_auc=0.8489
2026-08-15 04:15:10,981 INFO Trial 1/25: finished val_macro_auc=0.8408 (best so far: 0.8408)
2026-08-15 04:15:10,985 INFO Trial 2/25: starting (ops=affine_translation+random_erasing, 10 trial epochs)
2026-08-15 04:15:17,814 INFO trial epoch 1/10 batch 13/66 (20%) running_loss=1.1891
2026-08-15 04:15:24,103 INFO trial epoch 1/10 batch 26/66 (39%) running_loss=1.1829
2026-08-15 04:15:30,391 INFO trial epoch 1/10 batch 39/66 (59%) running_loss=1.1687
2026-08-15 04:15:36,681 INFO trial epoch 1/10 batch 52/66 (79%) running_loss=1.1603
2026-08-15 04:15:42,973 INFO trial epoch 1/10 batch 65/66 (98%) running_loss=1.1503
2026-08-15 04:15:43,278 INFO trial epoch 1/10 batch 66/66 (100%) running_loss=1.1509
2026-08-15 04:15:45,736 INFO trial epoch 1/10 done: train_loss=1.1509 val_macro_auc=0.5023
2026-08-15 04:15:52,400 INFO trial epoch 2/10 batch 13/66 (20%) running_loss=1.1252
2026-08-15 04:15:58,682 INFO trial epoch 2/10 batch 26/66 (39%) running_loss=1.1112
2026-08-15 04:16:04,966 INFO trial epoch 2/10 batch 39/66 (59%) running_loss=1.1077
2026-08-15 04:16:11,257 INFO trial epoch 2/10 batch 52/66 (79%) running_loss=1.1037
2026-08-15 04:16:17,547 INFO trial epoch 2/10 batch 65/66 (98%) running_loss=1.0934
2026-08-15 04:16:17,852 INFO trial epoch 2/10 batch 66/66 (100%) running_loss=1.0935
2026-08-15 04:16:20,320 INFO trial epoch 2/10 done: train_loss=1.0935 val_macro_auc=0.5517
2026-08-15 04:16:26,986 INFO trial epoch 3/10 batch 13/66 (20%) running_loss=1.0743
2026-08-15 04:16:33,398 INFO trial epoch 3/10 batch 26/66 (39%) running_loss=1.0932
2026-08-15 04:16:39,686 INFO trial epoch 3/10 batch 39/66 (59%) running_loss=1.0882
2026-08-15 04:16:45,969 INFO trial epoch 3/10 batch 52/66 (79%) running_loss=1.0882
2026-08-15 04:16:52,253 INFO trial epoch 3/10 batch 65/66 (98%) running_loss=1.0777
2026-08-15 04:16:52,559 INFO trial epoch 3/10 batch 66/66 (100%) running_loss=1.0764
2026-08-15 04:16:55,046 INFO trial epoch 3/10 done: train_loss=1.0764 val_macro_auc=0.7568
2026-08-15 04:17:01,723 INFO trial epoch 4/10 batch 13/66 (20%) running_loss=1.0753
2026-08-15 04:17:08,006 INFO trial epoch 4/10 batch 26/66 (39%) running_loss=1.0797
2026-08-15 04:17:14,293 INFO trial epoch 4/10 batch 39/66 (59%) running_loss=1.0623
2026-08-15 04:17:20,575 INFO trial epoch 4/10 batch 52/66 (79%) running_loss=1.0467
2026-08-15 04:17:26,860 INFO trial epoch 4/10 batch 65/66 (98%) running_loss=1.0311
2026-08-15 04:17:27,167 INFO trial epoch 4/10 batch 66/66 (100%) running_loss=1.0307
2026-08-15 04:17:29,626 INFO trial epoch 4/10 done: train_loss=1.0307 val_macro_auc=0.7752
2026-08-15 04:17:36,281 INFO trial epoch 5/10 batch 13/66 (20%) running_loss=0.9904
2026-08-15 04:17:42,568 INFO trial epoch 5/10 batch 26/66 (39%) running_loss=0.9727
2026-08-15 04:17:48,859 INFO trial epoch 5/10 batch 39/66 (59%) running_loss=0.9543
2026-08-15 04:17:55,144 INFO trial epoch 5/10 batch 52/66 (79%) running_loss=0.9471
2026-08-15 04:18:01,428 INFO trial epoch 5/10 batch 65/66 (98%) running_loss=0.9473
2026-08-15 04:18:01,733 INFO trial epoch 5/10 batch 66/66 (100%) running_loss=0.9461
2026-08-15 04:18:04,193 INFO trial epoch 5/10 done: train_loss=0.9461 val_macro_auc=0.7591
2026-08-15 04:18:10,848 INFO trial epoch 6/10 batch 13/66 (20%) running_loss=0.8558
2026-08-15 04:18:17,136 INFO trial epoch 6/10 batch 26/66 (39%) running_loss=0.8895
2026-08-15 04:18:23,426 INFO trial epoch 6/10 batch 39/66 (59%) running_loss=0.8825
2026-08-15 04:18:29,715 INFO trial epoch 6/10 batch 52/66 (79%) running_loss=0.8746
2026-08-15 04:18:36,003 INFO trial epoch 6/10 batch 65/66 (98%) running_loss=0.8594
2026-08-15 04:18:36,307 INFO trial epoch 6/10 batch 66/66 (100%) running_loss=0.8590
2026-08-15 04:18:38,764 INFO trial epoch 6/10 done: train_loss=0.8590 val_macro_auc=0.8189
2026-08-15 04:18:45,437 INFO trial epoch 7/10 batch 13/66 (20%) running_loss=0.7808
2026-08-15 04:18:51,720 INFO trial epoch 7/10 batch 26/66 (39%) running_loss=0.8171
2026-08-15 04:18:58,007 INFO trial epoch 7/10 batch 39/66 (59%) running_loss=0.8198
2026-08-15 04:19:04,293 INFO trial epoch 7/10 batch 52/66 (79%) running_loss=0.8131
2026-08-15 04:19:10,576 INFO trial epoch 7/10 batch 65/66 (98%) running_loss=0.8002
2026-08-15 04:19:10,881 INFO trial epoch 7/10 batch 66/66 (100%) running_loss=0.8001
2026-08-15 04:19:13,342 INFO trial epoch 7/10 done: train_loss=0.8001 val_macro_auc=0.8262
2026-08-15 04:19:19,996 INFO trial epoch 8/10 batch 13/66 (20%) running_loss=0.8470
2026-08-15 04:19:26,278 INFO trial epoch 8/10 batch 26/66 (39%) running_loss=0.8381
2026-08-15 04:19:32,566 INFO trial epoch 8/10 batch 39/66 (59%) running_loss=0.8051
2026-08-15 04:19:38,852 INFO trial epoch 8/10 batch 52/66 (79%) running_loss=0.8021
2026-08-15 04:19:45,135 INFO trial epoch 8/10 batch 65/66 (98%) running_loss=0.7913
2026-08-15 04:19:45,440 INFO trial epoch 8/10 batch 66/66 (100%) running_loss=0.7914
2026-08-15 04:19:47,886 INFO trial epoch 8/10 done: train_loss=0.7914 val_macro_auc=0.8197
2026-08-15 04:19:54,554 INFO trial epoch 9/10 batch 13/66 (20%) running_loss=0.7544
2026-08-15 04:20:00,836 INFO trial epoch 9/10 batch 26/66 (39%) running_loss=0.7540
2026-08-15 04:20:07,122 INFO trial epoch 9/10 batch 39/66 (59%) running_loss=0.7476
2026-08-15 04:20:13,409 INFO trial epoch 9/10 batch 52/66 (79%) running_loss=0.7363
2026-08-15 04:20:19,700 INFO trial epoch 9/10 batch 65/66 (98%) running_loss=0.7496
2026-08-15 04:20:20,006 INFO trial epoch 9/10 batch 66/66 (100%) running_loss=0.7495
2026-08-15 04:20:22,481 INFO trial epoch 9/10 done: train_loss=0.7495 val_macro_auc=0.7821
2026-08-15 04:20:29,141 INFO trial epoch 10/10 batch 13/66 (20%) running_loss=0.7952
2026-08-15 04:20:35,427 INFO trial epoch 10/10 batch 26/66 (39%) running_loss=0.7531
2026-08-15 04:20:41,716 INFO trial epoch 10/10 batch 39/66 (59%) running_loss=0.7596
2026-08-15 04:20:48,001 INFO trial epoch 10/10 batch 52/66 (79%) running_loss=0.7493
2026-08-15 04:20:54,286 INFO trial epoch 10/10 batch 65/66 (98%) running_loss=0.7497
2026-08-15 04:20:54,592 INFO trial epoch 10/10 batch 66/66 (100%) running_loss=0.7487
2026-08-15 04:20:57,042 INFO trial epoch 10/10 done: train_loss=0.7487 val_macro_auc=0.8132
2026-08-15 04:20:57,191 INFO Trial 2/25: finished val_macro_auc=0.8050 (best so far: 0.8408)
2026-08-15 04:20:57,194 INFO Trial 3/25: starting (ops=random_resized_crop+brightness, 10 trial epochs)
2026-08-15 04:21:04,023 INFO trial epoch 1/10 batch 13/66 (20%) running_loss=1.1876
2026-08-15 04:21:10,309 INFO trial epoch 1/10 batch 26/66 (39%) running_loss=1.2389
2026-08-15 04:21:16,597 INFO trial epoch 1/10 batch 39/66 (59%) running_loss=1.2421
2026-08-15 04:21:22,887 INFO trial epoch 1/10 batch 52/66 (79%) running_loss=1.2348
2026-08-15 04:21:29,176 INFO trial epoch 1/10 batch 65/66 (98%) running_loss=1.2216
2026-08-15 04:21:29,482 INFO trial epoch 1/10 batch 66/66 (100%) running_loss=1.2208
2026-08-15 04:21:31,946 INFO trial epoch 1/10 done: train_loss=1.2208 val_macro_auc=0.7296
2026-08-15 04:21:38,619 INFO trial epoch 2/10 batch 13/66 (20%) running_loss=1.1561
2026-08-15 04:21:44,909 INFO trial epoch 2/10 batch 26/66 (39%) running_loss=1.1309
2026-08-15 04:21:51,200 INFO trial epoch 2/10 batch 39/66 (59%) running_loss=1.1067
2026-08-15 04:21:57,488 INFO trial epoch 2/10 batch 52/66 (79%) running_loss=1.0792
2026-08-15 04:22:03,778 INFO trial epoch 2/10 batch 65/66 (98%) running_loss=1.0732
2026-08-15 04:22:04,082 INFO trial epoch 2/10 batch 66/66 (100%) running_loss=1.0729
2026-08-15 04:22:06,539 INFO trial epoch 2/10 done: train_loss=1.0729 val_macro_auc=0.7322
2026-08-15 04:22:13,221 INFO trial epoch 3/10 batch 13/66 (20%) running_loss=1.0287
2026-08-15 04:22:19,626 INFO trial epoch 3/10 batch 26/66 (39%) running_loss=1.0248
2026-08-15 04:22:25,911 INFO trial epoch 3/10 batch 39/66 (59%) running_loss=1.0080
2026-08-15 04:22:32,193 INFO trial epoch 3/10 batch 52/66 (79%) running_loss=0.9998
2026-08-15 04:22:38,475 INFO trial epoch 3/10 batch 65/66 (98%) running_loss=0.9929
2026-08-15 04:22:38,780 INFO trial epoch 3/10 batch 66/66 (100%) running_loss=0.9919
2026-08-15 04:22:41,239 INFO trial epoch 3/10 done: train_loss=0.9919 val_macro_auc=0.7356
2026-08-15 04:22:47,905 INFO trial epoch 4/10 batch 13/66 (20%) running_loss=0.9242
2026-08-15 04:22:54,199 INFO trial epoch 4/10 batch 26/66 (39%) running_loss=0.9610
2026-08-15 04:23:00,483 INFO trial epoch 4/10 batch 39/66 (59%) running_loss=0.9538
2026-08-15 04:23:06,768 INFO trial epoch 4/10 batch 52/66 (79%) running_loss=0.9440
2026-08-15 04:23:13,051 INFO trial epoch 4/10 batch 65/66 (98%) running_loss=0.9342
2026-08-15 04:23:13,356 INFO trial epoch 4/10 batch 66/66 (100%) running_loss=0.9335
2026-08-15 04:23:15,810 INFO trial epoch 4/10 done: train_loss=0.9335 val_macro_auc=0.7627
2026-08-15 04:23:22,487 INFO trial epoch 5/10 batch 13/66 (20%) running_loss=0.9043
2026-08-15 04:23:28,768 INFO trial epoch 5/10 batch 26/66 (39%) running_loss=0.8546
2026-08-15 04:23:35,054 INFO trial epoch 5/10 batch 39/66 (59%) running_loss=0.8749
2026-08-15 04:23:41,334 INFO trial epoch 5/10 batch 52/66 (79%) running_loss=0.8835
2026-08-15 04:23:47,616 INFO trial epoch 5/10 batch 65/66 (98%) running_loss=0.8814
2026-08-15 04:23:47,921 INFO trial epoch 5/10 batch 66/66 (100%) running_loss=0.8813
2026-08-15 04:23:50,386 INFO trial epoch 5/10 done: train_loss=0.8813 val_macro_auc=0.7976
2026-08-15 04:23:57,047 INFO trial epoch 6/10 batch 13/66 (20%) running_loss=0.8353
2026-08-15 04:24:03,335 INFO trial epoch 6/10 batch 26/66 (39%) running_loss=0.8171
2026-08-15 04:24:09,620 INFO trial epoch 6/10 batch 39/66 (59%) running_loss=0.8041
2026-08-15 04:24:15,914 INFO trial epoch 6/10 batch 52/66 (79%) running_loss=0.8044
2026-08-15 04:24:22,204 INFO trial epoch 6/10 batch 65/66 (98%) running_loss=0.8100
2026-08-15 04:24:22,510 INFO trial epoch 6/10 batch 66/66 (100%) running_loss=0.8115
2026-08-15 04:24:24,979 INFO trial epoch 6/10 done: train_loss=0.8115 val_macro_auc=0.7119
2026-08-15 04:24:31,656 INFO trial epoch 7/10 batch 13/66 (20%) running_loss=0.8892
2026-08-15 04:24:37,944 INFO trial epoch 7/10 batch 26/66 (39%) running_loss=0.8484
2026-08-15 04:24:44,232 INFO trial epoch 7/10 batch 39/66 (59%) running_loss=0.8340
2026-08-15 04:24:50,519 INFO trial epoch 7/10 batch 52/66 (79%) running_loss=0.8288
2026-08-15 04:24:56,810 INFO trial epoch 7/10 batch 65/66 (98%) running_loss=0.8186
2026-08-15 04:24:57,116 INFO trial epoch 7/10 batch 66/66 (100%) running_loss=0.8179
2026-08-15 04:24:59,571 INFO trial epoch 7/10 done: train_loss=0.8179 val_macro_auc=0.8118
2026-08-15 04:25:06,244 INFO trial epoch 8/10 batch 13/66 (20%) running_loss=0.7456
2026-08-15 04:25:12,535 INFO trial epoch 8/10 batch 26/66 (39%) running_loss=0.7579
2026-08-15 04:25:18,818 INFO trial epoch 8/10 batch 39/66 (59%) running_loss=0.7549
2026-08-15 04:25:25,103 INFO trial epoch 8/10 batch 52/66 (79%) running_loss=0.7536
2026-08-15 04:25:31,387 INFO trial epoch 8/10 batch 65/66 (98%) running_loss=0.7555
2026-08-15 04:25:31,693 INFO trial epoch 8/10 batch 66/66 (100%) running_loss=0.7533
2026-08-15 04:25:34,145 INFO trial epoch 8/10 done: train_loss=0.7533 val_macro_auc=0.7681
2026-08-15 04:25:40,819 INFO trial epoch 9/10 batch 13/66 (20%) running_loss=0.7538
2026-08-15 04:25:47,106 INFO trial epoch 9/10 batch 26/66 (39%) running_loss=0.7640
2026-08-15 04:25:53,395 INFO trial epoch 9/10 batch 39/66 (59%) running_loss=0.7634
2026-08-15 04:25:59,675 INFO trial epoch 9/10 batch 52/66 (79%) running_loss=0.7406
2026-08-15 04:26:05,959 INFO trial epoch 9/10 batch 65/66 (98%) running_loss=0.7370
2026-08-15 04:26:06,264 INFO trial epoch 9/10 batch 66/66 (100%) running_loss=0.7371
2026-08-15 04:26:08,728 INFO trial epoch 9/10 done: train_loss=0.7371 val_macro_auc=0.8218
2026-08-15 04:26:15,402 INFO trial epoch 10/10 batch 13/66 (20%) running_loss=0.6709
2026-08-15 04:26:21,687 INFO trial epoch 10/10 batch 26/66 (39%) running_loss=0.6977
2026-08-15 04:26:27,973 INFO trial epoch 10/10 batch 39/66 (59%) running_loss=0.7069
2026-08-15 04:26:34,265 INFO trial epoch 10/10 batch 52/66 (79%) running_loss=0.7141
2026-08-15 04:26:40,551 INFO trial epoch 10/10 batch 65/66 (98%) running_loss=0.7146
2026-08-15 04:26:40,857 INFO trial epoch 10/10 batch 66/66 (100%) running_loss=0.7151
2026-08-15 04:26:43,320 INFO trial epoch 10/10 done: train_loss=0.7151 val_macro_auc=0.8204
2026-08-15 04:26:43,466 INFO Trial 3/25: finished val_macro_auc=0.8034 (best so far: 0.8408)
2026-08-15 04:26:43,469 INFO Trial 4/25: starting (ops=horizontal_flip+random_resized_crop, 10 trial epochs)
2026-08-15 04:26:50,307 INFO trial epoch 1/10 batch 13/66 (20%) running_loss=1.1649
2026-08-15 04:26:56,601 INFO trial epoch 1/10 batch 26/66 (39%) running_loss=1.1680
2026-08-15 04:27:02,894 INFO trial epoch 1/10 batch 39/66 (59%) running_loss=1.1443
2026-08-15 04:27:09,184 INFO trial epoch 1/10 batch 52/66 (79%) running_loss=1.1321
2026-08-15 04:27:15,474 INFO trial epoch 1/10 batch 65/66 (98%) running_loss=1.1291
2026-08-15 04:27:15,779 INFO trial epoch 1/10 batch 66/66 (100%) running_loss=1.1291
2026-08-15 04:27:18,256 INFO trial epoch 1/10 done: train_loss=1.1291 val_macro_auc=0.6527
2026-08-15 04:27:24,920 INFO trial epoch 2/10 batch 13/66 (20%) running_loss=1.1134
2026-08-15 04:27:31,210 INFO trial epoch 2/10 batch 26/66 (39%) running_loss=1.1079
2026-08-15 04:27:37,495 INFO trial epoch 2/10 batch 39/66 (59%) running_loss=1.0878
2026-08-15 04:27:43,784 INFO trial epoch 2/10 batch 52/66 (79%) running_loss=1.0709
2026-08-15 04:27:50,077 INFO trial epoch 2/10 batch 65/66 (98%) running_loss=1.0685
2026-08-15 04:27:50,383 INFO trial epoch 2/10 batch 66/66 (100%) running_loss=1.0690
2026-08-15 04:27:52,837 INFO trial epoch 2/10 done: train_loss=1.0690 val_macro_auc=0.6711
2026-08-15 04:27:59,507 INFO trial epoch 3/10 batch 13/66 (20%) running_loss=1.0989
2026-08-15 04:28:05,913 INFO trial epoch 3/10 batch 26/66 (39%) running_loss=1.0646
2026-08-15 04:28:12,206 INFO trial epoch 3/10 batch 39/66 (59%) running_loss=1.0479
2026-08-15 04:28:18,500 INFO trial epoch 3/10 batch 52/66 (79%) running_loss=1.0413
2026-08-15 04:28:24,789 INFO trial epoch 3/10 batch 65/66 (98%) running_loss=1.0403
2026-08-15 04:28:25,096 INFO trial epoch 3/10 batch 66/66 (100%) running_loss=1.0392
2026-08-15 04:28:27,581 INFO trial epoch 3/10 done: train_loss=1.0392 val_macro_auc=0.7612
2026-08-15 04:28:34,248 INFO trial epoch 4/10 batch 13/66 (20%) running_loss=0.9451
2026-08-15 04:28:40,540 INFO trial epoch 4/10 batch 26/66 (39%) running_loss=0.9498
2026-08-15 04:28:46,833 INFO trial epoch 4/10 batch 39/66 (59%) running_loss=0.9524
2026-08-15 04:28:53,121 INFO trial epoch 4/10 batch 52/66 (79%) running_loss=0.9453
2026-08-15 04:28:59,409 INFO trial epoch 4/10 batch 65/66 (98%) running_loss=0.9468
2026-08-15 04:28:59,714 INFO trial epoch 4/10 batch 66/66 (100%) running_loss=0.9464
2026-08-15 04:29:02,179 INFO trial epoch 4/10 done: train_loss=0.9464 val_macro_auc=0.7856
2026-08-15 04:29:08,861 INFO trial epoch 5/10 batch 13/66 (20%) running_loss=0.9273
2026-08-15 04:29:15,149 INFO trial epoch 5/10 batch 26/66 (39%) running_loss=0.8950
2026-08-15 04:29:21,430 INFO trial epoch 5/10 batch 39/66 (59%) running_loss=0.8843
2026-08-15 04:29:27,714 INFO trial epoch 5/10 batch 52/66 (79%) running_loss=0.8931
2026-08-15 04:29:33,996 INFO trial epoch 5/10 batch 65/66 (98%) running_loss=0.8786
2026-08-15 04:29:34,303 INFO trial epoch 5/10 batch 66/66 (100%) running_loss=0.8797
2026-08-15 04:29:36,759 INFO trial epoch 5/10 done: train_loss=0.8797 val_macro_auc=0.7719
2026-08-15 04:29:43,430 INFO trial epoch 6/10 batch 13/66 (20%) running_loss=0.8178
2026-08-15 04:29:49,712 INFO trial epoch 6/10 batch 26/66 (39%) running_loss=0.8168
2026-08-15 04:29:55,998 INFO trial epoch 6/10 batch 39/66 (59%) running_loss=0.8115
2026-08-15 04:30:02,284 INFO trial epoch 6/10 batch 52/66 (79%) running_loss=0.8206
2026-08-15 04:30:08,569 INFO trial epoch 6/10 batch 65/66 (98%) running_loss=0.8175
2026-08-15 04:30:08,874 INFO trial epoch 6/10 batch 66/66 (100%) running_loss=0.8150
2026-08-15 04:30:11,339 INFO trial epoch 6/10 done: train_loss=0.8150 val_macro_auc=0.7728
2026-08-15 04:30:18,020 INFO trial epoch 7/10 batch 13/66 (20%) running_loss=0.7578
2026-08-15 04:30:24,303 INFO trial epoch 7/10 batch 26/66 (39%) running_loss=0.7795
2026-08-15 04:30:30,587 INFO trial epoch 7/10 batch 39/66 (59%) running_loss=0.7813
2026-08-15 04:30:36,878 INFO trial epoch 7/10 batch 52/66 (79%) running_loss=0.7842
2026-08-15 04:30:43,171 INFO trial epoch 7/10 batch 65/66 (98%) running_loss=0.7953
2026-08-15 04:30:43,479 INFO trial epoch 7/10 batch 66/66 (100%) running_loss=0.7954
2026-08-15 04:30:45,958 INFO trial epoch 7/10 done: train_loss=0.7954 val_macro_auc=0.8114
2026-08-15 04:30:52,625 INFO trial epoch 8/10 batch 13/66 (20%) running_loss=0.8098
2026-08-15 04:30:58,916 INFO trial epoch 8/10 batch 26/66 (39%) running_loss=0.7823
2026-08-15 04:31:05,202 INFO trial epoch 8/10 batch 39/66 (59%) running_loss=0.7628
2026-08-15 04:31:11,487 INFO trial epoch 8/10 batch 52/66 (79%) running_loss=0.7624
2026-08-15 04:31:17,774 INFO trial epoch 8/10 batch 65/66 (98%) running_loss=0.7583
2026-08-15 04:31:18,080 INFO trial epoch 8/10 batch 66/66 (100%) running_loss=0.7567
2026-08-15 04:31:20,533 INFO trial epoch 8/10 done: train_loss=0.7567 val_macro_auc=0.8266
2026-08-15 04:31:27,200 INFO trial epoch 9/10 batch 13/66 (20%) running_loss=0.7756
2026-08-15 04:31:33,490 INFO trial epoch 9/10 batch 26/66 (39%) running_loss=0.7515
2026-08-15 04:31:39,777 INFO trial epoch 9/10 batch 39/66 (59%) running_loss=0.7412
2026-08-15 04:31:46,066 INFO trial epoch 9/10 batch 52/66 (79%) running_loss=0.7386
2026-08-15 04:31:52,352 INFO trial epoch 9/10 batch 65/66 (98%) running_loss=0.7359
2026-08-15 04:31:52,657 INFO trial epoch 9/10 batch 66/66 (100%) running_loss=0.7373
2026-08-15 04:31:55,126 INFO trial epoch 9/10 done: train_loss=0.7373 val_macro_auc=0.8151
2026-08-15 04:32:01,796 INFO trial epoch 10/10 batch 13/66 (20%) running_loss=0.7241
2026-08-15 04:32:08,081 INFO trial epoch 10/10 batch 26/66 (39%) running_loss=0.7317
2026-08-15 04:32:14,374 INFO trial epoch 10/10 batch 39/66 (59%) running_loss=0.7341
2026-08-15 04:32:20,659 INFO trial epoch 10/10 batch 52/66 (79%) running_loss=0.7417
2026-08-15 04:32:26,953 INFO trial epoch 10/10 batch 65/66 (98%) running_loss=0.7231
2026-08-15 04:32:27,258 INFO trial epoch 10/10 batch 66/66 (100%) running_loss=0.7224
2026-08-15 04:32:29,718 INFO trial epoch 10/10 done: train_loss=0.7224 val_macro_auc=0.8098
2026-08-15 04:32:29,868 INFO Trial 4/25: finished val_macro_auc=0.8172 (best so far: 0.8408)
2026-08-15 04:32:29,870 INFO Trial 5/25: starting (ops=brightness+rotation, 10 trial epochs)
2026-08-15 04:32:36,690 INFO trial epoch 1/10 batch 13/66 (20%) running_loss=1.1983
2026-08-15 04:32:42,987 INFO trial epoch 1/10 batch 26/66 (39%) running_loss=1.2106
2026-08-15 04:32:49,276 INFO trial epoch 1/10 batch 39/66 (59%) running_loss=1.1925
2026-08-15 04:32:55,565 INFO trial epoch 1/10 batch 52/66 (79%) running_loss=1.1819
2026-08-15 04:33:01,856 INFO trial epoch 1/10 batch 65/66 (98%) running_loss=1.1738
2026-08-15 04:33:02,163 INFO trial epoch 1/10 batch 66/66 (100%) running_loss=1.1715
2026-08-15 04:33:04,630 INFO trial epoch 1/10 done: train_loss=1.1715 val_macro_auc=0.6293
2026-08-15 04:33:11,299 INFO trial epoch 2/10 batch 13/66 (20%) running_loss=1.1260
2026-08-15 04:33:17,582 INFO trial epoch 2/10 batch 26/66 (39%) running_loss=1.1312
2026-08-15 04:33:23,872 INFO trial epoch 2/10 batch 39/66 (59%) running_loss=1.1293
2026-08-15 04:33:30,156 INFO trial epoch 2/10 batch 52/66 (79%) running_loss=1.1193
2026-08-15 04:33:36,445 INFO trial epoch 2/10 batch 65/66 (98%) running_loss=1.1151
2026-08-15 04:33:36,751 INFO trial epoch 2/10 batch 66/66 (100%) running_loss=1.1144
2026-08-15 04:33:39,214 INFO trial epoch 2/10 done: train_loss=1.1144 val_macro_auc=0.6590
2026-08-15 04:33:45,869 INFO trial epoch 3/10 batch 13/66 (20%) running_loss=1.0462
2026-08-15 04:33:52,265 INFO trial epoch 3/10 batch 26/66 (39%) running_loss=1.0562
2026-08-15 04:33:58,558 INFO trial epoch 3/10 batch 39/66 (59%) running_loss=1.0407
2026-08-15 04:34:04,842 INFO trial epoch 3/10 batch 52/66 (79%) running_loss=1.0206
2026-08-15 04:34:11,121 INFO trial epoch 3/10 batch 65/66 (98%) running_loss=1.0179
2026-08-15 04:34:11,426 INFO trial epoch 3/10 batch 66/66 (100%) running_loss=1.0174
2026-08-15 04:34:13,896 INFO trial epoch 3/10 done: train_loss=1.0174 val_macro_auc=0.7709
2026-08-15 04:34:20,547 INFO trial epoch 4/10 batch 13/66 (20%) running_loss=0.9814
2026-08-15 04:34:26,833 INFO trial epoch 4/10 batch 26/66 (39%) running_loss=0.9637
2026-08-15 04:34:33,108 INFO trial epoch 4/10 batch 39/66 (59%) running_loss=0.9449
2026-08-15 04:34:39,395 INFO trial epoch 4/10 batch 52/66 (79%) running_loss=0.9345
2026-08-15 04:34:45,676 INFO trial epoch 4/10 batch 65/66 (98%) running_loss=0.9279
2026-08-15 04:34:45,982 INFO trial epoch 4/10 batch 66/66 (100%) running_loss=0.9292
2026-08-15 04:34:48,449 INFO trial epoch 4/10 done: train_loss=0.9292 val_macro_auc=0.7768
2026-08-15 04:34:55,107 INFO trial epoch 5/10 batch 13/66 (20%) running_loss=0.8831
2026-08-15 04:35:01,386 INFO trial epoch 5/10 batch 26/66 (39%) running_loss=0.8720
2026-08-15 04:35:07,670 INFO trial epoch 5/10 batch 39/66 (59%) running_loss=0.8966
2026-08-15 04:35:13,953 INFO trial epoch 5/10 batch 52/66 (79%) running_loss=0.8959
2026-08-15 04:35:20,237 INFO trial epoch 5/10 batch 65/66 (98%) running_loss=0.8888
2026-08-15 04:35:20,542 INFO trial epoch 5/10 batch 66/66 (100%) running_loss=0.8887
2026-08-15 04:35:23,010 INFO trial epoch 5/10 done: train_loss=0.8887 val_macro_auc=0.7898
2026-08-15 04:35:29,665 INFO trial epoch 6/10 batch 13/66 (20%) running_loss=0.8286
2026-08-15 04:35:35,953 INFO trial epoch 6/10 batch 26/66 (39%) running_loss=0.8147
2026-08-15 04:35:42,236 INFO trial epoch 6/10 batch 39/66 (59%) running_loss=0.8428
2026-08-15 04:35:48,519 INFO trial epoch 6/10 batch 52/66 (79%) running_loss=0.8414
2026-08-15 04:35:54,803 INFO trial epoch 6/10 batch 65/66 (98%) running_loss=0.8363
2026-08-15 04:35:55,109 INFO trial epoch 6/10 batch 66/66 (100%) running_loss=0.8380
2026-08-15 04:35:57,578 INFO trial epoch 6/10 done: train_loss=0.8380 val_macro_auc=0.8032
2026-08-15 04:36:04,231 INFO trial epoch 7/10 batch 13/66 (20%) running_loss=0.7563
2026-08-15 04:36:10,523 INFO trial epoch 7/10 batch 26/66 (39%) running_loss=0.7687
2026-08-15 04:36:16,803 INFO trial epoch 7/10 batch 39/66 (59%) running_loss=0.7698
2026-08-15 04:36:23,094 INFO trial epoch 7/10 batch 52/66 (79%) running_loss=0.7691
2026-08-15 04:36:29,379 INFO trial epoch 7/10 batch 65/66 (98%) running_loss=0.7814
2026-08-15 04:36:29,684 INFO trial epoch 7/10 batch 66/66 (100%) running_loss=0.7789
2026-08-15 04:36:32,147 INFO trial epoch 7/10 done: train_loss=0.7789 val_macro_auc=0.8355
2026-08-15 04:36:38,810 INFO trial epoch 8/10 batch 13/66 (20%) running_loss=0.7384
2026-08-15 04:36:45,099 INFO trial epoch 8/10 batch 26/66 (39%) running_loss=0.7363
2026-08-15 04:36:51,381 INFO trial epoch 8/10 batch 39/66 (59%) running_loss=0.7429
2026-08-15 04:36:57,663 INFO trial epoch 8/10 batch 52/66 (79%) running_loss=0.7483
2026-08-15 04:37:03,951 INFO trial epoch 8/10 batch 65/66 (98%) running_loss=0.7523
2026-08-15 04:37:04,256 INFO trial epoch 8/10 batch 66/66 (100%) running_loss=0.7503
2026-08-15 04:37:06,730 INFO trial epoch 8/10 done: train_loss=0.7503 val_macro_auc=0.7939
2026-08-15 04:37:13,387 INFO trial epoch 9/10 batch 13/66 (20%) running_loss=0.7094
2026-08-15 04:37:19,672 INFO trial epoch 9/10 batch 26/66 (39%) running_loss=0.7135
2026-08-15 04:37:25,953 INFO trial epoch 9/10 batch 39/66 (59%) running_loss=0.7253
2026-08-15 04:37:32,238 INFO trial epoch 9/10 batch 52/66 (79%) running_loss=0.7212
2026-08-15 04:37:38,528 INFO trial epoch 9/10 batch 65/66 (98%) running_loss=0.7246
2026-08-15 04:37:38,833 INFO trial epoch 9/10 batch 66/66 (100%) running_loss=0.7242
2026-08-15 04:37:41,313 INFO trial epoch 9/10 done: train_loss=0.7242 val_macro_auc=0.8202
2026-08-15 04:37:47,971 INFO trial epoch 10/10 batch 13/66 (20%) running_loss=0.6811
2026-08-15 04:37:54,256 INFO trial epoch 10/10 batch 26/66 (39%) running_loss=0.7280
2026-08-15 04:38:00,543 INFO trial epoch 10/10 batch 39/66 (59%) running_loss=0.7175
2026-08-15 04:38:06,829 INFO trial epoch 10/10 batch 52/66 (79%) running_loss=0.7113
2026-08-15 04:38:13,112 INFO trial epoch 10/10 batch 65/66 (98%) running_loss=0.7148
2026-08-15 04:38:13,416 INFO trial epoch 10/10 batch 66/66 (100%) running_loss=0.7159
2026-08-15 04:38:15,889 INFO trial epoch 10/10 done: train_loss=0.7159 val_macro_auc=0.8337
2026-08-15 04:38:16,034 INFO Trial 5/25: finished val_macro_auc=0.8159 (best so far: 0.8408)
2026-08-15 04:38:16,039 INFO Trial 6/25: starting (ops=random_erasing+horizontal_flip, 10 trial epochs)
2026-08-15 04:38:22,869 INFO trial epoch 1/10 batch 13/66 (20%) running_loss=1.1600
2026-08-15 04:38:29,159 INFO trial epoch 1/10 batch 26/66 (39%) running_loss=1.1903
2026-08-15 04:38:35,450 INFO trial epoch 1/10 batch 39/66 (59%) running_loss=1.1499
2026-08-15 04:38:41,741 INFO trial epoch 1/10 batch 52/66 (79%) running_loss=1.1499
2026-08-15 04:38:48,037 INFO trial epoch 1/10 batch 65/66 (98%) running_loss=1.1371
2026-08-15 04:38:48,344 INFO trial epoch 1/10 batch 66/66 (100%) running_loss=1.1378
2026-08-15 04:38:50,821 INFO trial epoch 1/10 done: train_loss=1.1378 val_macro_auc=0.6784
2026-08-15 04:38:57,490 INFO trial epoch 2/10 batch 13/66 (20%) running_loss=1.0796
2026-08-15 04:39:03,784 INFO trial epoch 2/10 batch 26/66 (39%) running_loss=1.0575
2026-08-15 04:39:10,072 INFO trial epoch 2/10 batch 39/66 (59%) running_loss=1.0435
2026-08-15 04:39:16,357 INFO trial epoch 2/10 batch 52/66 (79%) running_loss=1.0254
2026-08-15 04:39:22,642 INFO trial epoch 2/10 batch 65/66 (98%) running_loss=1.0329
2026-08-15 04:39:22,947 INFO trial epoch 2/10 batch 66/66 (100%) running_loss=1.0333
2026-08-15 04:39:25,422 INFO trial epoch 2/10 done: train_loss=1.0333 val_macro_auc=0.7649
2026-08-15 04:39:32,069 INFO trial epoch 3/10 batch 13/66 (20%) running_loss=1.0086
2026-08-15 04:39:38,470 INFO trial epoch 3/10 batch 26/66 (39%) running_loss=0.9914
2026-08-15 04:39:44,765 INFO trial epoch 3/10 batch 39/66 (59%) running_loss=0.9690
2026-08-15 04:39:51,051 INFO trial epoch 3/10 batch 52/66 (79%) running_loss=0.9558
2026-08-15 04:39:57,343 INFO trial epoch 3/10 batch 65/66 (98%) running_loss=0.9496
2026-08-15 04:39:57,649 INFO trial epoch 3/10 batch 66/66 (100%) running_loss=0.9505
2026-08-15 04:40:00,129 INFO trial epoch 3/10 done: train_loss=0.9505 val_macro_auc=0.7589
2026-08-15 04:40:06,782 INFO trial epoch 4/10 batch 13/66 (20%) running_loss=0.8649
2026-08-15 04:40:13,068 INFO trial epoch 4/10 batch 26/66 (39%) running_loss=0.8643
2026-08-15 04:40:19,359 INFO trial epoch 4/10 batch 39/66 (59%) running_loss=0.8604
2026-08-15 04:40:25,651 INFO trial epoch 4/10 batch 52/66 (79%) running_loss=0.8721
2026-08-15 04:40:31,943 INFO trial epoch 4/10 batch 65/66 (98%) running_loss=0.8665
2026-08-15 04:40:32,250 INFO trial epoch 4/10 batch 66/66 (100%) running_loss=0.8686
2026-08-15 04:40:34,707 INFO trial epoch 4/10 done: train_loss=0.8686 val_macro_auc=0.7617
2026-08-15 04:40:41,364 INFO trial epoch 5/10 batch 13/66 (20%) running_loss=0.9096
2026-08-15 04:40:47,652 INFO trial epoch 5/10 batch 26/66 (39%) running_loss=0.8929
2026-08-15 04:40:53,944 INFO trial epoch 5/10 batch 39/66 (59%) running_loss=0.8603
2026-08-15 04:41:00,232 INFO trial epoch 5/10 batch 52/66 (79%) running_loss=0.8439
2026-08-15 04:41:06,523 INFO trial epoch 5/10 batch 65/66 (98%) running_loss=0.8251
2026-08-15 04:41:06,828 INFO trial epoch 5/10 batch 66/66 (100%) running_loss=0.8246
2026-08-15 04:41:09,286 INFO trial epoch 5/10 done: train_loss=0.8246 val_macro_auc=0.8028
2026-08-15 04:41:15,952 INFO trial epoch 6/10 batch 13/66 (20%) running_loss=0.7483
2026-08-15 04:41:22,241 INFO trial epoch 6/10 batch 26/66 (39%) running_loss=0.7713
2026-08-15 04:41:28,522 INFO trial epoch 6/10 batch 39/66 (59%) running_loss=0.7932
2026-08-15 04:41:34,811 INFO trial epoch 6/10 batch 52/66 (79%) running_loss=0.7793
2026-08-15 04:41:41,098 INFO trial epoch 6/10 batch 65/66 (98%) running_loss=0.7696
2026-08-15 04:41:41,403 INFO trial epoch 6/10 batch 66/66 (100%) running_loss=0.7725
2026-08-15 04:41:43,887 INFO trial epoch 6/10 done: train_loss=0.7725 val_macro_auc=0.8022
2026-08-15 04:41:50,537 INFO trial epoch 7/10 batch 13/66 (20%) running_loss=0.7971
2026-08-15 04:41:56,826 INFO trial epoch 7/10 batch 26/66 (39%) running_loss=0.7634
2026-08-15 04:42:03,110 INFO trial epoch 7/10 batch 39/66 (59%) running_loss=0.7480
2026-08-15 04:42:09,399 INFO trial epoch 7/10 batch 52/66 (79%) running_loss=0.7404
2026-08-15 04:42:15,689 INFO trial epoch 7/10 batch 65/66 (98%) running_loss=0.7338
2026-08-15 04:42:15,995 INFO trial epoch 7/10 batch 66/66 (100%) running_loss=0.7335
2026-08-15 04:42:18,468 INFO trial epoch 7/10 done: train_loss=0.7335 val_macro_auc=0.8083
2026-08-15 04:42:25,120 INFO trial epoch 8/10 batch 13/66 (20%) running_loss=0.7209
2026-08-15 04:42:31,416 INFO trial epoch 8/10 batch 26/66 (39%) running_loss=0.7334
2026-08-15 04:42:37,710 INFO trial epoch 8/10 batch 39/66 (59%) running_loss=0.7188
2026-08-15 04:42:44,001 INFO trial epoch 8/10 batch 52/66 (79%) running_loss=0.7116
2026-08-15 04:42:50,294 INFO trial epoch 8/10 batch 65/66 (98%) running_loss=0.7085
2026-08-15 04:42:50,599 INFO trial epoch 8/10 batch 66/66 (100%) running_loss=0.7072
2026-08-15 04:42:53,058 INFO trial epoch 8/10 done: train_loss=0.7072 val_macro_auc=0.8111
2026-08-15 04:42:59,724 INFO trial epoch 9/10 batch 13/66 (20%) running_loss=0.6915
2026-08-15 04:43:06,009 INFO trial epoch 9/10 batch 26/66 (39%) running_loss=0.6887
2026-08-15 04:43:12,301 INFO trial epoch 9/10 batch 39/66 (59%) running_loss=0.6978
2026-08-15 04:43:18,588 INFO trial epoch 9/10 batch 52/66 (79%) running_loss=0.6869
2026-08-15 04:43:24,874 INFO trial epoch 9/10 batch 65/66 (98%) running_loss=0.6858
2026-08-15 04:43:25,181 INFO trial epoch 9/10 batch 66/66 (100%) running_loss=0.6866
2026-08-15 04:43:27,635 INFO trial epoch 9/10 done: train_loss=0.6866 val_macro_auc=0.8192
2026-08-15 04:43:34,279 INFO trial epoch 10/10 batch 13/66 (20%) running_loss=0.7753
2026-08-15 04:43:40,562 INFO trial epoch 10/10 batch 26/66 (39%) running_loss=0.7112
2026-08-15 04:43:46,851 INFO trial epoch 10/10 batch 39/66 (59%) running_loss=0.6895
2026-08-15 04:43:53,135 INFO trial epoch 10/10 batch 52/66 (79%) running_loss=0.6800
2026-08-15 04:43:59,427 INFO trial epoch 10/10 batch 65/66 (98%) running_loss=0.6860
2026-08-15 04:43:59,734 INFO trial epoch 10/10 batch 66/66 (100%) running_loss=0.6868
2026-08-15 04:44:02,205 INFO trial epoch 10/10 done: train_loss=0.6868 val_macro_auc=0.8231
2026-08-15 04:44:02,352 INFO Trial 6/25: finished val_macro_auc=0.8178 (best so far: 0.8408)
2026-08-15 04:44:02,355 INFO Trial 7/25: starting (ops=brightness+random_resized_crop, 10 trial epochs)
2026-08-15 04:44:09,205 INFO trial epoch 1/10 batch 13/66 (20%) running_loss=1.1966
2026-08-15 04:44:15,506 INFO trial epoch 1/10 batch 26/66 (39%) running_loss=1.2137
2026-08-15 04:44:21,807 INFO trial epoch 1/10 batch 39/66 (59%) running_loss=1.2216
2026-08-15 04:44:28,104 INFO trial epoch 1/10 batch 52/66 (79%) running_loss=1.2266
2026-08-15 04:44:34,405 INFO trial epoch 1/10 batch 65/66 (98%) running_loss=1.2059
2026-08-15 04:44:34,711 INFO trial epoch 1/10 batch 66/66 (100%) running_loss=1.2038
2026-08-15 04:44:37,184 INFO trial epoch 1/10 done: train_loss=1.2038 val_macro_auc=0.5296
2026-08-15 04:44:43,853 INFO trial epoch 2/10 batch 13/66 (20%) running_loss=1.2174
2026-08-15 04:44:50,134 INFO trial epoch 2/10 batch 26/66 (39%) running_loss=1.1302
2026-08-15 04:44:56,425 INFO trial epoch 2/10 batch 39/66 (59%) running_loss=1.1190
2026-08-15 04:45:02,711 INFO trial epoch 2/10 batch 52/66 (79%) running_loss=1.1030
2026-08-15 04:45:08,995 INFO trial epoch 2/10 batch 65/66 (98%) running_loss=1.0906
2026-08-15 04:45:09,302 INFO trial epoch 2/10 batch 66/66 (100%) running_loss=1.0893
2026-08-15 04:45:11,762 INFO trial epoch 2/10 done: train_loss=1.0893 val_macro_auc=0.7400
2026-08-15 04:45:18,447 INFO trial epoch 3/10 batch 13/66 (20%) running_loss=1.0488
2026-08-15 04:45:24,843 INFO trial epoch 3/10 batch 26/66 (39%) running_loss=1.0514
2026-08-15 04:45:31,129 INFO trial epoch 3/10 batch 39/66 (59%) running_loss=1.0318
2026-08-15 04:45:37,417 INFO trial epoch 3/10 batch 52/66 (79%) running_loss=1.0200
2026-08-15 04:45:43,704 INFO trial epoch 3/10 batch 65/66 (98%) running_loss=1.0202
2026-08-15 04:45:44,010 INFO trial epoch 3/10 batch 66/66 (100%) running_loss=1.0201
2026-08-15 04:45:46,481 INFO trial epoch 3/10 done: train_loss=1.0201 val_macro_auc=0.7561
2026-08-15 04:45:53,166 INFO trial epoch 4/10 batch 13/66 (20%) running_loss=0.9428
2026-08-15 04:45:59,459 INFO trial epoch 4/10 batch 26/66 (39%) running_loss=0.9422
2026-08-15 04:46:05,751 INFO trial epoch 4/10 batch 39/66 (59%) running_loss=0.9390
2026-08-15 04:46:12,043 INFO trial epoch 4/10 batch 52/66 (79%) running_loss=0.9292
2026-08-15 04:46:18,333 INFO trial epoch 4/10 batch 65/66 (98%) running_loss=0.9264
2026-08-15 04:46:18,638 INFO trial epoch 4/10 batch 66/66 (100%) running_loss=0.9238
2026-08-15 04:46:21,104 INFO trial epoch 4/10 done: train_loss=0.9238 val_macro_auc=0.7847
2026-08-15 04:46:27,776 INFO trial epoch 5/10 batch 13/66 (20%) running_loss=0.9436
2026-08-15 04:46:34,067 INFO trial epoch 5/10 batch 26/66 (39%) running_loss=0.9081
2026-08-15 04:46:40,357 INFO trial epoch 5/10 batch 39/66 (59%) running_loss=0.8926
2026-08-15 04:46:46,641 INFO trial epoch 5/10 batch 52/66 (79%) running_loss=0.8946
2026-08-15 04:46:52,926 INFO trial epoch 5/10 batch 65/66 (98%) running_loss=0.8887
2026-08-15 04:46:53,232 INFO trial epoch 5/10 batch 66/66 (100%) running_loss=0.8878
2026-08-15 04:46:55,698 INFO trial epoch 5/10 done: train_loss=0.8878 val_macro_auc=0.7876
2026-08-15 04:47:02,368 INFO trial epoch 6/10 batch 13/66 (20%) running_loss=0.8520
2026-08-15 04:47:08,654 INFO trial epoch 6/10 batch 26/66 (39%) running_loss=0.8606
2026-08-15 04:47:14,936 INFO trial epoch 6/10 batch 39/66 (59%) running_loss=0.8427
2026-08-15 04:47:21,220 INFO trial epoch 6/10 batch 52/66 (79%) running_loss=0.8398
2026-08-15 04:47:27,503 INFO trial epoch 6/10 batch 65/66 (98%) running_loss=0.8498
2026-08-15 04:47:27,808 INFO trial epoch 6/10 batch 66/66 (100%) running_loss=0.8495
2026-08-15 04:47:30,261 INFO trial epoch 6/10 done: train_loss=0.8495 val_macro_auc=0.7816
2026-08-15 04:47:36,940 INFO trial epoch 7/10 batch 13/66 (20%) running_loss=0.8370
2026-08-15 04:47:43,228 INFO trial epoch 7/10 batch 26/66 (39%) running_loss=0.8325
2026-08-15 04:47:49,515 INFO trial epoch 7/10 batch 39/66 (59%) running_loss=0.8325
2026-08-15 04:47:55,801 INFO trial epoch 7/10 batch 52/66 (79%) running_loss=0.8322
2026-08-15 04:48:02,085 INFO trial epoch 7/10 batch 65/66 (98%) running_loss=0.8332
2026-08-15 04:48:02,393 INFO trial epoch 7/10 batch 66/66 (100%) running_loss=0.8317
2026-08-15 04:48:04,880 INFO trial epoch 7/10 done: train_loss=0.8317 val_macro_auc=0.7873
2026-08-15 04:48:11,545 INFO trial epoch 8/10 batch 13/66 (20%) running_loss=0.7326
2026-08-15 04:48:17,834 INFO trial epoch 8/10 batch 26/66 (39%) running_loss=0.7298
2026-08-15 04:48:24,123 INFO trial epoch 8/10 batch 39/66 (59%) running_loss=0.7486
2026-08-15 04:48:30,416 INFO trial epoch 8/10 batch 52/66 (79%) running_loss=0.7634
2026-08-15 04:48:36,706 INFO trial epoch 8/10 batch 65/66 (98%) running_loss=0.7516
2026-08-15 04:48:37,013 INFO trial epoch 8/10 batch 66/66 (100%) running_loss=0.7523
2026-08-15 04:48:39,477 INFO trial epoch 8/10 done: train_loss=0.7523 val_macro_auc=0.8101
2026-08-15 04:48:46,168 INFO trial epoch 9/10 batch 13/66 (20%) running_loss=0.7911
2026-08-15 04:48:52,448 INFO trial epoch 9/10 batch 26/66 (39%) running_loss=0.7651
2026-08-15 04:48:58,735 INFO trial epoch 9/10 batch 39/66 (59%) running_loss=0.7670
2026-08-15 04:49:05,024 INFO trial epoch 9/10 batch 52/66 (79%) running_loss=0.7599
2026-08-15 04:49:11,305 INFO trial epoch 9/10 batch 65/66 (98%) running_loss=0.7438
2026-08-15 04:49:11,611 INFO trial epoch 9/10 batch 66/66 (100%) running_loss=0.7425
2026-08-15 04:49:14,070 INFO trial epoch 9/10 done: train_loss=0.7425 val_macro_auc=0.8135
2026-08-15 04:49:20,733 INFO trial epoch 10/10 batch 13/66 (20%) running_loss=0.6919
2026-08-15 04:49:27,016 INFO trial epoch 10/10 batch 26/66 (39%) running_loss=0.7118
2026-08-15 04:49:33,290 INFO trial epoch 10/10 batch 39/66 (59%) running_loss=0.7106
2026-08-15 04:49:39,579 INFO trial epoch 10/10 batch 52/66 (79%) running_loss=0.7261
2026-08-15 04:49:45,863 INFO trial epoch 10/10 batch 65/66 (98%) running_loss=0.7189
2026-08-15 04:49:46,171 INFO trial epoch 10/10 batch 66/66 (100%) running_loss=0.7174
2026-08-15 04:49:48,649 INFO trial epoch 10/10 done: train_loss=0.7174 val_macro_auc=0.8180
2026-08-15 04:49:48,793 INFO Trial 7/25: finished val_macro_auc=0.8139 (best so far: 0.8408)
2026-08-15 04:49:48,797 INFO Trial 8/25: starting (ops=brightness+random_resized_crop, 10 trial epochs)
2026-08-15 04:49:55,629 INFO trial epoch 1/10 batch 13/66 (20%) running_loss=1.2703
2026-08-15 04:50:01,920 INFO trial epoch 1/10 batch 26/66 (39%) running_loss=1.2631
2026-08-15 04:50:08,211 INFO trial epoch 1/10 batch 39/66 (59%) running_loss=1.2519
2026-08-15 04:50:14,505 INFO trial epoch 1/10 batch 52/66 (79%) running_loss=1.2210
2026-08-15 04:50:20,792 INFO trial epoch 1/10 batch 65/66 (98%) running_loss=1.2080
2026-08-15 04:50:21,099 INFO trial epoch 1/10 batch 66/66 (100%) running_loss=1.2067
2026-08-15 04:50:23,575 INFO trial epoch 1/10 done: train_loss=1.2067 val_macro_auc=0.5663
2026-08-15 04:50:30,244 INFO trial epoch 2/10 batch 13/66 (20%) running_loss=1.1236
2026-08-15 04:50:36,533 INFO trial epoch 2/10 batch 26/66 (39%) running_loss=1.1197
2026-08-15 04:50:42,823 INFO trial epoch 2/10 batch 39/66 (59%) running_loss=1.1142
2026-08-15 04:50:49,110 INFO trial epoch 2/10 batch 52/66 (79%) running_loss=1.1052
2026-08-15 04:50:55,395 INFO trial epoch 2/10 batch 65/66 (98%) running_loss=1.0866
2026-08-15 04:50:55,700 INFO trial epoch 2/10 batch 66/66 (100%) running_loss=1.0848
2026-08-15 04:50:58,169 INFO trial epoch 2/10 done: train_loss=1.0848 val_macro_auc=0.7502
2026-08-15 04:51:04,835 INFO trial epoch 3/10 batch 13/66 (20%) running_loss=1.0554
2026-08-15 04:51:11,230 INFO trial epoch 3/10 batch 26/66 (39%) running_loss=1.0165
2026-08-15 04:51:17,516 INFO trial epoch 3/10 batch 39/66 (59%) running_loss=0.9979
2026-08-15 04:51:23,792 INFO trial epoch 3/10 batch 52/66 (79%) running_loss=0.9921
2026-08-15 04:51:30,068 INFO trial epoch 3/10 batch 65/66 (98%) running_loss=0.9785
2026-08-15 04:51:30,373 INFO trial epoch 3/10 batch 66/66 (100%) running_loss=0.9801
2026-08-15 04:51:32,830 INFO trial epoch 3/10 done: train_loss=0.9801 val_macro_auc=0.7621
2026-08-15 04:51:39,496 INFO trial epoch 4/10 batch 13/66 (20%) running_loss=0.9195
2026-08-15 04:51:45,778 INFO trial epoch 4/10 batch 26/66 (39%) running_loss=0.9385
2026-08-15 04:51:52,059 INFO trial epoch 4/10 batch 39/66 (59%) running_loss=0.9463
2026-08-15 04:51:58,340 INFO trial epoch 4/10 batch 52/66 (79%) running_loss=0.9430
2026-08-15 04:52:04,631 INFO trial epoch 4/10 batch 65/66 (98%) running_loss=0.9347
2026-08-15 04:52:04,936 INFO trial epoch 4/10 batch 66/66 (100%) running_loss=0.9339
2026-08-15 04:52:07,400 INFO trial epoch 4/10 done: train_loss=0.9339 val_macro_auc=0.7568
2026-08-15 04:52:14,074 INFO trial epoch 5/10 batch 13/66 (20%) running_loss=0.9105
2026-08-15 04:52:20,361 INFO trial epoch 5/10 batch 26/66 (39%) running_loss=0.8939
2026-08-15 04:52:26,649 INFO trial epoch 5/10 batch 39/66 (59%) running_loss=0.8855
2026-08-15 04:52:32,941 INFO trial epoch 5/10 batch 52/66 (79%) running_loss=0.8747
2026-08-15 04:52:39,239 INFO trial epoch 5/10 batch 65/66 (98%) running_loss=0.8774
2026-08-15 04:52:39,545 INFO trial epoch 5/10 batch 66/66 (100%) running_loss=0.8766
2026-08-15 04:52:42,010 INFO trial epoch 5/10 done: train_loss=0.8766 val_macro_auc=0.7601
2026-08-15 04:52:48,681 INFO trial epoch 6/10 batch 13/66 (20%) running_loss=0.8779
2026-08-15 04:52:54,972 INFO trial epoch 6/10 batch 26/66 (39%) running_loss=0.8789
2026-08-15 04:53:01,263 INFO trial epoch 6/10 batch 39/66 (59%) running_loss=0.8697
2026-08-15 04:53:07,551 INFO trial epoch 6/10 batch 52/66 (79%) running_loss=0.8560
2026-08-15 04:53:13,834 INFO trial epoch 6/10 batch 65/66 (98%) running_loss=0.8514
2026-08-15 04:53:14,140 INFO trial epoch 6/10 batch 66/66 (100%) running_loss=0.8491
2026-08-15 04:53:16,600 INFO trial epoch 6/10 done: train_loss=0.8491 val_macro_auc=0.7670
2026-08-15 04:53:23,255 INFO trial epoch 7/10 batch 13/66 (20%) running_loss=0.8091
2026-08-15 04:53:29,539 INFO trial epoch 7/10 batch 26/66 (39%) running_loss=0.8211
2026-08-15 04:53:35,817 INFO trial epoch 7/10 batch 39/66 (59%) running_loss=0.8262
2026-08-15 04:53:42,105 INFO trial epoch 7/10 batch 52/66 (79%) running_loss=0.8138
2026-08-15 04:53:48,388 INFO trial epoch 7/10 batch 65/66 (98%) running_loss=0.8054
2026-08-15 04:53:48,693 INFO trial epoch 7/10 batch 66/66 (100%) running_loss=0.8069
2026-08-15 04:53:51,160 INFO trial epoch 7/10 done: train_loss=0.8069 val_macro_auc=0.8036
2026-08-15 04:53:57,837 INFO trial epoch 8/10 batch 13/66 (20%) running_loss=0.8501
2026-08-15 04:54:04,117 INFO trial epoch 8/10 batch 26/66 (39%) running_loss=0.8217
2026-08-15 04:54:10,397 INFO trial epoch 8/10 batch 39/66 (59%) running_loss=0.8057
2026-08-15 04:54:16,682 INFO trial epoch 8/10 batch 52/66 (79%) running_loss=0.7999
2026-08-15 04:54:22,966 INFO trial epoch 8/10 batch 65/66 (98%) running_loss=0.7855
2026-08-15 04:54:23,270 INFO trial epoch 8/10 batch 66/66 (100%) running_loss=0.7836
2026-08-15 04:54:25,733 INFO trial epoch 8/10 done: train_loss=0.7836 val_macro_auc=0.7924
2026-08-15 04:54:32,395 INFO trial epoch 9/10 batch 13/66 (20%) running_loss=0.8178
2026-08-15 04:54:38,680 INFO trial epoch 9/10 batch 26/66 (39%) running_loss=0.7644
2026-08-15 04:54:44,968 INFO trial epoch 9/10 batch 39/66 (59%) running_loss=0.7510
2026-08-15 04:54:51,259 INFO trial epoch 9/10 batch 52/66 (79%) running_loss=0.7499
2026-08-15 04:54:57,546 INFO trial epoch 9/10 batch 65/66 (98%) running_loss=0.7458
2026-08-15 04:54:57,852 INFO trial epoch 9/10 batch 66/66 (100%) running_loss=0.7486
2026-08-15 04:55:00,308 INFO trial epoch 9/10 done: train_loss=0.7486 val_macro_auc=0.8057
2026-08-15 04:55:06,973 INFO trial epoch 10/10 batch 13/66 (20%) running_loss=0.7380
2026-08-15 04:55:13,255 INFO trial epoch 10/10 batch 26/66 (39%) running_loss=0.7549
2026-08-15 04:55:19,546 INFO trial epoch 10/10 batch 39/66 (59%) running_loss=0.7536
2026-08-15 04:55:25,832 INFO trial epoch 10/10 batch 52/66 (79%) running_loss=0.7387
2026-08-15 04:55:32,119 INFO trial epoch 10/10 batch 65/66 (98%) running_loss=0.7376
2026-08-15 04:55:32,425 INFO trial epoch 10/10 batch 66/66 (100%) running_loss=0.7427
2026-08-15 04:55:34,906 INFO trial epoch 10/10 done: train_loss=0.7427 val_macro_auc=0.8110
2026-08-15 04:55:35,054 INFO Trial 8/25: finished val_macro_auc=0.8030 (best so far: 0.8408)
2026-08-15 04:55:35,057 INFO Trial 9/25: starting (ops=horizontal_flip+rotation, 10 trial epochs)
2026-08-15 04:55:41,876 INFO trial epoch 1/10 batch 13/66 (20%) running_loss=1.1385
2026-08-15 04:55:48,168 INFO trial epoch 1/10 batch 26/66 (39%) running_loss=1.1514
2026-08-15 04:55:54,450 INFO trial epoch 1/10 batch 39/66 (59%) running_loss=1.1524
2026-08-15 04:56:00,741 INFO trial epoch 1/10 batch 52/66 (79%) running_loss=1.1456
2026-08-15 04:56:07,032 INFO trial epoch 1/10 batch 65/66 (98%) running_loss=1.1401
2026-08-15 04:56:07,338 INFO trial epoch 1/10 batch 66/66 (100%) running_loss=1.1394
2026-08-15 04:56:09,805 INFO trial epoch 1/10 done: train_loss=1.1394 val_macro_auc=0.6488
2026-08-15 04:56:16,469 INFO trial epoch 2/10 batch 13/66 (20%) running_loss=1.0848
2026-08-15 04:56:22,758 INFO trial epoch 2/10 batch 26/66 (39%) running_loss=1.0921
2026-08-15 04:56:29,048 INFO trial epoch 2/10 batch 39/66 (59%) running_loss=1.0791
2026-08-15 04:56:35,334 INFO trial epoch 2/10 batch 52/66 (79%) running_loss=1.0639
2026-08-15 04:56:41,615 INFO trial epoch 2/10 batch 65/66 (98%) running_loss=1.0459
2026-08-15 04:56:41,920 INFO trial epoch 2/10 batch 66/66 (100%) running_loss=1.0442
2026-08-15 04:56:44,373 INFO trial epoch 2/10 done: train_loss=1.0442 val_macro_auc=0.7531
2026-08-15 04:56:51,033 INFO trial epoch 3/10 batch 13/66 (20%) running_loss=0.9690
2026-08-15 04:56:57,435 INFO trial epoch 3/10 batch 26/66 (39%) running_loss=0.9646
2026-08-15 04:57:03,719 INFO trial epoch 3/10 batch 39/66 (59%) running_loss=0.9509
2026-08-15 04:57:10,005 INFO trial epoch 3/10 batch 52/66 (79%) running_loss=0.9463
2026-08-15 04:57:16,294 INFO trial epoch 3/10 batch 65/66 (98%) running_loss=0.9406
2026-08-15 04:57:16,599 INFO trial epoch 3/10 batch 66/66 (100%) running_loss=0.9392
2026-08-15 04:57:19,062 INFO trial epoch 3/10 done: train_loss=0.9392 val_macro_auc=0.7710
2026-08-15 04:57:25,717 INFO trial epoch 4/10 batch 13/66 (20%) running_loss=0.8672
2026-08-15 04:57:32,000 INFO trial epoch 4/10 batch 26/66 (39%) running_loss=0.8715
2026-08-15 04:57:38,294 INFO trial epoch 4/10 batch 39/66 (59%) running_loss=0.8821
2026-08-15 04:57:44,583 INFO trial epoch 4/10 batch 52/66 (79%) running_loss=0.8876
2026-08-15 04:57:50,870 INFO trial epoch 4/10 batch 65/66 (98%) running_loss=0.8775
2026-08-15 04:57:51,176 INFO trial epoch 4/10 batch 66/66 (100%) running_loss=0.8773
2026-08-15 04:57:53,639 INFO trial epoch 4/10 done: train_loss=0.8773 val_macro_auc=0.7836
2026-08-15 04:58:00,296 INFO trial epoch 5/10 batch 13/66 (20%) running_loss=0.8797
2026-08-15 04:58:06,587 INFO trial epoch 5/10 batch 26/66 (39%) running_loss=0.8708
2026-08-15 04:58:12,872 INFO trial epoch 5/10 batch 39/66 (59%) running_loss=0.8474
2026-08-15 04:58:19,162 INFO trial epoch 5/10 batch 52/66 (79%) running_loss=0.8292
2026-08-15 04:58:25,459 INFO trial epoch 5/10 batch 65/66 (98%) running_loss=0.8226
2026-08-15 04:58:25,764 INFO trial epoch 5/10 batch 66/66 (100%) running_loss=0.8213
2026-08-15 04:58:28,227 INFO trial epoch 5/10 done: train_loss=0.8213 val_macro_auc=0.8001
2026-08-15 04:58:34,877 INFO trial epoch 6/10 batch 13/66 (20%) running_loss=0.7873
2026-08-15 04:58:41,160 INFO trial epoch 6/10 batch 26/66 (39%) running_loss=0.7872
2026-08-15 04:58:47,445 INFO trial epoch 6/10 batch 39/66 (59%) running_loss=0.7904
2026-08-15 04:58:53,732 INFO trial epoch 6/10 batch 52/66 (79%) running_loss=0.7860
2026-08-15 04:59:00,013 INFO trial epoch 6/10 batch 65/66 (98%) running_loss=0.7882
2026-08-15 04:59:00,318 INFO trial epoch 6/10 batch 66/66 (100%) running_loss=0.7874
2026-08-15 04:59:02,781 INFO trial epoch 6/10 done: train_loss=0.7874 val_macro_auc=0.8186
2026-08-15 04:59:09,444 INFO trial epoch 7/10 batch 13/66 (20%) running_loss=0.7703
2026-08-15 04:59:15,738 INFO trial epoch 7/10 batch 26/66 (39%) running_loss=0.7567
2026-08-15 04:59:22,024 INFO trial epoch 7/10 batch 39/66 (59%) running_loss=0.7575
2026-08-15 04:59:28,316 INFO trial epoch 7/10 batch 52/66 (79%) running_loss=0.7451
2026-08-15 04:59:34,600 INFO trial epoch 7/10 batch 65/66 (98%) running_loss=0.7419
2026-08-15 04:59:34,906 INFO trial epoch 7/10 batch 66/66 (100%) running_loss=0.7398
2026-08-15 04:59:37,373 INFO trial epoch 7/10 done: train_loss=0.7398 val_macro_auc=0.7967
2026-08-15 04:59:44,027 INFO trial epoch 8/10 batch 13/66 (20%) running_loss=0.7389
2026-08-15 04:59:50,316 INFO trial epoch 8/10 batch 26/66 (39%) running_loss=0.7486
2026-08-15 04:59:56,597 INFO trial epoch 8/10 batch 39/66 (59%) running_loss=0.7316
2026-08-15 05:00:02,876 INFO trial epoch 8/10 batch 52/66 (79%) running_loss=0.7289
2026-08-15 05:00:09,164 INFO trial epoch 8/10 batch 65/66 (98%) running_loss=0.7286
2026-08-15 05:00:09,470 INFO trial epoch 8/10 batch 66/66 (100%) running_loss=0.7271
2026-08-15 05:00:11,938 INFO trial epoch 8/10 done: train_loss=0.7271 val_macro_auc=0.8255
2026-08-15 05:00:18,591 INFO trial epoch 9/10 batch 13/66 (20%) running_loss=0.7451
2026-08-15 05:00:24,876 INFO trial epoch 9/10 batch 26/66 (39%) running_loss=0.7359
2026-08-15 05:00:31,160 INFO trial epoch 9/10 batch 39/66 (59%) running_loss=0.7196
2026-08-15 05:00:37,448 INFO trial epoch 9/10 batch 52/66 (79%) running_loss=0.7075
2026-08-15 05:00:43,730 INFO trial epoch 9/10 batch 65/66 (98%) running_loss=0.7082
2026-08-15 05:00:44,038 INFO trial epoch 9/10 batch 66/66 (100%) running_loss=0.7090
2026-08-15 05:00:46,493 INFO trial epoch 9/10 done: train_loss=0.7090 val_macro_auc=0.8241
2026-08-15 05:00:53,149 INFO trial epoch 10/10 batch 13/66 (20%) running_loss=0.6863
2026-08-15 05:00:59,438 INFO trial epoch 10/10 batch 26/66 (39%) running_loss=0.6972
2026-08-15 05:01:05,723 INFO trial epoch 10/10 batch 39/66 (59%) running_loss=0.7006
2026-08-15 05:01:12,012 INFO trial epoch 10/10 batch 52/66 (79%) running_loss=0.6874
2026-08-15 05:01:18,300 INFO trial epoch 10/10 batch 65/66 (98%) running_loss=0.6906
2026-08-15 05:01:18,606 INFO trial epoch 10/10 batch 66/66 (100%) running_loss=0.6954
2026-08-15 05:01:21,065 INFO trial epoch 10/10 done: train_loss=0.6954 val_macro_auc=0.8235
2026-08-15 05:01:21,217 INFO Trial 9/25: finished val_macro_auc=0.8244 (best so far: 0.8408)
2026-08-15 05:01:21,220 INFO Trial 10/25: starting (ops=brightness+random_erasing, 10 trial epochs)
2026-08-15 05:01:28,058 INFO trial epoch 1/10 batch 13/66 (20%) running_loss=1.1252
2026-08-15 05:01:34,342 INFO trial epoch 1/10 batch 26/66 (39%) running_loss=1.1122
2026-08-15 05:01:40,625 INFO trial epoch 1/10 batch 39/66 (59%) running_loss=1.1116
2026-08-15 05:01:46,906 INFO trial epoch 1/10 batch 52/66 (79%) running_loss=1.1350
2026-08-15 05:01:53,190 INFO trial epoch 1/10 batch 65/66 (98%) running_loss=1.1320
2026-08-15 05:01:53,495 INFO trial epoch 1/10 batch 66/66 (100%) running_loss=1.1315
2026-08-15 05:01:55,956 INFO trial epoch 1/10 done: train_loss=1.1315 val_macro_auc=0.6933
2026-08-15 05:02:02,605 INFO trial epoch 2/10 batch 13/66 (20%) running_loss=1.0894
2026-08-15 05:02:08,885 INFO trial epoch 2/10 batch 26/66 (39%) running_loss=1.0915
2026-08-15 05:02:15,170 INFO trial epoch 2/10 batch 39/66 (59%) running_loss=1.0947
2026-08-15 05:02:21,460 INFO trial epoch 2/10 batch 52/66 (79%) running_loss=1.0862
2026-08-15 05:02:27,745 INFO trial epoch 2/10 batch 65/66 (98%) running_loss=1.0818
2026-08-15 05:02:28,051 INFO trial epoch 2/10 batch 66/66 (100%) running_loss=1.0821
2026-08-15 05:02:30,508 INFO trial epoch 2/10 done: train_loss=1.0821 val_macro_auc=0.4948
2026-08-15 05:02:37,176 INFO trial epoch 3/10 batch 13/66 (20%) running_loss=1.0759
2026-08-15 05:02:43,566 INFO trial epoch 3/10 batch 26/66 (39%) running_loss=1.0985
2026-08-15 05:02:49,862 INFO trial epoch 3/10 batch 39/66 (59%) running_loss=1.0701
2026-08-15 05:02:56,146 INFO trial epoch 3/10 batch 52/66 (79%) running_loss=1.0547
2026-08-15 05:03:02,435 INFO trial epoch 3/10 batch 65/66 (98%) running_loss=1.0391
2026-08-15 05:03:02,740 INFO trial epoch 3/10 batch 66/66 (100%) running_loss=1.0414
2026-08-15 05:03:05,207 INFO trial epoch 3/10 done: train_loss=1.0414 val_macro_auc=0.7092
2026-08-15 05:03:11,884 INFO trial epoch 4/10 batch 13/66 (20%) running_loss=0.9640
2026-08-15 05:03:18,167 INFO trial epoch 4/10 batch 26/66 (39%) running_loss=0.9828
2026-08-15 05:03:24,449 INFO trial epoch 4/10 batch 39/66 (59%) running_loss=0.9783
2026-08-15 05:03:30,734 INFO trial epoch 4/10 batch 52/66 (79%) running_loss=0.9690
2026-08-15 05:03:37,015 INFO trial epoch 4/10 batch 65/66 (98%) running_loss=0.9604
2026-08-15 05:03:37,320 INFO trial epoch 4/10 batch 66/66 (100%) running_loss=0.9635
2026-08-15 05:03:39,774 INFO trial epoch 4/10 done: train_loss=0.9635 val_macro_auc=0.7231
2026-08-15 05:03:46,423 INFO trial epoch 5/10 batch 13/66 (20%) running_loss=0.9530
2026-08-15 05:03:52,704 INFO trial epoch 5/10 batch 26/66 (39%) running_loss=0.9437
2026-08-15 05:03:58,988 INFO trial epoch 5/10 batch 39/66 (59%) running_loss=0.9417
2026-08-15 05:04:05,271 INFO trial epoch 5/10 batch 52/66 (79%) running_loss=0.9417
2026-08-15 05:04:11,556 INFO trial epoch 5/10 batch 65/66 (98%) running_loss=0.9335
2026-08-15 05:04:11,862 INFO trial epoch 5/10 batch 66/66 (100%) running_loss=0.9347
2026-08-15 05:04:14,314 INFO trial epoch 5/10 done: train_loss=0.9347 val_macro_auc=0.7015
2026-08-15 05:04:20,977 INFO trial epoch 6/10 batch 13/66 (20%) running_loss=0.9253
2026-08-15 05:04:27,270 INFO trial epoch 6/10 batch 26/66 (39%) running_loss=0.9177
2026-08-15 05:04:33,562 INFO trial epoch 6/10 batch 39/66 (59%) running_loss=0.9099
2026-08-15 05:04:39,846 INFO trial epoch 6/10 batch 52/66 (79%) running_loss=0.9138
2026-08-15 05:04:46,131 INFO trial epoch 6/10 batch 65/66 (98%) running_loss=0.9156
2026-08-15 05:04:46,439 INFO trial epoch 6/10 batch 66/66 (100%) running_loss=0.9155
2026-08-15 05:04:48,896 INFO trial epoch 6/10 done: train_loss=0.9155 val_macro_auc=0.7773
2026-08-15 05:04:55,559 INFO trial epoch 7/10 batch 13/66 (20%) running_loss=0.9269
2026-08-15 05:05:01,845 INFO trial epoch 7/10 batch 26/66 (39%) running_loss=0.9166
2026-08-15 05:05:08,134 INFO trial epoch 7/10 batch 39/66 (59%) running_loss=0.9027
2026-08-15 05:05:14,426 INFO trial epoch 7/10 batch 52/66 (79%) running_loss=0.8774
2026-08-15 05:05:20,713 INFO trial epoch 7/10 batch 65/66 (98%) running_loss=0.8821
2026-08-15 05:05:21,018 INFO trial epoch 7/10 batch 66/66 (100%) running_loss=0.8821
2026-08-15 05:05:23,478 INFO trial epoch 7/10 done: train_loss=0.8821 val_macro_auc=0.7601
2026-08-15 05:05:30,164 INFO trial epoch 8/10 batch 13/66 (20%) running_loss=0.8433
2026-08-15 05:05:36,450 INFO trial epoch 8/10 batch 26/66 (39%) running_loss=0.8572
2026-08-15 05:05:42,735 INFO trial epoch 8/10 batch 39/66 (59%) running_loss=0.8592
2026-08-15 05:05:49,022 INFO trial epoch 8/10 batch 52/66 (79%) running_loss=0.8610
2026-08-15 05:05:55,310 INFO trial epoch 8/10 batch 65/66 (98%) running_loss=0.8586
2026-08-15 05:05:55,618 INFO trial epoch 8/10 batch 66/66 (100%) running_loss=0.8579
2026-08-15 05:05:58,087 INFO trial epoch 8/10 done: train_loss=0.8579 val_macro_auc=0.7608
2026-08-15 05:06:04,747 INFO trial epoch 9/10 batch 13/66 (20%) running_loss=0.8405
2026-08-15 05:06:11,032 INFO trial epoch 9/10 batch 26/66 (39%) running_loss=0.8089
2026-08-15 05:06:17,318 INFO trial epoch 9/10 batch 39/66 (59%) running_loss=0.8123
2026-08-15 05:06:23,605 INFO trial epoch 9/10 batch 52/66 (79%) running_loss=0.8262
2026-08-15 05:06:29,889 INFO trial epoch 9/10 batch 65/66 (98%) running_loss=0.8119
2026-08-15 05:06:30,195 INFO trial epoch 9/10 batch 66/66 (100%) running_loss=0.8110
2026-08-15 05:06:32,674 INFO trial epoch 9/10 done: train_loss=0.8110 val_macro_auc=0.7575
2026-08-15 05:06:39,339 INFO trial epoch 10/10 batch 13/66 (20%) running_loss=0.8138
2026-08-15 05:06:45,627 INFO trial epoch 10/10 batch 26/66 (39%) running_loss=0.8136
2026-08-15 05:06:51,913 INFO trial epoch 10/10 batch 39/66 (59%) running_loss=0.8174
2026-08-15 05:06:58,199 INFO trial epoch 10/10 batch 52/66 (79%) running_loss=0.8220
2026-08-15 05:07:04,493 INFO trial epoch 10/10 batch 65/66 (98%) running_loss=0.8185
2026-08-15 05:07:04,800 INFO trial epoch 10/10 batch 66/66 (100%) running_loss=0.8155
2026-08-15 05:07:07,265 INFO trial epoch 10/10 done: train_loss=0.8155 val_macro_auc=0.7618
2026-08-15 05:07:07,412 INFO Trial 10/25: finished val_macro_auc=0.7601 (best so far: 0.8408)
2026-08-15 05:07:07,418 INFO Trial 11/25: starting (ops=random_erasing+horizontal_flip, 10 trial epochs)
2026-08-15 05:07:14,245 INFO trial epoch 1/10 batch 13/66 (20%) running_loss=1.2074
2026-08-15 05:07:20,536 INFO trial epoch 1/10 batch 26/66 (39%) running_loss=1.1966
2026-08-15 05:07:26,829 INFO trial epoch 1/10 batch 39/66 (59%) running_loss=1.1856
2026-08-15 05:07:33,119 INFO trial epoch 1/10 batch 52/66 (79%) running_loss=1.1816
2026-08-15 05:07:39,411 INFO trial epoch 1/10 batch 65/66 (98%) running_loss=1.1690
2026-08-15 05:07:39,717 INFO trial epoch 1/10 batch 66/66 (100%) running_loss=1.1684
2026-08-15 05:07:42,197 INFO trial epoch 1/10 done: train_loss=1.1684 val_macro_auc=0.6124
2026-08-15 05:07:48,873 INFO trial epoch 2/10 batch 13/66 (20%) running_loss=1.0963
2026-08-15 05:07:55,165 INFO trial epoch 2/10 batch 26/66 (39%) running_loss=1.0817
2026-08-15 05:08:01,461 INFO trial epoch 2/10 batch 39/66 (59%) running_loss=1.0702
2026-08-15 05:08:07,757 INFO trial epoch 2/10 batch 52/66 (79%) running_loss=1.0566
2026-08-15 05:08:14,046 INFO trial epoch 2/10 batch 65/66 (98%) running_loss=1.0573
2026-08-15 05:08:14,353 INFO trial epoch 2/10 batch 66/66 (100%) running_loss=1.0561
2026-08-15 05:08:16,819 INFO trial epoch 2/10 done: train_loss=1.0561 val_macro_auc=0.7569
2026-08-15 05:08:23,480 INFO trial epoch 3/10 batch 13/66 (20%) running_loss=0.9757
2026-08-15 05:08:29,888 INFO trial epoch 3/10 batch 26/66 (39%) running_loss=0.9824
2026-08-15 05:08:36,183 INFO trial epoch 3/10 batch 39/66 (59%) running_loss=0.9667
2026-08-15 05:08:42,473 INFO trial epoch 3/10 batch 52/66 (79%) running_loss=0.9715
2026-08-15 05:08:48,765 INFO trial epoch 3/10 batch 65/66 (98%) running_loss=0.9612
2026-08-15 05:08:49,070 INFO trial epoch 3/10 batch 66/66 (100%) running_loss=0.9635
2026-08-15 05:08:51,537 INFO trial epoch 3/10 done: train_loss=0.9635 val_macro_auc=0.7597
2026-08-15 05:08:58,202 INFO trial epoch 4/10 batch 13/66 (20%) running_loss=0.8719
2026-08-15 05:09:04,489 INFO trial epoch 4/10 batch 26/66 (39%) running_loss=0.8764
2026-08-15 05:09:10,780 INFO trial epoch 4/10 batch 39/66 (59%) running_loss=0.8737
2026-08-15 05:09:17,077 INFO trial epoch 4/10 batch 52/66 (79%) running_loss=0.8905
2026-08-15 05:09:23,371 INFO trial epoch 4/10 batch 65/66 (98%) running_loss=0.8887
2026-08-15 05:09:23,677 INFO trial epoch 4/10 batch 66/66 (100%) running_loss=0.8899
2026-08-15 05:09:26,141 INFO trial epoch 4/10 done: train_loss=0.8899 val_macro_auc=0.7602
2026-08-15 05:09:32,802 INFO trial epoch 5/10 batch 13/66 (20%) running_loss=0.8676
2026-08-15 05:09:39,098 INFO trial epoch 5/10 batch 26/66 (39%) running_loss=0.8829
2026-08-15 05:09:45,384 INFO trial epoch 5/10 batch 39/66 (59%) running_loss=0.8848
2026-08-15 05:09:51,676 INFO trial epoch 5/10 batch 52/66 (79%) running_loss=0.8691
2026-08-15 05:09:57,960 INFO trial epoch 5/10 batch 65/66 (98%) running_loss=0.8588
2026-08-15 05:09:58,266 INFO trial epoch 5/10 batch 66/66 (100%) running_loss=0.8564
2026-08-15 05:10:00,738 INFO trial epoch 5/10 done: train_loss=0.8564 val_macro_auc=0.8059
2026-08-15 05:10:07,397 INFO trial epoch 6/10 batch 13/66 (20%) running_loss=0.7877
2026-08-15 05:10:13,687 INFO trial epoch 6/10 batch 26/66 (39%) running_loss=0.7950
2026-08-15 05:10:19,975 INFO trial epoch 6/10 batch 39/66 (59%) running_loss=0.7987
2026-08-15 05:10:26,261 INFO trial epoch 6/10 batch 52/66 (79%) running_loss=0.8061
2026-08-15 05:10:32,555 INFO trial epoch 6/10 batch 65/66 (98%) running_loss=0.8112
2026-08-15 05:10:32,861 INFO trial epoch 6/10 batch 66/66 (100%) running_loss=0.8103
2026-08-15 05:10:35,325 INFO trial epoch 6/10 done: train_loss=0.8103 val_macro_auc=0.8137
2026-08-15 05:10:41,988 INFO trial epoch 7/10 batch 13/66 (20%) running_loss=0.7880
2026-08-15 05:10:48,276 INFO trial epoch 7/10 batch 26/66 (39%) running_loss=0.7918
2026-08-15 05:10:54,561 INFO trial epoch 7/10 batch 39/66 (59%) running_loss=0.7671
2026-08-15 05:11:00,854 INFO trial epoch 7/10 batch 52/66 (79%) running_loss=0.7534
2026-08-15 05:11:07,140 INFO trial epoch 7/10 batch 65/66 (98%) running_loss=0.7589
2026-08-15 05:11:07,444 INFO trial epoch 7/10 batch 66/66 (100%) running_loss=0.7597
2026-08-15 05:11:09,922 INFO trial epoch 7/10 done: train_loss=0.7597 val_macro_auc=0.8300
2026-08-15 05:11:16,572 INFO trial epoch 8/10 batch 13/66 (20%) running_loss=0.7355
2026-08-15 05:11:22,863 INFO trial epoch 8/10 batch 26/66 (39%) running_loss=0.7143
2026-08-15 05:11:29,149 INFO trial epoch 8/10 batch 39/66 (59%) running_loss=0.7208
2026-08-15 05:11:35,433 INFO trial epoch 8/10 batch 52/66 (79%) running_loss=0.7181
2026-08-15 05:11:41,719 INFO trial epoch 8/10 batch 65/66 (98%) running_loss=0.7148
2026-08-15 05:11:42,026 INFO trial epoch 8/10 batch 66/66 (100%) running_loss=0.7133
2026-08-15 05:11:44,510 INFO trial epoch 8/10 done: train_loss=0.7133 val_macro_auc=0.8083
2026-08-15 05:11:51,170 INFO trial epoch 9/10 batch 13/66 (20%) running_loss=0.6788
2026-08-15 05:11:57,458 INFO trial epoch 9/10 batch 26/66 (39%) running_loss=0.7092
2026-08-15 05:12:03,745 INFO trial epoch 9/10 batch 39/66 (59%) running_loss=0.6963
2026-08-15 05:12:10,032 INFO trial epoch 9/10 batch 52/66 (79%) running_loss=0.6998
2026-08-15 05:12:16,322 INFO trial epoch 9/10 batch 65/66 (98%) running_loss=0.6962
2026-08-15 05:12:16,628 INFO trial epoch 9/10 batch 66/66 (100%) running_loss=0.6950
2026-08-15 05:12:19,102 INFO trial epoch 9/10 done: train_loss=0.6950 val_macro_auc=0.8001
2026-08-15 05:12:25,754 INFO trial epoch 10/10 batch 13/66 (20%) running_loss=0.6660
2026-08-15 05:12:32,040 INFO trial epoch 10/10 batch 26/66 (39%) running_loss=0.6982
2026-08-15 05:12:38,328 INFO trial epoch 10/10 batch 39/66 (59%) running_loss=0.6812
2026-08-15 05:12:44,614 INFO trial epoch 10/10 batch 52/66 (79%) running_loss=0.6787
2026-08-15 05:12:50,904 INFO trial epoch 10/10 batch 65/66 (98%) running_loss=0.6671
2026-08-15 05:12:51,210 INFO trial epoch 10/10 batch 66/66 (100%) running_loss=0.6675
2026-08-15 05:12:53,689 INFO trial epoch 10/10 done: train_loss=0.6675 val_macro_auc=0.8024
2026-08-15 05:12:53,838 INFO Trial 11/25: finished val_macro_auc=0.8036 (best so far: 0.8408)
2026-08-15 05:12:53,842 INFO Trial 12/25: starting (ops=horizontal_flip+random_erasing, 10 trial epochs)
2026-08-15 05:13:00,670 INFO trial epoch 1/10 batch 13/66 (20%) running_loss=1.1384
2026-08-15 05:13:06,964 INFO trial epoch 1/10 batch 26/66 (39%) running_loss=1.1657
2026-08-15 05:13:13,256 INFO trial epoch 1/10 batch 39/66 (59%) running_loss=1.1640
2026-08-15 05:13:19,544 INFO trial epoch 1/10 batch 52/66 (79%) running_loss=1.1682
2026-08-15 05:13:25,836 INFO trial epoch 1/10 batch 65/66 (98%) running_loss=1.1782
2026-08-15 05:13:26,142 INFO trial epoch 1/10 batch 66/66 (100%) running_loss=1.1779
2026-08-15 05:13:28,595 INFO trial epoch 1/10 done: train_loss=1.1779 val_macro_auc=0.5184
2026-08-15 05:13:35,273 INFO trial epoch 2/10 batch 13/66 (20%) running_loss=1.1041
2026-08-15 05:13:41,569 INFO trial epoch 2/10 batch 26/66 (39%) running_loss=1.1033
2026-08-15 05:13:47,862 INFO trial epoch 2/10 batch 39/66 (59%) running_loss=1.0915
2026-08-15 05:13:54,153 INFO trial epoch 2/10 batch 52/66 (79%) running_loss=1.0945
2026-08-15 05:14:00,441 INFO trial epoch 2/10 batch 65/66 (98%) running_loss=1.0893
2026-08-15 05:14:00,748 INFO trial epoch 2/10 batch 66/66 (100%) running_loss=1.0898
2026-08-15 05:14:03,218 INFO trial epoch 2/10 done: train_loss=1.0898 val_macro_auc=0.5534
2026-08-15 05:14:09,879 INFO trial epoch 3/10 batch 13/66 (20%) running_loss=1.1370
2026-08-15 05:14:16,278 INFO trial epoch 3/10 batch 26/66 (39%) running_loss=1.1233
2026-08-15 05:14:22,572 INFO trial epoch 3/10 batch 39/66 (59%) running_loss=1.1024
2026-08-15 05:14:28,859 INFO trial epoch 3/10 batch 52/66 (79%) running_loss=1.1000
2026-08-15 05:14:35,148 INFO trial epoch 3/10 batch 65/66 (98%) running_loss=1.0849
2026-08-15 05:14:35,454 INFO trial epoch 3/10 batch 66/66 (100%) running_loss=1.0844
2026-08-15 05:14:37,923 INFO trial epoch 3/10 done: train_loss=1.0844 val_macro_auc=0.7399
2026-08-15 05:14:44,592 INFO trial epoch 4/10 batch 13/66 (20%) running_loss=1.0318
2026-08-15 05:14:50,881 INFO trial epoch 4/10 batch 26/66 (39%) running_loss=1.0273
2026-08-15 05:14:57,166 INFO trial epoch 4/10 batch 39/66 (59%) running_loss=1.0250
2026-08-15 05:15:03,449 INFO trial epoch 4/10 batch 52/66 (79%) running_loss=1.0045
2026-08-15 05:15:09,736 INFO trial epoch 4/10 batch 65/66 (98%) running_loss=0.9937
2026-08-15 05:15:10,042 INFO trial epoch 4/10 batch 66/66 (100%) running_loss=0.9920
2026-08-15 05:15:12,497 INFO trial epoch 4/10 done: train_loss=0.9920 val_macro_auc=0.7319
2026-08-15 05:15:19,156 INFO trial epoch 5/10 batch 13/66 (20%) running_loss=0.9481
2026-08-15 05:15:25,441 INFO trial epoch 5/10 batch 26/66 (39%) running_loss=0.9308
2026-08-15 05:15:31,734 INFO trial epoch 5/10 batch 39/66 (59%) running_loss=0.9227
2026-08-15 05:15:38,026 INFO trial epoch 5/10 batch 52/66 (79%) running_loss=0.9094
2026-08-15 05:15:44,317 INFO trial epoch 5/10 batch 65/66 (98%) running_loss=0.9257
2026-08-15 05:15:44,624 INFO trial epoch 5/10 batch 66/66 (100%) running_loss=0.9275
2026-08-15 05:15:47,082 INFO trial epoch 5/10 done: train_loss=0.9275 val_macro_auc=0.7460
2026-08-15 05:15:53,742 INFO trial epoch 6/10 batch 13/66 (20%) running_loss=0.9061
2026-08-15 05:16:00,031 INFO trial epoch 6/10 batch 26/66 (39%) running_loss=0.8794
2026-08-15 05:16:06,323 INFO trial epoch 6/10 batch 39/66 (59%) running_loss=0.8842
2026-08-15 05:16:12,615 INFO trial epoch 6/10 batch 52/66 (79%) running_loss=0.8864
2026-08-15 05:16:18,909 INFO trial epoch 6/10 batch 65/66 (98%) running_loss=0.8981
2026-08-15 05:16:19,215 INFO trial epoch 6/10 batch 66/66 (100%) running_loss=0.8956
2026-08-15 05:16:21,682 INFO trial epoch 6/10 done: train_loss=0.8956 val_macro_auc=0.7549
2026-08-15 05:16:28,353 INFO trial epoch 7/10 batch 13/66 (20%) running_loss=0.8611
2026-08-15 05:16:34,643 INFO trial epoch 7/10 batch 26/66 (39%) running_loss=0.8921
2026-08-15 05:16:40,935 INFO trial epoch 7/10 batch 39/66 (59%) running_loss=0.8729
2026-08-15 05:16:47,227 INFO trial epoch 7/10 batch 52/66 (79%) running_loss=0.8719
2026-08-15 05:16:53,516 INFO trial epoch 7/10 batch 65/66 (98%) running_loss=0.8629
2026-08-15 05:16:53,822 INFO trial epoch 7/10 batch 66/66 (100%) running_loss=0.8628
2026-08-15 05:16:56,307 INFO trial epoch 7/10 done: train_loss=0.8628 val_macro_auc=0.7613
2026-08-15 05:17:02,967 INFO trial epoch 8/10 batch 13/66 (20%) running_loss=0.8515
2026-08-15 05:17:09,259 INFO trial epoch 8/10 batch 26/66 (39%) running_loss=0.8291
2026-08-15 05:17:15,548 INFO trial epoch 8/10 batch 39/66 (59%) running_loss=0.8211
2026-08-15 05:17:21,848 INFO trial epoch 8/10 batch 52/66 (79%) running_loss=0.8180
2026-08-15 05:17:28,133 INFO trial epoch 8/10 batch 65/66 (98%) running_loss=0.8190
2026-08-15 05:17:28,439 INFO trial epoch 8/10 batch 66/66 (100%) running_loss=0.8187
2026-08-15 05:17:30,899 INFO trial epoch 8/10 done: train_loss=0.8187 val_macro_auc=0.7853
2026-08-15 05:17:37,548 INFO trial epoch 9/10 batch 13/66 (20%) running_loss=0.7793
2026-08-15 05:17:43,832 INFO trial epoch 9/10 batch 26/66 (39%) running_loss=0.8032
2026-08-15 05:17:50,126 INFO trial epoch 9/10 batch 39/66 (59%) running_loss=0.7900
2026-08-15 05:17:56,415 INFO trial epoch 9/10 batch 52/66 (79%) running_loss=0.7823
2026-08-15 05:18:02,700 INFO trial epoch 9/10 batch 65/66 (98%) running_loss=0.7809
2026-08-15 05:18:03,006 INFO trial epoch 9/10 batch 66/66 (100%) running_loss=0.7813
2026-08-15 05:18:05,472 INFO trial epoch 9/10 done: train_loss=0.7813 val_macro_auc=0.7671
2026-08-15 05:18:12,142 INFO trial epoch 10/10 batch 13/66 (20%) running_loss=0.7523
2026-08-15 05:18:18,425 INFO trial epoch 10/10 batch 26/66 (39%) running_loss=0.7670
2026-08-15 05:18:24,718 INFO trial epoch 10/10 batch 39/66 (59%) running_loss=0.7849
2026-08-15 05:18:31,013 INFO trial epoch 10/10 batch 52/66 (79%) running_loss=0.7812
2026-08-15 05:18:37,302 INFO trial epoch 10/10 batch 65/66 (98%) running_loss=0.7781
2026-08-15 05:18:37,609 INFO trial epoch 10/10 batch 66/66 (100%) running_loss=0.7794
2026-08-15 05:18:40,077 INFO trial epoch 10/10 done: train_loss=0.7794 val_macro_auc=0.7622
2026-08-15 05:18:40,222 INFO Trial 12/25: finished val_macro_auc=0.7715 (best so far: 0.8408)
2026-08-15 05:18:40,225 INFO Trial 13/25: starting (ops=random_erasing+random_resized_crop, 10 trial epochs)
2026-08-15 05:18:47,065 INFO trial epoch 1/10 batch 13/66 (20%) running_loss=1.1730
2026-08-15 05:18:53,354 INFO trial epoch 1/10 batch 26/66 (39%) running_loss=1.1860
2026-08-15 05:18:59,644 INFO trial epoch 1/10 batch 39/66 (59%) running_loss=1.1741
2026-08-15 05:19:05,934 INFO trial epoch 1/10 batch 52/66 (79%) running_loss=1.1606
2026-08-15 05:19:12,221 INFO trial epoch 1/10 batch 65/66 (98%) running_loss=1.1457
2026-08-15 05:19:12,526 INFO trial epoch 1/10 batch 66/66 (100%) running_loss=1.1441
2026-08-15 05:19:14,999 INFO trial epoch 1/10 done: train_loss=1.1441 val_macro_auc=0.6561
2026-08-15 05:19:21,671 INFO trial epoch 2/10 batch 13/66 (20%) running_loss=1.0949
2026-08-15 05:19:27,964 INFO trial epoch 2/10 batch 26/66 (39%) running_loss=1.0583
2026-08-15 05:19:34,253 INFO trial epoch 2/10 batch 39/66 (59%) running_loss=1.0378
2026-08-15 05:19:40,544 INFO trial epoch 2/10 batch 52/66 (79%) running_loss=1.0205
2026-08-15 05:19:46,832 INFO trial epoch 2/10 batch 65/66 (98%) running_loss=1.0154
2026-08-15 05:19:47,137 INFO trial epoch 2/10 batch 66/66 (100%) running_loss=1.0138
2026-08-15 05:19:49,589 INFO trial epoch 2/10 done: train_loss=1.0138 val_macro_auc=0.7204
2026-08-15 05:19:56,253 INFO trial epoch 3/10 batch 13/66 (20%) running_loss=0.9627
2026-08-15 05:20:02,657 INFO trial epoch 3/10 batch 26/66 (39%) running_loss=0.9411
2026-08-15 05:20:08,953 INFO trial epoch 3/10 batch 39/66 (59%) running_loss=0.9282
2026-08-15 05:20:15,242 INFO trial epoch 3/10 batch 52/66 (79%) running_loss=0.9200
2026-08-15 05:20:21,533 INFO trial epoch 3/10 batch 65/66 (98%) running_loss=0.9203
2026-08-15 05:20:21,839 INFO trial epoch 3/10 batch 66/66 (100%) running_loss=0.9219
2026-08-15 05:20:24,301 INFO trial epoch 3/10 done: train_loss=0.9219 val_macro_auc=0.7484
2026-08-15 05:20:30,975 INFO trial epoch 4/10 batch 13/66 (20%) running_loss=0.9003
2026-08-15 05:20:37,264 INFO trial epoch 4/10 batch 26/66 (39%) running_loss=0.9105
2026-08-15 05:20:43,554 INFO trial epoch 4/10 batch 39/66 (59%) running_loss=0.9041
2026-08-15 05:20:49,845 INFO trial epoch 4/10 batch 52/66 (79%) running_loss=0.9028
2026-08-15 05:20:56,131 INFO trial epoch 4/10 batch 65/66 (98%) running_loss=0.8989
2026-08-15 05:20:56,437 INFO trial epoch 4/10 batch 66/66 (100%) running_loss=0.8999
2026-08-15 05:20:58,899 INFO trial epoch 4/10 done: train_loss=0.8999 val_macro_auc=0.7121
2026-08-15 05:21:05,571 INFO trial epoch 5/10 batch 13/66 (20%) running_loss=0.9249
2026-08-15 05:21:11,857 INFO trial epoch 5/10 batch 26/66 (39%) running_loss=0.8945
2026-08-15 05:21:18,142 INFO trial epoch 5/10 batch 39/66 (59%) running_loss=0.8631
2026-08-15 05:21:24,423 INFO trial epoch 5/10 batch 52/66 (79%) running_loss=0.8605
2026-08-15 05:21:30,706 INFO trial epoch 5/10 batch 65/66 (98%) running_loss=0.8545
2026-08-15 05:21:31,011 INFO trial epoch 5/10 batch 66/66 (100%) running_loss=0.8560
2026-08-15 05:21:33,476 INFO trial epoch 5/10 done: train_loss=0.8560 val_macro_auc=0.7749
2026-08-15 05:21:40,151 INFO trial epoch 6/10 batch 13/66 (20%) running_loss=0.8581
2026-08-15 05:21:46,436 INFO trial epoch 6/10 batch 26/66 (39%) running_loss=0.8299
2026-08-15 05:21:52,724 INFO trial epoch 6/10 batch 39/66 (59%) running_loss=0.8415
2026-08-15 05:21:59,012 INFO trial epoch 6/10 batch 52/66 (79%) running_loss=0.8319
2026-08-15 05:22:05,300 INFO trial epoch 6/10 batch 65/66 (98%) running_loss=0.8301
2026-08-15 05:22:05,606 INFO trial epoch 6/10 batch 66/66 (100%) running_loss=0.8284
2026-08-15 05:22:08,073 INFO trial epoch 6/10 done: train_loss=0.8284 val_macro_auc=0.7800
2026-08-15 05:22:14,742 INFO trial epoch 7/10 batch 13/66 (20%) running_loss=0.8026
2026-08-15 05:22:21,026 INFO trial epoch 7/10 batch 26/66 (39%) running_loss=0.8165
2026-08-15 05:22:27,313 INFO trial epoch 7/10 batch 39/66 (59%) running_loss=0.8107
2026-08-15 05:22:33,605 INFO trial epoch 7/10 batch 52/66 (79%) running_loss=0.8016
2026-08-15 05:22:39,897 INFO trial epoch 7/10 batch 65/66 (98%) running_loss=0.7932
2026-08-15 05:22:40,203 INFO trial epoch 7/10 batch 66/66 (100%) running_loss=0.7925
2026-08-15 05:22:42,662 INFO trial epoch 7/10 done: train_loss=0.7925 val_macro_auc=0.7791
2026-08-15 05:22:49,340 INFO trial epoch 8/10 batch 13/66 (20%) running_loss=0.7486
2026-08-15 05:22:55,631 INFO trial epoch 8/10 batch 26/66 (39%) running_loss=0.7517
2026-08-15 05:23:01,920 INFO trial epoch 8/10 batch 39/66 (59%) running_loss=0.7607
2026-08-15 05:23:08,206 INFO trial epoch 8/10 batch 52/66 (79%) running_loss=0.7676
2026-08-15 05:23:14,495 INFO trial epoch 8/10 batch 65/66 (98%) running_loss=0.7654
2026-08-15 05:23:14,801 INFO trial epoch 8/10 batch 66/66 (100%) running_loss=0.7654
2026-08-15 05:23:17,273 INFO trial epoch 8/10 done: train_loss=0.7654 val_macro_auc=0.7546
2026-08-15 05:23:23,956 INFO trial epoch 9/10 batch 13/66 (20%) running_loss=0.7238
2026-08-15 05:23:30,245 INFO trial epoch 9/10 batch 26/66 (39%) running_loss=0.7559
2026-08-15 05:23:36,531 INFO trial epoch 9/10 batch 39/66 (59%) running_loss=0.7614
2026-08-15 05:23:42,821 INFO trial epoch 9/10 batch 52/66 (79%) running_loss=0.7596
2026-08-15 05:23:49,112 INFO trial epoch 9/10 batch 65/66 (98%) running_loss=0.7630
2026-08-15 05:23:49,418 INFO trial epoch 9/10 batch 66/66 (100%) running_loss=0.7635
2026-08-15 05:23:51,873 INFO trial epoch 9/10 done: train_loss=0.7635 val_macro_auc=0.7916
2026-08-15 05:23:58,534 INFO trial epoch 10/10 batch 13/66 (20%) running_loss=0.7533
2026-08-15 05:24:04,825 INFO trial epoch 10/10 batch 26/66 (39%) running_loss=0.7576
2026-08-15 05:24:11,114 INFO trial epoch 10/10 batch 39/66 (59%) running_loss=0.7618
2026-08-15 05:24:17,409 INFO trial epoch 10/10 batch 52/66 (79%) running_loss=0.7564
2026-08-15 05:24:23,699 INFO trial epoch 10/10 batch 65/66 (98%) running_loss=0.7597
2026-08-15 05:24:24,005 INFO trial epoch 10/10 batch 66/66 (100%) running_loss=0.7592
2026-08-15 05:24:26,477 INFO trial epoch 10/10 done: train_loss=0.7592 val_macro_auc=0.7701
2026-08-15 05:24:26,622 INFO Trial 13/25: finished val_macro_auc=0.7721 (best so far: 0.8408)
2026-08-15 05:24:26,625 INFO Trial 14/25: starting (ops=contrast+random_erasing, 10 trial epochs)
2026-08-15 05:24:33,467 INFO trial epoch 1/10 batch 13/66 (20%) running_loss=1.1975
2026-08-15 05:24:39,757 INFO trial epoch 1/10 batch 26/66 (39%) running_loss=1.1847
2026-08-15 05:24:46,048 INFO trial epoch 1/10 batch 39/66 (59%) running_loss=1.1592
2026-08-15 05:24:52,329 INFO trial epoch 1/10 batch 52/66 (79%) running_loss=1.1403
2026-08-15 05:24:58,611 INFO trial epoch 1/10 batch 65/66 (98%) running_loss=1.1383
2026-08-15 05:24:58,917 INFO trial epoch 1/10 batch 66/66 (100%) running_loss=1.1379
2026-08-15 05:25:01,383 INFO trial epoch 1/10 done: train_loss=1.1379 val_macro_auc=0.7447
2026-08-15 05:25:08,056 INFO trial epoch 2/10 batch 13/66 (20%) running_loss=1.0196
2026-08-15 05:25:14,343 INFO trial epoch 2/10 batch 26/66 (39%) running_loss=1.0075
2026-08-15 05:25:20,625 INFO trial epoch 2/10 batch 39/66 (59%) running_loss=1.0048
2026-08-15 05:25:26,904 INFO trial epoch 2/10 batch 52/66 (79%) running_loss=0.9863
2026-08-15 05:25:33,182 INFO trial epoch 2/10 batch 65/66 (98%) running_loss=0.9811
2026-08-15 05:25:33,487 INFO trial epoch 2/10 batch 66/66 (100%) running_loss=0.9801
2026-08-15 05:25:35,946 INFO trial epoch 2/10 done: train_loss=0.9801 val_macro_auc=0.7573
2026-08-15 05:25:42,614 INFO trial epoch 3/10 batch 13/66 (20%) running_loss=0.9558
2026-08-15 05:25:49,006 INFO trial epoch 3/10 batch 26/66 (39%) running_loss=0.9375
2026-08-15 05:25:55,293 INFO trial epoch 3/10 batch 39/66 (59%) running_loss=0.9366
2026-08-15 05:26:01,572 INFO trial epoch 3/10 batch 52/66 (79%) running_loss=0.9367
2026-08-15 05:26:07,854 INFO trial epoch 3/10 batch 65/66 (98%) running_loss=0.9459
2026-08-15 05:26:08,160 INFO trial epoch 3/10 batch 66/66 (100%) running_loss=0.9455
2026-08-15 05:26:10,633 INFO trial epoch 3/10 done: train_loss=0.9455 val_macro_auc=0.7159
2026-08-15 05:26:17,274 INFO trial epoch 4/10 batch 13/66 (20%) running_loss=0.9562
2026-08-15 05:26:23,547 INFO trial epoch 4/10 batch 26/66 (39%) running_loss=0.9648
2026-08-15 05:26:29,832 INFO trial epoch 4/10 batch 39/66 (59%) running_loss=0.9473
2026-08-15 05:26:36,110 INFO trial epoch 4/10 batch 52/66 (79%) running_loss=0.9453
2026-08-15 05:26:42,388 INFO trial epoch 4/10 batch 65/66 (98%) running_loss=0.9334
2026-08-15 05:26:42,693 INFO trial epoch 4/10 batch 66/66 (100%) running_loss=0.9326
2026-08-15 05:26:45,155 INFO trial epoch 4/10 done: train_loss=0.9326 val_macro_auc=0.7896
2026-08-15 05:26:51,814 INFO trial epoch 5/10 batch 13/66 (20%) running_loss=0.8847
2026-08-15 05:26:58,093 INFO trial epoch 5/10 batch 26/66 (39%) running_loss=0.8920
2026-08-15 05:27:04,376 INFO trial epoch 5/10 batch 39/66 (59%) running_loss=0.8971
2026-08-15 05:27:10,657 INFO trial epoch 5/10 batch 52/66 (79%) running_loss=0.8933
2026-08-15 05:27:16,938 INFO trial epoch 5/10 batch 65/66 (98%) running_loss=0.8988
2026-08-15 05:27:17,244 INFO trial epoch 5/10 batch 66/66 (100%) running_loss=0.8999
2026-08-15 05:27:19,711 INFO trial epoch 5/10 done: train_loss=0.8999 val_macro_auc=0.8023
2026-08-15 05:27:26,384 INFO trial epoch 6/10 batch 13/66 (20%) running_loss=0.9037
2026-08-15 05:27:32,660 INFO trial epoch 6/10 batch 26/66 (39%) running_loss=0.8676
2026-08-15 05:27:38,938 INFO trial epoch 6/10 batch 39/66 (59%) running_loss=0.8707
2026-08-15 05:27:45,218 INFO trial epoch 6/10 batch 52/66 (79%) running_loss=0.8493
2026-08-15 05:27:51,497 INFO trial epoch 6/10 batch 65/66 (98%) running_loss=0.8585
2026-08-15 05:27:51,803 INFO trial epoch 6/10 batch 66/66 (100%) running_loss=0.8600
2026-08-15 05:27:54,260 INFO trial epoch 6/10 done: train_loss=0.8600 val_macro_auc=0.8169
2026-08-15 05:28:00,918 INFO trial epoch 7/10 batch 13/66 (20%) running_loss=0.8381
2026-08-15 05:28:07,194 INFO trial epoch 7/10 batch 26/66 (39%) running_loss=0.8426
2026-08-15 05:28:13,475 INFO trial epoch 7/10 batch 39/66 (59%) running_loss=0.8434
2026-08-15 05:28:19,751 INFO trial epoch 7/10 batch 52/66 (79%) running_loss=0.8468
2026-08-15 05:28:26,029 INFO trial epoch 7/10 batch 65/66 (98%) running_loss=0.8510
2026-08-15 05:28:26,335 INFO trial epoch 7/10 batch 66/66 (100%) running_loss=0.8544
2026-08-15 05:28:28,805 INFO trial epoch 7/10 done: train_loss=0.8544 val_macro_auc=0.8141
2026-08-15 05:28:35,462 INFO trial epoch 8/10 batch 13/66 (20%) running_loss=0.7931
2026-08-15 05:28:41,741 INFO trial epoch 8/10 batch 26/66 (39%) running_loss=0.8001
2026-08-15 05:28:48,017 INFO trial epoch 8/10 batch 39/66 (59%) running_loss=0.8069
2026-08-15 05:28:54,296 INFO trial epoch 8/10 batch 52/66 (79%) running_loss=0.8083
2026-08-15 05:29:00,575 INFO trial epoch 8/10 batch 65/66 (98%) running_loss=0.8139
2026-08-15 05:29:00,880 INFO trial epoch 8/10 batch 66/66 (100%) running_loss=0.8133
2026-08-15 05:29:03,332 INFO trial epoch 8/10 done: train_loss=0.8133 val_macro_auc=0.7861
2026-08-15 05:29:09,990 INFO trial epoch 9/10 batch 13/66 (20%) running_loss=0.7910
2026-08-15 05:29:16,271 INFO trial epoch 9/10 batch 26/66 (39%) running_loss=0.7888
2026-08-15 05:29:22,551 INFO trial epoch 9/10 batch 39/66 (59%) running_loss=0.7788
2026-08-15 05:29:28,836 INFO trial epoch 9/10 batch 52/66 (79%) running_loss=0.7908
2026-08-15 05:29:35,114 INFO trial epoch 9/10 batch 65/66 (98%) running_loss=0.7953
2026-08-15 05:29:35,420 INFO trial epoch 9/10 batch 66/66 (100%) running_loss=0.7945
2026-08-15 05:29:37,883 INFO trial epoch 9/10 done: train_loss=0.7945 val_macro_auc=0.7491
2026-08-15 05:29:44,562 INFO trial epoch 10/10 batch 13/66 (20%) running_loss=0.8002
2026-08-15 05:29:50,847 INFO trial epoch 10/10 batch 26/66 (39%) running_loss=0.8045
2026-08-15 05:29:57,131 INFO trial epoch 10/10 batch 39/66 (59%) running_loss=0.8096
2026-08-15 05:30:03,419 INFO trial epoch 10/10 batch 52/66 (79%) running_loss=0.8043
2026-08-15 05:30:09,699 INFO trial epoch 10/10 batch 65/66 (98%) running_loss=0.8004
2026-08-15 05:30:10,005 INFO trial epoch 10/10 batch 66/66 (100%) running_loss=0.8011
2026-08-15 05:30:12,461 INFO trial epoch 10/10 done: train_loss=0.8011 val_macro_auc=0.7532
2026-08-15 05:30:12,610 INFO Trial 14/25: finished val_macro_auc=0.7628 (best so far: 0.8408)
2026-08-15 05:30:12,613 INFO Trial 15/25: starting (ops=brightness+rotation, 10 trial epochs)
2026-08-15 05:30:19,424 INFO trial epoch 1/10 batch 13/66 (20%) running_loss=1.1524
2026-08-15 05:30:25,718 INFO trial epoch 1/10 batch 26/66 (39%) running_loss=1.1546
2026-08-15 05:30:32,005 INFO trial epoch 1/10 batch 39/66 (59%) running_loss=1.1371
2026-08-15 05:30:38,294 INFO trial epoch 1/10 batch 52/66 (79%) running_loss=1.1423
2026-08-15 05:30:44,580 INFO trial epoch 1/10 batch 65/66 (98%) running_loss=1.1384
2026-08-15 05:30:44,886 INFO trial epoch 1/10 batch 66/66 (100%) running_loss=1.1364
2026-08-15 05:30:47,355 INFO trial epoch 1/10 done: train_loss=1.1364 val_macro_auc=0.7322
2026-08-15 05:30:54,018 INFO trial epoch 2/10 batch 13/66 (20%) running_loss=1.0701
2026-08-15 05:31:00,309 INFO trial epoch 2/10 batch 26/66 (39%) running_loss=1.0604
2026-08-15 05:31:06,595 INFO trial epoch 2/10 batch 39/66 (59%) running_loss=1.0324
2026-08-15 05:31:12,887 INFO trial epoch 2/10 batch 52/66 (79%) running_loss=1.0217
2026-08-15 05:31:19,176 INFO trial epoch 2/10 batch 65/66 (98%) running_loss=1.0060
2026-08-15 05:31:19,482 INFO trial epoch 2/10 batch 66/66 (100%) running_loss=1.0053
2026-08-15 05:31:21,957 INFO trial epoch 2/10 done: train_loss=1.0053 val_macro_auc=0.7701
2026-08-15 05:31:28,615 INFO trial epoch 3/10 batch 13/66 (20%) running_loss=0.9468
2026-08-15 05:31:35,017 INFO trial epoch 3/10 batch 26/66 (39%) running_loss=0.9271
2026-08-15 05:31:41,308 INFO trial epoch 3/10 batch 39/66 (59%) running_loss=0.9299
2026-08-15 05:31:47,599 INFO trial epoch 3/10 batch 52/66 (79%) running_loss=0.9315
2026-08-15 05:31:53,883 INFO trial epoch 3/10 batch 65/66 (98%) running_loss=0.9298
2026-08-15 05:31:54,188 INFO trial epoch 3/10 batch 66/66 (100%) running_loss=0.9292
2026-08-15 05:31:56,662 INFO trial epoch 3/10 done: train_loss=0.9292 val_macro_auc=0.8102
2026-08-15 05:32:03,318 INFO trial epoch 4/10 batch 13/66 (20%) running_loss=0.8978
2026-08-15 05:32:09,607 INFO trial epoch 4/10 batch 26/66 (39%) running_loss=0.8466
2026-08-15 05:32:15,889 INFO trial epoch 4/10 batch 39/66 (59%) running_loss=0.8627
2026-08-15 05:32:22,177 INFO trial epoch 4/10 batch 52/66 (79%) running_loss=0.8544
2026-08-15 05:32:28,460 INFO trial epoch 4/10 batch 65/66 (98%) running_loss=0.8651
2026-08-15 05:32:28,766 INFO trial epoch 4/10 batch 66/66 (100%) running_loss=0.8656
2026-08-15 05:32:31,239 INFO trial epoch 4/10 done: train_loss=0.8656 val_macro_auc=0.7728
2026-08-15 05:32:37,906 INFO trial epoch 5/10 batch 13/66 (20%) running_loss=0.8707
2026-08-15 05:32:44,199 INFO trial epoch 5/10 batch 26/66 (39%) running_loss=0.8555
2026-08-15 05:32:50,488 INFO trial epoch 5/10 batch 39/66 (59%) running_loss=0.8497
2026-08-15 05:32:56,776 INFO trial epoch 5/10 batch 52/66 (79%) running_loss=0.8318
2026-08-15 05:33:03,068 INFO trial epoch 5/10 batch 65/66 (98%) running_loss=0.8242
2026-08-15 05:33:03,374 INFO trial epoch 5/10 batch 66/66 (100%) running_loss=0.8264
2026-08-15 05:33:05,836 INFO trial epoch 5/10 done: train_loss=0.8264 val_macro_auc=0.8155
2026-08-15 05:33:12,514 INFO trial epoch 6/10 batch 13/66 (20%) running_loss=0.8296
2026-08-15 05:33:18,798 INFO trial epoch 6/10 batch 26/66 (39%) running_loss=0.8152
2026-08-15 05:33:25,086 INFO trial epoch 6/10 batch 39/66 (59%) running_loss=0.7676
2026-08-15 05:33:31,374 INFO trial epoch 6/10 batch 52/66 (79%) running_loss=0.7810
2026-08-15 05:33:37,663 INFO trial epoch 6/10 batch 65/66 (98%) running_loss=0.7838
2026-08-15 05:33:37,968 INFO trial epoch 6/10 batch 66/66 (100%) running_loss=0.7841
2026-08-15 05:33:40,432 INFO trial epoch 6/10 done: train_loss=0.7841 val_macro_auc=0.8011
2026-08-15 05:33:47,108 INFO trial epoch 7/10 batch 13/66 (20%) running_loss=0.7834
2026-08-15 05:33:53,397 INFO trial epoch 7/10 batch 26/66 (39%) running_loss=0.7965
2026-08-15 05:33:59,683 INFO trial epoch 7/10 batch 39/66 (59%) running_loss=0.7863
2026-08-15 05:34:05,963 INFO trial epoch 7/10 batch 52/66 (79%) running_loss=0.7789
2026-08-15 05:34:12,248 INFO trial epoch 7/10 batch 65/66 (98%) running_loss=0.7840
2026-08-15 05:34:12,554 INFO trial epoch 7/10 batch 66/66 (100%) running_loss=0.7829
2026-08-15 05:34:15,015 INFO trial epoch 7/10 done: train_loss=0.7829 val_macro_auc=0.8141
2026-08-15 05:34:21,677 INFO trial epoch 8/10 batch 13/66 (20%) running_loss=0.8279
2026-08-15 05:34:27,965 INFO trial epoch 8/10 batch 26/66 (39%) running_loss=0.7803
2026-08-15 05:34:34,255 INFO trial epoch 8/10 batch 39/66 (59%) running_loss=0.7470
2026-08-15 05:34:40,546 INFO trial epoch 8/10 batch 52/66 (79%) running_loss=0.7397
2026-08-15 05:34:46,837 INFO trial epoch 8/10 batch 65/66 (98%) running_loss=0.7465
2026-08-15 05:34:47,143 INFO trial epoch 8/10 batch 66/66 (100%) running_loss=0.7444
2026-08-15 05:34:49,610 INFO trial epoch 8/10 done: train_loss=0.7444 val_macro_auc=0.8564
2026-08-15 05:34:56,286 INFO trial epoch 9/10 batch 13/66 (20%) running_loss=0.7579
2026-08-15 05:35:02,573 INFO trial epoch 9/10 batch 26/66 (39%) running_loss=0.7515
2026-08-15 05:35:08,861 INFO trial epoch 9/10 batch 39/66 (59%) running_loss=0.7249
2026-08-15 05:35:15,151 INFO trial epoch 9/10 batch 52/66 (79%) running_loss=0.7315
2026-08-15 05:35:21,443 INFO trial epoch 9/10 batch 65/66 (98%) running_loss=0.7160
2026-08-15 05:35:21,749 INFO trial epoch 9/10 batch 66/66 (100%) running_loss=0.7153
2026-08-15 05:35:24,217 INFO trial epoch 9/10 done: train_loss=0.7153 val_macro_auc=0.8330
2026-08-15 05:35:30,874 INFO trial epoch 10/10 batch 13/66 (20%) running_loss=0.7372
2026-08-15 05:35:37,161 INFO trial epoch 10/10 batch 26/66 (39%) running_loss=0.7225
2026-08-15 05:35:43,450 INFO trial epoch 10/10 batch 39/66 (59%) running_loss=0.7180
2026-08-15 05:35:49,743 INFO trial epoch 10/10 batch 52/66 (79%) running_loss=0.7076
2026-08-15 05:35:56,033 INFO trial epoch 10/10 batch 65/66 (98%) running_loss=0.6954
2026-08-15 05:35:56,338 INFO trial epoch 10/10 batch 66/66 (100%) running_loss=0.6949
2026-08-15 05:35:58,796 INFO trial epoch 10/10 done: train_loss=0.6949 val_macro_auc=0.8391
2026-08-15 05:35:58,943 INFO Trial 15/25: finished val_macro_auc=0.8428 (best so far: 0.8428)
2026-08-15 05:35:58,949 INFO Trial 16/25: starting (ops=brightness+rotation, 10 trial epochs)
2026-08-15 05:36:05,763 INFO trial epoch 1/10 batch 13/66 (20%) running_loss=1.1875
2026-08-15 05:36:12,057 INFO trial epoch 1/10 batch 26/66 (39%) running_loss=1.1571
2026-08-15 05:36:18,346 INFO trial epoch 1/10 batch 39/66 (59%) running_loss=1.1511
2026-08-15 05:36:24,642 INFO trial epoch 1/10 batch 52/66 (79%) running_loss=1.1385
2026-08-15 05:36:30,927 INFO trial epoch 1/10 batch 65/66 (98%) running_loss=1.1290
2026-08-15 05:36:31,233 INFO trial epoch 1/10 batch 66/66 (100%) running_loss=1.1313
2026-08-15 05:36:33,696 INFO trial epoch 1/10 done: train_loss=1.1313 val_macro_auc=0.5868
2026-08-15 05:36:40,362 INFO trial epoch 2/10 batch 13/66 (20%) running_loss=1.0916
2026-08-15 05:36:46,651 INFO trial epoch 2/10 batch 26/66 (39%) running_loss=1.0641
2026-08-15 05:36:52,936 INFO trial epoch 2/10 batch 39/66 (59%) running_loss=1.0561
2026-08-15 05:36:59,226 INFO trial epoch 2/10 batch 52/66 (79%) running_loss=1.0351
2026-08-15 05:37:05,514 INFO trial epoch 2/10 batch 65/66 (98%) running_loss=1.0208
2026-08-15 05:37:05,819 INFO trial epoch 2/10 batch 66/66 (100%) running_loss=1.0214
2026-08-15 05:37:08,287 INFO trial epoch 2/10 done: train_loss=1.0214 val_macro_auc=0.7534
2026-08-15 05:37:14,953 INFO trial epoch 3/10 batch 13/66 (20%) running_loss=0.9965
2026-08-15 05:37:21,361 INFO trial epoch 3/10 batch 26/66 (39%) running_loss=0.9863
2026-08-15 05:37:27,651 INFO trial epoch 3/10 batch 39/66 (59%) running_loss=0.9850
2026-08-15 05:37:33,942 INFO trial epoch 3/10 batch 52/66 (79%) running_loss=0.9829
2026-08-15 05:37:40,224 INFO trial epoch 3/10 batch 65/66 (98%) running_loss=0.9637
2026-08-15 05:37:40,528 INFO trial epoch 3/10 batch 66/66 (100%) running_loss=0.9654
2026-08-15 05:37:43,004 INFO trial epoch 3/10 done: train_loss=0.9654 val_macro_auc=0.7649
2026-08-15 05:37:49,669 INFO trial epoch 4/10 batch 13/66 (20%) running_loss=0.9108
2026-08-15 05:37:55,957 INFO trial epoch 4/10 batch 26/66 (39%) running_loss=0.8849
2026-08-15 05:38:02,243 INFO trial epoch 4/10 batch 39/66 (59%) running_loss=0.8784
2026-08-15 05:38:08,527 INFO trial epoch 4/10 batch 52/66 (79%) running_loss=0.8868
2026-08-15 05:38:14,812 INFO trial epoch 4/10 batch 65/66 (98%) running_loss=0.8922
2026-08-15 05:38:15,119 INFO trial epoch 4/10 batch 66/66 (100%) running_loss=0.8894
2026-08-15 05:38:17,588 INFO trial epoch 4/10 done: train_loss=0.8894 val_macro_auc=0.7584
2026-08-15 05:38:24,250 INFO trial epoch 5/10 batch 13/66 (20%) running_loss=0.8780
2026-08-15 05:38:30,536 INFO trial epoch 5/10 batch 26/66 (39%) running_loss=0.8403
2026-08-15 05:38:36,818 INFO trial epoch 5/10 batch 39/66 (59%) running_loss=0.8468
2026-08-15 05:38:43,106 INFO trial epoch 5/10 batch 52/66 (79%) running_loss=0.8486
2026-08-15 05:38:49,390 INFO trial epoch 5/10 batch 65/66 (98%) running_loss=0.8537
2026-08-15 05:38:49,696 INFO trial epoch 5/10 batch 66/66 (100%) running_loss=0.8532
2026-08-15 05:38:52,160 INFO trial epoch 5/10 done: train_loss=0.8532 val_macro_auc=0.8425
2026-08-15 05:38:58,820 INFO trial epoch 6/10 batch 13/66 (20%) running_loss=0.8017
2026-08-15 05:39:05,106 INFO trial epoch 6/10 batch 26/66 (39%) running_loss=0.7977
2026-08-15 05:39:11,393 INFO trial epoch 6/10 batch 39/66 (59%) running_loss=0.7990
2026-08-15 05:39:17,686 INFO trial epoch 6/10 batch 52/66 (79%) running_loss=0.7979
2026-08-15 05:39:23,970 INFO trial epoch 6/10 batch 65/66 (98%) running_loss=0.7958
2026-08-15 05:39:24,276 INFO trial epoch 6/10 batch 66/66 (100%) running_loss=0.7958
2026-08-15 05:39:26,734 INFO trial epoch 6/10 done: train_loss=0.7958 val_macro_auc=0.8385
2026-08-15 05:39:33,412 INFO trial epoch 7/10 batch 13/66 (20%) running_loss=0.7628
2026-08-15 05:39:39,703 INFO trial epoch 7/10 batch 26/66 (39%) running_loss=0.7549
2026-08-15 05:39:45,995 INFO trial epoch 7/10 batch 39/66 (59%) running_loss=0.7589
2026-08-15 05:39:52,281 INFO trial epoch 7/10 batch 52/66 (79%) running_loss=0.7604
2026-08-15 05:39:58,575 INFO trial epoch 7/10 batch 65/66 (98%) running_loss=0.7541
2026-08-15 05:39:58,880 INFO trial epoch 7/10 batch 66/66 (100%) running_loss=0.7555
2026-08-15 05:40:01,346 INFO trial epoch 7/10 done: train_loss=0.7555 val_macro_auc=0.8488
2026-08-15 05:40:08,006 INFO trial epoch 8/10 batch 13/66 (20%) running_loss=0.7088
2026-08-15 05:40:14,291 INFO trial epoch 8/10 batch 26/66 (39%) running_loss=0.7129
2026-08-15 05:40:20,585 INFO trial epoch 8/10 batch 39/66 (59%) running_loss=0.7164
2026-08-15 05:40:26,882 INFO trial epoch 8/10 batch 52/66 (79%) running_loss=0.7258
2026-08-15 05:40:33,169 INFO trial epoch 8/10 batch 65/66 (98%) running_loss=0.7240
2026-08-15 05:40:33,474 INFO trial epoch 8/10 batch 66/66 (100%) running_loss=0.7224
2026-08-15 05:40:35,933 INFO trial epoch 8/10 done: train_loss=0.7224 val_macro_auc=0.8459
2026-08-15 05:40:42,602 INFO trial epoch 9/10 batch 13/66 (20%) running_loss=0.7129
2026-08-15 05:40:48,890 INFO trial epoch 9/10 batch 26/66 (39%) running_loss=0.7135
2026-08-15 05:40:55,181 INFO trial epoch 9/10 batch 39/66 (59%) running_loss=0.7234
2026-08-15 05:41:01,475 INFO trial epoch 9/10 batch 52/66 (79%) running_loss=0.7216
2026-08-15 05:41:07,765 INFO trial epoch 9/10 batch 65/66 (98%) running_loss=0.7212
2026-08-15 05:41:08,072 INFO trial epoch 9/10 batch 66/66 (100%) running_loss=0.7233
2026-08-15 05:41:10,532 INFO trial epoch 9/10 done: train_loss=0.7233 val_macro_auc=0.8587
2026-08-15 05:41:17,207 INFO trial epoch 10/10 batch 13/66 (20%) running_loss=0.6897
2026-08-15 05:41:23,494 INFO trial epoch 10/10 batch 26/66 (39%) running_loss=0.7161
2026-08-15 05:41:29,780 INFO trial epoch 10/10 batch 39/66 (59%) running_loss=0.7176
2026-08-15 05:41:36,068 INFO trial epoch 10/10 batch 52/66 (79%) running_loss=0.7133
2026-08-15 05:41:42,355 INFO trial epoch 10/10 batch 65/66 (98%) running_loss=0.7119
2026-08-15 05:41:42,661 INFO trial epoch 10/10 batch 66/66 (100%) running_loss=0.7098
2026-08-15 05:41:45,131 INFO trial epoch 10/10 done: train_loss=0.7098 val_macro_auc=0.8619
2026-08-15 05:41:45,279 INFO Trial 16/25: finished val_macro_auc=0.8555 (best so far: 0.8555)
2026-08-15 05:41:45,283 INFO Trial 17/25: starting (ops=brightness+rotation, 10 trial epochs)
2026-08-15 05:41:52,119 INFO trial epoch 1/10 batch 13/66 (20%) running_loss=1.1397
2026-08-15 05:41:58,410 INFO trial epoch 1/10 batch 26/66 (39%) running_loss=1.1391
2026-08-15 05:42:04,699 INFO trial epoch 1/10 batch 39/66 (59%) running_loss=1.1397
2026-08-15 05:42:10,993 INFO trial epoch 1/10 batch 52/66 (79%) running_loss=1.1613
2026-08-15 05:42:17,285 INFO trial epoch 1/10 batch 65/66 (98%) running_loss=1.1747
2026-08-15 05:42:17,590 INFO trial epoch 1/10 batch 66/66 (100%) running_loss=1.1782
2026-08-15 05:42:20,060 INFO trial epoch 1/10 done: train_loss=1.1782 val_macro_auc=0.5064
2026-08-15 05:42:26,740 INFO trial epoch 2/10 batch 13/66 (20%) running_loss=1.1760
2026-08-15 05:42:33,032 INFO trial epoch 2/10 batch 26/66 (39%) running_loss=1.1324
2026-08-15 05:42:39,324 INFO trial epoch 2/10 batch 39/66 (59%) running_loss=1.1037
2026-08-15 05:42:45,610 INFO trial epoch 2/10 batch 52/66 (79%) running_loss=1.0777
2026-08-15 05:42:51,898 INFO trial epoch 2/10 batch 65/66 (98%) running_loss=1.0682
2026-08-15 05:42:52,204 INFO trial epoch 2/10 batch 66/66 (100%) running_loss=1.0669
2026-08-15 05:42:54,692 INFO trial epoch 2/10 done: train_loss=1.0669 val_macro_auc=0.7689
2026-08-15 05:43:01,354 INFO trial epoch 3/10 batch 13/66 (20%) running_loss=1.0302
2026-08-15 05:43:07,755 INFO trial epoch 3/10 batch 26/66 (39%) running_loss=1.0044
2026-08-15 05:43:14,042 INFO trial epoch 3/10 batch 39/66 (59%) running_loss=0.9975
2026-08-15 05:43:20,330 INFO trial epoch 3/10 batch 52/66 (79%) running_loss=0.9934
2026-08-15 05:43:26,616 INFO trial epoch 3/10 batch 65/66 (98%) running_loss=0.9921
2026-08-15 05:43:26,923 INFO trial epoch 3/10 batch 66/66 (100%) running_loss=0.9926
2026-08-15 05:43:29,392 INFO trial epoch 3/10 done: train_loss=0.9926 val_macro_auc=0.7854
2026-08-15 05:43:36,058 INFO trial epoch 4/10 batch 13/66 (20%) running_loss=1.0119
2026-08-15 05:43:42,354 INFO trial epoch 4/10 batch 26/66 (39%) running_loss=0.9632
2026-08-15 05:43:48,643 INFO trial epoch 4/10 batch 39/66 (59%) running_loss=0.9415
2026-08-15 05:43:54,926 INFO trial epoch 4/10 batch 52/66 (79%) running_loss=0.9345
2026-08-15 05:44:01,217 INFO trial epoch 4/10 batch 65/66 (98%) running_loss=0.9305
2026-08-15 05:44:01,521 INFO trial epoch 4/10 batch 66/66 (100%) running_loss=0.9289
2026-08-15 05:44:03,978 INFO trial epoch 4/10 done: train_loss=0.9289 val_macro_auc=0.7341
2026-08-15 05:44:10,651 INFO trial epoch 5/10 batch 13/66 (20%) running_loss=0.8678
2026-08-15 05:44:16,941 INFO trial epoch 5/10 batch 26/66 (39%) running_loss=0.8871
2026-08-15 05:44:23,225 INFO trial epoch 5/10 batch 39/66 (59%) running_loss=0.8783
2026-08-15 05:44:29,511 INFO trial epoch 5/10 batch 52/66 (79%) running_loss=0.8721
2026-08-15 05:44:35,794 INFO trial epoch 5/10 batch 65/66 (98%) running_loss=0.8746
2026-08-15 05:44:36,101 INFO trial epoch 5/10 batch 66/66 (100%) running_loss=0.8725
2026-08-15 05:44:38,565 INFO trial epoch 5/10 done: train_loss=0.8725 val_macro_auc=0.7945
2026-08-15 05:44:45,219 INFO trial epoch 6/10 batch 13/66 (20%) running_loss=0.8354
2026-08-15 05:44:51,506 INFO trial epoch 6/10 batch 26/66 (39%) running_loss=0.8124
2026-08-15 05:44:57,789 INFO trial epoch 6/10 batch 39/66 (59%) running_loss=0.8015
2026-08-15 05:45:04,073 INFO trial epoch 6/10 batch 52/66 (79%) running_loss=0.8167
2026-08-15 05:45:10,356 INFO trial epoch 6/10 batch 65/66 (98%) running_loss=0.8188
2026-08-15 05:45:10,661 INFO trial epoch 6/10 batch 66/66 (100%) running_loss=0.8190
2026-08-15 05:45:13,126 INFO trial epoch 6/10 done: train_loss=0.8190 val_macro_auc=0.7877
2026-08-15 05:45:19,799 INFO trial epoch 7/10 batch 13/66 (20%) running_loss=0.7922
2026-08-15 05:45:26,085 INFO trial epoch 7/10 batch 26/66 (39%) running_loss=0.8181
2026-08-15 05:45:32,374 INFO trial epoch 7/10 batch 39/66 (59%) running_loss=0.8059
2026-08-15 05:45:38,667 INFO trial epoch 7/10 batch 52/66 (79%) running_loss=0.8127
2026-08-15 05:45:44,957 INFO trial epoch 7/10 batch 65/66 (98%) running_loss=0.8054
2026-08-15 05:45:45,262 INFO trial epoch 7/10 batch 66/66 (100%) running_loss=0.8075
2026-08-15 05:45:47,738 INFO trial epoch 7/10 done: train_loss=0.8075 val_macro_auc=0.7679
2026-08-15 05:45:54,397 INFO trial epoch 8/10 batch 13/66 (20%) running_loss=0.7408
2026-08-15 05:46:00,683 INFO trial epoch 8/10 batch 26/66 (39%) running_loss=0.7326
2026-08-15 05:46:06,975 INFO trial epoch 8/10 batch 39/66 (59%) running_loss=0.7510
2026-08-15 05:46:13,264 INFO trial epoch 8/10 batch 52/66 (79%) running_loss=0.7570
2026-08-15 05:46:19,558 INFO trial epoch 8/10 batch 65/66 (98%) running_loss=0.7660
2026-08-15 05:46:19,864 INFO trial epoch 8/10 batch 66/66 (100%) running_loss=0.7662
2026-08-15 05:46:22,336 INFO trial epoch 8/10 done: train_loss=0.7662 val_macro_auc=0.8001
2026-08-15 05:46:29,008 INFO trial epoch 9/10 batch 13/66 (20%) running_loss=0.7377
2026-08-15 05:46:35,289 INFO trial epoch 9/10 batch 26/66 (39%) running_loss=0.7648
2026-08-15 05:46:41,573 INFO trial epoch 9/10 batch 39/66 (59%) running_loss=0.7587
2026-08-15 05:46:47,863 INFO trial epoch 9/10 batch 52/66 (79%) running_loss=0.7688
2026-08-15 05:46:54,153 INFO trial epoch 9/10 batch 65/66 (98%) running_loss=0.7742
2026-08-15 05:46:54,459 INFO trial epoch 9/10 batch 66/66 (100%) running_loss=0.7734
2026-08-15 05:46:56,925 INFO trial epoch 9/10 done: train_loss=0.7734 val_macro_auc=0.7897
2026-08-15 05:47:03,597 INFO trial epoch 10/10 batch 13/66 (20%) running_loss=0.7210
2026-08-15 05:47:09,887 INFO trial epoch 10/10 batch 26/66 (39%) running_loss=0.7409
2026-08-15 05:47:16,173 INFO trial epoch 10/10 batch 39/66 (59%) running_loss=0.7364
2026-08-15 05:47:22,464 INFO trial epoch 10/10 batch 52/66 (79%) running_loss=0.7330
2026-08-15 05:47:28,751 INFO trial epoch 10/10 batch 65/66 (98%) running_loss=0.7331
2026-08-15 05:47:29,056 INFO trial epoch 10/10 batch 66/66 (100%) running_loss=0.7338
2026-08-15 05:47:31,521 INFO trial epoch 10/10 done: train_loss=0.7338 val_macro_auc=0.7852
2026-08-15 05:47:31,667 INFO Trial 17/25: finished val_macro_auc=0.7917 (best so far: 0.8555)
2026-08-15 05:47:31,670 INFO Trial 18/25: starting (ops=horizontal_flip+rotation, 10 trial epochs)
2026-08-15 05:47:38,494 INFO trial epoch 1/10 batch 13/66 (20%) running_loss=1.1500
2026-08-15 05:47:44,780 INFO trial epoch 1/10 batch 26/66 (39%) running_loss=1.2208
2026-08-15 05:47:51,073 INFO trial epoch 1/10 batch 39/66 (59%) running_loss=1.1960
2026-08-15 05:47:57,368 INFO trial epoch 1/10 batch 52/66 (79%) running_loss=1.1868
2026-08-15 05:48:03,662 INFO trial epoch 1/10 batch 65/66 (98%) running_loss=1.1730
2026-08-15 05:48:03,969 INFO trial epoch 1/10 batch 66/66 (100%) running_loss=1.1726
2026-08-15 05:48:06,426 INFO trial epoch 1/10 done: train_loss=1.1726 val_macro_auc=0.5598
2026-08-15 05:48:13,093 INFO trial epoch 2/10 batch 13/66 (20%) running_loss=1.1349
2026-08-15 05:48:19,385 INFO trial epoch 2/10 batch 26/66 (39%) running_loss=1.1005
2026-08-15 05:48:25,671 INFO trial epoch 2/10 batch 39/66 (59%) running_loss=1.0883
2026-08-15 05:48:31,969 INFO trial epoch 2/10 batch 52/66 (79%) running_loss=1.0859
2026-08-15 05:48:38,259 INFO trial epoch 2/10 batch 65/66 (98%) running_loss=1.0643
2026-08-15 05:48:38,565 INFO trial epoch 2/10 batch 66/66 (100%) running_loss=1.0630
2026-08-15 05:48:41,033 INFO trial epoch 2/10 done: train_loss=1.0630 val_macro_auc=0.7741
2026-08-15 05:48:47,693 INFO trial epoch 3/10 batch 13/66 (20%) running_loss=0.9376
2026-08-15 05:48:54,104 INFO trial epoch 3/10 batch 26/66 (39%) running_loss=0.9681
2026-08-15 05:49:00,392 INFO trial epoch 3/10 batch 39/66 (59%) running_loss=0.9592
2026-08-15 05:49:06,684 INFO trial epoch 3/10 batch 52/66 (79%) running_loss=0.9709
2026-08-15 05:49:12,975 INFO trial epoch 3/10 batch 65/66 (98%) running_loss=0.9557
2026-08-15 05:49:13,280 INFO trial epoch 3/10 batch 66/66 (100%) running_loss=0.9542
2026-08-15 05:49:15,742 INFO trial epoch 3/10 done: train_loss=0.9542 val_macro_auc=0.7745
2026-08-15 05:49:22,404 INFO trial epoch 4/10 batch 13/66 (20%) running_loss=0.9129
2026-08-15 05:49:28,689 INFO trial epoch 4/10 batch 26/66 (39%) running_loss=0.9379
2026-08-15 05:49:34,973 INFO trial epoch 4/10 batch 39/66 (59%) running_loss=0.9262
2026-08-15 05:49:41,263 INFO trial epoch 4/10 batch 52/66 (79%) running_loss=0.9130
2026-08-15 05:49:47,547 INFO trial epoch 4/10 batch 65/66 (98%) running_loss=0.8970
2026-08-15 05:49:47,854 INFO trial epoch 4/10 batch 66/66 (100%) running_loss=0.8985
2026-08-15 05:49:50,313 INFO trial epoch 4/10 done: train_loss=0.8985 val_macro_auc=0.8061
2026-08-15 05:49:56,975 INFO trial epoch 5/10 batch 13/66 (20%) running_loss=0.8803
2026-08-15 05:50:03,262 INFO trial epoch 5/10 batch 26/66 (39%) running_loss=0.8558
2026-08-15 05:50:09,554 INFO trial epoch 5/10 batch 39/66 (59%) running_loss=0.8564
2026-08-15 05:50:15,841 INFO trial epoch 5/10 batch 52/66 (79%) running_loss=0.8398
2026-08-15 05:50:22,125 INFO trial epoch 5/10 batch 65/66 (98%) running_loss=0.8350
2026-08-15 05:50:22,430 INFO trial epoch 5/10 batch 66/66 (100%) running_loss=0.8359
2026-08-15 05:50:24,901 INFO trial epoch 5/10 done: train_loss=0.8359 val_macro_auc=0.8205
2026-08-15 05:50:31,570 INFO trial epoch 6/10 batch 13/66 (20%) running_loss=0.8042
2026-08-15 05:50:37,852 INFO trial epoch 6/10 batch 26/66 (39%) running_loss=0.8024
2026-08-15 05:50:44,139 INFO trial epoch 6/10 batch 39/66 (59%) running_loss=0.7885
2026-08-15 05:50:50,431 INFO trial epoch 6/10 batch 52/66 (79%) running_loss=0.7945
2026-08-15 05:50:56,719 INFO trial epoch 6/10 batch 65/66 (98%) running_loss=0.7967
2026-08-15 05:50:57,025 INFO trial epoch 6/10 batch 66/66 (100%) running_loss=0.7943
2026-08-15 05:50:59,490 INFO trial epoch 6/10 done: train_loss=0.7943 val_macro_auc=0.8194
2026-08-15 05:51:06,156 INFO trial epoch 7/10 batch 13/66 (20%) running_loss=0.7833
2026-08-15 05:51:12,442 INFO trial epoch 7/10 batch 26/66 (39%) running_loss=0.7568
2026-08-15 05:51:18,729 INFO trial epoch 7/10 batch 39/66 (59%) running_loss=0.7529
2026-08-15 05:51:25,014 INFO trial epoch 7/10 batch 52/66 (79%) running_loss=0.7597
2026-08-15 05:51:31,303 INFO trial epoch 7/10 batch 65/66 (98%) running_loss=0.7559
2026-08-15 05:51:31,608 INFO trial epoch 7/10 batch 66/66 (100%) running_loss=0.7550
2026-08-15 05:51:34,076 INFO trial epoch 7/10 done: train_loss=0.7550 val_macro_auc=0.8229
2026-08-15 05:51:40,732 INFO trial epoch 8/10 batch 13/66 (20%) running_loss=0.7123
2026-08-15 05:51:47,015 INFO trial epoch 8/10 batch 26/66 (39%) running_loss=0.7406
2026-08-15 05:51:53,303 INFO trial epoch 8/10 batch 39/66 (59%) running_loss=0.7294
2026-08-15 05:51:59,584 INFO trial epoch 8/10 batch 52/66 (79%) running_loss=0.7260
2026-08-15 05:52:05,871 INFO trial epoch 8/10 batch 65/66 (98%) running_loss=0.7138
2026-08-15 05:52:06,176 INFO trial epoch 8/10 batch 66/66 (100%) running_loss=0.7169
2026-08-15 05:52:08,649 INFO trial epoch 8/10 done: train_loss=0.7169 val_macro_auc=0.8368
2026-08-15 05:52:15,295 INFO trial epoch 9/10 batch 13/66 (20%) running_loss=0.7541
2026-08-15 05:52:21,578 INFO trial epoch 9/10 batch 26/66 (39%) running_loss=0.7106
2026-08-15 05:52:27,860 INFO trial epoch 9/10 batch 39/66 (59%) running_loss=0.7007
2026-08-15 05:52:34,148 INFO trial epoch 9/10 batch 52/66 (79%) running_loss=0.6933
2026-08-15 05:52:40,431 INFO trial epoch 9/10 batch 65/66 (98%) running_loss=0.6936
2026-08-15 05:52:40,737 INFO trial epoch 9/10 batch 66/66 (100%) running_loss=0.6971
2026-08-15 05:52:43,201 INFO trial epoch 9/10 done: train_loss=0.6971 val_macro_auc=0.8234
2026-08-15 05:52:49,856 INFO trial epoch 10/10 batch 13/66 (20%) running_loss=0.6698
2026-08-15 05:52:56,139 INFO trial epoch 10/10 batch 26/66 (39%) running_loss=0.6793
2026-08-15 05:53:02,422 INFO trial epoch 10/10 batch 39/66 (59%) running_loss=0.6653
2026-08-15 05:53:08,714 INFO trial epoch 10/10 batch 52/66 (79%) running_loss=0.6681
2026-08-15 05:53:15,006 INFO trial epoch 10/10 batch 65/66 (98%) running_loss=0.6708
2026-08-15 05:53:15,312 INFO trial epoch 10/10 batch 66/66 (100%) running_loss=0.6715
2026-08-15 05:53:17,788 INFO trial epoch 10/10 done: train_loss=0.6715 val_macro_auc=0.8209
2026-08-15 05:53:17,934 INFO Trial 18/25: finished val_macro_auc=0.8271 (best so far: 0.8555)
2026-08-15 05:53:17,937 INFO Trial 19/25: starting (ops=horizontal_flip+rotation, 10 trial epochs)
2026-08-15 05:53:24,762 INFO trial epoch 1/10 batch 13/66 (20%) running_loss=1.1301
2026-08-15 05:53:31,056 INFO trial epoch 1/10 batch 26/66 (39%) running_loss=1.1600
2026-08-15 05:53:37,354 INFO trial epoch 1/10 batch 39/66 (59%) running_loss=1.1468
2026-08-15 05:53:43,641 INFO trial epoch 1/10 batch 52/66 (79%) running_loss=1.1424
2026-08-15 05:53:49,941 INFO trial epoch 1/10 batch 65/66 (98%) running_loss=1.1292
2026-08-15 05:53:50,245 INFO trial epoch 1/10 batch 66/66 (100%) running_loss=1.1321
2026-08-15 05:53:52,725 INFO trial epoch 1/10 done: train_loss=1.1321 val_macro_auc=0.4842
2026-08-15 05:53:59,383 INFO trial epoch 2/10 batch 13/66 (20%) running_loss=1.1506
2026-08-15 05:54:05,674 INFO trial epoch 2/10 batch 26/66 (39%) running_loss=1.1350
2026-08-15 05:54:11,966 INFO trial epoch 2/10 batch 39/66 (59%) running_loss=1.1214
2026-08-15 05:54:18,259 INFO trial epoch 2/10 batch 52/66 (79%) running_loss=1.1101
2026-08-15 05:54:24,551 INFO trial epoch 2/10 batch 65/66 (98%) running_loss=1.1023
2026-08-15 05:54:24,857 INFO trial epoch 2/10 batch 66/66 (100%) running_loss=1.1019
2026-08-15 05:54:27,324 INFO trial epoch 2/10 done: train_loss=1.1019 val_macro_auc=0.6512
2026-08-15 05:54:33,992 INFO trial epoch 3/10 batch 13/66 (20%) running_loss=1.0785
2026-08-15 05:54:40,397 INFO trial epoch 3/10 batch 26/66 (39%) running_loss=1.0546
2026-08-15 05:54:46,685 INFO trial epoch 3/10 batch 39/66 (59%) running_loss=1.0479
2026-08-15 05:54:52,986 INFO trial epoch 3/10 batch 52/66 (79%) running_loss=1.0393
2026-08-15 05:54:59,274 INFO trial epoch 3/10 batch 65/66 (98%) running_loss=1.0327
2026-08-15 05:54:59,579 INFO trial epoch 3/10 batch 66/66 (100%) running_loss=1.0321
2026-08-15 05:55:02,036 INFO trial epoch 3/10 done: train_loss=1.0321 val_macro_auc=0.7621
2026-08-15 05:55:08,695 INFO trial epoch 4/10 batch 13/66 (20%) running_loss=1.0149
2026-08-15 05:55:14,990 INFO trial epoch 4/10 batch 26/66 (39%) running_loss=0.9829
2026-08-15 05:55:21,279 INFO trial epoch 4/10 batch 39/66 (59%) running_loss=0.9686
2026-08-15 05:55:27,578 INFO trial epoch 4/10 batch 52/66 (79%) running_loss=0.9480
2026-08-15 05:55:33,870 INFO trial epoch 4/10 batch 65/66 (98%) running_loss=0.9364
2026-08-15 05:55:34,175 INFO trial epoch 4/10 batch 66/66 (100%) running_loss=0.9352
2026-08-15 05:55:36,640 INFO trial epoch 4/10 done: train_loss=0.9352 val_macro_auc=0.7751
2026-08-15 05:55:43,320 INFO trial epoch 5/10 batch 13/66 (20%) running_loss=0.9158
2026-08-15 05:55:49,611 INFO trial epoch 5/10 batch 26/66 (39%) running_loss=0.9204
2026-08-15 05:55:55,906 INFO trial epoch 5/10 batch 39/66 (59%) running_loss=0.9054
2026-08-15 05:56:02,199 INFO trial epoch 5/10 batch 52/66 (79%) running_loss=0.9005
2026-08-15 05:56:08,486 INFO trial epoch 5/10 batch 65/66 (98%) running_loss=0.8933
2026-08-15 05:56:08,791 INFO trial epoch 5/10 batch 66/66 (100%) running_loss=0.8935
2026-08-15 05:56:11,261 INFO trial epoch 5/10 done: train_loss=0.8935 val_macro_auc=0.7756
2026-08-15 05:56:17,939 INFO trial epoch 6/10 batch 13/66 (20%) running_loss=0.8705
2026-08-15 05:56:24,232 INFO trial epoch 6/10 batch 26/66 (39%) running_loss=0.8455
2026-08-15 05:56:30,524 INFO trial epoch 6/10 batch 39/66 (59%) running_loss=0.8522
2026-08-15 05:56:36,815 INFO trial epoch 6/10 batch 52/66 (79%) running_loss=0.8565
2026-08-15 05:56:43,113 INFO trial epoch 6/10 batch 65/66 (98%) running_loss=0.8469
2026-08-15 05:56:43,419 INFO trial epoch 6/10 batch 66/66 (100%) running_loss=0.8483
2026-08-15 05:56:45,906 INFO trial epoch 6/10 done: train_loss=0.8483 val_macro_auc=0.7904
2026-08-15 05:56:52,568 INFO trial epoch 7/10 batch 13/66 (20%) running_loss=0.8140
2026-08-15 05:56:58,858 INFO trial epoch 7/10 batch 26/66 (39%) running_loss=0.7865
2026-08-15 05:57:05,152 INFO trial epoch 7/10 batch 39/66 (59%) running_loss=0.7904
2026-08-15 05:57:11,441 INFO trial epoch 7/10 batch 52/66 (79%) running_loss=0.7822
2026-08-15 05:57:17,732 INFO trial epoch 7/10 batch 65/66 (98%) running_loss=0.7782
2026-08-15 05:57:18,037 INFO trial epoch 7/10 batch 66/66 (100%) running_loss=0.7765
2026-08-15 05:57:20,525 INFO trial epoch 7/10 done: train_loss=0.7765 val_macro_auc=0.7715
2026-08-15 05:57:27,188 INFO trial epoch 8/10 batch 13/66 (20%) running_loss=0.7751
2026-08-15 05:57:33,472 INFO trial epoch 8/10 batch 26/66 (39%) running_loss=0.7688
2026-08-15 05:57:39,763 INFO trial epoch 8/10 batch 39/66 (59%) running_loss=0.7616
2026-08-15 05:57:46,056 INFO trial epoch 8/10 batch 52/66 (79%) running_loss=0.7556
2026-08-15 05:57:52,347 INFO trial epoch 8/10 batch 65/66 (98%) running_loss=0.7549
2026-08-15 05:57:52,654 INFO trial epoch 8/10 batch 66/66 (100%) running_loss=0.7557
2026-08-15 05:57:55,116 INFO trial epoch 8/10 done: train_loss=0.7557 val_macro_auc=0.7871
2026-08-15 05:58:01,766 INFO trial epoch 9/10 batch 13/66 (20%) running_loss=0.7669
2026-08-15 05:58:08,051 INFO trial epoch 9/10 batch 26/66 (39%) running_loss=0.7462
2026-08-15 05:58:14,345 INFO trial epoch 9/10 batch 39/66 (59%) running_loss=0.7334
2026-08-15 05:58:20,637 INFO trial epoch 9/10 batch 52/66 (79%) running_loss=0.7309
2026-08-15 05:58:26,926 INFO trial epoch 9/10 batch 65/66 (98%) running_loss=0.7262
2026-08-15 05:58:27,232 INFO trial epoch 9/10 batch 66/66 (100%) running_loss=0.7256
2026-08-15 05:58:29,716 INFO trial epoch 9/10 done: train_loss=0.7256 val_macro_auc=0.7905
2026-08-15 05:58:36,386 INFO trial epoch 10/10 batch 13/66 (20%) running_loss=0.7350
2026-08-15 05:58:42,675 INFO trial epoch 10/10 batch 26/66 (39%) running_loss=0.6937
2026-08-15 05:58:48,970 INFO trial epoch 10/10 batch 39/66 (59%) running_loss=0.7245
2026-08-15 05:58:55,263 INFO trial epoch 10/10 batch 52/66 (79%) running_loss=0.7254
2026-08-15 05:59:01,548 INFO trial epoch 10/10 batch 65/66 (98%) running_loss=0.7192
2026-08-15 05:59:01,853 INFO trial epoch 10/10 batch 66/66 (100%) running_loss=0.7211
2026-08-15 05:59:04,343 INFO trial epoch 10/10 done: train_loss=0.7211 val_macro_auc=0.7864
2026-08-15 05:59:04,490 INFO Trial 19/25: finished val_macro_auc=0.7880 (best so far: 0.8555)
2026-08-15 05:59:04,494 INFO Trial 20/25: starting (ops=brightness+rotation, 10 trial epochs)
2026-08-15 05:59:11,322 INFO trial epoch 1/10 batch 13/66 (20%) running_loss=1.1329
2026-08-15 05:59:17,609 INFO trial epoch 1/10 batch 26/66 (39%) running_loss=1.1547
2026-08-15 05:59:23,898 INFO trial epoch 1/10 batch 39/66 (59%) running_loss=1.1617
2026-08-15 05:59:30,192 INFO trial epoch 1/10 batch 52/66 (79%) running_loss=1.1446
2026-08-15 05:59:36,484 INFO trial epoch 1/10 batch 65/66 (98%) running_loss=1.1385
2026-08-15 05:59:36,792 INFO trial epoch 1/10 batch 66/66 (100%) running_loss=1.1385
2026-08-15 05:59:39,255 INFO trial epoch 1/10 done: train_loss=1.1385 val_macro_auc=0.7593
2026-08-15 05:59:45,932 INFO trial epoch 2/10 batch 13/66 (20%) running_loss=1.0932
2026-08-15 05:59:52,220 INFO trial epoch 2/10 batch 26/66 (39%) running_loss=1.0851
2026-08-15 05:59:58,504 INFO trial epoch 2/10 batch 39/66 (59%) running_loss=1.0609
2026-08-15 06:00:04,800 INFO trial epoch 2/10 batch 52/66 (79%) running_loss=1.0543
2026-08-15 06:00:11,084 INFO trial epoch 2/10 batch 65/66 (98%) running_loss=1.0407
2026-08-15 06:00:11,390 INFO trial epoch 2/10 batch 66/66 (100%) running_loss=1.0407
2026-08-15 06:00:13,853 INFO trial epoch 2/10 done: train_loss=1.0407 val_macro_auc=0.7566
2026-08-15 06:00:20,511 INFO trial epoch 3/10 batch 13/66 (20%) running_loss=0.9651
2026-08-15 06:00:26,918 INFO trial epoch 3/10 batch 26/66 (39%) running_loss=0.9495
2026-08-15 06:00:33,207 INFO trial epoch 3/10 batch 39/66 (59%) running_loss=0.9508
2026-08-15 06:00:39,497 INFO trial epoch 3/10 batch 52/66 (79%) running_loss=0.9448
2026-08-15 06:00:45,783 INFO trial epoch 3/10 batch 65/66 (98%) running_loss=0.9337
2026-08-15 06:00:46,087 INFO trial epoch 3/10 batch 66/66 (100%) running_loss=0.9326
2026-08-15 06:00:48,575 INFO trial epoch 3/10 done: train_loss=0.9326 val_macro_auc=0.7688
2026-08-15 06:00:55,226 INFO trial epoch 4/10 batch 13/66 (20%) running_loss=0.9488
2026-08-15 06:01:01,514 INFO trial epoch 4/10 batch 26/66 (39%) running_loss=0.9302
2026-08-15 06:01:07,804 INFO trial epoch 4/10 batch 39/66 (59%) running_loss=0.9084
2026-08-15 06:01:14,088 INFO trial epoch 4/10 batch 52/66 (79%) running_loss=0.8902
2026-08-15 06:01:20,373 INFO trial epoch 4/10 batch 65/66 (98%) running_loss=0.8932
2026-08-15 06:01:20,678 INFO trial epoch 4/10 batch 66/66 (100%) running_loss=0.8936
2026-08-15 06:01:23,153 INFO trial epoch 4/10 done: train_loss=0.8936 val_macro_auc=0.7648
2026-08-15 06:01:29,837 INFO trial epoch 5/10 batch 13/66 (20%) running_loss=0.8352
2026-08-15 06:01:36,124 INFO trial epoch 5/10 batch 26/66 (39%) running_loss=0.8331
2026-08-15 06:01:42,416 INFO trial epoch 5/10 batch 39/66 (59%) running_loss=0.8176
2026-08-15 06:01:48,699 INFO trial epoch 5/10 batch 52/66 (79%) running_loss=0.8261
2026-08-15 06:01:54,984 INFO trial epoch 5/10 batch 65/66 (98%) running_loss=0.8190
2026-08-15 06:01:55,290 INFO trial epoch 5/10 batch 66/66 (100%) running_loss=0.8193
2026-08-15 06:01:57,769 INFO trial epoch 5/10 done: train_loss=0.8193 val_macro_auc=0.7997
2026-08-15 06:02:04,432 INFO trial epoch 6/10 batch 13/66 (20%) running_loss=0.8362
2026-08-15 06:02:10,715 INFO trial epoch 6/10 batch 26/66 (39%) running_loss=0.8141
2026-08-15 06:02:17,005 INFO trial epoch 6/10 batch 39/66 (59%) running_loss=0.7964
2026-08-15 06:02:23,295 INFO trial epoch 6/10 batch 52/66 (79%) running_loss=0.7774
2026-08-15 06:02:29,581 INFO trial epoch 6/10 batch 65/66 (98%) running_loss=0.7824
2026-08-15 06:02:29,887 INFO trial epoch 6/10 batch 66/66 (100%) running_loss=0.7816
2026-08-15 06:02:32,354 INFO trial epoch 6/10 done: train_loss=0.7816 val_macro_auc=0.8136
2026-08-15 06:02:39,031 INFO trial epoch 7/10 batch 13/66 (20%) running_loss=0.7643
2026-08-15 06:02:45,318 INFO trial epoch 7/10 batch 26/66 (39%) running_loss=0.7665
2026-08-15 06:02:51,606 INFO trial epoch 7/10 batch 39/66 (59%) running_loss=0.7438
2026-08-15 06:02:57,895 INFO trial epoch 7/10 batch 52/66 (79%) running_loss=0.7505
2026-08-15 06:03:04,186 INFO trial epoch 7/10 batch 65/66 (98%) running_loss=0.7581
2026-08-15 06:03:04,491 INFO trial epoch 7/10 batch 66/66 (100%) running_loss=0.7562
2026-08-15 06:03:06,956 INFO trial epoch 7/10 done: train_loss=0.7562 val_macro_auc=0.8202
2026-08-15 06:03:13,623 INFO trial epoch 8/10 batch 13/66 (20%) running_loss=0.6850
2026-08-15 06:03:19,908 INFO trial epoch 8/10 batch 26/66 (39%) running_loss=0.7181
2026-08-15 06:03:26,200 INFO trial epoch 8/10 batch 39/66 (59%) running_loss=0.7219
2026-08-15 06:03:32,489 INFO trial epoch 8/10 batch 52/66 (79%) running_loss=0.7142
2026-08-15 06:03:38,775 INFO trial epoch 8/10 batch 65/66 (98%) running_loss=0.7042
2026-08-15 06:03:39,080 INFO trial epoch 8/10 batch 66/66 (100%) running_loss=0.7021
2026-08-15 06:03:41,562 INFO trial epoch 8/10 done: train_loss=0.7021 val_macro_auc=0.8321
2026-08-15 06:03:48,229 INFO trial epoch 9/10 batch 13/66 (20%) running_loss=0.6647
2026-08-15 06:03:54,524 INFO trial epoch 9/10 batch 26/66 (39%) running_loss=0.6602
2026-08-15 06:04:00,816 INFO trial epoch 9/10 batch 39/66 (59%) running_loss=0.6713
2026-08-15 06:04:07,106 INFO trial epoch 9/10 batch 52/66 (79%) running_loss=0.6858
2026-08-15 06:04:13,391 INFO trial epoch 9/10 batch 65/66 (98%) running_loss=0.6873
2026-08-15 06:04:13,699 INFO trial epoch 9/10 batch 66/66 (100%) running_loss=0.6863
2026-08-15 06:04:16,166 INFO trial epoch 9/10 done: train_loss=0.6863 val_macro_auc=0.8320
2026-08-15 06:04:22,833 INFO trial epoch 10/10 batch 13/66 (20%) running_loss=0.6301
2026-08-15 06:04:29,121 INFO trial epoch 10/10 batch 26/66 (39%) running_loss=0.6666
2026-08-15 06:04:35,415 INFO trial epoch 10/10 batch 39/66 (59%) running_loss=0.6580
2026-08-15 06:04:41,697 INFO trial epoch 10/10 batch 52/66 (79%) running_loss=0.6678
2026-08-15 06:04:47,978 INFO trial epoch 10/10 batch 65/66 (98%) running_loss=0.6762
2026-08-15 06:04:48,284 INFO trial epoch 10/10 batch 66/66 (100%) running_loss=0.6767
2026-08-15 06:04:50,760 INFO trial epoch 10/10 done: train_loss=0.6767 val_macro_auc=0.8319
2026-08-15 06:04:50,908 INFO Trial 20/25: finished val_macro_auc=0.8320 (best so far: 0.8555)
2026-08-15 06:04:50,915 INFO Trial 21/25: starting (ops=brightness+rotation, 10 trial epochs)
2026-08-15 06:04:57,736 INFO trial epoch 1/10 batch 13/66 (20%) running_loss=1.1669
2026-08-15 06:05:04,024 INFO trial epoch 1/10 batch 26/66 (39%) running_loss=1.1933
2026-08-15 06:05:10,311 INFO trial epoch 1/10 batch 39/66 (59%) running_loss=1.2169
2026-08-15 06:05:16,604 INFO trial epoch 1/10 batch 52/66 (79%) running_loss=1.1898
2026-08-15 06:05:22,894 INFO trial epoch 1/10 batch 65/66 (98%) running_loss=1.1634
2026-08-15 06:05:23,199 INFO trial epoch 1/10 batch 66/66 (100%) running_loss=1.1609
2026-08-15 06:05:25,671 INFO trial epoch 1/10 done: train_loss=1.1609 val_macro_auc=0.7150
2026-08-15 06:05:32,339 INFO trial epoch 2/10 batch 13/66 (20%) running_loss=1.1105
2026-08-15 06:05:38,622 INFO trial epoch 2/10 batch 26/66 (39%) running_loss=1.1118
2026-08-15 06:05:44,909 INFO trial epoch 2/10 batch 39/66 (59%) running_loss=1.1017
2026-08-15 06:05:51,194 INFO trial epoch 2/10 batch 52/66 (79%) running_loss=1.0836
2026-08-15 06:05:57,485 INFO trial epoch 2/10 batch 65/66 (98%) running_loss=1.0583
2026-08-15 06:05:57,790 INFO trial epoch 2/10 batch 66/66 (100%) running_loss=1.0572
2026-08-15 06:06:00,254 INFO trial epoch 2/10 done: train_loss=1.0572 val_macro_auc=0.7507
2026-08-15 06:06:06,923 INFO trial epoch 3/10 batch 13/66 (20%) running_loss=1.0108
2026-08-15 06:06:13,321 INFO trial epoch 3/10 batch 26/66 (39%) running_loss=0.9788
2026-08-15 06:06:19,605 INFO trial epoch 3/10 batch 39/66 (59%) running_loss=0.9763
2026-08-15 06:06:25,897 INFO trial epoch 3/10 batch 52/66 (79%) running_loss=0.9785
2026-08-15 06:06:32,187 INFO trial epoch 3/10 batch 65/66 (98%) running_loss=0.9733
2026-08-15 06:06:32,494 INFO trial epoch 3/10 batch 66/66 (100%) running_loss=0.9731
2026-08-15 06:06:34,964 INFO trial epoch 3/10 done: train_loss=0.9731 val_macro_auc=0.7750
2026-08-15 06:06:41,653 INFO trial epoch 4/10 batch 13/66 (20%) running_loss=0.9229
2026-08-15 06:06:47,939 INFO trial epoch 4/10 batch 26/66 (39%) running_loss=0.8992
2026-08-15 06:06:54,228 INFO trial epoch 4/10 batch 39/66 (59%) running_loss=0.9042
2026-08-15 06:07:00,521 INFO trial epoch 4/10 batch 52/66 (79%) running_loss=0.9144
2026-08-15 06:07:06,807 INFO trial epoch 4/10 batch 65/66 (98%) running_loss=0.9039
2026-08-15 06:07:07,113 INFO trial epoch 4/10 batch 66/66 (100%) running_loss=0.9019
2026-08-15 06:07:09,581 INFO trial epoch 4/10 done: train_loss=0.9019 val_macro_auc=0.7882
2026-08-15 06:07:16,254 INFO trial epoch 5/10 batch 13/66 (20%) running_loss=0.8367
2026-08-15 06:07:22,540 INFO trial epoch 5/10 batch 26/66 (39%) running_loss=0.8345
2026-08-15 06:07:28,833 INFO trial epoch 5/10 batch 39/66 (59%) running_loss=0.8439
2026-08-15 06:07:35,124 INFO trial epoch 5/10 batch 52/66 (79%) running_loss=0.8439
2026-08-15 06:07:41,419 INFO trial epoch 5/10 batch 65/66 (98%) running_loss=0.8422
2026-08-15 06:07:41,725 INFO trial epoch 5/10 batch 66/66 (100%) running_loss=0.8442
2026-08-15 06:07:44,195 INFO trial epoch 5/10 done: train_loss=0.8442 val_macro_auc=0.7912
2026-08-15 06:07:50,863 INFO trial epoch 6/10 batch 13/66 (20%) running_loss=0.8036
2026-08-15 06:07:57,151 INFO trial epoch 6/10 batch 26/66 (39%) running_loss=0.8280
2026-08-15 06:08:03,433 INFO trial epoch 6/10 batch 39/66 (59%) running_loss=0.8303
2026-08-15 06:08:09,717 INFO trial epoch 6/10 batch 52/66 (79%) running_loss=0.8187
2026-08-15 06:08:16,007 INFO trial epoch 6/10 batch 65/66 (98%) running_loss=0.8125
2026-08-15 06:08:16,311 INFO trial epoch 6/10 batch 66/66 (100%) running_loss=0.8132
2026-08-15 06:08:18,776 INFO trial epoch 6/10 done: train_loss=0.8132 val_macro_auc=0.7997
2026-08-15 06:08:25,453 INFO trial epoch 7/10 batch 13/66 (20%) running_loss=0.7826
2026-08-15 06:08:31,736 INFO trial epoch 7/10 batch 26/66 (39%) running_loss=0.7979
2026-08-15 06:08:38,022 INFO trial epoch 7/10 batch 39/66 (59%) running_loss=0.7796
2026-08-15 06:08:44,311 INFO trial epoch 7/10 batch 52/66 (79%) running_loss=0.7833
2026-08-15 06:08:50,594 INFO trial epoch 7/10 batch 65/66 (98%) running_loss=0.7810
2026-08-15 06:08:50,899 INFO trial epoch 7/10 batch 66/66 (100%) running_loss=0.7809
2026-08-15 06:08:53,356 INFO trial epoch 7/10 done: train_loss=0.7809 val_macro_auc=0.8240
2026-08-15 06:09:00,008 INFO trial epoch 8/10 batch 13/66 (20%) running_loss=0.7340
2026-08-15 06:09:06,290 INFO trial epoch 8/10 batch 26/66 (39%) running_loss=0.7516
2026-08-15 06:09:12,574 INFO trial epoch 8/10 batch 39/66 (59%) running_loss=0.7460
2026-08-15 06:09:18,863 INFO trial epoch 8/10 batch 52/66 (79%) running_loss=0.7431
2026-08-15 06:09:25,150 INFO trial epoch 8/10 batch 65/66 (98%) running_loss=0.7452
2026-08-15 06:09:25,456 INFO trial epoch 8/10 batch 66/66 (100%) running_loss=0.7481
2026-08-15 06:09:27,920 INFO trial epoch 8/10 done: train_loss=0.7481 val_macro_auc=0.8198
2026-08-15 06:09:34,580 INFO trial epoch 9/10 batch 13/66 (20%) running_loss=0.7324
2026-08-15 06:09:40,864 INFO trial epoch 9/10 batch 26/66 (39%) running_loss=0.7155
2026-08-15 06:09:47,149 INFO trial epoch 9/10 batch 39/66 (59%) running_loss=0.7153
2026-08-15 06:09:53,441 INFO trial epoch 9/10 batch 52/66 (79%) running_loss=0.7270
2026-08-15 06:09:59,724 INFO trial epoch 9/10 batch 65/66 (98%) running_loss=0.7334
2026-08-15 06:10:00,030 INFO trial epoch 9/10 batch 66/66 (100%) running_loss=0.7329
2026-08-15 06:10:02,493 INFO trial epoch 9/10 done: train_loss=0.7329 val_macro_auc=0.8217
2026-08-15 06:10:09,159 INFO trial epoch 10/10 batch 13/66 (20%) running_loss=0.7298
2026-08-15 06:10:15,449 INFO trial epoch 10/10 batch 26/66 (39%) running_loss=0.7374
2026-08-15 06:10:21,740 INFO trial epoch 10/10 batch 39/66 (59%) running_loss=0.7364
2026-08-15 06:10:28,030 INFO trial epoch 10/10 batch 52/66 (79%) running_loss=0.7378
2026-08-15 06:10:34,323 INFO trial epoch 10/10 batch 65/66 (98%) running_loss=0.7284
2026-08-15 06:10:34,628 INFO trial epoch 10/10 batch 66/66 (100%) running_loss=0.7286
2026-08-15 06:10:37,103 INFO trial epoch 10/10 done: train_loss=0.7286 val_macro_auc=0.8226
2026-08-15 06:10:37,251 INFO Trial 21/25: finished val_macro_auc=0.8214 (best so far: 0.8555)
2026-08-15 06:10:37,254 INFO Trial 22/25: starting (ops=brightness+rotation, 10 trial epochs)
2026-08-15 06:10:44,079 INFO trial epoch 1/10 batch 13/66 (20%) running_loss=1.1643
2026-08-15 06:10:50,375 INFO trial epoch 1/10 batch 26/66 (39%) running_loss=1.1664
2026-08-15 06:10:56,663 INFO trial epoch 1/10 batch 39/66 (59%) running_loss=1.1870
2026-08-15 06:11:02,956 INFO trial epoch 1/10 batch 52/66 (79%) running_loss=1.1824
2026-08-15 06:11:09,244 INFO trial epoch 1/10 batch 65/66 (98%) running_loss=1.1580
2026-08-15 06:11:09,549 INFO trial epoch 1/10 batch 66/66 (100%) running_loss=1.1585
2026-08-15 06:11:12,005 INFO trial epoch 1/10 done: train_loss=1.1585 val_macro_auc=0.6912
2026-08-15 06:11:18,687 INFO trial epoch 2/10 batch 13/66 (20%) running_loss=1.0961
2026-08-15 06:11:24,974 INFO trial epoch 2/10 batch 26/66 (39%) running_loss=1.1107
2026-08-15 06:11:31,261 INFO trial epoch 2/10 batch 39/66 (59%) running_loss=1.0978
2026-08-15 06:11:37,548 INFO trial epoch 2/10 batch 52/66 (79%) running_loss=1.0980
2026-08-15 06:11:43,832 INFO trial epoch 2/10 batch 65/66 (98%) running_loss=1.0830
2026-08-15 06:11:44,138 INFO trial epoch 2/10 batch 66/66 (100%) running_loss=1.0833
2026-08-15 06:11:46,602 INFO trial epoch 2/10 done: train_loss=1.0833 val_macro_auc=0.7706
2026-08-15 06:11:53,271 INFO trial epoch 3/10 batch 13/66 (20%) running_loss=0.9529
2026-08-15 06:11:59,677 INFO trial epoch 3/10 batch 26/66 (39%) running_loss=0.9997
2026-08-15 06:12:05,969 INFO trial epoch 3/10 batch 39/66 (59%) running_loss=0.9813
2026-08-15 06:12:12,257 INFO trial epoch 3/10 batch 52/66 (79%) running_loss=0.9749
2026-08-15 06:12:18,544 INFO trial epoch 3/10 batch 65/66 (98%) running_loss=0.9810
2026-08-15 06:12:18,849 INFO trial epoch 3/10 batch 66/66 (100%) running_loss=0.9807
2026-08-15 06:12:21,320 INFO trial epoch 3/10 done: train_loss=0.9807 val_macro_auc=0.7697
2026-08-15 06:12:27,969 INFO trial epoch 4/10 batch 13/66 (20%) running_loss=0.9416
2026-08-15 06:12:34,247 INFO trial epoch 4/10 batch 26/66 (39%) running_loss=0.9422
2026-08-15 06:12:40,529 INFO trial epoch 4/10 batch 39/66 (59%) running_loss=0.9496
2026-08-15 06:12:46,808 INFO trial epoch 4/10 batch 52/66 (79%) running_loss=0.9487
2026-08-15 06:12:53,090 INFO trial epoch 4/10 batch 65/66 (98%) running_loss=0.9320
2026-08-15 06:12:53,396 INFO trial epoch 4/10 batch 66/66 (100%) running_loss=0.9300
2026-08-15 06:12:55,849 INFO trial epoch 4/10 done: train_loss=0.9300 val_macro_auc=0.7725
2026-08-15 06:13:02,511 INFO trial epoch 5/10 batch 13/66 (20%) running_loss=0.8265
2026-08-15 06:13:08,792 INFO trial epoch 5/10 batch 26/66 (39%) running_loss=0.8342
2026-08-15 06:13:15,078 INFO trial epoch 5/10 batch 39/66 (59%) running_loss=0.8482
2026-08-15 06:13:21,367 INFO trial epoch 5/10 batch 52/66 (79%) running_loss=0.8561
2026-08-15 06:13:27,654 INFO trial epoch 5/10 batch 65/66 (98%) running_loss=0.8501
2026-08-15 06:13:27,960 INFO trial epoch 5/10 batch 66/66 (100%) running_loss=0.8519
2026-08-15 06:13:30,422 INFO trial epoch 5/10 done: train_loss=0.8519 val_macro_auc=0.7992
2026-08-15 06:13:37,080 INFO trial epoch 6/10 batch 13/66 (20%) running_loss=0.8404
2026-08-15 06:13:43,358 INFO trial epoch 6/10 batch 26/66 (39%) running_loss=0.8294
2026-08-15 06:13:49,638 INFO trial epoch 6/10 batch 39/66 (59%) running_loss=0.8210
2026-08-15 06:13:55,924 INFO trial epoch 6/10 batch 52/66 (79%) running_loss=0.8198
2026-08-15 06:14:02,205 INFO trial epoch 6/10 batch 65/66 (98%) running_loss=0.8182
2026-08-15 06:14:02,508 INFO trial epoch 6/10 batch 66/66 (100%) running_loss=0.8163
2026-08-15 06:14:04,978 INFO trial epoch 6/10 done: train_loss=0.8163 val_macro_auc=0.8035
2026-08-15 06:14:11,642 INFO trial epoch 7/10 batch 13/66 (20%) running_loss=0.8169
2026-08-15 06:14:17,926 INFO trial epoch 7/10 batch 26/66 (39%) running_loss=0.8075
2026-08-15 06:14:24,209 INFO trial epoch 7/10 batch 39/66 (59%) running_loss=0.7944
2026-08-15 06:14:30,494 INFO trial epoch 7/10 batch 52/66 (79%) running_loss=0.8024
2026-08-15 06:14:36,777 INFO trial epoch 7/10 batch 65/66 (98%) running_loss=0.7835
2026-08-15 06:14:37,083 INFO trial epoch 7/10 batch 66/66 (100%) running_loss=0.7844
2026-08-15 06:14:39,563 INFO trial epoch 7/10 done: train_loss=0.7844 val_macro_auc=0.8266
2026-08-15 06:14:46,231 INFO trial epoch 8/10 batch 13/66 (20%) running_loss=0.7161
2026-08-15 06:14:52,514 INFO trial epoch 8/10 batch 26/66 (39%) running_loss=0.7230
2026-08-15 06:14:58,799 INFO trial epoch 8/10 batch 39/66 (59%) running_loss=0.7272
2026-08-15 06:15:05,088 INFO trial epoch 8/10 batch 52/66 (79%) running_loss=0.7437
2026-08-15 06:15:11,369 INFO trial epoch 8/10 batch 65/66 (98%) running_loss=0.7358
2026-08-15 06:15:11,675 INFO trial epoch 8/10 batch 66/66 (100%) running_loss=0.7349
2026-08-15 06:15:14,158 INFO trial epoch 8/10 done: train_loss=0.7349 val_macro_auc=0.8144
2026-08-15 06:15:20,817 INFO trial epoch 9/10 batch 13/66 (20%) running_loss=0.7161
2026-08-15 06:15:27,101 INFO trial epoch 9/10 batch 26/66 (39%) running_loss=0.6944
2026-08-15 06:15:33,381 INFO trial epoch 9/10 batch 39/66 (59%) running_loss=0.6916
2026-08-15 06:15:39,670 INFO trial epoch 9/10 batch 52/66 (79%) running_loss=0.7037
2026-08-15 06:15:45,957 INFO trial epoch 9/10 batch 65/66 (98%) running_loss=0.7099
2026-08-15 06:15:46,263 INFO trial epoch 9/10 batch 66/66 (100%) running_loss=0.7138
2026-08-15 06:15:48,746 INFO trial epoch 9/10 done: train_loss=0.7138 val_macro_auc=0.8179
2026-08-15 06:15:55,407 INFO trial epoch 10/10 batch 13/66 (20%) running_loss=0.6590
2026-08-15 06:16:01,686 INFO trial epoch 10/10 batch 26/66 (39%) running_loss=0.6684
2026-08-15 06:16:07,970 INFO trial epoch 10/10 batch 39/66 (59%) running_loss=0.6941
2026-08-15 06:16:14,255 INFO trial epoch 10/10 batch 52/66 (79%) running_loss=0.6951
2026-08-15 06:16:20,539 INFO trial epoch 10/10 batch 65/66 (98%) running_loss=0.6958
2026-08-15 06:16:20,845 INFO trial epoch 10/10 batch 66/66 (100%) running_loss=0.6957
2026-08-15 06:16:23,313 INFO trial epoch 10/10 done: train_loss=0.6957 val_macro_auc=0.8193
2026-08-15 06:16:23,461 INFO Trial 22/25: finished val_macro_auc=0.8172 (best so far: 0.8555)
2026-08-15 06:16:23,464 INFO Trial 23/25: starting (ops=brightness+random_erasing, 10 trial epochs)
2026-08-15 06:16:30,314 INFO trial epoch 1/10 batch 13/66 (20%) running_loss=1.2177
2026-08-15 06:16:36,611 INFO trial epoch 1/10 batch 26/66 (39%) running_loss=1.2337
2026-08-15 06:16:42,901 INFO trial epoch 1/10 batch 39/66 (59%) running_loss=1.2256
2026-08-15 06:16:49,190 INFO trial epoch 1/10 batch 52/66 (79%) running_loss=1.1983
2026-08-15 06:16:55,486 INFO trial epoch 1/10 batch 65/66 (98%) running_loss=1.1799
2026-08-15 06:16:55,792 INFO trial epoch 1/10 batch 66/66 (100%) running_loss=1.1802
2026-08-15 06:16:58,269 INFO trial epoch 1/10 done: train_loss=1.1802 val_macro_auc=0.6198
2026-08-15 06:17:04,936 INFO trial epoch 2/10 batch 13/66 (20%) running_loss=1.0914
2026-08-15 06:17:11,232 INFO trial epoch 2/10 batch 26/66 (39%) running_loss=1.0964
2026-08-15 06:17:17,525 INFO trial epoch 2/10 batch 39/66 (59%) running_loss=1.1027
2026-08-15 06:17:23,813 INFO trial epoch 2/10 batch 52/66 (79%) running_loss=1.1004
2026-08-15 06:17:30,103 INFO trial epoch 2/10 batch 65/66 (98%) running_loss=1.1153
2026-08-15 06:17:30,408 INFO trial epoch 2/10 batch 66/66 (100%) running_loss=1.1150
2026-08-15 06:17:32,873 INFO trial epoch 2/10 done: train_loss=1.1150 val_macro_auc=0.7604
2026-08-15 06:17:39,554 INFO trial epoch 3/10 batch 13/66 (20%) running_loss=1.0850
2026-08-15 06:17:45,963 INFO trial epoch 3/10 batch 26/66 (39%) running_loss=1.0748
2026-08-15 06:17:52,253 INFO trial epoch 3/10 batch 39/66 (59%) running_loss=1.0772
2026-08-15 06:17:58,540 INFO trial epoch 3/10 batch 52/66 (79%) running_loss=1.0525
2026-08-15 06:18:04,830 INFO trial epoch 3/10 batch 65/66 (98%) running_loss=1.0506
2026-08-15 06:18:05,137 INFO trial epoch 3/10 batch 66/66 (100%) running_loss=1.0502
2026-08-15 06:18:07,603 INFO trial epoch 3/10 done: train_loss=1.0502 val_macro_auc=0.7590
2026-08-15 06:18:14,261 INFO trial epoch 4/10 batch 13/66 (20%) running_loss=1.0200
2026-08-15 06:18:20,541 INFO trial epoch 4/10 batch 26/66 (39%) running_loss=1.0076
2026-08-15 06:18:26,823 INFO trial epoch 4/10 batch 39/66 (59%) running_loss=0.9997
2026-08-15 06:18:33,105 INFO trial epoch 4/10 batch 52/66 (79%) running_loss=0.9877
2026-08-15 06:18:39,387 INFO trial epoch 4/10 batch 65/66 (98%) running_loss=0.9798
2026-08-15 06:18:39,693 INFO trial epoch 4/10 batch 66/66 (100%) running_loss=0.9812
2026-08-15 06:18:42,151 INFO trial epoch 4/10 done: train_loss=0.9812 val_macro_auc=0.7539
2026-08-15 06:18:48,816 INFO trial epoch 5/10 batch 13/66 (20%) running_loss=0.9610
2026-08-15 06:18:55,098 INFO trial epoch 5/10 batch 26/66 (39%) running_loss=0.9384
2026-08-15 06:19:01,392 INFO trial epoch 5/10 batch 39/66 (59%) running_loss=0.9330
2026-08-15 06:19:07,681 INFO trial epoch 5/10 batch 52/66 (79%) running_loss=0.9217
2026-08-15 06:19:13,972 INFO trial epoch 5/10 batch 65/66 (98%) running_loss=0.9180
2026-08-15 06:19:14,277 INFO trial epoch 5/10 batch 66/66 (100%) running_loss=0.9162
2026-08-15 06:19:16,758 INFO trial epoch 5/10 done: train_loss=0.9162 val_macro_auc=0.7808
2026-08-15 06:19:23,426 INFO trial epoch 6/10 batch 13/66 (20%) running_loss=0.8677
2026-08-15 06:19:29,716 INFO trial epoch 6/10 batch 26/66 (39%) running_loss=0.8448
2026-08-15 06:19:36,003 INFO trial epoch 6/10 batch 39/66 (59%) running_loss=0.8520
2026-08-15 06:19:42,295 INFO trial epoch 6/10 batch 52/66 (79%) running_loss=0.8606
2026-08-15 06:19:48,581 INFO trial epoch 6/10 batch 65/66 (98%) running_loss=0.8666
2026-08-15 06:19:48,885 INFO trial epoch 6/10 batch 66/66 (100%) running_loss=0.8676
2026-08-15 06:19:51,354 INFO trial epoch 6/10 done: train_loss=0.8676 val_macro_auc=0.7725
2026-08-15 06:19:58,015 INFO trial epoch 7/10 batch 13/66 (20%) running_loss=0.8333
2026-08-15 06:20:04,311 INFO trial epoch 7/10 batch 26/66 (39%) running_loss=0.8288
2026-08-15 06:20:10,596 INFO trial epoch 7/10 batch 39/66 (59%) running_loss=0.8233
2026-08-15 06:20:16,882 INFO trial epoch 7/10 batch 52/66 (79%) running_loss=0.8365
2026-08-15 06:20:23,163 INFO trial epoch 7/10 batch 65/66 (98%) running_loss=0.8319
2026-08-15 06:20:23,467 INFO trial epoch 7/10 batch 66/66 (100%) running_loss=0.8320
2026-08-15 06:20:25,937 INFO trial epoch 7/10 done: train_loss=0.8320 val_macro_auc=0.7869
2026-08-15 06:20:32,600 INFO trial epoch 8/10 batch 13/66 (20%) running_loss=0.8481
2026-08-15 06:20:38,884 INFO trial epoch 8/10 batch 26/66 (39%) running_loss=0.8227
2026-08-15 06:20:45,172 INFO trial epoch 8/10 batch 39/66 (59%) running_loss=0.8035
2026-08-15 06:20:51,461 INFO trial epoch 8/10 batch 52/66 (79%) running_loss=0.8126
2026-08-15 06:20:57,747 INFO trial epoch 8/10 batch 65/66 (98%) running_loss=0.8124
2026-08-15 06:20:58,053 INFO trial epoch 8/10 batch 66/66 (100%) running_loss=0.8145
2026-08-15 06:21:00,520 INFO trial epoch 8/10 done: train_loss=0.8145 val_macro_auc=0.8205
2026-08-15 06:21:07,196 INFO trial epoch 9/10 batch 13/66 (20%) running_loss=0.8111
2026-08-15 06:21:13,481 INFO trial epoch 9/10 batch 26/66 (39%) running_loss=0.7789
2026-08-15 06:21:19,766 INFO trial epoch 9/10 batch 39/66 (59%) running_loss=0.7647
2026-08-15 06:21:26,057 INFO trial epoch 9/10 batch 52/66 (79%) running_loss=0.7732
2026-08-15 06:21:32,348 INFO trial epoch 9/10 batch 65/66 (98%) running_loss=0.7835
2026-08-15 06:21:32,653 INFO trial epoch 9/10 batch 66/66 (100%) running_loss=0.7833
2026-08-15 06:21:35,122 INFO trial epoch 9/10 done: train_loss=0.7833 val_macro_auc=0.8267
2026-08-15 06:21:41,787 INFO trial epoch 10/10 batch 13/66 (20%) running_loss=0.7829
2026-08-15 06:21:48,074 INFO trial epoch 10/10 batch 26/66 (39%) running_loss=0.7744
2026-08-15 06:21:54,363 INFO trial epoch 10/10 batch 39/66 (59%) running_loss=0.7616
2026-08-15 06:22:00,645 INFO trial epoch 10/10 batch 52/66 (79%) running_loss=0.7660
2026-08-15 06:22:06,933 INFO trial epoch 10/10 batch 65/66 (98%) running_loss=0.7620
2026-08-15 06:22:07,238 INFO trial epoch 10/10 batch 66/66 (100%) running_loss=0.7615
2026-08-15 06:22:09,723 INFO trial epoch 10/10 done: train_loss=0.7615 val_macro_auc=0.8117
2026-08-15 06:22:09,875 INFO Trial 23/25: finished val_macro_auc=0.8196 (best so far: 0.8555)
2026-08-15 06:22:09,878 INFO Trial 24/25: starting (ops=random_resized_crop+rotation, 10 trial epochs)
2026-08-15 06:22:16,722 INFO trial epoch 1/10 batch 13/66 (20%) running_loss=1.1755
2026-08-15 06:22:23,012 INFO trial epoch 1/10 batch 26/66 (39%) running_loss=1.1704
2026-08-15 06:22:29,297 INFO trial epoch 1/10 batch 39/66 (59%) running_loss=1.1486
2026-08-15 06:22:35,591 INFO trial epoch 1/10 batch 52/66 (79%) running_loss=1.1278
2026-08-15 06:22:41,873 INFO trial epoch 1/10 batch 65/66 (98%) running_loss=1.1111
2026-08-15 06:22:42,179 INFO trial epoch 1/10 batch 66/66 (100%) running_loss=1.1093
2026-08-15 06:22:44,637 INFO trial epoch 1/10 done: train_loss=1.1093 val_macro_auc=0.6691
2026-08-15 06:22:51,301 INFO trial epoch 2/10 batch 13/66 (20%) running_loss=1.0065
2026-08-15 06:22:57,582 INFO trial epoch 2/10 batch 26/66 (39%) running_loss=0.9950
2026-08-15 06:23:03,861 INFO trial epoch 2/10 batch 39/66 (59%) running_loss=0.9847
2026-08-15 06:23:10,144 INFO trial epoch 2/10 batch 52/66 (79%) running_loss=0.9905
2026-08-15 06:23:16,426 INFO trial epoch 2/10 batch 65/66 (98%) running_loss=0.9866
2026-08-15 06:23:16,732 INFO trial epoch 2/10 batch 66/66 (100%) running_loss=0.9884
2026-08-15 06:23:19,199 INFO trial epoch 2/10 done: train_loss=0.9884 val_macro_auc=0.7195
2026-08-15 06:23:25,868 INFO trial epoch 3/10 batch 13/66 (20%) running_loss=0.9015
2026-08-15 06:23:32,269 INFO trial epoch 3/10 batch 26/66 (39%) running_loss=0.9361
2026-08-15 06:23:38,558 INFO trial epoch 3/10 batch 39/66 (59%) running_loss=0.9479
2026-08-15 06:23:44,837 INFO trial epoch 3/10 batch 52/66 (79%) running_loss=0.9718
2026-08-15 06:23:51,120 INFO trial epoch 3/10 batch 65/66 (98%) running_loss=0.9754
2026-08-15 06:23:51,426 INFO trial epoch 3/10 batch 66/66 (100%) running_loss=0.9745
2026-08-15 06:23:53,889 INFO trial epoch 3/10 done: train_loss=0.9745 val_macro_auc=0.7186
2026-08-15 06:24:00,552 INFO trial epoch 4/10 batch 13/66 (20%) running_loss=0.9106
2026-08-15 06:24:06,829 INFO trial epoch 4/10 batch 26/66 (39%) running_loss=0.9403
2026-08-15 06:24:13,109 INFO trial epoch 4/10 batch 39/66 (59%) running_loss=0.9362
2026-08-15 06:24:19,391 INFO trial epoch 4/10 batch 52/66 (79%) running_loss=0.9371
2026-08-15 06:24:25,670 INFO trial epoch 4/10 batch 65/66 (98%) running_loss=0.9385
2026-08-15 06:24:25,975 INFO trial epoch 4/10 batch 66/66 (100%) running_loss=0.9374
2026-08-15 06:24:28,449 INFO trial epoch 4/10 done: train_loss=0.9374 val_macro_auc=0.7235
2026-08-15 06:24:35,105 INFO trial epoch 5/10 batch 13/66 (20%) running_loss=0.9420
2026-08-15 06:24:41,385 INFO trial epoch 5/10 batch 26/66 (39%) running_loss=0.9319
2026-08-15 06:24:47,663 INFO trial epoch 5/10 batch 39/66 (59%) running_loss=0.9220
2026-08-15 06:24:53,938 INFO trial epoch 5/10 batch 52/66 (79%) running_loss=0.9266
2026-08-15 06:25:00,215 INFO trial epoch 5/10 batch 65/66 (98%) running_loss=0.9313
2026-08-15 06:25:00,519 INFO trial epoch 5/10 batch 66/66 (100%) running_loss=0.9311
2026-08-15 06:25:02,997 INFO trial epoch 5/10 done: train_loss=0.9311 val_macro_auc=0.7073
2026-08-15 06:25:09,671 INFO trial epoch 6/10 batch 13/66 (20%) running_loss=0.9195
2026-08-15 06:25:15,949 INFO trial epoch 6/10 batch 26/66 (39%) running_loss=0.9331
2026-08-15 06:25:22,228 INFO trial epoch 6/10 batch 39/66 (59%) running_loss=0.9202
2026-08-15 06:25:28,512 INFO trial epoch 6/10 batch 52/66 (79%) running_loss=0.9076
2026-08-15 06:25:34,801 INFO trial epoch 6/10 batch 65/66 (98%) running_loss=0.9065
2026-08-15 06:25:35,106 INFO trial epoch 6/10 batch 66/66 (100%) running_loss=0.9080
2026-08-15 06:25:37,577 INFO trial epoch 6/10 done: train_loss=0.9080 val_macro_auc=0.7004
2026-08-15 06:25:44,232 INFO trial epoch 7/10 batch 13/66 (20%) running_loss=0.9052
2026-08-15 06:25:50,514 INFO trial epoch 7/10 batch 26/66 (39%) running_loss=0.8834
2026-08-15 06:25:56,799 INFO trial epoch 7/10 batch 39/66 (59%) running_loss=0.8924
2026-08-15 06:26:03,081 INFO trial epoch 7/10 batch 52/66 (79%) running_loss=0.8842
2026-08-15 06:26:09,362 INFO trial epoch 7/10 batch 65/66 (98%) running_loss=0.8850
2026-08-15 06:26:09,666 INFO trial epoch 7/10 batch 66/66 (100%) running_loss=0.8852
2026-08-15 06:26:12,130 INFO trial epoch 7/10 done: train_loss=0.8852 val_macro_auc=0.6951
2026-08-15 06:26:18,803 INFO trial epoch 8/10 batch 13/66 (20%) running_loss=0.8459
2026-08-15 06:26:25,083 INFO trial epoch 8/10 batch 26/66 (39%) running_loss=0.8411
2026-08-15 06:26:31,365 INFO trial epoch 8/10 batch 39/66 (59%) running_loss=0.8552
2026-08-15 06:26:37,645 INFO trial epoch 8/10 batch 52/66 (79%) running_loss=0.8576
2026-08-15 06:26:43,923 INFO trial epoch 8/10 batch 65/66 (98%) running_loss=0.8612
2026-08-15 06:26:44,230 INFO trial epoch 8/10 batch 66/66 (100%) running_loss=0.8606
2026-08-15 06:26:46,700 INFO trial epoch 8/10 done: train_loss=0.8606 val_macro_auc=0.7001
2026-08-15 06:26:53,350 INFO trial epoch 9/10 batch 13/66 (20%) running_loss=0.8686
2026-08-15 06:26:59,633 INFO trial epoch 9/10 batch 26/66 (39%) running_loss=0.8626
2026-08-15 06:27:05,915 INFO trial epoch 9/10 batch 39/66 (59%) running_loss=0.8598
2026-08-15 06:27:12,200 INFO trial epoch 9/10 batch 52/66 (79%) running_loss=0.8503
2026-08-15 06:27:18,486 INFO trial epoch 9/10 batch 65/66 (98%) running_loss=0.8518
2026-08-15 06:27:18,792 INFO trial epoch 9/10 batch 66/66 (100%) running_loss=0.8522
2026-08-15 06:27:21,251 INFO trial epoch 9/10 done: train_loss=0.8522 val_macro_auc=0.7257
2026-08-15 06:27:27,921 INFO trial epoch 10/10 batch 13/66 (20%) running_loss=0.8341
2026-08-15 06:27:34,198 INFO trial epoch 10/10 batch 26/66 (39%) running_loss=0.8370
2026-08-15 06:27:40,479 INFO trial epoch 10/10 batch 39/66 (59%) running_loss=0.8531
2026-08-15 06:27:46,762 INFO trial epoch 10/10 batch 52/66 (79%) running_loss=0.8516
2026-08-15 06:27:53,047 INFO trial epoch 10/10 batch 65/66 (98%) running_loss=0.8535
2026-08-15 06:27:53,352 INFO trial epoch 10/10 batch 66/66 (100%) running_loss=0.8536
2026-08-15 06:27:55,811 INFO trial epoch 10/10 done: train_loss=0.8536 val_macro_auc=0.7062
2026-08-15 06:27:55,960 INFO Trial 24/25: finished val_macro_auc=0.7107 (best so far: 0.8555)
2026-08-15 06:27:55,963 INFO Trial 25/25: starting (ops=brightness+rotation, 10 trial epochs)
2026-08-15 06:28:02,789 INFO trial epoch 1/10 batch 13/66 (20%) running_loss=1.1882
2026-08-15 06:28:09,075 INFO trial epoch 1/10 batch 26/66 (39%) running_loss=1.1926
2026-08-15 06:28:15,364 INFO trial epoch 1/10 batch 39/66 (59%) running_loss=1.1963
2026-08-15 06:28:21,650 INFO trial epoch 1/10 batch 52/66 (79%) running_loss=1.1769
2026-08-15 06:28:27,934 INFO trial epoch 1/10 batch 65/66 (98%) running_loss=1.1627
2026-08-15 06:28:28,239 INFO trial epoch 1/10 batch 66/66 (100%) running_loss=1.1621
2026-08-15 06:28:30,703 INFO trial epoch 1/10 done: train_loss=1.1621 val_macro_auc=0.6356
2026-08-15 06:28:37,374 INFO trial epoch 2/10 batch 13/66 (20%) running_loss=1.1127
2026-08-15 06:28:43,654 INFO trial epoch 2/10 batch 26/66 (39%) running_loss=1.0944
2026-08-15 06:28:49,935 INFO trial epoch 2/10 batch 39/66 (59%) running_loss=1.0981
2026-08-15 06:28:56,214 INFO trial epoch 2/10 batch 52/66 (79%) running_loss=1.0897
2026-08-15 06:29:02,500 INFO trial epoch 2/10 batch 65/66 (98%) running_loss=1.0838
2026-08-15 06:29:02,806 INFO trial epoch 2/10 batch 66/66 (100%) running_loss=1.0834
2026-08-15 06:29:05,282 INFO trial epoch 2/10 done: train_loss=1.0834 val_macro_auc=0.7301
2026-08-15 06:29:11,949 INFO trial epoch 3/10 batch 13/66 (20%) running_loss=1.0677
2026-08-15 06:29:18,361 INFO trial epoch 3/10 batch 26/66 (39%) running_loss=1.0523
2026-08-15 06:29:24,655 INFO trial epoch 3/10 batch 39/66 (59%) running_loss=1.0665
2026-08-15 06:29:30,943 INFO trial epoch 3/10 batch 52/66 (79%) running_loss=1.0669
2026-08-15 06:29:37,228 INFO trial epoch 3/10 batch 65/66 (98%) running_loss=1.0639
2026-08-15 06:29:37,535 INFO trial epoch 3/10 batch 66/66 (100%) running_loss=1.0626
2026-08-15 06:29:39,999 INFO trial epoch 3/10 done: train_loss=1.0626 val_macro_auc=0.7701
2026-08-15 06:29:46,657 INFO trial epoch 4/10 batch 13/66 (20%) running_loss=1.0379
2026-08-15 06:29:52,944 INFO trial epoch 4/10 batch 26/66 (39%) running_loss=1.0143
2026-08-15 06:29:59,224 INFO trial epoch 4/10 batch 39/66 (59%) running_loss=1.0156
2026-08-15 06:30:05,505 INFO trial epoch 4/10 batch 52/66 (79%) running_loss=1.0082
2026-08-15 06:30:11,788 INFO trial epoch 4/10 batch 65/66 (98%) running_loss=0.9919
2026-08-15 06:30:12,093 INFO trial epoch 4/10 batch 66/66 (100%) running_loss=0.9930
2026-08-15 06:30:14,570 INFO trial epoch 4/10 done: train_loss=0.9930 val_macro_auc=0.7774
2026-08-15 06:30:21,234 INFO trial epoch 5/10 batch 13/66 (20%) running_loss=0.8635
2026-08-15 06:30:27,522 INFO trial epoch 5/10 batch 26/66 (39%) running_loss=0.8769
2026-08-15 06:30:33,804 INFO trial epoch 5/10 batch 39/66 (59%) running_loss=0.8685
2026-08-15 06:30:40,089 INFO trial epoch 5/10 batch 52/66 (79%) running_loss=0.8808
2026-08-15 06:30:46,376 INFO trial epoch 5/10 batch 65/66 (98%) running_loss=0.8759
2026-08-15 06:30:46,681 INFO trial epoch 5/10 batch 66/66 (100%) running_loss=0.8746
2026-08-15 06:30:49,142 INFO trial epoch 5/10 done: train_loss=0.8746 val_macro_auc=0.7931
2026-08-15 06:30:55,811 INFO trial epoch 6/10 batch 13/66 (20%) running_loss=0.8020
2026-08-15 06:31:02,098 INFO trial epoch 6/10 batch 26/66 (39%) running_loss=0.8272
2026-08-15 06:31:08,380 INFO trial epoch 6/10 batch 39/66 (59%) running_loss=0.8258
2026-08-15 06:31:14,668 INFO trial epoch 6/10 batch 52/66 (79%) running_loss=0.8280
2026-08-15 06:31:20,956 INFO trial epoch 6/10 batch 65/66 (98%) running_loss=0.8309
2026-08-15 06:31:21,261 INFO trial epoch 6/10 batch 66/66 (100%) running_loss=0.8306
2026-08-15 06:31:23,741 INFO trial epoch 6/10 done: train_loss=0.8306 val_macro_auc=0.8137
2026-08-15 06:31:30,421 INFO trial epoch 7/10 batch 13/66 (20%) running_loss=0.8002
2026-08-15 06:31:36,709 INFO trial epoch 7/10 batch 26/66 (39%) running_loss=0.7458
2026-08-15 06:31:42,992 INFO trial epoch 7/10 batch 39/66 (59%) running_loss=0.7631
2026-08-15 06:31:49,279 INFO trial epoch 7/10 batch 52/66 (79%) running_loss=0.7623
2026-08-15 06:31:55,564 INFO trial epoch 7/10 batch 65/66 (98%) running_loss=0.7638
2026-08-15 06:31:55,869 INFO trial epoch 7/10 batch 66/66 (100%) running_loss=0.7622
2026-08-15 06:31:58,344 INFO trial epoch 7/10 done: train_loss=0.7622 val_macro_auc=0.8040
2026-08-15 06:32:05,004 INFO trial epoch 8/10 batch 13/66 (20%) running_loss=0.7457
2026-08-15 06:32:11,290 INFO trial epoch 8/10 batch 26/66 (39%) running_loss=0.7685
2026-08-15 06:32:17,576 INFO trial epoch 8/10 batch 39/66 (59%) running_loss=0.7664
2026-08-15 06:32:23,875 INFO trial epoch 8/10 batch 52/66 (79%) running_loss=0.7597
2026-08-15 06:32:30,165 INFO trial epoch 8/10 batch 65/66 (98%) running_loss=0.7569
2026-08-15 06:32:30,471 INFO trial epoch 8/10 batch 66/66 (100%) running_loss=0.7572
2026-08-15 06:32:32,941 INFO trial epoch 8/10 done: train_loss=0.7572 val_macro_auc=0.8033
2026-08-15 06:32:39,600 INFO trial epoch 9/10 batch 13/66 (20%) running_loss=0.6704
2026-08-15 06:32:45,890 INFO trial epoch 9/10 batch 26/66 (39%) running_loss=0.6864
2026-08-15 06:32:52,178 INFO trial epoch 9/10 batch 39/66 (59%) running_loss=0.7177
2026-08-15 06:32:58,462 INFO trial epoch 9/10 batch 52/66 (79%) running_loss=0.7246
2026-08-15 06:33:04,746 INFO trial epoch 9/10 batch 65/66 (98%) running_loss=0.7239
2026-08-15 06:33:05,052 INFO trial epoch 9/10 batch 66/66 (100%) running_loss=0.7247
2026-08-15 06:33:07,528 INFO trial epoch 9/10 done: train_loss=0.7247 val_macro_auc=0.8220
2026-08-15 06:33:14,192 INFO trial epoch 10/10 batch 13/66 (20%) running_loss=0.7005
2026-08-15 06:33:20,483 INFO trial epoch 10/10 batch 26/66 (39%) running_loss=0.7219
2026-08-15 06:33:26,770 INFO trial epoch 10/10 batch 39/66 (59%) running_loss=0.7170
2026-08-15 06:33:33,063 INFO trial epoch 10/10 batch 52/66 (79%) running_loss=0.7192
2026-08-15 06:33:39,350 INFO trial epoch 10/10 batch 65/66 (98%) running_loss=0.7200
2026-08-15 06:33:39,656 INFO trial epoch 10/10 batch 66/66 (100%) running_loss=0.7198
2026-08-15 06:33:42,125 INFO trial epoch 10/10 done: train_loss=0.7198 val_macro_auc=0.8115
2026-08-15 06:33:42,276 INFO Trial 25/25: finished val_macro_auc=0.8123 (best so far: 0.8555)
2026-08-15 06:33:42,280 INFO Legacy augmentation search finished: 25 trials evaluated
2026-08-15 06:33:42,282 INFO Selected ops ['brightness', 'rotation'] val_macro_auc=0.8555
