2026-09-24 11:34:30,065 INFO Starting final training on device=cuda, amp=True, physical_batch_size=32, accumulation_steps=1, effective_batch_size=32
2026-09-24 11:34:30,066 INFO Augmentation policy: constant strength (rank-averaged), from outputs/main1/augmentation_run/selected_policy.json
2026-09-24 11:34:30,549 INFO Classes: {'glioma_tumor': 0, 'meningioma_tumor': 1, 'pituitary_tumor': 2}
2026-09-24 11:34:30,549 INFO Regularization: weight_decay=7.0e-04 classifier_dropout=0.30 label_smoothing=0.10 drop_path=0.20
2026-09-24 11:34:30,550 INFO Magnitude bounds from configs/bounds_wide.json: {'rotation': [0.0, 45.0], 'affine_translation': [0.0, 0.16], 'random_resized_crop': [0.0, 0.35]}
2026-09-24 11:34:30,558 INFO Constant strengths: {'rotation': 0.0675, 'affine_translation': 0.2256, 'random_resized_crop': 0.516, 'brightness': 0.4195, 'contrast': 0.123, 'horizontal_flip': 0.5366, 'random_erasing': 0.1828}
2026-09-24 11:34:35,825 INFO train epoch 1/200 batch 13/66 (20%) running_loss=1.1364
2026-09-24 11:34:39,451 INFO train epoch 1/200 batch 26/66 (39%) running_loss=1.1298
2026-09-24 11:34:43,062 INFO train epoch 1/200 batch 39/66 (59%) running_loss=1.1253
2026-09-24 11:34:46,693 INFO train epoch 1/200 batch 52/66 (79%) running_loss=1.1436
2026-09-24 11:34:50,321 INFO train epoch 1/200 batch 65/66 (98%) running_loss=1.1499
2026-09-24 11:34:50,709 INFO train epoch 1/200 batch 66/66 (100%) running_loss=1.1498
2026-09-24 11:34:53,529 INFO epoch 1/200 done: train_loss=1.1498 val_loss=1.0409 val_accuracy=0.5061 val_macro_f1=0.2240 val_macro_auc=0.4801 (checkpoint_metric=macro_auc) [new best]
2026-09-24 11:34:57,697 INFO train epoch 2/200 batch 13/66 (20%) running_loss=1.2757
2026-09-24 11:35:01,343 INFO train epoch 2/200 batch 26/66 (39%) running_loss=1.2145
2026-09-24 11:35:04,971 INFO train epoch 2/200 batch 39/66 (59%) running_loss=1.2282
2026-09-24 11:35:08,589 INFO train epoch 2/200 batch 52/66 (79%) running_loss=1.2164
2026-09-24 11:35:12,237 INFO train epoch 2/200 batch 65/66 (98%) running_loss=1.2039
2026-09-24 11:35:12,466 INFO train epoch 2/200 batch 66/66 (100%) running_loss=1.2038
2026-09-24 11:35:15,130 INFO epoch 2/200 done: train_loss=1.2038 val_loss=1.0063 val_accuracy=0.5061 val_macro_f1=0.2240 val_macro_auc=0.6113 (checkpoint_metric=macro_auc) [new best]
2026-09-24 11:35:19,273 INFO train epoch 3/200 batch 13/66 (20%) running_loss=1.1730
2026-09-24 11:35:22,869 INFO train epoch 3/200 batch 26/66 (39%) running_loss=1.1676
2026-09-24 11:35:26,658 INFO train epoch 3/200 batch 39/66 (59%) running_loss=1.1693
2026-09-24 11:35:30,251 INFO train epoch 3/200 batch 52/66 (79%) running_loss=1.1590
2026-09-24 11:35:33,846 INFO train epoch 3/200 batch 65/66 (98%) running_loss=1.1500
2026-09-24 11:35:34,074 INFO train epoch 3/200 batch 66/66 (100%) running_loss=1.1492
2026-09-24 11:35:36,724 INFO epoch 3/200 done: train_loss=1.1492 val_loss=0.9394 val_accuracy=0.5840 val_macro_f1=0.3598 val_macro_auc=0.7540 (checkpoint_metric=macro_auc) [new best]
2026-09-24 11:35:40,860 INFO train epoch 4/200 batch 13/66 (20%) running_loss=1.0915
2026-09-24 11:35:44,441 INFO train epoch 4/200 batch 26/66 (39%) running_loss=1.0770
2026-09-24 11:35:48,035 INFO train epoch 4/200 batch 39/66 (59%) running_loss=1.0624
2026-09-24 11:35:51,636 INFO train epoch 4/200 batch 52/66 (79%) running_loss=1.0622
2026-09-24 11:35:55,245 INFO train epoch 4/200 batch 65/66 (98%) running_loss=1.0569
2026-09-24 11:35:55,472 INFO train epoch 4/200 batch 66/66 (100%) running_loss=1.0563
2026-09-24 11:35:58,113 INFO epoch 4/200 done: train_loss=1.0563 val_loss=0.8428 val_accuracy=0.6762 val_macro_f1=0.4820 val_macro_auc=0.7510 (checkpoint_metric=macro_auc) [new best]
2026-09-24 11:36:02,228 INFO train epoch 5/200 batch 13/66 (20%) running_loss=1.0608
2026-09-24 11:36:05,874 INFO train epoch 5/200 batch 26/66 (39%) running_loss=1.0324
2026-09-24 11:36:09,473 INFO train epoch 5/200 batch 39/66 (59%) running_loss=1.0238
2026-09-24 11:36:13,069 INFO train epoch 5/200 batch 52/66 (79%) running_loss=1.0125
2026-09-24 11:36:16,655 INFO train epoch 5/200 batch 65/66 (98%) running_loss=1.0083
2026-09-24 11:36:16,883 INFO train epoch 5/200 batch 66/66 (100%) running_loss=1.0075
2026-09-24 11:36:19,516 INFO epoch 5/200 done: train_loss=1.0075 val_loss=0.8452 val_accuracy=0.6742 val_macro_f1=0.4809 val_macro_auc=0.7687 (checkpoint_metric=macro_auc) [new best]
2026-09-24 11:36:23,642 INFO train epoch 6/200 batch 13/66 (20%) running_loss=0.9859
2026-09-24 11:36:27,278 INFO train epoch 6/200 batch 26/66 (39%) running_loss=0.9752
2026-09-24 11:36:30,932 INFO train epoch 6/200 batch 39/66 (59%) running_loss=0.9817
2026-09-24 11:36:34,645 INFO train epoch 6/200 batch 52/66 (79%) running_loss=0.9731
2026-09-24 11:36:38,256 INFO train epoch 6/200 batch 65/66 (98%) running_loss=0.9619
2026-09-24 11:36:38,485 INFO train epoch 6/200 batch 66/66 (100%) running_loss=0.9660
2026-09-24 11:36:41,141 INFO epoch 6/200 done: train_loss=0.9660 val_loss=0.7949 val_accuracy=0.6701 val_macro_f1=0.4752 val_macro_auc=0.7738 (checkpoint_metric=macro_auc) [new best]
2026-09-24 11:36:45,297 INFO train epoch 7/200 batch 13/66 (20%) running_loss=0.9090
2026-09-24 11:36:48,911 INFO train epoch 7/200 batch 26/66 (39%) running_loss=0.9196
2026-09-24 11:36:52,506 INFO train epoch 7/200 batch 39/66 (59%) running_loss=0.9290
2026-09-24 11:36:56,144 INFO train epoch 7/200 batch 52/66 (79%) running_loss=0.9416
2026-09-24 11:36:59,721 INFO train epoch 7/200 batch 65/66 (98%) running_loss=0.9414
2026-09-24 11:36:59,950 INFO train epoch 7/200 batch 66/66 (100%) running_loss=0.9413
2026-09-24 11:37:02,593 INFO epoch 7/200 done: train_loss=0.9413 val_loss=0.8205 val_accuracy=0.6742 val_macro_f1=0.4827 val_macro_auc=0.7598 (checkpoint_metric=macro_auc) [new best]
2026-09-24 11:37:06,749 INFO train epoch 8/200 batch 13/66 (20%) running_loss=0.9733
2026-09-24 11:37:10,355 INFO train epoch 8/200 batch 26/66 (39%) running_loss=0.9605
2026-09-24 11:37:13,950 INFO train epoch 8/200 batch 39/66 (59%) running_loss=0.9487
2026-09-24 11:37:17,592 INFO train epoch 8/200 batch 52/66 (79%) running_loss=0.9321
2026-09-24 11:37:21,219 INFO train epoch 8/200 batch 65/66 (98%) running_loss=0.9246
2026-09-24 11:37:21,451 INFO train epoch 8/200 batch 66/66 (100%) running_loss=0.9248
2026-09-24 11:37:24,101 INFO epoch 8/200 done: train_loss=0.9248 val_loss=0.7971 val_accuracy=0.6803 val_macro_f1=0.4875 val_macro_auc=0.7756 (checkpoint_metric=macro_auc) [new best]
2026-09-24 11:37:28,218 INFO train epoch 9/200 batch 13/66 (20%) running_loss=0.8796
2026-09-24 11:37:31,828 INFO train epoch 9/200 batch 26/66 (39%) running_loss=0.8806
2026-09-24 11:37:35,437 INFO train epoch 9/200 batch 39/66 (59%) running_loss=0.8959
2026-09-24 11:37:39,048 INFO train epoch 9/200 batch 52/66 (79%) running_loss=0.8973
2026-09-24 11:37:42,685 INFO train epoch 9/200 batch 65/66 (98%) running_loss=0.9053
2026-09-24 11:37:42,912 INFO train epoch 9/200 batch 66/66 (100%) running_loss=0.9068
2026-09-24 11:37:45,706 INFO epoch 9/200 done: train_loss=0.9068 val_loss=0.7572 val_accuracy=0.7049 val_macro_f1=0.5073 val_macro_auc=0.8056 (checkpoint_metric=macro_auc) [new best]
2026-09-24 11:37:49,811 INFO train epoch 10/200 batch 13/66 (20%) running_loss=0.9103
2026-09-24 11:37:53,419 INFO train epoch 10/200 batch 26/66 (39%) running_loss=0.9075
2026-09-24 11:37:57,005 INFO train epoch 10/200 batch 39/66 (59%) running_loss=0.8951
2026-09-24 11:38:00,621 INFO train epoch 10/200 batch 52/66 (79%) running_loss=0.8914
2026-09-24 11:38:04,236 INFO train epoch 10/200 batch 65/66 (98%) running_loss=0.8837
2026-09-24 11:38:04,465 INFO train epoch 10/200 batch 66/66 (100%) running_loss=0.8834
2026-09-24 11:38:07,114 INFO epoch 10/200 done: train_loss=0.8834 val_loss=0.7121 val_accuracy=0.7029 val_macro_f1=0.5053 val_macro_auc=0.7916 (checkpoint_metric=macro_auc) [new best]
2026-09-24 11:38:11,249 INFO train epoch 11/200 batch 13/66 (20%) running_loss=0.8938
2026-09-24 11:38:14,856 INFO train epoch 11/200 batch 26/66 (39%) running_loss=0.8975
2026-09-24 11:38:18,503 INFO train epoch 11/200 batch 39/66 (59%) running_loss=0.8825
2026-09-24 11:38:22,129 INFO train epoch 11/200 batch 52/66 (79%) running_loss=0.8800
2026-09-24 11:38:25,774 INFO train epoch 11/200 batch 65/66 (98%) running_loss=0.8689
2026-09-24 11:38:26,009 INFO train epoch 11/200 batch 66/66 (100%) running_loss=0.8679
2026-09-24 11:38:28,799 INFO epoch 11/200 done: train_loss=0.8679 val_loss=0.8025 val_accuracy=0.6844 val_macro_f1=0.4922 val_macro_auc=0.7912 (checkpoint_metric=macro_auc) [new best]
2026-09-24 11:38:32,922 INFO train epoch 12/200 batch 13/66 (20%) running_loss=0.8677
2026-09-24 11:38:36,517 INFO train epoch 12/200 batch 26/66 (39%) running_loss=0.8828
2026-09-24 11:38:40,133 INFO train epoch 12/200 batch 39/66 (59%) running_loss=0.8636
2026-09-24 11:38:43,748 INFO train epoch 12/200 batch 52/66 (79%) running_loss=0.8676
2026-09-24 11:38:47,331 INFO train epoch 12/200 batch 65/66 (98%) running_loss=0.8631
2026-09-24 11:38:47,556 INFO train epoch 12/200 batch 66/66 (100%) running_loss=0.8618
2026-09-24 11:38:50,209 INFO epoch 12/200 done: train_loss=0.8618 val_loss=0.6742 val_accuracy=0.7500 val_macro_f1=0.5410 val_macro_auc=0.8182 (checkpoint_metric=macro_auc) [new best]
2026-09-24 11:38:54,315 INFO train epoch 13/200 batch 13/66 (20%) running_loss=0.8752
2026-09-24 11:38:57,891 INFO train epoch 13/200 batch 26/66 (39%) running_loss=0.8696
2026-09-24 11:39:01,465 INFO train epoch 13/200 batch 39/66 (59%) running_loss=0.8770
2026-09-24 11:39:05,037 INFO train epoch 13/200 batch 52/66 (79%) running_loss=0.8687
2026-09-24 11:39:08,611 INFO train epoch 13/200 batch 65/66 (98%) running_loss=0.8765
2026-09-24 11:39:08,839 INFO train epoch 13/200 batch 66/66 (100%) running_loss=0.8766
2026-09-24 11:39:11,495 INFO epoch 13/200 done: train_loss=0.8766 val_loss=0.7476 val_accuracy=0.7049 val_macro_f1=0.5074 val_macro_auc=0.8035 (checkpoint_metric=macro_auc) [new best]
2026-09-24 11:39:15,633 INFO train epoch 14/200 batch 13/66 (20%) running_loss=0.8554
2026-09-24 11:39:19,255 INFO train epoch 14/200 batch 26/66 (39%) running_loss=0.8659
2026-09-24 11:39:22,892 INFO train epoch 14/200 batch 39/66 (59%) running_loss=0.8652
2026-09-24 11:39:26,528 INFO train epoch 14/200 batch 52/66 (79%) running_loss=0.8644
2026-09-24 11:39:30,119 INFO train epoch 14/200 batch 65/66 (98%) running_loss=0.8621
2026-09-24 11:39:30,345 INFO train epoch 14/200 batch 66/66 (100%) running_loss=0.8605
2026-09-24 11:39:32,909 INFO epoch 14/200 done: train_loss=0.8605 val_loss=0.6673 val_accuracy=0.7275 val_macro_f1=0.5236 val_macro_auc=0.7896 (checkpoint_metric=macro_auc)
2026-09-24 11:39:37,042 INFO train epoch 15/200 batch 13/66 (20%) running_loss=0.8609
2026-09-24 11:39:40,643 INFO train epoch 15/200 batch 26/66 (39%) running_loss=0.8354
2026-09-24 11:39:44,293 INFO train epoch 15/200 batch 39/66 (59%) running_loss=0.8380
2026-09-24 11:39:47,932 INFO train epoch 15/200 batch 52/66 (79%) running_loss=0.8446
2026-09-24 11:39:51,541 INFO train epoch 15/200 batch 65/66 (98%) running_loss=0.8410
2026-09-24 11:39:51,773 INFO train epoch 15/200 batch 66/66 (100%) running_loss=0.8422
2026-09-24 11:39:54,302 INFO epoch 15/200 done: train_loss=0.8422 val_loss=0.6647 val_accuracy=0.7418 val_macro_f1=0.5352 val_macro_auc=0.7925 (checkpoint_metric=macro_auc)
2026-09-24 11:39:58,598 INFO train epoch 16/200 batch 13/66 (20%) running_loss=0.8546
2026-09-24 11:40:02,221 INFO train epoch 16/200 batch 26/66 (39%) running_loss=0.8226
2026-09-24 11:40:05,821 INFO train epoch 16/200 batch 39/66 (59%) running_loss=0.8252
2026-09-24 11:40:09,456 INFO train epoch 16/200 batch 52/66 (79%) running_loss=0.8264
2026-09-24 11:40:13,089 INFO train epoch 16/200 batch 65/66 (98%) running_loss=0.8277
2026-09-24 11:40:13,318 INFO train epoch 16/200 batch 66/66 (100%) running_loss=0.8296
2026-09-24 11:40:15,864 INFO epoch 16/200 done: train_loss=0.8296 val_loss=0.6939 val_accuracy=0.7582 val_macro_f1=0.5481 val_macro_auc=0.8164 (checkpoint_metric=macro_auc)
2026-09-24 11:40:20,000 INFO train epoch 17/200 batch 13/66 (20%) running_loss=0.8429
2026-09-24 11:40:23,636 INFO train epoch 17/200 batch 26/66 (39%) running_loss=0.8255
2026-09-24 11:40:27,253 INFO train epoch 17/200 batch 39/66 (59%) running_loss=0.8307
2026-09-24 11:40:30,888 INFO train epoch 17/200 batch 52/66 (79%) running_loss=0.8207
2026-09-24 11:40:34,481 INFO train epoch 17/200 batch 65/66 (98%) running_loss=0.8227
2026-09-24 11:40:34,709 INFO train epoch 17/200 batch 66/66 (100%) running_loss=0.8216
2026-09-24 11:40:37,369 INFO epoch 17/200 done: train_loss=0.8216 val_loss=0.6842 val_accuracy=0.7582 val_macro_f1=0.5488 val_macro_auc=0.8240 (checkpoint_metric=macro_auc) [new best]
2026-09-24 11:40:41,533 INFO train epoch 18/200 batch 13/66 (20%) running_loss=0.7958
2026-09-24 11:40:45,144 INFO train epoch 18/200 batch 26/66 (39%) running_loss=0.8024
2026-09-24 11:40:48,765 INFO train epoch 18/200 batch 39/66 (59%) running_loss=0.8008
2026-09-24 11:40:52,408 INFO train epoch 18/200 batch 52/66 (79%) running_loss=0.8017
2026-09-24 11:40:56,008 INFO train epoch 18/200 batch 65/66 (98%) running_loss=0.8050
2026-09-24 11:40:56,237 INFO train epoch 18/200 batch 66/66 (100%) running_loss=0.8065
2026-09-24 11:40:59,029 INFO epoch 18/200 done: train_loss=0.8065 val_loss=0.6382 val_accuracy=0.7500 val_macro_f1=0.5405 val_macro_auc=0.8210 (checkpoint_metric=macro_auc) [new best]
2026-09-24 11:41:03,142 INFO train epoch 19/200 batch 13/66 (20%) running_loss=0.8099
2026-09-24 11:41:06,760 INFO train epoch 19/200 batch 26/66 (39%) running_loss=0.7985
2026-09-24 11:41:10,356 INFO train epoch 19/200 batch 39/66 (59%) running_loss=0.8056
2026-09-24 11:41:13,959 INFO train epoch 19/200 batch 52/66 (79%) running_loss=0.8121
2026-09-24 11:41:17,557 INFO train epoch 19/200 batch 65/66 (98%) running_loss=0.8049
2026-09-24 11:41:17,785 INFO train epoch 19/200 batch 66/66 (100%) running_loss=0.8044
2026-09-24 11:41:20,425 INFO epoch 19/200 done: train_loss=0.8044 val_loss=0.5999 val_accuracy=0.7807 val_macro_f1=0.5659 val_macro_auc=0.8394 (checkpoint_metric=macro_auc) [new best]
2026-09-24 11:41:24,542 INFO train epoch 20/200 batch 13/66 (20%) running_loss=0.8387
2026-09-24 11:41:28,134 INFO train epoch 20/200 batch 26/66 (39%) running_loss=0.8138
2026-09-24 11:41:31,775 INFO train epoch 20/200 batch 39/66 (59%) running_loss=0.8081
2026-09-24 11:41:35,427 INFO train epoch 20/200 batch 52/66 (79%) running_loss=0.8037
2026-09-24 11:41:39,034 INFO train epoch 20/200 batch 65/66 (98%) running_loss=0.8074
2026-09-24 11:41:39,263 INFO train epoch 20/200 batch 66/66 (100%) running_loss=0.8069
2026-09-24 11:41:41,927 INFO epoch 20/200 done: train_loss=0.8069 val_loss=0.6698 val_accuracy=0.7480 val_macro_f1=0.5449 val_macro_auc=0.8407 (checkpoint_metric=macro_auc) [new best]
2026-09-24 11:41:46,237 INFO train epoch 21/200 batch 13/66 (20%) running_loss=0.7941
2026-09-24 11:41:49,906 INFO train epoch 21/200 batch 26/66 (39%) running_loss=0.8056
2026-09-24 11:41:53,522 INFO train epoch 21/200 batch 39/66 (59%) running_loss=0.8070
2026-09-24 11:41:57,116 INFO train epoch 21/200 batch 52/66 (79%) running_loss=0.8018
2026-09-24 11:42:00,719 INFO train epoch 21/200 batch 65/66 (98%) running_loss=0.7984
2026-09-24 11:42:00,947 INFO train epoch 21/200 batch 66/66 (100%) running_loss=0.7981
2026-09-24 11:42:03,628 INFO epoch 21/200 done: train_loss=0.7981 val_loss=0.7302 val_accuracy=0.7377 val_macro_f1=0.5309 val_macro_auc=0.8376 (checkpoint_metric=macro_auc) [new best]
2026-09-24 11:42:07,760 INFO train epoch 22/200 batch 13/66 (20%) running_loss=0.8046
2026-09-24 11:42:11,385 INFO train epoch 22/200 batch 26/66 (39%) running_loss=0.8042
2026-09-24 11:42:15,019 INFO train epoch 22/200 batch 39/66 (59%) running_loss=0.8005
2026-09-24 11:42:18,633 INFO train epoch 22/200 batch 52/66 (79%) running_loss=0.7877
2026-09-24 11:42:22,230 INFO train epoch 22/200 batch 65/66 (98%) running_loss=0.7862
2026-09-24 11:42:22,459 INFO train epoch 22/200 batch 66/66 (100%) running_loss=0.7863
2026-09-24 11:42:25,108 INFO epoch 22/200 done: train_loss=0.7863 val_loss=0.6087 val_accuracy=0.7582 val_macro_f1=0.5456 val_macro_auc=0.8403 (checkpoint_metric=macro_auc) [new best]
2026-09-24 11:42:29,188 INFO train epoch 23/200 batch 13/66 (20%) running_loss=0.8081
2026-09-24 11:42:32,797 INFO train epoch 23/200 batch 26/66 (39%) running_loss=0.7952
2026-09-24 11:42:36,602 INFO train epoch 23/200 batch 39/66 (59%) running_loss=0.7881
2026-09-24 11:42:40,207 INFO train epoch 23/200 batch 52/66 (79%) running_loss=0.7928
2026-09-24 11:42:43,785 INFO train epoch 23/200 batch 65/66 (98%) running_loss=0.7900
2026-09-24 11:42:44,012 INFO train epoch 23/200 batch 66/66 (100%) running_loss=0.7908
2026-09-24 11:42:46,676 INFO epoch 23/200 done: train_loss=0.7908 val_loss=0.5436 val_accuracy=0.7807 val_macro_f1=0.5978 val_macro_auc=0.8641 (checkpoint_metric=macro_auc) [new best]
2026-09-24 11:42:50,811 INFO train epoch 24/200 batch 13/66 (20%) running_loss=0.7886
2026-09-24 11:42:54,394 INFO train epoch 24/200 batch 26/66 (39%) running_loss=0.7576
2026-09-24 11:42:57,983 INFO train epoch 24/200 batch 39/66 (59%) running_loss=0.7707
2026-09-24 11:43:01,602 INFO train epoch 24/200 batch 52/66 (79%) running_loss=0.7675
2026-09-24 11:43:05,221 INFO train epoch 24/200 batch 65/66 (98%) running_loss=0.7728
2026-09-24 11:43:05,448 INFO train epoch 24/200 batch 66/66 (100%) running_loss=0.7725
2026-09-24 11:43:08,116 INFO epoch 24/200 done: train_loss=0.7725 val_loss=0.5943 val_accuracy=0.7787 val_macro_f1=0.6373 val_macro_auc=0.8736 (checkpoint_metric=macro_auc) [new best]
2026-09-24 11:43:12,242 INFO train epoch 25/200 batch 13/66 (20%) running_loss=0.7662
2026-09-24 11:43:15,847 INFO train epoch 25/200 batch 26/66 (39%) running_loss=0.7593
2026-09-24 11:43:19,455 INFO train epoch 25/200 batch 39/66 (59%) running_loss=0.7685
2026-09-24 11:43:23,060 INFO train epoch 25/200 batch 52/66 (79%) running_loss=0.7679
2026-09-24 11:43:26,650 INFO train epoch 25/200 batch 65/66 (98%) running_loss=0.7683
2026-09-24 11:43:26,877 INFO train epoch 25/200 batch 66/66 (100%) running_loss=0.7671
2026-09-24 11:43:29,520 INFO epoch 25/200 done: train_loss=0.7671 val_loss=0.6067 val_accuracy=0.7992 val_macro_f1=0.6714 val_macro_auc=0.8949 (checkpoint_metric=macro_auc) [new best]
2026-09-24 11:43:33,663 INFO train epoch 26/200 batch 13/66 (20%) running_loss=0.7400
2026-09-24 11:43:37,271 INFO train epoch 26/200 batch 26/66 (39%) running_loss=0.7549
2026-09-24 11:43:40,857 INFO train epoch 26/200 batch 39/66 (59%) running_loss=0.7444
2026-09-24 11:43:44,562 INFO train epoch 26/200 batch 52/66 (79%) running_loss=0.7557
2026-09-24 11:43:48,139 INFO train epoch 26/200 batch 65/66 (98%) running_loss=0.7574
2026-09-24 11:43:48,370 INFO train epoch 26/200 batch 66/66 (100%) running_loss=0.7574
2026-09-24 11:43:50,903 INFO epoch 26/200 done: train_loss=0.7574 val_loss=0.6364 val_accuracy=0.7561 val_macro_f1=0.5921 val_macro_auc=0.8250 (checkpoint_metric=macro_auc)
2026-09-24 11:43:55,055 INFO train epoch 27/200 batch 13/66 (20%) running_loss=0.7864
2026-09-24 11:43:58,677 INFO train epoch 27/200 batch 26/66 (39%) running_loss=0.7666
2026-09-24 11:44:02,302 INFO train epoch 27/200 batch 39/66 (59%) running_loss=0.7709
2026-09-24 11:44:05,923 INFO train epoch 27/200 batch 52/66 (79%) running_loss=0.7737
2026-09-24 11:44:09,549 INFO train epoch 27/200 batch 65/66 (98%) running_loss=0.7726
2026-09-24 11:44:09,776 INFO train epoch 27/200 batch 66/66 (100%) running_loss=0.7718
2026-09-24 11:44:12,318 INFO epoch 27/200 done: train_loss=0.7718 val_loss=0.5644 val_accuracy=0.8135 val_macro_f1=0.6121 val_macro_auc=0.9111 (checkpoint_metric=macro_auc)
2026-09-24 11:44:16,408 INFO train epoch 28/200 batch 13/66 (20%) running_loss=0.7874
2026-09-24 11:44:20,016 INFO train epoch 28/200 batch 26/66 (39%) running_loss=0.7814
2026-09-24 11:44:23,645 INFO train epoch 28/200 batch 39/66 (59%) running_loss=0.7842
2026-09-24 11:44:27,263 INFO train epoch 28/200 batch 52/66 (79%) running_loss=0.7679
2026-09-24 11:44:30,858 INFO train epoch 28/200 batch 65/66 (98%) running_loss=0.7635
2026-09-24 11:44:31,085 INFO train epoch 28/200 batch 66/66 (100%) running_loss=0.7658
2026-09-24 11:44:33,759 INFO epoch 28/200 done: train_loss=0.7658 val_loss=0.6232 val_accuracy=0.7684 val_macro_f1=0.7122 val_macro_auc=0.9066 (checkpoint_metric=macro_auc) [new best]
2026-09-24 11:44:37,907 INFO train epoch 29/200 batch 13/66 (20%) running_loss=0.7598
2026-09-24 11:44:41,566 INFO train epoch 29/200 batch 26/66 (39%) running_loss=0.7617
2026-09-24 11:44:45,220 INFO train epoch 29/200 batch 39/66 (59%) running_loss=0.7651
2026-09-24 11:44:48,857 INFO train epoch 29/200 batch 52/66 (79%) running_loss=0.7636
2026-09-24 11:44:52,667 INFO train epoch 29/200 batch 65/66 (98%) running_loss=0.7630
2026-09-24 11:44:52,899 INFO train epoch 29/200 batch 66/66 (100%) running_loss=0.7618
2026-09-24 11:44:55,551 INFO epoch 29/200 done: train_loss=0.7618 val_loss=0.5251 val_accuracy=0.7992 val_macro_f1=0.6850 val_macro_auc=0.9027 (checkpoint_metric=macro_auc) [new best]
2026-09-24 11:44:59,720 INFO train epoch 30/200 batch 13/66 (20%) running_loss=0.7674
2026-09-24 11:45:03,364 INFO train epoch 30/200 batch 26/66 (39%) running_loss=0.7579
2026-09-24 11:45:06,998 INFO train epoch 30/200 batch 39/66 (59%) running_loss=0.7576
2026-09-24 11:45:10,637 INFO train epoch 30/200 batch 52/66 (79%) running_loss=0.7480
2026-09-24 11:45:14,226 INFO train epoch 30/200 batch 65/66 (98%) running_loss=0.7484
2026-09-24 11:45:14,451 INFO train epoch 30/200 batch 66/66 (100%) running_loss=0.7477
2026-09-24 11:45:17,102 INFO epoch 30/200 done: train_loss=0.7477 val_loss=0.4438 val_accuracy=0.8443 val_macro_f1=0.7296 val_macro_auc=0.9513 (checkpoint_metric=macro_auc) [new best]
2026-09-24 11:45:21,227 INFO train epoch 31/200 batch 13/66 (20%) running_loss=0.7986
2026-09-24 11:45:24,842 INFO train epoch 31/200 batch 26/66 (39%) running_loss=0.7760
2026-09-24 11:45:28,448 INFO train epoch 31/200 batch 39/66 (59%) running_loss=0.7610
2026-09-24 11:45:32,070 INFO train epoch 31/200 batch 52/66 (79%) running_loss=0.7517
2026-09-24 11:45:35,670 INFO train epoch 31/200 batch 65/66 (98%) running_loss=0.7547
2026-09-24 11:45:35,896 INFO train epoch 31/200 batch 66/66 (100%) running_loss=0.7555
2026-09-24 11:45:38,464 INFO epoch 31/200 done: train_loss=0.7555 val_loss=0.6440 val_accuracy=0.7213 val_macro_f1=0.6761 val_macro_auc=0.8996 (checkpoint_metric=macro_auc)
2026-09-24 11:45:42,546 INFO train epoch 32/200 batch 13/66 (20%) running_loss=0.7305
2026-09-24 11:45:46,145 INFO train epoch 32/200 batch 26/66 (39%) running_loss=0.7403
2026-09-24 11:45:49,756 INFO train epoch 32/200 batch 39/66 (59%) running_loss=0.7517
2026-09-24 11:45:53,389 INFO train epoch 32/200 batch 52/66 (79%) running_loss=0.7575
2026-09-24 11:45:57,026 INFO train epoch 32/200 batch 65/66 (98%) running_loss=0.7460
2026-09-24 11:45:57,261 INFO train epoch 32/200 batch 66/66 (100%) running_loss=0.7455
2026-09-24 11:45:59,956 INFO epoch 32/200 done: train_loss=0.7455 val_loss=0.4926 val_accuracy=0.8217 val_macro_f1=0.7476 val_macro_auc=0.9516 (checkpoint_metric=macro_auc) [new best]
2026-09-24 11:46:04,122 INFO train epoch 33/200 batch 13/66 (20%) running_loss=0.7331
2026-09-24 11:46:07,850 INFO train epoch 33/200 batch 26/66 (39%) running_loss=0.7290
2026-09-24 11:46:11,453 INFO train epoch 33/200 batch 39/66 (59%) running_loss=0.7304
2026-09-24 11:46:15,064 INFO train epoch 33/200 batch 52/66 (79%) running_loss=0.7273
2026-09-24 11:46:18,678 INFO train epoch 33/200 batch 65/66 (98%) running_loss=0.7206
2026-09-24 11:46:18,907 INFO train epoch 33/200 batch 66/66 (100%) running_loss=0.7200
2026-09-24 11:46:21,555 INFO epoch 33/200 done: train_loss=0.7200 val_loss=0.5317 val_accuracy=0.7910 val_macro_f1=0.7671 val_macro_auc=0.9514 (checkpoint_metric=macro_auc) [new best]
2026-09-24 11:46:25,707 INFO train epoch 34/200 batch 13/66 (20%) running_loss=0.7096
2026-09-24 11:46:29,350 INFO train epoch 34/200 batch 26/66 (39%) running_loss=0.7162
2026-09-24 11:46:32,982 INFO train epoch 34/200 batch 39/66 (59%) running_loss=0.7200
2026-09-24 11:46:36,613 INFO train epoch 34/200 batch 52/66 (79%) running_loss=0.7158
2026-09-24 11:46:40,228 INFO train epoch 34/200 batch 65/66 (98%) running_loss=0.7136
2026-09-24 11:46:40,458 INFO train epoch 34/200 batch 66/66 (100%) running_loss=0.7142
2026-09-24 11:46:43,127 INFO epoch 34/200 done: train_loss=0.7142 val_loss=0.5639 val_accuracy=0.7623 val_macro_f1=0.6995 val_macro_auc=0.9174 (checkpoint_metric=macro_auc) [new best]
2026-09-24 11:46:47,216 INFO train epoch 35/200 batch 13/66 (20%) running_loss=0.7341
2026-09-24 11:46:50,827 INFO train epoch 35/200 batch 26/66 (39%) running_loss=0.7076
2026-09-24 11:46:54,461 INFO train epoch 35/200 batch 39/66 (59%) running_loss=0.7170
2026-09-24 11:46:58,267 INFO train epoch 35/200 batch 52/66 (79%) running_loss=0.7125
2026-09-24 11:47:01,864 INFO train epoch 35/200 batch 65/66 (98%) running_loss=0.7202
2026-09-24 11:47:02,089 INFO train epoch 35/200 batch 66/66 (100%) running_loss=0.7208
2026-09-24 11:47:04,624 INFO epoch 35/200 done: train_loss=0.7208 val_loss=0.5574 val_accuracy=0.7910 val_macro_f1=0.7382 val_macro_auc=0.9283 (checkpoint_metric=macro_auc)
2026-09-24 11:47:08,782 INFO train epoch 36/200 batch 13/66 (20%) running_loss=0.7185
2026-09-24 11:47:12,398 INFO train epoch 36/200 batch 26/66 (39%) running_loss=0.7152
2026-09-24 11:47:16,022 INFO train epoch 36/200 batch 39/66 (59%) running_loss=0.7218
2026-09-24 11:47:19,663 INFO train epoch 36/200 batch 52/66 (79%) running_loss=0.7235
2026-09-24 11:47:23,240 INFO train epoch 36/200 batch 65/66 (98%) running_loss=0.7139
2026-09-24 11:47:23,466 INFO train epoch 36/200 batch 66/66 (100%) running_loss=0.7150
2026-09-24 11:47:26,004 INFO epoch 36/200 done: train_loss=0.7150 val_loss=0.3845 val_accuracy=0.8668 val_macro_f1=0.8157 val_macro_auc=0.9684 (checkpoint_metric=macro_auc)
2026-09-24 11:47:30,129 INFO train epoch 37/200 batch 13/66 (20%) running_loss=0.6981
2026-09-24 11:47:33,760 INFO train epoch 37/200 batch 26/66 (39%) running_loss=0.7005
2026-09-24 11:47:37,359 INFO train epoch 37/200 batch 39/66 (59%) running_loss=0.7158
2026-09-24 11:47:40,960 INFO train epoch 37/200 batch 52/66 (79%) running_loss=0.7092
2026-09-24 11:47:44,565 INFO train epoch 37/200 batch 65/66 (98%) running_loss=0.7048
2026-09-24 11:47:44,793 INFO train epoch 37/200 batch 66/66 (100%) running_loss=0.7047
2026-09-24 11:47:47,583 INFO epoch 37/200 done: train_loss=0.7047 val_loss=0.3900 val_accuracy=0.8484 val_macro_f1=0.7514 val_macro_auc=0.9599 (checkpoint_metric=macro_auc) [new best]
2026-09-24 11:47:51,710 INFO train epoch 38/200 batch 13/66 (20%) running_loss=0.7015
2026-09-24 11:47:55,316 INFO train epoch 38/200 batch 26/66 (39%) running_loss=0.7012
2026-09-24 11:47:58,952 INFO train epoch 38/200 batch 39/66 (59%) running_loss=0.6979
2026-09-24 11:48:02,583 INFO train epoch 38/200 batch 52/66 (79%) running_loss=0.6973
2026-09-24 11:48:06,193 INFO train epoch 38/200 batch 65/66 (98%) running_loss=0.6937
2026-09-24 11:48:06,421 INFO train epoch 38/200 batch 66/66 (100%) running_loss=0.6957
2026-09-24 11:48:09,081 INFO epoch 38/200 done: train_loss=0.6957 val_loss=0.7498 val_accuracy=0.7152 val_macro_f1=0.6885 val_macro_auc=0.9387 (checkpoint_metric=macro_auc) [new best]
2026-09-24 11:48:13,154 INFO train epoch 39/200 batch 13/66 (20%) running_loss=0.6811
2026-09-24 11:48:16,761 INFO train epoch 39/200 batch 26/66 (39%) running_loss=0.6849
2026-09-24 11:48:20,425 INFO train epoch 39/200 batch 39/66 (59%) running_loss=0.6843
2026-09-24 11:48:24,079 INFO train epoch 39/200 batch 52/66 (79%) running_loss=0.6822
2026-09-24 11:48:27,680 INFO train epoch 39/200 batch 65/66 (98%) running_loss=0.6790
2026-09-24 11:48:27,908 INFO train epoch 39/200 batch 66/66 (100%) running_loss=0.6784
2026-09-24 11:48:30,468 INFO epoch 39/200 done: train_loss=0.6784 val_loss=0.4190 val_accuracy=0.8381 val_macro_f1=0.7615 val_macro_auc=0.9643 (checkpoint_metric=macro_auc)
2026-09-24 11:48:34,540 INFO train epoch 40/200 batch 13/66 (20%) running_loss=0.7016
2026-09-24 11:48:38,151 INFO train epoch 40/200 batch 26/66 (39%) running_loss=0.6923
2026-09-24 11:48:41,779 INFO train epoch 40/200 batch 39/66 (59%) running_loss=0.6904
2026-09-24 11:48:45,392 INFO train epoch 40/200 batch 52/66 (79%) running_loss=0.6873
2026-09-24 11:48:49,004 INFO train epoch 40/200 batch 65/66 (98%) running_loss=0.6994
2026-09-24 11:48:49,231 INFO train epoch 40/200 batch 66/66 (100%) running_loss=0.7010
2026-09-24 11:48:51,770 INFO epoch 40/200 done: train_loss=0.7010 val_loss=0.4222 val_accuracy=0.8217 val_macro_f1=0.7050 val_macro_auc=0.9574 (checkpoint_metric=macro_auc)
2026-09-24 11:48:55,947 INFO train epoch 41/200 batch 13/66 (20%) running_loss=0.6810
2026-09-24 11:48:59,582 INFO train epoch 41/200 batch 26/66 (39%) running_loss=0.6669
2026-09-24 11:49:03,226 INFO train epoch 41/200 batch 39/66 (59%) running_loss=0.6737
2026-09-24 11:49:07,044 INFO train epoch 41/200 batch 52/66 (79%) running_loss=0.6690
2026-09-24 11:49:10,636 INFO train epoch 41/200 batch 65/66 (98%) running_loss=0.6756
2026-09-24 11:49:10,864 INFO train epoch 41/200 batch 66/66 (100%) running_loss=0.6745
2026-09-24 11:49:13,529 INFO epoch 41/200 done: train_loss=0.6745 val_loss=0.3462 val_accuracy=0.9016 val_macro_f1=0.8633 val_macro_auc=0.9754 (checkpoint_metric=macro_auc) [new best]
2026-09-24 11:49:17,628 INFO train epoch 42/200 batch 13/66 (20%) running_loss=0.6192
2026-09-24 11:49:21,229 INFO train epoch 42/200 batch 26/66 (39%) running_loss=0.6551
2026-09-24 11:49:24,827 INFO train epoch 42/200 batch 39/66 (59%) running_loss=0.6626
2026-09-24 11:49:28,443 INFO train epoch 42/200 batch 52/66 (79%) running_loss=0.6686
2026-09-24 11:49:32,062 INFO train epoch 42/200 batch 65/66 (98%) running_loss=0.6647
2026-09-24 11:49:32,290 INFO train epoch 42/200 batch 66/66 (100%) running_loss=0.6640
2026-09-24 11:49:34,825 INFO epoch 42/200 done: train_loss=0.6640 val_loss=0.4818 val_accuracy=0.8197 val_macro_f1=0.7917 val_macro_auc=0.9627 (checkpoint_metric=macro_auc)
2026-09-24 11:49:38,934 INFO train epoch 43/200 batch 13/66 (20%) running_loss=0.6596
2026-09-24 11:49:42,551 INFO train epoch 43/200 batch 26/66 (39%) running_loss=0.6700
2026-09-24 11:49:46,165 INFO train epoch 43/200 batch 39/66 (59%) running_loss=0.6672
2026-09-24 11:49:49,773 INFO train epoch 43/200 batch 52/66 (79%) running_loss=0.6664
2026-09-24 11:49:53,419 INFO train epoch 43/200 batch 65/66 (98%) running_loss=0.6671
2026-09-24 11:49:53,648 INFO train epoch 43/200 batch 66/66 (100%) running_loss=0.6670
2026-09-24 11:49:56,316 INFO epoch 43/200 done: train_loss=0.6670 val_loss=0.3737 val_accuracy=0.8996 val_macro_f1=0.8588 val_macro_auc=0.9785 (checkpoint_metric=macro_auc) [new best]
2026-09-24 11:50:00,486 INFO train epoch 44/200 batch 13/66 (20%) running_loss=0.6685
2026-09-24 11:50:04,140 INFO train epoch 44/200 batch 26/66 (39%) running_loss=0.6519
2026-09-24 11:50:07,734 INFO train epoch 44/200 batch 39/66 (59%) running_loss=0.6393
2026-09-24 11:50:11,472 INFO train epoch 44/200 batch 52/66 (79%) running_loss=0.6476
2026-09-24 11:50:15,081 INFO train epoch 44/200 batch 65/66 (98%) running_loss=0.6476
2026-09-24 11:50:15,313 INFO train epoch 44/200 batch 66/66 (100%) running_loss=0.6481
2026-09-24 11:50:17,872 INFO epoch 44/200 done: train_loss=0.6481 val_loss=0.4025 val_accuracy=0.8504 val_macro_f1=0.7721 val_macro_auc=0.9634 (checkpoint_metric=macro_auc)
2026-09-24 11:50:21,986 INFO train epoch 45/200 batch 13/66 (20%) running_loss=0.6648
2026-09-24 11:50:25,635 INFO train epoch 45/200 batch 26/66 (39%) running_loss=0.6484
2026-09-24 11:50:29,278 INFO train epoch 45/200 batch 39/66 (59%) running_loss=0.6437
2026-09-24 11:50:32,916 INFO train epoch 45/200 batch 52/66 (79%) running_loss=0.6389
2026-09-24 11:50:36,522 INFO train epoch 45/200 batch 65/66 (98%) running_loss=0.6337
2026-09-24 11:50:36,749 INFO train epoch 45/200 batch 66/66 (100%) running_loss=0.6357
2026-09-24 11:50:39,277 INFO epoch 45/200 done: train_loss=0.6357 val_loss=0.4606 val_accuracy=0.8586 val_macro_f1=0.8228 val_macro_auc=0.9728 (checkpoint_metric=macro_auc)
2026-09-24 11:50:43,414 INFO train epoch 46/200 batch 13/66 (20%) running_loss=0.6330
2026-09-24 11:50:47,028 INFO train epoch 46/200 batch 26/66 (39%) running_loss=0.6413
2026-09-24 11:50:50,647 INFO train epoch 46/200 batch 39/66 (59%) running_loss=0.6362
2026-09-24 11:50:54,282 INFO train epoch 46/200 batch 52/66 (79%) running_loss=0.6303
2026-09-24 11:50:57,892 INFO train epoch 46/200 batch 65/66 (98%) running_loss=0.6254
2026-09-24 11:50:58,119 INFO train epoch 46/200 batch 66/66 (100%) running_loss=0.6257
2026-09-24 11:51:00,670 INFO epoch 46/200 done: train_loss=0.6257 val_loss=0.4491 val_accuracy=0.8545 val_macro_f1=0.8099 val_macro_auc=0.9727 (checkpoint_metric=macro_auc)
2026-09-24 11:51:04,755 INFO train epoch 47/200 batch 13/66 (20%) running_loss=0.6179
2026-09-24 11:51:08,354 INFO train epoch 47/200 batch 26/66 (39%) running_loss=0.6088
2026-09-24 11:51:11,976 INFO train epoch 47/200 batch 39/66 (59%) running_loss=0.6325
2026-09-24 11:51:15,585 INFO train epoch 47/200 batch 52/66 (79%) running_loss=0.6349
2026-09-24 11:51:19,177 INFO train epoch 47/200 batch 65/66 (98%) running_loss=0.6360
2026-09-24 11:51:19,405 INFO train epoch 47/200 batch 66/66 (100%) running_loss=0.6354
2026-09-24 11:51:21,946 INFO epoch 47/200 done: train_loss=0.6354 val_loss=0.4367 val_accuracy=0.8258 val_macro_f1=0.7939 val_macro_auc=0.9705 (checkpoint_metric=macro_auc)
2026-09-24 11:51:26,270 INFO train epoch 48/200 batch 13/66 (20%) running_loss=0.6148
2026-09-24 11:51:29,877 INFO train epoch 48/200 batch 26/66 (39%) running_loss=0.6236
2026-09-24 11:51:33,507 INFO train epoch 48/200 batch 39/66 (59%) running_loss=0.6186
2026-09-24 11:51:37,125 INFO train epoch 48/200 batch 52/66 (79%) running_loss=0.6225
2026-09-24 11:51:40,750 INFO train epoch 48/200 batch 65/66 (98%) running_loss=0.6248
2026-09-24 11:51:40,978 INFO train epoch 48/200 batch 66/66 (100%) running_loss=0.6245
2026-09-24 11:51:43,639 INFO epoch 48/200 done: train_loss=0.6245 val_loss=0.3777 val_accuracy=0.8893 val_macro_f1=0.8595 val_macro_auc=0.9783 (checkpoint_metric=macro_auc) [new best]
2026-09-24 11:51:47,794 INFO train epoch 49/200 batch 13/66 (20%) running_loss=0.5974
2026-09-24 11:51:51,443 INFO train epoch 49/200 batch 26/66 (39%) running_loss=0.6043
2026-09-24 11:51:55,070 INFO train epoch 49/200 batch 39/66 (59%) running_loss=0.6210
2026-09-24 11:51:58,695 INFO train epoch 49/200 batch 52/66 (79%) running_loss=0.6224
2026-09-24 11:52:02,305 INFO train epoch 49/200 batch 65/66 (98%) running_loss=0.6174
2026-09-24 11:52:02,534 INFO train epoch 49/200 batch 66/66 (100%) running_loss=0.6174
2026-09-24 11:52:05,189 INFO epoch 49/200 done: train_loss=0.6174 val_loss=0.3465 val_accuracy=0.8996 val_macro_f1=0.8596 val_macro_auc=0.9775 (checkpoint_metric=macro_auc) [new best]
2026-09-24 11:52:09,301 INFO train epoch 50/200 batch 13/66 (20%) running_loss=0.6447
2026-09-24 11:52:12,947 INFO train epoch 50/200 batch 26/66 (39%) running_loss=0.6400
2026-09-24 11:52:16,606 INFO train epoch 50/200 batch 39/66 (59%) running_loss=0.6350
2026-09-24 11:52:20,262 INFO train epoch 50/200 batch 52/66 (79%) running_loss=0.6297
2026-09-24 11:52:24,024 INFO train epoch 50/200 batch 65/66 (98%) running_loss=0.6188
2026-09-24 11:52:24,256 INFO train epoch 50/200 batch 66/66 (100%) running_loss=0.6195
2026-09-24 11:52:26,932 INFO epoch 50/200 done: train_loss=0.6195 val_loss=0.3124 val_accuracy=0.9139 val_macro_f1=0.8848 val_macro_auc=0.9858 (checkpoint_metric=macro_auc) [new best]
2026-09-24 11:52:31,076 INFO train epoch 51/200 batch 13/66 (20%) running_loss=0.6016
2026-09-24 11:52:34,694 INFO train epoch 51/200 batch 26/66 (39%) running_loss=0.5950
2026-09-24 11:52:38,309 INFO train epoch 51/200 batch 39/66 (59%) running_loss=0.6027
2026-09-24 11:52:41,919 INFO train epoch 51/200 batch 52/66 (79%) running_loss=0.6006
2026-09-24 11:52:45,520 INFO train epoch 51/200 batch 65/66 (98%) running_loss=0.6030
2026-09-24 11:52:45,748 INFO train epoch 51/200 batch 66/66 (100%) running_loss=0.6046
2026-09-24 11:52:48,415 INFO epoch 51/200 done: train_loss=0.6046 val_loss=0.3327 val_accuracy=0.8914 val_macro_f1=0.8602 val_macro_auc=0.9837 (checkpoint_metric=macro_auc) [new best]
2026-09-24 11:52:52,621 INFO train epoch 52/200 batch 13/66 (20%) running_loss=0.5490
2026-09-24 11:52:56,247 INFO train epoch 52/200 batch 26/66 (39%) running_loss=0.5695
2026-09-24 11:52:59,884 INFO train epoch 52/200 batch 39/66 (59%) running_loss=0.5702
2026-09-24 11:53:03,499 INFO train epoch 52/200 batch 52/66 (79%) running_loss=0.5829
2026-09-24 11:53:07,116 INFO train epoch 52/200 batch 65/66 (98%) running_loss=0.5934
2026-09-24 11:53:07,346 INFO train epoch 52/200 batch 66/66 (100%) running_loss=0.5927
2026-09-24 11:53:09,985 INFO epoch 52/200 done: train_loss=0.5927 val_loss=0.3042 val_accuracy=0.9139 val_macro_f1=0.8862 val_macro_auc=0.9858 (checkpoint_metric=macro_auc) [new best]
2026-09-24 11:53:14,175 INFO train epoch 53/200 batch 13/66 (20%) running_loss=0.5651
2026-09-24 11:53:17,860 INFO train epoch 53/200 batch 26/66 (39%) running_loss=0.5915
2026-09-24 11:53:21,509 INFO train epoch 53/200 batch 39/66 (59%) running_loss=0.5804
2026-09-24 11:53:25,160 INFO train epoch 53/200 batch 52/66 (79%) running_loss=0.5903
2026-09-24 11:53:28,761 INFO train epoch 53/200 batch 65/66 (98%) running_loss=0.5850
2026-09-24 11:53:28,990 INFO train epoch 53/200 batch 66/66 (100%) running_loss=0.5847
2026-09-24 11:53:31,522 INFO epoch 53/200 done: train_loss=0.5847 val_loss=0.2932 val_accuracy=0.9098 val_macro_f1=0.8718 val_macro_auc=0.9821 (checkpoint_metric=macro_auc)
2026-09-24 11:53:35,640 INFO train epoch 54/200 batch 13/66 (20%) running_loss=0.5580
2026-09-24 11:53:39,456 INFO train epoch 54/200 batch 26/66 (39%) running_loss=0.5613
2026-09-24 11:53:43,087 INFO train epoch 54/200 batch 39/66 (59%) running_loss=0.5705
2026-09-24 11:53:46,716 INFO train epoch 54/200 batch 52/66 (79%) running_loss=0.5729
2026-09-24 11:53:50,325 INFO train epoch 54/200 batch 65/66 (98%) running_loss=0.5784
2026-09-24 11:53:50,557 INFO train epoch 54/200 batch 66/66 (100%) running_loss=0.5790
2026-09-24 11:53:53,094 INFO epoch 54/200 done: train_loss=0.5790 val_loss=0.3523 val_accuracy=0.9098 val_macro_f1=0.8857 val_macro_auc=0.9863 (checkpoint_metric=macro_auc)
2026-09-24 11:53:57,246 INFO train epoch 55/200 batch 13/66 (20%) running_loss=0.5829
2026-09-24 11:54:00,894 INFO train epoch 55/200 batch 26/66 (39%) running_loss=0.5740
2026-09-24 11:54:04,524 INFO train epoch 55/200 batch 39/66 (59%) running_loss=0.5644
2026-09-24 11:54:08,158 INFO train epoch 55/200 batch 52/66 (79%) running_loss=0.5831
2026-09-24 11:54:11,776 INFO train epoch 55/200 batch 65/66 (98%) running_loss=0.5784
2026-09-24 11:54:12,010 INFO train epoch 55/200 batch 66/66 (100%) running_loss=0.5779
2026-09-24 11:54:14,547 INFO epoch 55/200 done: train_loss=0.5779 val_loss=0.3014 val_accuracy=0.9037 val_macro_f1=0.8533 val_macro_auc=0.9844 (checkpoint_metric=macro_auc)
2026-09-24 11:54:18,702 INFO train epoch 56/200 batch 13/66 (20%) running_loss=0.5488
2026-09-24 11:54:22,340 INFO train epoch 56/200 batch 26/66 (39%) running_loss=0.5455
2026-09-24 11:54:25,989 INFO train epoch 56/200 batch 39/66 (59%) running_loss=0.5473
2026-09-24 11:54:29,604 INFO train epoch 56/200 batch 52/66 (79%) running_loss=0.5554
2026-09-24 11:54:33,401 INFO train epoch 56/200 batch 65/66 (98%) running_loss=0.5659
2026-09-24 11:54:33,631 INFO train epoch 56/200 batch 66/66 (100%) running_loss=0.5662
2026-09-24 11:54:36,357 INFO epoch 56/200 done: train_loss=0.5662 val_loss=0.3601 val_accuracy=0.8975 val_macro_f1=0.8709 val_macro_auc=0.9869 (checkpoint_metric=macro_auc) [new best]
2026-09-24 11:54:40,487 INFO train epoch 57/200 batch 13/66 (20%) running_loss=0.5725
2026-09-24 11:54:44,099 INFO train epoch 57/200 batch 26/66 (39%) running_loss=0.5953
2026-09-24 11:54:47,705 INFO train epoch 57/200 batch 39/66 (59%) running_loss=0.5965
2026-09-24 11:54:51,313 INFO train epoch 57/200 batch 52/66 (79%) running_loss=0.5939
2026-09-24 11:54:54,928 INFO train epoch 57/200 batch 65/66 (98%) running_loss=0.5909
2026-09-24 11:54:55,163 INFO train epoch 57/200 batch 66/66 (100%) running_loss=0.5910
2026-09-24 11:54:57,696 INFO epoch 57/200 done: train_loss=0.5910 val_loss=0.3497 val_accuracy=0.8873 val_macro_f1=0.8608 val_macro_auc=0.9833 (checkpoint_metric=macro_auc)
2026-09-24 11:55:01,842 INFO train epoch 58/200 batch 13/66 (20%) running_loss=0.5912
2026-09-24 11:55:05,487 INFO train epoch 58/200 batch 26/66 (39%) running_loss=0.5851
2026-09-24 11:55:09,106 INFO train epoch 58/200 batch 39/66 (59%) running_loss=0.5790
2026-09-24 11:55:12,749 INFO train epoch 58/200 batch 52/66 (79%) running_loss=0.5738
2026-09-24 11:55:16,393 INFO train epoch 58/200 batch 65/66 (98%) running_loss=0.5679
2026-09-24 11:55:16,625 INFO train epoch 58/200 batch 66/66 (100%) running_loss=0.5668
2026-09-24 11:55:19,273 INFO epoch 58/200 done: train_loss=0.5668 val_loss=0.2670 val_accuracy=0.9262 val_macro_f1=0.8845 val_macro_auc=0.9894 (checkpoint_metric=macro_auc) [new best]
2026-09-24 11:55:23,435 INFO train epoch 59/200 batch 13/66 (20%) running_loss=0.5620
2026-09-24 11:55:27,044 INFO train epoch 59/200 batch 26/66 (39%) running_loss=0.5483
2026-09-24 11:55:30,652 INFO train epoch 59/200 batch 39/66 (59%) running_loss=0.5556
2026-09-24 11:55:34,318 INFO train epoch 59/200 batch 52/66 (79%) running_loss=0.5627
2026-09-24 11:55:37,931 INFO train epoch 59/200 batch 65/66 (98%) running_loss=0.5760
2026-09-24 11:55:38,160 INFO train epoch 59/200 batch 66/66 (100%) running_loss=0.5761
2026-09-24 11:55:40,703 INFO epoch 59/200 done: train_loss=0.5761 val_loss=0.3215 val_accuracy=0.9201 val_macro_f1=0.8958 val_macro_auc=0.9867 (checkpoint_metric=macro_auc)
2026-09-24 11:55:44,822 INFO train epoch 60/200 batch 13/66 (20%) running_loss=0.6019
2026-09-24 11:55:48,412 INFO train epoch 60/200 batch 26/66 (39%) running_loss=0.5879
2026-09-24 11:55:52,183 INFO train epoch 60/200 batch 39/66 (59%) running_loss=0.5799
2026-09-24 11:55:55,792 INFO train epoch 60/200 batch 52/66 (79%) running_loss=0.5744
2026-09-24 11:55:59,397 INFO train epoch 60/200 batch 65/66 (98%) running_loss=0.5701
2026-09-24 11:55:59,627 INFO train epoch 60/200 batch 66/66 (100%) running_loss=0.5709
2026-09-24 11:56:02,161 INFO epoch 60/200 done: train_loss=0.5709 val_loss=0.2765 val_accuracy=0.9262 val_macro_f1=0.8857 val_macro_auc=0.9826 (checkpoint_metric=macro_auc)
2026-09-24 11:56:06,329 INFO train epoch 61/200 batch 13/66 (20%) running_loss=0.5698
2026-09-24 11:56:09,929 INFO train epoch 61/200 batch 26/66 (39%) running_loss=0.5762
2026-09-24 11:56:13,518 INFO train epoch 61/200 batch 39/66 (59%) running_loss=0.5819
2026-09-24 11:56:17,102 INFO train epoch 61/200 batch 52/66 (79%) running_loss=0.5711
2026-09-24 11:56:20,695 INFO train epoch 61/200 batch 65/66 (98%) running_loss=0.5646
2026-09-24 11:56:20,921 INFO train epoch 61/200 batch 66/66 (100%) running_loss=0.5632
2026-09-24 11:56:23,456 INFO epoch 61/200 done: train_loss=0.5632 val_loss=0.3022 val_accuracy=0.9016 val_macro_f1=0.8737 val_macro_auc=0.9851 (checkpoint_metric=macro_auc)
2026-09-24 11:56:27,599 INFO train epoch 62/200 batch 13/66 (20%) running_loss=0.5171
2026-09-24 11:56:31,223 INFO train epoch 62/200 batch 26/66 (39%) running_loss=0.5413
2026-09-24 11:56:34,853 INFO train epoch 62/200 batch 39/66 (59%) running_loss=0.5563
2026-09-24 11:56:38,456 INFO train epoch 62/200 batch 52/66 (79%) running_loss=0.5523
2026-09-24 11:56:42,065 INFO train epoch 62/200 batch 65/66 (98%) running_loss=0.5498
2026-09-24 11:56:42,294 INFO train epoch 62/200 batch 66/66 (100%) running_loss=0.5491
2026-09-24 11:56:44,826 INFO epoch 62/200 done: train_loss=0.5491 val_loss=0.3847 val_accuracy=0.8648 val_macro_f1=0.8351 val_macro_auc=0.9786 (checkpoint_metric=macro_auc)
2026-09-24 11:56:49,030 INFO train epoch 63/200 batch 13/66 (20%) running_loss=0.5094
2026-09-24 11:56:52,694 INFO train epoch 63/200 batch 26/66 (39%) running_loss=0.5149
2026-09-24 11:56:56,327 INFO train epoch 63/200 batch 39/66 (59%) running_loss=0.5161
2026-09-24 11:56:59,940 INFO train epoch 63/200 batch 52/66 (79%) running_loss=0.5358
2026-09-24 11:57:03,548 INFO train epoch 63/200 batch 65/66 (98%) running_loss=0.5361
2026-09-24 11:57:03,774 INFO train epoch 63/200 batch 66/66 (100%) running_loss=0.5360
2026-09-24 11:57:06,307 INFO epoch 63/200 done: train_loss=0.5360 val_loss=0.3334 val_accuracy=0.8975 val_macro_f1=0.8610 val_macro_auc=0.9868 (checkpoint_metric=macro_auc)
2026-09-24 11:57:10,430 INFO train epoch 64/200 batch 13/66 (20%) running_loss=0.5302
2026-09-24 11:57:14,017 INFO train epoch 64/200 batch 26/66 (39%) running_loss=0.5427
2026-09-24 11:57:17,628 INFO train epoch 64/200 batch 39/66 (59%) running_loss=0.5413
2026-09-24 11:57:21,268 INFO train epoch 64/200 batch 52/66 (79%) running_loss=0.5394
2026-09-24 11:57:24,864 INFO train epoch 64/200 batch 65/66 (98%) running_loss=0.5428
2026-09-24 11:57:25,095 INFO train epoch 64/200 batch 66/66 (100%) running_loss=0.5431
2026-09-24 11:57:27,625 INFO epoch 64/200 done: train_loss=0.5431 val_loss=0.3113 val_accuracy=0.8955 val_macro_f1=0.8717 val_macro_auc=0.9864 (checkpoint_metric=macro_auc)
2026-09-24 11:57:31,739 INFO train epoch 65/200 batch 13/66 (20%) running_loss=0.5633
2026-09-24 11:57:35,346 INFO train epoch 65/200 batch 26/66 (39%) running_loss=0.5581
2026-09-24 11:57:38,935 INFO train epoch 65/200 batch 39/66 (59%) running_loss=0.5627
2026-09-24 11:57:42,541 INFO train epoch 65/200 batch 52/66 (79%) running_loss=0.5593
2026-09-24 11:57:46,146 INFO train epoch 65/200 batch 65/66 (98%) running_loss=0.5544
2026-09-24 11:57:46,376 INFO train epoch 65/200 batch 66/66 (100%) running_loss=0.5531
2026-09-24 11:57:48,903 INFO epoch 65/200 done: train_loss=0.5531 val_loss=0.3067 val_accuracy=0.9037 val_macro_f1=0.8654 val_macro_auc=0.9769 (checkpoint_metric=macro_auc)
2026-09-24 11:57:53,040 INFO train epoch 66/200 batch 13/66 (20%) running_loss=0.5658
2026-09-24 11:57:56,702 INFO train epoch 66/200 batch 26/66 (39%) running_loss=0.5626
2026-09-24 11:58:00,509 INFO train epoch 66/200 batch 39/66 (59%) running_loss=0.5705
2026-09-24 11:58:04,162 INFO train epoch 66/200 batch 52/66 (79%) running_loss=0.5631
2026-09-24 11:58:07,808 INFO train epoch 66/200 batch 65/66 (98%) running_loss=0.5543
2026-09-24 11:58:08,037 INFO train epoch 66/200 batch 66/66 (100%) running_loss=0.5538
2026-09-24 11:58:10,584 INFO epoch 66/200 done: train_loss=0.5538 val_loss=0.3035 val_accuracy=0.8934 val_macro_f1=0.8474 val_macro_auc=0.9797 (checkpoint_metric=macro_auc)
2026-09-24 11:58:14,717 INFO train epoch 67/200 batch 13/66 (20%) running_loss=0.5538
2026-09-24 11:58:18,331 INFO train epoch 67/200 batch 26/66 (39%) running_loss=0.5370
2026-09-24 11:58:21,931 INFO train epoch 67/200 batch 39/66 (59%) running_loss=0.5479
2026-09-24 11:58:25,572 INFO train epoch 67/200 batch 52/66 (79%) running_loss=0.5427
2026-09-24 11:58:29,192 INFO train epoch 67/200 batch 65/66 (98%) running_loss=0.5453
2026-09-24 11:58:29,427 INFO train epoch 67/200 batch 66/66 (100%) running_loss=0.5463
2026-09-24 11:58:31,956 INFO epoch 67/200 done: train_loss=0.5463 val_loss=0.3337 val_accuracy=0.8996 val_macro_f1=0.8779 val_macro_auc=0.9839 (checkpoint_metric=macro_auc)
2026-09-24 11:58:36,059 INFO train epoch 68/200 batch 13/66 (20%) running_loss=0.5509
2026-09-24 11:58:39,662 INFO train epoch 68/200 batch 26/66 (39%) running_loss=0.5510
2026-09-24 11:58:43,298 INFO train epoch 68/200 batch 39/66 (59%) running_loss=0.5479
2026-09-24 11:58:46,919 INFO train epoch 68/200 batch 52/66 (79%) running_loss=0.5464
2026-09-24 11:58:50,533 INFO train epoch 68/200 batch 65/66 (98%) running_loss=0.5443
2026-09-24 11:58:50,761 INFO train epoch 68/200 batch 66/66 (100%) running_loss=0.5460
2026-09-24 11:58:53,313 INFO epoch 68/200 done: train_loss=0.5460 val_loss=0.2895 val_accuracy=0.9057 val_macro_f1=0.8770 val_macro_auc=0.9861 (checkpoint_metric=macro_auc)
2026-09-24 11:58:57,585 INFO train epoch 69/200 batch 13/66 (20%) running_loss=0.5414
2026-09-24 11:59:01,201 INFO train epoch 69/200 batch 26/66 (39%) running_loss=0.5482
2026-09-24 11:59:04,806 INFO train epoch 69/200 batch 39/66 (59%) running_loss=0.5442
2026-09-24 11:59:08,394 INFO train epoch 69/200 batch 52/66 (79%) running_loss=0.5387
2026-09-24 11:59:12,005 INFO train epoch 69/200 batch 65/66 (98%) running_loss=0.5341
2026-09-24 11:59:12,232 INFO train epoch 69/200 batch 66/66 (100%) running_loss=0.5337
2026-09-24 11:59:14,764 INFO epoch 69/200 done: train_loss=0.5337 val_loss=0.3076 val_accuracy=0.8934 val_macro_f1=0.8524 val_macro_auc=0.9788 (checkpoint_metric=macro_auc)
2026-09-24 11:59:18,888 INFO train epoch 70/200 batch 13/66 (20%) running_loss=0.5699
2026-09-24 11:59:22,520 INFO train epoch 70/200 batch 26/66 (39%) running_loss=0.5494
2026-09-24 11:59:26,143 INFO train epoch 70/200 batch 39/66 (59%) running_loss=0.5393
2026-09-24 11:59:29,746 INFO train epoch 70/200 batch 52/66 (79%) running_loss=0.5380
2026-09-24 11:59:33,351 INFO train epoch 70/200 batch 65/66 (98%) running_loss=0.5347
2026-09-24 11:59:33,578 INFO train epoch 70/200 batch 66/66 (100%) running_loss=0.5339
2026-09-24 11:59:36,105 INFO epoch 70/200 done: train_loss=0.5339 val_loss=0.2899 val_accuracy=0.9057 val_macro_f1=0.8905 val_macro_auc=0.9902 (checkpoint_metric=macro_auc)
2026-09-24 11:59:40,256 INFO train epoch 71/200 batch 13/66 (20%) running_loss=0.5221
2026-09-24 11:59:43,869 INFO train epoch 71/200 batch 26/66 (39%) running_loss=0.5206
2026-09-24 11:59:47,480 INFO train epoch 71/200 batch 39/66 (59%) running_loss=0.5173
2026-09-24 11:59:51,105 INFO train epoch 71/200 batch 52/66 (79%) running_loss=0.5228
2026-09-24 11:59:54,709 INFO train epoch 71/200 batch 65/66 (98%) running_loss=0.5358
2026-09-24 11:59:54,938 INFO train epoch 71/200 batch 66/66 (100%) running_loss=0.5369
2026-09-24 11:59:57,468 INFO epoch 71/200 done: train_loss=0.5369 val_loss=0.2689 val_accuracy=0.9180 val_macro_f1=0.8918 val_macro_auc=0.9902 (checkpoint_metric=macro_auc)
2026-09-24 12:00:01,601 INFO train epoch 72/200 batch 13/66 (20%) running_loss=0.5523
2026-09-24 12:00:05,364 INFO train epoch 72/200 batch 26/66 (39%) running_loss=0.5423
2026-09-24 12:00:08,954 INFO train epoch 72/200 batch 39/66 (59%) running_loss=0.5426
2026-09-24 12:00:12,554 INFO train epoch 72/200 batch 52/66 (79%) running_loss=0.5289
2026-09-24 12:00:16,139 INFO train epoch 72/200 batch 65/66 (98%) running_loss=0.5212
2026-09-24 12:00:16,368 INFO train epoch 72/200 batch 66/66 (100%) running_loss=0.5216
2026-09-24 12:00:19,017 INFO epoch 72/200 done: train_loss=0.5216 val_loss=0.2631 val_accuracy=0.9119 val_macro_f1=0.8626 val_macro_auc=0.9862 (checkpoint_metric=macro_auc) [new best]
2026-09-24 12:00:23,121 INFO train epoch 73/200 batch 13/66 (20%) running_loss=0.4792
2026-09-24 12:00:26,721 INFO train epoch 73/200 batch 26/66 (39%) running_loss=0.5010
2026-09-24 12:00:30,337 INFO train epoch 73/200 batch 39/66 (59%) running_loss=0.5237
2026-09-24 12:00:33,957 INFO train epoch 73/200 batch 52/66 (79%) running_loss=0.5168
2026-09-24 12:00:37,580 INFO train epoch 73/200 batch 65/66 (98%) running_loss=0.5187
2026-09-24 12:00:37,808 INFO train epoch 73/200 batch 66/66 (100%) running_loss=0.5188
2026-09-24 12:00:40,486 INFO epoch 73/200 done: train_loss=0.5188 val_loss=0.2563 val_accuracy=0.9426 val_macro_f1=0.9168 val_macro_auc=0.9929 (checkpoint_metric=macro_auc) [new best]
2026-09-24 12:00:44,598 INFO train epoch 74/200 batch 13/66 (20%) running_loss=0.5357
2026-09-24 12:00:48,194 INFO train epoch 74/200 batch 26/66 (39%) running_loss=0.5003
2026-09-24 12:00:51,800 INFO train epoch 74/200 batch 39/66 (59%) running_loss=0.5069
2026-09-24 12:00:55,573 INFO train epoch 74/200 batch 52/66 (79%) running_loss=0.5120
2026-09-24 12:00:59,176 INFO train epoch 74/200 batch 65/66 (98%) running_loss=0.5236
2026-09-24 12:00:59,405 INFO train epoch 74/200 batch 66/66 (100%) running_loss=0.5231
2026-09-24 12:01:01,927 INFO epoch 74/200 done: train_loss=0.5231 val_loss=0.3202 val_accuracy=0.9057 val_macro_f1=0.8583 val_macro_auc=0.9729 (checkpoint_metric=macro_auc)
2026-09-24 12:01:06,033 INFO train epoch 75/200 batch 13/66 (20%) running_loss=0.5429
2026-09-24 12:01:09,663 INFO train epoch 75/200 batch 26/66 (39%) running_loss=0.5320
2026-09-24 12:01:13,269 INFO train epoch 75/200 batch 39/66 (59%) running_loss=0.5404
2026-09-24 12:01:16,852 INFO train epoch 75/200 batch 52/66 (79%) running_loss=0.5326
2026-09-24 12:01:20,459 INFO train epoch 75/200 batch 65/66 (98%) running_loss=0.5287
2026-09-24 12:01:20,686 INFO train epoch 75/200 batch 66/66 (100%) running_loss=0.5288
2026-09-24 12:01:23,219 INFO epoch 75/200 done: train_loss=0.5288 val_loss=0.3440 val_accuracy=0.8996 val_macro_f1=0.8607 val_macro_auc=0.9831 (checkpoint_metric=macro_auc)
2026-09-24 12:01:27,351 INFO train epoch 76/200 batch 13/66 (20%) running_loss=0.5085
2026-09-24 12:01:30,957 INFO train epoch 76/200 batch 26/66 (39%) running_loss=0.5058
2026-09-24 12:01:34,573 INFO train epoch 76/200 batch 39/66 (59%) running_loss=0.5032
2026-09-24 12:01:38,205 INFO train epoch 76/200 batch 52/66 (79%) running_loss=0.5034
2026-09-24 12:01:41,839 INFO train epoch 76/200 batch 65/66 (98%) running_loss=0.5014
2026-09-24 12:01:42,067 INFO train epoch 76/200 batch 66/66 (100%) running_loss=0.5022
2026-09-24 12:01:44,603 INFO epoch 76/200 done: train_loss=0.5022 val_loss=0.2824 val_accuracy=0.9242 val_macro_f1=0.8910 val_macro_auc=0.9895 (checkpoint_metric=macro_auc)
2026-09-24 12:01:48,810 INFO train epoch 77/200 batch 13/66 (20%) running_loss=0.5189
2026-09-24 12:01:52,451 INFO train epoch 77/200 batch 26/66 (39%) running_loss=0.5109
2026-09-24 12:01:56,062 INFO train epoch 77/200 batch 39/66 (59%) running_loss=0.5097
2026-09-24 12:01:59,714 INFO train epoch 77/200 batch 52/66 (79%) running_loss=0.5104
2026-09-24 12:02:03,312 INFO train epoch 77/200 batch 65/66 (98%) running_loss=0.5205
2026-09-24 12:02:03,539 INFO train epoch 77/200 batch 66/66 (100%) running_loss=0.5206
2026-09-24 12:02:06,074 INFO epoch 77/200 done: train_loss=0.5206 val_loss=0.3264 val_accuracy=0.9119 val_macro_f1=0.8848 val_macro_auc=0.9878 (checkpoint_metric=macro_auc)
2026-09-24 12:02:10,397 INFO train epoch 78/200 batch 13/66 (20%) running_loss=0.5188
2026-09-24 12:02:14,028 INFO train epoch 78/200 batch 26/66 (39%) running_loss=0.5197
2026-09-24 12:02:17,643 INFO train epoch 78/200 batch 39/66 (59%) running_loss=0.5129
2026-09-24 12:02:21,242 INFO train epoch 78/200 batch 52/66 (79%) running_loss=0.5096
2026-09-24 12:02:24,828 INFO train epoch 78/200 batch 65/66 (98%) running_loss=0.5117
2026-09-24 12:02:25,054 INFO train epoch 78/200 batch 66/66 (100%) running_loss=0.5135
2026-09-24 12:02:27,585 INFO epoch 78/200 done: train_loss=0.5135 val_loss=0.2713 val_accuracy=0.9262 val_macro_f1=0.8988 val_macro_auc=0.9904 (checkpoint_metric=macro_auc)
2026-09-24 12:02:31,707 INFO train epoch 79/200 batch 13/66 (20%) running_loss=0.5113
2026-09-24 12:02:35,361 INFO train epoch 79/200 batch 26/66 (39%) running_loss=0.5340
2026-09-24 12:02:38,973 INFO train epoch 79/200 batch 39/66 (59%) running_loss=0.5472
2026-09-24 12:02:42,577 INFO train epoch 79/200 batch 52/66 (79%) running_loss=0.5377
2026-09-24 12:02:46,176 INFO train epoch 79/200 batch 65/66 (98%) running_loss=0.5309
2026-09-24 12:02:46,408 INFO train epoch 79/200 batch 66/66 (100%) running_loss=0.5293
2026-09-24 12:02:48,936 INFO epoch 79/200 done: train_loss=0.5293 val_loss=0.2533 val_accuracy=0.9324 val_macro_f1=0.9102 val_macro_auc=0.9897 (checkpoint_metric=macro_auc)
2026-09-24 12:02:53,057 INFO train epoch 80/200 batch 13/66 (20%) running_loss=0.4982
2026-09-24 12:02:56,648 INFO train epoch 80/200 batch 26/66 (39%) running_loss=0.4879
2026-09-24 12:03:00,251 INFO train epoch 80/200 batch 39/66 (59%) running_loss=0.4922
2026-09-24 12:03:03,872 INFO train epoch 80/200 batch 52/66 (79%) running_loss=0.4981
2026-09-24 12:03:07,651 INFO train epoch 80/200 batch 65/66 (98%) running_loss=0.5003
2026-09-24 12:03:07,879 INFO train epoch 80/200 batch 66/66 (100%) running_loss=0.4996
2026-09-24 12:03:10,417 INFO epoch 80/200 done: train_loss=0.4996 val_loss=0.3025 val_accuracy=0.9057 val_macro_f1=0.8660 val_macro_auc=0.9866 (checkpoint_metric=macro_auc)
2026-09-24 12:03:14,508 INFO train epoch 81/200 batch 13/66 (20%) running_loss=0.4925
2026-09-24 12:03:18,114 INFO train epoch 81/200 batch 26/66 (39%) running_loss=0.5419
2026-09-24 12:03:21,704 INFO train epoch 81/200 batch 39/66 (59%) running_loss=0.5320
2026-09-24 12:03:25,339 INFO train epoch 81/200 batch 52/66 (79%) running_loss=0.5269
2026-09-24 12:03:28,934 INFO train epoch 81/200 batch 65/66 (98%) running_loss=0.5200
2026-09-24 12:03:29,161 INFO train epoch 81/200 batch 66/66 (100%) running_loss=0.5198
2026-09-24 12:03:31,690 INFO epoch 81/200 done: train_loss=0.5198 val_loss=0.2238 val_accuracy=0.9303 val_macro_f1=0.8998 val_macro_auc=0.9925 (checkpoint_metric=macro_auc)
2026-09-24 12:03:35,766 INFO train epoch 82/200 batch 13/66 (20%) running_loss=0.4916
2026-09-24 12:03:39,372 INFO train epoch 82/200 batch 26/66 (39%) running_loss=0.5000
2026-09-24 12:03:42,972 INFO train epoch 82/200 batch 39/66 (59%) running_loss=0.4951
2026-09-24 12:03:46,582 INFO train epoch 82/200 batch 52/66 (79%) running_loss=0.4944
2026-09-24 12:03:50,168 INFO train epoch 82/200 batch 65/66 (98%) running_loss=0.4987
2026-09-24 12:03:50,396 INFO train epoch 82/200 batch 66/66 (100%) running_loss=0.4977
2026-09-24 12:03:52,928 INFO epoch 82/200 done: train_loss=0.4977 val_loss=0.2931 val_accuracy=0.9016 val_macro_f1=0.8652 val_macro_auc=0.9824 (checkpoint_metric=macro_auc)
2026-09-24 12:03:56,973 INFO train epoch 83/200 batch 13/66 (20%) running_loss=0.4816
2026-09-24 12:04:00,588 INFO train epoch 83/200 batch 26/66 (39%) running_loss=0.4929
2026-09-24 12:04:04,185 INFO train epoch 83/200 batch 39/66 (59%) running_loss=0.4899
2026-09-24 12:04:07,789 INFO train epoch 83/200 batch 52/66 (79%) running_loss=0.4908
2026-09-24 12:04:11,390 INFO train epoch 83/200 batch 65/66 (98%) running_loss=0.4973
2026-09-24 12:04:11,619 INFO train epoch 83/200 batch 66/66 (100%) running_loss=0.4964
2026-09-24 12:04:14,176 INFO epoch 83/200 done: train_loss=0.4964 val_loss=0.2499 val_accuracy=0.9344 val_macro_f1=0.9083 val_macro_auc=0.9894 (checkpoint_metric=macro_auc)
2026-09-24 12:04:18,345 INFO train epoch 84/200 batch 13/66 (20%) running_loss=0.4658
2026-09-24 12:04:22,131 INFO train epoch 84/200 batch 26/66 (39%) running_loss=0.4872
2026-09-24 12:04:25,741 INFO train epoch 84/200 batch 39/66 (59%) running_loss=0.4831
2026-09-24 12:04:29,359 INFO train epoch 84/200 batch 52/66 (79%) running_loss=0.4903
2026-09-24 12:04:32,967 INFO train epoch 84/200 batch 65/66 (98%) running_loss=0.4937
2026-09-24 12:04:33,192 INFO train epoch 84/200 batch 66/66 (100%) running_loss=0.4956
2026-09-24 12:04:35,735 INFO epoch 84/200 done: train_loss=0.4956 val_loss=0.2300 val_accuracy=0.9324 val_macro_f1=0.9117 val_macro_auc=0.9929 (checkpoint_metric=macro_auc)
2026-09-24 12:04:39,853 INFO train epoch 85/200 batch 13/66 (20%) running_loss=0.5106
2026-09-24 12:04:43,504 INFO train epoch 85/200 batch 26/66 (39%) running_loss=0.5066
2026-09-24 12:04:47,200 INFO train epoch 85/200 batch 39/66 (59%) running_loss=0.4977
2026-09-24 12:04:50,863 INFO train epoch 85/200 batch 52/66 (79%) running_loss=0.4965
2026-09-24 12:04:54,486 INFO train epoch 85/200 batch 65/66 (98%) running_loss=0.5030
2026-09-24 12:04:54,715 INFO train epoch 85/200 batch 66/66 (100%) running_loss=0.5025
2026-09-24 12:04:57,365 INFO epoch 85/200 done: train_loss=0.5025 val_loss=0.3075 val_accuracy=0.8975 val_macro_f1=0.8690 val_macro_auc=0.9873 (checkpoint_metric=macro_auc) [new best]
2026-09-24 12:05:01,454 INFO train epoch 86/200 batch 13/66 (20%) running_loss=0.5033
2026-09-24 12:05:05,086 INFO train epoch 86/200 batch 26/66 (39%) running_loss=0.4994
2026-09-24 12:05:08,695 INFO train epoch 86/200 batch 39/66 (59%) running_loss=0.5020
2026-09-24 12:05:12,330 INFO train epoch 86/200 batch 52/66 (79%) running_loss=0.4969
2026-09-24 12:05:15,964 INFO train epoch 86/200 batch 65/66 (98%) running_loss=0.4889
2026-09-24 12:05:16,192 INFO train epoch 86/200 batch 66/66 (100%) running_loss=0.4876
2026-09-24 12:05:18,726 INFO epoch 86/200 done: train_loss=0.4876 val_loss=0.2814 val_accuracy=0.9098 val_macro_f1=0.8536 val_macro_auc=0.9856 (checkpoint_metric=macro_auc)
2026-09-24 12:05:22,875 INFO train epoch 87/200 batch 13/66 (20%) running_loss=0.4804
2026-09-24 12:05:26,572 INFO train epoch 87/200 batch 26/66 (39%) running_loss=0.4813
2026-09-24 12:05:30,177 INFO train epoch 87/200 batch 39/66 (59%) running_loss=0.4747
2026-09-24 12:05:33,825 INFO train epoch 87/200 batch 52/66 (79%) running_loss=0.4793
2026-09-24 12:05:37,473 INFO train epoch 87/200 batch 65/66 (98%) running_loss=0.4820
2026-09-24 12:05:37,705 INFO train epoch 87/200 batch 66/66 (100%) running_loss=0.4814
2026-09-24 12:05:40,243 INFO epoch 87/200 done: train_loss=0.4814 val_loss=0.2664 val_accuracy=0.9303 val_macro_f1=0.9128 val_macro_auc=0.9907 (checkpoint_metric=macro_auc)
2026-09-24 12:05:44,388 INFO train epoch 88/200 batch 13/66 (20%) running_loss=0.4988
2026-09-24 12:05:48,009 INFO train epoch 88/200 batch 26/66 (39%) running_loss=0.5122
2026-09-24 12:05:51,639 INFO train epoch 88/200 batch 39/66 (59%) running_loss=0.4986
2026-09-24 12:05:55,249 INFO train epoch 88/200 batch 52/66 (79%) running_loss=0.4913
2026-09-24 12:05:58,855 INFO train epoch 88/200 batch 65/66 (98%) running_loss=0.4897
2026-09-24 12:05:59,084 INFO train epoch 88/200 batch 66/66 (100%) running_loss=0.4904
2026-09-24 12:06:01,619 INFO epoch 88/200 done: train_loss=0.4904 val_loss=0.2141 val_accuracy=0.9426 val_macro_f1=0.9144 val_macro_auc=0.9925 (checkpoint_metric=macro_auc)
2026-09-24 12:06:05,756 INFO train epoch 89/200 batch 13/66 (20%) running_loss=0.4457
2026-09-24 12:06:09,371 INFO train epoch 89/200 batch 26/66 (39%) running_loss=0.4568
2026-09-24 12:06:12,990 INFO train epoch 89/200 batch 39/66 (59%) running_loss=0.4601
2026-09-24 12:06:16,618 INFO train epoch 89/200 batch 52/66 (79%) running_loss=0.4635
2026-09-24 12:06:20,241 INFO train epoch 89/200 batch 65/66 (98%) running_loss=0.4677
2026-09-24 12:06:20,469 INFO train epoch 89/200 batch 66/66 (100%) running_loss=0.4700
2026-09-24 12:06:23,116 INFO epoch 89/200 done: train_loss=0.4700 val_loss=0.2900 val_accuracy=0.9201 val_macro_f1=0.8962 val_macro_auc=0.9876 (checkpoint_metric=macro_auc) [new best]
2026-09-24 12:06:27,267 INFO train epoch 90/200 batch 13/66 (20%) running_loss=0.4541
2026-09-24 12:06:30,895 INFO train epoch 90/200 batch 26/66 (39%) running_loss=0.4479
2026-09-24 12:06:34,590 INFO train epoch 90/200 batch 39/66 (59%) running_loss=0.4576
2026-09-24 12:06:38,215 INFO train epoch 90/200 batch 52/66 (79%) running_loss=0.4636
2026-09-24 12:06:41,847 INFO train epoch 90/200 batch 65/66 (98%) running_loss=0.4622
2026-09-24 12:06:42,081 INFO train epoch 90/200 batch 66/66 (100%) running_loss=0.4637
2026-09-24 12:06:44,722 INFO epoch 90/200 done: train_loss=0.4637 val_loss=0.2314 val_accuracy=0.9365 val_macro_f1=0.9154 val_macro_auc=0.9941 (checkpoint_metric=macro_auc) [new best]
2026-09-24 12:06:48,874 INFO train epoch 91/200 batch 13/66 (20%) running_loss=0.4578
2026-09-24 12:06:52,499 INFO train epoch 91/200 batch 26/66 (39%) running_loss=0.4841
2026-09-24 12:06:56,112 INFO train epoch 91/200 batch 39/66 (59%) running_loss=0.5107
2026-09-24 12:06:59,727 INFO train epoch 91/200 batch 52/66 (79%) running_loss=0.5022
2026-09-24 12:07:03,316 INFO train epoch 91/200 batch 65/66 (98%) running_loss=0.4966
2026-09-24 12:07:03,544 INFO train epoch 91/200 batch 66/66 (100%) running_loss=0.4974
2026-09-24 12:07:06,245 INFO epoch 91/200 done: train_loss=0.4974 val_loss=0.2100 val_accuracy=0.9488 val_macro_f1=0.9214 val_macro_auc=0.9939 (checkpoint_metric=macro_auc) [new best]
2026-09-24 12:07:10,409 INFO train epoch 92/200 batch 13/66 (20%) running_loss=0.4712
2026-09-24 12:07:14,043 INFO train epoch 92/200 batch 26/66 (39%) running_loss=0.4599
2026-09-24 12:07:17,684 INFO train epoch 92/200 batch 39/66 (59%) running_loss=0.4621
2026-09-24 12:07:21,318 INFO train epoch 92/200 batch 52/66 (79%) running_loss=0.4667
2026-09-24 12:07:24,939 INFO train epoch 92/200 batch 65/66 (98%) running_loss=0.4689
2026-09-24 12:07:25,172 INFO train epoch 92/200 batch 66/66 (100%) running_loss=0.4687
2026-09-24 12:07:27,821 INFO epoch 92/200 done: train_loss=0.4687 val_loss=0.3009 val_accuracy=0.9098 val_macro_f1=0.8831 val_macro_auc=0.9893 (checkpoint_metric=macro_auc) [new best]
2026-09-24 12:07:31,924 INFO train epoch 93/200 batch 13/66 (20%) running_loss=0.4569
2026-09-24 12:07:35,499 INFO train epoch 93/200 batch 26/66 (39%) running_loss=0.4572
2026-09-24 12:07:39,176 INFO train epoch 93/200 batch 39/66 (59%) running_loss=0.4581
2026-09-24 12:07:42,804 INFO train epoch 93/200 batch 52/66 (79%) running_loss=0.4529
2026-09-24 12:07:46,406 INFO train epoch 93/200 batch 65/66 (98%) running_loss=0.4586
2026-09-24 12:07:46,636 INFO train epoch 93/200 batch 66/66 (100%) running_loss=0.4586
2026-09-24 12:07:49,185 INFO epoch 93/200 done: train_loss=0.4586 val_loss=0.2160 val_accuracy=0.9426 val_macro_f1=0.9188 val_macro_auc=0.9924 (checkpoint_metric=macro_auc)
2026-09-24 12:07:53,319 INFO train epoch 94/200 batch 13/66 (20%) running_loss=0.4491
2026-09-24 12:07:56,913 INFO train epoch 94/200 batch 26/66 (39%) running_loss=0.4397
2026-09-24 12:08:00,497 INFO train epoch 94/200 batch 39/66 (59%) running_loss=0.4508
2026-09-24 12:08:04,100 INFO train epoch 94/200 batch 52/66 (79%) running_loss=0.4596
2026-09-24 12:08:07,709 INFO train epoch 94/200 batch 65/66 (98%) running_loss=0.4607
2026-09-24 12:08:07,935 INFO train epoch 94/200 batch 66/66 (100%) running_loss=0.4617
2026-09-24 12:08:10,468 INFO epoch 94/200 done: train_loss=0.4617 val_loss=0.2487 val_accuracy=0.9488 val_macro_f1=0.9278 val_macro_auc=0.9944 (checkpoint_metric=macro_auc)
2026-09-24 12:08:14,609 INFO train epoch 95/200 batch 13/66 (20%) running_loss=0.4618
2026-09-24 12:08:18,244 INFO train epoch 95/200 batch 26/66 (39%) running_loss=0.4525
2026-09-24 12:08:21,852 INFO train epoch 95/200 batch 39/66 (59%) running_loss=0.4618
2026-09-24 12:08:25,491 INFO train epoch 95/200 batch 52/66 (79%) running_loss=0.4629
2026-09-24 12:08:29,119 INFO train epoch 95/200 batch 65/66 (98%) running_loss=0.4648
2026-09-24 12:08:29,345 INFO train epoch 95/200 batch 66/66 (100%) running_loss=0.4651
2026-09-24 12:08:32,023 INFO epoch 95/200 done: train_loss=0.4651 val_loss=0.2242 val_accuracy=0.9467 val_macro_f1=0.9171 val_macro_auc=0.9939 (checkpoint_metric=macro_auc) [new best]
2026-09-24 12:08:36,146 INFO train epoch 96/200 batch 13/66 (20%) running_loss=0.4435
2026-09-24 12:08:39,762 INFO train epoch 96/200 batch 26/66 (39%) running_loss=0.4394
2026-09-24 12:08:43,375 INFO train epoch 96/200 batch 39/66 (59%) running_loss=0.4538
2026-09-24 12:08:47,102 INFO train epoch 96/200 batch 52/66 (79%) running_loss=0.4599
2026-09-24 12:08:50,701 INFO train epoch 96/200 batch 65/66 (98%) running_loss=0.4681
2026-09-24 12:08:50,930 INFO train epoch 96/200 batch 66/66 (100%) running_loss=0.4682
2026-09-24 12:08:53,485 INFO epoch 96/200 done: train_loss=0.4682 val_loss=0.3001 val_accuracy=0.8975 val_macro_f1=0.8705 val_macro_auc=0.9891 (checkpoint_metric=macro_auc)
2026-09-24 12:08:57,634 INFO train epoch 97/200 batch 13/66 (20%) running_loss=0.4892
2026-09-24 12:09:01,259 INFO train epoch 97/200 batch 26/66 (39%) running_loss=0.4719
2026-09-24 12:09:04,843 INFO train epoch 97/200 batch 39/66 (59%) running_loss=0.4639
2026-09-24 12:09:08,467 INFO train epoch 97/200 batch 52/66 (79%) running_loss=0.4690
2026-09-24 12:09:12,066 INFO train epoch 97/200 batch 65/66 (98%) running_loss=0.4706
2026-09-24 12:09:12,297 INFO train epoch 97/200 batch 66/66 (100%) running_loss=0.4715
2026-09-24 12:09:14,833 INFO epoch 97/200 done: train_loss=0.4715 val_loss=0.2567 val_accuracy=0.9406 val_macro_f1=0.9143 val_macro_auc=0.9908 (checkpoint_metric=macro_auc)
2026-09-24 12:09:18,968 INFO train epoch 98/200 batch 13/66 (20%) running_loss=0.4810
2026-09-24 12:09:22,589 INFO train epoch 98/200 batch 26/66 (39%) running_loss=0.4708
2026-09-24 12:09:26,208 INFO train epoch 98/200 batch 39/66 (59%) running_loss=0.4810
2026-09-24 12:09:29,826 INFO train epoch 98/200 batch 52/66 (79%) running_loss=0.4785
2026-09-24 12:09:33,425 INFO train epoch 98/200 batch 65/66 (98%) running_loss=0.4729
2026-09-24 12:09:33,653 INFO train epoch 98/200 batch 66/66 (100%) running_loss=0.4731
2026-09-24 12:09:36,198 INFO epoch 98/200 done: train_loss=0.4731 val_loss=0.2235 val_accuracy=0.9467 val_macro_f1=0.9248 val_macro_auc=0.9936 (checkpoint_metric=macro_auc)
2026-09-24 12:09:40,322 INFO train epoch 99/200 batch 13/66 (20%) running_loss=0.4851
2026-09-24 12:09:43,920 INFO train epoch 99/200 batch 26/66 (39%) running_loss=0.4583
2026-09-24 12:09:47,508 INFO train epoch 99/200 batch 39/66 (59%) running_loss=0.4661
2026-09-24 12:09:51,107 INFO train epoch 99/200 batch 52/66 (79%) running_loss=0.4665
2026-09-24 12:09:54,873 INFO train epoch 99/200 batch 65/66 (98%) running_loss=0.4659
2026-09-24 12:09:55,103 INFO train epoch 99/200 batch 66/66 (100%) running_loss=0.4670
2026-09-24 12:09:57,650 INFO epoch 99/200 done: train_loss=0.4670 val_loss=0.2246 val_accuracy=0.9467 val_macro_f1=0.9247 val_macro_auc=0.9944 (checkpoint_metric=macro_auc)
2026-09-24 12:10:01,786 INFO train epoch 100/200 batch 13/66 (20%) running_loss=0.4526
2026-09-24 12:10:05,398 INFO train epoch 100/200 batch 26/66 (39%) running_loss=0.4584
2026-09-24 12:10:08,980 INFO train epoch 100/200 batch 39/66 (59%) running_loss=0.4533
2026-09-24 12:10:12,591 INFO train epoch 100/200 batch 52/66 (79%) running_loss=0.4621
2026-09-24 12:10:16,187 INFO train epoch 100/200 batch 65/66 (98%) running_loss=0.4665
2026-09-24 12:10:16,414 INFO train epoch 100/200 batch 66/66 (100%) running_loss=0.4665
2026-09-24 12:10:18,958 INFO epoch 100/200 done: train_loss=0.4665 val_loss=0.2561 val_accuracy=0.9406 val_macro_f1=0.9144 val_macro_auc=0.9905 (checkpoint_metric=macro_auc)
2026-09-24 12:10:23,063 INFO train epoch 101/200 batch 13/66 (20%) running_loss=0.4703
2026-09-24 12:10:26,665 INFO train epoch 101/200 batch 26/66 (39%) running_loss=0.4640
2026-09-24 12:10:30,267 INFO train epoch 101/200 batch 39/66 (59%) running_loss=0.4571
2026-09-24 12:10:33,886 INFO train epoch 101/200 batch 52/66 (79%) running_loss=0.4566
2026-09-24 12:10:37,503 INFO train epoch 101/200 batch 65/66 (98%) running_loss=0.4554
2026-09-24 12:10:37,737 INFO train epoch 101/200 batch 66/66 (100%) running_loss=0.4576
2026-09-24 12:10:40,399 INFO epoch 101/200 done: train_loss=0.4576 val_loss=0.1948 val_accuracy=0.9570 val_macro_f1=0.9365 val_macro_auc=0.9968 (checkpoint_metric=macro_auc) [new best]
2026-09-24 12:10:44,608 INFO train epoch 102/200 batch 13/66 (20%) running_loss=0.4869
2026-09-24 12:10:48,232 INFO train epoch 102/200 batch 26/66 (39%) running_loss=0.4676
2026-09-24 12:10:51,843 INFO train epoch 102/200 batch 39/66 (59%) running_loss=0.4602
2026-09-24 12:10:55,455 INFO train epoch 102/200 batch 52/66 (79%) running_loss=0.4553
2026-09-24 12:10:59,065 INFO train epoch 102/200 batch 65/66 (98%) running_loss=0.4554
2026-09-24 12:10:59,299 INFO train epoch 102/200 batch 66/66 (100%) running_loss=0.4554
2026-09-24 12:11:01,827 INFO epoch 102/200 done: train_loss=0.4554 val_loss=0.2276 val_accuracy=0.9508 val_macro_f1=0.9308 val_macro_auc=0.9922 (checkpoint_metric=macro_auc)
2026-09-24 12:11:05,956 INFO train epoch 103/200 batch 13/66 (20%) running_loss=0.4654
2026-09-24 12:11:09,584 INFO train epoch 103/200 batch 26/66 (39%) running_loss=0.4711
2026-09-24 12:11:13,204 INFO train epoch 103/200 batch 39/66 (59%) running_loss=0.4687
2026-09-24 12:11:16,815 INFO train epoch 103/200 batch 52/66 (79%) running_loss=0.4679
2026-09-24 12:11:20,424 INFO train epoch 103/200 batch 65/66 (98%) running_loss=0.4615
2026-09-24 12:11:20,651 INFO train epoch 103/200 batch 66/66 (100%) running_loss=0.4608
2026-09-24 12:11:23,177 INFO epoch 103/200 done: train_loss=0.4608 val_loss=0.2291 val_accuracy=0.9467 val_macro_f1=0.9262 val_macro_auc=0.9926 (checkpoint_metric=macro_auc)
2026-09-24 12:11:27,262 INFO train epoch 104/200 batch 13/66 (20%) running_loss=0.4841
2026-09-24 12:11:30,854 INFO train epoch 104/200 batch 26/66 (39%) running_loss=0.4715
2026-09-24 12:11:34,448 INFO train epoch 104/200 batch 39/66 (59%) running_loss=0.4746
2026-09-24 12:11:38,034 INFO train epoch 104/200 batch 52/66 (79%) running_loss=0.4710
2026-09-24 12:11:41,628 INFO train epoch 104/200 batch 65/66 (98%) running_loss=0.4675
2026-09-24 12:11:41,860 INFO train epoch 104/200 batch 66/66 (100%) running_loss=0.4686
2026-09-24 12:11:44,403 INFO epoch 104/200 done: train_loss=0.4686 val_loss=0.2350 val_accuracy=0.9467 val_macro_f1=0.9242 val_macro_auc=0.9930 (checkpoint_metric=macro_auc)
2026-09-24 12:11:48,576 INFO train epoch 105/200 batch 13/66 (20%) running_loss=0.4573
2026-09-24 12:11:52,371 INFO train epoch 105/200 batch 26/66 (39%) running_loss=0.4692
2026-09-24 12:11:55,969 INFO train epoch 105/200 batch 39/66 (59%) running_loss=0.4522
2026-09-24 12:11:59,581 INFO train epoch 105/200 batch 52/66 (79%) running_loss=0.4585
2026-09-24 12:12:03,169 INFO train epoch 105/200 batch 65/66 (98%) running_loss=0.4597
2026-09-24 12:12:03,399 INFO train epoch 105/200 batch 66/66 (100%) running_loss=0.4622
2026-09-24 12:12:05,931 INFO epoch 105/200 done: train_loss=0.4622 val_loss=0.2669 val_accuracy=0.9447 val_macro_f1=0.9226 val_macro_auc=0.9924 (checkpoint_metric=macro_auc)
2026-09-24 12:12:10,096 INFO train epoch 106/200 batch 13/66 (20%) running_loss=0.4555
2026-09-24 12:12:13,737 INFO train epoch 106/200 batch 26/66 (39%) running_loss=0.4530
2026-09-24 12:12:17,390 INFO train epoch 106/200 batch 39/66 (59%) running_loss=0.4570
2026-09-24 12:12:20,999 INFO train epoch 106/200 batch 52/66 (79%) running_loss=0.4549
2026-09-24 12:12:24,590 INFO train epoch 106/200 batch 65/66 (98%) running_loss=0.4559
2026-09-24 12:12:24,820 INFO train epoch 106/200 batch 66/66 (100%) running_loss=0.4552
2026-09-24 12:12:27,352 INFO epoch 106/200 done: train_loss=0.4552 val_loss=0.2554 val_accuracy=0.9426 val_macro_f1=0.9298 val_macro_auc=0.9929 (checkpoint_metric=macro_auc)
2026-09-24 12:12:31,471 INFO train epoch 107/200 batch 13/66 (20%) running_loss=0.4781
2026-09-24 12:12:35,070 INFO train epoch 107/200 batch 26/66 (39%) running_loss=0.4632
2026-09-24 12:12:38,675 INFO train epoch 107/200 batch 39/66 (59%) running_loss=0.4562
2026-09-24 12:12:42,290 INFO train epoch 107/200 batch 52/66 (79%) running_loss=0.4628
2026-09-24 12:12:45,886 INFO train epoch 107/200 batch 65/66 (98%) running_loss=0.4548
2026-09-24 12:12:46,115 INFO train epoch 107/200 batch 66/66 (100%) running_loss=0.4559
2026-09-24 12:12:48,665 INFO epoch 107/200 done: train_loss=0.4559 val_loss=0.3198 val_accuracy=0.9057 val_macro_f1=0.8877 val_macro_auc=0.9881 (checkpoint_metric=macro_auc)
2026-09-24 12:12:52,768 INFO train epoch 108/200 batch 13/66 (20%) running_loss=0.4622
2026-09-24 12:12:56,355 INFO train epoch 108/200 batch 26/66 (39%) running_loss=0.4649
2026-09-24 12:13:00,074 INFO train epoch 108/200 batch 39/66 (59%) running_loss=0.4572
2026-09-24 12:13:03,652 INFO train epoch 108/200 batch 52/66 (79%) running_loss=0.4578
2026-09-24 12:13:07,250 INFO train epoch 108/200 batch 65/66 (98%) running_loss=0.4554
2026-09-24 12:13:07,476 INFO train epoch 108/200 batch 66/66 (100%) running_loss=0.4555
2026-09-24 12:13:10,006 INFO epoch 108/200 done: train_loss=0.4555 val_loss=0.2384 val_accuracy=0.9426 val_macro_f1=0.9179 val_macro_auc=0.9927 (checkpoint_metric=macro_auc)
2026-09-24 12:13:14,132 INFO train epoch 109/200 batch 13/66 (20%) running_loss=0.4385
2026-09-24 12:13:17,737 INFO train epoch 109/200 batch 26/66 (39%) running_loss=0.4392
2026-09-24 12:13:21,357 INFO train epoch 109/200 batch 39/66 (59%) running_loss=0.4497
2026-09-24 12:13:25,016 INFO train epoch 109/200 batch 52/66 (79%) running_loss=0.4463
2026-09-24 12:13:28,645 INFO train epoch 109/200 batch 65/66 (98%) running_loss=0.4417
2026-09-24 12:13:28,872 INFO train epoch 109/200 batch 66/66 (100%) running_loss=0.4427
2026-09-24 12:13:31,420 INFO epoch 109/200 done: train_loss=0.4427 val_loss=0.2372 val_accuracy=0.9426 val_macro_f1=0.9304 val_macro_auc=0.9929 (checkpoint_metric=macro_auc)
2026-09-24 12:13:35,563 INFO train epoch 110/200 batch 13/66 (20%) running_loss=0.4336
2026-09-24 12:13:39,149 INFO train epoch 110/200 batch 26/66 (39%) running_loss=0.4489
2026-09-24 12:13:42,754 INFO train epoch 110/200 batch 39/66 (59%) running_loss=0.4575
2026-09-24 12:13:46,351 INFO train epoch 110/200 batch 52/66 (79%) running_loss=0.4578
2026-09-24 12:13:49,937 INFO train epoch 110/200 batch 65/66 (98%) running_loss=0.4537
2026-09-24 12:13:50,164 INFO train epoch 110/200 batch 66/66 (100%) running_loss=0.4533
2026-09-24 12:13:52,701 INFO epoch 110/200 done: train_loss=0.4533 val_loss=0.2863 val_accuracy=0.9180 val_macro_f1=0.8944 val_macro_auc=0.9878 (checkpoint_metric=macro_auc)
2026-09-24 12:13:56,782 INFO train epoch 111/200 batch 13/66 (20%) running_loss=0.4338
2026-09-24 12:14:00,424 INFO train epoch 111/200 batch 26/66 (39%) running_loss=0.4522
2026-09-24 12:14:04,222 INFO train epoch 111/200 batch 39/66 (59%) running_loss=0.4444
2026-09-24 12:14:07,850 INFO train epoch 111/200 batch 52/66 (79%) running_loss=0.4449
2026-09-24 12:14:11,418 INFO train epoch 111/200 batch 65/66 (98%) running_loss=0.4444
2026-09-24 12:14:11,643 INFO train epoch 111/200 batch 66/66 (100%) running_loss=0.4456
2026-09-24 12:14:14,180 INFO epoch 111/200 done: train_loss=0.4456 val_loss=0.2520 val_accuracy=0.9283 val_macro_f1=0.9024 val_macro_auc=0.9900 (checkpoint_metric=macro_auc)
2026-09-24 12:14:18,292 INFO train epoch 112/200 batch 13/66 (20%) running_loss=0.4157
2026-09-24 12:14:21,910 INFO train epoch 112/200 batch 26/66 (39%) running_loss=0.4250
2026-09-24 12:14:25,520 INFO train epoch 112/200 batch 39/66 (59%) running_loss=0.4324
2026-09-24 12:14:29,131 INFO train epoch 112/200 batch 52/66 (79%) running_loss=0.4293
2026-09-24 12:14:32,711 INFO train epoch 112/200 batch 65/66 (98%) running_loss=0.4408
2026-09-24 12:14:32,938 INFO train epoch 112/200 batch 66/66 (100%) running_loss=0.4409
2026-09-24 12:14:35,482 INFO epoch 112/200 done: train_loss=0.4409 val_loss=0.3340 val_accuracy=0.9016 val_macro_f1=0.8767 val_macro_auc=0.9845 (checkpoint_metric=macro_auc)
2026-09-24 12:14:39,599 INFO train epoch 113/200 batch 13/66 (20%) running_loss=0.4375
2026-09-24 12:14:43,267 INFO train epoch 113/200 batch 26/66 (39%) running_loss=0.4349
2026-09-24 12:14:46,908 INFO train epoch 113/200 batch 39/66 (59%) running_loss=0.4375
2026-09-24 12:14:50,547 INFO train epoch 113/200 batch 52/66 (79%) running_loss=0.4354
2026-09-24 12:14:54,211 INFO train epoch 113/200 batch 65/66 (98%) running_loss=0.4426
2026-09-24 12:14:54,445 INFO train epoch 113/200 batch 66/66 (100%) running_loss=0.4419
2026-09-24 12:14:56,972 INFO epoch 113/200 done: train_loss=0.4419 val_loss=0.2864 val_accuracy=0.9201 val_macro_f1=0.8961 val_macro_auc=0.9882 (checkpoint_metric=macro_auc)
2026-09-24 12:15:01,114 INFO train epoch 114/200 batch 13/66 (20%) running_loss=0.4574
2026-09-24 12:15:04,718 INFO train epoch 114/200 batch 26/66 (39%) running_loss=0.4500
2026-09-24 12:15:08,341 INFO train epoch 114/200 batch 39/66 (59%) running_loss=0.4441
2026-09-24 12:15:12,065 INFO train epoch 114/200 batch 52/66 (79%) running_loss=0.4367
2026-09-24 12:15:15,707 INFO train epoch 114/200 batch 65/66 (98%) running_loss=0.4410
2026-09-24 12:15:15,936 INFO train epoch 114/200 batch 66/66 (100%) running_loss=0.4428
2026-09-24 12:15:18,471 INFO epoch 114/200 done: train_loss=0.4428 val_loss=0.2352 val_accuracy=0.9570 val_macro_f1=0.9409 val_macro_auc=0.9961 (checkpoint_metric=macro_auc)
2026-09-24 12:15:22,614 INFO train epoch 115/200 batch 13/66 (20%) running_loss=0.4138
2026-09-24 12:15:26,232 INFO train epoch 115/200 batch 26/66 (39%) running_loss=0.4183
2026-09-24 12:15:29,862 INFO train epoch 115/200 batch 39/66 (59%) running_loss=0.4222
2026-09-24 12:15:33,493 INFO train epoch 115/200 batch 52/66 (79%) running_loss=0.4299
2026-09-24 12:15:37,103 INFO train epoch 115/200 batch 65/66 (98%) running_loss=0.4323
2026-09-24 12:15:37,331 INFO train epoch 115/200 batch 66/66 (100%) running_loss=0.4339
2026-09-24 12:15:39,854 INFO epoch 115/200 done: train_loss=0.4339 val_loss=0.2389 val_accuracy=0.9447 val_macro_f1=0.9259 val_macro_auc=0.9945 (checkpoint_metric=macro_auc)
2026-09-24 12:15:43,998 INFO train epoch 116/200 batch 13/66 (20%) running_loss=0.3841
2026-09-24 12:15:47,603 INFO train epoch 116/200 batch 26/66 (39%) running_loss=0.3966
2026-09-24 12:15:51,245 INFO train epoch 116/200 batch 39/66 (59%) running_loss=0.4134
2026-09-24 12:15:54,896 INFO train epoch 116/200 batch 52/66 (79%) running_loss=0.4107
2026-09-24 12:15:58,535 INFO train epoch 116/200 batch 65/66 (98%) running_loss=0.4178
2026-09-24 12:15:58,766 INFO train epoch 116/200 batch 66/66 (100%) running_loss=0.4179
2026-09-24 12:16:01,309 INFO epoch 116/200 done: train_loss=0.4179 val_loss=0.2740 val_accuracy=0.9201 val_macro_f1=0.8890 val_macro_auc=0.9840 (checkpoint_metric=macro_auc)
2026-09-24 12:16:05,358 INFO train epoch 117/200 batch 13/66 (20%) running_loss=0.4139
2026-09-24 12:16:08,964 INFO train epoch 117/200 batch 26/66 (39%) running_loss=0.4259
2026-09-24 12:16:12,588 INFO train epoch 117/200 batch 39/66 (59%) running_loss=0.4289
2026-09-24 12:16:16,377 INFO train epoch 117/200 batch 52/66 (79%) running_loss=0.4203
2026-09-24 12:16:19,986 INFO train epoch 117/200 batch 65/66 (98%) running_loss=0.4261
2026-09-24 12:16:20,218 INFO train epoch 117/200 batch 66/66 (100%) running_loss=0.4261
2026-09-24 12:16:22,766 INFO epoch 117/200 done: train_loss=0.4261 val_loss=0.2132 val_accuracy=0.9488 val_macro_f1=0.9252 val_macro_auc=0.9938 (checkpoint_metric=macro_auc)
2026-09-24 12:16:26,860 INFO train epoch 118/200 batch 13/66 (20%) running_loss=0.4141
2026-09-24 12:16:30,475 INFO train epoch 118/200 batch 26/66 (39%) running_loss=0.4268
2026-09-24 12:16:34,093 INFO train epoch 118/200 batch 39/66 (59%) running_loss=0.4293
2026-09-24 12:16:37,721 INFO train epoch 118/200 batch 52/66 (79%) running_loss=0.4304
2026-09-24 12:16:41,331 INFO train epoch 118/200 batch 65/66 (98%) running_loss=0.4296
2026-09-24 12:16:41,559 INFO train epoch 118/200 batch 66/66 (100%) running_loss=0.4289
2026-09-24 12:16:44,103 INFO epoch 118/200 done: train_loss=0.4289 val_loss=0.2609 val_accuracy=0.9283 val_macro_f1=0.9120 val_macro_auc=0.9912 (checkpoint_metric=macro_auc)
2026-09-24 12:16:48,202 INFO train epoch 119/200 batch 13/66 (20%) running_loss=0.4480
2026-09-24 12:16:51,808 INFO train epoch 119/200 batch 26/66 (39%) running_loss=0.4319
2026-09-24 12:16:55,399 INFO train epoch 119/200 batch 39/66 (59%) running_loss=0.4294
2026-09-24 12:16:59,017 INFO train epoch 119/200 batch 52/66 (79%) running_loss=0.4370
2026-09-24 12:17:02,635 INFO train epoch 119/200 batch 65/66 (98%) running_loss=0.4373
2026-09-24 12:17:02,869 INFO train epoch 119/200 batch 66/66 (100%) running_loss=0.4363
2026-09-24 12:17:05,400 INFO epoch 119/200 done: train_loss=0.4363 val_loss=0.2290 val_accuracy=0.9529 val_macro_f1=0.9353 val_macro_auc=0.9921 (checkpoint_metric=macro_auc)
2026-09-24 12:17:09,567 INFO train epoch 120/200 batch 13/66 (20%) running_loss=0.4291
2026-09-24 12:17:13,170 INFO train epoch 120/200 batch 26/66 (39%) running_loss=0.4309
2026-09-24 12:17:16,769 INFO train epoch 120/200 batch 39/66 (59%) running_loss=0.4322
2026-09-24 12:17:20,355 INFO train epoch 120/200 batch 52/66 (79%) running_loss=0.4326
2026-09-24 12:17:23,943 INFO train epoch 120/200 batch 65/66 (98%) running_loss=0.4299
2026-09-24 12:17:24,177 INFO train epoch 120/200 batch 66/66 (100%) running_loss=0.4305
2026-09-24 12:17:26,711 INFO epoch 120/200 done: train_loss=0.4305 val_loss=0.2033 val_accuracy=0.9447 val_macro_f1=0.9219 val_macro_auc=0.9954 (checkpoint_metric=macro_auc)
2026-09-24 12:17:31,013 INFO train epoch 121/200 batch 13/66 (20%) running_loss=0.4128
2026-09-24 12:17:34,652 INFO train epoch 121/200 batch 26/66 (39%) running_loss=0.4243
2026-09-24 12:17:38,309 INFO train epoch 121/200 batch 39/66 (59%) running_loss=0.4203
2026-09-24 12:17:41,905 INFO train epoch 121/200 batch 52/66 (79%) running_loss=0.4187
2026-09-24 12:17:45,501 INFO train epoch 121/200 batch 65/66 (98%) running_loss=0.4196
2026-09-24 12:17:45,733 INFO train epoch 121/200 batch 66/66 (100%) running_loss=0.4191
2026-09-24 12:17:48,396 INFO epoch 121/200 done: train_loss=0.4191 val_loss=0.2084 val_accuracy=0.9590 val_macro_f1=0.9398 val_macro_auc=0.9952 (checkpoint_metric=macro_auc) [new best]
2026-09-24 12:17:52,547 INFO train epoch 122/200 batch 13/66 (20%) running_loss=0.4257
2026-09-24 12:17:56,152 INFO train epoch 122/200 batch 26/66 (39%) running_loss=0.4495
2026-09-24 12:17:59,770 INFO train epoch 122/200 batch 39/66 (59%) running_loss=0.4523
2026-09-24 12:18:03,352 INFO train epoch 122/200 batch 52/66 (79%) running_loss=0.4478
2026-09-24 12:18:06,928 INFO train epoch 122/200 batch 65/66 (98%) running_loss=0.4423
2026-09-24 12:18:07,156 INFO train epoch 122/200 batch 66/66 (100%) running_loss=0.4423
2026-09-24 12:18:09,829 INFO epoch 122/200 done: train_loss=0.4423 val_loss=0.2085 val_accuracy=0.9570 val_macro_f1=0.9358 val_macro_auc=0.9957 (checkpoint_metric=macro_auc) [new best]
2026-09-24 12:18:13,900 INFO train epoch 123/200 batch 13/66 (20%) running_loss=0.4201
2026-09-24 12:18:17,499 INFO train epoch 123/200 batch 26/66 (39%) running_loss=0.4210
2026-09-24 12:18:21,328 INFO train epoch 123/200 batch 39/66 (59%) running_loss=0.4180
2026-09-24 12:18:24,936 INFO train epoch 123/200 batch 52/66 (79%) running_loss=0.4223
2026-09-24 12:18:28,535 INFO train epoch 123/200 batch 65/66 (98%) running_loss=0.4149
2026-09-24 12:18:28,763 INFO train epoch 123/200 batch 66/66 (100%) running_loss=0.4149
2026-09-24 12:18:31,441 INFO epoch 123/200 done: train_loss=0.4149 val_loss=0.1914 val_accuracy=0.9508 val_macro_f1=0.9287 val_macro_auc=0.9956 (checkpoint_metric=macro_auc) [new best]
2026-09-24 12:18:35,586 INFO train epoch 124/200 batch 13/66 (20%) running_loss=0.4064
2026-09-24 12:18:39,178 INFO train epoch 124/200 batch 26/66 (39%) running_loss=0.4043
2026-09-24 12:18:42,773 INFO train epoch 124/200 batch 39/66 (59%) running_loss=0.4132
2026-09-24 12:18:46,372 INFO train epoch 124/200 batch 52/66 (79%) running_loss=0.4219
2026-09-24 12:18:49,966 INFO train epoch 124/200 batch 65/66 (98%) running_loss=0.4180
2026-09-24 12:18:50,196 INFO train epoch 124/200 batch 66/66 (100%) running_loss=0.4179
2026-09-24 12:18:52,744 INFO epoch 124/200 done: train_loss=0.4179 val_loss=0.2182 val_accuracy=0.9508 val_macro_f1=0.9300 val_macro_auc=0.9950 (checkpoint_metric=macro_auc)
2026-09-24 12:18:56,864 INFO train epoch 125/200 batch 13/66 (20%) running_loss=0.3873
2026-09-24 12:19:00,482 INFO train epoch 125/200 batch 26/66 (39%) running_loss=0.3951
2026-09-24 12:19:04,079 INFO train epoch 125/200 batch 39/66 (59%) running_loss=0.4012
2026-09-24 12:19:07,682 INFO train epoch 125/200 batch 52/66 (79%) running_loss=0.4084
2026-09-24 12:19:11,310 INFO train epoch 125/200 batch 65/66 (98%) running_loss=0.4107
2026-09-24 12:19:11,537 INFO train epoch 125/200 batch 66/66 (100%) running_loss=0.4107
2026-09-24 12:19:14,078 INFO epoch 125/200 done: train_loss=0.4107 val_loss=0.2028 val_accuracy=0.9570 val_macro_f1=0.9370 val_macro_auc=0.9955 (checkpoint_metric=macro_auc)
2026-09-24 12:19:18,249 INFO train epoch 126/200 batch 13/66 (20%) running_loss=0.4093
2026-09-24 12:19:21,906 INFO train epoch 126/200 batch 26/66 (39%) running_loss=0.4138
2026-09-24 12:19:25,541 INFO train epoch 126/200 batch 39/66 (59%) running_loss=0.4133
2026-09-24 12:19:29,357 INFO train epoch 126/200 batch 52/66 (79%) running_loss=0.4243
2026-09-24 12:19:32,945 INFO train epoch 126/200 batch 65/66 (98%) running_loss=0.4253
2026-09-24 12:19:33,172 INFO train epoch 126/200 batch 66/66 (100%) running_loss=0.4266
2026-09-24 12:19:35,708 INFO epoch 126/200 done: train_loss=0.4266 val_loss=0.2186 val_accuracy=0.9467 val_macro_f1=0.9265 val_macro_auc=0.9946 (checkpoint_metric=macro_auc)
2026-09-24 12:19:39,800 INFO train epoch 127/200 batch 13/66 (20%) running_loss=0.3905
2026-09-24 12:19:43,391 INFO train epoch 127/200 batch 26/66 (39%) running_loss=0.4052
2026-09-24 12:19:47,001 INFO train epoch 127/200 batch 39/66 (59%) running_loss=0.4071
2026-09-24 12:19:50,655 INFO train epoch 127/200 batch 52/66 (79%) running_loss=0.4085
2026-09-24 12:19:54,272 INFO train epoch 127/200 batch 65/66 (98%) running_loss=0.4105
2026-09-24 12:19:54,500 INFO train epoch 127/200 batch 66/66 (100%) running_loss=0.4100
2026-09-24 12:19:57,171 INFO epoch 127/200 done: train_loss=0.4100 val_loss=0.2096 val_accuracy=0.9467 val_macro_f1=0.9305 val_macro_auc=0.9965 (checkpoint_metric=macro_auc) [new best]
2026-09-24 12:20:01,308 INFO train epoch 128/200 batch 13/66 (20%) running_loss=0.4158
2026-09-24 12:20:04,901 INFO train epoch 128/200 batch 26/66 (39%) running_loss=0.4201
2026-09-24 12:20:08,497 INFO train epoch 128/200 batch 39/66 (59%) running_loss=0.4130
2026-09-24 12:20:12,095 INFO train epoch 128/200 batch 52/66 (79%) running_loss=0.4115
2026-09-24 12:20:15,698 INFO train epoch 128/200 batch 65/66 (98%) running_loss=0.4092
2026-09-24 12:20:15,927 INFO train epoch 128/200 batch 66/66 (100%) running_loss=0.4098
2026-09-24 12:20:18,613 INFO epoch 128/200 done: train_loss=0.4098 val_loss=0.1959 val_accuracy=0.9611 val_macro_f1=0.9441 val_macro_auc=0.9959 (checkpoint_metric=macro_auc) [new best]
2026-09-24 12:20:22,768 INFO train epoch 129/200 batch 13/66 (20%) running_loss=0.4223
2026-09-24 12:20:26,377 INFO train epoch 129/200 batch 26/66 (39%) running_loss=0.4071
2026-09-24 12:20:29,977 INFO train epoch 129/200 batch 39/66 (59%) running_loss=0.4112
2026-09-24 12:20:33,693 INFO train epoch 129/200 batch 52/66 (79%) running_loss=0.4098
2026-09-24 12:20:37,297 INFO train epoch 129/200 batch 65/66 (98%) running_loss=0.4116
2026-09-24 12:20:37,532 INFO train epoch 129/200 batch 66/66 (100%) running_loss=0.4113
2026-09-24 12:20:40,063 INFO epoch 129/200 done: train_loss=0.4113 val_loss=0.2223 val_accuracy=0.9406 val_macro_f1=0.9124 val_macro_auc=0.9917 (checkpoint_metric=macro_auc)
2026-09-24 12:20:44,198 INFO train epoch 130/200 batch 13/66 (20%) running_loss=0.4093
2026-09-24 12:20:47,809 INFO train epoch 130/200 batch 26/66 (39%) running_loss=0.4109
2026-09-24 12:20:51,440 INFO train epoch 130/200 batch 39/66 (59%) running_loss=0.4086
2026-09-24 12:20:55,080 INFO train epoch 130/200 batch 52/66 (79%) running_loss=0.4088
2026-09-24 12:20:58,706 INFO train epoch 130/200 batch 65/66 (98%) running_loss=0.4079
2026-09-24 12:20:58,933 INFO train epoch 130/200 batch 66/66 (100%) running_loss=0.4079
2026-09-24 12:21:01,472 INFO epoch 130/200 done: train_loss=0.4079 val_loss=0.2090 val_accuracy=0.9652 val_macro_f1=0.9504 val_macro_auc=0.9953 (checkpoint_metric=macro_auc)
2026-09-24 12:21:05,640 INFO train epoch 131/200 batch 13/66 (20%) running_loss=0.4164
2026-09-24 12:21:09,244 INFO train epoch 131/200 batch 26/66 (39%) running_loss=0.4090
2026-09-24 12:21:12,855 INFO train epoch 131/200 batch 39/66 (59%) running_loss=0.4098
2026-09-24 12:21:16,474 INFO train epoch 131/200 batch 52/66 (79%) running_loss=0.4049
2026-09-24 12:21:20,077 INFO train epoch 131/200 batch 65/66 (98%) running_loss=0.4052
2026-09-24 12:21:20,306 INFO train epoch 131/200 batch 66/66 (100%) running_loss=0.4046
2026-09-24 12:21:22,854 INFO epoch 131/200 done: train_loss=0.4046 val_loss=0.2380 val_accuracy=0.9467 val_macro_f1=0.9292 val_macro_auc=0.9934 (checkpoint_metric=macro_auc)
2026-09-24 12:21:26,975 INFO train epoch 132/200 batch 13/66 (20%) running_loss=0.4301
2026-09-24 12:21:30,584 INFO train epoch 132/200 batch 26/66 (39%) running_loss=0.4144
2026-09-24 12:21:34,195 INFO train epoch 132/200 batch 39/66 (59%) running_loss=0.4148
2026-09-24 12:21:37,827 INFO train epoch 132/200 batch 52/66 (79%) running_loss=0.4109
2026-09-24 12:21:41,435 INFO train epoch 132/200 batch 65/66 (98%) running_loss=0.4159
2026-09-24 12:21:41,666 INFO train epoch 132/200 batch 66/66 (100%) running_loss=0.4157
2026-09-24 12:21:44,205 INFO epoch 132/200 done: train_loss=0.4157 val_loss=0.1978 val_accuracy=0.9713 val_macro_f1=0.9575 val_macro_auc=0.9954 (checkpoint_metric=macro_auc)
2026-09-24 12:21:48,356 INFO train epoch 133/200 batch 13/66 (20%) running_loss=0.4068
2026-09-24 12:21:51,989 INFO train epoch 133/200 batch 26/66 (39%) running_loss=0.4093
2026-09-24 12:21:55,780 INFO train epoch 133/200 batch 39/66 (59%) running_loss=0.4105
2026-09-24 12:21:59,411 INFO train epoch 133/200 batch 52/66 (79%) running_loss=0.4108
2026-09-24 12:22:03,020 INFO train epoch 133/200 batch 65/66 (98%) running_loss=0.4119
2026-09-24 12:22:03,247 INFO train epoch 133/200 batch 66/66 (100%) running_loss=0.4117
2026-09-24 12:22:05,776 INFO epoch 133/200 done: train_loss=0.4117 val_loss=0.1888 val_accuracy=0.9652 val_macro_f1=0.9509 val_macro_auc=0.9973 (checkpoint_metric=macro_auc)
2026-09-24 12:22:09,918 INFO train epoch 134/200 batch 13/66 (20%) running_loss=0.4002
2026-09-24 12:22:13,519 INFO train epoch 134/200 batch 26/66 (39%) running_loss=0.4042
2026-09-24 12:22:17,101 INFO train epoch 134/200 batch 39/66 (59%) running_loss=0.4013
2026-09-24 12:22:20,712 INFO train epoch 134/200 batch 52/66 (79%) running_loss=0.4066
2026-09-24 12:22:24,316 INFO train epoch 134/200 batch 65/66 (98%) running_loss=0.4085
2026-09-24 12:22:24,545 INFO train epoch 134/200 batch 66/66 (100%) running_loss=0.4081
2026-09-24 12:22:27,222 INFO epoch 134/200 done: train_loss=0.4081 val_loss=0.2163 val_accuracy=0.9549 val_macro_f1=0.9361 val_macro_auc=0.9944 (checkpoint_metric=macro_auc) [new best]
2026-09-24 12:22:31,368 INFO train epoch 135/200 batch 13/66 (20%) running_loss=0.4471
2026-09-24 12:22:34,997 INFO train epoch 135/200 batch 26/66 (39%) running_loss=0.4273
2026-09-24 12:22:38,606 INFO train epoch 135/200 batch 39/66 (59%) running_loss=0.4151
2026-09-24 12:22:42,217 INFO train epoch 135/200 batch 52/66 (79%) running_loss=0.4105
2026-09-24 12:22:45,814 INFO train epoch 135/200 batch 65/66 (98%) running_loss=0.4071
2026-09-24 12:22:46,043 INFO train epoch 135/200 batch 66/66 (100%) running_loss=0.4065
2026-09-24 12:22:48,582 INFO epoch 135/200 done: train_loss=0.4065 val_loss=0.2236 val_accuracy=0.9529 val_macro_f1=0.9379 val_macro_auc=0.9942 (checkpoint_metric=macro_auc)
2026-09-24 12:22:52,683 INFO train epoch 136/200 batch 13/66 (20%) running_loss=0.4221
2026-09-24 12:22:56,302 INFO train epoch 136/200 batch 26/66 (39%) running_loss=0.4086
2026-09-24 12:22:59,928 INFO train epoch 136/200 batch 39/66 (59%) running_loss=0.4057
2026-09-24 12:23:03,660 INFO train epoch 136/200 batch 52/66 (79%) running_loss=0.4071
2026-09-24 12:23:07,270 INFO train epoch 136/200 batch 65/66 (98%) running_loss=0.4062
2026-09-24 12:23:07,498 INFO train epoch 136/200 batch 66/66 (100%) running_loss=0.4057
2026-09-24 12:23:10,040 INFO epoch 136/200 done: train_loss=0.4057 val_loss=0.2270 val_accuracy=0.9529 val_macro_f1=0.9376 val_macro_auc=0.9954 (checkpoint_metric=macro_auc)
2026-09-24 12:23:14,179 INFO train epoch 137/200 batch 13/66 (20%) running_loss=0.4093
2026-09-24 12:23:17,785 INFO train epoch 137/200 batch 26/66 (39%) running_loss=0.4050
2026-09-24 12:23:21,395 INFO train epoch 137/200 batch 39/66 (59%) running_loss=0.4072
2026-09-24 12:23:25,025 INFO train epoch 137/200 batch 52/66 (79%) running_loss=0.4095
2026-09-24 12:23:28,647 INFO train epoch 137/200 batch 65/66 (98%) running_loss=0.4088
2026-09-24 12:23:28,873 INFO train epoch 137/200 batch 66/66 (100%) running_loss=0.4081
2026-09-24 12:23:31,406 INFO epoch 137/200 done: train_loss=0.4081 val_loss=0.1867 val_accuracy=0.9631 val_macro_f1=0.9481 val_macro_auc=0.9971 (checkpoint_metric=macro_auc)
2026-09-24 12:23:35,531 INFO train epoch 138/200 batch 13/66 (20%) running_loss=0.3952
2026-09-24 12:23:39,135 INFO train epoch 138/200 batch 26/66 (39%) running_loss=0.3943
2026-09-24 12:23:42,802 INFO train epoch 138/200 batch 39/66 (59%) running_loss=0.3979
2026-09-24 12:23:46,424 INFO train epoch 138/200 batch 52/66 (79%) running_loss=0.3985
2026-09-24 12:23:50,013 INFO train epoch 138/200 batch 65/66 (98%) running_loss=0.3980
2026-09-24 12:23:50,240 INFO train epoch 138/200 batch 66/66 (100%) running_loss=0.3973
2026-09-24 12:23:52,786 INFO epoch 138/200 done: train_loss=0.3973 val_loss=0.3074 val_accuracy=0.8996 val_macro_f1=0.8899 val_macro_auc=0.9930 (checkpoint_metric=macro_auc)
2026-09-24 12:23:56,922 INFO train epoch 139/200 batch 13/66 (20%) running_loss=0.4100
2026-09-24 12:24:00,536 INFO train epoch 139/200 batch 26/66 (39%) running_loss=0.3985
2026-09-24 12:24:04,157 INFO train epoch 139/200 batch 39/66 (59%) running_loss=0.3985
2026-09-24 12:24:07,954 INFO train epoch 139/200 batch 52/66 (79%) running_loss=0.3943
2026-09-24 12:24:11,548 INFO train epoch 139/200 batch 65/66 (98%) running_loss=0.3992
2026-09-24 12:24:11,779 INFO train epoch 139/200 batch 66/66 (100%) running_loss=0.3991
2026-09-24 12:24:14,324 INFO epoch 139/200 done: train_loss=0.3991 val_loss=0.1950 val_accuracy=0.9590 val_macro_f1=0.9405 val_macro_auc=0.9949 (checkpoint_metric=macro_auc)
2026-09-24 12:24:18,416 INFO train epoch 140/200 batch 13/66 (20%) running_loss=0.3886
2026-09-24 12:24:22,012 INFO train epoch 140/200 batch 26/66 (39%) running_loss=0.3891
2026-09-24 12:24:25,638 INFO train epoch 140/200 batch 39/66 (59%) running_loss=0.3824
2026-09-24 12:24:29,232 INFO train epoch 140/200 batch 52/66 (79%) running_loss=0.3922
2026-09-24 12:24:32,826 INFO train epoch 140/200 batch 65/66 (98%) running_loss=0.3905
2026-09-24 12:24:33,060 INFO train epoch 140/200 batch 66/66 (100%) running_loss=0.3908
2026-09-24 12:24:35,584 INFO epoch 140/200 done: train_loss=0.3908 val_loss=0.2200 val_accuracy=0.9611 val_macro_f1=0.9475 val_macro_auc=0.9933 (checkpoint_metric=macro_auc)
2026-09-24 12:24:39,671 INFO train epoch 141/200 batch 13/66 (20%) running_loss=0.4159
2026-09-24 12:24:43,235 INFO train epoch 141/200 batch 26/66 (39%) running_loss=0.4119
2026-09-24 12:24:46,819 INFO train epoch 141/200 batch 39/66 (59%) running_loss=0.4086
2026-09-24 12:24:50,452 INFO train epoch 141/200 batch 52/66 (79%) running_loss=0.4062
2026-09-24 12:24:54,051 INFO train epoch 141/200 batch 65/66 (98%) running_loss=0.4031
2026-09-24 12:24:54,279 INFO train epoch 141/200 batch 66/66 (100%) running_loss=0.4023
2026-09-24 12:24:56,824 INFO epoch 141/200 done: train_loss=0.4023 val_loss=0.2234 val_accuracy=0.9488 val_macro_f1=0.9265 val_macro_auc=0.9932 (checkpoint_metric=macro_auc)
2026-09-24 12:25:00,939 INFO train epoch 142/200 batch 13/66 (20%) running_loss=0.4107
2026-09-24 12:25:04,534 INFO train epoch 142/200 batch 26/66 (39%) running_loss=0.3977
2026-09-24 12:25:08,133 INFO train epoch 142/200 batch 39/66 (59%) running_loss=0.3974
2026-09-24 12:25:11,739 INFO train epoch 142/200 batch 52/66 (79%) running_loss=0.3885
2026-09-24 12:25:15,334 INFO train epoch 142/200 batch 65/66 (98%) running_loss=0.3886
2026-09-24 12:25:15,562 INFO train epoch 142/200 batch 66/66 (100%) running_loss=0.3878
2026-09-24 12:25:18,094 INFO epoch 142/200 done: train_loss=0.3878 val_loss=0.2157 val_accuracy=0.9529 val_macro_f1=0.9353 val_macro_auc=0.9929 (checkpoint_metric=macro_auc)
2026-09-24 12:25:22,423 INFO train epoch 143/200 batch 13/66 (20%) running_loss=0.3997
2026-09-24 12:25:26,031 INFO train epoch 143/200 batch 26/66 (39%) running_loss=0.3952
2026-09-24 12:25:29,639 INFO train epoch 143/200 batch 39/66 (59%) running_loss=0.4059
2026-09-24 12:25:33,238 INFO train epoch 143/200 batch 52/66 (79%) running_loss=0.4011
2026-09-24 12:25:36,865 INFO train epoch 143/200 batch 65/66 (98%) running_loss=0.4004
2026-09-24 12:25:37,100 INFO train epoch 143/200 batch 66/66 (100%) running_loss=0.4010
2026-09-24 12:25:39,645 INFO epoch 143/200 done: train_loss=0.4010 val_loss=0.2225 val_accuracy=0.9508 val_macro_f1=0.9372 val_macro_auc=0.9945 (checkpoint_metric=macro_auc)
2026-09-24 12:25:43,787 INFO train epoch 144/200 batch 13/66 (20%) running_loss=0.4020
2026-09-24 12:25:47,383 INFO train epoch 144/200 batch 26/66 (39%) running_loss=0.3998
2026-09-24 12:25:51,016 INFO train epoch 144/200 batch 39/66 (59%) running_loss=0.4003
2026-09-24 12:25:54,641 INFO train epoch 144/200 batch 52/66 (79%) running_loss=0.3969
2026-09-24 12:25:58,216 INFO train epoch 144/200 batch 65/66 (98%) running_loss=0.3972
2026-09-24 12:25:58,445 INFO train epoch 144/200 batch 66/66 (100%) running_loss=0.3967
2026-09-24 12:26:00,982 INFO epoch 144/200 done: train_loss=0.3967 val_loss=0.2225 val_accuracy=0.9529 val_macro_f1=0.9351 val_macro_auc=0.9941 (checkpoint_metric=macro_auc)
2026-09-24 12:26:05,130 INFO train epoch 145/200 batch 13/66 (20%) running_loss=0.4283
2026-09-24 12:26:08,739 INFO train epoch 145/200 batch 26/66 (39%) running_loss=0.4147
2026-09-24 12:26:12,349 INFO train epoch 145/200 batch 39/66 (59%) running_loss=0.4060
2026-09-24 12:26:15,947 INFO train epoch 145/200 batch 52/66 (79%) running_loss=0.4028
2026-09-24 12:26:19,744 INFO train epoch 145/200 batch 65/66 (98%) running_loss=0.3991
2026-09-24 12:26:19,971 INFO train epoch 145/200 batch 66/66 (100%) running_loss=0.4003
2026-09-24 12:26:22,503 INFO epoch 145/200 done: train_loss=0.4003 val_loss=0.2172 val_accuracy=0.9590 val_macro_f1=0.9442 val_macro_auc=0.9936 (checkpoint_metric=macro_auc)
2026-09-24 12:26:26,678 INFO train epoch 146/200 batch 13/66 (20%) running_loss=0.3919
2026-09-24 12:26:30,303 INFO train epoch 146/200 batch 26/66 (39%) running_loss=0.3886
2026-09-24 12:26:33,908 INFO train epoch 146/200 batch 39/66 (59%) running_loss=0.3866
2026-09-24 12:26:37,513 INFO train epoch 146/200 batch 52/66 (79%) running_loss=0.3845
2026-09-24 12:26:41,098 INFO train epoch 146/200 batch 65/66 (98%) running_loss=0.3882
2026-09-24 12:26:41,326 INFO train epoch 146/200 batch 66/66 (100%) running_loss=0.3879
2026-09-24 12:26:43,861 INFO epoch 146/200 done: train_loss=0.3879 val_loss=0.2290 val_accuracy=0.9447 val_macro_f1=0.9265 val_macro_auc=0.9939 (checkpoint_metric=macro_auc)
2026-09-24 12:26:47,986 INFO train epoch 147/200 batch 13/66 (20%) running_loss=0.3786
2026-09-24 12:26:51,632 INFO train epoch 147/200 batch 26/66 (39%) running_loss=0.3828
2026-09-24 12:26:55,275 INFO train epoch 147/200 batch 39/66 (59%) running_loss=0.3875
2026-09-24 12:26:58,884 INFO train epoch 147/200 batch 52/66 (79%) running_loss=0.3869
2026-09-24 12:27:02,489 INFO train epoch 147/200 batch 65/66 (98%) running_loss=0.3848
2026-09-24 12:27:02,718 INFO train epoch 147/200 batch 66/66 (100%) running_loss=0.3848
2026-09-24 12:27:05,273 INFO epoch 147/200 done: train_loss=0.3848 val_loss=0.2382 val_accuracy=0.9488 val_macro_f1=0.9320 val_macro_auc=0.9944 (checkpoint_metric=macro_auc)
2026-09-24 12:27:09,411 INFO train epoch 148/200 batch 13/66 (20%) running_loss=0.4056
2026-09-24 12:27:13,017 INFO train epoch 148/200 batch 26/66 (39%) running_loss=0.3998
2026-09-24 12:27:16,630 INFO train epoch 148/200 batch 39/66 (59%) running_loss=0.3947
2026-09-24 12:27:20,254 INFO train epoch 148/200 batch 52/66 (79%) running_loss=0.3980
2026-09-24 12:27:23,877 INFO train epoch 148/200 batch 65/66 (98%) running_loss=0.3937
2026-09-24 12:27:24,105 INFO train epoch 148/200 batch 66/66 (100%) running_loss=0.3942
2026-09-24 12:27:26,637 INFO epoch 148/200 done: train_loss=0.3942 val_loss=0.1980 val_accuracy=0.9611 val_macro_f1=0.9456 val_macro_auc=0.9960 (checkpoint_metric=macro_auc)
2026-09-24 12:27:30,947 INFO train epoch 149/200 batch 13/66 (20%) running_loss=0.4007
2026-09-24 12:27:34,553 INFO train epoch 149/200 batch 26/66 (39%) running_loss=0.3825
2026-09-24 12:27:38,169 INFO train epoch 149/200 batch 39/66 (59%) running_loss=0.3742
2026-09-24 12:27:41,796 INFO train epoch 149/200 batch 52/66 (79%) running_loss=0.3795
2026-09-24 12:27:45,406 INFO train epoch 149/200 batch 65/66 (98%) running_loss=0.3795
2026-09-24 12:27:45,633 INFO train epoch 149/200 batch 66/66 (100%) running_loss=0.3793
2026-09-24 12:27:48,180 INFO epoch 149/200 done: train_loss=0.3793 val_loss=0.2126 val_accuracy=0.9631 val_macro_f1=0.9483 val_macro_auc=0.9950 (checkpoint_metric=macro_auc)
2026-09-24 12:27:52,323 INFO train epoch 150/200 batch 13/66 (20%) running_loss=0.3766
2026-09-24 12:27:55,901 INFO train epoch 150/200 batch 26/66 (39%) running_loss=0.3776
2026-09-24 12:27:59,490 INFO train epoch 150/200 batch 39/66 (59%) running_loss=0.3757
2026-09-24 12:28:03,092 INFO train epoch 150/200 batch 52/66 (79%) running_loss=0.3772
2026-09-24 12:28:06,684 INFO train epoch 150/200 batch 65/66 (98%) running_loss=0.3792
2026-09-24 12:28:06,910 INFO train epoch 150/200 batch 66/66 (100%) running_loss=0.3791
2026-09-24 12:28:09,453 INFO epoch 150/200 done: train_loss=0.3791 val_loss=0.2113 val_accuracy=0.9672 val_macro_f1=0.9590 val_macro_auc=0.9957 (checkpoint_metric=macro_auc)
2026-09-24 12:28:13,532 INFO train epoch 151/200 batch 13/66 (20%) running_loss=0.3713
2026-09-24 12:28:17,167 INFO train epoch 151/200 batch 26/66 (39%) running_loss=0.3725
2026-09-24 12:28:20,763 INFO train epoch 151/200 batch 39/66 (59%) running_loss=0.3710
2026-09-24 12:28:24,385 INFO train epoch 151/200 batch 52/66 (79%) running_loss=0.3730
2026-09-24 12:28:28,176 INFO train epoch 151/200 batch 65/66 (98%) running_loss=0.3731
2026-09-24 12:28:28,408 INFO train epoch 151/200 batch 66/66 (100%) running_loss=0.3745
2026-09-24 12:28:30,940 INFO epoch 151/200 done: train_loss=0.3745 val_loss=0.2004 val_accuracy=0.9672 val_macro_f1=0.9552 val_macro_auc=0.9952 (checkpoint_metric=macro_auc)
2026-09-24 12:28:35,078 INFO train epoch 152/200 batch 13/66 (20%) running_loss=0.3749
2026-09-24 12:28:38,692 INFO train epoch 152/200 batch 26/66 (39%) running_loss=0.3888
2026-09-24 12:28:42,310 INFO train epoch 152/200 batch 39/66 (59%) running_loss=0.3840
2026-09-24 12:28:45,939 INFO train epoch 152/200 batch 52/66 (79%) running_loss=0.3799
2026-09-24 12:28:49,564 INFO train epoch 152/200 batch 65/66 (98%) running_loss=0.3785
2026-09-24 12:28:49,791 INFO train epoch 152/200 batch 66/66 (100%) running_loss=0.3792
2026-09-24 12:28:52,453 INFO epoch 152/200 done: train_loss=0.3792 val_loss=0.1989 val_accuracy=0.9693 val_macro_f1=0.9586 val_macro_auc=0.9964 (checkpoint_metric=macro_auc) [new best]
2026-09-24 12:28:56,600 INFO train epoch 153/200 batch 13/66 (20%) running_loss=0.4030
2026-09-24 12:29:00,221 INFO train epoch 153/200 batch 26/66 (39%) running_loss=0.3827
2026-09-24 12:29:03,847 INFO train epoch 153/200 batch 39/66 (59%) running_loss=0.3767
2026-09-24 12:29:07,447 INFO train epoch 153/200 batch 52/66 (79%) running_loss=0.3750
2026-09-24 12:29:11,081 INFO train epoch 153/200 batch 65/66 (98%) running_loss=0.3764
2026-09-24 12:29:11,314 INFO train epoch 153/200 batch 66/66 (100%) running_loss=0.3763
2026-09-24 12:29:13,962 INFO epoch 153/200 done: train_loss=0.3763 val_loss=0.1748 val_accuracy=0.9672 val_macro_f1=0.9559 val_macro_auc=0.9961 (checkpoint_metric=macro_auc) [new best]
2026-09-24 12:29:18,082 INFO train epoch 154/200 batch 13/66 (20%) running_loss=0.3583
2026-09-24 12:29:21,667 INFO train epoch 154/200 batch 26/66 (39%) running_loss=0.3740
2026-09-24 12:29:25,289 INFO train epoch 154/200 batch 39/66 (59%) running_loss=0.3805
2026-09-24 12:29:28,890 INFO train epoch 154/200 batch 52/66 (79%) running_loss=0.3723
2026-09-24 12:29:32,604 INFO train epoch 154/200 batch 65/66 (98%) running_loss=0.3733
2026-09-24 12:29:32,831 INFO train epoch 154/200 batch 66/66 (100%) running_loss=0.3749
2026-09-24 12:29:35,364 INFO epoch 154/200 done: train_loss=0.3749 val_loss=0.2123 val_accuracy=0.9529 val_macro_f1=0.9390 val_macro_auc=0.9939 (checkpoint_metric=macro_auc)
2026-09-24 12:29:39,485 INFO train epoch 155/200 batch 13/66 (20%) running_loss=0.4057
2026-09-24 12:29:43,098 INFO train epoch 155/200 batch 26/66 (39%) running_loss=0.3998
2026-09-24 12:29:46,706 INFO train epoch 155/200 batch 39/66 (59%) running_loss=0.3955
2026-09-24 12:29:50,335 INFO train epoch 155/200 batch 52/66 (79%) running_loss=0.3871
2026-09-24 12:29:53,933 INFO train epoch 155/200 batch 65/66 (98%) running_loss=0.3931
2026-09-24 12:29:54,161 INFO train epoch 155/200 batch 66/66 (100%) running_loss=0.3929
2026-09-24 12:29:56,684 INFO epoch 155/200 done: train_loss=0.3929 val_loss=0.2118 val_accuracy=0.9611 val_macro_f1=0.9489 val_macro_auc=0.9951 (checkpoint_metric=macro_auc)
2026-09-24 12:30:00,826 INFO train epoch 156/200 batch 13/66 (20%) running_loss=0.3939
2026-09-24 12:30:04,441 INFO train epoch 156/200 batch 26/66 (39%) running_loss=0.3873
2026-09-24 12:30:08,022 INFO train epoch 156/200 batch 39/66 (59%) running_loss=0.3825
2026-09-24 12:30:11,630 INFO train epoch 156/200 batch 52/66 (79%) running_loss=0.3820
2026-09-24 12:30:15,230 INFO train epoch 156/200 batch 65/66 (98%) running_loss=0.3796
2026-09-24 12:30:15,461 INFO train epoch 156/200 batch 66/66 (100%) running_loss=0.3793
2026-09-24 12:30:17,984 INFO epoch 156/200 done: train_loss=0.3793 val_loss=0.1993 val_accuracy=0.9693 val_macro_f1=0.9566 val_macro_auc=0.9952 (checkpoint_metric=macro_auc)
2026-09-24 12:30:22,104 INFO train epoch 157/200 batch 13/66 (20%) running_loss=0.3716
2026-09-24 12:30:25,734 INFO train epoch 157/200 batch 26/66 (39%) running_loss=0.3836
2026-09-24 12:30:29,338 INFO train epoch 157/200 batch 39/66 (59%) running_loss=0.3744
2026-09-24 12:30:32,964 INFO train epoch 157/200 batch 52/66 (79%) running_loss=0.3757
2026-09-24 12:30:36,568 INFO train epoch 157/200 batch 65/66 (98%) running_loss=0.3701
2026-09-24 12:30:36,794 INFO train epoch 157/200 batch 66/66 (100%) running_loss=0.3695
2026-09-24 12:30:39,333 INFO epoch 157/200 done: train_loss=0.3695 val_loss=0.2019 val_accuracy=0.9652 val_macro_f1=0.9510 val_macro_auc=0.9951 (checkpoint_metric=macro_auc)
2026-09-24 12:30:43,459 INFO train epoch 158/200 batch 13/66 (20%) running_loss=0.3370
2026-09-24 12:30:47,222 INFO train epoch 158/200 batch 26/66 (39%) running_loss=0.3551
2026-09-24 12:30:50,809 INFO train epoch 158/200 batch 39/66 (59%) running_loss=0.3609
2026-09-24 12:30:54,401 INFO train epoch 158/200 batch 52/66 (79%) running_loss=0.3689
2026-09-24 12:30:57,987 INFO train epoch 158/200 batch 65/66 (98%) running_loss=0.3698
2026-09-24 12:30:58,215 INFO train epoch 158/200 batch 66/66 (100%) running_loss=0.3710
2026-09-24 12:31:00,744 INFO epoch 158/200 done: train_loss=0.3710 val_loss=0.1994 val_accuracy=0.9672 val_macro_f1=0.9529 val_macro_auc=0.9957 (checkpoint_metric=macro_auc)
2026-09-24 12:31:04,893 INFO train epoch 159/200 batch 13/66 (20%) running_loss=0.3747
2026-09-24 12:31:08,565 INFO train epoch 159/200 batch 26/66 (39%) running_loss=0.3815
2026-09-24 12:31:12,169 INFO train epoch 159/200 batch 39/66 (59%) running_loss=0.3824
2026-09-24 12:31:15,765 INFO train epoch 159/200 batch 52/66 (79%) running_loss=0.3783
2026-09-24 12:31:19,390 INFO train epoch 159/200 batch 65/66 (98%) running_loss=0.3782
2026-09-24 12:31:19,622 INFO train epoch 159/200 batch 66/66 (100%) running_loss=0.3777
2026-09-24 12:31:22,162 INFO epoch 159/200 done: train_loss=0.3777 val_loss=0.2630 val_accuracy=0.9365 val_macro_f1=0.9214 val_macro_auc=0.9934 (checkpoint_metric=macro_auc)
2026-09-24 12:31:26,280 INFO train epoch 160/200 batch 13/66 (20%) running_loss=0.3746
2026-09-24 12:31:29,893 INFO train epoch 160/200 batch 26/66 (39%) running_loss=0.3671
2026-09-24 12:31:33,494 INFO train epoch 160/200 batch 39/66 (59%) running_loss=0.3648
2026-09-24 12:31:37,102 INFO train epoch 160/200 batch 52/66 (79%) running_loss=0.3691
2026-09-24 12:31:40,721 INFO train epoch 160/200 batch 65/66 (98%) running_loss=0.3677
2026-09-24 12:31:40,955 INFO train epoch 160/200 batch 66/66 (100%) running_loss=0.3672
2026-09-24 12:31:43,500 INFO epoch 160/200 done: train_loss=0.3672 val_loss=0.2028 val_accuracy=0.9672 val_macro_f1=0.9543 val_macro_auc=0.9950 (checkpoint_metric=macro_auc)
2026-09-24 12:31:47,749 INFO train epoch 161/200 batch 13/66 (20%) running_loss=0.3913
2026-09-24 12:31:51,371 INFO train epoch 161/200 batch 26/66 (39%) running_loss=0.3839
2026-09-24 12:31:55,035 INFO train epoch 161/200 batch 39/66 (59%) running_loss=0.3751
2026-09-24 12:31:58,648 INFO train epoch 161/200 batch 52/66 (79%) running_loss=0.3715
2026-09-24 12:32:02,246 INFO train epoch 161/200 batch 65/66 (98%) running_loss=0.3693
2026-09-24 12:32:02,474 INFO train epoch 161/200 batch 66/66 (100%) running_loss=0.3697
2026-09-24 12:32:05,010 INFO epoch 161/200 done: train_loss=0.3697 val_loss=0.2251 val_accuracy=0.9406 val_macro_f1=0.9203 val_macro_auc=0.9939 (checkpoint_metric=macro_auc)
2026-09-24 12:32:09,080 INFO train epoch 162/200 batch 13/66 (20%) running_loss=0.3577
2026-09-24 12:32:12,690 INFO train epoch 162/200 batch 26/66 (39%) running_loss=0.3561
2026-09-24 12:32:16,304 INFO train epoch 162/200 batch 39/66 (59%) running_loss=0.3604
2026-09-24 12:32:19,937 INFO train epoch 162/200 batch 52/66 (79%) running_loss=0.3670
2026-09-24 12:32:23,531 INFO train epoch 162/200 batch 65/66 (98%) running_loss=0.3685
2026-09-24 12:32:23,764 INFO train epoch 162/200 batch 66/66 (100%) running_loss=0.3681
2026-09-24 12:32:26,314 INFO epoch 162/200 done: train_loss=0.3681 val_loss=0.2072 val_accuracy=0.9611 val_macro_f1=0.9479 val_macro_auc=0.9946 (checkpoint_metric=macro_auc)
2026-09-24 12:32:30,424 INFO train epoch 163/200 batch 13/66 (20%) running_loss=0.3751
2026-09-24 12:32:34,044 INFO train epoch 163/200 batch 26/66 (39%) running_loss=0.3675
2026-09-24 12:32:37,647 INFO train epoch 163/200 batch 39/66 (59%) running_loss=0.3628
2026-09-24 12:32:41,241 INFO train epoch 163/200 batch 52/66 (79%) running_loss=0.3646
2026-09-24 12:32:44,829 INFO train epoch 163/200 batch 65/66 (98%) running_loss=0.3687
2026-09-24 12:32:45,056 INFO train epoch 163/200 batch 66/66 (100%) running_loss=0.3684
2026-09-24 12:32:47,609 INFO epoch 163/200 done: train_loss=0.3684 val_loss=0.2067 val_accuracy=0.9590 val_macro_f1=0.9455 val_macro_auc=0.9950 (checkpoint_metric=macro_auc)
2026-09-24 12:32:51,766 INFO train epoch 164/200 batch 13/66 (20%) running_loss=0.3718
2026-09-24 12:32:55,546 INFO train epoch 164/200 batch 26/66 (39%) running_loss=0.3690
2026-09-24 12:32:59,178 INFO train epoch 164/200 batch 39/66 (59%) running_loss=0.3687
2026-09-24 12:33:02,770 INFO train epoch 164/200 batch 52/66 (79%) running_loss=0.3675
2026-09-24 12:33:06,353 INFO train epoch 164/200 batch 65/66 (98%) running_loss=0.3673
2026-09-24 12:33:06,579 INFO train epoch 164/200 batch 66/66 (100%) running_loss=0.3671
2026-09-24 12:33:09,109 INFO epoch 164/200 done: train_loss=0.3671 val_loss=0.2168 val_accuracy=0.9508 val_macro_f1=0.9334 val_macro_auc=0.9943 (checkpoint_metric=macro_auc)
2026-09-24 12:33:13,232 INFO train epoch 165/200 batch 13/66 (20%) running_loss=0.3804
2026-09-24 12:33:16,843 INFO train epoch 165/200 batch 26/66 (39%) running_loss=0.3804
2026-09-24 12:33:20,466 INFO train epoch 165/200 batch 39/66 (59%) running_loss=0.3801
2026-09-24 12:33:24,068 INFO train epoch 165/200 batch 52/66 (79%) running_loss=0.3860
2026-09-24 12:33:27,692 INFO train epoch 165/200 batch 65/66 (98%) running_loss=0.3809
2026-09-24 12:33:27,918 INFO train epoch 165/200 batch 66/66 (100%) running_loss=0.3807
2026-09-24 12:33:30,451 INFO epoch 165/200 done: train_loss=0.3807 val_loss=0.1991 val_accuracy=0.9652 val_macro_f1=0.9525 val_macro_auc=0.9950 (checkpoint_metric=macro_auc)
2026-09-24 12:33:34,599 INFO train epoch 166/200 batch 13/66 (20%) running_loss=0.3612
2026-09-24 12:33:38,194 INFO train epoch 166/200 batch 26/66 (39%) running_loss=0.3604
2026-09-24 12:33:41,796 INFO train epoch 166/200 batch 39/66 (59%) running_loss=0.3633
2026-09-24 12:33:45,439 INFO train epoch 166/200 batch 52/66 (79%) running_loss=0.3656
2026-09-24 12:33:49,083 INFO train epoch 166/200 batch 65/66 (98%) running_loss=0.3658
2026-09-24 12:33:49,315 INFO train epoch 166/200 batch 66/66 (100%) running_loss=0.3662
2026-09-24 12:33:51,851 INFO epoch 166/200 done: train_loss=0.3662 val_loss=0.2074 val_accuracy=0.9570 val_macro_f1=0.9415 val_macro_auc=0.9944 (checkpoint_metric=macro_auc)
2026-09-24 12:33:55,989 INFO train epoch 167/200 batch 13/66 (20%) running_loss=0.3598
2026-09-24 12:33:59,728 INFO train epoch 167/200 batch 26/66 (39%) running_loss=0.3650
2026-09-24 12:34:03,334 INFO train epoch 167/200 batch 39/66 (59%) running_loss=0.3663
2026-09-24 12:34:06,954 INFO train epoch 167/200 batch 52/66 (79%) running_loss=0.3659
2026-09-24 12:34:10,548 INFO train epoch 167/200 batch 65/66 (98%) running_loss=0.3668
2026-09-24 12:34:10,774 INFO train epoch 167/200 batch 66/66 (100%) running_loss=0.3664
2026-09-24 12:34:13,302 INFO epoch 167/200 done: train_loss=0.3664 val_loss=0.2089 val_accuracy=0.9549 val_macro_f1=0.9382 val_macro_auc=0.9953 (checkpoint_metric=macro_auc)
2026-09-24 12:34:17,393 INFO train epoch 168/200 batch 13/66 (20%) running_loss=0.3759
2026-09-24 12:34:20,996 INFO train epoch 168/200 batch 26/66 (39%) running_loss=0.3784
2026-09-24 12:34:24,605 INFO train epoch 168/200 batch 39/66 (59%) running_loss=0.3710
2026-09-24 12:34:28,237 INFO train epoch 168/200 batch 52/66 (79%) running_loss=0.3661
2026-09-24 12:34:31,841 INFO train epoch 168/200 batch 65/66 (98%) running_loss=0.3646
2026-09-24 12:34:32,066 INFO train epoch 168/200 batch 66/66 (100%) running_loss=0.3642
2026-09-24 12:34:34,606 INFO epoch 168/200 done: train_loss=0.3642 val_loss=0.2098 val_accuracy=0.9529 val_macro_f1=0.9340 val_macro_auc=0.9944 (checkpoint_metric=macro_auc)
2026-09-24 12:34:38,690 INFO train epoch 169/200 batch 13/66 (20%) running_loss=0.3573
2026-09-24 12:34:42,307 INFO train epoch 169/200 batch 26/66 (39%) running_loss=0.3692
2026-09-24 12:34:45,900 INFO train epoch 169/200 batch 39/66 (59%) running_loss=0.3693
2026-09-24 12:34:49,496 INFO train epoch 169/200 batch 52/66 (79%) running_loss=0.3676
2026-09-24 12:34:53,089 INFO train epoch 169/200 batch 65/66 (98%) running_loss=0.3663
2026-09-24 12:34:53,316 INFO train epoch 169/200 batch 66/66 (100%) running_loss=0.3657
2026-09-24 12:34:55,871 INFO epoch 169/200 done: train_loss=0.3657 val_loss=0.2173 val_accuracy=0.9652 val_macro_f1=0.9509 val_macro_auc=0.9948 (checkpoint_metric=macro_auc)
2026-09-24 12:35:00,015 INFO train epoch 170/200 batch 13/66 (20%) running_loss=0.3603
2026-09-24 12:35:03,601 INFO train epoch 170/200 batch 26/66 (39%) running_loss=0.3591
2026-09-24 12:35:07,365 INFO train epoch 170/200 batch 39/66 (59%) running_loss=0.3569
2026-09-24 12:35:11,013 INFO train epoch 170/200 batch 52/66 (79%) running_loss=0.3598
2026-09-24 12:35:14,645 INFO train epoch 170/200 batch 65/66 (98%) running_loss=0.3627
2026-09-24 12:35:14,878 INFO train epoch 170/200 batch 66/66 (100%) running_loss=0.3622
2026-09-24 12:35:17,416 INFO epoch 170/200 done: train_loss=0.3622 val_loss=0.2040 val_accuracy=0.9652 val_macro_f1=0.9532 val_macro_auc=0.9948 (checkpoint_metric=macro_auc)
2026-09-24 12:35:21,551 INFO train epoch 171/200 batch 13/66 (20%) running_loss=0.3598
2026-09-24 12:35:25,187 INFO train epoch 171/200 batch 26/66 (39%) running_loss=0.3518
2026-09-24 12:35:28,806 INFO train epoch 171/200 batch 39/66 (59%) running_loss=0.3575
2026-09-24 12:35:32,428 INFO train epoch 171/200 batch 52/66 (79%) running_loss=0.3549
2026-09-24 12:35:36,030 INFO train epoch 171/200 batch 65/66 (98%) running_loss=0.3555
2026-09-24 12:35:36,261 INFO train epoch 171/200 batch 66/66 (100%) running_loss=0.3558
2026-09-24 12:35:38,801 INFO epoch 171/200 done: train_loss=0.3558 val_loss=0.1846 val_accuracy=0.9693 val_macro_f1=0.9569 val_macro_auc=0.9951 (checkpoint_metric=macro_auc)
2026-09-24 12:35:42,959 INFO train epoch 172/200 batch 13/66 (20%) running_loss=0.3483
2026-09-24 12:35:46,661 INFO train epoch 172/200 batch 26/66 (39%) running_loss=0.3570
2026-09-24 12:35:50,315 INFO train epoch 172/200 batch 39/66 (59%) running_loss=0.3581
2026-09-24 12:35:53,959 INFO train epoch 172/200 batch 52/66 (79%) running_loss=0.3629
2026-09-24 12:35:57,580 INFO train epoch 172/200 batch 65/66 (98%) running_loss=0.3641
2026-09-24 12:35:57,808 INFO train epoch 172/200 batch 66/66 (100%) running_loss=0.3639
2026-09-24 12:36:00,366 INFO epoch 172/200 done: train_loss=0.3639 val_loss=0.1945 val_accuracy=0.9672 val_macro_f1=0.9556 val_macro_auc=0.9949 (checkpoint_metric=macro_auc)
2026-09-24 12:36:04,507 INFO train epoch 173/200 batch 13/66 (20%) running_loss=0.3648
2026-09-24 12:36:08,084 INFO train epoch 173/200 batch 26/66 (39%) running_loss=0.3646
2026-09-24 12:36:11,662 INFO train epoch 173/200 batch 39/66 (59%) running_loss=0.3648
2026-09-24 12:36:15,365 INFO train epoch 173/200 batch 52/66 (79%) running_loss=0.3624
2026-09-24 12:36:18,952 INFO train epoch 173/200 batch 65/66 (98%) running_loss=0.3616
2026-09-24 12:36:19,178 INFO train epoch 173/200 batch 66/66 (100%) running_loss=0.3614
2026-09-24 12:36:21,705 INFO epoch 173/200 done: train_loss=0.3614 val_loss=0.1920 val_accuracy=0.9693 val_macro_f1=0.9573 val_macro_auc=0.9957 (checkpoint_metric=macro_auc)
2026-09-24 12:36:25,748 INFO train epoch 174/200 batch 13/66 (20%) running_loss=0.3888
2026-09-24 12:36:29,335 INFO train epoch 174/200 batch 26/66 (39%) running_loss=0.3679
2026-09-24 12:36:32,921 INFO train epoch 174/200 batch 39/66 (59%) running_loss=0.3657
2026-09-24 12:36:36,510 INFO train epoch 174/200 batch 52/66 (79%) running_loss=0.3641
2026-09-24 12:36:40,076 INFO train epoch 174/200 batch 65/66 (98%) running_loss=0.3621
2026-09-24 12:36:40,300 INFO train epoch 174/200 batch 66/66 (100%) running_loss=0.3617
2026-09-24 12:36:42,832 INFO epoch 174/200 done: train_loss=0.3617 val_loss=0.2022 val_accuracy=0.9672 val_macro_f1=0.9559 val_macro_auc=0.9951 (checkpoint_metric=macro_auc)
2026-09-24 12:36:46,993 INFO train epoch 175/200 batch 13/66 (20%) running_loss=0.3744
2026-09-24 12:36:50,572 INFO train epoch 175/200 batch 26/66 (39%) running_loss=0.3659
2026-09-24 12:36:54,172 INFO train epoch 175/200 batch 39/66 (59%) running_loss=0.3617
2026-09-24 12:36:57,789 INFO train epoch 175/200 batch 52/66 (79%) running_loss=0.3628
2026-09-24 12:37:01,410 INFO train epoch 175/200 batch 65/66 (98%) running_loss=0.3660
2026-09-24 12:37:01,637 INFO train epoch 175/200 batch 66/66 (100%) running_loss=0.3657
2026-09-24 12:37:04,188 INFO epoch 175/200 done: train_loss=0.3657 val_loss=0.1910 val_accuracy=0.9713 val_macro_f1=0.9600 val_macro_auc=0.9961 (checkpoint_metric=macro_auc)
2026-09-24 12:37:08,337 INFO train epoch 176/200 batch 13/66 (20%) running_loss=0.3486
2026-09-24 12:37:11,971 INFO train epoch 176/200 batch 26/66 (39%) running_loss=0.3605
2026-09-24 12:37:15,614 INFO train epoch 176/200 batch 39/66 (59%) running_loss=0.3594
2026-09-24 12:37:19,414 INFO train epoch 176/200 batch 52/66 (79%) running_loss=0.3566
2026-09-24 12:37:23,005 INFO train epoch 176/200 batch 65/66 (98%) running_loss=0.3547
2026-09-24 12:37:23,232 INFO train epoch 176/200 batch 66/66 (100%) running_loss=0.3546
2026-09-24 12:37:25,753 INFO epoch 176/200 done: train_loss=0.3546 val_loss=0.1879 val_accuracy=0.9713 val_macro_f1=0.9586 val_macro_auc=0.9957 (checkpoint_metric=macro_auc)
2026-09-24 12:37:29,896 INFO train epoch 177/200 batch 13/66 (20%) running_loss=0.3495
2026-09-24 12:37:33,530 INFO train epoch 177/200 batch 26/66 (39%) running_loss=0.3744
2026-09-24 12:37:37,130 INFO train epoch 177/200 batch 39/66 (59%) running_loss=0.3664
2026-09-24 12:37:40,765 INFO train epoch 177/200 batch 52/66 (79%) running_loss=0.3688
2026-09-24 12:37:44,400 INFO train epoch 177/200 batch 65/66 (98%) running_loss=0.3673
2026-09-24 12:37:44,634 INFO train epoch 177/200 batch 66/66 (100%) running_loss=0.3673
2026-09-24 12:37:47,176 INFO epoch 177/200 done: train_loss=0.3673 val_loss=0.2034 val_accuracy=0.9672 val_macro_f1=0.9543 val_macro_auc=0.9952 (checkpoint_metric=macro_auc)
2026-09-24 12:37:51,339 INFO train epoch 178/200 batch 13/66 (20%) running_loss=0.3634
2026-09-24 12:37:54,963 INFO train epoch 178/200 batch 26/66 (39%) running_loss=0.3674
2026-09-24 12:37:58,613 INFO train epoch 178/200 batch 39/66 (59%) running_loss=0.3659
2026-09-24 12:38:02,229 INFO train epoch 178/200 batch 52/66 (79%) running_loss=0.3666
2026-09-24 12:38:05,826 INFO train epoch 178/200 batch 65/66 (98%) running_loss=0.3651
2026-09-24 12:38:06,061 INFO train epoch 178/200 batch 66/66 (100%) running_loss=0.3651
2026-09-24 12:38:08,580 INFO epoch 178/200 done: train_loss=0.3651 val_loss=0.1989 val_accuracy=0.9631 val_macro_f1=0.9495 val_macro_auc=0.9954 (checkpoint_metric=macro_auc)
2026-09-24 12:38:12,718 INFO train epoch 179/200 batch 13/66 (20%) running_loss=0.3372
2026-09-24 12:38:16,310 INFO train epoch 179/200 batch 26/66 (39%) running_loss=0.3591
2026-09-24 12:38:19,897 INFO train epoch 179/200 batch 39/66 (59%) running_loss=0.3563
2026-09-24 12:38:23,549 INFO train epoch 179/200 batch 52/66 (79%) running_loss=0.3599
2026-09-24 12:38:27,238 INFO train epoch 179/200 batch 65/66 (98%) running_loss=0.3619
2026-09-24 12:38:27,466 INFO train epoch 179/200 batch 66/66 (100%) running_loss=0.3627
2026-09-24 12:38:29,996 INFO epoch 179/200 done: train_loss=0.3627 val_loss=0.1834 val_accuracy=0.9631 val_macro_f1=0.9491 val_macro_auc=0.9958 (checkpoint_metric=macro_auc)
2026-09-24 12:38:34,138 INFO train epoch 180/200 batch 13/66 (20%) running_loss=0.3579
2026-09-24 12:38:37,737 INFO train epoch 180/200 batch 26/66 (39%) running_loss=0.3556
2026-09-24 12:38:41,349 INFO train epoch 180/200 batch 39/66 (59%) running_loss=0.3567
2026-09-24 12:38:44,975 INFO train epoch 180/200 batch 52/66 (79%) running_loss=0.3546
2026-09-24 12:38:48,584 INFO train epoch 180/200 batch 65/66 (98%) running_loss=0.3576
2026-09-24 12:38:48,811 INFO train epoch 180/200 batch 66/66 (100%) running_loss=0.3582
2026-09-24 12:38:51,354 INFO epoch 180/200 done: train_loss=0.3582 val_loss=0.1934 val_accuracy=0.9611 val_macro_f1=0.9469 val_macro_auc=0.9955 (checkpoint_metric=macro_auc)
2026-09-24 12:38:55,490 INFO train epoch 181/200 batch 13/66 (20%) running_loss=0.3605
2026-09-24 12:38:59,104 INFO train epoch 181/200 batch 26/66 (39%) running_loss=0.3628
2026-09-24 12:39:02,779 INFO train epoch 181/200 batch 39/66 (59%) running_loss=0.3584
2026-09-24 12:39:06,419 INFO train epoch 181/200 batch 52/66 (79%) running_loss=0.3562
2026-09-24 12:39:10,023 INFO train epoch 181/200 batch 65/66 (98%) running_loss=0.3543
2026-09-24 12:39:10,251 INFO train epoch 181/200 batch 66/66 (100%) running_loss=0.3547
2026-09-24 12:39:12,790 INFO epoch 181/200 done: train_loss=0.3547 val_loss=0.1923 val_accuracy=0.9631 val_macro_f1=0.9495 val_macro_auc=0.9956 (checkpoint_metric=macro_auc)
2026-09-24 12:39:16,932 INFO train epoch 182/200 batch 13/66 (20%) running_loss=0.3740
2026-09-24 12:39:20,547 INFO train epoch 182/200 batch 26/66 (39%) running_loss=0.3567
2026-09-24 12:39:24,155 INFO train epoch 182/200 batch 39/66 (59%) running_loss=0.3567
2026-09-24 12:39:27,957 INFO train epoch 182/200 batch 52/66 (79%) running_loss=0.3550
2026-09-24 12:39:31,554 INFO train epoch 182/200 batch 65/66 (98%) running_loss=0.3552
2026-09-24 12:39:31,782 INFO train epoch 182/200 batch 66/66 (100%) running_loss=0.3553
2026-09-24 12:39:34,313 INFO epoch 182/200 done: train_loss=0.3553 val_loss=0.1989 val_accuracy=0.9611 val_macro_f1=0.9472 val_macro_auc=0.9950 (checkpoint_metric=macro_auc)
2026-09-24 12:39:38,452 INFO train epoch 183/200 batch 13/66 (20%) running_loss=0.3371
2026-09-24 12:39:42,065 INFO train epoch 183/200 batch 26/66 (39%) running_loss=0.3437
2026-09-24 12:39:45,686 INFO train epoch 183/200 batch 39/66 (59%) running_loss=0.3560
2026-09-24 12:39:49,321 INFO train epoch 183/200 batch 52/66 (79%) running_loss=0.3562
2026-09-24 12:39:52,917 INFO train epoch 183/200 batch 65/66 (98%) running_loss=0.3565
2026-09-24 12:39:53,148 INFO train epoch 183/200 batch 66/66 (100%) running_loss=0.3561
2026-09-24 12:39:55,691 INFO epoch 183/200 done: train_loss=0.3561 val_loss=0.2005 val_accuracy=0.9652 val_macro_f1=0.9519 val_macro_auc=0.9952 (checkpoint_metric=macro_auc)
2026-09-24 12:39:59,839 INFO train epoch 184/200 batch 13/66 (20%) running_loss=0.3453
2026-09-24 12:40:03,502 INFO train epoch 184/200 batch 26/66 (39%) running_loss=0.3525
2026-09-24 12:40:07,107 INFO train epoch 184/200 batch 39/66 (59%) running_loss=0.3571
2026-09-24 12:40:10,710 INFO train epoch 184/200 batch 52/66 (79%) running_loss=0.3564
2026-09-24 12:40:14,309 INFO train epoch 184/200 batch 65/66 (98%) running_loss=0.3531
2026-09-24 12:40:14,544 INFO train epoch 184/200 batch 66/66 (100%) running_loss=0.3534
2026-09-24 12:40:17,093 INFO epoch 184/200 done: train_loss=0.3534 val_loss=0.2065 val_accuracy=0.9631 val_macro_f1=0.9499 val_macro_auc=0.9949 (checkpoint_metric=macro_auc)
2026-09-24 12:40:21,224 INFO train epoch 185/200 batch 13/66 (20%) running_loss=0.3379
2026-09-24 12:40:24,842 INFO train epoch 185/200 batch 26/66 (39%) running_loss=0.3550
2026-09-24 12:40:28,455 INFO train epoch 185/200 batch 39/66 (59%) running_loss=0.3601
2026-09-24 12:40:32,090 INFO train epoch 185/200 batch 52/66 (79%) running_loss=0.3606
2026-09-24 12:40:35,712 INFO train epoch 185/200 batch 65/66 (98%) running_loss=0.3582
2026-09-24 12:40:35,944 INFO train epoch 185/200 batch 66/66 (100%) running_loss=0.3579
2026-09-24 12:40:38,475 INFO epoch 185/200 done: train_loss=0.3579 val_loss=0.2054 val_accuracy=0.9652 val_macro_f1=0.9529 val_macro_auc=0.9948 (checkpoint_metric=macro_auc)
2026-09-24 12:40:42,848 INFO train epoch 186/200 batch 13/66 (20%) running_loss=0.3883
2026-09-24 12:40:46,506 INFO train epoch 186/200 batch 26/66 (39%) running_loss=0.3852
2026-09-24 12:40:50,178 INFO train epoch 186/200 batch 39/66 (59%) running_loss=0.3751
2026-09-24 12:40:53,796 INFO train epoch 186/200 batch 52/66 (79%) running_loss=0.3725
2026-09-24 12:40:57,409 INFO train epoch 186/200 batch 65/66 (98%) running_loss=0.3706
2026-09-24 12:40:57,637 INFO train epoch 186/200 batch 66/66 (100%) running_loss=0.3707
2026-09-24 12:41:00,174 INFO epoch 186/200 done: train_loss=0.3707 val_loss=0.1944 val_accuracy=0.9672 val_macro_f1=0.9545 val_macro_auc=0.9957 (checkpoint_metric=macro_auc)
2026-09-24 12:41:04,340 INFO train epoch 187/200 batch 13/66 (20%) running_loss=0.3613
2026-09-24 12:41:07,957 INFO train epoch 187/200 batch 26/66 (39%) running_loss=0.3659
2026-09-24 12:41:11,559 INFO train epoch 187/200 batch 39/66 (59%) running_loss=0.3652
2026-09-24 12:41:15,173 INFO train epoch 187/200 batch 52/66 (79%) running_loss=0.3690
2026-09-24 12:41:18,798 INFO train epoch 187/200 batch 65/66 (98%) running_loss=0.3637
2026-09-24 12:41:19,031 INFO train epoch 187/200 batch 66/66 (100%) running_loss=0.3637
2026-09-24 12:41:21,573 INFO epoch 187/200 done: train_loss=0.3637 val_loss=0.1941 val_accuracy=0.9631 val_macro_f1=0.9495 val_macro_auc=0.9954 (checkpoint_metric=macro_auc)
2026-09-24 12:41:25,716 INFO train epoch 188/200 batch 13/66 (20%) running_loss=0.3717
2026-09-24 12:41:29,327 INFO train epoch 188/200 batch 26/66 (39%) running_loss=0.3689
2026-09-24 12:41:32,930 INFO train epoch 188/200 batch 39/66 (59%) running_loss=0.3642
2026-09-24 12:41:36,556 INFO train epoch 188/200 batch 52/66 (79%) running_loss=0.3601
2026-09-24 12:41:40,372 INFO train epoch 188/200 batch 65/66 (98%) running_loss=0.3600
2026-09-24 12:41:40,600 INFO train epoch 188/200 batch 66/66 (100%) running_loss=0.3595
2026-09-24 12:41:43,149 INFO epoch 188/200 done: train_loss=0.3595 val_loss=0.1939 val_accuracy=0.9672 val_macro_f1=0.9545 val_macro_auc=0.9953 (checkpoint_metric=macro_auc)
2026-09-24 12:41:47,243 INFO train epoch 189/200 batch 13/66 (20%) running_loss=0.3396
2026-09-24 12:41:50,923 INFO train epoch 189/200 batch 26/66 (39%) running_loss=0.3438
2026-09-24 12:41:54,577 INFO train epoch 189/200 batch 39/66 (59%) running_loss=0.3428
2026-09-24 12:41:58,212 INFO train epoch 189/200 batch 52/66 (79%) running_loss=0.3500
2026-09-24 12:42:01,864 INFO train epoch 189/200 batch 65/66 (98%) running_loss=0.3504
2026-09-24 12:42:02,095 INFO train epoch 189/200 batch 66/66 (100%) running_loss=0.3502
2026-09-24 12:42:04,641 INFO epoch 189/200 done: train_loss=0.3502 val_loss=0.1942 val_accuracy=0.9672 val_macro_f1=0.9545 val_macro_auc=0.9956 (checkpoint_metric=macro_auc)
2026-09-24 12:42:08,751 INFO train epoch 190/200 batch 13/66 (20%) running_loss=0.3570
2026-09-24 12:42:12,356 INFO train epoch 190/200 batch 26/66 (39%) running_loss=0.3606
2026-09-24 12:42:15,987 INFO train epoch 190/200 batch 39/66 (59%) running_loss=0.3593
2026-09-24 12:42:19,582 INFO train epoch 190/200 batch 52/66 (79%) running_loss=0.3642
2026-09-24 12:42:23,200 INFO train epoch 190/200 batch 65/66 (98%) running_loss=0.3602
2026-09-24 12:42:23,427 INFO train epoch 190/200 batch 66/66 (100%) running_loss=0.3609
2026-09-24 12:42:25,963 INFO epoch 190/200 done: train_loss=0.3609 val_loss=0.1878 val_accuracy=0.9672 val_macro_f1=0.9545 val_macro_auc=0.9959 (checkpoint_metric=macro_auc)
2026-09-24 12:42:30,096 INFO train epoch 191/200 batch 13/66 (20%) running_loss=0.3474
2026-09-24 12:42:33,713 INFO train epoch 191/200 batch 26/66 (39%) running_loss=0.3572
2026-09-24 12:42:37,344 INFO train epoch 191/200 batch 39/66 (59%) running_loss=0.3507
2026-09-24 12:42:40,941 INFO train epoch 191/200 batch 52/66 (79%) running_loss=0.3514
2026-09-24 12:42:44,586 INFO train epoch 191/200 batch 65/66 (98%) running_loss=0.3544
2026-09-24 12:42:44,819 INFO train epoch 191/200 batch 66/66 (100%) running_loss=0.3545
2026-09-24 12:42:47,347 INFO epoch 191/200 done: train_loss=0.3545 val_loss=0.2052 val_accuracy=0.9672 val_macro_f1=0.9546 val_macro_auc=0.9954 (checkpoint_metric=macro_auc)
2026-09-24 12:42:51,664 INFO train epoch 192/200 batch 13/66 (20%) running_loss=0.3640
2026-09-24 12:42:55,281 INFO train epoch 192/200 batch 26/66 (39%) running_loss=0.3685
2026-09-24 12:42:58,907 INFO train epoch 192/200 batch 39/66 (59%) running_loss=0.3696
2026-09-24 12:43:02,517 INFO train epoch 192/200 batch 52/66 (79%) running_loss=0.3657
2026-09-24 12:43:06,118 INFO train epoch 192/200 batch 65/66 (98%) running_loss=0.3653
2026-09-24 12:43:06,344 INFO train epoch 192/200 batch 66/66 (100%) running_loss=0.3655
2026-09-24 12:43:08,889 INFO epoch 192/200 done: train_loss=0.3655 val_loss=0.2025 val_accuracy=0.9631 val_macro_f1=0.9502 val_macro_auc=0.9953 (checkpoint_metric=macro_auc)
2026-09-24 12:43:13,065 INFO train epoch 193/200 batch 13/66 (20%) running_loss=0.3546
2026-09-24 12:43:16,680 INFO train epoch 193/200 batch 26/66 (39%) running_loss=0.3684
2026-09-24 12:43:20,294 INFO train epoch 193/200 batch 39/66 (59%) running_loss=0.3647
2026-09-24 12:43:23,915 INFO train epoch 193/200 batch 52/66 (79%) running_loss=0.3593
2026-09-24 12:43:27,540 INFO train epoch 193/200 batch 65/66 (98%) running_loss=0.3582
2026-09-24 12:43:27,768 INFO train epoch 193/200 batch 66/66 (100%) running_loss=0.3588
2026-09-24 12:43:30,297 INFO epoch 193/200 done: train_loss=0.3588 val_loss=0.2014 val_accuracy=0.9693 val_macro_f1=0.9562 val_macro_auc=0.9954 (checkpoint_metric=macro_auc)
2026-09-24 12:43:34,442 INFO train epoch 194/200 batch 13/66 (20%) running_loss=0.3610
2026-09-24 12:43:38,027 INFO train epoch 194/200 batch 26/66 (39%) running_loss=0.3708
2026-09-24 12:43:41,629 INFO train epoch 194/200 batch 39/66 (59%) running_loss=0.3661
2026-09-24 12:43:45,274 INFO train epoch 194/200 batch 52/66 (79%) running_loss=0.3628
2026-09-24 12:43:49,081 INFO train epoch 194/200 batch 65/66 (98%) running_loss=0.3596
2026-09-24 12:43:49,311 INFO train epoch 194/200 batch 66/66 (100%) running_loss=0.3597
2026-09-24 12:43:51,851 INFO epoch 194/200 done: train_loss=0.3597 val_loss=0.1919 val_accuracy=0.9672 val_macro_f1=0.9545 val_macro_auc=0.9955 (checkpoint_metric=macro_auc)
2026-09-24 12:43:55,997 INFO train epoch 195/200 batch 13/66 (20%) running_loss=0.3572
2026-09-24 12:43:59,640 INFO train epoch 195/200 batch 26/66 (39%) running_loss=0.3471
2026-09-24 12:44:03,246 INFO train epoch 195/200 batch 39/66 (59%) running_loss=0.3448
2026-09-24 12:44:06,847 INFO train epoch 195/200 batch 52/66 (79%) running_loss=0.3484
2026-09-24 12:44:10,447 INFO train epoch 195/200 batch 65/66 (98%) running_loss=0.3491
2026-09-24 12:44:10,675 INFO train epoch 195/200 batch 66/66 (100%) running_loss=0.3494
2026-09-24 12:44:13,204 INFO epoch 195/200 done: train_loss=0.3494 val_loss=0.1994 val_accuracy=0.9672 val_macro_f1=0.9545 val_macro_auc=0.9955 (checkpoint_metric=macro_auc)
2026-09-24 12:44:17,309 INFO train epoch 196/200 batch 13/66 (20%) running_loss=0.3627
2026-09-24 12:44:20,914 INFO train epoch 196/200 batch 26/66 (39%) running_loss=0.3505
2026-09-24 12:44:24,507 INFO train epoch 196/200 batch 39/66 (59%) running_loss=0.3570
2026-09-24 12:44:28,104 INFO train epoch 196/200 batch 52/66 (79%) running_loss=0.3556
2026-09-24 12:44:31,705 INFO train epoch 196/200 batch 65/66 (98%) running_loss=0.3582
2026-09-24 12:44:31,931 INFO train epoch 196/200 batch 66/66 (100%) running_loss=0.3582
2026-09-24 12:44:34,462 INFO epoch 196/200 done: train_loss=0.3582 val_loss=0.1854 val_accuracy=0.9713 val_macro_f1=0.9600 val_macro_auc=0.9958 (checkpoint_metric=macro_auc)
2026-09-24 12:44:38,628 INFO train epoch 197/200 batch 13/66 (20%) running_loss=0.3586
2026-09-24 12:44:42,249 INFO train epoch 197/200 batch 26/66 (39%) running_loss=0.3512
2026-09-24 12:44:45,861 INFO train epoch 197/200 batch 39/66 (59%) running_loss=0.3516
2026-09-24 12:44:49,486 INFO train epoch 197/200 batch 52/66 (79%) running_loss=0.3499
2026-09-24 12:44:53,116 INFO train epoch 197/200 batch 65/66 (98%) running_loss=0.3536
2026-09-24 12:44:53,342 INFO train epoch 197/200 batch 66/66 (100%) running_loss=0.3533
2026-09-24 12:44:55,878 INFO epoch 197/200 done: train_loss=0.3533 val_loss=0.1993 val_accuracy=0.9672 val_macro_f1=0.9545 val_macro_auc=0.9953 (checkpoint_metric=macro_auc)
2026-09-24 12:45:00,017 INFO train epoch 198/200 batch 13/66 (20%) running_loss=0.3445
2026-09-24 12:45:03,791 INFO train epoch 198/200 batch 26/66 (39%) running_loss=0.3519
2026-09-24 12:45:07,379 INFO train epoch 198/200 batch 39/66 (59%) running_loss=0.3536
2026-09-24 12:45:10,969 INFO train epoch 198/200 batch 52/66 (79%) running_loss=0.3572
2026-09-24 12:45:14,570 INFO train epoch 198/200 batch 65/66 (98%) running_loss=0.3560
2026-09-24 12:45:14,804 INFO train epoch 198/200 batch 66/66 (100%) running_loss=0.3557
2026-09-24 12:45:17,326 INFO epoch 198/200 done: train_loss=0.3557 val_loss=0.1893 val_accuracy=0.9693 val_macro_f1=0.9573 val_macro_auc=0.9959 (checkpoint_metric=macro_auc)
2026-09-24 12:45:21,426 INFO train epoch 199/200 batch 13/66 (20%) running_loss=0.3506
2026-09-24 12:45:25,018 INFO train epoch 199/200 batch 26/66 (39%) running_loss=0.3497
2026-09-24 12:45:28,629 INFO train epoch 199/200 batch 39/66 (59%) running_loss=0.3495
2026-09-24 12:45:32,219 INFO train epoch 199/200 batch 52/66 (79%) running_loss=0.3494
2026-09-24 12:45:35,807 INFO train epoch 199/200 batch 65/66 (98%) running_loss=0.3532
2026-09-24 12:45:36,032 INFO train epoch 199/200 batch 66/66 (100%) running_loss=0.3530
2026-09-24 12:45:38,585 INFO epoch 199/200 done: train_loss=0.3530 val_loss=0.1935 val_accuracy=0.9672 val_macro_f1=0.9545 val_macro_auc=0.9955 (checkpoint_metric=macro_auc)
2026-09-24 12:45:42,729 INFO train epoch 200/200 batch 13/66 (20%) running_loss=0.3615
2026-09-24 12:45:46,368 INFO train epoch 200/200 batch 26/66 (39%) running_loss=0.3588
2026-09-24 12:45:49,961 INFO train epoch 200/200 batch 39/66 (59%) running_loss=0.3629
2026-09-24 12:45:53,566 INFO train epoch 200/200 batch 52/66 (79%) running_loss=0.3643
2026-09-24 12:45:57,338 INFO train epoch 200/200 batch 65/66 (98%) running_loss=0.3661
2026-09-24 12:45:57,568 INFO train epoch 200/200 batch 66/66 (100%) running_loss=0.3655
2026-09-24 12:46:00,115 INFO epoch 200/200 done: train_loss=0.3655 val_loss=0.1848 val_accuracy=0.9713 val_macro_f1=0.9610 val_macro_auc=0.9958 (checkpoint_metric=macro_auc)
2026-09-24 12:46:00,369 INFO Training finished. Best epoch=153, smoothed macro_auc=0.9959 (window=3)
2026-09-24 12:46:02,979 INFO Test set evaluated once: accuracy=0.8882 macro_f1=0.8764 macro_auc=0.9774
